"time","bottom_temp","sst","sss","zeta","dist_shore_km","dist_OC_km","dist_200m_km","dist_MO_km","dist_RTWB_km","dist_NB_km","depth_m"
2014-11-03,16.4925498962402,16.433837890625,32.9065475463867,-0.110582888126373,21.4,23.1,83.3,5.3,16.3,13.5,24
2014-11-04,16.0243282318115,15.9270029067993,32.5592155456543,-0.356263011693954,21.4,23.1,83.3,5.3,16.3,13.5,24
2014-11-05,16.3298854827881,15.8040990829468,32.3469429016113,-0.205422684550285,21.4,23.1,83.3,5.3,16.3,13.5,24
2014-11-06,16.3402996063232,15.7760725021362,32.2989311218262,-0.0765907540917397,21.4,23.1,83.3,5.3,16.3,13.5,24
2014-11-07,16.4564571380615,15.6833868026733,32.3380546569824,-0.129388049244881,21.4,23.1,83.3,5.3,16.3,13.5,24
2014-11-08,15.6370048522949,15.5243759155273,32.5873832702637,-0.225771546363831,21.4,23.1,83.3,5.3,16.3,13.5,24
2014-11-09,15.2807474136353,15.2008123397827,32.5318641662598,-0.200505435466766,21.4,23.1,83.3,5.3,16.3,13.5,24
2014-11-10,15.2592573165894,15.2002649307251,32.5308723449707,-0.148500367999077,21.4,23.1,83.3,5.3,16.3,13.5,24
2014-11-11,15.2432708740234,15.2463035583496,32.5549354553223,-0.0376884900033474,21.4,23.1,83.3,5.3,16.3,13.5,24
2014-11-12,14.8901968002319,15.0722122192383,32.4768257141113,-0.0129382712766528,21.4,23.1,83.3,5.3,16.3,13.5,24
2014-11-13,14.8472509384155,14.7933549880981,32.5156707763672,-0.021058714017272,21.4,23.1,83.3,5.3,16.3,13.5,24
2014-11-14,14.7735891342163,14.7311973571777,32.6887321472168,-0.0474142879247665,21.4,23.1,83.3,5.3,16.3,13.5,24
2014-11-15,14.276370048523,14.2285528182983,32.8496589660645,-0.18891604244709,21.4,23.1,83.3,5.3,16.3,13.5,24
2014-11-16,14.0750799179077,14.0230255126953,32.8689117431641,-0.1957967877388,21.4,23.1,83.3,5.3,16.3,13.5,24
2014-11-17,14.0574293136597,13.9522886276245,32.855712890625,-0.0323658101260662,21.4,23.1,83.3,5.3,16.3,13.5,24
2014-11-18,13.8795347213745,13.8149862289429,32.800464630127,-0.240562319755554,21.4,23.1,83.3,5.3,16.3,13.5,24
2014-11-19,12.924952507019,12.8613815307617,32.6204299926758,-0.460240334272385,21.4,23.1,83.3,5.3,16.3,13.5,24
2014-11-20,12.7507600784302,12.7157974243164,32.6936531066895,-0.326896488666534,21.4,23.1,83.3,5.3,16.3,13.5,24
2014-11-21,12.3210649490356,12.2972383499146,32.6706809997559,-0.370037794113159,21.4,23.1,83.3,5.3,16.3,13.5,24
2014-11-22,12.0107221603394,11.9628267288208,32.727367401123,-0.286000460386276,21.4,23.1,83.3,5.3,16.3,13.5,24
2014-11-23,11.6256637573242,11.5948905944824,32.6627388000488,-0.34139421582222,21.4,23.1,83.3,5.3,16.3,13.5,24
2014-11-24,11.820839881897,11.8551092147827,32.7538452148438,-0.0791266486048698,21.4,23.1,83.3,5.3,16.3,13.5,24
2014-11-25,12.4804191589355,11.812029838562,32.6698837280273,-0.0819034576416016,21.4,23.1,83.3,5.3,16.3,13.5,24
2014-11-26,12.4050951004028,11.8038816452026,32.6938438415527,0.0497228763997555,21.4,23.1,83.3,5.3,16.3,13.5,24
2014-11-27,12.6371955871582,12.5609092712402,32.6495208740234,0.094523511826992,21.4,23.1,83.3,5.3,16.3,13.5,24
2014-11-28,12.2303647994995,12.1667604446411,32.572696685791,-0.139544203877449,21.4,23.1,83.3,5.3,16.3,13.5,24
2014-11-29,11.880030632019,11.8109407424927,32.5499229431152,-0.119042433798313,21.4,23.1,83.3,5.3,16.3,13.5,24
2014-11-30,12.2301120758057,11.9202871322632,32.5948524475098,-0.599330544471741,21.4,23.1,83.3,5.3,16.3,13.5,24
2014-12-01,12.1741600036621,10.7066040039062,32.4582786560059,-0.160110160708427,21.4,23.1,83.3,5.3,16.3,13.5,24
2014-12-02,11.7386131286621,10.9911623001099,32.631519317627,-0.0790896341204643,21.4,23.1,83.3,5.3,16.3,13.5,24
2014-12-03,11.7465896606445,11.6936159133911,32.7971305847168,0.0291615072637796,21.4,23.1,83.3,5.3,16.3,13.5,24
2014-12-04,11.5538320541382,11.3795776367188,32.6469841003418,-0.199337527155876,21.4,23.1,83.3,5.3,16.3,13.5,24
2014-12-05,11.3384599685669,11.3243789672852,32.6581878662109,-0.128116309642792,21.4,23.1,83.3,5.3,16.3,13.5,24
2014-12-06,10.9101610183716,11.1601448059082,32.6671676635742,0.047938883304596,21.4,23.1,83.3,5.3,16.3,13.5,24
2014-12-07,11.0257272720337,10.9080934524536,32.6506690979004,0.0886706113815308,21.4,23.1,83.3,5.3,16.3,13.5,24
2014-12-08,10.766900062561,10.752854347229,32.9009895324707,0.307280629873276,21.4,23.1,83.3,5.3,16.3,13.5,24
2014-12-09,10.4615507125854,10.4662704467773,32.7804641723633,0.501197636127472,21.4,23.1,83.3,5.3,16.3,13.5,24
2014-12-10,10.0661153793335,10.018551826477,32.6041831970215,0.125669911503792,21.4,23.1,83.3,5.3,16.3,13.5,24
2014-12-11,9.71672344207764,9.48968982696533,32.4135856628418,-0.150712221860886,21.4,23.1,83.3,5.3,16.3,13.5,24
2014-12-12,9.25876712799072,8.33593940734863,31.9432830810547,-0.20868444442749,21.4,23.1,83.3,5.3,16.3,13.5,24
2014-12-13,9.05539035797119,8.28456211090088,32.0127182006836,-0.134330824017525,21.4,23.1,83.3,5.3,16.3,13.5,24
2014-12-14,8.74902534484863,8.22946071624756,32.0814094543457,-0.108108937740326,21.4,23.1,83.3,5.3,16.3,13.5,24
2014-12-15,8.62358570098877,8.4548282623291,32.3965644836426,-0.165634453296661,21.4,23.1,83.3,5.3,16.3,13.5,24
2014-12-16,8.8117151260376,7.7443790435791,31.7691192626953,-0.0788593739271164,21.4,23.1,83.3,5.3,16.3,13.5,24
2014-12-17,8.97893142700195,7.43884897232056,31.1018543243408,-0.0675656422972679,21.4,23.1,83.3,5.3,16.3,13.5,24
2014-12-18,9.00214195251465,8.07312488555908,31.1706447601318,-0.23222690820694,21.4,23.1,83.3,5.3,16.3,13.5,24
2014-12-19,9.24488830566406,7.83753347396851,31.4228534698486,-0.26898780465126,21.4,23.1,83.3,5.3,16.3,13.5,24
2014-12-20,9.33248615264893,7.96987962722778,31.7270069122314,-0.252844005823135,21.4,23.1,83.3,5.3,16.3,13.5,24
2014-12-21,9.56848335266113,7.83300971984863,31.7907409667969,-0.212449476122856,21.4,23.1,83.3,5.3,16.3,13.5,24
2014-12-22,9.36833953857422,7.79532241821289,31.8120059967041,-0.189550280570984,21.4,23.1,83.3,5.3,16.3,13.5,24
2014-12-23,9.0706148147583,8.15291881561279,31.8710155487061,-0.047965232282877,21.4,23.1,83.3,5.3,16.3,13.5,24
2014-12-24,8.1504716873169,8.32695293426514,31.8839492797852,-0.0288116242736578,21.4,23.1,83.3,5.3,16.3,13.5,24
2014-12-25,8.31209468841553,7.90781259536743,31.2144069671631,-0.15748792886734,21.4,23.1,83.3,5.3,16.3,13.5,24
2014-12-26,8.20755481719971,7.75967216491699,31.1245822906494,-0.380897969007492,21.4,23.1,83.3,5.3,16.3,13.5,24
2014-12-27,8.2270336151123,7.39621925354004,31.0343227386475,-0.309574335813522,21.4,23.1,83.3,5.3,16.3,13.5,24
2014-12-28,8.38465404510498,7.3313889503479,30.9838008880615,-0.213855430483818,21.4,23.1,83.3,5.3,16.3,13.5,24
2014-12-29,8.49330902099609,7.55119943618774,30.9922504425049,-0.209731936454773,21.4,23.1,83.3,5.3,16.3,13.5,24
2014-12-30,8.77543449401855,8.28976726531982,31.4267253875732,-0.168229162693024,21.4,23.1,83.3,5.3,16.3,13.5,24
2014-12-31,8.70522880554199,8.40555381774902,31.7173633575439,-0.588873565196991,21.4,23.1,83.3,5.3,16.3,13.5,24
2015-01-01,8.88879585266113,7.70271682739258,31.4232025146484,-0.2836112678051,21.4,23.1,83.3,5.3,16.3,13.5,24
2015-01-02,8.71814823150635,7.01970624923706,31.0317459106445,-0.45541501045227,21.4,23.1,83.3,5.3,16.3,13.5,24
2015-01-03,8.64232349395752,7.08111333847046,31.346061706543,-0.35977491736412,21.4,23.1,83.3,5.3,16.3,13.5,24
2015-01-04,8.8516149520874,7.3765983581543,31.5155277252197,-0.177098751068115,21.4,23.1,83.3,5.3,16.3,13.5,24
2015-01-05,9.07530212402344,7.75533676147461,31.9463596343994,-0.458118826150894,21.4,23.1,83.3,5.3,16.3,13.5,24
2015-01-06,9.05564022064209,7.87740850448608,32.1940879821777,-0.470445662736893,21.4,23.1,83.3,5.3,16.3,13.5,24
2015-01-07,9.05792903900146,7.70685911178589,32.2121620178223,-0.405506163835526,21.4,23.1,83.3,5.3,16.3,13.5,24
2015-01-08,7.24822759628296,6.72574996948242,32.5232963562012,-0.494720607995987,21.4,23.1,83.3,5.3,16.3,13.5,24
2015-01-09,6.33515214920044,6.27383470535278,32.5055389404297,-0.483511716127396,21.4,23.1,83.3,5.3,16.3,13.5,24
2015-01-10,6.46252489089966,6.37025880813599,32.5963401794434,-0.579429566860199,21.4,23.1,83.3,5.3,16.3,13.5,24
2015-01-11,5.2537636756897,5.02424001693726,32.4848937988281,-0.489806532859802,21.4,23.1,83.3,5.3,16.3,13.5,24
2015-01-12,5.52277374267578,5.09840106964111,32.4811477661133,-0.337242990732193,21.4,23.1,83.3,5.3,16.3,13.5,24
2015-01-13,5.58452987670898,5.15789842605591,32.4651374816895,-0.319049924612045,21.4,23.1,83.3,5.3,16.3,13.5,24
2015-01-14,6.72659301757812,6.71100425720215,32.7302894592285,-0.0823207572102547,21.4,23.1,83.3,5.3,16.3,13.5,24
2015-01-15,6.08721208572388,6.07451438903809,32.4482727050781,-0.128020092844963,21.4,23.1,83.3,5.3,16.3,13.5,24
2015-01-16,6.1909008026123,5.29620885848999,31.9912700653076,-0.326228827238083,21.4,23.1,83.3,5.3,16.3,13.5,24
2015-01-17,6.40354299545288,5.43099021911621,31.8492965698242,-0.404647976160049,21.4,23.1,83.3,5.3,16.3,13.5,24
2015-01-18,6.66319036483765,5.2532057762146,31.7301425933838,-0.23652982711792,21.4,23.1,83.3,5.3,16.3,13.5,24
2015-01-19,6.92197370529175,5.06259202957153,31.479642868042,-0.289076745510101,21.4,23.1,83.3,5.3,16.3,13.5,24
2015-01-20,6.43899774551392,4.67681217193604,31.5774097442627,-0.352308124303818,21.4,23.1,83.3,5.3,16.3,13.5,24
2015-01-21,6.1493034362793,4.99180221557617,31.822021484375,-0.326487749814987,21.4,23.1,83.3,5.3,16.3,13.5,24
2015-01-22,6.0621452331543,5.45244836807251,32.2719612121582,-0.278356164693832,21.4,23.1,83.3,5.3,16.3,13.5,24
2015-01-23,6.04214429855347,5.7857723236084,32.2206344604492,-0.238059937953949,21.4,23.1,83.3,5.3,16.3,13.5,24
2015-01-24,5.94529104232788,5.85568761825562,32.2660331726074,-0.0476561784744263,21.4,23.1,83.3,5.3,16.3,13.5,24
2015-01-25,6.10694885253906,5.41926717758179,32.1384468078613,-0.271255195140839,21.4,23.1,83.3,5.3,16.3,13.5,24
2015-01-26,5.6827449798584,4.53140592575073,31.6072540283203,-0.00743327522650361,21.4,23.1,83.3,5.3,16.3,13.5,24
2015-01-27,5.13160753250122,5.10796642303467,32.4799308776855,0.274413138628006,21.4,23.1,83.3,5.3,16.3,13.5,24
2015-01-28,4.64543676376343,4.59748220443726,32.5915565490723,-0.0113479271531105,21.4,23.1,83.3,5.3,16.3,13.5,24
2015-01-29,4.23193454742432,4.04380798339844,32.5072212219238,-0.191850960254669,21.4,23.1,83.3,5.3,16.3,13.5,24
2015-01-30,4.55307626724243,3.57869648933411,31.7607669830322,-0.153263315558434,21.4,23.1,83.3,5.3,16.3,13.5,24
2015-01-31,4.03396463394165,3.77484345436096,32.3935127258301,-0.400499105453491,21.4,23.1,83.3,5.3,16.3,13.5,24
2015-02-01,3.88494777679443,3.37139821052551,32.077709197998,-0.328339278697968,21.4,23.1,83.3,5.3,16.3,13.5,24
2015-02-02,4.38189649581909,3.21784949302673,31.6810970306396,-0.145303606987,21.4,23.1,83.3,5.3,16.3,13.5,24
2015-02-03,4.23553514480591,3.65128803253174,32.1959419250488,-0.401223987340927,21.4,23.1,83.3,5.3,16.3,13.5,24
2015-02-04,3.44512343406677,3.93683815002441,32.2284278869629,-0.354434877634048,21.4,23.1,83.3,5.3,16.3,13.5,24
2015-02-05,4.06601190567017,3.41509056091309,31.7634353637695,-0.302342861890793,21.4,23.1,83.3,5.3,16.3,13.5,24
2015-02-06,4.05838632583618,3.85365796089172,32.7068557739258,-0.380172103643417,21.4,23.1,83.3,5.3,16.3,13.5,24
2015-02-07,4.11730432510376,3.11604976654053,32.1670036315918,-0.365992903709412,21.4,23.1,83.3,5.3,16.3,13.5,24
2015-02-08,4.3039927482605,3.08737206459045,31.9971141815186,-0.174033641815186,21.4,23.1,83.3,5.3,16.3,13.5,24
2015-02-09,4.3018593788147,3.3533399105072,32.0809593200684,0.025499114766717,21.4,23.1,83.3,5.3,16.3,13.5,24
2015-02-10,2.77806973457336,2.77355647087097,32.6669845581055,0.213167145848274,21.4,23.1,83.3,5.3,16.3,13.5,24
2015-02-11,2.90518665313721,2.90025734901428,32.9403762817383,0.217396482825279,21.4,23.1,83.3,5.3,16.3,13.5,24
2015-02-12,3.11491179466248,2.79084992408752,32.788932800293,0.0736808255314827,21.4,23.1,83.3,5.3,16.3,13.5,24
2015-02-13,3.08319973945618,2.71196556091309,32.6056785583496,-0.194525301456451,21.4,23.1,83.3,5.3,16.3,13.5,24
2015-02-14,2.97879981994629,2.43241715431213,32.5575828552246,-0.114476226270199,21.4,23.1,83.3,5.3,16.3,13.5,24
2015-02-15,3.10880374908447,2.6339693069458,32.6528129577637,-0.279269248247147,21.4,23.1,83.3,5.3,16.3,13.5,24
2015-02-16,1.8735738992691,1.81101143360138,32.7972831726074,-0.397259622812271,21.4,23.1,83.3,5.3,16.3,13.5,24
2015-02-17,1.62155997753143,1.1559511423111,32.5105743408203,-0.239434167742729,21.4,23.1,83.3,5.3,16.3,13.5,24
2015-02-18,1.69234037399292,1.3314403295517,32.6635856628418,-0.119976818561554,21.4,23.1,83.3,5.3,16.3,13.5,24
2015-02-19,1.89585256576538,1.51520359516144,32.6436347961426,-0.261864215135574,21.4,23.1,83.3,5.3,16.3,13.5,24
2015-02-20,1.0916553735733,0.890977621078491,32.444522857666,-0.547845363616943,21.4,23.1,83.3,5.3,16.3,13.5,24
2015-02-21,1.25387632846832,0.550389587879181,32.2910346984863,-0.493035703897476,21.4,23.1,83.3,5.3,16.3,13.5,24
2015-02-22,2.06743288040161,1.95862197875977,32.3769111633301,-0.280996292829514,21.4,23.1,83.3,5.3,16.3,13.5,24
2015-02-23,2.06600117683411,1.8126939535141,32.2671012878418,-0.354272872209549,21.4,23.1,83.3,5.3,16.3,13.5,24
2015-02-24,1.80010163784027,1.57607269287109,32.5473213195801,-0.342712849378586,21.4,23.1,83.3,5.3,16.3,13.5,24
2015-02-25,1.92428874969482,1.45706808567047,32.2713356018066,-0.214159354567528,21.4,23.1,83.3,5.3,16.3,13.5,24
2015-02-26,2.07230877876282,1.65307033061981,32.3535614013672,-0.193482160568237,21.4,23.1,83.3,5.3,16.3,13.5,24
2015-02-27,2.37051320075989,2.01122570037842,32.5871620178223,-0.337137192487717,21.4,23.1,83.3,5.3,16.3,13.5,24
2015-02-28,1.70362365245819,1.40745580196381,32.1856727600098,-0.47630175948143,21.4,23.1,83.3,5.3,16.3,13.5,24
2015-03-01,1.75586569309235,1.52696669101715,32.3695411682129,-0.369469434022903,21.4,23.1,83.3,5.3,16.3,13.5,24
2015-03-02,1.87555420398712,1.53114235401154,32.0188827514648,-0.357616305351257,21.4,23.1,83.3,5.3,16.3,13.5,24
2015-03-03,2.9381902217865,2.18952584266663,31.6422786712646,-0.384499460458755,21.4,23.1,83.3,5.3,16.3,13.5,24
2015-03-04,3.21013164520264,2.32805514335632,31.4309921264648,-0.250233381986618,21.4,23.1,83.3,5.3,16.3,13.5,24
2015-03-05,3.3600766658783,2.35570335388184,31.3253116607666,-0.313161611557007,21.4,23.1,83.3,5.3,16.3,13.5,24
2015-03-06,2.47910571098328,1.99297416210175,32.5222587585449,-0.353925913572311,21.4,23.1,83.3,5.3,16.3,13.5,24
2015-03-07,2.05782914161682,1.39961004257202,32.2490425109863,-0.359960705041885,21.4,23.1,83.3,5.3,16.3,13.5,24
2015-03-08,2.36438417434692,1.64969336986542,31.3874568939209,-0.456839114427567,21.4,23.1,83.3,5.3,16.3,13.5,24
2015-03-09,2.90080142021179,3.02127766609192,31.2261047363281,-0.362571328878403,21.4,23.1,83.3,5.3,16.3,13.5,24
2015-03-10,3.08694648742676,3.46336531639099,31.1885223388672,-0.316591531038284,21.4,23.1,83.3,5.3,16.3,13.5,24
2015-03-11,3.22238373756409,3.90302729606628,31.0594787597656,-0.292740195989609,21.4,23.1,83.3,5.3,16.3,13.5,24
2015-03-12,2.46158647537231,2.36076641082764,31.2098865509033,-0.513940513134003,21.4,23.1,83.3,5.3,16.3,13.5,24
2015-03-13,2.56071305274963,2.46080422401428,31.4066829681396,-0.379370599985123,21.4,23.1,83.3,5.3,16.3,13.5,24
2015-03-14,2.5455915927887,2.64363789558411,31.6085739135742,-0.171214580535889,21.4,23.1,83.3,5.3,16.3,13.5,24
2015-03-15,2.74803948402405,2.6358859539032,31.6137447357178,-0.24694436788559,21.4,23.1,83.3,5.3,16.3,13.5,24
2015-03-16,2.92853927612305,3.19728589057922,31.7805233001709,-0.297662168741226,21.4,23.1,83.3,5.3,16.3,13.5,24
2015-03-17,3.27544188499451,3.49135851860046,31.863130569458,-0.113571532070637,21.4,23.1,83.3,5.3,16.3,13.5,24
2015-03-18,2.95843863487244,3.29571437835693,31.9949054718018,-0.356086134910583,21.4,23.1,83.3,5.3,16.3,13.5,24
2015-03-19,2.80425047874451,3.15681195259094,32.0663452148438,-0.43234121799469,21.4,23.1,83.3,5.3,16.3,13.5,24
2015-03-20,2.97773241996765,3.27622771263123,32.1554527282715,-0.243158891797066,21.4,23.1,83.3,5.3,16.3,13.5,24
2015-03-21,2.69082951545715,3.46057796478271,32.432445526123,-0.0678205862641335,21.4,23.1,83.3,5.3,16.3,13.5,24
2015-03-22,3.01495099067688,3.46508121490479,31.2164707183838,-0.227103993296623,21.4,23.1,83.3,5.3,16.3,13.5,24
2015-03-23,3.04260420799255,3.73189234733582,31.5736408233643,-0.256299167871475,21.4,23.1,83.3,5.3,16.3,13.5,24
2015-03-24,3.58709073066711,3.78501677513123,31.7228221893311,-0.378687500953674,21.4,23.1,83.3,5.3,16.3,13.5,24
2015-03-25,3.76826119422913,4.08474731445312,32.0889511108398,-0.321212530136108,21.4,23.1,83.3,5.3,16.3,13.5,24
2015-03-26,3.93219017982483,4.69067049026489,31.4102916717529,-0.188917621970177,21.4,23.1,83.3,5.3,16.3,13.5,24
2015-03-27,4.52544546127319,5.03593015670776,31.1416759490967,-0.151415064930916,21.4,23.1,83.3,5.3,16.3,13.5,24
2015-03-28,4.60546731948853,5.14855146408081,31.5919876098633,-0.198757708072662,21.4,23.1,83.3,5.3,16.3,13.5,24
2015-03-29,4.60258722305298,4.88224029541016,31.9425659179688,-0.225240215659142,21.4,23.1,83.3,5.3,16.3,13.5,24
2015-03-30,3.19321370124817,3.74035906791687,31.8677291870117,-0.204447880387306,21.4,23.1,83.3,5.3,16.3,13.5,24
2015-03-31,3.44393444061279,3.80669713020325,31.4164485931396,-0.19042082130909,21.4,23.1,83.3,5.3,16.3,13.5,24
2015-04-01,3.55623149871826,4.20574855804443,31.5448703765869,-0.220321834087372,21.4,23.1,83.3,5.3,16.3,13.5,24
2015-04-02,2.97273135185242,4.41178274154663,31.6251010894775,-0.265233218669891,21.4,23.1,83.3,5.3,16.3,13.5,24
2015-04-03,3.29708886146545,4.21937608718872,31.592752456665,-0.312347143888474,21.4,23.1,83.3,5.3,16.3,13.5,24
2015-04-04,3.80070662498474,4.79922819137573,31.8326511383057,-0.349334210157394,21.4,23.1,83.3,5.3,16.3,13.5,24
2015-04-05,4.20666074752808,5.30336284637451,31.8958282470703,-0.432847291231155,21.4,23.1,83.3,5.3,16.3,13.5,24
2015-04-06,4.46627426147461,5.59971475601196,31.7870922088623,-0.414600253105164,21.4,23.1,83.3,5.3,16.3,13.5,24
2015-04-07,4.74833917617798,5.94874238967896,31.8730869293213,-0.312004178762436,21.4,23.1,83.3,5.3,16.3,13.5,24
2015-04-08,5.11598348617554,6.64470481872559,31.759744644165,-0.152199909090996,21.4,23.1,83.3,5.3,16.3,13.5,24
2015-04-09,4.3411750793457,6.98066902160645,31.3455219268799,-0.0578483641147614,21.4,23.1,83.3,5.3,16.3,13.5,24
2015-04-10,4.58279895782471,6.96848678588867,31.564567565918,-0.0282977689057589,21.4,23.1,83.3,5.3,16.3,13.5,24
2015-04-11,4.07543754577637,6.39010381698608,31.6118392944336,-0.227793499827385,21.4,23.1,83.3,5.3,16.3,13.5,24
2015-04-12,4.14382410049438,6.72573709487915,31.617166519165,-0.36206579208374,21.4,23.1,83.3,5.3,16.3,13.5,24
2015-04-13,4.31902074813843,7.18173456192017,31.5506267547607,-0.280000507831573,21.4,23.1,83.3,5.3,16.3,13.5,24
2015-04-14,4.32818269729614,7.2272777557373,31.3423824310303,-0.264438092708588,21.4,23.1,83.3,5.3,16.3,13.5,24
2015-04-15,4.39207935333252,7.54972887039185,31.5171985626221,-0.298329085111618,21.4,23.1,83.3,5.3,16.3,13.5,24
2015-04-16,4.51676750183105,8.10383701324463,31.5576267242432,-0.330740809440613,21.4,23.1,83.3,5.3,16.3,13.5,24
2015-04-17,4.87397289276123,8.78747844696045,31.5032520294189,-0.248936012387276,21.4,23.1,83.3,5.3,16.3,13.5,24
2015-04-18,5.00534009933472,9.33916568756104,31.4158172607422,-0.302537739276886,21.4,23.1,83.3,5.3,16.3,13.5,24
2015-04-19,5.10412168502808,9.60099124908447,31.4847240447998,-0.236516311764717,21.4,23.1,83.3,5.3,16.3,13.5,24
2015-04-20,3.96591281890869,8.46877861022949,31.6192321777344,-0.0335810221731663,21.4,23.1,83.3,5.3,16.3,13.5,24
2015-04-21,3.98966097831726,8.68271827697754,31.1864376068115,-0.0673328414559364,21.4,23.1,83.3,5.3,16.3,13.5,24
2015-04-22,4.11834144592285,9.21240711212158,30.977294921875,-0.116823099553585,21.4,23.1,83.3,5.3,16.3,13.5,24
2015-04-23,5.35057210922241,9.31967258453369,31.2849655151367,-0.153059840202332,21.4,23.1,83.3,5.3,16.3,13.5,24
2015-04-24,5.68426942825317,9.09473323822021,31.5076923370361,-0.235168993473053,21.4,23.1,83.3,5.3,16.3,13.5,24
2015-04-25,5.94016790390015,9.06403350830078,31.7417678833008,-0.155852168798447,21.4,23.1,83.3,5.3,16.3,13.5,24
2015-04-26,5.69829368591309,8.78438663482666,31.8308162689209,-0.060175683349371,21.4,23.1,83.3,5.3,16.3,13.5,24
2015-04-27,5.8314995765686,9.15720176696777,31.8073883056641,-0.0619269274175167,21.4,23.1,83.3,5.3,16.3,13.5,24
2015-04-28,6.07564735412598,9.4375696182251,31.7246627807617,-0.138756230473518,21.4,23.1,83.3,5.3,16.3,13.5,24
2015-04-29,6.37326622009277,10.3336935043335,31.2346858978271,-0.105553425848484,21.4,23.1,83.3,5.3,16.3,13.5,24
2015-04-30,6.49319648742676,11.5129432678223,29.0526428222656,-0.035705704241991,21.4,23.1,83.3,5.3,16.3,13.5,24
2015-05-01,6.46753644943237,11.440432548523,30.0599765777588,-0.00885150115936995,21.4,23.1,83.3,5.3,16.3,13.5,24
2015-05-02,5.55769729614258,9.45212459564209,31.9764957427979,-0.0496647097170353,21.4,23.1,83.3,5.3,16.3,13.5,24
2015-05-03,5.60532140731812,10.3656663894653,31.0280590057373,-0.172550395131111,21.4,23.1,83.3,5.3,16.3,13.5,24
2015-05-04,5.9173641204834,11.6661767959595,29.6863574981689,-0.255571573972702,21.4,23.1,83.3,5.3,16.3,13.5,24
2015-05-05,6.26737451553345,12.1661834716797,29.8360900878906,-0.316052466630936,21.4,23.1,83.3,5.3,16.3,13.5,24
2015-05-06,6.72111940383911,12.6602716445923,30.4179744720459,-0.315007120370865,21.4,23.1,83.3,5.3,16.3,13.5,24
2015-05-07,6.7060604095459,13.2248840332031,30.5845279693604,-0.255658507347107,21.4,23.1,83.3,5.3,16.3,13.5,24
2015-05-08,6.73591470718384,14.4648056030273,30.7768173217773,-0.242348298430443,21.4,23.1,83.3,5.3,16.3,13.5,24
2015-05-09,6.67761564254761,14.9811058044434,30.8037128448486,-0.174924358725548,21.4,23.1,83.3,5.3,16.3,13.5,24
2015-05-10,6.37134408950806,15.3904342651367,30.7213363647461,-0.149208351969719,21.4,23.1,83.3,5.3,16.3,13.5,24
2015-05-11,7.17327356338501,16.0219573974609,30.4797992706299,-0.157435908913612,21.4,23.1,83.3,5.3,16.3,13.5,24
2015-05-12,7.2718358039856,16.5293521881104,30.915641784668,-0.117934316396713,21.4,23.1,83.3,5.3,16.3,13.5,24
2015-05-13,7.36307668685913,14.1261682510376,31.3468627929688,-0.284854114055634,21.4,23.1,83.3,5.3,16.3,13.5,24
2015-05-14,7.2022852897644,12.9798431396484,31.5542316436768,-0.28424260020256,21.4,23.1,83.3,5.3,16.3,13.5,24
2015-05-15,6.7916407585144,13.4015951156616,31.6245651245117,-0.290118902921677,21.4,23.1,83.3,5.3,16.3,13.5,24
2015-05-16,6.73469543457031,13.9252662658691,31.768684387207,-0.232926726341248,21.4,23.1,83.3,5.3,16.3,13.5,24
2015-05-17,7.72379875183105,15.4584169387817,31.5942821502686,-0.255034655332565,21.4,23.1,83.3,5.3,16.3,13.5,24
2015-05-18,7.91336393356323,16.0344753265381,31.5743408203125,-0.19274777173996,21.4,23.1,83.3,5.3,16.3,13.5,24
2015-05-19,7.84055709838867,16.6818561553955,31.6085605621338,-0.0739340260624886,21.4,23.1,83.3,5.3,16.3,13.5,24
2015-05-20,9.38699531555176,16.3233013153076,31.7027187347412,-0.116897292435169,21.4,23.1,83.3,5.3,16.3,13.5,24
2015-05-21,9.66091728210449,15.5793142318726,31.8460636138916,-0.114013612270355,21.4,23.1,83.3,5.3,16.3,13.5,24
2015-05-22,9.78059101104736,14.8565721511841,32.0581817626953,-0.120474956929684,21.4,23.1,83.3,5.3,16.3,13.5,24
2015-05-23,10.5494346618652,14.7208642959595,32.5029029846191,-0.294228106737137,21.4,23.1,83.3,5.3,16.3,13.5,24
2015-05-24,10.5305871963501,15.0483770370483,32.3877716064453,-0.319636523723602,21.4,23.1,83.3,5.3,16.3,13.5,24
2015-05-25,10.8084058761597,16.1139049530029,32.0562591552734,-0.347342610359192,21.4,23.1,83.3,5.3,16.3,13.5,24
2015-05-26,11.0650949478149,16.6695022583008,32.123779296875,-0.332159578800201,21.4,23.1,83.3,5.3,16.3,13.5,24
2015-05-27,11.3579177856445,16.9967823028564,32.0344429016113,-0.320036619901657,21.4,23.1,83.3,5.3,16.3,13.5,24
2015-05-28,11.7360877990723,16.8183708190918,32.2925148010254,-0.289343267679214,21.4,23.1,83.3,5.3,16.3,13.5,24
2015-05-29,12.9294319152832,17.922700881958,32.3827362060547,-0.320484310388565,21.4,23.1,83.3,5.3,16.3,13.5,24
2015-05-30,13.0912828445435,18.5544815063477,32.4774513244629,-0.270287454128265,21.4,23.1,83.3,5.3,16.3,13.5,24
2015-05-31,13.0733709335327,18.2190990447998,32.6641159057617,-0.2677943110466,21.4,23.1,83.3,5.3,16.3,13.5,24
2015-06-01,13.6630392074585,18.4222640991211,32.7148399353027,-0.247332111001015,21.4,23.1,83.3,5.3,16.3,13.5,24
2015-06-02,13.6037435531616,18.5858783721924,32.7994346618652,-0.108855612576008,21.4,23.1,83.3,5.3,16.3,13.5,24
2015-06-03,13.4513063430786,18.7576313018799,32.6360359191895,-0.00318631529808044,21.4,23.1,83.3,5.3,16.3,13.5,24
2015-06-04,14.2487268447876,17.6116542816162,32.3858642578125,-0.0159503426402807,21.4,23.1,83.3,5.3,16.3,13.5,24
2015-06-05,15.5382261276245,17.6150035858154,32.1409645080566,-0.00511565012857318,21.4,23.1,83.3,5.3,16.3,13.5,24
2015-06-06,15.9191083908081,17.266809463501,32.0550804138184,-0.0492975525557995,21.4,23.1,83.3,5.3,16.3,13.5,24
2015-06-07,15.3116388320923,17.2888813018799,32.0762825012207,-0.107859969139099,21.4,23.1,83.3,5.3,16.3,13.5,24
2015-06-08,14.4615926742554,17.6043567657471,32.1273155212402,-0.113553546369076,21.4,23.1,83.3,5.3,16.3,13.5,24
2015-06-09,13.0477256774902,17.8239345550537,32.3106231689453,-0.134241536259651,21.4,23.1,83.3,5.3,16.3,13.5,24
2015-06-10,12.009162902832,18.5363330841064,32.3819618225098,-0.104536615312099,21.4,23.1,83.3,5.3,16.3,13.5,24
2015-06-11,11.9438104629517,18.8343086242676,32.2599296569824,-0.133824586868286,21.4,23.1,83.3,5.3,16.3,13.5,24
2015-06-12,12.0610246658325,18.8599300384521,32.1866683959961,-0.187971651554108,21.4,23.1,83.3,5.3,16.3,13.5,24
2015-06-13,13.2392663955688,19.5198707580566,32.0312347412109,-0.198401346802711,21.4,23.1,83.3,5.3,16.3,13.5,24
2015-06-14,13.3502531051636,20.6501369476318,32.0914764404297,-0.199040487408638,21.4,23.1,83.3,5.3,16.3,13.5,24
2015-06-15,13.2105484008789,20.7672138214111,32.0666389465332,-0.143340513110161,21.4,23.1,83.3,5.3,16.3,13.5,24
2015-06-16,13.3069524765015,21.1232318878174,32.0237121582031,-0.116933703422546,21.4,23.1,83.3,5.3,16.3,13.5,24
2015-06-17,13.321063041687,21.925012588501,31.9173908233643,-0.176690086722374,21.4,23.1,83.3,5.3,16.3,13.5,24
2015-06-18,13.17125415802,21.7734680175781,31.956750869751,-0.146811574697495,21.4,23.1,83.3,5.3,16.3,13.5,24
2015-06-19,13.711802482605,22.0256366729736,31.8023738861084,-0.120994426310062,21.4,23.1,83.3,5.3,16.3,13.5,24
2015-06-20,13.6925268173218,22.7661113739014,31.6728649139404,-0.11655642837286,21.4,23.1,83.3,5.3,16.3,13.5,24
2015-06-21,13.3903770446777,22.2240982055664,31.5939846038818,-0.0608819872140884,21.4,23.1,83.3,5.3,16.3,13.5,24
2015-06-22,12.9328422546387,22.6964054107666,31.423849105835,-0.180519461631775,21.4,23.1,83.3,5.3,16.3,13.5,24
2015-06-23,12.5518198013306,22.441198348999,31.4110202789307,-0.157613441348076,21.4,23.1,83.3,5.3,16.3,13.5,24
2015-06-24,12.3387451171875,22.2176971435547,31.6839160919189,-0.163648352026939,21.4,23.1,83.3,5.3,16.3,13.5,24
2015-06-25,12.7044134140015,22.4776992797852,31.5359554290771,-0.158887341618538,21.4,23.1,83.3,5.3,16.3,13.5,24
2015-06-26,12.5329694747925,22.8856830596924,31.2443466186523,-0.0754749849438667,21.4,23.1,83.3,5.3,16.3,13.5,24
2015-06-27,12.5192365646362,22.4343776702881,31.3741474151611,-0.0206666346639395,21.4,23.1,83.3,5.3,16.3,13.5,24
2015-06-28,12.1133298873901,21.71435546875,31.2463226318359,0.0404830984771252,21.4,23.1,83.3,5.3,16.3,13.5,24
2015-06-29,12.1916608810425,22.3520641326904,30.8038940429688,-0.133012041449547,21.4,23.1,83.3,5.3,16.3,13.5,24
2015-06-30,12.0864639282227,22.6605167388916,30.938814163208,-0.108600109815598,21.4,23.1,83.3,5.3,16.3,13.5,24
2015-07-01,13.1049003601074,22.2462463378906,31.1976337432861,-0.0747103318572044,21.4,23.1,83.3,5.3,16.3,13.5,24
2015-07-02,13.0539855957031,22.1303386688232,31.410982131958,-0.0985055342316628,21.4,23.1,83.3,5.3,16.3,13.5,24
2015-07-03,13.1084775924683,22.5910129547119,31.2533664703369,-0.0650061890482903,21.4,23.1,83.3,5.3,16.3,13.5,24
2015-07-04,13.3650856018066,22.5318431854248,31.1190738677979,-0.0448721013963223,21.4,23.1,83.3,5.3,16.3,13.5,24
2015-07-05,13.2799081802368,22.4558544158936,30.9049224853516,-0.0994270518422127,21.4,23.1,83.3,5.3,16.3,13.5,24
2015-07-06,13.3080034255981,22.3290920257568,30.7117004394531,-0.123405784368515,21.4,23.1,83.3,5.3,16.3,13.5,24
2015-07-07,13.7061223983765,23.0137805938721,30.7332096099854,-0.097171001136303,21.4,23.1,83.3,5.3,16.3,13.5,24
2015-07-08,13.4238767623901,23.3597316741943,31.0216369628906,-0.112726829946041,21.4,23.1,83.3,5.3,16.3,13.5,24
2015-07-09,13.0371446609497,23.4186706542969,31.2640361785889,-0.0743874236941338,21.4,23.1,83.3,5.3,16.3,13.5,24
2015-07-10,14.0129690170288,23.6052646636963,31.3048915863037,-0.037304662168026,21.4,23.1,83.3,5.3,16.3,13.5,24
2015-07-11,14.1598501205444,23.7957992553711,31.3814678192139,-0.0619673877954483,21.4,23.1,83.3,5.3,16.3,13.5,24
2015-07-12,14.0537605285645,23.8872604370117,31.3606433868408,-0.0735358893871307,21.4,23.1,83.3,5.3,16.3,13.5,24
2015-07-13,14.0715284347534,24.3054141998291,31.4132099151611,-0.0445090532302856,21.4,23.1,83.3,5.3,16.3,13.5,24
2015-07-14,13.8247833251953,24.2774753570557,31.4446353912354,-0.0102403433993459,21.4,23.1,83.3,5.3,16.3,13.5,24
2015-07-15,13.6342134475708,23.9289798736572,31.5011119842529,0.013594419695437,21.4,23.1,83.3,5.3,16.3,13.5,24
2015-07-16,15.4429512023926,23.9424438476562,31.503454208374,0.0196051951497793,21.4,23.1,83.3,5.3,16.3,13.5,24
2015-07-17,15.7326927185059,23.4351062774658,31.6531982421875,-0.0533918030560017,21.4,23.1,83.3,5.3,16.3,13.5,24
2015-07-18,15.3555936813354,23.8792343139648,31.4175205230713,-0.0359929725527763,21.4,23.1,83.3,5.3,16.3,13.5,24
2015-07-19,15.4868478775024,24.9505672454834,31.3575344085693,-0.0635787174105644,21.4,23.1,83.3,5.3,16.3,13.5,24
2015-07-20,15.21142578125,25.4280014038086,31.4374141693115,-0.0462574847042561,21.4,23.1,83.3,5.3,16.3,13.5,24
2015-07-21,15.0712213516235,25.7323970794678,31.5031757354736,0.014324220828712,21.4,23.1,83.3,5.3,16.3,13.5,24
2015-07-22,15.4737510681152,25.0275020599365,31.4067916870117,-0.0101928962394595,21.4,23.1,83.3,5.3,16.3,13.5,24
2015-07-23,15.4077920913696,24.9599933624268,31.459228515625,-0.0694092214107513,21.4,23.1,83.3,5.3,16.3,13.5,24
2015-07-24,15.5701379776001,25.0702533721924,31.5127696990967,-0.0514786653220654,21.4,23.1,83.3,5.3,16.3,13.5,24
2015-07-25,15.9114217758179,25.2155456542969,31.7146091461182,-0.0517852269113064,21.4,23.1,83.3,5.3,16.3,13.5,24
2015-07-26,15.8793611526489,24.88671875,31.6527805328369,-0.051665186882019,21.4,23.1,83.3,5.3,16.3,13.5,24
2015-07-27,15.6643953323364,24.8755207061768,31.5884494781494,-0.0498071163892746,21.4,23.1,83.3,5.3,16.3,13.5,24
2015-07-28,17.9429569244385,25.0738391876221,31.6550426483154,-0.0841676294803619,21.4,23.1,83.3,5.3,16.3,13.5,24
2015-07-29,17.9103507995605,25.2406692504883,31.7345104217529,-0.125025138258934,21.4,23.1,83.3,5.3,16.3,13.5,24
2015-07-30,17.8093509674072,24.7674407958984,31.9154644012451,-0.144289240241051,21.4,23.1,83.3,5.3,16.3,13.5,24
2015-07-31,19.0241222381592,25.2502727508545,32.3084564208984,-0.0917292907834053,21.4,23.1,83.3,5.3,16.3,13.5,24
2015-08-01,19.4059009552002,25.5499038696289,32.4833984375,-0.110499538481236,21.4,23.1,83.3,5.3,16.3,13.5,24
2015-08-02,19.3162803649902,25.4372119903564,32.6131019592285,-0.105775959789753,21.4,23.1,83.3,5.3,16.3,13.5,24
2015-08-03,20.3839931488037,25.7941226959229,32.6386299133301,-0.0752489566802979,21.4,23.1,83.3,5.3,16.3,13.5,24
2015-08-04,19.9817638397217,25.0732040405273,32.4316368103027,-0.149238154292107,21.4,23.1,83.3,5.3,16.3,13.5,24
2015-08-05,19.8942012786865,24.7649936676025,33.1025924682617,-0.133516132831573,21.4,23.1,83.3,5.3,16.3,13.5,24
2015-08-06,21.8188037872314,26.1997680664062,33.0354804992676,-0.0638535618782043,21.4,23.1,83.3,5.3,16.3,13.5,24
2015-08-07,22.0088787078857,26.6070308685303,33.0580635070801,-0.0146992271766067,21.4,23.1,83.3,5.3,16.3,13.5,24
2015-08-08,21.8856678009033,26.6836643218994,33.1378326416016,0.0677222311496735,21.4,23.1,83.3,5.3,16.3,13.5,24
2015-08-09,19.463399887085,24.8992862701416,32.7827453613281,0.0740712732076645,21.4,23.1,83.3,5.3,16.3,13.5,24
2015-08-10,19.348690032959,24.5331478118896,32.4942436218262,0.0204133186489344,21.4,23.1,83.3,5.3,16.3,13.5,24
2015-08-11,18.5939998626709,24.1270389556885,32.2691802978516,-0.0126954466104507,21.4,23.1,83.3,5.3,16.3,13.5,24
2015-08-12,17.4082832336426,23.9675159454346,32.1782073974609,-0.035586278885603,21.4,23.1,83.3,5.3,16.3,13.5,24
2015-08-13,17.146993637085,24.4422302246094,32.1954345703125,-0.0878095254302025,21.4,23.1,83.3,5.3,16.3,13.5,24
2015-08-14,17.061544418335,24.5557346343994,32.1794586181641,-0.114025555551052,21.4,23.1,83.3,5.3,16.3,13.5,24
2015-08-15,16.8660068511963,24.5700073242188,32.348934173584,-0.140317380428314,21.4,23.1,83.3,5.3,16.3,13.5,24
2015-08-16,16.6452922821045,24.7976512908936,32.2629470825195,-0.13925464451313,21.4,23.1,83.3,5.3,16.3,13.5,24
2015-08-17,16.2774448394775,25.0000171661377,32.2419013977051,-0.129200205206871,21.4,23.1,83.3,5.3,16.3,13.5,24
2015-08-18,14.980206489563,25.2479000091553,32.479808807373,-0.122174076735973,21.4,23.1,83.3,5.3,16.3,13.5,24
2015-08-19,14.6961708068848,25.6908798217773,32.5078048706055,-0.108445860445499,21.4,23.1,83.3,5.3,16.3,13.5,24
2015-08-20,15.2025022506714,25.9063739776611,32.5426025390625,-0.0616952963173389,21.4,23.1,83.3,5.3,16.3,13.5,24
2015-08-21,14.6353149414062,25.5593643188477,32.6578521728516,-0.0592897422611713,21.4,23.1,83.3,5.3,16.3,13.5,24
2015-08-22,15.1110982894897,25.7680511474609,32.6611251831055,-0.100532956421375,21.4,23.1,83.3,5.3,16.3,13.5,24
2015-08-23,15.6257820129395,25.5608654022217,32.6579627990723,-0.095582902431488,21.4,23.1,83.3,5.3,16.3,13.5,24
2015-08-24,14.796459197998,25.659029006958,32.5506553649902,-0.0556646585464478,21.4,23.1,83.3,5.3,16.3,13.5,24
2015-08-25,14.3765935897827,25.2871322631836,32.4665336608887,-0.0223788097500801,21.4,23.1,83.3,5.3,16.3,13.5,24
2015-08-26,14.4718580245972,25.4085788726807,32.4421844482422,-0.0257929507642984,21.4,23.1,83.3,5.3,16.3,13.5,24
2015-08-27,15.6669387817383,25.0351734161377,32.3904457092285,-0.119407087564468,21.4,23.1,83.3,5.3,16.3,13.5,24
2015-08-28,16.2793598175049,24.7427577972412,32.3797569274902,-0.143485873937607,21.4,23.1,83.3,5.3,16.3,13.5,24
2015-08-29,16.3999729156494,24.5233211517334,32.3193016052246,-0.132846459746361,21.4,23.1,83.3,5.3,16.3,13.5,24
2015-08-30,17.0300159454346,24.9367828369141,32.3738594055176,-0.100472152233124,21.4,23.1,83.3,5.3,16.3,13.5,24
2015-08-31,16.5059986114502,25.052131652832,32.1808967590332,-0.0770581066608429,21.4,23.1,83.3,5.3,16.3,13.5,24
2015-09-01,15.7149438858032,25.6378917694092,32.4802742004395,-0.013558535836637,21.4,23.1,83.3,5.3,16.3,13.5,24
2015-09-02,14.9494142532349,25.810676574707,32.5676078796387,0.037817444652319,21.4,23.1,83.3,5.3,16.3,13.5,24
2015-09-03,15.6769742965698,25.8990936279297,32.4452781677246,0.0880988240242004,21.4,23.1,83.3,5.3,16.3,13.5,24
2015-09-04,15.8984041213989,26.0004119873047,32.3765449523926,0.109733439981937,21.4,23.1,83.3,5.3,16.3,13.5,24
2015-09-05,18.7032985687256,25.5484676361084,32.1269149780273,0.161083951592445,21.4,23.1,83.3,5.3,16.3,13.5,24
2015-09-06,19.4530143737793,24.963752746582,31.9536361694336,0.0699228495359421,21.4,23.1,83.3,5.3,16.3,13.5,24
2015-09-07,19.5490894317627,24.9241428375244,31.9062633514404,-0.0094266589730978,21.4,23.1,83.3,5.3,16.3,13.5,24
2015-09-08,19.3724460601807,25.0589580535889,31.8413066864014,-0.0863194391131401,21.4,23.1,83.3,5.3,16.3,13.5,24
2015-09-09,18.3465957641602,25.4599437713623,31.729944229126,-0.048014085739851,21.4,23.1,83.3,5.3,16.3,13.5,24
2015-09-10,16.9880123138428,25.8668727874756,31.8039608001709,0.0174750164151192,21.4,23.1,83.3,5.3,16.3,13.5,24
2015-09-11,17.101842880249,25.7114105224609,31.7061786651611,0.0300348270684481,21.4,23.1,83.3,5.3,16.3,13.5,24
2015-09-12,17.0077934265137,25.2883014678955,31.6998805999756,0.0645012557506561,21.4,23.1,83.3,5.3,16.3,13.5,24
2015-09-13,16.4291534423828,24.8849182128906,31.6741962432861,0.106024079024792,21.4,23.1,83.3,5.3,16.3,13.5,24
2015-09-14,16.9077644348145,23.8629684448242,31.6405334472656,-0.0193865690380335,21.4,23.1,83.3,5.3,16.3,13.5,24
2015-09-15,17.5489692687988,23.7772769927979,31.7853469848633,-0.0560177974402905,21.4,23.1,83.3,5.3,16.3,13.5,24
2015-09-16,17.2170486450195,24.115816116333,31.921257019043,0.0267088115215302,21.4,23.1,83.3,5.3,16.3,13.5,24
2015-09-17,15.7064638137817,23.804801940918,32.0757484436035,-0.0329839624464512,21.4,23.1,83.3,5.3,16.3,13.5,24
2015-09-18,15.7894601821899,23.6495819091797,32.1323509216309,0.023341765627265,21.4,23.1,83.3,5.3,16.3,13.5,24
2015-09-19,15.9036140441895,23.9096908569336,32.1816825866699,0.0397439487278461,21.4,23.1,83.3,5.3,16.3,13.5,24
2015-09-20,16.7299613952637,24.5293426513672,32.1734886169434,0.0709405988454819,21.4,23.1,83.3,5.3,16.3,13.5,24
2015-09-21,18.8071975708008,24.0043163299561,32.010627746582,0.0722527354955673,21.4,23.1,83.3,5.3,16.3,13.5,24
2015-09-22,21.1825847625732,23.3039569854736,31.6629695892334,0.176383391022682,21.4,23.1,83.3,5.3,16.3,13.5,24
2015-09-23,21.0844879150391,21.5043334960938,31.4680995941162,0.131591945886612,21.4,23.1,83.3,5.3,16.3,13.5,24
2015-09-24,21.1543979644775,21.1406764984131,31.6530323028564,0.0561925955116749,21.4,23.1,83.3,5.3,16.3,13.5,24
2015-09-25,21.4088115692139,21.4082126617432,31.8309535980225,0.111243568360806,21.4,23.1,83.3,5.3,16.3,13.5,24
2015-09-26,22.1218547821045,22.1173915863037,31.935510635376,0.130986079573631,21.4,23.1,83.3,5.3,16.3,13.5,24
2015-09-27,22.1040573120117,22.1182727813721,32.0240058898926,0.0914349928498268,21.4,23.1,83.3,5.3,16.3,13.5,24
2015-09-28,22.0883331298828,22.2168788909912,32.0408172607422,-0.00877870991826057,21.4,23.1,83.3,5.3,16.3,13.5,24
2015-09-29,21.9596328735352,22.636209487915,31.9522342681885,-0.0634797215461731,21.4,23.1,83.3,5.3,16.3,13.5,24
2015-09-30,22.0078678131104,22.6352024078369,31.7624187469482,0.0345263071358204,21.4,23.1,83.3,5.3,16.3,13.5,24
2015-10-01,22.1074447631836,22.333833694458,31.8157062530518,0.205626145005226,21.4,23.1,83.3,5.3,16.3,13.5,24
2015-10-02,20.4656639099121,20.57421875,31.9085483551025,0.47572323679924,21.4,23.1,83.3,5.3,16.3,13.5,24
2015-10-03,20.0770359039307,20.0724277496338,32.1921920776367,0.587811052799225,21.4,23.1,83.3,5.3,16.3,13.5,24
2015-10-04,19.8038463592529,19.8060359954834,32.3693046569824,0.601883292198181,21.4,23.1,83.3,5.3,16.3,13.5,24
2015-10-05,19.4394569396973,19.4623126983643,32.397045135498,0.465273052453995,21.4,23.1,83.3,5.3,16.3,13.5,24
2015-10-06,19.116662979126,19.1202754974365,32.2496337890625,0.256286293268204,21.4,23.1,83.3,5.3,16.3,13.5,24
2015-10-07,19.0392093658447,19.0750999450684,32.2525978088379,0.137552157044411,21.4,23.1,83.3,5.3,16.3,13.5,24
2015-10-08,18.9020652770996,18.9899635314941,31.9417190551758,0.00277352705597878,21.4,23.1,83.3,5.3,16.3,13.5,24
2015-10-09,18.9019794464111,19.0361347198486,31.9045791625977,0.0384379327297211,21.4,23.1,83.3,5.3,16.3,13.5,24
2015-10-10,18.9092693328857,19.0088939666748,31.942361831665,0.0433073043823242,21.4,23.1,83.3,5.3,16.3,13.5,24
2015-10-11,18.9349880218506,18.8699588775635,32.2161674499512,0.048986155539751,21.4,23.1,83.3,5.3,16.3,13.5,24
2015-10-12,18.9722995758057,18.9453716278076,32.1710166931152,0.0356603376567364,21.4,23.1,83.3,5.3,16.3,13.5,24
2015-10-13,18.9817771911621,19.0459613800049,31.9201145172119,0.0865191519260406,21.4,23.1,83.3,5.3,16.3,13.5,24
2015-10-14,19.044002532959,18.809534072876,31.7249050140381,0.00681279040873051,21.4,23.1,83.3,5.3,16.3,13.5,24
2015-10-15,19.0980892181396,18.6828098297119,31.8134632110596,-0.0793324187397957,21.4,23.1,83.3,5.3,16.3,13.5,24
2015-10-16,19.1262340545654,18.5407428741455,31.8431758880615,-0.120036333799362,21.4,23.1,83.3,5.3,16.3,13.5,24
2015-10-17,18.531042098999,18.0749263763428,31.8444805145264,-0.121102869510651,21.4,23.1,83.3,5.3,16.3,13.5,24
2015-10-18,18.5195026397705,17.7081737518311,31.9632053375244,-0.178998306393623,21.4,23.1,83.3,5.3,16.3,13.5,24
2015-10-19,18.4075584411621,17.4047565460205,32.2250442504883,-0.184004008769989,21.4,23.1,83.3,5.3,16.3,13.5,24
2015-10-20,18.016996383667,17.4920406341553,32.2336769104004,-0.276905804872513,21.4,23.1,83.3,5.3,16.3,13.5,24
2015-10-21,18.0964450836182,17.6276607513428,32.0927200317383,-0.333542019128799,21.4,23.1,83.3,5.3,16.3,13.5,24
2015-10-22,18.1501922607422,17.7736797332764,32.1754112243652,-0.157684102654457,21.4,23.1,83.3,5.3,16.3,13.5,24
2015-10-23,17.1593494415283,17.3883590698242,32.1937103271484,-0.118397898972034,21.4,23.1,83.3,5.3,16.3,13.5,24
2015-10-24,17.2194080352783,17.1229801177979,32.3137054443359,-0.0677112191915512,21.4,23.1,83.3,5.3,16.3,13.5,24
2015-10-25,17.2299938201904,16.9194717407227,32.3296318054199,-0.0445141606032848,21.4,23.1,83.3,5.3,16.3,13.5,24
2015-10-26,17.7610874176025,16.9228477478027,32.3619499206543,-0.121995069086552,21.4,23.1,83.3,5.3,16.3,13.5,24
2015-10-27,17.4325485229492,16.9088611602783,32.498420715332,-0.108152687549591,21.4,23.1,83.3,5.3,16.3,13.5,24
2015-10-28,17.1438903808594,17.1140327453613,32.5521278381348,0.110839605331421,21.4,23.1,83.3,5.3,16.3,13.5,24
2015-10-29,16.8576889038086,17.0189533233643,32.3671264648438,0.0704715847969055,21.4,23.1,83.3,5.3,16.3,13.5,24
2015-10-30,17.0288238525391,16.9300346374512,32.1955299377441,-0.162817418575287,21.4,23.1,83.3,5.3,16.3,13.5,24
2015-10-31,17.0996608734131,16.7352161407471,32.3346214294434,-0.142725810408592,21.4,23.1,83.3,5.3,16.3,13.5,24
2015-11-01,16.85671043396,16.4640979766846,32.205249786377,-0.116384387016296,21.4,23.1,83.3,5.3,16.3,13.5,24
2015-11-02,16.8305912017822,16.4521522521973,32.1614227294922,-0.145021855831146,21.4,23.1,83.3,5.3,16.3,13.5,24
2015-11-03,16.8503589630127,16.4510383605957,32.2102584838867,-0.163484647870064,21.4,23.1,83.3,5.3,16.3,13.5,24
2015-11-04,17.0541496276855,16.6930541992188,32.2020378112793,-0.117034167051315,21.4,23.1,83.3,5.3,16.3,13.5,24
2015-11-05,17.1134757995605,16.8821811676025,32.2181129455566,-0.0881912633776665,21.4,23.1,83.3,5.3,16.3,13.5,24
2015-11-06,17.1397762298584,17.0825138092041,32.2345314025879,-0.096464566886425,21.4,23.1,83.3,5.3,16.3,13.5,24
2015-11-07,17.3391780853271,17.3283615112305,32.1166839599609,-0.170879974961281,21.4,23.1,83.3,5.3,16.3,13.5,24
2015-11-08,17.4015674591064,17.0341930389404,32.2584114074707,-0.269741177558899,21.4,23.1,83.3,5.3,16.3,13.5,24
2015-11-09,17.4644451141357,16.8361129760742,32.398063659668,-0.201522663235664,21.4,23.1,83.3,5.3,16.3,13.5,24
2015-11-10,17.2870407104492,16.7697067260742,32.2177848815918,0.0419784896075726,21.4,23.1,83.3,5.3,16.3,13.5,24
2015-11-11,17.1459941864014,16.5749759674072,32.1592407226562,0.0195512995123863,21.4,23.1,83.3,5.3,16.3,13.5,24
2015-11-12,17.0572872161865,16.1983184814453,32.0130729675293,0.0368477292358875,21.4,23.1,83.3,5.3,16.3,13.5,24
2015-11-13,17.0632057189941,15.9569749832153,32.1457252502441,-0.119312107563019,21.4,23.1,83.3,5.3,16.3,13.5,24
2015-11-14,17.2655181884766,16.1182384490967,32.7400779724121,-0.39960703253746,21.4,23.1,83.3,5.3,16.3,13.5,24
2015-11-15,17.1216297149658,15.8690690994263,33.063720703125,-0.300311774015427,21.4,23.1,83.3,5.3,16.3,13.5,24
2015-11-16,16.4023056030273,15.386173248291,33.047794342041,-0.304687350988388,21.4,23.1,83.3,5.3,16.3,13.5,24
2015-11-17,16.4334354400635,15.2852096557617,33.0152778625488,-0.19672529399395,21.4,23.1,83.3,5.3,16.3,13.5,24
2015-11-18,15.5614519119263,15.3221445083618,33.0954933166504,-0.160062924027443,21.4,23.1,83.3,5.3,16.3,13.5,24
2015-11-19,15.2979049682617,15.2428979873657,33.0587882995605,-0.0717279687523842,21.4,23.1,83.3,5.3,16.3,13.5,24
2015-11-20,15.2739677429199,15.1575326919556,32.9912757873535,-0.131315216422081,21.4,23.1,83.3,5.3,16.3,13.5,24
2015-11-21,14.9069318771362,14.8788061141968,33.08740234375,-0.168681427836418,21.4,23.1,83.3,5.3,16.3,13.5,24
2015-11-22,14.783374786377,14.7801246643066,33.0635643005371,-0.0267874989658594,21.4,23.1,83.3,5.3,16.3,13.5,24
2015-11-23,14.483157157898,14.4379653930664,33.0489196777344,-0.145666837692261,21.4,23.1,83.3,5.3,16.3,13.5,24
2015-11-24,14.1917657852173,14.1438255310059,33.0663871765137,-0.317724287509918,21.4,23.1,83.3,5.3,16.3,13.5,24
2015-11-25,14.0032157897949,13.9676780700684,32.9352836608887,-0.39917978644371,21.4,23.1,83.3,5.3,16.3,13.5,24
2015-11-26,13.9032030105591,13.906063079834,32.9427757263184,-0.319520801305771,21.4,23.1,83.3,5.3,16.3,13.5,24
2015-11-27,13.8581781387329,13.8203086853027,32.8997688293457,-0.284661769866943,21.4,23.1,83.3,5.3,16.3,13.5,24
2015-11-28,13.8041772842407,13.7352018356323,32.8891944885254,-0.239595949649811,21.4,23.1,83.3,5.3,16.3,13.5,24
2015-11-29,13.8351745605469,13.723762512207,32.9034538269043,-0.145600855350494,21.4,23.1,83.3,5.3,16.3,13.5,24
2015-11-30,13.9560241699219,13.9446592330933,33.0314712524414,-0.0453800074756145,21.4,23.1,83.3,5.3,16.3,13.5,24
2015-12-01,13.4578971862793,13.4695739746094,32.8295097351074,0.00490130484104156,21.4,23.1,83.3,5.3,16.3,13.5,24
2015-12-02,13.304913520813,13.2091941833496,32.5980110168457,-0.0423245467245579,21.4,23.1,83.3,5.3,16.3,13.5,24
2015-12-03,13.5580291748047,13.198489189148,32.5707588195801,-0.252835243940353,21.4,23.1,83.3,5.3,16.3,13.5,24
2015-12-04,13.0168981552124,12.8245725631714,32.7399101257324,-0.415590405464172,21.4,23.1,83.3,5.3,16.3,13.5,24
2015-12-05,12.8969812393188,12.7885818481445,32.8419647216797,-0.339505106210709,21.4,23.1,83.3,5.3,16.3,13.5,24
2015-12-06,12.8548460006714,12.8091325759888,32.8968963623047,-0.313711404800415,21.4,23.1,83.3,5.3,16.3,13.5,24
2015-12-07,12.8555288314819,12.9027786254883,32.5921821594238,-0.198341265320778,21.4,23.1,83.3,5.3,16.3,13.5,24
2015-12-08,13.0676651000977,12.8111801147461,32.6279945373535,-0.192181050777435,21.4,23.1,83.3,5.3,16.3,13.5,24
2015-12-09,13.1928949356079,12.8253660202026,32.752799987793,-0.0969110801815987,21.4,23.1,83.3,5.3,16.3,13.5,24
2015-12-10,12.9849281311035,12.4214286804199,32.5347175598145,-0.0248042419552803,21.4,23.1,83.3,5.3,16.3,13.5,24
2015-12-11,12.991886138916,12.2747716903687,32.418140411377,-0.0709559395909309,21.4,23.1,83.3,5.3,16.3,13.5,24
2015-12-12,13.0942916870117,12.1647462844849,32.4184074401855,-0.107850581407547,21.4,23.1,83.3,5.3,16.3,13.5,24
2015-12-13,12.5329923629761,12.4884023666382,32.5070381164551,-0.121967621147633,21.4,23.1,83.3,5.3,16.3,13.5,24
2015-12-14,12.592360496521,12.6845817565918,32.5788955688477,-0.0297106709331274,21.4,23.1,83.3,5.3,16.3,13.5,24
2015-12-15,12.8418073654175,12.6253128051758,32.7408714294434,-0.0435200892388821,21.4,23.1,83.3,5.3,16.3,13.5,24
2015-12-16,12.8228349685669,12.5956678390503,32.7404289245605,-0.172976210713387,21.4,23.1,83.3,5.3,16.3,13.5,24
2015-12-17,12.8119173049927,12.7344255447388,32.7177772521973,0.121450237929821,21.4,23.1,83.3,5.3,16.3,13.5,24
2015-12-18,12.7588682174683,12.7874326705933,32.6215476989746,0.0642328932881355,21.4,23.1,83.3,5.3,16.3,13.5,24
2015-12-19,13.1320104598999,12.437252998352,32.5856285095215,-0.301545768976212,21.4,23.1,83.3,5.3,16.3,13.5,24
2015-12-20,13.069785118103,12.2755842208862,32.918643951416,-0.415419310331345,21.4,23.1,83.3,5.3,16.3,13.5,24
2015-12-21,12.8203086853027,12.4861650466919,33.1411094665527,-0.338515669107437,21.4,23.1,83.3,5.3,16.3,13.5,24
2015-12-22,13.5162620544434,13.3168029785156,33.0568771362305,-0.249224081635475,21.4,23.1,83.3,5.3,16.3,13.5,24
2015-12-23,13.7320594787598,13.4223108291626,32.8290176391602,-0.23676335811615,21.4,23.1,83.3,5.3,16.3,13.5,24
2015-12-24,13.9148330688477,13.3708906173706,32.8331871032715,-0.223613262176514,21.4,23.1,83.3,5.3,16.3,13.5,24
2015-12-25,13.5856275558472,12.5524482727051,32.6578941345215,-0.243025079369545,21.4,23.1,83.3,5.3,16.3,13.5,24
2015-12-26,13.5705299377441,12.5709810256958,32.6746940612793,-0.173537313938141,21.4,23.1,83.3,5.3,16.3,13.5,24
2015-12-27,12.9787683486938,12.5614728927612,32.7624168395996,-0.109064482152462,21.4,23.1,83.3,5.3,16.3,13.5,24
2015-12-28,13.5445566177368,13.1003847122192,32.6583709716797,-0.229499518871307,21.4,23.1,83.3,5.3,16.3,13.5,24
2015-12-29,12.9301862716675,12.9493589401245,32.7717323303223,0.0484755150973797,21.4,23.1,83.3,5.3,16.3,13.5,24
2015-12-30,12.5734872817993,12.495288848877,32.494441986084,-0.112559497356415,21.4,23.1,83.3,5.3,16.3,13.5,24
2015-12-31,11.8207597732544,12.1412382125854,32.3934440612793,-0.0205542948096991,21.4,23.1,83.3,5.3,16.3,13.5,24
2016-01-01,11.8446321487427,11.6173143386841,32.3991622924805,-0.166562378406525,21.4,23.1,83.3,5.3,16.3,13.5,24
2016-01-02,12.0506439208984,11.2625856399536,32.4112663269043,-0.2340979129076,21.4,23.1,83.3,5.3,16.3,13.5,24
2016-01-03,11.8716707229614,10.6753396987915,32.0903816223145,-0.146490380167961,21.4,23.1,83.3,5.3,16.3,13.5,24
2016-01-04,12.3221597671509,10.6221551895142,32.3329887390137,-0.159718379378319,21.4,23.1,83.3,5.3,16.3,13.5,24
2016-01-05,11.520749092102,11.0831251144409,32.9714050292969,-0.158794894814491,21.4,23.1,83.3,5.3,16.3,13.5,24
2016-01-06,11.86949634552,10.9377603530884,32.9621963500977,-0.194691881537437,21.4,23.1,83.3,5.3,16.3,13.5,24
2016-01-07,11.4593687057495,9.14618492126465,31.0532703399658,-0.20746548473835,21.4,23.1,83.3,5.3,16.3,13.5,24
2016-01-08,11.2491617202759,10.1033754348755,32.2847595214844,-0.116445958614349,21.4,23.1,83.3,5.3,16.3,13.5,24
2016-01-09,11.0022010803223,10.5731334686279,33.1824111938477,0.0239481683820486,21.4,23.1,83.3,5.3,16.3,13.5,24
2016-01-10,10.6631441116333,10.5843257904053,33.0439338684082,0.14398667216301,21.4,23.1,83.3,5.3,16.3,13.5,24
2016-01-11,10.8400497436523,9.31428241729736,31.1324024200439,-0.177105605602264,21.4,23.1,83.3,5.3,16.3,13.5,24
2016-01-12,10.477557182312,8.62125968933105,31.3784961700439,-0.223548904061317,21.4,23.1,83.3,5.3,16.3,13.5,24
2016-01-13,10.7420196533203,8.93678951263428,32.2390670776367,-0.336418747901917,21.4,23.1,83.3,5.3,16.3,13.5,24
2016-01-14,10.0645112991333,8.77500247955322,32.4969329833984,-0.281391531229019,21.4,23.1,83.3,5.3,16.3,13.5,24
2016-01-15,10.2549734115601,9.54645538330078,32.729850769043,-0.156400337815285,21.4,23.1,83.3,5.3,16.3,13.5,24
2016-01-16,10.2437181472778,9.74508190155029,32.7634162902832,0.0906533300876617,21.4,23.1,83.3,5.3,16.3,13.5,24
2016-01-17,10.150857925415,9.62647247314453,32.8456764221191,-0.0333939827978611,21.4,23.1,83.3,5.3,16.3,13.5,24
2016-01-18,8.94837951660156,8.63313388824463,32.9437866210938,-0.137060642242432,21.4,23.1,83.3,5.3,16.3,13.5,24
2016-01-19,7.90537595748901,7.82152557373047,32.841121673584,-0.527974307537079,21.4,23.1,83.3,5.3,16.3,13.5,24
2016-01-20,7.41416168212891,7.36463975906372,32.897632598877,-0.559549629688263,21.4,23.1,83.3,5.3,16.3,13.5,24
2016-01-21,7.10557746887207,7.05022811889648,32.9197845458984,-0.316588222980499,21.4,23.1,83.3,5.3,16.3,13.5,24
2016-01-22,7.12951278686523,7.08592939376831,32.9885139465332,-0.274313181638718,21.4,23.1,83.3,5.3,16.3,13.5,24
2016-01-23,7.20823860168457,7.21027708053589,32.9704513549805,0.517767488956451,21.4,23.1,83.3,5.3,16.3,13.5,24
2016-01-24,6.15905380249023,6.13400030136108,32.8146095275879,0.37964329123497,21.4,23.1,83.3,5.3,16.3,13.5,24
2016-01-25,5.66319465637207,5.6040153503418,32.8579368591309,-0.0112670892849565,21.4,23.1,83.3,5.3,16.3,13.5,24
2016-01-26,5.88087844848633,4.82948923110962,32.3426933288574,-0.142784878611565,21.4,23.1,83.3,5.3,16.3,13.5,24
2016-01-27,6.87354278564453,5.65317678451538,31.8522720336914,-0.226437747478485,21.4,23.1,83.3,5.3,16.3,13.5,24
2016-01-28,7.02419853210449,5.82302618026733,32.0559883117676,-0.11099561303854,21.4,23.1,83.3,5.3,16.3,13.5,24
2016-01-29,7.18487596511841,5.97913551330566,32.136905670166,-0.0426710434257984,21.4,23.1,83.3,5.3,16.3,13.5,24
2016-01-30,6.70853424072266,5.89066648483276,32.3427696228027,-0.216769933700562,21.4,23.1,83.3,5.3,16.3,13.5,24
2016-01-31,6.6008095741272,5.86602258682251,32.3782958984375,-0.217884302139282,21.4,23.1,83.3,5.3,16.3,13.5,24
2016-02-01,7.12317228317261,6.28355598449707,32.4702758789062,-0.211143016815186,21.4,23.1,83.3,5.3,16.3,13.5,24
2016-02-02,7.02540254592896,6.50497198104858,32.352237701416,-0.246550559997559,21.4,23.1,83.3,5.3,16.3,13.5,24
2016-02-03,6.9911093711853,6.57081079483032,32.3983879089355,-0.18579763174057,21.4,23.1,83.3,5.3,16.3,13.5,24
2016-02-04,7.28191900253296,6.70003271102905,32.2560997009277,-0.139893338084221,21.4,23.1,83.3,5.3,16.3,13.5,24
2016-02-05,6.75945520401001,6.26872825622559,32.2087898254395,-0.190679132938385,21.4,23.1,83.3,5.3,16.3,13.5,24
2016-02-06,6.63718271255493,6.28151893615723,32.3484878540039,-0.250583499670029,21.4,23.1,83.3,5.3,16.3,13.5,24
2016-02-07,6.8230299949646,6.03155136108398,32.137638092041,-0.15988327562809,21.4,23.1,83.3,5.3,16.3,13.5,24
2016-02-08,6.9691891670227,6.77867889404297,32.5496025085449,0.28085058927536,21.4,23.1,83.3,5.3,16.3,13.5,24
2016-02-09,6.81250524520874,6.83834266662598,32.3735008239746,0.291376978158951,21.4,23.1,83.3,5.3,16.3,13.5,24
2016-02-10,6.83347940444946,6.37896680831909,31.3097019195557,0.0644787326455116,21.4,23.1,83.3,5.3,16.3,13.5,24
2016-02-11,6.58509016036987,5.83393287658691,31.1823329925537,-0.264338761568069,21.4,23.1,83.3,5.3,16.3,13.5,24
2016-02-12,6.71769857406616,5.53049898147583,31.5809020996094,-0.356429129838943,21.4,23.1,83.3,5.3,16.3,13.5,24
2016-02-13,6.74168586730957,5.4734091758728,31.8268337249756,-0.328168302774429,21.4,23.1,83.3,5.3,16.3,13.5,24
2016-02-14,4.44514608383179,4.1893892288208,32.0864181518555,-0.511134147644043,21.4,23.1,83.3,5.3,16.3,13.5,24
2016-02-15,4.6346173286438,4.00636434555054,32.1890716552734,-0.330246359109879,21.4,23.1,83.3,5.3,16.3,13.5,24
2016-02-16,4.96700620651245,4.00464010238647,32.0223350524902,-0.112011171877384,21.4,23.1,83.3,5.3,16.3,13.5,24
2016-02-17,6.28247833251953,4.98158264160156,32.1181564331055,-0.261178970336914,21.4,23.1,83.3,5.3,16.3,13.5,24
2016-02-18,6.22806930541992,5.11548185348511,32.1542015075684,-0.371786862611771,21.4,23.1,83.3,5.3,16.3,13.5,24
2016-02-19,5.83607721328735,5.37287664413452,32.3723030090332,-0.294787883758545,21.4,23.1,83.3,5.3,16.3,13.5,24
2016-02-20,5.52890729904175,5.2472767829895,32.1492805480957,-0.228977724909782,21.4,23.1,83.3,5.3,16.3,13.5,24
2016-02-21,5.90485906600952,4.71168088912964,31.815071105957,-0.226864814758301,21.4,23.1,83.3,5.3,16.3,13.5,24
2016-02-22,6.00725936889648,5.10145711898804,31.8871402740479,-0.16769714653492,21.4,23.1,83.3,5.3,16.3,13.5,24
2016-02-23,5.17350721359253,5.1959376335144,32.1368141174316,-0.0669886618852615,21.4,23.1,83.3,5.3,16.3,13.5,24
2016-02-24,4.58921766281128,5.3106951713562,31.9037380218506,0.116529673337936,21.4,23.1,83.3,5.3,16.3,13.5,24
2016-02-25,5.0444769859314,5.08853006362915,31.5923538208008,-0.0492872409522533,21.4,23.1,83.3,5.3,16.3,13.5,24
2016-02-26,6.46137952804565,5.75568008422852,32.1067886352539,-0.464230865240097,21.4,23.1,83.3,5.3,16.3,13.5,24
2016-02-27,6.40299272537231,5.84126281738281,32.2813835144043,-0.385244101285934,21.4,23.1,83.3,5.3,16.3,13.5,24
2016-02-28,6.62572145462036,5.76981163024902,31.98610496521,-0.337707132101059,21.4,23.1,83.3,5.3,16.3,13.5,24
2016-02-29,5.8725209236145,4.98344087600708,31.7671413421631,-0.336317986249924,21.4,23.1,83.3,5.3,16.3,13.5,24
2016-03-01,6.21749258041382,5.23951005935669,31.8635482788086,-0.268275797367096,21.4,23.1,83.3,5.3,16.3,13.5,24
2016-03-02,6.80491304397583,5.58051872253418,32.1116371154785,-0.144539758563042,21.4,23.1,83.3,5.3,16.3,13.5,24
2016-03-03,6.72590780258179,5.85769128799438,31.9505367279053,-0.323792308568954,21.4,23.1,83.3,5.3,16.3,13.5,24
2016-03-04,6.8005518913269,6.17397260665894,32.1009712219238,-0.0985906422138214,21.4,23.1,83.3,5.3,16.3,13.5,24
2016-03-05,6.55191993713379,6.21811151504517,31.8726177215576,-0.0879617258906364,21.4,23.1,83.3,5.3,16.3,13.5,24
2016-03-06,6.67511940002441,5.87384176254272,30.9553527832031,-0.108266085386276,21.4,23.1,83.3,5.3,16.3,13.5,24
2016-03-07,6.76896238327026,6.06189680099487,30.9473514556885,-0.228948786854744,21.4,23.1,83.3,5.3,16.3,13.5,24
2016-03-08,7.00775098800659,6.46807861328125,30.9205074310303,-0.289997905492783,21.4,23.1,83.3,5.3,16.3,13.5,24
2016-03-09,7.09315872192383,6.5737156867981,30.9425296783447,-0.187447562813759,21.4,23.1,83.3,5.3,16.3,13.5,24
2016-03-10,7.39993906021118,7.01166391372681,30.9642028808594,-0.201204851269722,21.4,23.1,83.3,5.3,16.3,13.5,24
2016-03-11,7.66926193237305,7.6835823059082,31.1325435638428,-0.294750064611435,21.4,23.1,83.3,5.3,16.3,13.5,24
2016-03-12,7.868248462677,8.24148845672607,30.8196315765381,-0.220870658755302,21.4,23.1,83.3,5.3,16.3,13.5,24
2016-03-13,7.77339029312134,8.40076160430908,30.6473789215088,-0.215379521250725,21.4,23.1,83.3,5.3,16.3,13.5,24
2016-03-14,7.71077299118042,8.44114017486572,30.8159198760986,-0.100533820688725,21.4,23.1,83.3,5.3,16.3,13.5,24
2016-03-15,6.70325088500977,6.87526893615723,30.6402835845947,0.0721288844943047,21.4,23.1,83.3,5.3,16.3,13.5,24
2016-03-16,6.34362602233887,6.88944864273071,30.7754459381104,-0.0710851848125458,21.4,23.1,83.3,5.3,16.3,13.5,24
2016-03-17,6.41632461547852,7.2835488319397,30.9116191864014,-0.0521431118249893,21.4,23.1,83.3,5.3,16.3,13.5,24
2016-03-18,6.34756326675415,7.65398216247559,30.9349060058594,-0.131176918745041,21.4,23.1,83.3,5.3,16.3,13.5,24
2016-03-19,6.50100135803223,7.74971961975098,31.0177764892578,-0.128172129392624,21.4,23.1,83.3,5.3,16.3,13.5,24
2016-03-20,6.52645254135132,7.56719350814819,31.7891616821289,-0.00149653351400048,21.4,23.1,83.3,5.3,16.3,13.5,24
2016-03-21,6.76830816268921,6.76728963851929,32.2383232116699,0.00497988564893603,21.4,23.1,83.3,5.3,16.3,13.5,24
2016-03-22,6.7892746925354,6.70323753356934,31.9391689300537,-0.286525696516037,21.4,23.1,83.3,5.3,16.3,13.5,24
2016-03-23,6.92602109909058,7.12808275222778,31.147970199585,-0.387726634740829,21.4,23.1,83.3,5.3,16.3,13.5,24
2016-03-24,6.76821517944336,6.84391164779663,31.2189788818359,-0.29250904917717,21.4,23.1,83.3,5.3,16.3,13.5,24
2016-03-25,6.94515085220337,7.26929140090942,31.4598445892334,-0.179465159773827,21.4,23.1,83.3,5.3,16.3,13.5,24
2016-03-26,7.02127027511597,7.67768812179565,31.5839462280273,-0.235645115375519,21.4,23.1,83.3,5.3,16.3,13.5,24
2016-03-27,6.46839332580566,7.52984428405762,31.4432544708252,-0.0947350934147835,21.4,23.1,83.3,5.3,16.3,13.5,24
2016-03-28,6.39062261581421,8.02542591094971,31.3251724243164,0.0127507634460926,21.4,23.1,83.3,5.3,16.3,13.5,24
2016-03-29,6.51486396789551,7.79571485519409,31.2435474395752,-0.340552061796188,21.4,23.1,83.3,5.3,16.3,13.5,24
2016-03-30,6.92638540267944,7.76976537704468,31.5083026885986,-0.427929639816284,21.4,23.1,83.3,5.3,16.3,13.5,24
2016-03-31,6.9709415435791,8.01983833312988,31.4779891967773,-0.274500578641891,21.4,23.1,83.3,5.3,16.3,13.5,24
2016-04-01,7.14840841293335,8.6918888092041,31.6125583648682,-0.228580713272095,21.4,23.1,83.3,5.3,16.3,13.5,24
2016-04-02,8.87806034088135,8.80735111236572,31.6089706420898,-0.224039241671562,21.4,23.1,83.3,5.3,16.3,13.5,24
2016-04-03,9.1869306564331,8.81857204437256,32.3219337463379,-0.407734245061874,21.4,23.1,83.3,5.3,16.3,13.5,24
2016-04-04,9.44478893280029,8.85470485687256,32.7421989440918,-0.387440055608749,21.4,23.1,83.3,5.3,16.3,13.5,24
2016-04-05,8.56288433074951,8.62168788909912,32.8503456115723,-0.246579587459564,21.4,23.1,83.3,5.3,16.3,13.5,24
2016-04-06,8.48647403717041,8.42101573944092,32.7417297363281,-0.236769273877144,21.4,23.1,83.3,5.3,16.3,13.5,24
2016-04-07,8.50753879547119,8.64240074157715,32.4396591186523,-0.0827700570225716,21.4,23.1,83.3,5.3,16.3,13.5,24
2016-04-08,8.69797420501709,8.83190631866455,32.5990524291992,-0.116434216499329,21.4,23.1,83.3,5.3,16.3,13.5,24
2016-04-09,8.87135791778564,9.01344966888428,32.6291847229004,-0.14206725358963,21.4,23.1,83.3,5.3,16.3,13.5,24
2016-04-10,8.86452770233154,8.94248962402344,32.760311126709,-0.213569045066833,21.4,23.1,83.3,5.3,16.3,13.5,24
2016-04-11,8.70811367034912,8.74575710296631,32.5823364257812,-0.334052115678787,21.4,23.1,83.3,5.3,16.3,13.5,24
2016-04-12,8.86880779266357,9.04685115814209,32.7596969604492,-0.271293252706528,21.4,23.1,83.3,5.3,16.3,13.5,24
2016-04-13,9.02093982696533,9.13187789916992,32.9170341491699,-0.182974457740784,21.4,23.1,83.3,5.3,16.3,13.5,24
2016-04-14,8.27841949462891,8.88807392120361,33.101188659668,-0.186425760388374,21.4,23.1,83.3,5.3,16.3,13.5,24
2016-04-15,8.43142127990723,9.05285930633545,33.1017913818359,-0.144002869725227,21.4,23.1,83.3,5.3,16.3,13.5,24
2016-04-16,8.64417457580566,9.17258358001709,33.0326042175293,-0.0598824173212051,21.4,23.1,83.3,5.3,16.3,13.5,24
2016-04-17,8.59108829498291,9.15810775756836,32.680835723877,0.0396582297980785,21.4,23.1,83.3,5.3,16.3,13.5,24
2016-04-18,8.86785507202148,9.58325386047363,32.5682029724121,-0.0266185943037271,21.4,23.1,83.3,5.3,16.3,13.5,24
2016-04-19,8.9912691116333,10.4093027114868,32.4096717834473,-0.0296431239694357,21.4,23.1,83.3,5.3,16.3,13.5,24
2016-04-20,8.77302265167236,10.5464220046997,32.4142265319824,-0.172692522406578,21.4,23.1,83.3,5.3,16.3,13.5,24
2016-04-21,8.77052402496338,10.5815563201904,32.3614730834961,-0.123163603246212,21.4,23.1,83.3,5.3,16.3,13.5,24
2016-04-22,8.80404949188232,11.231406211853,32.2626914978027,-0.150777712464333,21.4,23.1,83.3,5.3,16.3,13.5,24
2016-04-23,8.40207481384277,11.505805015564,32.1667327880859,-0.00456331064924598,21.4,23.1,83.3,5.3,16.3,13.5,24
2016-04-24,8.38262939453125,11.4380407333374,32.1598281860352,-0.0648524090647697,21.4,23.1,83.3,5.3,16.3,13.5,24
2016-04-25,8.30581569671631,11.4257440567017,31.9428253173828,-0.0380895212292671,21.4,23.1,83.3,5.3,16.3,13.5,24
2016-04-26,8.62139797210693,11.7013139724731,31.9688282012939,-0.0446321703493595,21.4,23.1,83.3,5.3,16.3,13.5,24
2016-04-27,8.67542552947998,11.9404411315918,32.1468772888184,0.0443885140120983,21.4,23.1,83.3,5.3,16.3,13.5,24
2016-04-28,8.46960639953613,11.7055969238281,32.0605812072754,0.0169334933161736,21.4,23.1,83.3,5.3,16.3,13.5,24
2016-04-29,9.1593189239502,11.6949472427368,32.1072883605957,0.033406313508749,21.4,23.1,83.3,5.3,16.3,13.5,24
2016-04-30,9.65502643585205,11.3183355331421,31.9741725921631,0.0196473151445389,21.4,23.1,83.3,5.3,16.3,13.5,24
2016-05-01,10.014289855957,11.5056867599487,31.8958988189697,-0.048085693269968,21.4,23.1,83.3,5.3,16.3,13.5,24
2016-05-02,10.3530197143555,12.4012670516968,31.5756359100342,0.0125104459002614,21.4,23.1,83.3,5.3,16.3,13.5,24
2016-05-03,10.1938199996948,12.9838638305664,31.2431621551514,0.0159375425428152,21.4,23.1,83.3,5.3,16.3,13.5,24
2016-05-04,10.2652254104614,12.9279069900513,31.4338817596436,0.0867663398385048,21.4,23.1,83.3,5.3,16.3,13.5,24
2016-05-05,10.6066312789917,11.6431589126587,32.2196884155273,0.159363761544228,21.4,23.1,83.3,5.3,16.3,13.5,24
2016-05-06,10.7493209838867,10.7702407836914,32.6126365661621,0.15508146584034,21.4,23.1,83.3,5.3,16.3,13.5,24
2016-05-07,10.582221031189,11.2006607055664,32.3977966308594,0.074888177216053,21.4,23.1,83.3,5.3,16.3,13.5,24
2016-05-08,10.2781572341919,12.0359497070312,31.768518447876,-0.0360185280442238,21.4,23.1,83.3,5.3,16.3,13.5,24
2016-05-09,10.2964191436768,12.2810754776001,31.7845973968506,-0.128144294023514,21.4,23.1,83.3,5.3,16.3,13.5,24
2016-05-10,10.3671264648438,12.8451166152954,31.6736507415771,-0.116825439035892,21.4,23.1,83.3,5.3,16.3,13.5,24
2016-05-11,10.6034212112427,12.8995904922485,31.5718078613281,-0.160517662763596,21.4,23.1,83.3,5.3,16.3,13.5,24
2016-05-12,10.5287952423096,13.2329549789429,31.6083087921143,-0.112510181963444,21.4,23.1,83.3,5.3,16.3,13.5,24
2016-05-13,10.3997707366943,13.3917284011841,31.5309295654297,-0.0629951730370522,21.4,23.1,83.3,5.3,16.3,13.5,24
2016-05-14,11.5836973190308,13.4005632400513,31.258638381958,-0.0257519874721766,21.4,23.1,83.3,5.3,16.3,13.5,24
2016-05-15,11.4988670349121,13.3408651351929,31.3699283599854,-0.159219816327095,21.4,23.1,83.3,5.3,16.3,13.5,24
2016-05-16,11.3446397781372,13.0270195007324,31.5240345001221,-0.345830351114273,21.4,23.1,83.3,5.3,16.3,13.5,24
2016-05-17,10.7874526977539,13.3029565811157,31.386194229126,-0.371718287467957,21.4,23.1,83.3,5.3,16.3,13.5,24
2016-05-18,10.6187410354614,13.562427520752,31.4301509857178,-0.193706333637238,21.4,23.1,83.3,5.3,16.3,13.5,24
2016-05-19,10.7820892333984,13.2620820999146,31.7136383056641,-0.12516163289547,21.4,23.1,83.3,5.3,16.3,13.5,24
2016-05-20,11.0747060775757,13.3668622970581,31.553825378418,-0.200065493583679,21.4,23.1,83.3,5.3,16.3,13.5,24
2016-05-21,11.0123558044434,13.371413230896,31.5902576446533,-0.0929949581623077,21.4,23.1,83.3,5.3,16.3,13.5,24
2016-05-22,11.6916084289551,12.2335243225098,31.8424968719482,0.0170609410852194,21.4,23.1,83.3,5.3,16.3,13.5,24
2016-05-23,11.8562316894531,12.5366477966309,31.737154006958,-0.0105478568002582,21.4,23.1,83.3,5.3,16.3,13.5,24
2016-05-24,11.9981279373169,13.4957094192505,31.2328319549561,-0.0440581329166889,21.4,23.1,83.3,5.3,16.3,13.5,24
2016-05-25,11.8748331069946,14.3573417663574,30.4971828460693,-0.0749011635780334,21.4,23.1,83.3,5.3,16.3,13.5,24
2016-05-26,12.0560302734375,15.0499267578125,30.4935398101807,-0.186381623148918,21.4,23.1,83.3,5.3,16.3,13.5,24
2016-05-27,11.9548377990723,15.5552825927734,30.2558841705322,-0.176165580749512,21.4,23.1,83.3,5.3,16.3,13.5,24
2016-05-28,11.7575874328613,15.7900838851929,30.7401962280273,-0.19286835193634,21.4,23.1,83.3,5.3,16.3,13.5,24
2016-05-29,12.0604047775269,17.4539604187012,30.9412517547607,-0.174706935882568,21.4,23.1,83.3,5.3,16.3,13.5,24
2016-05-30,11.9250984191895,17.9581050872803,31.0333080291748,-0.0613764971494675,21.4,23.1,83.3,5.3,16.3,13.5,24
2016-05-31,11.9264898300171,18.390287399292,30.8953876495361,-0.07419403642416,21.4,23.1,83.3,5.3,16.3,13.5,24
2016-06-01,12.0550451278687,18.8986911773682,30.9464664459229,-0.129899755120277,21.4,23.1,83.3,5.3,16.3,13.5,24
2016-06-02,12.0039281845093,19.2231388092041,31.0143814086914,-0.0481244623661041,21.4,23.1,83.3,5.3,16.3,13.5,24
2016-06-03,12.2850999832153,19.4760799407959,31.0013370513916,0.0104208709672093,21.4,23.1,83.3,5.3,16.3,13.5,24
2016-06-04,11.9728345870972,19.2777843475342,30.9337368011475,-0.0709375962615013,21.4,23.1,83.3,5.3,16.3,13.5,24
2016-06-05,11.7811613082886,19.4905376434326,30.868782043457,-0.0414759032428265,21.4,23.1,83.3,5.3,16.3,13.5,24
2016-06-06,11.5452604293823,18.8820152282715,30.8503665924072,-0.00544183934107423,21.4,23.1,83.3,5.3,16.3,13.5,24
2016-06-07,12.8415422439575,19.2049732208252,30.8894710540771,0.0266534443944693,21.4,23.1,83.3,5.3,16.3,13.5,24
2016-06-08,12.9878091812134,19.3849868774414,30.8001117706299,-0.0407873950898647,21.4,23.1,83.3,5.3,16.3,13.5,24
2016-06-09,13.4414072036743,18.0315055847168,31.2340221405029,-0.142021521925926,21.4,23.1,83.3,5.3,16.3,13.5,24
2016-06-10,13.0438795089722,18.2195224761963,31.246618270874,-0.15314108133316,21.4,23.1,83.3,5.3,16.3,13.5,24
2016-06-11,12.7765436172485,18.4299449920654,31.3087673187256,-0.0683124139904976,21.4,23.1,83.3,5.3,16.3,13.5,24
2016-06-12,12.5575304031372,19.0039196014404,31.3070068359375,-0.026489520445466,21.4,23.1,83.3,5.3,16.3,13.5,24
2016-06-13,12.8217964172363,19.1318454742432,31.2550525665283,-0.0125677166506648,21.4,23.1,83.3,5.3,16.3,13.5,24
2016-06-14,12.8361625671387,19.356294631958,31.3320693969727,-0.0519372373819351,21.4,23.1,83.3,5.3,16.3,13.5,24
2016-06-15,12.8148546218872,19.4671249389648,31.3019771575928,-0.0632203444838524,21.4,23.1,83.3,5.3,16.3,13.5,24
2016-06-16,12.8570098876953,19.5918674468994,31.2340297698975,0.006566456053406,21.4,23.1,83.3,5.3,16.3,13.5,24
2016-06-17,13.073187828064,19.1293849945068,31.5717945098877,-0.00358226639218628,21.4,23.1,83.3,5.3,16.3,13.5,24
2016-06-18,13.297661781311,18.9459381103516,31.8079624176025,-0.0949224755167961,21.4,23.1,83.3,5.3,16.3,13.5,24
2016-06-19,12.4756555557251,19.7737522125244,31.8278369903564,-0.150063529610634,21.4,23.1,83.3,5.3,16.3,13.5,24
2016-06-20,12.2979784011841,20.4109725952148,31.3936252593994,-0.139553442597389,21.4,23.1,83.3,5.3,16.3,13.5,24
2016-06-21,12.1775140762329,20.6034755706787,31.228666305542,-0.115239091217518,21.4,23.1,83.3,5.3,16.3,13.5,24
2016-06-22,12.7934112548828,20.7447643280029,31.0829906463623,-0.118222087621689,21.4,23.1,83.3,5.3,16.3,13.5,24
2016-06-23,12.7881507873535,20.9631004333496,31.1505870819092,-0.117715269327164,21.4,23.1,83.3,5.3,16.3,13.5,24
2016-06-24,12.8283004760742,20.9266223907471,31.1092777252197,-0.103508032858372,21.4,23.1,83.3,5.3,16.3,13.5,24
2016-06-25,13.3708000183105,21.2203121185303,31.0350208282471,-0.0433658473193645,21.4,23.1,83.3,5.3,16.3,13.5,24
2016-06-26,13.4483995437622,21.3405132293701,30.9524765014648,-0.0900083854794502,21.4,23.1,83.3,5.3,16.3,13.5,24
2016-06-27,13.463939666748,21.827751159668,30.8120422363281,-0.0661060586571693,21.4,23.1,83.3,5.3,16.3,13.5,24
2016-06-28,14.0578165054321,21.809778213501,30.6841049194336,-0.0730617865920067,21.4,23.1,83.3,5.3,16.3,13.5,24
2016-06-29,13.980092048645,21.6939144134521,30.8862972259521,-0.0682466998696327,21.4,23.1,83.3,5.3,16.3,13.5,24
2016-06-30,14.008282661438,21.9605312347412,30.9498462677002,-0.101361721754074,21.4,23.1,83.3,5.3,16.3,13.5,24
2016-07-01,14.218071937561,22.2292079925537,30.9442920684814,-0.116102568805218,21.4,23.1,83.3,5.3,16.3,13.5,24
2016-07-02,14.1560487747192,21.7712802886963,31.0937881469727,-0.184898838400841,21.4,23.1,83.3,5.3,16.3,13.5,24
2016-07-03,14.4448080062866,22.0828723907471,31.1942729949951,-0.249275863170624,21.4,23.1,83.3,5.3,16.3,13.5,24
2016-07-04,15.8373517990112,22.75315284729,31.2626419067383,-0.234553530812263,21.4,23.1,83.3,5.3,16.3,13.5,24
2016-07-05,15.9190816879272,23.341760635376,31.3061084747314,-0.169213309884071,21.4,23.1,83.3,5.3,16.3,13.5,24
2016-07-06,16.1375255584717,24.023551940918,31.3673400878906,-0.146442979574203,21.4,23.1,83.3,5.3,16.3,13.5,24
2016-07-07,16.0783767700195,24.1299533843994,31.4529056549072,-0.0612353943288326,21.4,23.1,83.3,5.3,16.3,13.5,24
2016-07-08,15.9892129898071,24.1817607879639,31.4891567230225,-0.0293106883764267,21.4,23.1,83.3,5.3,16.3,13.5,24
2016-07-09,15.7004098892212,24.8640193939209,31.3357543945312,0.0834126248955727,21.4,23.1,83.3,5.3,16.3,13.5,24
2016-07-10,14.6882810592651,24.0099792480469,31.1966991424561,0.0818815007805824,21.4,23.1,83.3,5.3,16.3,13.5,24
2016-07-11,14.542929649353,23.3871440887451,31.2163696289062,-0.0157534163445234,21.4,23.1,83.3,5.3,16.3,13.5,24
2016-07-12,14.2934532165527,23.5725688934326,31.3097152709961,-0.0454459935426712,21.4,23.1,83.3,5.3,16.3,13.5,24
2016-07-13,15.1603498458862,24.2625141143799,31.2306957244873,-0.12257344275713,21.4,23.1,83.3,5.3,16.3,13.5,24
2016-07-14,15.1184549331665,25.0992946624756,31.1044445037842,-0.0931393280625343,21.4,23.1,83.3,5.3,16.3,13.5,24
2016-07-15,14.8995361328125,25.524206161499,31.2511901855469,-0.111841917037964,21.4,23.1,83.3,5.3,16.3,13.5,24
2016-07-16,15.7882566452026,25.0390949249268,31.3037776947021,-0.186530455946922,21.4,23.1,83.3,5.3,16.3,13.5,24
2016-07-17,15.4243965148926,24.1871395111084,31.412956237793,-0.171318277716637,21.4,23.1,83.3,5.3,16.3,13.5,24
2016-07-18,15.312611579895,23.9494171142578,31.4839839935303,-0.186575666069984,21.4,23.1,83.3,5.3,16.3,13.5,24
2016-07-19,15.5497941970825,23.9954471588135,31.6357707977295,-0.177900314331055,21.4,23.1,83.3,5.3,16.3,13.5,24
2016-07-20,15.6979942321777,25.0335998535156,31.7319850921631,-0.118391864001751,21.4,23.1,83.3,5.3,16.3,13.5,24
2016-07-21,15.8865690231323,25.3930187225342,31.6950130462646,-0.11986631155014,21.4,23.1,83.3,5.3,16.3,13.5,24
2016-07-22,14.9641561508179,24.5276889801025,31.4453029632568,-0.123792119324207,21.4,23.1,83.3,5.3,16.3,13.5,24
2016-07-23,15.2292022705078,23.6647968292236,31.3543548583984,-0.133602023124695,21.4,23.1,83.3,5.3,16.3,13.5,24
2016-07-24,15.1697950363159,24.4737453460693,31.3876628875732,-0.027615612372756,21.4,23.1,83.3,5.3,16.3,13.5,24
2016-07-25,15.2128410339355,25.519079208374,31.3118419647217,-0.0075895837508142,21.4,23.1,83.3,5.3,16.3,13.5,24
2016-07-26,15.2485122680664,24.6678714752197,31.173791885376,0.0170429795980453,21.4,23.1,83.3,5.3,16.3,13.5,24
2016-07-27,15.0830297470093,25.4489212036133,31.1883697509766,0.0301663260906935,21.4,23.1,83.3,5.3,16.3,13.5,24
2016-07-28,15.5562391281128,25.9450550079346,31.2940731048584,0.0420701019465923,21.4,23.1,83.3,5.3,16.3,13.5,24
2016-07-29,15.4198141098022,25.734827041626,31.4253463745117,0.0704062208533287,21.4,23.1,83.3,5.3,16.3,13.5,24
2016-07-30,15.3814287185669,25.1920871734619,31.7143077850342,-0.00170325243379921,21.4,23.1,83.3,5.3,16.3,13.5,24
2016-07-31,15.4079790115356,25.0633449554443,31.6824550628662,-0.0445420444011688,21.4,23.1,83.3,5.3,16.3,13.5,24
2016-08-01,15.2339315414429,25.1196365356445,31.7113265991211,-0.0321293286979198,21.4,23.1,83.3,5.3,16.3,13.5,24
2016-08-02,15.4139776229858,25.3789348602295,31.7253570556641,-0.000381869584089145,21.4,23.1,83.3,5.3,16.3,13.5,24
2016-08-03,15.3428726196289,25.6584911346436,31.8306522369385,0.0208652690052986,21.4,23.1,83.3,5.3,16.3,13.5,24
2016-08-04,15.8851356506348,25.7183361053467,31.9559803009033,0.0310787931084633,21.4,23.1,83.3,5.3,16.3,13.5,24
2016-08-05,16.0571212768555,25.4235820770264,31.9615154266357,0.003509083064273,21.4,23.1,83.3,5.3,16.3,13.5,24
2016-08-06,15.1975746154785,24.9583034515381,31.6279048919678,-0.0676421299576759,21.4,23.1,83.3,5.3,16.3,13.5,24
2016-08-07,14.6861238479614,25.1967639923096,31.5146713256836,-0.0784372687339783,21.4,23.1,83.3,5.3,16.3,13.5,24
2016-08-08,14.264536857605,25.5998840332031,31.5556011199951,-0.0537426434457302,21.4,23.1,83.3,5.3,16.3,13.5,24
2016-08-09,15.3148069381714,26.1449890136719,31.5247325897217,-0.125341758131981,21.4,23.1,83.3,5.3,16.3,13.5,24
2016-08-10,15.1641855239868,26.2477626800537,31.4891185760498,-0.12473177164793,21.4,23.1,83.3,5.3,16.3,13.5,24
2016-08-11,14.5481576919556,26.2951755523682,31.5720195770264,-0.128023907542229,21.4,23.1,83.3,5.3,16.3,13.5,24
2016-08-12,16.0554790496826,26.3148097991943,31.8345394134521,-0.195681944489479,21.4,23.1,83.3,5.3,16.3,13.5,24
2016-08-13,15.2746114730835,25.7711200714111,31.9938297271729,-0.152615368366241,21.4,23.1,83.3,5.3,16.3,13.5,24
2016-08-14,14.6510000228882,25.5047454833984,32.0789985656738,-0.0865972638130188,21.4,23.1,83.3,5.3,16.3,13.5,24
2016-08-15,15.3654584884644,26.4379043579102,32.1338653564453,-0.16784106194973,21.4,23.1,83.3,5.3,16.3,13.5,24
2016-08-16,15.8247375488281,26.9264602661133,32.1633644104004,-0.156433507800102,21.4,23.1,83.3,5.3,16.3,13.5,24
2016-08-17,15.5331430435181,25.3208904266357,32.0926666259766,-0.177282765507698,21.4,23.1,83.3,5.3,16.3,13.5,24
2016-08-18,15.2334909439087,25.3543605804443,32.0230598449707,-0.158462285995483,21.4,23.1,83.3,5.3,16.3,13.5,24
2016-08-19,15.1675491333008,25.7226047515869,31.9684448242188,-0.0680343210697174,21.4,23.1,83.3,5.3,16.3,13.5,24
2016-08-20,15.515510559082,26.0514469146729,31.8957386016846,0.015632027760148,21.4,23.1,83.3,5.3,16.3,13.5,24
2016-08-21,16.0861568450928,26.0633716583252,31.8705310821533,0.0722578540444374,21.4,23.1,83.3,5.3,16.3,13.5,24
2016-08-22,16.1545848846436,25.2575607299805,31.8147735595703,0.0463053472340107,21.4,23.1,83.3,5.3,16.3,13.5,24
2016-08-23,16.8420658111572,25.1987533569336,31.9928455352783,-0.00480027729645371,21.4,23.1,83.3,5.3,16.3,13.5,24
2016-08-24,16.7020950317383,24.9758758544922,32.0726356506348,-0.100078999996185,21.4,23.1,83.3,5.3,16.3,13.5,24
2016-08-25,16.674352645874,24.4136581420898,31.8422260284424,-0.0616527311503887,21.4,23.1,83.3,5.3,16.3,13.5,24
2016-08-26,16.247953414917,24.1815433502197,31.9929733276367,-0.0380450151860714,21.4,23.1,83.3,5.3,16.3,13.5,24
2016-08-27,16.7904434204102,24.7030467987061,32.1566047668457,-0.0469947494566441,21.4,23.1,83.3,5.3,16.3,13.5,24
2016-08-28,16.9930686950684,24.9750423431396,32.169792175293,0.00242689251899719,21.4,23.1,83.3,5.3,16.3,13.5,24
2016-08-29,17.1823329925537,24.9582347869873,32.1183853149414,0.022972771897912,21.4,23.1,83.3,5.3,16.3,13.5,24
2016-08-30,15.8169412612915,25.276388168335,31.9513244628906,-0.0475320033729076,21.4,23.1,83.3,5.3,16.3,13.5,24
2016-08-31,15.7141885757446,25.3212566375732,31.7481384277344,0.0325261913239956,21.4,23.1,83.3,5.3,16.3,13.5,24
2016-09-01,15.6421251296997,25.2053165435791,31.6763019561768,0.0845198333263397,21.4,23.1,83.3,5.3,16.3,13.5,24
2016-09-02,15.3303956985474,24.2707138061523,31.6473331451416,0.0590397603809834,21.4,23.1,83.3,5.3,16.3,13.5,24
2016-09-03,16.3945026397705,23.3992671966553,31.979850769043,0.222815692424774,21.4,23.1,83.3,5.3,16.3,13.5,24
2016-09-04,21.6717224121094,22.2744808197021,32.2859840393066,0.334152698516846,21.4,23.1,83.3,5.3,16.3,13.5,24
2016-09-05,22.8882122039795,23.0071029663086,32.3659706115723,0.344913363456726,21.4,23.1,83.3,5.3,16.3,13.5,24
2016-09-06,22.8038635253906,22.94016456604,32.2178955078125,0.219492316246033,21.4,23.1,83.3,5.3,16.3,13.5,24
2016-09-07,22.8156223297119,23.1125240325928,32.1464614868164,0.0809815004467964,21.4,23.1,83.3,5.3,16.3,13.5,24
2016-09-08,23.4309139251709,23.6636867523193,31.9020519256592,0.00929133873432875,21.4,23.1,83.3,5.3,16.3,13.5,24
2016-09-09,23.4321670532227,24.1162509918213,31.8239822387695,-0.0372695960104465,21.4,23.1,83.3,5.3,16.3,13.5,24
2016-09-10,23.2768707275391,24.3125591278076,31.8475894927979,-0.0754513815045357,21.4,23.1,83.3,5.3,16.3,13.5,24
2016-09-11,21.5711765289307,23.9033489227295,31.8583831787109,-0.076842837035656,21.4,23.1,83.3,5.3,16.3,13.5,24
2016-09-12,21.2367458343506,23.7300930023193,31.9336395263672,-0.0791846737265587,21.4,23.1,83.3,5.3,16.3,13.5,24
2016-09-13,21.0447292327881,23.4949798583984,31.9561309814453,-0.119677357375622,21.4,23.1,83.3,5.3,16.3,13.5,24
2016-09-14,20.5239238739014,23.2009525299072,31.8427486419678,-0.0539578162133694,21.4,23.1,83.3,5.3,16.3,13.5,24
2016-09-15,20.3651523590088,23.2060794830322,31.871618270874,-0.011883688159287,21.4,23.1,83.3,5.3,16.3,13.5,24
2016-09-16,20.8285961151123,22.7001342773438,31.9123439788818,0.00147752335760742,21.4,23.1,83.3,5.3,16.3,13.5,24
2016-09-17,21.8838596343994,22.5748748779297,32.2320747375488,-0.0250274483114481,21.4,23.1,83.3,5.3,16.3,13.5,24
2016-09-18,21.6874866485596,23.0541095733643,32.1534004211426,-0.0709876716136932,21.4,23.1,83.3,5.3,16.3,13.5,24
2016-09-19,21.0691413879395,23.5679779052734,32.0583381652832,-0.0420791208744049,21.4,23.1,83.3,5.3,16.3,13.5,24
2016-09-20,21.476583480835,23.5911045074463,31.8943405151367,0.0145830316469073,21.4,23.1,83.3,5.3,16.3,13.5,24
2016-09-21,21.627799987793,23.474645614624,31.931489944458,0.0290010441094637,21.4,23.1,83.3,5.3,16.3,13.5,24
2016-09-22,21.9192676544189,23.2800235748291,32.0257835388184,0.0585862696170807,21.4,23.1,83.3,5.3,16.3,13.5,24
2016-09-23,21.7243251800537,23.1763668060303,31.9408130645752,0.0726507604122162,21.4,23.1,83.3,5.3,16.3,13.5,24
2016-09-24,21.5833072662354,23.1699848175049,31.8470249176025,0.0391939096152782,21.4,23.1,83.3,5.3,16.3,13.5,24
2016-09-25,22.0535678863525,22.4859218597412,31.7152843475342,0.0125776221975684,21.4,23.1,83.3,5.3,16.3,13.5,24
2016-09-26,20.185510635376,21.3030872344971,31.6364192962646,-0.0645001828670502,21.4,23.1,83.3,5.3,16.3,13.5,24
2016-09-27,19.5119609832764,21.31081199646,31.5930404663086,-0.0415481626987457,21.4,23.1,83.3,5.3,16.3,13.5,24
2016-09-28,19.1748924255371,21.3601322174072,31.611047744751,0.0144602805376053,21.4,23.1,83.3,5.3,16.3,13.5,24
2016-09-29,20.5295658111572,21.5417385101318,31.6874828338623,0.237518146634102,21.4,23.1,83.3,5.3,16.3,13.5,24
2016-09-30,21.6899700164795,21.7827224731445,31.8150806427002,0.39027526974678,21.4,23.1,83.3,5.3,16.3,13.5,24
2016-10-01,22.1321697235107,22.2552032470703,31.8519458770752,0.306650727987289,21.4,23.1,83.3,5.3,16.3,13.5,24
2016-10-02,20.7678852081299,22.0178298950195,31.808349609375,0.130611211061478,21.4,23.1,83.3,5.3,16.3,13.5,24
2016-10-03,20.7188625335693,21.9339771270752,31.7681427001953,0.073414571583271,21.4,23.1,83.3,5.3,16.3,13.5,24
2016-10-04,20.6502094268799,21.5677394866943,31.7124118804932,0.111153356730938,21.4,23.1,83.3,5.3,16.3,13.5,24
2016-10-05,20.7494163513184,20.7380142211914,31.5622234344482,0.243753328919411,21.4,23.1,83.3,5.3,16.3,13.5,24
2016-10-06,20.4027004241943,20.4076824188232,31.510763168335,0.0994980409741402,21.4,23.1,83.3,5.3,16.3,13.5,24
2016-10-07,20.3513736724854,20.3842182159424,31.5209941864014,0.0433002524077892,21.4,23.1,83.3,5.3,16.3,13.5,24
2016-10-08,19.1570453643799,20.8554439544678,31.4328212738037,0.104173950850964,21.4,23.1,83.3,5.3,16.3,13.5,24
2016-10-09,19.8130130767822,20.3368282318115,31.3410625457764,0.206768870353699,21.4,23.1,83.3,5.3,16.3,13.5,24
2016-10-10,19.4246006011963,19.3911914825439,31.6989421844482,0.176398977637291,21.4,23.1,83.3,5.3,16.3,13.5,24
2016-10-11,18.8068447113037,18.8325710296631,31.9921360015869,0.0346601605415344,21.4,23.1,83.3,5.3,16.3,13.5,24
2016-10-12,18.8003311157227,18.8941287994385,31.9946231842041,-0.00231962534599006,21.4,23.1,83.3,5.3,16.3,13.5,24
2016-10-13,18.845458984375,19.0889720916748,31.9706630706787,0.00167133659124374,21.4,23.1,83.3,5.3,16.3,13.5,24
2016-10-14,18.6442489624023,18.9639301300049,32.0123291015625,-0.0515870302915573,21.4,23.1,83.3,5.3,16.3,13.5,24
2016-10-15,18.6876468658447,18.688985824585,32.1736602783203,-0.0398979038000107,21.4,23.1,83.3,5.3,16.3,13.5,24
2016-10-16,18.6084537506104,18.6636486053467,32.1086235046387,-0.0108951255679131,21.4,23.1,83.3,5.3,16.3,13.5,24
2016-10-17,19.0403747558594,19.0670719146729,31.6510028839111,-0.0367103815078735,21.4,23.1,83.3,5.3,16.3,13.5,24
2016-10-18,19.0992431640625,19.3172397613525,31.4092464447021,0.0152705730870366,21.4,23.1,83.3,5.3,16.3,13.5,24
2016-10-19,19.1010398864746,19.4798812866211,31.4214191436768,0.0314815565943718,21.4,23.1,83.3,5.3,16.3,13.5,24
2016-10-20,19.1827335357666,19.5631637573242,31.3671569824219,0.0761512815952301,21.4,23.1,83.3,5.3,16.3,13.5,24
2016-10-21,19.1630802154541,19.6384181976318,31.4681606292725,0.208063259720802,21.4,23.1,83.3,5.3,16.3,13.5,24
2016-10-22,19.14084815979,19.2643642425537,31.8719387054443,0.0681782439351082,21.4,23.1,83.3,5.3,16.3,13.5,24
2016-10-23,18.96901512146,18.6669998168945,32.3719749450684,-0.293390065431595,21.4,23.1,83.3,5.3,16.3,13.5,24
2016-10-24,18.8316822052002,18.6248722076416,32.4153785705566,-0.29553759098053,21.4,23.1,83.3,5.3,16.3,13.5,24
2016-10-25,18.7525787353516,18.2918338775635,32.4386596679688,-0.253582328557968,21.4,23.1,83.3,5.3,16.3,13.5,24
2016-10-26,17.6294555664062,17.4751415252686,32.4482574462891,-0.204493448138237,21.4,23.1,83.3,5.3,16.3,13.5,24
2016-10-27,17.5066204071045,17.2009963989258,32.4955940246582,-0.1698247641325,21.4,23.1,83.3,5.3,16.3,13.5,24
2016-10-28,17.3431377410889,17.1439838409424,32.5157623291016,-0.173682391643524,21.4,23.1,83.3,5.3,16.3,13.5,24
2016-10-29,17.7341022491455,17.5898094177246,32.4274864196777,-0.168406024575233,21.4,23.1,83.3,5.3,16.3,13.5,24
2016-10-30,17.7562065124512,17.6518268585205,32.4019622802734,-0.140677735209465,21.4,23.1,83.3,5.3,16.3,13.5,24
2016-10-31,17.7533283233643,17.6592864990234,32.442985534668,-0.0745916292071342,21.4,23.1,83.3,5.3,16.3,13.5,24
2016-11-01,17.4301815032959,17.3954448699951,32.5176162719727,-0.0843790173530579,21.4,23.1,83.3,5.3,16.3,13.5,24
2016-11-02,17.4136238098145,17.3736171722412,32.4942092895508,-0.0649492219090462,21.4,23.1,83.3,5.3,16.3,13.5,24
2016-11-03,17.4088096618652,17.3679676055908,32.4277763366699,-0.0684929266571999,21.4,23.1,83.3,5.3,16.3,13.5,24
2016-11-04,17.4272003173828,17.3038787841797,32.3260688781738,-0.0351994335651398,21.4,23.1,83.3,5.3,16.3,13.5,24
2016-11-05,17.1872615814209,17.1260643005371,32.4568061828613,-0.0733868405222893,21.4,23.1,83.3,5.3,16.3,13.5,24
2016-11-06,17.0000667572021,16.9500427246094,32.4620780944824,-0.0938841700553894,21.4,23.1,83.3,5.3,16.3,13.5,24
2016-11-07,16.7554225921631,16.7492523193359,32.4766960144043,0.0522097051143646,21.4,23.1,83.3,5.3,16.3,13.5,24
2016-11-08,16.5013313293457,16.4812030792236,32.4069671630859,0.0641344264149666,21.4,23.1,83.3,5.3,16.3,13.5,24
2016-11-09,16.4244422912598,16.2056140899658,32.2897872924805,0.0391118936240673,21.4,23.1,83.3,5.3,16.3,13.5,24
2016-11-10,16.3635311126709,16.153881072998,32.2991065979004,0.0294195171445608,21.4,23.1,83.3,5.3,16.3,13.5,24
2016-11-11,15.971640586853,15.9195747375488,32.3240928649902,-0.115923397243023,21.4,23.1,83.3,5.3,16.3,13.5,24
2016-11-12,15.6856145858765,15.642918586731,32.3517417907715,-0.171317681670189,21.4,23.1,83.3,5.3,16.3,13.5,24
2016-11-13,15.4650688171387,15.4053525924683,32.4593925476074,-0.199864909052849,21.4,23.1,83.3,5.3,16.3,13.5,24
2016-11-14,15.3017921447754,14.9185476303101,32.2414703369141,-0.235729709267616,21.4,23.1,83.3,5.3,16.3,13.5,24
2016-11-15,15.1858129501343,15.0392227172852,32.3758277893066,-0.0723620727658272,21.4,23.1,83.3,5.3,16.3,13.5,24
2016-11-16,15.1898889541626,15.129937171936,32.557918548584,-0.0179922934621572,21.4,23.1,83.3,5.3,16.3,13.5,24
2016-11-17,15.092116355896,14.8065614700317,32.4021873474121,-0.102983593940735,21.4,23.1,83.3,5.3,16.3,13.5,24
2016-11-18,14.9419622421265,14.9228849411011,32.5703773498535,-0.0496538989245892,21.4,23.1,83.3,5.3,16.3,13.5,24
2016-11-19,14.6521558761597,14.6413040161133,32.5245018005371,0.0394050069153309,21.4,23.1,83.3,5.3,16.3,13.5,24
2016-11-20,14.3312768936157,14.2825975418091,32.4851417541504,-0.188679218292236,21.4,23.1,83.3,5.3,16.3,13.5,24
2016-11-21,13.6663408279419,13.6134338378906,32.5205726623535,-0.512109637260437,21.4,23.1,83.3,5.3,16.3,13.5,24
2016-11-22,12.9338674545288,12.8913459777832,32.5911293029785,-0.503318309783936,21.4,23.1,83.3,5.3,16.3,13.5,24
2016-11-23,12.6214485168457,12.5806198120117,32.632022857666,-0.331309795379639,21.4,23.1,83.3,5.3,16.3,13.5,24
2016-11-24,12.4807024002075,12.4492301940918,32.644947052002,-0.212880328297615,21.4,23.1,83.3,5.3,16.3,13.5,24
2016-11-25,12.3410215377808,12.3700323104858,32.511287689209,-0.0795772075653076,21.4,23.1,83.3,5.3,16.3,13.5,24
2016-11-26,12.7084760665894,12.7093458175659,32.5546493530273,-0.0268773529678583,21.4,23.1,83.3,5.3,16.3,13.5,24
2016-11-27,12.7297706604004,12.6875276565552,32.5827178955078,-0.0814025029540062,21.4,23.1,83.3,5.3,16.3,13.5,24
2016-11-28,12.3508958816528,12.228835105896,32.5693550109863,-0.120538853108883,21.4,23.1,83.3,5.3,16.3,13.5,24
2016-11-29,12.407711982727,12.0457048416138,32.4940986633301,-0.116849482059479,21.4,23.1,83.3,5.3,16.3,13.5,24
2016-11-30,12.6988143920898,12.202977180481,32.5251312255859,-0.00343471043743193,21.4,23.1,83.3,5.3,16.3,13.5,24
2016-12-01,13.3234100341797,12.5133323669434,32.5013427734375,0.0331634283065796,21.4,23.1,83.3,5.3,16.3,13.5,24
2016-12-02,13.1632089614868,12.3227119445801,32.5197486877441,-0.120253078639507,21.4,23.1,83.3,5.3,16.3,13.5,24
2016-12-03,12.4084320068359,12.0798959732056,32.6100883483887,-0.252580374479294,21.4,23.1,83.3,5.3,16.3,13.5,24
2016-12-04,11.6273956298828,11.5192909240723,32.6151237487793,-0.182769641280174,21.4,23.1,83.3,5.3,16.3,13.5,24
2016-12-05,11.753155708313,11.5714225769043,32.6520652770996,-0.00931438058614731,21.4,23.1,83.3,5.3,16.3,13.5,24
2016-12-06,11.6647119522095,11.5596704483032,32.7013359069824,0.0422202311456203,21.4,23.1,83.3,5.3,16.3,13.5,24
2016-12-07,11.5829439163208,11.5948677062988,32.6214599609375,0.204762935638428,21.4,23.1,83.3,5.3,16.3,13.5,24
2016-12-08,11.535740852356,11.4776163101196,32.4972381591797,0.0190762560814619,21.4,23.1,83.3,5.3,16.3,13.5,24
2016-12-09,11.0603647232056,11.0082597732544,32.4468269348145,-0.188534542918205,21.4,23.1,83.3,5.3,16.3,13.5,24
2016-12-10,10.4617252349854,10.4058618545532,32.3614501953125,-0.305291414260864,21.4,23.1,83.3,5.3,16.3,13.5,24
2016-12-11,10.2538175582886,10.2240228652954,32.4157638549805,-0.267838716506958,21.4,23.1,83.3,5.3,16.3,13.5,24
2016-12-12,10.1667175292969,10.0839385986328,32.391902923584,-0.0853124484419823,21.4,23.1,83.3,5.3,16.3,13.5,24
2016-12-13,10.3108491897583,10.2395372390747,32.3245048522949,-0.197750255465508,21.4,23.1,83.3,5.3,16.3,13.5,24
2016-12-14,10.4454317092896,10.4153833389282,32.4516372680664,-0.0853973925113678,21.4,23.1,83.3,5.3,16.3,13.5,24
2016-12-15,10.3524856567383,10.1737070083618,32.4782524108887,-0.229341343045235,21.4,23.1,83.3,5.3,16.3,13.5,24
2016-12-16,9.28408241271973,9.21495342254639,32.5010223388672,-0.50490665435791,21.4,23.1,83.3,5.3,16.3,13.5,24
2016-12-17,9.27801895141602,9.25844478607178,32.628116607666,-0.258564889431,21.4,23.1,83.3,5.3,16.3,13.5,24
2016-12-18,9.53196620941162,9.53618335723877,32.7007217407227,-0.248734280467033,21.4,23.1,83.3,5.3,16.3,13.5,24
2016-12-19,9.16332149505615,9.1265811920166,32.7239151000977,-0.281702280044556,21.4,23.1,83.3,5.3,16.3,13.5,24
2016-12-20,9.08263492584229,9.04680061340332,32.7531356811523,-0.144951581954956,21.4,23.1,83.3,5.3,16.3,13.5,24
2016-12-21,8.85379028320312,8.7834005355835,32.6751747131348,-0.134065359830856,21.4,23.1,83.3,5.3,16.3,13.5,24
2016-12-22,9.19571018218994,8.86535930633545,32.4909553527832,-0.17580159008503,21.4,23.1,83.3,5.3,16.3,13.5,24
2016-12-23,9.11197662353516,8.80822086334229,32.5581207275391,-0.306357949972153,21.4,23.1,83.3,5.3,16.3,13.5,24
2016-12-24,9.26306819915771,8.44026851654053,32.4557418823242,-0.226868823170662,21.4,23.1,83.3,5.3,16.3,13.5,24
2016-12-25,9.05675220489502,7.96675872802734,32.2611351013184,-0.365381926298141,21.4,23.1,83.3,5.3,16.3,13.5,24
2016-12-26,9.13793754577637,8.31993007659912,32.4801902770996,-0.224097684025764,21.4,23.1,83.3,5.3,16.3,13.5,24
2016-12-27,9.56958103179932,8.23861503601074,32.4123802185059,-0.192980885505676,21.4,23.1,83.3,5.3,16.3,13.5,24
2016-12-28,9.622239112854,8.13745021820068,32.4704666137695,-0.310892939567566,21.4,23.1,83.3,5.3,16.3,13.5,24
2016-12-29,9.56318950653076,8.30719661712646,32.5536651611328,-0.108908422291279,21.4,23.1,83.3,5.3,16.3,13.5,24
2016-12-30,10.0773496627808,8.37707138061523,32.6569671630859,-0.267730742692947,21.4,23.1,83.3,5.3,16.3,13.5,24
2016-12-31,9.45353984832764,8.94834232330322,33.0775337219238,-0.417963147163391,21.4,23.1,83.3,5.3,16.3,13.5,24
2017-01-01,9.3767032623291,9.12918376922607,33.2620735168457,-0.422827482223511,21.4,23.1,83.3,5.3,16.3,13.5,24
2017-01-02,9.86131763458252,9.26140594482422,33.3563194274902,-0.187647774815559,21.4,23.1,83.3,5.3,16.3,13.5,24
2017-01-03,8.99139881134033,8.98931407928467,33.2611198425293,0.103144764900208,21.4,23.1,83.3,5.3,16.3,13.5,24
2017-01-04,8.92063617706299,8.44864845275879,32.7877082824707,0.0139516768977046,21.4,23.1,83.3,5.3,16.3,13.5,24
2017-01-05,8.89728450775146,8.15890979766846,32.8072700500488,-0.232662841677666,21.4,23.1,83.3,5.3,16.3,13.5,24
2017-01-06,8.10853481292725,7.36012840270996,32.7015647888184,-0.185856387019157,21.4,23.1,83.3,5.3,16.3,13.5,24
2017-01-07,7.90336465835571,7.82950067520142,32.9704780578613,-0.14137114584446,21.4,23.1,83.3,5.3,16.3,13.5,24
2017-01-08,7.40181589126587,7.33745431900024,32.7566566467285,-0.278679609298706,21.4,23.1,83.3,5.3,16.3,13.5,24
2017-01-09,7.13717651367188,7.04453420639038,32.7909507751465,-0.415987998247147,21.4,23.1,83.3,5.3,16.3,13.5,24
2017-01-10,7.23380661010742,6.22530555725098,32.5424842834473,-0.379955738782883,21.4,23.1,83.3,5.3,16.3,13.5,24
2017-01-11,7.57781219482422,6.00927305221558,32.3647155761719,-0.340260833501816,21.4,23.1,83.3,5.3,16.3,13.5,24
2017-01-12,7.9676308631897,7.41806983947754,32.5119018554688,-0.398398280143738,21.4,23.1,83.3,5.3,16.3,13.5,24
2017-01-13,8.20719242095947,7.30905866622925,32.6512184143066,-0.518174707889557,21.4,23.1,83.3,5.3,16.3,13.5,24
2017-01-14,8.10053539276123,7.50859594345093,32.7318153381348,-0.402823120355606,21.4,23.1,83.3,5.3,16.3,13.5,24
2017-01-15,7.87687826156616,6.54492235183716,32.5417137145996,-0.327154666185379,21.4,23.1,83.3,5.3,16.3,13.5,24
2017-01-16,7.71187257766724,6.4236273765564,32.5207824707031,-0.280107945203781,21.4,23.1,83.3,5.3,16.3,13.5,24
2017-01-17,7.84095239639282,6.52751922607422,32.489444732666,-0.221325099468231,21.4,23.1,83.3,5.3,16.3,13.5,24
2017-01-18,7.8174843788147,6.9217038154602,32.4822044372559,-0.148636609315872,21.4,23.1,83.3,5.3,16.3,13.5,24
2017-01-19,7.89844274520874,7.29369211196899,32.5207786560059,-0.0345127768814564,21.4,23.1,83.3,5.3,16.3,13.5,24
2017-01-20,7.94028854370117,7.2405948638916,32.3640441894531,-0.0919858291745186,21.4,23.1,83.3,5.3,16.3,13.5,24
2017-01-21,8.01819133758545,7.78183889389038,32.2260360717773,-0.109665744006634,21.4,23.1,83.3,5.3,16.3,13.5,24
2017-01-22,8.2051887512207,7.98840188980103,32.2211685180664,-0.0700282379984856,21.4,23.1,83.3,5.3,16.3,13.5,24
2017-01-23,8.11435699462891,8.20138645172119,32.6242370605469,0.34826871752739,21.4,23.1,83.3,5.3,16.3,13.5,24
2017-01-24,6.60913896560669,6.58606195449829,32.6975708007812,0.43262842297554,21.4,23.1,83.3,5.3,16.3,13.5,24
2017-01-25,6.36214017868042,6.09409141540527,32.8172569274902,-0.0330411158502102,21.4,23.1,83.3,5.3,16.3,13.5,24
2017-01-26,6.45037698745728,6.10932922363281,31.7538375854492,-0.0911800563335419,21.4,23.1,83.3,5.3,16.3,13.5,24
2017-01-27,6.58247137069702,6.73743200302124,31.87526512146,-0.359063535928726,21.4,23.1,83.3,5.3,16.3,13.5,24
2017-01-28,7.10008192062378,6.70408391952515,32.2416877746582,-0.492986440658569,21.4,23.1,83.3,5.3,16.3,13.5,24
2017-01-29,7.5001220703125,6.62146425247192,32.5475769042969,-0.344090729951859,21.4,23.1,83.3,5.3,16.3,13.5,24
2017-01-30,6.89310693740845,6.27165174484253,32.6547889709473,-0.235921874642372,21.4,23.1,83.3,5.3,16.3,13.5,24
2017-01-31,6.8563232421875,5.97110986709595,32.6671371459961,-0.297393023967743,21.4,23.1,83.3,5.3,16.3,13.5,24
2017-02-01,7.14622354507446,6.02076768875122,32.7265357971191,-0.248111560940742,21.4,23.1,83.3,5.3,16.3,13.5,24
2017-02-02,7.10255002975464,6.22058296203613,32.4956092834473,-0.291309148073196,21.4,23.1,83.3,5.3,16.3,13.5,24
2017-02-03,7.1214542388916,6.21696472167969,32.5168037414551,-0.258658319711685,21.4,23.1,83.3,5.3,16.3,13.5,24
2017-02-04,6.89996480941772,6.30935668945312,32.6055717468262,-0.336594730615616,21.4,23.1,83.3,5.3,16.3,13.5,24
2017-02-05,6.65881872177124,5.73997449874878,32.1867752075195,-0.325004488229752,21.4,23.1,83.3,5.3,16.3,13.5,24
2017-02-06,6.8767580986023,5.70113754272461,32.0396690368652,-0.374577730894089,21.4,23.1,83.3,5.3,16.3,13.5,24
2017-02-07,7.32904672622681,5.59745788574219,32.0285911560059,-0.259454339742661,21.4,23.1,83.3,5.3,16.3,13.5,24
2017-02-08,6.87333488464355,4.89985942840576,32.3856353759766,-0.1506517380476,21.4,23.1,83.3,5.3,16.3,13.5,24
2017-02-09,6.85973787307739,5.23217964172363,32.414966583252,-0.106609098613262,21.4,23.1,83.3,5.3,16.3,13.5,24
2017-02-10,5.79678106307983,5.58848428726196,32.6984176635742,-0.356949776411057,21.4,23.1,83.3,5.3,16.3,13.5,24
2017-02-11,6.194420337677,6.03790664672852,32.7305717468262,-0.376143366098404,21.4,23.1,83.3,5.3,16.3,13.5,24
2017-02-12,6.60244035720825,6.06384611129761,32.7292404174805,-0.111412890255451,21.4,23.1,83.3,5.3,16.3,13.5,24
2017-02-13,6.88521385192871,6.24022531509399,32.8187713623047,-0.234152570366859,21.4,23.1,83.3,5.3,16.3,13.5,24
2017-02-14,5.29091024398804,5.2697958946228,32.8284797668457,-0.237019062042236,21.4,23.1,83.3,5.3,16.3,13.5,24
2017-02-15,5.71462392807007,5.3364520072937,32.8941764831543,0.0528261661529541,21.4,23.1,83.3,5.3,16.3,13.5,24
2017-02-16,5.76030349731445,5.02815055847168,32.8077964782715,-0.208661556243896,21.4,23.1,83.3,5.3,16.3,13.5,24
2017-02-17,5.05727624893188,4.94170331954956,32.7353324890137,-0.241287812590599,21.4,23.1,83.3,5.3,16.3,13.5,24
2017-02-18,5.15731763839722,5.14579153060913,32.8312339782715,-0.272258818149567,21.4,23.1,83.3,5.3,16.3,13.5,24
2017-02-19,5.42624044418335,5.53194570541382,32.8982200622559,-0.228359162807465,21.4,23.1,83.3,5.3,16.3,13.5,24
2017-02-20,5.41736555099487,6.46042442321777,32.8723297119141,-0.268190383911133,21.4,23.1,83.3,5.3,16.3,13.5,24
2017-02-21,5.52192258834839,6.66587066650391,32.8994445800781,-0.161055400967598,21.4,23.1,83.3,5.3,16.3,13.5,24
2017-02-22,5.6622052192688,6.90463829040527,32.7925682067871,-0.158234044909477,21.4,23.1,83.3,5.3,16.3,13.5,24
2017-02-23,5.50895500183105,6.3897500038147,32.7033424377441,-0.181215330958366,21.4,23.1,83.3,5.3,16.3,13.5,24
2017-02-24,5.58319664001465,6.49417495727539,32.5892524719238,-0.166587173938751,21.4,23.1,83.3,5.3,16.3,13.5,24
2017-02-25,5.62893104553223,6.88348054885864,32.5229263305664,-0.0773549377918243,21.4,23.1,83.3,5.3,16.3,13.5,24
2017-02-26,6.17273902893066,6.46855926513672,32.5281715393066,-0.275098115205765,21.4,23.1,83.3,5.3,16.3,13.5,24
2017-02-27,6.20550918579102,6.24350023269653,32.5141944885254,-0.387599021196365,21.4,23.1,83.3,5.3,16.3,13.5,24
2017-02-28,6.27606010437012,6.52269124984741,32.5778923034668,-0.260860204696655,21.4,23.1,83.3,5.3,16.3,13.5,24
2017-03-01,6.26457071304321,6.73340177536011,32.5377235412598,-0.153672352433205,21.4,23.1,83.3,5.3,16.3,13.5,24
2017-03-02,6.52608680725098,6.83606958389282,33.0205764770508,-0.40715941786766,21.4,23.1,83.3,5.3,16.3,13.5,24
2017-03-03,6.84141397476196,6.82069969177246,33.3237419128418,-0.50141304731369,21.4,23.1,83.3,5.3,16.3,13.5,24
2017-03-04,6.51550149917603,6.39605474472046,33.2078819274902,-0.47972047328949,21.4,23.1,83.3,5.3,16.3,13.5,24
2017-03-05,6.29879236221313,6.20204496383667,33.0725479125977,-0.434345364570618,21.4,23.1,83.3,5.3,16.3,13.5,24
2017-03-06,6.25673055648804,6.11170721054077,32.939453125,-0.310819536447525,21.4,23.1,83.3,5.3,16.3,13.5,24
2017-03-07,6.57130432128906,6.57643508911133,32.8878059387207,-0.214173674583435,21.4,23.1,83.3,5.3,16.3,13.5,24
2017-03-08,6.74347114562988,6.8680911064148,32.9515686035156,-0.248884275555611,21.4,23.1,83.3,5.3,16.3,13.5,24
2017-03-09,6.97519302368164,6.98353433609009,33.1104011535645,-0.357734948396683,21.4,23.1,83.3,5.3,16.3,13.5,24
2017-03-10,7.70349645614624,7.59797239303589,33.2296485900879,-0.204335644841194,21.4,23.1,83.3,5.3,16.3,13.5,24
2017-03-11,7.53462839126587,7.41094064712524,33.067699432373,-0.388127326965332,21.4,23.1,83.3,5.3,16.3,13.5,24
2017-03-12,7.26732301712036,7.18345403671265,32.9728240966797,-0.465051293373108,21.4,23.1,83.3,5.3,16.3,13.5,24
2017-03-13,6.5955696105957,6.57501363754272,32.8348503112793,-0.45348396897316,21.4,23.1,83.3,5.3,16.3,13.5,24
2017-03-14,6.75079584121704,6.75067710876465,32.940055847168,0.075506716966629,21.4,23.1,83.3,5.3,16.3,13.5,24
2017-03-15,6.57260131835938,6.52430295944214,32.8228340148926,-0.354045003652573,21.4,23.1,83.3,5.3,16.3,13.5,24
2017-03-16,5.66155195236206,5.63793420791626,32.8845710754395,-0.600052714347839,21.4,23.1,83.3,5.3,16.3,13.5,24
2017-03-17,5.66038084030151,5.6038703918457,33.063533782959,-0.488329201936722,21.4,23.1,83.3,5.3,16.3,13.5,24
2017-03-18,5.78292274475098,5.80999708175659,33.1256256103516,-0.239288344979286,21.4,23.1,83.3,5.3,16.3,13.5,24
2017-03-19,5.94537019729614,5.81381845474243,32.9637336730957,0.0745361223816872,21.4,23.1,83.3,5.3,16.3,13.5,24
2017-03-20,5.61940765380859,5.67996215820312,32.7259368896484,-0.00806297082453966,21.4,23.1,83.3,5.3,16.3,13.5,24
2017-03-21,5.44331932067871,5.81171464920044,32.5461235046387,-0.0725662484765053,21.4,23.1,83.3,5.3,16.3,13.5,24
2017-03-22,4.78418970108032,5.72722673416138,32.4530029296875,-0.189392745494843,21.4,23.1,83.3,5.3,16.3,13.5,24
2017-03-23,5.03145694732666,5.04902982711792,32.8362998962402,-0.370240896940231,21.4,23.1,83.3,5.3,16.3,13.5,24
2017-03-24,5.07694435119629,4.98682451248169,32.4197616577148,-0.402524203062057,21.4,23.1,83.3,5.3,16.3,13.5,24
2017-03-25,5.85620546340942,6.02867937088013,32.0702247619629,-0.384168118238449,21.4,23.1,83.3,5.3,16.3,13.5,24
2017-03-26,5.95119047164917,6.46372842788696,32.1346473693848,-0.264648824930191,21.4,23.1,83.3,5.3,16.3,13.5,24
2017-03-27,5.76872682571411,6.43438100814819,32.1113243103027,-0.202045202255249,21.4,23.1,83.3,5.3,16.3,13.5,24
2017-03-28,5.53720235824585,6.14821100234985,31.8642978668213,-0.15337373316288,21.4,23.1,83.3,5.3,16.3,13.5,24
2017-03-29,5.54063177108765,6.56274080276489,31.5914821624756,-0.133002564311028,21.4,23.1,83.3,5.3,16.3,13.5,24
2017-03-30,5.45288228988647,6.59620666503906,31.4537506103516,-0.167141184210777,21.4,23.1,83.3,5.3,16.3,13.5,24
2017-03-31,4.61456871032715,5.98382902145386,31.3311004638672,-0.0322997011244297,21.4,23.1,83.3,5.3,16.3,13.5,24
2017-04-01,4.57062578201294,5.92319250106812,31.5815887451172,0.0940736159682274,21.4,23.1,83.3,5.3,16.3,13.5,24
2017-04-02,4.46452856063843,6.14934539794922,32.1906318664551,-0.0426169745624065,21.4,23.1,83.3,5.3,16.3,13.5,24
2017-04-03,4.87957286834717,6.33192300796509,32.1836051940918,-0.0575227625668049,21.4,23.1,83.3,5.3,16.3,13.5,24
2017-04-04,4.96892976760864,6.68830347061157,32.0212020874023,0.0606146045029163,21.4,23.1,83.3,5.3,16.3,13.5,24
2017-04-05,5.05429983139038,7.39013290405273,31.9779376983643,0.0338432975113392,21.4,23.1,83.3,5.3,16.3,13.5,24
2017-04-06,6.47599601745605,7.82342576980591,32.0830268859863,0.179171502590179,21.4,23.1,83.3,5.3,16.3,13.5,24
2017-04-07,6.45477819442749,7.65196657180786,32.1125831604004,0.0682469382882118,21.4,23.1,83.3,5.3,16.3,13.5,24
2017-04-08,6.71053886413574,7.38311195373535,32.4016075134277,-0.209066495299339,21.4,23.1,83.3,5.3,16.3,13.5,24
2017-04-09,6.89004325866699,7.3753547668457,32.5560188293457,-0.259255051612854,21.4,23.1,83.3,5.3,16.3,13.5,24
2017-04-10,6.92873239517212,7.70037841796875,32.657398223877,-0.283511757850647,21.4,23.1,83.3,5.3,16.3,13.5,24
2017-04-11,7.10484313964844,8.11920833587646,32.785831451416,-0.313975155353546,21.4,23.1,83.3,5.3,16.3,13.5,24
2017-04-12,7.35900688171387,8.79680633544922,32.7284088134766,-0.28544619679451,21.4,23.1,83.3,5.3,16.3,13.5,24
2017-04-13,7.44195556640625,9.42889499664307,32.7284126281738,-0.23379784822464,21.4,23.1,83.3,5.3,16.3,13.5,24
2017-04-14,7.48333501815796,9.74254894256592,32.7410888671875,-0.228667035698891,21.4,23.1,83.3,5.3,16.3,13.5,24
2017-04-15,7.8744158744812,10.1045198440552,32.8169441223145,-0.215681552886963,21.4,23.1,83.3,5.3,16.3,13.5,24
2017-04-16,7.97494173049927,10.0477924346924,32.900218963623,-0.224400520324707,21.4,23.1,83.3,5.3,16.3,13.5,24
2017-04-17,8.25436115264893,10.9749574661255,32.949275970459,-0.261997371912003,21.4,23.1,83.3,5.3,16.3,13.5,24
2017-04-18,8.09910869598389,11.0588827133179,32.7929191589355,-0.18710570037365,21.4,23.1,83.3,5.3,16.3,13.5,24
2017-04-19,7.78355932235718,10.6244220733643,32.901237487793,-0.127646699547768,21.4,23.1,83.3,5.3,16.3,13.5,24
2017-04-20,7.64128494262695,10.952000617981,32.6667251586914,-0.0930995419621468,21.4,23.1,83.3,5.3,16.3,13.5,24
2017-04-21,7.9390983581543,11.5543031692505,32.2329902648926,-0.0425289161503315,21.4,23.1,83.3,5.3,16.3,13.5,24
2017-04-22,7.65369987487793,11.8510999679565,32.048168182373,0.000787713855970651,21.4,23.1,83.3,5.3,16.3,13.5,24
2017-04-23,7.43484258651733,11.5650367736816,32.0342903137207,-0.105270035564899,21.4,23.1,83.3,5.3,16.3,13.5,24
2017-04-24,7.51389312744141,11.5210046768188,32.1330795288086,-0.0762426480650902,21.4,23.1,83.3,5.3,16.3,13.5,24
2017-04-25,7.6737494468689,10.7977600097656,32.5623359680176,0.05379718542099,21.4,23.1,83.3,5.3,16.3,13.5,24
2017-04-26,8.98304557800293,10.7033538818359,32.024845123291,0.0566183142364025,21.4,23.1,83.3,5.3,16.3,13.5,24
2017-04-27,9.39323329925537,12.5167818069458,31.188627243042,-0.0840436443686485,21.4,23.1,83.3,5.3,16.3,13.5,24
2017-04-28,8.90921115875244,12.8794221878052,30.4889450073242,-0.186226561665535,21.4,23.1,83.3,5.3,16.3,13.5,24
2017-04-29,8.54338264465332,13.2489633560181,30.6835422515869,-0.210946321487427,21.4,23.1,83.3,5.3,16.3,13.5,24
2017-04-30,8.51782131195068,13.2562704086304,30.8709278106689,-0.174838855862617,21.4,23.1,83.3,5.3,16.3,13.5,24
2017-05-01,8.33545970916748,13.1829147338867,31.1893863677979,-0.0959224700927734,21.4,23.1,83.3,5.3,16.3,13.5,24
2017-05-02,8.06364154815674,11.7576036453247,31.9345226287842,-0.153173267841339,21.4,23.1,83.3,5.3,16.3,13.5,24
2017-05-03,8.76622581481934,12.6744413375854,31.7698364257812,-0.142265900969505,21.4,23.1,83.3,5.3,16.3,13.5,24
2017-05-04,8.9054708480835,13.007908821106,31.845006942749,-0.158783704042435,21.4,23.1,83.3,5.3,16.3,13.5,24
2017-05-05,8.92652797698975,13.227427482605,31.9024982452393,0.0240210294723511,21.4,23.1,83.3,5.3,16.3,13.5,24
2017-05-06,9.56768703460693,13.1116056442261,32.1170616149902,0.0537362806499004,21.4,23.1,83.3,5.3,16.3,13.5,24
2017-05-07,9.62114429473877,13.3277139663696,32.2237777709961,-0.0540968216955662,21.4,23.1,83.3,5.3,16.3,13.5,24
2017-05-08,9.68267154693604,13.4745864868164,32.2897872924805,-0.123354725539684,21.4,23.1,83.3,5.3,16.3,13.5,24
2017-05-09,9.69324684143066,13.7840528488159,32.3657264709473,-0.130292147397995,21.4,23.1,83.3,5.3,16.3,13.5,24
2017-05-10,9.61896514892578,14.2223749160767,32.2772636413574,-0.0808790251612663,21.4,23.1,83.3,5.3,16.3,13.5,24
2017-05-11,9.56494045257568,14.4337682723999,32.1600875854492,-0.0110400700941682,21.4,23.1,83.3,5.3,16.3,13.5,24
2017-05-12,10.0838603973389,13.8028869628906,32.1334800720215,0.0491600669920444,21.4,23.1,83.3,5.3,16.3,13.5,24
2017-05-13,10.234694480896,13.4568643569946,32.1330833435059,0.183553889393806,21.4,23.1,83.3,5.3,16.3,13.5,24
2017-05-14,10.4710159301758,12.3861494064331,32.070629119873,0.155247241258621,21.4,23.1,83.3,5.3,16.3,13.5,24
2017-05-15,10.7378816604614,13.2019853591919,31.6550693511963,-0.0558305270969868,21.4,23.1,83.3,5.3,16.3,13.5,24
2017-05-16,10.7506513595581,13.4215660095215,31.4878597259521,-0.113285392522812,21.4,23.1,83.3,5.3,16.3,13.5,24
2017-05-17,10.3926181793213,14.3862028121948,30.1725387573242,-0.121881641447544,21.4,23.1,83.3,5.3,16.3,13.5,24
2017-05-18,10.851734161377,15.3281297683716,30.6281871795654,-0.152120664715767,21.4,23.1,83.3,5.3,16.3,13.5,24
2017-05-19,10.6141595840454,16.1878890991211,30.7227840423584,-0.188354089856148,21.4,23.1,83.3,5.3,16.3,13.5,24
2017-05-20,10.5897817611694,16.3839893341064,31.0236301422119,-0.086642436683178,21.4,23.1,83.3,5.3,16.3,13.5,24
2017-05-21,9.98589324951172,14.0089139938354,31.7819156646729,-0.125203311443329,21.4,23.1,83.3,5.3,16.3,13.5,24
2017-05-22,10.2973890304565,14.0266332626343,31.5792560577393,-0.120991379022598,21.4,23.1,83.3,5.3,16.3,13.5,24
2017-05-23,10.2157392501831,14.1870012283325,31.25119972229,-0.0483420304954052,21.4,23.1,83.3,5.3,16.3,13.5,24
2017-05-24,11.8435869216919,14.5160455703735,31.7189617156982,0.0466302633285522,21.4,23.1,83.3,5.3,16.3,13.5,24
2017-05-25,12.5300626754761,14.4037656784058,31.7642059326172,0.102918468415737,21.4,23.1,83.3,5.3,16.3,13.5,24
2017-05-26,12.3965177536011,15.3163833618164,31.3256530761719,-0.0297423545271158,21.4,23.1,83.3,5.3,16.3,13.5,24
2017-05-27,11.8760900497437,15.9351186752319,31.1544094085693,-0.0623568780720234,21.4,23.1,83.3,5.3,16.3,13.5,24
2017-05-28,11.8659715652466,16.4874820709229,31.0356311798096,0.0364042147994041,21.4,23.1,83.3,5.3,16.3,13.5,24
2017-05-29,12.1047964096069,16.4020824432373,31.445707321167,0.0979354754090309,21.4,23.1,83.3,5.3,16.3,13.5,24
2017-05-30,12.8686103820801,15.9667730331421,31.9032363891602,0.0289360526949167,21.4,23.1,83.3,5.3,16.3,13.5,24
2017-05-31,13.129077911377,16.0900096893311,31.8039855957031,0.0125535828992724,21.4,23.1,83.3,5.3,16.3,13.5,24
2017-06-01,12.9297227859497,16.5805912017822,31.5645389556885,-0.0564262866973877,21.4,23.1,83.3,5.3,16.3,13.5,24
2017-06-02,12.0040712356567,16.9979209899902,31.331579208374,-0.0673000365495682,21.4,23.1,83.3,5.3,16.3,13.5,24
2017-06-03,11.5913934707642,16.9569034576416,31.4510746002197,-0.0764565691351891,21.4,23.1,83.3,5.3,16.3,13.5,24
2017-06-04,11.3811483383179,16.9311389923096,31.5001430511475,-0.135259553790092,21.4,23.1,83.3,5.3,16.3,13.5,24
2017-06-05,11.4460287094116,17.5380477905273,31.1296615600586,-0.0303654875606298,21.4,23.1,83.3,5.3,16.3,13.5,24
2017-06-06,11.2532958984375,17.803731918335,30.9815807342529,0.0653542205691338,21.4,23.1,83.3,5.3,16.3,13.5,24
2017-06-07,12.0958280563354,17.5322189331055,30.9667530059814,0.125183030962944,21.4,23.1,83.3,5.3,16.3,13.5,24
2017-06-08,12.9288854598999,16.9394912719727,30.9919681549072,0.0514340102672577,21.4,23.1,83.3,5.3,16.3,13.5,24
2017-06-09,12.6978769302368,17.0110683441162,30.9068775177002,0.0261319186538458,21.4,23.1,83.3,5.3,16.3,13.5,24
2017-06-10,12.340838432312,17.9895706176758,30.2761974334717,-0.114602856338024,21.4,23.1,83.3,5.3,16.3,13.5,24
2017-06-11,12.3178634643555,19.0474281311035,30.0457763671875,-0.181394219398499,21.4,23.1,83.3,5.3,16.3,13.5,24
2017-06-12,12.1050071716309,19.7746677398682,30.4097290039062,-0.187585100531578,21.4,23.1,83.3,5.3,16.3,13.5,24
2017-06-13,11.9766874313354,20.4321174621582,30.599142074585,-0.129638805985451,21.4,23.1,83.3,5.3,16.3,13.5,24
2017-06-14,12.2995653152466,20.7617797851562,30.4282073974609,-0.0436831526458263,21.4,23.1,83.3,5.3,16.3,13.5,24
2017-06-15,12.5315999984741,20.3639259338379,30.516357421875,0.0266894306987524,21.4,23.1,83.3,5.3,16.3,13.5,24
2017-06-16,12.4511489868164,20.2366275787354,30.4705810546875,0.0961843356490135,21.4,23.1,83.3,5.3,16.3,13.5,24
2017-06-17,12.2962837219238,20.3545551300049,30.0074367523193,0.0996646657586098,21.4,23.1,83.3,5.3,16.3,13.5,24
2017-06-18,12.1547813415527,20.2496643066406,29.8035488128662,0.0453961528837681,21.4,23.1,83.3,5.3,16.3,13.5,24
2017-06-19,11.9859209060669,19.4755077362061,30.7392864227295,-0.0514349937438965,21.4,23.1,83.3,5.3,16.3,13.5,24
2017-06-20,12.7588233947754,19.9998455047607,31.3356914520264,-0.185396194458008,21.4,23.1,83.3,5.3,16.3,13.5,24
2017-06-21,12.6202669143677,20.0116920471191,31.4120559692383,-0.174793437123299,21.4,23.1,83.3,5.3,16.3,13.5,24
2017-06-22,12.6943893432617,19.4106845855713,31.720495223999,-0.166180521249771,21.4,23.1,83.3,5.3,16.3,13.5,24
2017-06-23,13.1650838851929,19.2209033966064,31.811185836792,-0.139190450310707,21.4,23.1,83.3,5.3,16.3,13.5,24
2017-06-24,13.2408685684204,17.7489261627197,31.9706344604492,-0.200486853718758,21.4,23.1,83.3,5.3,16.3,13.5,24
2017-06-25,13.4197273254395,18.6195011138916,32.034252166748,-0.183255180716515,21.4,23.1,83.3,5.3,16.3,13.5,24
2017-06-26,13.854811668396,20.526237487793,31.707052230835,-0.143799722194672,21.4,23.1,83.3,5.3,16.3,13.5,24
2017-06-27,13.8577318191528,20.9452648162842,31.4272937774658,-0.108023174107075,21.4,23.1,83.3,5.3,16.3,13.5,24
2017-06-28,13.9183778762817,20.9458522796631,31.1529083251953,-0.100053161382675,21.4,23.1,83.3,5.3,16.3,13.5,24
2017-06-29,14.1076211929321,20.3123378753662,31.1411895751953,-0.124595306813717,21.4,23.1,83.3,5.3,16.3,13.5,24
2017-06-30,13.9033880233765,19.8607654571533,31.6357669830322,-0.177320286631584,21.4,23.1,83.3,5.3,16.3,13.5,24
2017-07-01,13.851279258728,19.8828048706055,32.3727378845215,-0.159001871943474,21.4,23.1,83.3,5.3,16.3,13.5,24
2017-07-02,14.2217950820923,20.9528102874756,32.4976615905762,-0.107341833412647,21.4,23.1,83.3,5.3,16.3,13.5,24
2017-07-03,14.0606832504272,21.3393306732178,32.5204200744629,-0.111830681562424,21.4,23.1,83.3,5.3,16.3,13.5,24
2017-07-04,13.7799911499023,21.4333114624023,32.4838409423828,-0.0968620181083679,21.4,23.1,83.3,5.3,16.3,13.5,24
2017-07-05,13.6085004806519,21.9416446685791,32.4296226501465,-0.0706354975700378,21.4,23.1,83.3,5.3,16.3,13.5,24
2017-07-06,13.8076772689819,21.9731693267822,32.4894866943359,-0.0811701416969299,21.4,23.1,83.3,5.3,16.3,13.5,24
2017-07-07,13.5647096633911,21.8459720611572,32.2858276367188,0.0179975833743811,21.4,23.1,83.3,5.3,16.3,13.5,24
2017-07-08,14.1864957809448,22.6713199615479,31.6401290893555,-0.0779701247811317,21.4,23.1,83.3,5.3,16.3,13.5,24
2017-07-09,14.0171051025391,23.0299434661865,30.7984924316406,-0.110833793878555,21.4,23.1,83.3,5.3,16.3,13.5,24
2017-07-10,13.8105478286743,23.1229648590088,31.0326595306396,-0.123193062841892,21.4,23.1,83.3,5.3,16.3,13.5,24
2017-07-11,13.7893800735474,23.3253555297852,30.9201946258545,-0.12382498383522,21.4,23.1,83.3,5.3,16.3,13.5,24
2017-07-12,13.2774305343628,23.140230178833,31.307279586792,-0.134260609745979,21.4,23.1,83.3,5.3,16.3,13.5,24
2017-07-13,12.9496965408325,23.6927013397217,31.5063800811768,-0.129420548677444,21.4,23.1,83.3,5.3,16.3,13.5,24
2017-07-14,13.4947624206543,23.7778472900391,31.51491355896,-0.0445963442325592,21.4,23.1,83.3,5.3,16.3,13.5,24
2017-07-15,13.5336799621582,24.4376449584961,31.2838382720947,-0.044373881071806,21.4,23.1,83.3,5.3,16.3,13.5,24
2017-07-16,13.6059036254883,24.5549392700195,31.2123489379883,-0.0388909876346588,21.4,23.1,83.3,5.3,16.3,13.5,24
2017-07-17,14.8017663955688,25.096435546875,31.078634262085,-0.0560699105262756,21.4,23.1,83.3,5.3,16.3,13.5,24
2017-07-18,14.7546033859253,24.6697025299072,30.8185291290283,-0.0954442992806435,21.4,23.1,83.3,5.3,16.3,13.5,24
2017-07-19,14.5806274414062,24.913366317749,31.002046585083,-0.135799899697304,21.4,23.1,83.3,5.3,16.3,13.5,24
2017-07-20,14.2710485458374,24.3370666503906,31.1393909454346,-0.158085972070694,21.4,23.1,83.3,5.3,16.3,13.5,24
2017-07-21,13.7835321426392,23.7672557830811,31.3518218994141,-0.15917457640171,21.4,23.1,83.3,5.3,16.3,13.5,24
2017-07-22,13.6074371337891,24.2983093261719,31.3368835449219,-0.120091170072556,21.4,23.1,83.3,5.3,16.3,13.5,24
2017-07-23,13.9467391967773,25.0693492889404,30.7650318145752,-0.0775243267416954,21.4,23.1,83.3,5.3,16.3,13.5,24
2017-07-24,13.7673301696777,24.6763534545898,30.5031585693359,-0.00105909758713096,21.4,23.1,83.3,5.3,16.3,13.5,24
2017-07-25,13.6394319534302,23.3656921386719,31.1317272186279,-0.0495119132101536,21.4,23.1,83.3,5.3,16.3,13.5,24
2017-07-26,15.3950128555298,23.2460689544678,31.7768650054932,-0.000482167437439784,21.4,23.1,83.3,5.3,16.3,13.5,24
2017-07-27,15.9638795852661,23.6657333374023,31.9492893218994,-0.016143050044775,21.4,23.1,83.3,5.3,16.3,13.5,24
2017-07-28,15.2334518432617,23.5665130615234,31.7432804107666,-0.00644740322604775,21.4,23.1,83.3,5.3,16.3,13.5,24
2017-07-29,16.0103721618652,23.493070602417,31.5067672729492,0.210745871067047,21.4,23.1,83.3,5.3,16.3,13.5,24
2017-07-30,20.4264011383057,21.5473079681396,32.3264656066895,0.209053739905357,21.4,23.1,83.3,5.3,16.3,13.5,24
2017-07-31,21.6013431549072,22.3903102874756,32.1442222595215,0.0402706861495972,21.4,23.1,83.3,5.3,16.3,13.5,24
2017-08-01,19.9176006317139,23.341402053833,32.182933807373,-0.0197146851569414,21.4,23.1,83.3,5.3,16.3,13.5,24
2017-08-02,18.6137218475342,23.8824005126953,31.9533824920654,-0.053696271032095,21.4,23.1,83.3,5.3,16.3,13.5,24
2017-08-03,17.4050731658936,23.9222640991211,31.7729721069336,-0.0231599155813456,21.4,23.1,83.3,5.3,16.3,13.5,24
2017-08-04,17.9206867218018,23.575834274292,31.8472461700439,-0.0293166805058718,21.4,23.1,83.3,5.3,16.3,13.5,24
2017-08-05,17.3335628509521,23.6485366821289,31.7951278686523,0.0143909500911832,21.4,23.1,83.3,5.3,16.3,13.5,24
2017-08-06,17.3727931976318,23.6382808685303,31.9202136993408,-0.0924763604998589,21.4,23.1,83.3,5.3,16.3,13.5,24
2017-08-07,17.0045604705811,23.6057739257812,31.8953533172607,-0.0916103050112724,21.4,23.1,83.3,5.3,16.3,13.5,24
2017-08-08,15.9172201156616,23.2451343536377,31.7140598297119,-0.0189726334065199,21.4,23.1,83.3,5.3,16.3,13.5,24
2017-08-09,16.7389335632324,23.5326251983643,31.7403717041016,-0.123126089572906,21.4,23.1,83.3,5.3,16.3,13.5,24
2017-08-10,17.8257598876953,24.0586185455322,31.8143539428711,-0.155757769942284,21.4,23.1,83.3,5.3,16.3,13.5,24
2017-08-11,18.0875911712646,24.0907821655273,31.8127212524414,-0.117288418114185,21.4,23.1,83.3,5.3,16.3,13.5,24
2017-08-12,17.5669116973877,24.1995544433594,31.7528533935547,-0.0379866845905781,21.4,23.1,83.3,5.3,16.3,13.5,24
2017-08-13,18.086877822876,24.872652053833,31.6240692138672,-0.0288152992725372,21.4,23.1,83.3,5.3,16.3,13.5,24
2017-08-14,17.8755340576172,25.1505527496338,31.6836700439453,-0.0371397472918034,21.4,23.1,83.3,5.3,16.3,13.5,24
2017-08-15,17.5122604370117,25.3774662017822,31.7127094268799,0.0430627018213272,21.4,23.1,83.3,5.3,16.3,13.5,24
2017-08-16,16.3121681213379,25.3196926116943,31.6950531005859,-0.00533061660826206,21.4,23.1,83.3,5.3,16.3,13.5,24
2017-08-17,16.2910327911377,25.2221660614014,31.694730758667,-0.0360124856233597,21.4,23.1,83.3,5.3,16.3,13.5,24
2017-08-18,15.878155708313,24.9964923858643,31.7330188751221,-0.0159789267927408,21.4,23.1,83.3,5.3,16.3,13.5,24
2017-08-19,16.7023239135742,24.9870681762695,31.6556415557861,-0.0574219115078449,21.4,23.1,83.3,5.3,16.3,13.5,24
2017-08-20,16.7946071624756,25.2885131835938,31.7563552856445,-0.0924911871552467,21.4,23.1,83.3,5.3,16.3,13.5,24
2017-08-21,17.2501220703125,25.3458690643311,31.8346176147461,-0.123066037893295,21.4,23.1,83.3,5.3,16.3,13.5,24
2017-08-22,17.691822052002,25.5853214263916,31.9955673217773,-0.105097629129887,21.4,23.1,83.3,5.3,16.3,13.5,24
2017-08-23,16.6774845123291,25.4997711181641,32.1817779541016,-0.0683395117521286,21.4,23.1,83.3,5.3,16.3,13.5,24
2017-08-24,16.7499599456787,26.0008602142334,32.2349128723145,-0.000327523797750473,21.4,23.1,83.3,5.3,16.3,13.5,24
2017-08-25,18.0702152252197,25.4287567138672,32.2214622497559,-0.0277183298021555,21.4,23.1,83.3,5.3,16.3,13.5,24
2017-08-26,18.4176998138428,25.2643585205078,32.2361030578613,-0.0630933716893196,21.4,23.1,83.3,5.3,16.3,13.5,24
2017-08-27,18.5961322784424,24.8321685791016,32.2537498474121,-0.039347629994154,21.4,23.1,83.3,5.3,16.3,13.5,24
2017-08-28,20.5736064910889,24.2780151367188,32.0835914611816,0.0707732364535332,21.4,23.1,83.3,5.3,16.3,13.5,24
2017-08-29,21.157133102417,23.8203411102295,31.9061756134033,0.202005222439766,21.4,23.1,83.3,5.3,16.3,13.5,24
2017-08-30,22.7663497924805,22.8851718902588,31.6435146331787,0.287860542535782,21.4,23.1,83.3,5.3,16.3,13.5,24
2017-08-31,21.999044418335,23.3630275726318,31.6339282989502,0.0635254085063934,21.4,23.1,83.3,5.3,16.3,13.5,24
2017-09-01,22.1271533966064,23.5396499633789,31.5701446533203,0.0516804121434689,21.4,23.1,83.3,5.3,16.3,13.5,24
2017-09-02,22.1504383087158,23.0948925018311,31.633171081543,0.00394454086199403,21.4,23.1,83.3,5.3,16.3,13.5,24
2017-09-03,20.8958530426025,22.6453266143799,31.4981021881104,0.0550929494202137,21.4,23.1,83.3,5.3,16.3,13.5,24
2017-09-04,20.4855327606201,22.6248607635498,31.4470462799072,-0.0239290986210108,21.4,23.1,83.3,5.3,16.3,13.5,24
2017-09-05,19.1877193450928,22.8401718139648,31.2560405731201,-0.0948962047696114,21.4,23.1,83.3,5.3,16.3,13.5,24
2017-09-06,17.2667598724365,22.7103786468506,31.1945514678955,-0.0660129562020302,21.4,23.1,83.3,5.3,16.3,13.5,24
2017-09-07,16.9422969818115,22.5565433502197,31.1890621185303,-0.0368586555123329,21.4,23.1,83.3,5.3,16.3,13.5,24
2017-09-08,17.3368892669678,22.3376026153564,31.1699466705322,-0.179039776325226,21.4,23.1,83.3,5.3,16.3,13.5,24
2017-09-09,17.2358512878418,22.2585201263428,31.2176074981689,-0.0987822934985161,21.4,23.1,83.3,5.3,16.3,13.5,24
2017-09-10,18.1017093658447,22.094087600708,31.3596858978271,-0.039642445743084,21.4,23.1,83.3,5.3,16.3,13.5,24
2017-09-11,19.1671581268311,21.904691696167,31.443696975708,-0.0353943519294262,21.4,23.1,83.3,5.3,16.3,13.5,24
2017-09-12,20.5290069580078,21.9416599273682,31.2265911102295,0.00728515023365617,21.4,23.1,83.3,5.3,16.3,13.5,24
2017-09-13,20.0590000152588,21.9756240844727,31.1435298919678,0.0558855384588242,21.4,23.1,83.3,5.3,16.3,13.5,24
2017-09-14,19.3448314666748,22.1456069946289,30.9384784698486,0.0204402338713408,21.4,23.1,83.3,5.3,16.3,13.5,24
2017-09-15,18.9406909942627,22.5269374847412,30.8330593109131,0.042774710804224,21.4,23.1,83.3,5.3,16.3,13.5,24
2017-09-16,18.7192134857178,22.6277465820312,30.9033451080322,-0.0182679519057274,21.4,23.1,83.3,5.3,16.3,13.5,24
2017-09-17,18.6724014282227,22.5756301879883,30.9927654266357,-0.00607699388638139,21.4,23.1,83.3,5.3,16.3,13.5,24
2017-09-18,19.6937942504883,22.7404880523682,31.051643371582,0.0873473510146141,21.4,23.1,83.3,5.3,16.3,13.5,24
2017-09-19,21.319356918335,22.3925075531006,31.1779537200928,0.332911282777786,21.4,23.1,83.3,5.3,16.3,13.5,24
2017-09-20,21.6842651367188,21.7422313690186,31.2781505584717,0.357859998941422,21.4,23.1,83.3,5.3,16.3,13.5,24
2017-09-21,20.6566295623779,22.0402297973633,31.1961803436279,0.148909941315651,21.4,23.1,83.3,5.3,16.3,13.5,24
2017-09-22,20.7257461547852,22.3749332427979,31.1362628936768,0.246795281767845,21.4,23.1,83.3,5.3,16.3,13.5,24
2017-09-23,20.8350734710693,22.3234100341797,31.2151050567627,0.164431482553482,21.4,23.1,83.3,5.3,16.3,13.5,24
2017-09-24,20.5865879058838,22.3382167816162,30.9895553588867,0.0512675046920776,21.4,23.1,83.3,5.3,16.3,13.5,24
2017-09-25,20.4745616912842,22.1580257415771,30.9859256744385,0.077021636068821,21.4,23.1,83.3,5.3,16.3,13.5,24
2017-09-26,20.4732151031494,21.7240581512451,31.1514358520508,0.133305057883263,21.4,23.1,83.3,5.3,16.3,13.5,24
2017-09-27,21.7461853027344,21.9827442169189,31.221773147583,0.223309099674225,21.4,23.1,83.3,5.3,16.3,13.5,24
2017-09-28,21.9392528533936,21.9641284942627,31.2687606811523,0.225842595100403,21.4,23.1,83.3,5.3,16.3,13.5,24
2017-09-29,22.0451946258545,22.0862903594971,31.3573741912842,0.112333826720715,21.4,23.1,83.3,5.3,16.3,13.5,24
2017-09-30,21.3012046813965,21.8863162994385,31.3335342407227,0.0206151008605957,21.4,23.1,83.3,5.3,16.3,13.5,24
2017-10-01,21.3310527801514,21.3296031951904,31.3542003631592,0.0807438418269157,21.4,23.1,83.3,5.3,16.3,13.5,24
2017-10-02,21.1691570281982,21.2024593353271,31.3896102905273,-0.0638862401247025,21.4,23.1,83.3,5.3,16.3,13.5,24
2017-10-03,19.9293327331543,20.9057006835938,31.2693634033203,-0.0537971556186676,21.4,23.1,83.3,5.3,16.3,13.5,24
2017-10-04,19.9681949615479,20.7328701019287,31.2399082183838,-0.0283213164657354,21.4,23.1,83.3,5.3,16.3,13.5,24
2017-10-05,20.0112533569336,20.7547130584717,31.2058658599854,-0.174659609794617,21.4,23.1,83.3,5.3,16.3,13.5,24
2017-10-06,20.0577335357666,21.3365459442139,31.183931350708,-0.143651396036148,21.4,23.1,83.3,5.3,16.3,13.5,24
2017-10-07,19.3896026611328,21.7285614013672,31.1142120361328,-0.0243986546993256,21.4,23.1,83.3,5.3,16.3,13.5,24
2017-10-08,19.0244407653809,22.0574817657471,31.0622482299805,-0.0495117120444775,21.4,23.1,83.3,5.3,16.3,13.5,24
2017-10-09,19.232946395874,22.2839050292969,31.0881729125977,-0.0332967713475227,21.4,23.1,83.3,5.3,16.3,13.5,24
2017-10-10,18.7971019744873,22.3063831329346,31.150110244751,-0.0861339569091797,21.4,23.1,83.3,5.3,16.3,13.5,24
2017-10-11,18.5598621368408,22.3901195526123,31.2081775665283,-0.0275978092104197,21.4,23.1,83.3,5.3,16.3,13.5,24
2017-10-12,19.2902507781982,21.2675533294678,31.2521076202393,0.279708832502365,21.4,23.1,83.3,5.3,16.3,13.5,24
2017-10-13,20.5731220245361,20.5785846710205,31.2573261260986,0.267631262540817,21.4,23.1,83.3,5.3,16.3,13.5,24
2017-10-14,20.679178237915,20.7554798126221,31.1288375854492,0.106463111937046,21.4,23.1,83.3,5.3,16.3,13.5,24
2017-10-15,19.9742774963379,20.5873394012451,31.0012130737305,0.0164384730160236,21.4,23.1,83.3,5.3,16.3,13.5,24
2017-10-16,19.9058475494385,20.7089366912842,30.7719860076904,-0.0826796293258667,21.4,23.1,83.3,5.3,16.3,13.5,24
2017-10-17,19.901834487915,19.9087409973145,31.097282409668,-0.0955899283289909,21.4,23.1,83.3,5.3,16.3,13.5,24
2017-10-18,19.893482208252,19.9138946533203,31.2156753540039,-0.0784767493605614,21.4,23.1,83.3,5.3,16.3,13.5,24
2017-10-19,19.8985157012939,19.8278522491455,31.0134658813477,-0.140182837843895,21.4,23.1,83.3,5.3,16.3,13.5,24
2017-10-20,19.8864688873291,19.7503833770752,30.849760055542,-0.193425014615059,21.4,23.1,83.3,5.3,16.3,13.5,24
2017-10-21,18.9032802581787,19.3480815887451,30.9060592651367,-0.158114969730377,21.4,23.1,83.3,5.3,16.3,13.5,24
2017-10-22,18.8005142211914,19.325626373291,30.9169445037842,-0.139404967427254,21.4,23.1,83.3,5.3,16.3,13.5,24
2017-10-23,18.687126159668,19.3143787384033,30.9992809295654,-0.0129671962931752,21.4,23.1,83.3,5.3,16.3,13.5,24
2017-10-24,18.5488967895508,19.5729923248291,31.0841464996338,0.144226208329201,21.4,23.1,83.3,5.3,16.3,13.5,24
2017-10-25,18.4247379302979,19.6369762420654,31.1371593475342,0.16753751039505,21.4,23.1,83.3,5.3,16.3,13.5,24
2017-10-26,18.5938777923584,19.2249336242676,31.2396850585938,0.124578714370728,21.4,23.1,83.3,5.3,16.3,13.5,24
2017-10-27,19.2082653045654,19.1949214935303,31.2698612213135,-0.0809424743056297,21.4,23.1,83.3,5.3,16.3,13.5,24
2017-10-28,19.1950607299805,19.0311183929443,31.2183094024658,-0.0854336619377136,21.4,23.1,83.3,5.3,16.3,13.5,24
2017-10-29,19.0204925537109,19.1017818450928,31.2311935424805,0.145245596766472,21.4,23.1,83.3,5.3,16.3,13.5,24
2017-10-30,18.8013019561768,18.9915218353271,31.2715167999268,0.0873206034302711,21.4,23.1,83.3,5.3,16.3,13.5,24
2017-10-31,18.956262588501,18.6013011932373,31.6854381561279,-0.300367176532745,21.4,23.1,83.3,5.3,16.3,13.5,24
2017-11-01,19.0190601348877,18.4159069061279,31.8768444061279,-0.126180619001389,21.4,23.1,83.3,5.3,16.3,13.5,24
2017-11-02,18.7371044158936,18.2931690216064,31.8166809082031,-0.0559672564268112,21.4,23.1,83.3,5.3,16.3,13.5,24
2017-11-03,18.6794624328613,18.3385257720947,31.7965908050537,-0.0536918602883816,21.4,23.1,83.3,5.3,16.3,13.5,24
2017-11-04,18.5766410827637,18.1877365112305,31.8242111206055,0.0038493771571666,21.4,23.1,83.3,5.3,16.3,13.5,24
2017-11-05,18.1782894134521,18.0513725280762,31.7808208465576,0.114405572414398,21.4,23.1,83.3,5.3,16.3,13.5,24
2017-11-06,18.0497016906738,18.0341625213623,31.5950183868408,0.077664278447628,21.4,23.1,83.3,5.3,16.3,13.5,24
2017-11-07,18.0555286407471,17.9222087860107,31.5617370605469,0.0970294550061226,21.4,23.1,83.3,5.3,16.3,13.5,24
2017-11-08,17.8675422668457,17.8129940032959,31.603048324585,0.268619865179062,21.4,23.1,83.3,5.3,16.3,13.5,24
2017-11-09,17.4254169464111,17.4031982421875,31.5442733764648,0.2460947483778,21.4,23.1,83.3,5.3,16.3,13.5,24
2017-11-10,17.1651210784912,17.0693378448486,31.4893131256104,0.0467435158789158,21.4,23.1,83.3,5.3,16.3,13.5,24
2017-11-11,16.6241588592529,16.5685405731201,31.5831298828125,-0.0653909370303154,21.4,23.1,83.3,5.3,16.3,13.5,24
2017-11-12,16.3972110748291,16.3570899963379,31.6160278320312,-0.097721703350544,21.4,23.1,83.3,5.3,16.3,13.5,24
2017-11-13,16.3194541931152,16.1807308197021,31.549560546875,-0.0209762211889029,21.4,23.1,83.3,5.3,16.3,13.5,24
2017-11-14,14.9743928909302,15.294337272644,31.684928894043,0.0259869825094938,21.4,23.1,83.3,5.3,16.3,13.5,24
2017-11-15,14.8287763595581,14.7998743057251,31.6355495452881,0.13188824057579,21.4,23.1,83.3,5.3,16.3,13.5,24
2017-11-16,14.4520311355591,14.3653373718262,31.5176486968994,0.14704629778862,21.4,23.1,83.3,5.3,16.3,13.5,24
2017-11-17,14.6523427963257,14.5678510665894,31.4605960845947,-0.106905162334442,21.4,23.1,83.3,5.3,16.3,13.5,24
2017-11-18,14.3582983016968,14.3094787597656,31.4153308868408,-0.0426907129585743,21.4,23.1,83.3,5.3,16.3,13.5,24
2017-11-19,14.582839012146,14.5714750289917,31.5683746337891,-0.178357899188995,21.4,23.1,83.3,5.3,16.3,13.5,24
2017-11-20,14.4681100845337,14.3927383422852,31.5891876220703,-0.337987184524536,21.4,23.1,83.3,5.3,16.3,13.5,24
2017-11-21,14.2318153381348,13.9606246948242,31.5301208496094,-0.291642814874649,21.4,23.1,83.3,5.3,16.3,13.5,24
2017-11-22,14.7720079421997,14.2136926651001,31.7526340484619,-0.117434658110142,21.4,23.1,83.3,5.3,16.3,13.5,24
2017-11-23,14.3592262268066,13.6541910171509,31.8318862915039,-0.106402851641178,21.4,23.1,83.3,5.3,16.3,13.5,24
2017-11-24,14.0059700012207,13.23974609375,31.749002456665,-0.108075588941574,21.4,23.1,83.3,5.3,16.3,13.5,24
2017-11-25,14.1304998397827,13.1321220397949,31.7572937011719,-0.0263603199273348,21.4,23.1,83.3,5.3,16.3,13.5,24
2017-11-26,14.2087545394897,13.324559211731,31.6493740081787,-0.0600511282682419,21.4,23.1,83.3,5.3,16.3,13.5,24
2017-11-27,13.8234872817993,12.987907409668,31.63600730896,-0.177562043070793,21.4,23.1,83.3,5.3,16.3,13.5,24
2017-11-28,13.7851076126099,12.7272691726685,31.5469970703125,-0.167213037610054,21.4,23.1,83.3,5.3,16.3,13.5,24
2017-11-29,14.1133279800415,12.8162155151367,31.3884296417236,-0.161886900663376,21.4,23.1,83.3,5.3,16.3,13.5,24
2017-11-30,14.0282640457153,12.807243347168,31.4693813323975,-0.133033856749535,21.4,23.1,83.3,5.3,16.3,13.5,24
2017-12-01,14.067268371582,12.9158325195312,31.5660762786865,-0.0512320846319199,21.4,23.1,83.3,5.3,16.3,13.5,24
2017-12-02,13.4666738510132,12.9081993103027,31.7876071929932,-0.112169437110424,21.4,23.1,83.3,5.3,16.3,13.5,24
2017-12-03,13.5898370742798,12.3126411437988,31.2253894805908,-0.11848034709692,21.4,23.1,83.3,5.3,16.3,13.5,24
2017-12-04,13.584041595459,12.1922903060913,31.1790218353271,-0.123051553964615,21.4,23.1,83.3,5.3,16.3,13.5,24
2017-12-05,13.8460083007812,12.5780630111694,31.075777053833,-0.0564604438841343,21.4,23.1,83.3,5.3,16.3,13.5,24
2017-12-06,13.9912948608398,12.6345624923706,31.18381690979,-0.0628459081053734,21.4,23.1,83.3,5.3,16.3,13.5,24
2017-12-07,13.906741142273,12.3305463790894,31.3398952484131,-0.126664742827415,21.4,23.1,83.3,5.3,16.3,13.5,24
2017-12-08,13.651219367981,11.7670669555664,31.3917675018311,-0.10000416636467,21.4,23.1,83.3,5.3,16.3,13.5,24
2017-12-09,13.3405199050903,11.773943901062,31.5671901702881,0.0675090774893761,21.4,23.1,83.3,5.3,16.3,13.5,24
2017-12-10,13.328483581543,11.919825553894,31.872034072876,0.0423507280647755,21.4,23.1,83.3,5.3,16.3,13.5,24
2017-12-11,13.1952257156372,12.1814546585083,31.6830043792725,-0.194998607039452,21.4,23.1,83.3,5.3,16.3,13.5,24
2017-12-12,13.2182397842407,12.1469602584839,31.9115142822266,-0.0686397328972816,21.4,23.1,83.3,5.3,16.3,13.5,24
2017-12-13,12.6442575454712,12.1780252456665,32.2848129272461,-0.220360994338989,21.4,23.1,83.3,5.3,16.3,13.5,24
2017-12-14,11.5906744003296,11.507586479187,32.4228210449219,-0.376213163137436,21.4,23.1,83.3,5.3,16.3,13.5,24
2017-12-15,12.0819978713989,11.3127202987671,32.5207214355469,-0.205573320388794,21.4,23.1,83.3,5.3,16.3,13.5,24
2017-12-16,11.5312986373901,10.9072523117065,32.5240364074707,-0.260793596506119,21.4,23.1,83.3,5.3,16.3,13.5,24
2017-12-17,10.544753074646,9.67808246612549,32.3611602783203,-0.4333635866642,21.4,23.1,83.3,5.3,16.3,13.5,24
2017-12-18,10.8664197921753,9.58047294616699,32.3457298278809,-0.209247410297394,21.4,23.1,83.3,5.3,16.3,13.5,24
2017-12-19,10.8394594192505,9.37987899780273,32.2637901306152,-0.195739462971687,21.4,23.1,83.3,5.3,16.3,13.5,24
2017-12-20,10.9848594665527,10.1012735366821,32.241641998291,-0.282110542058945,21.4,23.1,83.3,5.3,16.3,13.5,24
2017-12-21,10.8570528030396,10.2097034454346,32.3584899902344,-0.236257866024971,21.4,23.1,83.3,5.3,16.3,13.5,24
2017-12-22,11.1673212051392,10.4039545059204,32.4630699157715,-0.129786282777786,21.4,23.1,83.3,5.3,16.3,13.5,24
2017-12-23,10.6954574584961,9.67007732391357,32.0105361938477,-0.0810193046927452,21.4,23.1,83.3,5.3,16.3,13.5,24
2017-12-24,10.8089284896851,9.51595687866211,32.0185585021973,-0.134186446666718,21.4,23.1,83.3,5.3,16.3,13.5,24
2017-12-25,10.78502368927,9.75053215026855,32.1874732971191,-0.199051424860954,21.4,23.1,83.3,5.3,16.3,13.5,24
2017-12-26,11.1098852157593,9.88734722137451,32.2176513671875,-0.528110504150391,21.4,23.1,83.3,5.3,16.3,13.5,24
2017-12-27,11.0756616592407,9.59950160980225,32.3609352111816,-0.494109869003296,21.4,23.1,83.3,5.3,16.3,13.5,24
2017-12-28,10.7079610824585,9.50350189208984,32.5465240478516,-0.500407636165619,21.4,23.1,83.3,5.3,16.3,13.5,24
2017-12-29,8.61658763885498,8.21593570709229,32.4942359924316,-0.449566096067429,21.4,23.1,83.3,5.3,16.3,13.5,24
2017-12-30,8.94823837280273,8.43588638305664,32.7184715270996,-0.278278946876526,21.4,23.1,83.3,5.3,16.3,13.5,24
2017-12-31,8.3959846496582,7.79332542419434,32.5912551879883,-0.326725691556931,21.4,23.1,83.3,5.3,16.3,13.5,24
2018-01-01,8.48400497436523,8.4166898727417,32.8809356689453,-0.334139496088028,21.4,23.1,83.3,5.3,16.3,13.5,24
2018-01-02,8.15437126159668,8.05911254882812,32.9274940490723,-0.426385372877121,21.4,23.1,83.3,5.3,16.3,13.5,24
2018-01-03,8.07768154144287,7.28880167007446,32.766902923584,-0.304506629705429,21.4,23.1,83.3,5.3,16.3,13.5,24
2018-01-04,8.06009578704834,7.77022409439087,33.0205154418945,0.0677648410201073,21.4,23.1,83.3,5.3,16.3,13.5,24
2018-01-05,7.32610130310059,7.25579023361206,32.9898223876953,-0.378980726003647,21.4,23.1,83.3,5.3,16.3,13.5,24
2018-01-06,6.21570158004761,6.12166976928711,32.837947845459,-0.880597293376923,21.4,23.1,83.3,5.3,16.3,13.5,24
2018-01-07,4.84312677383423,4.71883106231689,32.4819526672363,-0.707350492477417,21.4,23.1,83.3,5.3,16.3,13.5,24
2018-01-08,6.15807342529297,4.82996988296509,32.7216682434082,-0.494900315999985,21.4,23.1,83.3,5.3,16.3,13.5,24
2018-01-09,6.66174936294556,4.80369424819946,32.6159324645996,-0.578293025493622,21.4,23.1,83.3,5.3,16.3,13.5,24
2018-01-10,6.27263307571411,5.18077373504639,32.4926872253418,-0.418266743421555,21.4,23.1,83.3,5.3,16.3,13.5,24
2018-01-11,6.3981876373291,5.06251049041748,32.3149070739746,-0.330795675516129,21.4,23.1,83.3,5.3,16.3,13.5,24
2018-01-12,6.38870477676392,5.14521646499634,32.1815795898438,-0.218274101614952,21.4,23.1,83.3,5.3,16.3,13.5,24
2018-01-13,6.20775461196899,4.79486417770386,32.4239768981934,-0.187878727912903,21.4,23.1,83.3,5.3,16.3,13.5,24
2018-01-14,5.64868497848511,5.13915681838989,32.545726776123,-0.348199397325516,21.4,23.1,83.3,5.3,16.3,13.5,24
2018-01-15,5.53148651123047,5.45959091186523,32.7352485656738,-0.201442673802376,21.4,23.1,83.3,5.3,16.3,13.5,24
2018-01-16,5.57078313827515,5.70940208435059,32.5473327636719,-0.0912348851561546,21.4,23.1,83.3,5.3,16.3,13.5,24
2018-01-17,5.6003270149231,5.74373197555542,32.4976425170898,-0.0688077509403229,21.4,23.1,83.3,5.3,16.3,13.5,24
2018-01-18,5.35993766784668,5.23845052719116,32.4622077941895,-0.11318015307188,21.4,23.1,83.3,5.3,16.3,13.5,24
2018-01-19,5.70147180557251,5.19176912307739,32.469539642334,-0.193626329302788,21.4,23.1,83.3,5.3,16.3,13.5,24
2018-01-20,5.97021627426147,4.47644567489624,32.1583404541016,-0.23534631729126,21.4,23.1,83.3,5.3,16.3,13.5,24
2018-01-21,6.25657987594604,4.51066637039185,32.136417388916,-0.297102808952332,21.4,23.1,83.3,5.3,16.3,13.5,24
2018-01-22,5.89278984069824,5.08485555648804,32.3933715820312,-0.229401156306267,21.4,23.1,83.3,5.3,16.3,13.5,24
2018-01-23,6.0532078742981,5.06667137145996,32.3788375854492,-0.102964900434017,21.4,23.1,83.3,5.3,16.3,13.5,24
2018-01-24,6.34289121627808,4.90848016738892,32.3690757751465,-0.213624551892281,21.4,23.1,83.3,5.3,16.3,13.5,24
2018-01-25,5.9348201751709,4.56953859329224,32.424503326416,-0.368177890777588,21.4,23.1,83.3,5.3,16.3,13.5,24
2018-01-26,5.82861709594727,4.64516019821167,32.4475517272949,-0.408093124628067,21.4,23.1,83.3,5.3,16.3,13.5,24
2018-01-27,6.02254152297974,4.38101625442505,32.1245346069336,-0.354049444198608,21.4,23.1,83.3,5.3,16.3,13.5,24
2018-01-28,6.36714553833008,3.95898914337158,31.6589603424072,-0.344690233469009,21.4,23.1,83.3,5.3,16.3,13.5,24
2018-01-29,6.33139228820801,4.29133796691895,31.8985595703125,-0.172506675124168,21.4,23.1,83.3,5.3,16.3,13.5,24
2018-01-30,5.78454780578613,4.88413715362549,32.5483360290527,0.018708735704422,21.4,23.1,83.3,5.3,16.3,13.5,24
2018-01-31,6.06808710098267,4.94889068603516,32.180118560791,-0.178327068686485,21.4,23.1,83.3,5.3,16.3,13.5,24
2018-02-01,6.1466212272644,4.9407172203064,32.0186958312988,-0.351834386587143,21.4,23.1,83.3,5.3,16.3,13.5,24
2018-02-02,6.46830558776855,5.22805118560791,32.1550788879395,-0.299630224704742,21.4,23.1,83.3,5.3,16.3,13.5,24
2018-02-03,5.30890130996704,4.66206121444702,32.3033256530762,-0.455986648797989,21.4,23.1,83.3,5.3,16.3,13.5,24
2018-02-04,5.18251991271973,4.42253255844116,32.2239379882812,-0.332925379276276,21.4,23.1,83.3,5.3,16.3,13.5,24
2018-02-05,5.65226888656616,4.56819677352905,32.2535133361816,-0.254682630300522,21.4,23.1,83.3,5.3,16.3,13.5,24
2018-02-06,5.08695077896118,4.77164506912231,32.3079109191895,-0.392391204833984,21.4,23.1,83.3,5.3,16.3,13.5,24
2018-02-07,5.11133480072021,4.80049657821655,32.3575592041016,-0.233604490756989,21.4,23.1,83.3,5.3,16.3,13.5,24
2018-02-08,5.37618017196655,4.78452491760254,32.386116027832,-0.337026119232178,21.4,23.1,83.3,5.3,16.3,13.5,24
2018-02-09,4.80269718170166,4.38460683822632,32.5024642944336,-0.41163358092308,21.4,23.1,83.3,5.3,16.3,13.5,24
2018-02-10,5.12740755081177,4.27164697647095,32.2285346984863,-0.284122884273529,21.4,23.1,83.3,5.3,16.3,13.5,24
2018-02-11,5.27914476394653,4.35333156585693,32.0355491638184,-0.290814310312271,21.4,23.1,83.3,5.3,16.3,13.5,24
2018-02-12,5.73227453231812,4.64312744140625,32.0227584838867,-0.361677795648575,21.4,23.1,83.3,5.3,16.3,13.5,24
2018-02-13,5.80055999755859,4.72763729095459,32.1124458312988,-0.402368515729904,21.4,23.1,83.3,5.3,16.3,13.5,24
2018-02-14,5.8812518119812,4.86118078231812,32.1664237976074,-0.303295761346817,21.4,23.1,83.3,5.3,16.3,13.5,24
2018-02-15,5.72195768356323,5.14881801605225,31.9374446868896,-0.28793004155159,21.4,23.1,83.3,5.3,16.3,13.5,24
2018-02-16,5.96557760238647,5.45185089111328,31.6706447601318,-0.160061538219452,21.4,23.1,83.3,5.3,16.3,13.5,24
2018-02-17,5.99053812026978,5.64471435546875,31.3639011383057,-0.200838282704353,21.4,23.1,83.3,5.3,16.3,13.5,24
2018-02-18,5.83705377578735,6.04340887069702,30.9630527496338,-0.160378471016884,21.4,23.1,83.3,5.3,16.3,13.5,24
2018-02-19,5.90423917770386,6.00370264053345,30.3896427154541,-0.212947651743889,21.4,23.1,83.3,5.3,16.3,13.5,24
2018-02-20,6.11505699157715,6.03259515762329,30.0100002288818,-0.241938397288322,21.4,23.1,83.3,5.3,16.3,13.5,24
2018-02-21,6.39927673339844,6.13958978652954,30.5060119628906,-0.315626680850983,21.4,23.1,83.3,5.3,16.3,13.5,24
2018-02-22,6.52511262893677,6.32130861282349,31.1578426361084,-0.280319422483444,21.4,23.1,83.3,5.3,16.3,13.5,24
2018-02-23,6.0599856376648,6.58370208740234,31.1731796264648,-0.117393486201763,21.4,23.1,83.3,5.3,16.3,13.5,24
2018-02-24,5.49905395507812,6.0827431678772,31.1876926422119,-0.196897074580193,21.4,23.1,83.3,5.3,16.3,13.5,24
2018-02-25,5.6867561340332,5.99673652648926,31.2120456695557,-0.18373054265976,21.4,23.1,83.3,5.3,16.3,13.5,24
2018-02-26,5.9045672416687,5.9941234588623,31.501802444458,-0.108041949570179,21.4,23.1,83.3,5.3,16.3,13.5,24
2018-02-27,6.0003924369812,6.69446706771851,31.6951599121094,-0.241503641009331,21.4,23.1,83.3,5.3,16.3,13.5,24
2018-02-28,6.19538068771362,6.60281372070312,31.4190196990967,-0.277894586324692,21.4,23.1,83.3,5.3,16.3,13.5,24
2018-03-01,6.44723844528198,6.60346603393555,31.3635501861572,-0.100118905305862,21.4,23.1,83.3,5.3,16.3,13.5,24
2018-03-02,7.23702383041382,6.85180997848511,32.030948638916,-0.00806539971381426,21.4,23.1,83.3,5.3,16.3,13.5,24
2018-03-03,7.21779870986938,7.20498657226562,33.1383171081543,0.235974445939064,21.4,23.1,83.3,5.3,16.3,13.5,24
2018-03-04,6.70794439315796,6.69727754592896,33.0439186096191,0.316721528768539,21.4,23.1,83.3,5.3,16.3,13.5,24
2018-03-05,5.61656141281128,5.76118659973145,32.8756256103516,0.238083407282829,21.4,23.1,83.3,5.3,16.3,13.5,24
2018-03-06,5.58822584152222,5.6109733581543,32.6776924133301,0.24921278655529,21.4,23.1,83.3,5.3,16.3,13.5,24
2018-03-07,5.68140411376953,5.79873466491699,32.5766410827637,0.371458023786545,21.4,23.1,83.3,5.3,16.3,13.5,24
2018-03-08,5.70752191543579,5.66639852523804,32.1191139221191,0.166890665888786,21.4,23.1,83.3,5.3,16.3,13.5,24
2018-03-09,5.73243951797485,5.51328802108765,31.3845691680908,-0.087887667119503,21.4,23.1,83.3,5.3,16.3,13.5,24
2018-03-10,5.86566019058228,5.47885274887085,31.4959125518799,-0.234999418258667,21.4,23.1,83.3,5.3,16.3,13.5,24
2018-03-11,6.06086778640747,5.56722021102905,31.7834644317627,-0.287600427865982,21.4,23.1,83.3,5.3,16.3,13.5,24
2018-03-12,6.11372804641724,5.65595102310181,32.1207542419434,-0.0605860613286495,21.4,23.1,83.3,5.3,16.3,13.5,24
2018-03-13,5.96703720092773,5.95335054397583,32.4474716186523,0.204219058156013,21.4,23.1,83.3,5.3,16.3,13.5,24
2018-03-14,5.9362301826477,5.55127334594727,31.2635746002197,-0.104794271290302,21.4,23.1,83.3,5.3,16.3,13.5,24
2018-03-15,6.01424646377563,5.5834059715271,31.0877227783203,-0.40732741355896,21.4,23.1,83.3,5.3,16.3,13.5,24
2018-03-16,6.01326322555542,5.76883125305176,32.228931427002,-0.342306733131409,21.4,23.1,83.3,5.3,16.3,13.5,24
2018-03-17,6.05313062667847,5.74146223068237,31.6972141265869,-0.347680687904358,21.4,23.1,83.3,5.3,16.3,13.5,24
2018-03-18,6.06366300582886,5.75269651412964,31.753547668457,-0.250734955072403,21.4,23.1,83.3,5.3,16.3,13.5,24
2018-03-19,6.11076307296753,5.91232633590698,31.6568508148193,-0.202038586139679,21.4,23.1,83.3,5.3,16.3,13.5,24
2018-03-20,5.60082817077637,5.73358345031738,31.8250293731689,0.0595034696161747,21.4,23.1,83.3,5.3,16.3,13.5,24
2018-03-21,5.62221956253052,5.61499452590942,31.8472805023193,0.36572328209877,21.4,23.1,83.3,5.3,16.3,13.5,24
2018-03-22,5.52204847335815,5.53273010253906,32.1050720214844,0.204786598682404,21.4,23.1,83.3,5.3,16.3,13.5,24
2018-03-23,5.46917724609375,5.4267635345459,32.3274841308594,0.00900881458073854,21.4,23.1,83.3,5.3,16.3,13.5,24
2018-03-24,5.5511622428894,5.46956491470337,32.1107711791992,-0.156226232647896,21.4,23.1,83.3,5.3,16.3,13.5,24
2018-03-25,5.52933883666992,5.53292417526245,32.2282409667969,-0.0869494080543518,21.4,23.1,83.3,5.3,16.3,13.5,24
2018-03-26,5.57446336746216,5.57093572616577,32.4044609069824,0.0487316139042377,21.4,23.1,83.3,5.3,16.3,13.5,24
2018-03-27,5.45071029663086,5.50985956192017,32.3674697875977,-0.0307350307703018,21.4,23.1,83.3,5.3,16.3,13.5,24
2018-03-28,5.4797101020813,5.76081323623657,31.7528133392334,-0.0717883333563805,21.4,23.1,83.3,5.3,16.3,13.5,24
2018-03-29,5.3455548286438,6.17419815063477,31.2732372283936,-0.0890468433499336,21.4,23.1,83.3,5.3,16.3,13.5,24
2018-03-30,5.46922874450684,6.23531150817871,31.3018417358398,-0.14246092736721,21.4,23.1,83.3,5.3,16.3,13.5,24
2018-03-31,5.60850477218628,6.31880950927734,31.4910869598389,-0.261892408132553,21.4,23.1,83.3,5.3,16.3,13.5,24
2018-04-01,5.6627984046936,6.21606874465942,31.3922290802002,-0.23759101331234,21.4,23.1,83.3,5.3,16.3,13.5,24
2018-04-02,5.76608800888062,6.38427591323853,31.5086460113525,-0.151303932070732,21.4,23.1,83.3,5.3,16.3,13.5,24
2018-04-03,5.81320905685425,6.29379987716675,31.6820888519287,-0.109748624265194,21.4,23.1,83.3,5.3,16.3,13.5,24
2018-04-04,5.92512845993042,6.53993463516235,31.4293594360352,-0.0784454941749573,21.4,23.1,83.3,5.3,16.3,13.5,24
2018-04-05,6.06026601791382,6.40875816345215,31.4000110626221,-0.313523590564728,21.4,23.1,83.3,5.3,16.3,13.5,24
2018-04-06,6.14117431640625,6.54257011413574,31.4923248291016,-0.27008467912674,21.4,23.1,83.3,5.3,16.3,13.5,24
2018-04-07,5.90963315963745,6.62690925598145,31.6861419677734,-0.216181203722954,21.4,23.1,83.3,5.3,16.3,13.5,24
2018-04-08,6.06833267211914,6.61669778823853,31.7558135986328,-0.0802154988050461,21.4,23.1,83.3,5.3,16.3,13.5,24
2018-04-09,6.30392217636108,6.63219404220581,31.7934093475342,-0.165589213371277,21.4,23.1,83.3,5.3,16.3,13.5,24
2018-04-10,6.07976198196411,6.96268033981323,31.62721824646,-0.225681021809578,21.4,23.1,83.3,5.3,16.3,13.5,24
2018-04-11,6.14838266372681,7.27720880508423,31.5477085113525,-0.186668738722801,21.4,23.1,83.3,5.3,16.3,13.5,24
2018-04-12,6.10662078857422,7.61720895767212,31.1853618621826,-0.187952414155006,21.4,23.1,83.3,5.3,16.3,13.5,24
2018-04-13,6.04805326461792,7.29306173324585,31.6471462249756,-0.407448410987854,21.4,23.1,83.3,5.3,16.3,13.5,24
2018-04-14,5.96947145462036,8.07462406158447,31.7657527923584,-0.395690679550171,21.4,23.1,83.3,5.3,16.3,13.5,24
2018-04-15,5.77942085266113,8.57444095611572,31.5987701416016,-0.070403479039669,21.4,23.1,83.3,5.3,16.3,13.5,24
2018-04-16,6.6097846031189,8.28727340698242,31.5284671783447,0.221493318676949,21.4,23.1,83.3,5.3,16.3,13.5,24
2018-04-17,6.83091020584106,8.18044185638428,31.2581729888916,-0.0312090665102005,21.4,23.1,83.3,5.3,16.3,13.5,24
2018-04-18,6.7970027923584,8.50167846679688,31.0557231903076,-0.180788457393646,21.4,23.1,83.3,5.3,16.3,13.5,24
2018-04-19,7.46110534667969,8.70696640014648,30.9859104156494,-0.0595368295907974,21.4,23.1,83.3,5.3,16.3,13.5,24
2018-04-20,7.77849054336548,8.20768070220947,31.4537792205811,-0.243827030062675,21.4,23.1,83.3,5.3,16.3,13.5,24
2018-04-21,8.05536460876465,8.25999927520752,31.6314392089844,-0.243898883461952,21.4,23.1,83.3,5.3,16.3,13.5,24
2018-04-22,7.88843297958374,8.4701452255249,31.5154418945312,-0.282234221696854,21.4,23.1,83.3,5.3,16.3,13.5,24
2018-04-23,7.88964891433716,8.93729591369629,31.3085231781006,-0.263125121593475,21.4,23.1,83.3,5.3,16.3,13.5,24
2018-04-24,7.88720893859863,9.14091968536377,31.340295791626,-0.165318176150322,21.4,23.1,83.3,5.3,16.3,13.5,24
2018-04-25,8.06667804718018,9.10587692260742,31.1465225219727,0.00389172765426338,21.4,23.1,83.3,5.3,16.3,13.5,24
2018-04-26,8.04544734954834,9.63454723358154,30.908224105835,-0.0671566128730774,21.4,23.1,83.3,5.3,16.3,13.5,24
2018-04-27,8.03150272369385,10.3693895339966,30.7453384399414,-0.125821873545647,21.4,23.1,83.3,5.3,16.3,13.5,24
2018-04-28,8.44506740570068,10.4829807281494,30.6088428497314,-0.0603732876479626,21.4,23.1,83.3,5.3,16.3,13.5,24
2018-04-29,8.4084882736206,10.3100481033325,30.5541095733643,-0.13625405728817,21.4,23.1,83.3,5.3,16.3,13.5,24
2018-04-30,8.49774646759033,9.9633092880249,30.5066986083984,-0.262630820274353,21.4,23.1,83.3,5.3,16.3,13.5,24
2018-05-01,7.94734764099121,9.93407726287842,30.4833889007568,-0.237840056419373,21.4,23.1,83.3,5.3,16.3,13.5,24
2018-05-02,7.83238983154297,10.7509489059448,30.3391399383545,-0.227151989936829,21.4,23.1,83.3,5.3,16.3,13.5,24
2018-05-03,7.85823440551758,11.1646499633789,30.3073482513428,-0.297822088003159,21.4,23.1,83.3,5.3,16.3,13.5,24
2018-05-04,7.68425750732422,11.1427421569824,30.6960678100586,-0.23948623239994,21.4,23.1,83.3,5.3,16.3,13.5,24
2018-05-05,7.63174676895142,11.5077238082886,30.6018142700195,-0.280598968267441,21.4,23.1,83.3,5.3,16.3,13.5,24
2018-05-06,7.64881563186646,11.9492349624634,30.4472503662109,-0.170175015926361,21.4,23.1,83.3,5.3,16.3,13.5,24
2018-05-07,7.49782419204712,11.5683946609497,30.2173004150391,-0.104482091963291,21.4,23.1,83.3,5.3,16.3,13.5,24
2018-05-08,7.20186853408813,11.4156370162964,30.47825050354,-0.133325681090355,21.4,23.1,83.3,5.3,16.3,13.5,24
2018-05-09,7.0046443939209,10.5324649810791,31.0887069702148,-0.13463394343853,21.4,23.1,83.3,5.3,16.3,13.5,24
2018-05-10,7.73215818405151,11.6065015792847,31.0034046173096,-0.125107571482658,21.4,23.1,83.3,5.3,16.3,13.5,24
2018-05-11,7.93977117538452,13.8522529602051,29.410551071167,-0.161362439393997,21.4,23.1,83.3,5.3,16.3,13.5,24
2018-05-12,8.0110969543457,14.3293237686157,29.5284118652344,-0.164919286966324,21.4,23.1,83.3,5.3,16.3,13.5,24
2018-05-13,7.68211555480957,14.0745239257812,29.6389846801758,-0.142024114727974,21.4,23.1,83.3,5.3,16.3,13.5,24
2018-05-14,7.46991491317749,13.8303575515747,29.8799877166748,-0.107533670961857,21.4,23.1,83.3,5.3,16.3,13.5,24
2018-05-15,7.52767181396484,14.2013731002808,29.7052707672119,-0.148123577237129,21.4,23.1,83.3,5.3,16.3,13.5,24
2018-05-16,7.8918890953064,14.7657842636108,29.1205062866211,-0.138620182871819,21.4,23.1,83.3,5.3,16.3,13.5,24
2018-05-17,8.02682018280029,15.2747964859009,29.0888423919678,-0.0565389581024647,21.4,23.1,83.3,5.3,16.3,13.5,24
2018-05-18,8.23443126678467,15.2147188186646,29.5239124298096,-0.138221517205238,21.4,23.1,83.3,5.3,16.3,13.5,24
2018-05-19,9.80770015716553,13.5205545425415,31.0989780426025,0.0123780993744731,21.4,23.1,83.3,5.3,16.3,13.5,24
2018-05-20,11.1507806777954,15.1956243515015,30.5307559967041,-0.140075132250786,21.4,23.1,83.3,5.3,16.3,13.5,24
2018-05-21,10.7853899002075,16.414083480835,30.0000629425049,-0.195504724979401,21.4,23.1,83.3,5.3,16.3,13.5,24
2018-05-22,11.0767698287964,16.677318572998,30.7767581939697,-0.0773598253726959,21.4,23.1,83.3,5.3,16.3,13.5,24
2018-05-23,11.1873502731323,17.2836456298828,30.7953014373779,-0.0539976246654987,21.4,23.1,83.3,5.3,16.3,13.5,24
2018-05-24,11.3290252685547,17.9632968902588,31.1463756561279,-0.092168927192688,21.4,23.1,83.3,5.3,16.3,13.5,24
2018-05-25,12.1854934692383,18.055814743042,31.2569484710693,-0.0969206318259239,21.4,23.1,83.3,5.3,16.3,13.5,24
2018-05-26,11.9205598831177,18.4024276733398,30.6225986480713,-0.222285196185112,21.4,23.1,83.3,5.3,16.3,13.5,24
2018-05-27,11.2128248214722,18.5745086669922,30.7368774414062,-0.142530232667923,21.4,23.1,83.3,5.3,16.3,13.5,24
2018-05-28,10.3542289733887,18.0582408905029,30.60498046875,-0.0114347832277417,21.4,23.1,83.3,5.3,16.3,13.5,24
2018-05-29,10.6972036361694,18.1182861328125,30.1200923919678,-0.0911891534924507,21.4,23.1,83.3,5.3,16.3,13.5,24
2018-05-30,10.9168167114258,18.2198295593262,29.3821487426758,-0.108791410923004,21.4,23.1,83.3,5.3,16.3,13.5,24
2018-05-31,12.9270372390747,19.9445133209229,30.0471954345703,-0.0160536970943213,21.4,23.1,83.3,5.3,16.3,13.5,24
2018-06-01,13.2142190933228,20.398401260376,29.8510589599609,-0.0244024414569139,21.4,23.1,83.3,5.3,16.3,13.5,24
2018-06-02,12.946587562561,21.1458587646484,29.5862712860107,0.00892637949436903,21.4,23.1,83.3,5.3,16.3,13.5,24
2018-06-03,12.8550825119019,19.4496612548828,30.317892074585,0.182643249630928,21.4,23.1,83.3,5.3,16.3,13.5,24
2018-06-04,15.2601346969604,17.5697574615479,31.0931262969971,0.253443777561188,21.4,23.1,83.3,5.3,16.3,13.5,24
2018-06-05,16.2860107421875,17.5958194732666,30.8529796600342,0.126644596457481,21.4,23.1,83.3,5.3,16.3,13.5,24
2018-06-06,15.1821451187134,16.9918880462646,30.5297832489014,0.157110139727592,21.4,23.1,83.3,5.3,16.3,13.5,24
2018-06-07,14.5992765426636,16.2340927124023,30.6694774627686,0.0603914447128773,21.4,23.1,83.3,5.3,16.3,13.5,24
2018-06-08,13.8055047988892,16.9417972564697,30.3746795654297,-0.0422612316906452,21.4,23.1,83.3,5.3,16.3,13.5,24
2018-06-09,13.0210456848145,18.4092826843262,29.9144515991211,-0.0989789590239525,21.4,23.1,83.3,5.3,16.3,13.5,24
2018-06-10,12.0352258682251,19.0372333526611,29.9406967163086,-0.0585821382701397,21.4,23.1,83.3,5.3,16.3,13.5,24
2018-06-11,12.3145408630371,18.1075992584229,30.1036167144775,0.0229956433176994,21.4,23.1,83.3,5.3,16.3,13.5,24
2018-06-12,14.2594347000122,16.8569030761719,30.4748935699463,-0.06643857806921,21.4,23.1,83.3,5.3,16.3,13.5,24
2018-06-13,13.7361440658569,18.2709217071533,29.5683212280273,-0.0947010442614555,21.4,23.1,83.3,5.3,16.3,13.5,24
2018-06-14,12.4221038818359,19.2409706115723,29.3711547851562,-0.126993849873543,21.4,23.1,83.3,5.3,16.3,13.5,24
2018-06-15,12.3789024353027,19.7992649078369,29.5230617523193,-0.0873654261231422,21.4,23.1,83.3,5.3,16.3,13.5,24
2018-06-16,12.188666343689,20.240816116333,29.4155731201172,-0.0701203271746635,21.4,23.1,83.3,5.3,16.3,13.5,24
2018-06-17,12.0432395935059,20.7754364013672,29.3625736236572,-0.0940626487135887,21.4,23.1,83.3,5.3,16.3,13.5,24
2018-06-18,12.2365522384644,21.6648426055908,29.5012435913086,-0.0470785833895206,21.4,23.1,83.3,5.3,16.3,13.5,24
2018-06-19,12.1043167114258,22.0683135986328,29.8463382720947,-0.0627518817782402,21.4,23.1,83.3,5.3,16.3,13.5,24
2018-06-20,11.8068799972534,22.6001663208008,29.9615802764893,0.0196545273065567,21.4,23.1,83.3,5.3,16.3,13.5,24
2018-06-21,12.5209550857544,22.760871887207,29.8174648284912,0.0659241378307343,21.4,23.1,83.3,5.3,16.3,13.5,24
2018-06-22,13.1173210144043,22.4772891998291,29.8433532714844,0.076762780547142,21.4,23.1,83.3,5.3,16.3,13.5,24
2018-06-23,14.1727752685547,21.8168239593506,29.864164352417,0.0939091220498085,21.4,23.1,83.3,5.3,16.3,13.5,24
2018-06-24,14.0804529190063,22.0700607299805,29.4911880493164,0.0244369637221098,21.4,23.1,83.3,5.3,16.3,13.5,24
2018-06-25,13.7230882644653,22.246826171875,29.1854190826416,-0.0544179193675518,21.4,23.1,83.3,5.3,16.3,13.5,24
2018-06-26,13.5305051803589,22.0975322723389,29.1828517913818,-0.0516070835292339,21.4,23.1,83.3,5.3,16.3,13.5,24
2018-06-27,14.4677467346191,22.0521678924561,29.3799343109131,-0.0341310612857342,21.4,23.1,83.3,5.3,16.3,13.5,24
2018-06-28,14.0643434524536,22.3868274688721,29.6564159393311,0.0261661186814308,21.4,23.1,83.3,5.3,16.3,13.5,24
2018-06-29,13.5658044815063,23.5244979858398,29.9883422851562,0.0361579358577728,21.4,23.1,83.3,5.3,16.3,13.5,24
2018-06-30,14.0753946304321,24.9021453857422,29.9397277832031,-0.0466554723680019,21.4,23.1,83.3,5.3,16.3,13.5,24
2018-07-01,14.0123205184937,25.5590877532959,29.8690128326416,-0.0699542313814163,21.4,23.1,83.3,5.3,16.3,13.5,24
2018-07-02,13.7363290786743,25.8026447296143,29.7275238037109,-0.0578703917562962,21.4,23.1,83.3,5.3,16.3,13.5,24
2018-07-03,15.1716737747192,25.9975605010986,29.6428356170654,-0.0442360155284405,21.4,23.1,83.3,5.3,16.3,13.5,24
2018-07-04,15.2298202514648,25.8729629516602,29.7617855072021,-0.0708227679133415,21.4,23.1,83.3,5.3,16.3,13.5,24
2018-07-05,15.4872274398804,26.1658477783203,29.9197750091553,-0.0739659294486046,21.4,23.1,83.3,5.3,16.3,13.5,24
2018-07-06,14.6882696151733,25.2192401885986,30.2495861053467,-0.10318785905838,21.4,23.1,83.3,5.3,16.3,13.5,24
2018-07-07,15.3557062149048,24.1925354003906,30.3433837890625,-0.0651222318410873,21.4,23.1,83.3,5.3,16.3,13.5,24
2018-07-08,16.7176246643066,23.3165416717529,30.421968460083,-0.0204182285815477,21.4,23.1,83.3,5.3,16.3,13.5,24
2018-07-09,17.5599117279053,22.3547801971436,30.1812744140625,-0.0954935327172279,21.4,23.1,83.3,5.3,16.3,13.5,24
2018-07-10,16.8803310394287,22.404541015625,29.8229293823242,-0.151875749230385,21.4,23.1,83.3,5.3,16.3,13.5,24
2018-07-11,16.1055603027344,23.2346973419189,29.9332427978516,-0.124621368944645,21.4,23.1,83.3,5.3,16.3,13.5,24
2018-07-12,15.7095823287964,23.2054080963135,30.0546169281006,-0.0743437558412552,21.4,23.1,83.3,5.3,16.3,13.5,24
2018-07-13,16.5510921478271,23.054178237915,30.0450611114502,-0.108843922615051,21.4,23.1,83.3,5.3,16.3,13.5,24
2018-07-14,16.3505840301514,23.2879695892334,30.0256099700928,-0.0963116511702538,21.4,23.1,83.3,5.3,16.3,13.5,24
2018-07-15,16.5457248687744,24.1817626953125,30.3107967376709,-0.107549078762531,21.4,23.1,83.3,5.3,16.3,13.5,24
2018-07-16,15.9212007522583,24.7685775756836,30.5189590454102,-0.060489360243082,21.4,23.1,83.3,5.3,16.3,13.5,24
2018-07-17,15.366265296936,25.1439685821533,30.6078853607178,-0.0317183956503868,21.4,23.1,83.3,5.3,16.3,13.5,24
2018-07-18,15.0463972091675,24.680570602417,30.6708393096924,-0.011444978415966,21.4,23.1,83.3,5.3,16.3,13.5,24
2018-07-19,15.3003730773926,24.7924499511719,30.6950054168701,-0.0209476500749588,21.4,23.1,83.3,5.3,16.3,13.5,24
2018-07-20,15.7276763916016,24.6180248260498,30.7602252960205,-0.0294411014765501,21.4,23.1,83.3,5.3,16.3,13.5,24
2018-07-21,16.5883731842041,24.3972148895264,30.6732501983643,0.0552207976579666,21.4,23.1,83.3,5.3,16.3,13.5,24
2018-07-22,16.9738235473633,23.7008075714111,30.5955829620361,0.0978737100958824,21.4,23.1,83.3,5.3,16.3,13.5,24
2018-07-23,17.002685546875,23.8903865814209,30.4689426422119,-0.0302101075649261,21.4,23.1,83.3,5.3,16.3,13.5,24
2018-07-24,18.2103786468506,24.1839065551758,30.6675090789795,-0.032931711524725,21.4,23.1,83.3,5.3,16.3,13.5,24
2018-07-25,17.2797927856445,24.5044097900391,30.9453048706055,-0.0559754185378551,21.4,23.1,83.3,5.3,16.3,13.5,24
2018-07-26,16.7132129669189,24.6824932098389,31.0836009979248,-0.07899259775877,21.4,23.1,83.3,5.3,16.3,13.5,24
2018-07-27,19.5444412231445,25.5357513427734,31.0831699371338,-0.0963305309414864,21.4,23.1,83.3,5.3,16.3,13.5,24
2018-07-28,19.0171947479248,25.7158298492432,31.195291519165,-0.0893600508570671,21.4,23.1,83.3,5.3,16.3,13.5,24
2018-07-29,18.7021884918213,25.8370838165283,31.2518825531006,-0.128866165876389,21.4,23.1,83.3,5.3,16.3,13.5,24
2018-07-30,19.1087951660156,25.6260757446289,31.2160396575928,-0.0772465988993645,21.4,23.1,83.3,5.3,16.3,13.5,24
2018-07-31,18.8866519927979,25.051233291626,31.1855545043945,-0.0434184931218624,21.4,23.1,83.3,5.3,16.3,13.5,24
2018-08-01,18.5747470855713,24.6912841796875,31.3242874145508,-0.0525372624397278,21.4,23.1,83.3,5.3,16.3,13.5,24
2018-08-02,19.6978778839111,25.4180221557617,31.5566654205322,-0.121986337006092,21.4,23.1,83.3,5.3,16.3,13.5,24
2018-08-03,18.80495262146,25.9850101470947,31.9046401977539,-0.108538269996643,21.4,23.1,83.3,5.3,16.3,13.5,24
2018-08-04,17.6505374908447,26.019021987915,32.2186393737793,-0.135872051119804,21.4,23.1,83.3,5.3,16.3,13.5,24
2018-08-05,19.1154479980469,26.4821605682373,32.4943504333496,-0.0778024196624756,21.4,23.1,83.3,5.3,16.3,13.5,24
2018-08-06,18.7515258789062,26.7275695800781,32.5589294433594,-0.0605159513652325,21.4,23.1,83.3,5.3,16.3,13.5,24
2018-08-07,18.3912334442139,26.3487167358398,32.5542602539062,-0.0742167308926582,21.4,23.1,83.3,5.3,16.3,13.5,24
2018-08-08,19.2019672393799,26.825309753418,32.4408073425293,-0.0532804541289806,21.4,23.1,83.3,5.3,16.3,13.5,24
2018-08-09,18.8710250854492,26.9377307891846,32.4865608215332,-0.0276310965418816,21.4,23.1,83.3,5.3,16.3,13.5,24
2018-08-10,19.1479434967041,27.3851547241211,32.5362319946289,-0.0529899634420872,21.4,23.1,83.3,5.3,16.3,13.5,24
2018-08-11,19.9597549438477,27.1215972900391,32.3564567565918,-0.0542172007262707,21.4,23.1,83.3,5.3,16.3,13.5,24
2018-08-12,19.8008213043213,27.0144138336182,31.7471981048584,-0.0369314514100552,21.4,23.1,83.3,5.3,16.3,13.5,24
2018-08-13,20.0592060089111,27.340576171875,30.3781337738037,-0.0393833927810192,21.4,23.1,83.3,5.3,16.3,13.5,24
2018-08-14,18.9781360626221,26.3039016723633,29.1381359100342,-0.0697766169905663,21.4,23.1,83.3,5.3,16.3,13.5,24
2018-08-15,18.7816104888916,25.768180847168,30.3750171661377,-0.0863147377967834,21.4,23.1,83.3,5.3,16.3,13.5,24
2018-08-16,18.5557880401611,26.0462131500244,30.7196025848389,-0.0994787141680717,21.4,23.1,83.3,5.3,16.3,13.5,24
2018-08-17,18.0055294036865,25.7967662811279,30.7803821563721,-0.0936025753617287,21.4,23.1,83.3,5.3,16.3,13.5,24
2018-08-18,17.5443286895752,25.3749389648438,31.4320774078369,-0.0368776880204678,21.4,23.1,83.3,5.3,16.3,13.5,24
2018-08-19,17.2882080078125,25.2294006347656,31.6534404754639,-0.0304303765296936,21.4,23.1,83.3,5.3,16.3,13.5,24
2018-08-20,18.9726390838623,25.364725112915,31.3681888580322,0.066836766898632,21.4,23.1,83.3,5.3,16.3,13.5,24
2018-08-21,19.8610057830811,25.2794799804688,31.7221736907959,0.0441408455371857,21.4,23.1,83.3,5.3,16.3,13.5,24
2018-08-22,19.7161502838135,25.1700572967529,31.6611957550049,0.0519248992204666,21.4,23.1,83.3,5.3,16.3,13.5,24
2018-08-23,19.6578807830811,24.4680080413818,31.5114574432373,-0.0490897707641125,21.4,23.1,83.3,5.3,16.3,13.5,24
2018-08-24,19.4959812164307,24.0136737823486,31.8642730712891,-0.0784599184989929,21.4,23.1,83.3,5.3,16.3,13.5,24
2018-08-25,19.4479293823242,24.0711288452148,31.7101001739502,-0.094035841524601,21.4,23.1,83.3,5.3,16.3,13.5,24
2018-08-26,19.3008670806885,24.2185039520264,30.878303527832,-0.0341528467833996,21.4,23.1,83.3,5.3,16.3,13.5,24
2018-08-27,18.4386768341064,24.6787643432617,30.3588790893555,-0.0720614716410637,21.4,23.1,83.3,5.3,16.3,13.5,24
2018-08-28,17.6917095184326,25.1603298187256,30.9970169067383,-0.0477614253759384,21.4,23.1,83.3,5.3,16.3,13.5,24
2018-08-29,17.3833446502686,25.86767578125,31.2193202972412,-0.0711731985211372,21.4,23.1,83.3,5.3,16.3,13.5,24
2018-08-30,16.7723007202148,26.0697021484375,31.3528537750244,-0.086000569164753,21.4,23.1,83.3,5.3,16.3,13.5,24
2018-08-31,16.9639644622803,26.5086498260498,31.2354049682617,-0.0372736267745495,21.4,23.1,83.3,5.3,16.3,13.5,24
2018-09-01,18.1373023986816,25.3763637542725,31.1441497802734,0.0748158916831017,21.4,23.1,83.3,5.3,16.3,13.5,24
2018-09-02,18.6953887939453,25.4664554595947,30.6030712127686,-0.0317700058221817,21.4,23.1,83.3,5.3,16.3,13.5,24
2018-09-03,18.7275104522705,26.1248188018799,30.4324188232422,-0.10384813696146,21.4,23.1,83.3,5.3,16.3,13.5,24
2018-09-04,20.2624073028564,27.0452213287354,30.5478057861328,-0.0985573902726173,21.4,23.1,83.3,5.3,16.3,13.5,24
2018-09-05,19.8275012969971,27.3510646820068,30.7326335906982,-0.0870094895362854,21.4,23.1,83.3,5.3,16.3,13.5,24
2018-09-06,19.7823085784912,27.3012390136719,31.0296993255615,-0.0447504259645939,21.4,23.1,83.3,5.3,16.3,13.5,24
2018-09-07,19.5839443206787,27.3315143585205,31.3763980865479,-0.037372175604105,21.4,23.1,83.3,5.3,16.3,13.5,24
2018-09-08,19.8877010345459,27.1116199493408,31.3277797698975,0.066995233297348,21.4,23.1,83.3,5.3,16.3,13.5,24
2018-09-09,22.621603012085,25.5078945159912,31.389066696167,0.269522786140442,21.4,23.1,83.3,5.3,16.3,13.5,24
2018-09-10,24.0041427612305,24.0728359222412,31.1388378143311,0.407561421394348,21.4,23.1,83.3,5.3,16.3,13.5,24
2018-09-11,24.0530319213867,24.3703022003174,30.8397579193115,0.223627492785454,21.4,23.1,83.3,5.3,16.3,13.5,24
2018-09-12,23.6071796417236,24.8506717681885,30.9015674591064,0.115181110799313,21.4,23.1,83.3,5.3,16.3,13.5,24
2018-09-13,24.4887371063232,24.5198535919189,30.8135375976562,0.112072318792343,21.4,23.1,83.3,5.3,16.3,13.5,24
2018-09-14,24.4332370758057,24.2622699737549,30.7941131591797,0.183135747909546,21.4,23.1,83.3,5.3,16.3,13.5,24
2018-09-15,24.0090770721436,24.0033645629883,30.8121089935303,0.171621963381767,21.4,23.1,83.3,5.3,16.3,13.5,24
2018-09-16,23.7837829589844,23.7675399780273,30.8711795806885,0.0893075540661812,21.4,23.1,83.3,5.3,16.3,13.5,24
2018-09-17,23.6796569824219,23.8813095092773,30.8824443817139,0.0584090538322926,21.4,23.1,83.3,5.3,16.3,13.5,24
2018-09-18,23.0589809417725,24.0621337890625,30.8071823120117,0.0474485270678997,21.4,23.1,83.3,5.3,16.3,13.5,24
2018-09-19,22.1800556182861,24.0710773468018,30.8488216400146,0.053628221154213,21.4,23.1,83.3,5.3,16.3,13.5,24
2018-09-20,21.9095859527588,23.716100692749,30.907829284668,0.176223859190941,21.4,23.1,83.3,5.3,16.3,13.5,24
2018-09-21,22.2951679229736,23.6615962982178,30.8744888305664,0.126132532954216,21.4,23.1,83.3,5.3,16.3,13.5,24
2018-09-22,22.6967926025391,23.9792537689209,30.886739730835,0.00581713998690248,21.4,23.1,83.3,5.3,16.3,13.5,24
2018-09-23,22.1562881469727,23.5281925201416,30.9814834594727,0.0305134113878012,21.4,23.1,83.3,5.3,16.3,13.5,24
2018-09-24,23.0135707855225,23.0500793457031,31.0838947296143,0.103260956704617,21.4,23.1,83.3,5.3,16.3,13.5,24
2018-09-25,23.4933166503906,23.551305770874,31.0698337554932,0.245470508933067,21.4,23.1,83.3,5.3,16.3,13.5,24
2018-09-26,23.4602642059326,23.8998546600342,30.92360496521,0.22191347181797,21.4,23.1,83.3,5.3,16.3,13.5,24
2018-09-27,23.0343246459961,23.9646587371826,30.8600616455078,0.138612166047096,21.4,23.1,83.3,5.3,16.3,13.5,24
2018-09-28,21.6478061676025,23.1697673797607,30.8448925018311,0.170223653316498,21.4,23.1,83.3,5.3,16.3,13.5,24
2018-09-29,21.4622192382812,23.0597553253174,30.7592716217041,0.0615973584353924,21.4,23.1,83.3,5.3,16.3,13.5,24
2018-09-30,21.1706409454346,23.1663036346436,30.7171173095703,0.0295930672436953,21.4,23.1,83.3,5.3,16.3,13.5,24
2018-10-01,21.4104747772217,22.9728927612305,30.8192348480225,0.0235826130956411,21.4,23.1,83.3,5.3,16.3,13.5,24
2018-10-02,20.6273250579834,23.1769428253174,30.7698917388916,0.00683813914656639,21.4,23.1,83.3,5.3,16.3,13.5,24
2018-10-03,19.631799697876,23.5664882659912,30.8848743438721,0.058059822767973,21.4,23.1,83.3,5.3,16.3,13.5,24
2018-10-04,19.7311229705811,23.7517757415771,30.8544597625732,0.0823408588767052,21.4,23.1,83.3,5.3,16.3,13.5,24
2018-10-05,19.4046802520752,23.784423828125,30.9064559936523,0.055183295160532,21.4,23.1,83.3,5.3,16.3,13.5,24
2018-10-06,20.4851684570312,23.2035732269287,30.8961849212646,0.0616372637450695,21.4,23.1,83.3,5.3,16.3,13.5,24
2018-10-07,21.2338485717773,23.1192836761475,30.6692066192627,-0.0437928549945354,21.4,23.1,83.3,5.3,16.3,13.5,24
2018-10-08,20.6101093292236,23.5469188690186,30.6790866851807,-0.0803213641047478,21.4,23.1,83.3,5.3,16.3,13.5,24
2018-10-09,20.4785823822021,23.5693969726562,30.6248874664307,0.00536026945337653,21.4,23.1,83.3,5.3,16.3,13.5,24
2018-10-10,21.2063407897949,23.9900188446045,30.5644664764404,-0.0490567646920681,21.4,23.1,83.3,5.3,16.3,13.5,24
2018-10-11,20.6732769012451,24.0157165527344,30.7220764160156,0.0532220341265202,21.4,23.1,83.3,5.3,16.3,13.5,24
2018-10-12,20.5678329467773,23.6721115112305,30.5830402374268,0.254266709089279,21.4,23.1,83.3,5.3,16.3,13.5,24
2018-10-13,22.0124664306641,22.596549987793,30.0543804168701,0.121676109731197,21.4,23.1,83.3,5.3,16.3,13.5,24
2018-10-14,21.5131301879883,22.0631465911865,29.919189453125,0.0715742185711861,21.4,23.1,83.3,5.3,16.3,13.5,24
2018-10-15,20.9208660125732,22.3921642303467,30.1580944061279,0.0475880205631256,21.4,23.1,83.3,5.3,16.3,13.5,24
2018-10-16,20.8066806793213,22.779504776001,31.2073917388916,-0.0807860270142555,21.4,23.1,83.3,5.3,16.3,13.5,24
2018-10-17,20.6402568817139,22.2678680419922,31.3179550170898,-0.100795246660709,21.4,23.1,83.3,5.3,16.3,13.5,24
2018-10-18,20.9132900238037,21.6581325531006,31.4719982147217,-0.252929776906967,21.4,23.1,83.3,5.3,16.3,13.5,24
2018-10-19,21.1776695251465,21.089168548584,31.4011077880859,-0.196584537625313,21.4,23.1,83.3,5.3,16.3,13.5,24
2018-10-20,19.9037952423096,20.617862701416,31.3792324066162,-0.181484699249268,21.4,23.1,83.3,5.3,16.3,13.5,24
2018-10-21,18.200590133667,20.1470508575439,31.5306396484375,-0.152450874447823,21.4,23.1,83.3,5.3,16.3,13.5,24
2018-10-22,19.4626541137695,19.2926597595215,31.1911239624023,-0.185506895184517,21.4,23.1,83.3,5.3,16.3,13.5,24
2018-10-23,17.7423839569092,18.4541072845459,30.1830463409424,-0.102235376834869,21.4,23.1,83.3,5.3,16.3,13.5,24
2018-10-24,16.886926651001,18.626880645752,30.6579914093018,-0.102013193070889,21.4,23.1,83.3,5.3,16.3,13.5,24
2018-10-25,18.6582431793213,17.9250507354736,30.8872737884521,-0.0576927252113819,21.4,23.1,83.3,5.3,16.3,13.5,24
2018-10-26,18.5347270965576,17.3827590942383,30.9261531829834,-0.0819128602743149,21.4,23.1,83.3,5.3,16.3,13.5,24
2018-10-27,17.9715938568115,17.5183486938477,31.0652256011963,0.331594228744507,21.4,23.1,83.3,5.3,16.3,13.5,24
2018-10-28,17.3693828582764,17.116569519043,30.5633373260498,0.120266519486904,21.4,23.1,83.3,5.3,16.3,13.5,24
2018-10-29,17.1921730041504,16.7387676239014,30.4577198028564,-0.0252888202667236,21.4,23.1,83.3,5.3,16.3,13.5,24
2018-10-30,17.1130847930908,16.4224109649658,30.5702285766602,-0.0923172831535339,21.4,23.1,83.3,5.3,16.3,13.5,24
2018-10-31,16.4788093566895,16.2823810577393,30.7443466186523,-0.0352364704012871,21.4,23.1,83.3,5.3,16.3,13.5,24
2018-11-01,16.2595291137695,16.5349235534668,30.9738922119141,-0.0449263751506805,21.4,23.1,83.3,5.3,16.3,13.5,24
2018-11-02,15.9899597167969,16.9807167053223,31.4600448608398,-0.0503548048436642,21.4,23.1,83.3,5.3,16.3,13.5,24
2018-11-03,16.5616664886475,17.3455810546875,31.577657699585,-0.0778501927852631,21.4,23.1,83.3,5.3,16.3,13.5,24
2018-11-04,16.7807273864746,17.0449333190918,31.7166271209717,-0.330173313617706,21.4,23.1,83.3,5.3,16.3,13.5,24
2018-11-05,16.9355373382568,16.9966125488281,31.8197479248047,-0.073051743209362,21.4,23.1,83.3,5.3,16.3,13.5,24
2018-11-06,16.9374217987061,16.8710117340088,31.8528957366943,0.0459879189729691,21.4,23.1,83.3,5.3,16.3,13.5,24
2018-11-07,16.9265575408936,16.8516483306885,31.8101100921631,-0.117906205356121,21.4,23.1,83.3,5.3,16.3,13.5,24
2018-11-08,16.9475936889648,16.7927532196045,31.8579883575439,-0.156273111701012,21.4,23.1,83.3,5.3,16.3,13.5,24
2018-11-09,16.5652008056641,16.3417720794678,31.867883682251,0.0127670085057616,21.4,23.1,83.3,5.3,16.3,13.5,24
2018-11-10,16.2507743835449,16.1225032806396,31.8330478668213,-0.0510270185768604,21.4,23.1,83.3,5.3,16.3,13.5,24
2018-11-11,15.657130241394,15.5432367324829,31.8111209869385,-0.32352864742279,21.4,23.1,83.3,5.3,16.3,13.5,24
2018-11-12,14.976676940918,14.8591527938843,31.8909378051758,-0.21633680164814,21.4,23.1,83.3,5.3,16.3,13.5,24
2018-11-13,14.9819803237915,14.7755727767944,31.8631134033203,-0.107559770345688,21.4,23.1,83.3,5.3,16.3,13.5,24
2018-11-14,14.706711769104,14.4681615829468,31.7838764190674,-0.310593634843826,21.4,23.1,83.3,5.3,16.3,13.5,24
2018-11-15,14.8472528457642,14.8123359680176,31.8541355133057,-0.137005969882011,21.4,23.1,83.3,5.3,16.3,13.5,24
2018-11-16,15.1349821090698,15.0260467529297,31.8529033660889,0.0206638220697641,21.4,23.1,83.3,5.3,16.3,13.5,24
2018-11-17,14.9956703186035,13.991940498352,30.5586929321289,-0.285234779119492,21.4,23.1,83.3,5.3,16.3,13.5,24
2018-11-18,14.7701187133789,13.5080299377441,30.2414951324463,-0.248748674988747,21.4,23.1,83.3,5.3,16.3,13.5,24
2018-11-19,14.6825904846191,13.1538991928101,30.0096950531006,-0.0217832922935486,21.4,23.1,83.3,5.3,16.3,13.5,24
2018-11-20,14.5809946060181,13.238528251648,29.9869174957275,-0.0196670610457659,21.4,23.1,83.3,5.3,16.3,13.5,24
2018-11-21,14.6816701889038,13.7763547897339,30.364221572876,-0.131969302892685,21.4,23.1,83.3,5.3,16.3,13.5,24
2018-11-22,14.6347436904907,13.2281312942505,30.47629737854,-0.31426677107811,21.4,23.1,83.3,5.3,16.3,13.5,24
2018-11-23,14.1998710632324,13.2171068191528,31.4229068756104,-0.207078143954277,21.4,23.1,83.3,5.3,16.3,13.5,24
2018-11-24,13.2578229904175,12.5336103439331,31.2398662567139,-0.0366067960858345,21.4,23.1,83.3,5.3,16.3,13.5,24
2018-11-25,13.2786664962769,11.9727478027344,29.9586429595947,0.0574072450399399,21.4,23.1,83.3,5.3,16.3,13.5,24
2018-11-26,13.258544921875,12.045844078064,30.3113689422607,0.136485770344734,21.4,23.1,83.3,5.3,16.3,13.5,24
2018-11-27,12.8913307189941,11.8612699508667,29.6071243286133,0.103864282369614,21.4,23.1,83.3,5.3,16.3,13.5,24
2018-11-28,13.2713537216187,11.4360456466675,30.0012512207031,-0.130747199058533,21.4,23.1,83.3,5.3,16.3,13.5,24
2018-11-29,13.1709604263306,11.2498598098755,30.7137203216553,-0.192384302616119,21.4,23.1,83.3,5.3,16.3,13.5,24
2018-11-30,13.3540267944336,11.5908699035645,30.9340209960938,0.0205843169242144,21.4,23.1,83.3,5.3,16.3,13.5,24
2018-12-01,12.9557456970215,11.7758893966675,31.0717678070068,0.0701433047652245,21.4,23.1,83.3,5.3,16.3,13.5,24
2018-12-02,12.8283014297485,12.1195516586304,31.1782608032227,0.155558362603188,21.4,23.1,83.3,5.3,16.3,13.5,24
2018-12-03,12.3327417373657,11.2909622192383,30.9894027709961,0.0708701685070992,21.4,23.1,83.3,5.3,16.3,13.5,24
2018-12-04,11.9983911514282,11.1421308517456,31.0813217163086,-0.0808829888701439,21.4,23.1,83.3,5.3,16.3,13.5,24
2018-12-05,11.958966255188,10.9742164611816,31.3417892456055,-0.0215958263725042,21.4,23.1,83.3,5.3,16.3,13.5,24
2018-12-06,11.8350028991699,10.8945798873901,31.0403442382812,-0.0862845182418823,21.4,23.1,83.3,5.3,16.3,13.5,24
2018-12-07,11.8075304031372,9.32204914093018,27.5849018096924,-0.220726683735847,21.4,23.1,83.3,5.3,16.3,13.5,24
2018-12-08,12.168683052063,10.2143907546997,30.6777114868164,-0.174493476748466,21.4,23.1,83.3,5.3,16.3,13.5,24
2018-12-09,11.8659086227417,10.2969732284546,31.5474243164062,-0.128905341029167,21.4,23.1,83.3,5.3,16.3,13.5,24
2018-12-10,10.9894027709961,10.6475667953491,32.2176971435547,-0.00684653595089912,21.4,23.1,83.3,5.3,16.3,13.5,24
2018-12-11,10.620361328125,10.6311082839966,32.5435981750488,-0.0211452003568411,21.4,23.1,83.3,5.3,16.3,13.5,24
2018-12-12,10.7893857955933,10.374044418335,31.6989421844482,-0.108123928308487,21.4,23.1,83.3,5.3,16.3,13.5,24
2018-12-13,10.8298540115356,9.19504165649414,30.0213260650635,-0.143848195672035,21.4,23.1,83.3,5.3,16.3,13.5,24
2018-12-14,10.7862615585327,9.06663227081299,29.6899013519287,-0.0184892397373915,21.4,23.1,83.3,5.3,16.3,13.5,24
2018-12-15,10.5351190567017,9.35276031494141,30.3153915405273,-0.0610630698502064,21.4,23.1,83.3,5.3,16.3,13.5,24
2018-12-16,10.4211101531982,9.76290607452393,31.0602855682373,0.16226863861084,21.4,23.1,83.3,5.3,16.3,13.5,24
2018-12-17,10.0353517532349,8.78173065185547,30.8940200805664,0.103575237095356,21.4,23.1,83.3,5.3,16.3,13.5,24
2018-12-18,10.1461458206177,8.78139209747314,30.4342670440674,-0.171751067042351,21.4,23.1,83.3,5.3,16.3,13.5,24
2018-12-19,10.2408246994019,8.78639888763428,30.5690479278564,-0.18998496234417,21.4,23.1,83.3,5.3,16.3,13.5,24
2018-12-20,10.2824449539185,8.38330364227295,29.8720455169678,-0.0927601158618927,21.4,23.1,83.3,5.3,16.3,13.5,24
2018-12-21,9.90845012664795,8.88157749176025,29.735818862915,0.0927331671118736,21.4,23.1,83.3,5.3,16.3,13.5,24
2018-12-22,10.0505514144897,9.01311683654785,29.95556640625,-0.024883434176445,21.4,23.1,83.3,5.3,16.3,13.5,24
2018-12-23,10.2168340682983,8.89655780792236,30.2403774261475,-0.294121086597443,21.4,23.1,83.3,5.3,16.3,13.5,24
2018-12-24,10.0666418075562,8.9756441116333,30.2547130584717,-0.17615769803524,21.4,23.1,83.3,5.3,16.3,13.5,24
2018-12-25,10.0262727737427,8.91339015960693,30.4640960693359,-0.182894513010979,21.4,23.1,83.3,5.3,16.3,13.5,24
2018-12-26,9.99448299407959,8.77318572998047,30.5808048248291,-0.175719872117043,21.4,23.1,83.3,5.3,16.3,13.5,24
2018-12-27,9.28566360473633,8.29911518096924,30.6475887298584,-0.222989305853844,21.4,23.1,83.3,5.3,16.3,13.5,24
2018-12-28,9.30989265441895,8.17831134796143,30.5167598724365,-0.0713248401880264,21.4,23.1,83.3,5.3,16.3,13.5,24
2018-12-29,9.66587924957275,8.44239711761475,30.6219348907471,-0.129690408706665,21.4,23.1,83.3,5.3,16.3,13.5,24
2018-12-30,9.82187080383301,8.56440830230713,30.6363353729248,-0.189145162701607,21.4,23.1,83.3,5.3,16.3,13.5,24
2018-12-31,9.69989967346191,8.61122798919678,30.7633266448975,-0.0669714957475662,21.4,23.1,83.3,5.3,16.3,13.5,24
2019-01-01,9.71262264251709,8.62290191650391,30.4828433990479,-0.0561163984239101,21.4,23.1,83.3,5.3,16.3,13.5,24
2019-01-02,9.84559154510498,9.07932186126709,30.5060119628906,-0.206190153956413,21.4,23.1,83.3,5.3,16.3,13.5,24
2019-01-03,9.93055629730225,9.07190704345703,30.4321689605713,-0.0935403928160667,21.4,23.1,83.3,5.3,16.3,13.5,24
2019-01-04,10.0190477371216,8.8522367477417,30.2320575714111,-0.0726474449038506,21.4,23.1,83.3,5.3,16.3,13.5,24
2019-01-05,10.1343784332275,9.346116065979,30.0258541107178,0.0866550803184509,21.4,23.1,83.3,5.3,16.3,13.5,24
2019-01-06,10.2656259536743,9.30389499664307,30.2581691741943,-0.0448460020124912,21.4,23.1,83.3,5.3,16.3,13.5,24
2019-01-07,10.1638193130493,8.94575214385986,29.7275829315186,-0.136810854077339,21.4,23.1,83.3,5.3,16.3,13.5,24
2019-01-08,9.91996002197266,8.62543773651123,29.6813983917236,0.0137619748711586,21.4,23.1,83.3,5.3,16.3,13.5,24
2019-01-09,9.98632717132568,8.44059753417969,28.760627746582,-0.0457717478275299,21.4,23.1,83.3,5.3,16.3,13.5,24
2019-01-10,10.0668849945068,7.92726707458496,28.8262958526611,-0.30911523103714,21.4,23.1,83.3,5.3,16.3,13.5,24
2019-01-11,9.86378002166748,7.65801477432251,29.6284008026123,-0.20292629301548,21.4,23.1,83.3,5.3,16.3,13.5,24
2019-01-12,8.8396806716919,7.8244891166687,30.5145874023438,-0.206627681851387,21.4,23.1,83.3,5.3,16.3,13.5,24
2019-01-13,8.61389255523682,7.67223215103149,30.5325622558594,-0.0935584530234337,21.4,23.1,83.3,5.3,16.3,13.5,24
2019-01-14,7.9284987449646,7.89331483840942,31.2159881591797,0.128436163067818,21.4,23.1,83.3,5.3,16.3,13.5,24
2019-01-15,7.83850240707397,7.12977981567383,31.5721263885498,-0.0265938322991133,21.4,23.1,83.3,5.3,16.3,13.5,24
2019-01-16,7.65439748764038,6.41846609115601,30.0854167938232,-0.121513821184635,21.4,23.1,83.3,5.3,16.3,13.5,24
2019-01-17,7.9133243560791,6.87822151184082,30.0454883575439,-0.208956003189087,21.4,23.1,83.3,5.3,16.3,13.5,24
2019-01-18,7.96134042739868,6.90397071838379,30.0508403778076,-0.0664655193686485,21.4,23.1,83.3,5.3,16.3,13.5,24
2019-01-19,7.95399713516235,6.42160224914551,29.7109451293945,-0.100375443696976,21.4,23.1,83.3,5.3,16.3,13.5,24
2019-01-20,7.64065408706665,7.09588432312012,29.8947734832764,0.111372731626034,21.4,23.1,83.3,5.3,16.3,13.5,24
2019-01-21,7.07662534713745,6.56234312057495,30.8309173583984,-0.324887305498123,21.4,23.1,83.3,5.3,16.3,13.5,24
2019-01-22,6.54210710525513,5.64433526992798,30.464204788208,-0.602436125278473,21.4,23.1,83.3,5.3,16.3,13.5,24
2019-01-23,6.51679372787476,5.33464431762695,30.2697353363037,-0.326857715845108,21.4,23.1,83.3,5.3,16.3,13.5,24
2019-01-24,7.0817551612854,5.91136121749878,30.741455078125,-0.183261692523956,21.4,23.1,83.3,5.3,16.3,13.5,24
2019-01-25,7.24176168441772,5.75449371337891,30.937873840332,-0.327446490526199,21.4,23.1,83.3,5.3,16.3,13.5,24
2019-01-26,7.0527720451355,5.24516725540161,30.868673324585,-0.334967821836472,21.4,23.1,83.3,5.3,16.3,13.5,24
2019-01-27,7.36420440673828,5.31870889663696,30.9097080230713,-0.117429912090302,21.4,23.1,83.3,5.3,16.3,13.5,24
2019-01-28,7.48072052001953,5.42354965209961,30.882043838501,-0.077959842979908,21.4,23.1,83.3,5.3,16.3,13.5,24
2019-01-29,7.14594984054565,5.86135053634644,31.0622577667236,0.0018795101204887,21.4,23.1,83.3,5.3,16.3,13.5,24
2019-01-30,7.11707067489624,5.93425559997559,31.1165542602539,-0.0567356236279011,21.4,23.1,83.3,5.3,16.3,13.5,24
2019-01-31,6.43719482421875,5.55024003982544,31.1609859466553,-0.391935437917709,21.4,23.1,83.3,5.3,16.3,13.5,24
2019-02-01,6.28117513656616,5.13517618179321,31.1219940185547,-0.397424668073654,21.4,23.1,83.3,5.3,16.3,13.5,24
2019-02-02,6.54197549819946,5.29672622680664,31.3108310699463,-0.318840652704239,21.4,23.1,83.3,5.3,16.3,13.5,24
2019-02-03,6.58709669113159,4.66033315658569,30.8326930999756,-0.378726154565811,21.4,23.1,83.3,5.3,16.3,13.5,24
2019-02-04,6.4853949546814,3.93271064758301,30.7846298217773,-0.191517651081085,21.4,23.1,83.3,5.3,16.3,13.5,24
2019-02-05,6.92565488815308,4.20299434661865,30.8390884399414,-0.152077302336693,21.4,23.1,83.3,5.3,16.3,13.5,24
2019-02-06,6.9585747718811,4.37935543060303,30.2664127349854,-0.161199271678925,21.4,23.1,83.3,5.3,16.3,13.5,24
2019-02-07,7.76787710189819,6.27868604660034,30.0805530548096,-0.0680587291717529,21.4,23.1,83.3,5.3,16.3,13.5,24
2019-02-08,7.07323312759399,6.84942245483398,31.2244167327881,-0.0948075875639915,21.4,23.1,83.3,5.3,16.3,13.5,24
2019-02-09,7.03251600265503,6.11465835571289,30.2614669799805,-0.514627277851105,21.4,23.1,83.3,5.3,16.3,13.5,24
2019-02-10,6.4098858833313,5.57340621948242,31.0055618286133,-0.473596334457397,21.4,23.1,83.3,5.3,16.3,13.5,24
2019-02-11,6.77321815490723,5.23457098007202,30.4476680755615,-0.355960756540298,21.4,23.1,83.3,5.3,16.3,13.5,24
2019-02-12,6.42507696151733,5.80591058731079,31.5468502044678,-0.096990704536438,21.4,23.1,83.3,5.3,16.3,13.5,24
2019-02-13,6.32959938049316,5.89835166931152,30.1659774780273,0.00632463907822967,21.4,23.1,83.3,5.3,16.3,13.5,24
2019-02-14,6.42341232299805,5.47943258285522,28.9549541473389,-0.343008756637573,21.4,23.1,83.3,5.3,16.3,13.5,24
2019-02-15,6.90029668807983,5.64063596725464,28.7909145355225,-0.221197560429573,21.4,23.1,83.3,5.3,16.3,13.5,24
2019-02-16,7.32050085067749,5.96467781066895,29.4540233612061,-0.0764556527137756,21.4,23.1,83.3,5.3,16.3,13.5,24
2019-02-17,7.2558102607727,5.87184762954712,29.6986560821533,-0.0984503328800201,21.4,23.1,83.3,5.3,16.3,13.5,24
2019-02-18,7.33957433700562,5.86671590805054,29.4442806243896,-0.152286842465401,21.4,23.1,83.3,5.3,16.3,13.5,24
2019-02-19,7.24601316452026,5.87794828414917,29.7812519073486,-0.294820129871368,21.4,23.1,83.3,5.3,16.3,13.5,24
2019-02-20,7.19829034805298,5.72836923599243,29.9680328369141,-0.288329392671585,21.4,23.1,83.3,5.3,16.3,13.5,24
2019-02-21,7.1701488494873,5.73009920120239,29.9143371582031,-0.160992965102196,21.4,23.1,83.3,5.3,16.3,13.5,24
2019-02-22,6.31086778640747,4.66391515731812,29.115514755249,-0.224018394947052,21.4,23.1,83.3,5.3,16.3,13.5,24
2019-02-23,6.25723075866699,4.96363353729248,29.7201366424561,-0.127798497676849,21.4,23.1,83.3,5.3,16.3,13.5,24
2019-02-24,6.15401697158813,5.23996114730835,30.1490726470947,0.0890118777751923,21.4,23.1,83.3,5.3,16.3,13.5,24
2019-02-25,6.93150758743286,6.10723161697388,29.7258892059326,-0.324405193328857,21.4,23.1,83.3,5.3,16.3,13.5,24
2019-02-26,7.28985166549683,5.9255633354187,30.1919803619385,-0.587609708309174,21.4,23.1,83.3,5.3,16.3,13.5,24
2019-02-27,7.20155954360962,6.11480093002319,30.3319072723389,-0.308876872062683,21.4,23.1,83.3,5.3,16.3,13.5,24
2019-02-28,6.91926383972168,6.24763441085815,30.5940570831299,-0.13033264875412,21.4,23.1,83.3,5.3,16.3,13.5,24
2019-03-01,6.61206007003784,6.1800274848938,30.8674621582031,-0.0592431984841824,21.4,23.1,83.3,5.3,16.3,13.5,24
2019-03-02,6.29444122314453,6.24303388595581,31.3155269622803,0.0756310597062111,21.4,23.1,83.3,5.3,16.3,13.5,24
2019-03-03,6.34763145446777,5.74005937576294,31.3292789459229,-0.019563116133213,21.4,23.1,83.3,5.3,16.3,13.5,24
2019-03-04,6.16758966445923,5.75489377975464,31.4515609741211,0.115117907524109,21.4,23.1,83.3,5.3,16.3,13.5,24
2019-03-05,6.05868101119995,5.26815891265869,30.9455013275146,-0.132761135697365,21.4,23.1,83.3,5.3,16.3,13.5,24
2019-03-06,5.80987977981567,5.24817419052124,30.439094543457,-0.219695255160332,21.4,23.1,83.3,5.3,16.3,13.5,24
2019-03-07,6.03934812545776,4.93814849853516,30.2904682159424,-0.235746398568153,21.4,23.1,83.3,5.3,16.3,13.5,24
2019-03-08,6.28772306442261,4.54391527175903,29.5182323455811,-0.227996841073036,21.4,23.1,83.3,5.3,16.3,13.5,24
2019-03-09,6.17116594314575,4.95007514953613,29.5633697509766,-0.160513520240784,21.4,23.1,83.3,5.3,16.3,13.5,24
2019-03-10,6.19239091873169,5.2197642326355,29.8524723052979,-0.0459161810576916,21.4,23.1,83.3,5.3,16.3,13.5,24
2019-03-11,6.13240051269531,5.60333061218262,29.3616485595703,-0.0603110045194626,21.4,23.1,83.3,5.3,16.3,13.5,24
2019-03-12,6.41251993179321,5.6900577545166,29.3750915527344,-0.198364838957787,21.4,23.1,83.3,5.3,16.3,13.5,24
2019-03-13,6.41397905349731,5.7389087677002,30.4081974029541,-0.2063939422369,21.4,23.1,83.3,5.3,16.3,13.5,24
2019-03-14,6.42964792251587,5.90409517288208,29.7016086578369,-0.147207349538803,21.4,23.1,83.3,5.3,16.3,13.5,24
2019-03-15,6.41477060317993,5.75887870788574,29.6952610015869,-0.175560548901558,21.4,23.1,83.3,5.3,16.3,13.5,24
2019-03-16,6.43119764328003,6.5005145072937,30.4739665985107,-0.259494215250015,21.4,23.1,83.3,5.3,16.3,13.5,24
2019-03-17,6.53239822387695,6.51606225967407,30.6799163818359,-0.294642180204391,21.4,23.1,83.3,5.3,16.3,13.5,24
2019-03-18,6.72119379043579,6.58098077774048,30.7035064697266,-0.214574456214905,21.4,23.1,83.3,5.3,16.3,13.5,24
2019-03-19,6.62711334228516,6.51254320144653,30.7241973876953,-0.321492463350296,21.4,23.1,83.3,5.3,16.3,13.5,24
2019-03-20,6.67314529418945,6.59734487533569,30.7193546295166,-0.241245970129967,21.4,23.1,83.3,5.3,16.3,13.5,24
2019-03-21,6.6250901222229,7.00123929977417,30.6781139373779,-0.059652466326952,21.4,23.1,83.3,5.3,16.3,13.5,24
2019-03-22,6.67833089828491,6.98180055618286,30.2189331054688,0.0235238242894411,21.4,23.1,83.3,5.3,16.3,13.5,24
2019-03-23,6.88190412521362,6.8107180595398,30.0984954833984,-0.385744720697403,21.4,23.1,83.3,5.3,16.3,13.5,24
2019-03-24,6.88350629806519,6.89318513870239,29.7496318817139,-0.4062320291996,21.4,23.1,83.3,5.3,16.3,13.5,24
2019-03-25,6.98509216308594,7.11810111999512,29.9974117279053,-0.226025953888893,21.4,23.1,83.3,5.3,16.3,13.5,24
2019-03-26,6.97042608261108,7.06571817398071,30.5227375030518,-0.0874487534165382,21.4,23.1,83.3,5.3,16.3,13.5,24
2019-03-27,7.08857297897339,6.6183876991272,31.21657371521,-0.119747020304203,21.4,23.1,83.3,5.3,16.3,13.5,24
2019-03-28,6.89968538284302,6.85946226119995,31.2547435760498,-0.163382008671761,21.4,23.1,83.3,5.3,16.3,13.5,24
2019-03-29,7.00859117507935,7.35275506973267,30.6950855255127,-0.184951961040497,21.4,23.1,83.3,5.3,16.3,13.5,24
2019-03-30,7.61965370178223,7.67344617843628,30.5096664428711,-0.174775645136833,21.4,23.1,83.3,5.3,16.3,13.5,24
2019-03-31,7.78592300415039,7.95691633224487,30.654016494751,-0.134979367256165,21.4,23.1,83.3,5.3,16.3,13.5,24
2019-04-01,7.81510400772095,7.5817985534668,30.9333553314209,-0.261308699846268,21.4,23.1,83.3,5.3,16.3,13.5,24
2019-04-02,7.6485767364502,7.32971954345703,31.0473461151123,-0.223832845687866,21.4,23.1,83.3,5.3,16.3,13.5,24
2019-04-03,7.35310697555542,7.2902045249939,31.237512588501,-0.0990539193153381,21.4,23.1,83.3,5.3,16.3,13.5,24
2019-04-04,7.37079238891602,7.83790636062622,30.8041400909424,-0.335709184408188,21.4,23.1,83.3,5.3,16.3,13.5,24
2019-04-05,7.61621999740601,8.05187129974365,30.8020915985107,-0.372599273920059,21.4,23.1,83.3,5.3,16.3,13.5,24
2019-04-06,7.69293165206909,7.91990518569946,30.9983158111572,-0.270314007997513,21.4,23.1,83.3,5.3,16.3,13.5,24
2019-04-07,7.70199346542358,8.20217514038086,31.1108379364014,-0.257945418357849,21.4,23.1,83.3,5.3,16.3,13.5,24
2019-04-08,7.48290967941284,8.55509853363037,29.083215713501,-0.13781850039959,21.4,23.1,83.3,5.3,16.3,13.5,24
2019-04-09,7.55569124221802,9.28914737701416,28.2213764190674,-0.00483959494158626,21.4,23.1,83.3,5.3,16.3,13.5,24
2019-04-10,7.55483961105347,9.84073829650879,28.3817806243896,0.0407659523189068,21.4,23.1,83.3,5.3,16.3,13.5,24
2019-04-11,7.26363182067871,9.53186321258545,29.1822834014893,-0.053513664752245,21.4,23.1,83.3,5.3,16.3,13.5,24
2019-04-12,7.06724214553833,8.96084499359131,30.6599044799805,-0.100580252707005,21.4,23.1,83.3,5.3,16.3,13.5,24
2019-04-13,7.1150164604187,9.85956478118896,29.4164257049561,-0.0976879596710205,21.4,23.1,83.3,5.3,16.3,13.5,24
2019-04-14,9.07758235931396,10.6572389602661,29.2355060577393,-0.126352339982986,21.4,23.1,83.3,5.3,16.3,13.5,24
2019-04-15,9.13154315948486,10.3355894088745,29.8980236053467,-0.110886447131634,21.4,23.1,83.3,5.3,16.3,13.5,24
2019-04-16,9.12963581085205,10.1912221908569,30.508918762207,-0.362570196390152,21.4,23.1,83.3,5.3,16.3,13.5,24
2019-04-17,9.34892463684082,10.3004083633423,30.605131149292,-0.28899022936821,21.4,23.1,83.3,5.3,16.3,13.5,24
2019-04-18,9.38028526306152,10.4960374832153,30.60231590271,-0.128430217504501,21.4,23.1,83.3,5.3,16.3,13.5,24
2019-04-19,9.31139278411865,10.748459815979,31.0641460418701,-0.117055125534534,21.4,23.1,83.3,5.3,16.3,13.5,24
2019-04-20,9.21467685699463,10.9502410888672,31.063985824585,-0.0981691181659698,21.4,23.1,83.3,5.3,16.3,13.5,24
2019-04-21,9.1509485244751,11.3594827651978,31.463981628418,-0.115496963262558,21.4,23.1,83.3,5.3,16.3,13.5,24
2019-04-22,9.13101768493652,11.8762474060059,31.4223003387451,-0.0798674747347832,21.4,23.1,83.3,5.3,16.3,13.5,24
2019-04-23,9.46623611450195,12.3928213119507,31.3608684539795,-0.0294043123722076,21.4,23.1,83.3,5.3,16.3,13.5,24
2019-04-24,9.42221164703369,12.449893951416,31.4370727539062,-0.0550811141729355,21.4,23.1,83.3,5.3,16.3,13.5,24
2019-04-25,9.41361331939697,12.8758325576782,31.4714813232422,-0.0414561480283737,21.4,23.1,83.3,5.3,16.3,13.5,24
2019-04-26,10.0764760971069,12.5811185836792,31.3438129425049,0.0347226969897747,21.4,23.1,83.3,5.3,16.3,13.5,24
2019-04-27,10.0679159164429,12.314305305481,31.1334476470947,-0.0895295217633247,21.4,23.1,83.3,5.3,16.3,13.5,24
2019-04-28,10.3481006622314,12.5019369125366,31.1613101959229,-0.151132792234421,21.4,23.1,83.3,5.3,16.3,13.5,24
2019-04-29,10.046875,12.5086622238159,31.1648540496826,-0.15788921713829,21.4,23.1,83.3,5.3,16.3,13.5,24
2019-04-30,9.91858768463135,12.6603012084961,30.7837295532227,-0.198940917849541,21.4,23.1,83.3,5.3,16.3,13.5,24
2019-05-01,9.68944454193115,12.7989492416382,30.8520412445068,-0.158441469073296,21.4,23.1,83.3,5.3,16.3,13.5,24
2019-05-02,9.68157196044922,13.4709215164185,29.778205871582,-0.176462098956108,21.4,23.1,83.3,5.3,16.3,13.5,24
2019-05-03,9.63840579986572,14.477858543396,28.3646602630615,-0.0828802958130836,21.4,23.1,83.3,5.3,16.3,13.5,24
2019-05-04,9.49891948699951,15.068528175354,27.537446975708,-0.0480279438197613,21.4,23.1,83.3,5.3,16.3,13.5,24
2019-05-05,8.70864200592041,14.2078313827515,27.6208267211914,0.0291228536516428,21.4,23.1,83.3,5.3,16.3,13.5,24
2019-05-06,9.21862697601318,12.2791366577148,30.8786334991455,0.111521154642105,21.4,23.1,83.3,5.3,16.3,13.5,24
2019-05-07,10.6292991638184,12.5510330200195,31.4114398956299,-0.0347112603485584,21.4,23.1,83.3,5.3,16.3,13.5,24
2019-05-08,10.2343759536743,13.459418296814,30.4582824707031,-0.103214293718338,21.4,23.1,83.3,5.3,16.3,13.5,24
2019-05-09,10.0857934951782,13.592472076416,30.5024127960205,-0.0680173635482788,21.4,23.1,83.3,5.3,16.3,13.5,24
2019-05-10,10.1929264068604,13.6063280105591,30.5778732299805,-0.03634337708354,21.4,23.1,83.3,5.3,16.3,13.5,24
2019-05-11,10.6455039978027,14.3432931900024,30.3766937255859,-0.10394075512886,21.4,23.1,83.3,5.3,16.3,13.5,24
2019-05-12,10.6859130859375,14.4321517944336,30.4533634185791,0.0742333084344864,21.4,23.1,83.3,5.3,16.3,13.5,24
2019-05-13,12.5110349655151,14.1525602340698,31.2321720123291,0.259447306394577,21.4,23.1,83.3,5.3,16.3,13.5,24
2019-05-14,12.8319616317749,12.9354314804077,31.7803726196289,0.213768884539604,21.4,23.1,83.3,5.3,16.3,13.5,24
2019-05-15,12.8936338424683,13.1430253982544,31.698205947876,0.0905398726463318,21.4,23.1,83.3,5.3,16.3,13.5,24
2019-05-16,12.940821647644,13.8605298995972,31.4892292022705,0.00658803666010499,21.4,23.1,83.3,5.3,16.3,13.5,24
2019-05-17,13.1906852722168,14.7103567123413,31.0390186309814,-0.0390237905085087,21.4,23.1,83.3,5.3,16.3,13.5,24
2019-05-18,12.9376411437988,15.5186500549316,30.7746963500977,-0.0608887076377869,21.4,23.1,83.3,5.3,16.3,13.5,24
2019-05-19,12.7863245010376,15.7849731445312,30.8123550415039,-0.0494814068078995,21.4,23.1,83.3,5.3,16.3,13.5,24
2019-05-20,12.2023916244507,16.0828037261963,31.0473937988281,-0.0857814028859138,21.4,23.1,83.3,5.3,16.3,13.5,24
2019-05-21,12.0604066848755,16.6653423309326,31.095983505249,-0.153071209788322,21.4,23.1,83.3,5.3,16.3,13.5,24
2019-05-22,12.3219757080078,16.7787342071533,31.2117462158203,-0.148405373096466,21.4,23.1,83.3,5.3,16.3,13.5,24
2019-05-23,11.970157623291,16.6730175018311,30.9593887329102,-0.134516313672066,21.4,23.1,83.3,5.3,16.3,13.5,24
2019-05-24,11.5153112411499,16.6561965942383,30.6014022827148,-0.159335970878601,21.4,23.1,83.3,5.3,16.3,13.5,24
2019-05-25,11.6208295822144,17.2387752532959,30.6866321563721,-0.0467337854206562,21.4,23.1,83.3,5.3,16.3,13.5,24
2019-05-26,11.4793672561646,17.9845275878906,30.6074886322021,-0.0361329987645149,21.4,23.1,83.3,5.3,16.3,13.5,24
2019-05-27,11.4242238998413,18.7680816650391,30.5966110229492,-0.0281543601304293,21.4,23.1,83.3,5.3,16.3,13.5,24
2019-05-28,11.2812948226929,18.422176361084,30.6084747314453,0.0499510020017624,21.4,23.1,83.3,5.3,16.3,13.5,24
2019-05-29,11.4472122192383,19.4696731567383,30.6109676361084,0.0597846172749996,21.4,23.1,83.3,5.3,16.3,13.5,24
2019-05-30,11.3524236679077,20.3438472747803,30.7017307281494,0.0595904141664505,21.4,23.1,83.3,5.3,16.3,13.5,24
2019-05-31,11.4478979110718,20.687952041626,30.5787944793701,0.0675707757472992,21.4,23.1,83.3,5.3,16.3,13.5,24
2019-06-01,11.9830121994019,21.0048770904541,30.3188152313232,0.0502619631588459,21.4,23.1,83.3,5.3,16.3,13.5,24
2019-06-02,11.9358568191528,20.9381885528564,30.1173629760742,0.109303630888462,21.4,23.1,83.3,5.3,16.3,13.5,24
2019-06-03,11.8724317550659,19.9920196533203,29.9315414428711,0.00896778423339128,21.4,23.1,83.3,5.3,16.3,13.5,24
2019-06-04,12.3635015487671,19.6495475769043,29.5951023101807,-0.102187804877758,21.4,23.1,83.3,5.3,16.3,13.5,24
2019-06-05,12.1217384338379,19.4166030883789,29.3077087402344,-0.102517634630203,21.4,23.1,83.3,5.3,16.3,13.5,24
2019-06-06,11.4022188186646,20.3625469207764,30.0366382598877,-0.121595919132233,21.4,23.1,83.3,5.3,16.3,13.5,24
2019-06-07,11.1191568374634,20.3381938934326,30.3726215362549,-0.0428348295390606,21.4,23.1,83.3,5.3,16.3,13.5,24
2019-06-08,11.3086433410645,20.0628032684326,30.2340068817139,-0.0179724544286728,21.4,23.1,83.3,5.3,16.3,13.5,24
2019-06-09,11.8902282714844,19.4943923950195,30.1259288787842,0.0486759729683399,21.4,23.1,83.3,5.3,16.3,13.5,24
2019-06-10,13.156135559082,19.2722644805908,30.1297130584717,0.0494098179042339,21.4,23.1,83.3,5.3,16.3,13.5,24
2019-06-11,13.5386800765991,19.4575023651123,30.2559814453125,-0.0174614489078522,21.4,23.1,83.3,5.3,16.3,13.5,24
2019-06-12,13.7012357711792,19.1292762756348,30.6066417694092,-0.0987619981169701,21.4,23.1,83.3,5.3,16.3,13.5,24
2019-06-13,13.0841512680054,18.8801555633545,30.8360443115234,0.0201502423733473,21.4,23.1,83.3,5.3,16.3,13.5,24
2019-06-14,13.3375215530396,18.8721218109131,31.0808391571045,-0.126494958996773,21.4,23.1,83.3,5.3,16.3,13.5,24
2019-06-15,12.6789407730103,18.9752349853516,31.1724720001221,-0.218790456652641,21.4,23.1,83.3,5.3,16.3,13.5,24
2019-06-16,12.7473459243774,19.809720993042,30.6596546173096,-0.208683654665947,21.4,23.1,83.3,5.3,16.3,13.5,24
2019-06-17,12.4597206115723,21.0050640106201,30.65358543396,-0.166274547576904,21.4,23.1,83.3,5.3,16.3,13.5,24
2019-06-18,12.3040475845337,21.4283046722412,30.7505340576172,-0.071691207587719,21.4,23.1,83.3,5.3,16.3,13.5,24
2019-06-19,14.1165657043457,22.0150775909424,30.6116199493408,-0.0428277999162674,21.4,23.1,83.3,5.3,16.3,13.5,24
2019-06-20,13.8811483383179,22.0531368255615,30.6399707794189,0.0518006980419159,21.4,23.1,83.3,5.3,16.3,13.5,24
2019-06-21,13.6497411727905,21.5476531982422,30.8019695281982,0.0427063070237637,21.4,23.1,83.3,5.3,16.3,13.5,24
2019-06-22,14.1210556030273,21.28102684021,30.7857799530029,0.022664388641715,21.4,23.1,83.3,5.3,16.3,13.5,24
2019-06-23,14.2088861465454,21.3918151855469,30.7718830108643,-0.000292635202640668,21.4,23.1,83.3,5.3,16.3,13.5,24
2019-06-24,13.9836845397949,21.7225093841553,30.5261154174805,-0.034822303801775,21.4,23.1,83.3,5.3,16.3,13.5,24
2019-06-25,14.3901824951172,22.1797161102295,30.9237117767334,0.00480671972036362,21.4,23.1,83.3,5.3,16.3,13.5,24
2019-06-26,14.3191289901733,22.6951274871826,30.8700332641602,-0.0160418357700109,21.4,23.1,83.3,5.3,16.3,13.5,24
2019-06-27,14.2403345108032,23.275842666626,30.5376605987549,-0.0743684843182564,21.4,23.1,83.3,5.3,16.3,13.5,24
2019-06-28,15.410059928894,24.3559722900391,29.9916286468506,-0.0796150341629982,21.4,23.1,83.3,5.3,16.3,13.5,24
2019-06-29,15.5095329284668,24.7450389862061,29.301549911499,-0.0610322654247284,21.4,23.1,83.3,5.3,16.3,13.5,24
2019-06-30,15.3215169906616,25.1051082611084,29.2369785308838,-0.0526892580091953,21.4,23.1,83.3,5.3,16.3,13.5,24
2019-07-01,16.8968601226807,24.9502029418945,29.3134365081787,0.00886982958763838,21.4,23.1,83.3,5.3,16.3,13.5,24
2019-07-02,17.2201976776123,24.9868488311768,28.9772567749023,-0.0395063646137714,21.4,23.1,83.3,5.3,16.3,13.5,24
2019-07-03,17.1893863677979,25.6996212005615,28.6902675628662,-0.00994136277586222,21.4,23.1,83.3,5.3,16.3,13.5,24
2019-07-04,17.2257270812988,25.9977931976318,28.5886516571045,-0.0129421912133694,21.4,23.1,83.3,5.3,16.3,13.5,24
2019-07-05,17.2573146820068,26.1313571929932,28.5205860137939,-0.0646429806947708,21.4,23.1,83.3,5.3,16.3,13.5,24
2019-07-06,16.9720458984375,25.4118957519531,29.1455097198486,-0.0455335676670074,21.4,23.1,83.3,5.3,16.3,13.5,24
2019-07-07,16.273904800415,24.0346851348877,30.2642040252686,-0.0331927910447121,21.4,23.1,83.3,5.3,16.3,13.5,24
2019-07-08,15.8418378829956,24.2248668670654,29.915060043335,0.0680901035666466,21.4,23.1,83.3,5.3,16.3,13.5,24
2019-07-09,16.041524887085,23.6859264373779,29.8631076812744,-0.00747456774115562,21.4,23.1,83.3,5.3,16.3,13.5,24
2019-07-10,16.4892692565918,23.5533084869385,30.0659332275391,-0.0805271714925766,21.4,23.1,83.3,5.3,16.3,13.5,24
2019-07-11,16.3863143920898,23.6756610870361,30.5618686676025,-0.0490311421453953,21.4,23.1,83.3,5.3,16.3,13.5,24
2019-07-12,16.2522277832031,23.7861347198486,30.6118564605713,-0.00560121471062303,21.4,23.1,83.3,5.3,16.3,13.5,24
2019-07-13,16.4527397155762,24.5564727783203,30.6037273406982,-0.0280293244868517,21.4,23.1,83.3,5.3,16.3,13.5,24
2019-07-14,16.5999546051025,24.8272228240967,30.7330322265625,-0.0461480282247066,21.4,23.1,83.3,5.3,16.3,13.5,24
2019-07-15,16.6414318084717,25.127161026001,30.8739757537842,-0.0500825196504593,21.4,23.1,83.3,5.3,16.3,13.5,24
2019-07-16,17.4074459075928,25.1283359527588,30.8778743743896,-0.0757222920656204,21.4,23.1,83.3,5.3,16.3,13.5,24
2019-07-17,17.1744403839111,25.7353897094727,30.9312419891357,-0.0671620965003967,21.4,23.1,83.3,5.3,16.3,13.5,24
2019-07-18,16.8510513305664,25.2005481719971,31.3326625823975,-0.0930656120181084,21.4,23.1,83.3,5.3,16.3,13.5,24
2019-07-19,18.1352138519287,26.7690830230713,31.3904724121094,-0.0314690880477428,21.4,23.1,83.3,5.3,16.3,13.5,24
2019-07-20,17.8633327484131,27.0782318115234,31.4636001586914,-0.0509656183421612,21.4,23.1,83.3,5.3,16.3,13.5,24
2019-07-21,17.6658458709717,27.8208923339844,31.6428890228271,-0.0753273665904999,21.4,23.1,83.3,5.3,16.3,13.5,24
2019-07-22,16.9405899047852,26.9226627349854,31.5296726226807,-0.0213355738669634,21.4,23.1,83.3,5.3,16.3,13.5,24
2019-07-23,16.5991630554199,24.5086193084717,31.3548278808594,-0.023469552397728,21.4,23.1,83.3,5.3,16.3,13.5,24
2019-07-24,16.999813079834,23.9356632232666,31.410852432251,0.025474414229393,21.4,23.1,83.3,5.3,16.3,13.5,24
2019-07-25,16.12331199646,24.2007827758789,31.7297801971436,0.00928368419408798,21.4,23.1,83.3,5.3,16.3,13.5,24
2019-07-26,16.1627998352051,24.6630535125732,31.6899032592773,-0.0373600386083126,21.4,23.1,83.3,5.3,16.3,13.5,24
2019-07-27,16.0901279449463,24.7158527374268,31.5967636108398,-0.0174250919371843,21.4,23.1,83.3,5.3,16.3,13.5,24
2019-07-28,15.3092002868652,24.6118621826172,31.5063648223877,-0.0927094891667366,21.4,23.1,83.3,5.3,16.3,13.5,24
2019-07-29,15.0846719741821,24.3197765350342,31.5694561004639,-0.0785908401012421,21.4,23.1,83.3,5.3,16.3,13.5,24
2019-07-30,14.782696723938,24.2445983886719,31.8502044677734,-0.0326076410710812,21.4,23.1,83.3,5.3,16.3,13.5,24
2019-07-31,16.0382862091064,24.4614181518555,32.0625419616699,-0.110037006437778,21.4,23.1,83.3,5.3,16.3,13.5,24
2019-08-01,16.1800403594971,25.0822296142578,32.2980613708496,-0.0490277223289013,21.4,23.1,83.3,5.3,16.3,13.5,24
2019-08-02,16.6952800750732,25.5294589996338,32.3853645324707,-0.00735702784731984,21.4,23.1,83.3,5.3,16.3,13.5,24
2019-08-03,18.480318069458,25.4455051422119,32.3429527282715,-0.00134933611843735,21.4,23.1,83.3,5.3,16.3,13.5,24
2019-08-04,18.6581325531006,25.3141269683838,32.0724601745605,0.0413050577044487,21.4,23.1,83.3,5.3,16.3,13.5,24
2019-08-05,18.3125076293945,25.4239292144775,31.9059906005859,0.0618055053055286,21.4,23.1,83.3,5.3,16.3,13.5,24
2019-08-06,16.9245643615723,25.3692760467529,31.9757919311523,0.0668149068951607,21.4,23.1,83.3,5.3,16.3,13.5,24
2019-08-07,16.9415454864502,24.6682968139648,31.7399673461914,0.063383474946022,21.4,23.1,83.3,5.3,16.3,13.5,24
2019-08-08,16.2582759857178,23.8905334472656,32.102611541748,0.0934620499610901,21.4,23.1,83.3,5.3,16.3,13.5,24
2019-08-09,16.8342437744141,23.4784069061279,32.1950416564941,0.0708585903048515,21.4,23.1,83.3,5.3,16.3,13.5,24
2019-08-10,16.322286605835,23.2442302703857,32.1835060119629,0.0276516880840063,21.4,23.1,83.3,5.3,16.3,13.5,24
2019-08-11,16.3005199432373,23.3431873321533,32.2555618286133,0.0150908157229424,21.4,23.1,83.3,5.3,16.3,13.5,24
2019-08-12,17.6435165405273,23.8381042480469,32.3064270019531,-0.0869487896561623,21.4,23.1,83.3,5.3,16.3,13.5,24
2019-08-13,17.539966583252,24.240608215332,32.602611541748,-0.0886720642447472,21.4,23.1,83.3,5.3,16.3,13.5,24
2019-08-14,16.6719760894775,24.7575054168701,32.7680778503418,0.00495009357109666,21.4,23.1,83.3,5.3,16.3,13.5,24
2019-08-15,14.2326126098633,24.7460193634033,32.2689971923828,0.0838092938065529,21.4,23.1,83.3,5.3,16.3,13.5,24
2019-08-16,16.1426963806152,24.5963268280029,32.1429786682129,0.0522862114012241,21.4,23.1,83.3,5.3,16.3,13.5,24
2019-08-17,16.3780708312988,24.7467861175537,31.9340953826904,0.0893753543496132,21.4,23.1,83.3,5.3,16.3,13.5,24
2019-08-18,16.5700263977051,25.4188480377197,31.5687770843506,0.0291035529226065,21.4,23.1,83.3,5.3,16.3,13.5,24
2019-08-19,16.2934474945068,25.8156127929688,31.5437984466553,0.0274379551410675,21.4,23.1,83.3,5.3,16.3,13.5,24
2019-08-20,15.5228853225708,26.0574703216553,31.4569988250732,0.0183654837310314,21.4,23.1,83.3,5.3,16.3,13.5,24
2019-08-21,14.634726524353,26.0743408203125,31.5009098052979,0.0290497336536646,21.4,23.1,83.3,5.3,16.3,13.5,24
2019-08-22,13.9733629226685,25.1659870147705,31.5037670135498,-0.0472975559532642,21.4,23.1,83.3,5.3,16.3,13.5,24
2019-08-23,13.209584236145,25.1888523101807,31.6521682739258,-0.0451779253780842,21.4,23.1,83.3,5.3,16.3,13.5,24
2019-08-24,14.4830513000488,25.0569324493408,31.7247314453125,0.0143064595758915,21.4,23.1,83.3,5.3,16.3,13.5,24
2019-08-25,16.3772201538086,24.2690486907959,31.7039966583252,0.109675146639347,21.4,23.1,83.3,5.3,16.3,13.5,24
2019-08-26,21.5582656860352,23.6870574951172,31.6071186065674,0.280975073575974,21.4,23.1,83.3,5.3,16.3,13.5,24
2019-08-27,23.4504642486572,23.2336864471436,31.7491588592529,0.147294491529465,21.4,23.1,83.3,5.3,16.3,13.5,24
2019-08-28,23.2348537445068,23.1962051391602,31.705587387085,0.100559771060944,21.4,23.1,83.3,5.3,16.3,13.5,24
2019-08-29,22.4807453155518,23.3667144775391,31.6542377471924,0.0395718179643154,21.4,23.1,83.3,5.3,16.3,13.5,24
2019-08-30,20.8062210083008,23.8595104217529,31.643045425415,-0.0386363603174686,21.4,23.1,83.3,5.3,16.3,13.5,24
2019-08-31,18.948127746582,24.3191814422607,31.4846019744873,-0.113973200321198,21.4,23.1,83.3,5.3,16.3,13.5,24
2019-09-01,19.1740779876709,24.3971691131592,31.55393409729,-0.00834864564239979,21.4,23.1,83.3,5.3,16.3,13.5,24
2019-09-02,21.1544818878174,24.3155879974365,31.6601543426514,0.0776816084980965,21.4,23.1,83.3,5.3,16.3,13.5,24
2019-09-03,20.9891014099121,24.2644481658936,31.5534114837646,0.0431774146854877,21.4,23.1,83.3,5.3,16.3,13.5,24
2019-09-04,20.4403076171875,24.0258274078369,31.4871768951416,0.0832730010151863,21.4,23.1,83.3,5.3,16.3,13.5,24
2019-09-05,20.0514869689941,23.7187976837158,31.4755687713623,0.110669367015362,21.4,23.1,83.3,5.3,16.3,13.5,24
2019-09-06,21.474027633667,23.1862621307373,31.527702331543,0.24764059484005,21.4,23.1,83.3,5.3,16.3,13.5,24
2019-09-07,22.6498928070068,22.7213840484619,31.3836116790771,0.364121109247208,21.4,23.1,83.3,5.3,16.3,13.5,24
2019-09-08,21.8054447174072,23.1862850189209,31.2415466308594,0.110187709331512,21.4,23.1,83.3,5.3,16.3,13.5,24
2019-09-09,21.62184715271,23.3199100494385,31.1898937225342,-0.117147840559483,21.4,23.1,83.3,5.3,16.3,13.5,24
2019-09-10,21.3191432952881,23.3217601776123,31.2202453613281,-0.0311460103839636,21.4,23.1,83.3,5.3,16.3,13.5,24
2019-09-11,22.2617645263672,23.5750026702881,31.222074508667,-0.0825430750846863,21.4,23.1,83.3,5.3,16.3,13.5,24
2019-09-12,20.7783088684082,24.2090663909912,31.2645893096924,-0.103401929140091,21.4,23.1,83.3,5.3,16.3,13.5,24
2019-09-13,21.1989116668701,23.9882202148438,31.3123321533203,0.130408987402916,21.4,23.1,83.3,5.3,16.3,13.5,24
2019-09-14,22.7255783081055,22.7594146728516,30.6875686645508,0.100608110427856,21.4,23.1,83.3,5.3,16.3,13.5,24
2019-09-15,21.7716579437256,23.2429103851318,30.5880146026611,0.0118376491591334,21.4,23.1,83.3,5.3,16.3,13.5,24
2019-09-16,19.9383144378662,23.9180603027344,30.5748500823975,0.0240839943289757,21.4,23.1,83.3,5.3,16.3,13.5,24
2019-09-17,18.9148044586182,23.2795257568359,30.7816905975342,0.0997031405568123,21.4,23.1,83.3,5.3,16.3,13.5,24
2019-09-18,21.0483646392822,22.1041698455811,30.8743362426758,0.182775184512138,21.4,23.1,83.3,5.3,16.3,13.5,24
2019-09-19,21.7169189453125,21.685905456543,30.8381824493408,0.299741387367249,21.4,23.1,83.3,5.3,16.3,13.5,24
2019-09-20,21.3480548858643,21.7959365844727,30.7600917816162,0.102359972894192,21.4,23.1,83.3,5.3,16.3,13.5,24
2019-09-21,21.1872844696045,22.1113605499268,30.6023330688477,-0.0512112937867641,21.4,23.1,83.3,5.3,16.3,13.5,24
2019-09-22,20.7104454040527,22.4574146270752,30.6253528594971,0.0129319177940488,21.4,23.1,83.3,5.3,16.3,13.5,24
2019-09-23,21.1533699035645,22.7230777740479,30.8086986541748,0.00978380534797907,21.4,23.1,83.3,5.3,16.3,13.5,24
2019-09-24,20.6010112762451,23.0137119293213,30.9713573455811,-0.0791274905204773,21.4,23.1,83.3,5.3,16.3,13.5,24
2019-09-25,19.9243717193604,23.1008071899414,31.0429992675781,0.0195825695991516,21.4,23.1,83.3,5.3,16.3,13.5,24
2019-09-26,20.3151378631592,22.9385604858398,31.0773410797119,0.014154277741909,21.4,23.1,83.3,5.3,16.3,13.5,24
2019-09-27,19.4903316497803,23.0315475463867,31.0519485473633,-0.0133622391149402,21.4,23.1,83.3,5.3,16.3,13.5,24
2019-09-28,19.0440578460693,22.980489730835,31.0813140869141,-0.0148974386975169,21.4,23.1,83.3,5.3,16.3,13.5,24
2019-09-29,17.249626159668,22.9962253570557,31.304048538208,-0.0486317537724972,21.4,23.1,83.3,5.3,16.3,13.5,24
2019-09-30,18.2433547973633,22.7249126434326,31.2709636688232,0.0197318959981203,21.4,23.1,83.3,5.3,16.3,13.5,24
2019-10-01,19.1014080047607,22.6368770599365,31.3014316558838,0.0621387995779514,21.4,23.1,83.3,5.3,16.3,13.5,24
2019-10-02,19.1055431365967,22.8773326873779,31.4046192169189,-0.0389956645667553,21.4,23.1,83.3,5.3,16.3,13.5,24
2019-10-03,18.3401470184326,22.926628112793,31.3986301422119,0.161466687917709,21.4,23.1,83.3,5.3,16.3,13.5,24
2019-10-04,19.4198741912842,22.4324798583984,31.411600112915,0.137493312358856,21.4,23.1,83.3,5.3,16.3,13.5,24
2019-10-05,21.1825695037842,21.5534534454346,31.4615459442139,0.136131063103676,21.4,23.1,83.3,5.3,16.3,13.5,24
2019-10-06,21.061544418335,21.137523651123,31.4471569061279,0.0402734242379665,21.4,23.1,83.3,5.3,16.3,13.5,24
2019-10-07,20.3062419891357,21.5533924102783,31.4277324676514,-0.0208915006369352,21.4,23.1,83.3,5.3,16.3,13.5,24
2019-10-08,19.8343906402588,21.4491863250732,31.6582546234131,0.0522565804421902,21.4,23.1,83.3,5.3,16.3,13.5,24
2019-10-09,20.6052360534668,20.6083660125732,31.6477680206299,0.330724477767944,21.4,23.1,83.3,5.3,16.3,13.5,24
2019-10-10,20.1701602935791,20.1503467559814,31.6266956329346,0.503536462783813,21.4,23.1,83.3,5.3,16.3,13.5,24
2019-10-11,20.0084095001221,19.9838352203369,31.8219299316406,0.713670909404755,21.4,23.1,83.3,5.3,16.3,13.5,24
2019-10-12,19.4642124176025,19.4862117767334,31.7687397003174,0.5143683552742,21.4,23.1,83.3,5.3,16.3,13.5,24
2019-10-13,19.4767913818359,19.5946807861328,31.6728515625,0.186335727572441,21.4,23.1,83.3,5.3,16.3,13.5,24
2019-10-14,19.7363262176514,19.3029727935791,31.3210468292236,0.116881020367146,21.4,23.1,83.3,5.3,16.3,13.5,24
2019-10-15,19.7317714691162,19.1356925964355,31.5020294189453,0.0910510048270226,21.4,23.1,83.3,5.3,16.3,13.5,24
2019-10-16,19.7104167938232,19.3724994659424,31.7066040039062,0.189085468649864,21.4,23.1,83.3,5.3,16.3,13.5,24
2019-10-17,19.3699359893799,19.1779327392578,31.8089141845703,-0.051211878657341,21.4,23.1,83.3,5.3,16.3,13.5,24
2019-10-18,19.0390605926514,18.8897705078125,31.9838352203369,-0.244739174842834,21.4,23.1,83.3,5.3,16.3,13.5,24
2019-10-19,18.8808059692383,18.6340198516846,32.1935920715332,0.0346905179321766,21.4,23.1,83.3,5.3,16.3,13.5,24
2019-10-20,18.1318912506104,18.1174182891846,32.2033462524414,0.108899138867855,21.4,23.1,83.3,5.3,16.3,13.5,24
2019-10-21,17.9888668060303,17.9766330718994,32.3240394592285,0.222112372517586,21.4,23.1,83.3,5.3,16.3,13.5,24
2019-10-22,18.0142230987549,18.0323905944824,32.2100868225098,0.156923308968544,21.4,23.1,83.3,5.3,16.3,13.5,24
2019-10-23,18.3027210235596,18.2671356201172,32.0832176208496,0.0659132301807404,21.4,23.1,83.3,5.3,16.3,13.5,24
2019-10-24,18.3106098175049,18.1264667510986,32.0064849853516,-0.078784354031086,21.4,23.1,83.3,5.3,16.3,13.5,24
2019-10-25,18.2841320037842,17.9904651641846,31.8747329711914,-0.0753025338053703,21.4,23.1,83.3,5.3,16.3,13.5,24
2019-10-26,17.3009757995605,17.5937328338623,31.7230930328369,-0.116328708827496,21.4,23.1,83.3,5.3,16.3,13.5,24
2019-10-27,17.2129650115967,17.5648403167725,31.8958606719971,0.0754101350903511,21.4,23.1,83.3,5.3,16.3,13.5,24
2019-10-28,17.183069229126,17.4858226776123,31.9173793792725,0.0311913844197989,21.4,23.1,83.3,5.3,16.3,13.5,24
2019-10-29,17.8662204742432,17.8722515106201,32.2029800415039,0.134241536259651,21.4,23.1,83.3,5.3,16.3,13.5,24
2019-10-30,17.88059425354,17.8600845336914,32.0709571838379,0.0532608143985271,21.4,23.1,83.3,5.3,16.3,13.5,24
2019-10-31,17.8476295471191,17.9415073394775,31.8358097076416,0.0738637745380402,21.4,23.1,83.3,5.3,16.3,13.5,24
2019-11-01,17.8117771148682,17.8703136444092,32.1289672851562,-0.152780249714851,21.4,23.1,83.3,5.3,16.3,13.5,24
2019-11-02,17.7033863067627,17.648401260376,32.0893287658691,-0.115301020443439,21.4,23.1,83.3,5.3,16.3,13.5,24
2019-11-03,17.6680889129639,17.3018550872803,32.2789077758789,-0.0479946322739124,21.4,23.1,83.3,5.3,16.3,13.5,24
2019-11-04,17.8884429931641,17.2378883361816,32.2509880065918,-0.075887881219387,21.4,23.1,83.3,5.3,16.3,13.5,24
2019-11-05,17.7756023406982,17.2304096221924,31.9937191009521,-0.0357297398149967,21.4,23.1,83.3,5.3,16.3,13.5,24
2019-11-06,17.7446384429932,17.1181507110596,32.0300445556641,-0.0946148708462715,21.4,23.1,83.3,5.3,16.3,13.5,24
2019-11-07,17.3485946655273,16.8535671234131,32.1084747314453,-0.126163974404335,21.4,23.1,83.3,5.3,16.3,13.5,24
2019-11-08,17.1414070129395,16.6642532348633,32.170223236084,-0.167424395680428,21.4,23.1,83.3,5.3,16.3,13.5,24
2019-11-09,16.4052066802979,16.3217601776123,32.5082626342773,-0.132770955562592,21.4,23.1,83.3,5.3,16.3,13.5,24
2019-11-10,16.3051509857178,16.1123180389404,32.4631881713867,-0.0838466659188271,21.4,23.1,83.3,5.3,16.3,13.5,24
2019-11-11,16.2341423034668,15.4929962158203,32.0743980407715,-0.120911292731762,21.4,23.1,83.3,5.3,16.3,13.5,24
2019-11-12,16.3261737823486,15.5809926986694,32.2150726318359,-0.132675394415855,21.4,23.1,83.3,5.3,16.3,13.5,24
2019-11-13,15.612491607666,15.2837476730347,32.473762512207,-0.151160433888435,21.4,23.1,83.3,5.3,16.3,13.5,24
2019-11-14,14.8841171264648,14.8137674331665,32.468204498291,-0.141816854476929,21.4,23.1,83.3,5.3,16.3,13.5,24
2019-11-15,14.7540473937988,14.6214990615845,32.4491539001465,-0.0808702483773232,21.4,23.1,83.3,5.3,16.3,13.5,24
2019-11-16,14.6044645309448,14.5708837509155,32.5237350463867,0.0569977574050426,21.4,23.1,83.3,5.3,16.3,13.5,24
2019-11-17,14.2159461975098,14.2011022567749,32.3330345153809,0.366723150014877,21.4,23.1,83.3,5.3,16.3,13.5,24
2019-11-18,13.9982604980469,13.9826250076294,32.7519798278809,0.430222541093826,21.4,23.1,83.3,5.3,16.3,13.5,24
2019-11-19,13.6589698791504,13.6761999130249,32.7724342346191,0.239038571715355,21.4,23.1,83.3,5.3,16.3,13.5,24
2019-11-20,13.6756362915039,12.8620481491089,32.4113540649414,0.0369782149791718,21.4,23.1,83.3,5.3,16.3,13.5,24
2019-11-21,13.2631034851074,13.1443061828613,32.7120323181152,0.0521062575280666,21.4,23.1,83.3,5.3,16.3,13.5,24
2019-11-22,13.4032831192017,13.2768545150757,32.6528816223145,-0.0207055676728487,21.4,23.1,83.3,5.3,16.3,13.5,24
2019-11-23,12.8749732971191,12.7763261795044,32.4287223815918,-0.166683912277222,21.4,23.1,83.3,5.3,16.3,13.5,24
2019-11-24,12.9291162490845,12.4728860855103,32.1906852722168,-0.062309205532074,21.4,23.1,83.3,5.3,16.3,13.5,24
2019-11-25,12.6616907119751,12.3858766555786,32.299259185791,-0.243089213967323,21.4,23.1,83.3,5.3,16.3,13.5,24
2019-11-26,12.7475461959839,12.2959146499634,32.2327346801758,-0.16945344209671,21.4,23.1,83.3,5.3,16.3,13.5,24
2019-11-27,12.8630704879761,12.1950454711914,32.166202545166,-0.0860522985458374,21.4,23.1,83.3,5.3,16.3,13.5,24
2019-11-28,12.6554040908813,12.4877853393555,32.4931259155273,-0.261204272508621,21.4,23.1,83.3,5.3,16.3,13.5,24
2019-11-29,12.3885698318481,12.3097496032715,32.6423683166504,-0.0845195278525352,21.4,23.1,83.3,5.3,16.3,13.5,24
2019-11-30,12.2380113601685,12.2021856307983,32.7588768005371,0.0560280121862888,21.4,23.1,83.3,5.3,16.3,13.5,24
2019-12-01,12.1936569213867,12.1808204650879,32.8205451965332,0.117663495242596,21.4,23.1,83.3,5.3,16.3,13.5,24
2019-12-02,12.1050834655762,12.0559225082397,32.7933692932129,0.296813160181046,21.4,23.1,83.3,5.3,16.3,13.5,24
2019-12-03,11.7112855911255,11.6527719497681,32.6856956481934,0.214458331465721,21.4,23.1,83.3,5.3,16.3,13.5,24
2019-12-04,11.3695383071899,11.0875120162964,32.3630867004395,0.074146956205368,21.4,23.1,83.3,5.3,16.3,13.5,24
2019-12-05,11.4731340408325,10.5897665023804,32.1831398010254,-0.115276880562305,21.4,23.1,83.3,5.3,16.3,13.5,24
2019-12-06,11.0891752243042,10.3852090835571,32.2407302856445,-0.188374355435371,21.4,23.1,83.3,5.3,16.3,13.5,24
2019-12-07,10.9319105148315,10.5976314544678,32.3676338195801,-0.274268686771393,21.4,23.1,83.3,5.3,16.3,13.5,24
2019-12-08,10.6897230148315,10.6335363388062,32.505054473877,-0.212481021881104,21.4,23.1,83.3,5.3,16.3,13.5,24
2019-12-09,10.8177680969238,10.4757928848267,32.4259643554688,-0.189918592572212,21.4,23.1,83.3,5.3,16.3,13.5,24
2019-12-10,11.0900793075562,10.8812112808228,32.3265075683594,-0.270193219184875,21.4,23.1,83.3,5.3,16.3,13.5,24
2019-12-11,11.0877923965454,10.8686904907227,32.3577079772949,-0.32872411608696,21.4,23.1,83.3,5.3,16.3,13.5,24
2019-12-12,11.0015182495117,10.6464109420776,32.4362297058105,-0.361400276422501,21.4,23.1,83.3,5.3,16.3,13.5,24
2019-12-13,10.551230430603,10.5250205993652,32.5534591674805,-0.118279553949833,21.4,23.1,83.3,5.3,16.3,13.5,24
2019-12-14,10.6711874008179,10.6269178390503,32.2678871154785,0.10204005241394,21.4,23.1,83.3,5.3,16.3,13.5,24
2019-12-15,10.8709096908569,10.1144866943359,31.8227672576904,-0.283094495534897,21.4,23.1,83.3,5.3,16.3,13.5,24
2019-12-16,10.4548025131226,9.60768508911133,31.4987735748291,-0.413679599761963,21.4,23.1,83.3,5.3,16.3,13.5,24
2019-12-17,10.6147737503052,9.98828315734863,31.881103515625,-0.0769703611731529,21.4,23.1,83.3,5.3,16.3,13.5,24
2019-12-18,10.5130681991577,10.0474615097046,32.2577934265137,-0.139467254281044,21.4,23.1,83.3,5.3,16.3,13.5,24
2019-12-19,9.77164173126221,9.62180995941162,32.2503929138184,-0.390153378248215,21.4,23.1,83.3,5.3,16.3,13.5,24
2019-12-20,9.53273391723633,8.85622501373291,31.9365158081055,-0.442050248384476,21.4,23.1,83.3,5.3,16.3,13.5,24
2019-12-21,9.45709323883057,9.3710765838623,32.4026832580566,-0.244444668292999,21.4,23.1,83.3,5.3,16.3,13.5,24
2019-12-22,9.05511665344238,9.04671382904053,32.3756523132324,-0.171705022454262,21.4,23.1,83.3,5.3,16.3,13.5,24
2019-12-23,9.11132621765137,8.20259189605713,31.9734363555908,-0.214837267994881,21.4,23.1,83.3,5.3,16.3,13.5,24
2019-12-24,9.1907205581665,7.75600862503052,31.6540088653564,-0.217739388346672,21.4,23.1,83.3,5.3,16.3,13.5,24
2019-12-25,8.78969383239746,8.76347637176514,32.4242973327637,-0.0867788568139076,21.4,23.1,83.3,5.3,16.3,13.5,24
2019-12-26,8.77703094482422,8.20639038085938,31.868782043457,-0.166788816452026,21.4,23.1,83.3,5.3,16.3,13.5,24
2019-12-27,8.79152297973633,8.11667346954346,31.3937091827393,-0.128478720784187,21.4,23.1,83.3,5.3,16.3,13.5,24
2019-12-28,8.86658477783203,8.08860015869141,30.8705081939697,-0.172594025731087,21.4,23.1,83.3,5.3,16.3,13.5,24
2019-12-29,8.94279384613037,8.06489181518555,31.1280841827393,-0.176171436905861,21.4,23.1,83.3,5.3,16.3,13.5,24
2019-12-30,9.04045581817627,8.49486255645752,31.4106521606445,0.0204504951834679,21.4,23.1,83.3,5.3,16.3,13.5,24
2019-12-31,8.67640972137451,8.76218795776367,31.1653137207031,0.275513678789139,21.4,23.1,83.3,5.3,16.3,13.5,24
2020-01-01,8.65744018554688,8.37617301940918,31.332426071167,-0.125247552990913,21.4,23.1,83.3,5.3,16.3,13.5,24
2020-01-02,8.85438919067383,8.22277164459229,31.6469192504883,-0.279071927070618,21.4,23.1,83.3,5.3,16.3,13.5,24
2020-01-03,9.17908573150635,8.9980525970459,31.9806976318359,-0.198841974139214,21.4,23.1,83.3,5.3,16.3,13.5,24
2020-01-04,9.36716079711914,9.11220645904541,31.9187107086182,-0.00405049556866288,21.4,23.1,83.3,5.3,16.3,13.5,24
2020-01-05,9.44475269317627,9.07628440856934,32.2825050354004,-0.234708800911903,21.4,23.1,83.3,5.3,16.3,13.5,24
2020-01-06,8.86739444732666,8.86136531829834,32.2902908325195,-0.255314141511917,21.4,23.1,83.3,5.3,16.3,13.5,24
2020-01-07,8.94365787506104,8.79879856109619,32.2593650817871,-0.0829713344573975,21.4,23.1,83.3,5.3,16.3,13.5,24
2020-01-08,9.0399866104126,8.49468517303467,32.1147651672363,-0.181149765849113,21.4,23.1,83.3,5.3,16.3,13.5,24
2020-01-09,8.4758768081665,7.64730501174927,31.3656139373779,-0.509203672409058,21.4,23.1,83.3,5.3,16.3,13.5,24
2020-01-10,8.63399410247803,7.63771486282349,31.6268005371094,-0.372061133384705,21.4,23.1,83.3,5.3,16.3,13.5,24
2020-01-11,9.00860691070557,8.29286766052246,32.3154296875,-0.267280459403992,21.4,23.1,83.3,5.3,16.3,13.5,24
2020-01-12,7.4306149482727,7.28454923629761,32.546501159668,-0.35919377207756,21.4,23.1,83.3,5.3,16.3,13.5,24
2020-01-13,7.76730966567993,7.30736398696899,32.6276741027832,-0.194075420498848,21.4,23.1,83.3,5.3,16.3,13.5,24
2020-01-14,7.89888429641724,7.37813901901245,32.7250633239746,0.00945912674069405,21.4,23.1,83.3,5.3,16.3,13.5,24
2020-01-15,8.83564472198486,8.63729858398438,32.7288856506348,-0.0840444564819336,21.4,23.1,83.3,5.3,16.3,13.5,24
2020-01-16,8.92403888702393,8.58475399017334,32.5844230651855,-0.0921348109841347,21.4,23.1,83.3,5.3,16.3,13.5,24
2020-01-17,8.6051721572876,8.51234531402588,32.6410522460938,-0.319167166948318,21.4,23.1,83.3,5.3,16.3,13.5,24
2020-01-18,8.30194091796875,8.23266696929932,32.708740234375,-0.0137752210721374,21.4,23.1,83.3,5.3,16.3,13.5,24
2020-01-19,8.18099403381348,8.15493297576904,32.6582107543945,-0.073133759200573,21.4,23.1,83.3,5.3,16.3,13.5,24
2020-01-20,7.95762252807617,7.90885353088379,32.6922302246094,-0.211461901664734,21.4,23.1,83.3,5.3,16.3,13.5,24
2020-01-21,8.09661769866943,8.0647382736206,32.7315254211426,-0.118674844503403,21.4,23.1,83.3,5.3,16.3,13.5,24
2020-01-22,7.7730393409729,7.74325132369995,32.6052894592285,-0.181733027100563,21.4,23.1,83.3,5.3,16.3,13.5,24
2020-01-23,7.63572645187378,7.63113832473755,32.5726547241211,-0.235662177205086,21.4,23.1,83.3,5.3,16.3,13.5,24
2020-01-24,6.8580002784729,7.45682954788208,32.5273017883301,-0.19048298895359,21.4,23.1,83.3,5.3,16.3,13.5,24
2020-01-25,7.05146980285645,7.23545503616333,32.5124053955078,0.0148871848359704,21.4,23.1,83.3,5.3,16.3,13.5,24
2020-01-26,7.02815628051758,6.7666392326355,32.3206367492676,-0.0297019332647324,21.4,23.1,83.3,5.3,16.3,13.5,24
2020-01-27,7.43901968002319,7.02360582351685,32.0030708312988,-0.173921942710876,21.4,23.1,83.3,5.3,16.3,13.5,24
2020-01-28,7.71016645431519,6.95060586929321,32.0645065307617,-0.155847057700157,21.4,23.1,83.3,5.3,16.3,13.5,24
2020-01-29,7.70047378540039,7.03262853622437,32.2254943847656,-0.105386085808277,21.4,23.1,83.3,5.3,16.3,13.5,24
2020-01-30,7.46221923828125,7.12061834335327,32.3104286193848,-0.090066947042942,21.4,23.1,83.3,5.3,16.3,13.5,24
2020-01-31,7.1786379814148,7.0896110534668,32.3414573669434,-0.0699158981442451,21.4,23.1,83.3,5.3,16.3,13.5,24
2020-02-01,7.12875986099243,7.09205675125122,32.4050140380859,0.0399923510849476,21.4,23.1,83.3,5.3,16.3,13.5,24
2020-02-02,7.33793210983276,6.97346687316895,32.1535301208496,-0.0186055824160576,21.4,23.1,83.3,5.3,16.3,13.5,24
2020-02-03,7.47181272506714,6.71379232406616,31.649621963501,-0.109780468046665,21.4,23.1,83.3,5.3,16.3,13.5,24
2020-02-04,7.62444543838501,6.85143041610718,31.3824977874756,-0.138948649168015,21.4,23.1,83.3,5.3,16.3,13.5,24
2020-02-05,8.11974620819092,7.46295499801636,31.4086990356445,-0.169801697134972,21.4,23.1,83.3,5.3,16.3,13.5,24
2020-02-06,8.29662322998047,7.71092557907104,31.9095783233643,0.00609878823161125,21.4,23.1,83.3,5.3,16.3,13.5,24
2020-02-07,8.42447185516357,7.98560857772827,31.6331691741943,-0.0383350066840649,21.4,23.1,83.3,5.3,16.3,13.5,24
2020-02-08,8.37751579284668,7.70804166793823,32.2415962219238,-0.54223358631134,21.4,23.1,83.3,5.3,16.3,13.5,24
2020-02-09,8.28837490081787,7.45520973205566,32.1357231140137,-0.424320340156555,21.4,23.1,83.3,5.3,16.3,13.5,24
2020-02-10,8.47001361846924,7.45242118835449,31.9921417236328,-0.215729057788849,21.4,23.1,83.3,5.3,16.3,13.5,24
2020-02-11,8.8890380859375,8.34867095947266,31.8169860839844,-0.197907105088234,21.4,23.1,83.3,5.3,16.3,13.5,24
2020-02-12,8.93784236907959,8.44740390777588,31.7243804931641,-0.210145473480225,21.4,23.1,83.3,5.3,16.3,13.5,24
2020-02-13,8.99211120605469,8.61221981048584,31.73118019104,-0.0425124056637287,21.4,23.1,83.3,5.3,16.3,13.5,24
2020-02-14,8.09285259246826,7.51367425918579,31.6504898071289,-0.236551329493523,21.4,23.1,83.3,5.3,16.3,13.5,24
2020-02-15,7.90379858016968,7.06719779968262,31.7851715087891,-0.203344151377678,21.4,23.1,83.3,5.3,16.3,13.5,24
2020-02-16,8.01588344573975,6.82118225097656,31.7853393554688,-0.190919265151024,21.4,23.1,83.3,5.3,16.3,13.5,24
2020-02-17,7.91786909103394,7.00964546203613,31.87082862854,-0.212962314486504,21.4,23.1,83.3,5.3,16.3,13.5,24
2020-02-18,7.84249544143677,7.26892328262329,31.9560775756836,-0.0515222363173962,21.4,23.1,83.3,5.3,16.3,13.5,24
2020-02-19,7.76683855056763,7.45260429382324,31.7998657226562,-0.110065184533596,21.4,23.1,83.3,5.3,16.3,13.5,24
2020-02-20,6.88268804550171,7.64703035354614,31.7367687225342,-0.267056822776794,21.4,23.1,83.3,5.3,16.3,13.5,24
2020-02-21,6.90134859085083,7.37360620498657,31.8807010650635,-0.251052230596542,21.4,23.1,83.3,5.3,16.3,13.5,24
2020-02-22,7.25116014480591,6.85184240341187,31.7532482147217,-0.300425350666046,21.4,23.1,83.3,5.3,16.3,13.5,24
2020-02-23,7.82712316513062,6.74319314956665,30.8913402557373,-0.302243739366531,21.4,23.1,83.3,5.3,16.3,13.5,24
2020-02-24,7.89084053039551,7.1082501411438,30.9151096343994,-0.168426916003227,21.4,23.1,83.3,5.3,16.3,13.5,24
2020-02-25,7.96042966842651,7.44594049453735,30.782506942749,-0.0597584694623947,21.4,23.1,83.3,5.3,16.3,13.5,24
2020-02-26,7.97688627243042,7.38037872314453,30.7058429718018,-0.0123392017558217,21.4,23.1,83.3,5.3,16.3,13.5,24
2020-02-27,8.04921245574951,7.56039667129517,31.1119899749756,-0.039140447974205,21.4,23.1,83.3,5.3,16.3,13.5,24
2020-02-28,8.15908527374268,7.48600721359253,32.1431541442871,-0.357192993164062,21.4,23.1,83.3,5.3,16.3,13.5,24
2020-02-29,7.68719720840454,7.16219568252563,32.5591125488281,-0.33217191696167,21.4,23.1,83.3,5.3,16.3,13.5,24
2020-03-01,7.56708192825317,6.80882406234741,32.5192604064941,-0.274226993322372,21.4,23.1,83.3,5.3,16.3,13.5,24
2020-03-02,7.27087259292603,6.66192388534546,32.3847389221191,-0.179116547107697,21.4,23.1,83.3,5.3,16.3,13.5,24
2020-03-03,7.99997091293335,6.89262390136719,32.1786651611328,-0.0982092097401619,21.4,23.1,83.3,5.3,16.3,13.5,24
2020-03-04,8.27164554595947,7.31172609329224,32.1359367370605,-0.203055322170258,21.4,23.1,83.3,5.3,16.3,13.5,24
2020-03-05,8.43789577484131,7.71031379699707,32.2079963684082,-0.326462030410767,21.4,23.1,83.3,5.3,16.3,13.5,24
2020-03-06,8.07883167266846,7.57672739028931,32.3058891296387,-0.0592528395354748,21.4,23.1,83.3,5.3,16.3,13.5,24
2020-03-07,7.99039316177368,7.51080179214478,32.4405517578125,0.00122538080904633,21.4,23.1,83.3,5.3,16.3,13.5,24
2020-03-08,7.68517827987671,7.5438437461853,32.2853546142578,-0.0884571149945259,21.4,23.1,83.3,5.3,16.3,13.5,24
2020-03-09,7.64228773117065,7.24930763244629,31.0204849243164,-0.3428815305233,21.4,23.1,83.3,5.3,16.3,13.5,24
2020-03-10,7.9250340461731,7.74444723129272,30.9738368988037,-0.369765430688858,21.4,23.1,83.3,5.3,16.3,13.5,24
2020-03-11,8.27396106719971,8.10355758666992,31.4222736358643,-0.302200824022293,21.4,23.1,83.3,5.3,16.3,13.5,24
2020-03-12,8.00039196014404,8.0558557510376,31.2802505493164,-0.143520414829254,21.4,23.1,83.3,5.3,16.3,13.5,24
2020-03-13,8.01760673522949,8.32036209106445,31.3636474609375,-0.0205752458423376,21.4,23.1,83.3,5.3,16.3,13.5,24
2020-03-14,8.11060619354248,8.56346893310547,31.3631267547607,-0.214262247085571,21.4,23.1,83.3,5.3,16.3,13.5,24
2020-03-15,7.77506017684937,8.66527080535889,31.4871387481689,-0.253334313631058,21.4,23.1,83.3,5.3,16.3,13.5,24
2020-03-16,7.72273397445679,8.47128677368164,31.5841217041016,-0.206431433558464,21.4,23.1,83.3,5.3,16.3,13.5,24
2020-03-17,7.55361986160278,8.56391525268555,31.5817279815674,-0.0668498650193214,21.4,23.1,83.3,5.3,16.3,13.5,24
2020-03-18,8.59570026397705,8.98430824279785,31.5530261993408,-0.277696192264557,21.4,23.1,83.3,5.3,16.3,13.5,24
2020-03-19,8.66376876831055,9.28120040893555,31.6106491088867,-0.222551345825195,21.4,23.1,83.3,5.3,16.3,13.5,24
2020-03-20,8.66586589813232,9.70216464996338,31.5705032348633,-0.187164381146431,21.4,23.1,83.3,5.3,16.3,13.5,24
2020-03-21,7.87542009353638,8.97605037689209,31.5421524047852,-0.290790349245071,21.4,23.1,83.3,5.3,16.3,13.5,24
2020-03-22,7.74093961715698,8.61275959014893,31.7117538452148,-0.303702771663666,21.4,23.1,83.3,5.3,16.3,13.5,24
2020-03-23,7.81607627868652,8.26516819000244,31.9933795928955,-0.0260089766234159,21.4,23.1,83.3,5.3,16.3,13.5,24
2020-03-24,8.20506000518799,8.3718786239624,32.1067047119141,-0.0586500763893127,21.4,23.1,83.3,5.3,16.3,13.5,24
2020-03-25,8.34589004516602,8.45946979522705,32.1791305541992,0.0182695109397173,21.4,23.1,83.3,5.3,16.3,13.5,24
2020-03-26,8.28299331665039,8.41221714019775,32.4694404602051,0.112027794122696,21.4,23.1,83.3,5.3,16.3,13.5,24
2020-03-27,8.56418323516846,9.53749370574951,31.6393489837646,0.0497766248881817,21.4,23.1,83.3,5.3,16.3,13.5,24
2020-03-28,8.63276386260986,10.032322883606,31.3097171783447,-0.0492454916238785,21.4,23.1,83.3,5.3,16.3,13.5,24
2020-03-29,8.62193965911865,9.96755695343018,31.4494495391846,0.100978948175907,21.4,23.1,83.3,5.3,16.3,13.5,24
2020-03-30,8.89588260650635,10.2383689880371,31.7217578887939,0.0848846063017845,21.4,23.1,83.3,5.3,16.3,13.5,24
2020-03-31,8.98103427886963,10.078558921814,31.9397888183594,0.0998711287975311,21.4,23.1,83.3,5.3,16.3,13.5,24
2020-04-01,8.98602199554443,8.98979568481445,32.4856300354004,0.279526948928833,21.4,23.1,83.3,5.3,16.3,13.5,24
2020-04-02,8.09675121307373,8.24557399749756,32.2200012207031,0.114778518676758,21.4,23.1,83.3,5.3,16.3,13.5,24
2020-04-03,8.25848579406738,8.29299259185791,32.0773582458496,0.112495966255665,21.4,23.1,83.3,5.3,16.3,13.5,24
2020-04-04,8.07207107543945,8.06337356567383,32.559757232666,0.31060254573822,21.4,23.1,83.3,5.3,16.3,13.5,24
2020-04-05,7.69288206100464,7.96932935714722,32.3522338867188,0.152598142623901,21.4,23.1,83.3,5.3,16.3,13.5,24
2020-04-06,7.77136373519897,9.35111904144287,29.9372158050537,-0.0433232747018337,21.4,23.1,83.3,5.3,16.3,13.5,24
2020-04-07,7.94403076171875,9.89895725250244,29.8232402801514,-0.0218026470392942,21.4,23.1,83.3,5.3,16.3,13.5,24
2020-04-08,8.35914325714111,9.95435428619385,30.0671005249023,0.0438435338437557,21.4,23.1,83.3,5.3,16.3,13.5,24
2020-04-09,8.4238395690918,10.2954254150391,30.3612842559814,0.108512900769711,21.4,23.1,83.3,5.3,16.3,13.5,24
2020-04-10,8.45208930969238,9.36775302886963,31.016242980957,-0.159997269511223,21.4,23.1,83.3,5.3,16.3,13.5,24
2020-04-11,9.23354625701904,9.4837646484375,32.0119819641113,-0.362245708703995,21.4,23.1,83.3,5.3,16.3,13.5,24
2020-04-12,9.2421236038208,9.90834903717041,32.0106048583984,-0.224430039525032,21.4,23.1,83.3,5.3,16.3,13.5,24
2020-04-13,9.23742198944092,10.0951719284058,31.9149780273438,-0.0717425718903542,21.4,23.1,83.3,5.3,16.3,13.5,24
2020-04-14,9.87609004974365,10.0725479125977,31.9894199371338,-0.237385585904121,21.4,23.1,83.3,5.3,16.3,13.5,24
2020-04-15,9.6975679397583,10.1013402938843,32.0021781921387,-0.134385794401169,21.4,23.1,83.3,5.3,16.3,13.5,24
2020-04-16,9.721510887146,10.082218170166,31.9848175048828,-0.211203262209892,21.4,23.1,83.3,5.3,16.3,13.5,24
2020-04-17,9.43176364898682,10.0406332015991,31.8438549041748,-0.22217969596386,21.4,23.1,83.3,5.3,16.3,13.5,24
2020-04-18,9.17876434326172,10.2832307815552,31.8151760101318,-0.111935503780842,21.4,23.1,83.3,5.3,16.3,13.5,24
2020-04-19,9.36415481567383,10.193549156189,31.8489437103271,-0.12412878870964,21.4,23.1,83.3,5.3,16.3,13.5,24
2020-04-20,9.60617923736572,10.5062856674194,31.6989059448242,0.0369007773697376,21.4,23.1,83.3,5.3,16.3,13.5,24
2020-04-21,9.72974681854248,10.488091468811,31.7557964324951,0.0119458436965942,21.4,23.1,83.3,5.3,16.3,13.5,24
2020-04-22,9.90817737579346,10.5535593032837,31.7639083862305,-0.134200200438499,21.4,23.1,83.3,5.3,16.3,13.5,24
2020-04-23,9.96130847930908,10.4128894805908,31.5458812713623,-0.221019580960274,21.4,23.1,83.3,5.3,16.3,13.5,24
2020-04-24,9.41688823699951,10.6918058395386,31.4830493927002,-0.00550309708341956,21.4,23.1,83.3,5.3,16.3,13.5,24
2020-04-25,9.56287860870361,10.4797849655151,31.6247940063477,-0.0733456760644913,21.4,23.1,83.3,5.3,16.3,13.5,24
2020-04-26,10.1452827453613,10.644419670105,31.510103225708,0.0385501533746719,21.4,23.1,83.3,5.3,16.3,13.5,24
2020-04-27,10.0493402481079,10.7097015380859,31.2355213165283,0.0638414472341537,21.4,23.1,83.3,5.3,16.3,13.5,24
2020-04-28,9.95754146575928,10.3549337387085,31.7308044433594,-0.022205313667655,21.4,23.1,83.3,5.3,16.3,13.5,24
2020-04-29,9.42375183105469,10.6643629074097,31.9125423431396,-0.0627826377749443,21.4,23.1,83.3,5.3,16.3,13.5,24
2020-04-30,9.45154476165771,10.9185400009155,31.716459274292,0.125035092234612,21.4,23.1,83.3,5.3,16.3,13.5,24
2020-05-01,9.75864028930664,10.8153877258301,31.6950607299805,0.147229298949242,21.4,23.1,83.3,5.3,16.3,13.5,24
2020-05-02,10.671630859375,11.6079559326172,31.432767868042,-0.0531091652810574,21.4,23.1,83.3,5.3,16.3,13.5,24
2020-05-03,10.6469621658325,12.1795387268066,31.2794704437256,-0.0612774081528187,21.4,23.1,83.3,5.3,16.3,13.5,24
2020-05-04,10.5132722854614,13.0505437850952,31.0767116546631,-0.0241878014057875,21.4,23.1,83.3,5.3,16.3,13.5,24
2020-05-05,10.2271604537964,11.937159538269,31.3546466827393,-0.117106102406979,21.4,23.1,83.3,5.3,16.3,13.5,24
2020-05-06,10.279598236084,11.8412771224976,31.349983215332,-0.000766699493397027,21.4,23.1,83.3,5.3,16.3,13.5,24
2020-05-07,10.3918313980103,11.4491319656372,31.7161502838135,0.00522940373048186,21.4,23.1,83.3,5.3,16.3,13.5,24
2020-05-08,10.7318267822266,12.3164625167847,30.8056392669678,-0.0529043339192867,21.4,23.1,83.3,5.3,16.3,13.5,24
2020-05-09,10.6657190322876,11.9187345504761,30.9894199371338,-0.151000395417213,21.4,23.1,83.3,5.3,16.3,13.5,24
2020-05-10,11.0625810623169,11.5534524917603,31.3627605438232,-0.395291477441788,21.4,23.1,83.3,5.3,16.3,13.5,24
2020-05-11,11.1296501159668,12.0899934768677,31.5404262542725,-0.318848043680191,21.4,23.1,83.3,5.3,16.3,13.5,24
2020-05-12,11.1987915039062,12.1331968307495,31.56715965271,-0.20752364397049,21.4,23.1,83.3,5.3,16.3,13.5,24
2020-05-13,11.4036102294922,12.2833642959595,31.6020336151123,-0.233424320816994,21.4,23.1,83.3,5.3,16.3,13.5,24
2020-05-14,11.2827463150024,12.4022483825684,31.4511127471924,-0.283755511045456,21.4,23.1,83.3,5.3,16.3,13.5,24
2020-05-15,11.013560295105,13.1034202575684,31.3601379394531,-0.266324073076248,21.4,23.1,83.3,5.3,16.3,13.5,24
2020-05-16,10.6102409362793,13.7795219421387,31.3863964080811,-0.364433526992798,21.4,23.1,83.3,5.3,16.3,13.5,24
2020-05-17,10.7626752853394,14.0159034729004,31.5775680541992,-0.172318682074547,21.4,23.1,83.3,5.3,16.3,13.5,24
2020-05-18,11.1843528747559,13.6927461624146,31.5873584747314,-0.0939360558986664,21.4,23.1,83.3,5.3,16.3,13.5,24
2020-05-19,12.5379295349121,12.8588171005249,31.6977138519287,0.0522693991661072,21.4,23.1,83.3,5.3,16.3,13.5,24
2020-05-20,12.4892225265503,12.490795135498,31.7657451629639,0.114309072494507,21.4,23.1,83.3,5.3,16.3,13.5,24
2020-05-21,12.6232385635376,12.6522064208984,31.7779388427734,-0.0597395710647106,21.4,23.1,83.3,5.3,16.3,13.5,24
2020-05-22,12.7786483764648,12.988452911377,31.7954883575439,-0.144330486655235,21.4,23.1,83.3,5.3,16.3,13.5,24
2020-05-23,13.0495338439941,14.1771354675293,31.0296421051025,-0.166153058409691,21.4,23.1,83.3,5.3,16.3,13.5,24
2020-05-24,13.1127195358276,13.8873891830444,31.5409488677979,0.00925973616540432,21.4,23.1,83.3,5.3,16.3,13.5,24
2020-05-25,13.0156011581421,13.0754165649414,32.205150604248,-0.0182007942348719,21.4,23.1,83.3,5.3,16.3,13.5,24
2020-05-26,13.8627395629883,14.1713066101074,32.2380867004395,-0.129401355981827,21.4,23.1,83.3,5.3,16.3,13.5,24
2020-05-27,13.9635877609253,14.7056350708008,32.0496826171875,-0.151194646954536,21.4,23.1,83.3,5.3,16.3,13.5,24
2020-05-28,13.9312400817871,14.949122428894,31.9430751800537,-0.111513294279575,21.4,23.1,83.3,5.3,16.3,13.5,24
2020-05-29,13.8639097213745,15.1078119277954,31.3049182891846,-0.103681825101376,21.4,23.1,83.3,5.3,16.3,13.5,24
2020-05-30,13.9328927993774,16.0820007324219,30.9988422393799,-0.139337748289108,21.4,23.1,83.3,5.3,16.3,13.5,24
2020-05-31,14.049069404602,16.6574420928955,31.0356616973877,-0.142675086855888,21.4,23.1,83.3,5.3,16.3,13.5,24
2020-06-01,14.1669263839722,16.1225776672363,31.1480178833008,-0.076077438890934,21.4,23.1,83.3,5.3,16.3,13.5,24
2020-06-02,14.1704750061035,16.0966911315918,31.2184047698975,-0.159779384732246,21.4,23.1,83.3,5.3,16.3,13.5,24
2020-06-03,13.9304819107056,16.8104972839355,30.9797916412354,-0.0594377517700195,21.4,23.1,83.3,5.3,16.3,13.5,24
2020-06-04,14.1311292648315,18.6433258056641,30.5212955474854,-0.0829062983393669,21.4,23.1,83.3,5.3,16.3,13.5,24
2020-06-05,14.0510835647583,18.8041515350342,30.5525608062744,-0.0531320087611675,21.4,23.1,83.3,5.3,16.3,13.5,24
2020-06-06,13.7905473709106,18.6818943023682,31.0040073394775,-0.033384095877409,21.4,23.1,83.3,5.3,16.3,13.5,24
2020-06-07,13.6978797912598,18.6729183197021,31.071325302124,-0.0271048974245787,21.4,23.1,83.3,5.3,16.3,13.5,24
2020-06-08,13.7372207641602,19.2385730743408,30.8860759735107,-0.0516575612127781,21.4,23.1,83.3,5.3,16.3,13.5,24
2020-06-09,13.6677408218384,19.237340927124,30.4588565826416,-0.0709660574793816,21.4,23.1,83.3,5.3,16.3,13.5,24
2020-06-10,15.4610786437988,19.9080009460449,30.4092426300049,-0.111678101122379,21.4,23.1,83.3,5.3,16.3,13.5,24
2020-06-11,15.0895919799805,19.0876808166504,31.2456150054932,-0.124546080827713,21.4,23.1,83.3,5.3,16.3,13.5,24
2020-06-12,14.7855491638184,19.4413986206055,31.3304500579834,-0.12903493642807,21.4,23.1,83.3,5.3,16.3,13.5,24
2020-06-13,14.010745048523,19.0571556091309,31.4789295196533,-0.0887048542499542,21.4,23.1,83.3,5.3,16.3,13.5,24
2020-06-14,14.0450744628906,18.7266254425049,31.4943695068359,-0.0869151875376701,21.4,23.1,83.3,5.3,16.3,13.5,24
2020-06-15,13.603024482727,18.389575958252,31.5609455108643,-0.0412833504378796,21.4,23.1,83.3,5.3,16.3,13.5,24
2020-06-16,14.4367475509644,17.74001121521,31.7082004547119,-0.0225169938057661,21.4,23.1,83.3,5.3,16.3,13.5,24
2020-06-17,16.0324001312256,17.595890045166,31.6031513214111,-0.0172904618084431,21.4,23.1,83.3,5.3,16.3,13.5,24
2020-06-18,16.4537181854248,18.065523147583,31.5292453765869,-0.0502487979829311,21.4,23.1,83.3,5.3,16.3,13.5,24
2020-06-19,17.2448635101318,19.160665512085,31.3247509002686,-0.123592287302017,21.4,23.1,83.3,5.3,16.3,13.5,24
2020-06-20,15.5415725708008,20.1089096069336,30.9816436767578,-0.123176015913486,21.4,23.1,83.3,5.3,16.3,13.5,24
2020-06-21,14.7902917861938,21.2513122558594,30.7494125366211,-0.0901812389492989,21.4,23.1,83.3,5.3,16.3,13.5,24
2020-06-22,14.488353729248,22.0042552947998,30.6974182128906,-0.0651813820004463,21.4,23.1,83.3,5.3,16.3,13.5,24
2020-06-23,14.239860534668,22.0614910125732,30.7428894042969,0.00433864817023277,21.4,23.1,83.3,5.3,16.3,13.5,24
2020-06-24,13.9565620422363,22.4585857391357,30.9073619842529,0.00223171641118824,21.4,23.1,83.3,5.3,16.3,13.5,24
2020-06-25,15.4072732925415,22.3437805175781,30.9046096801758,0.00274914130568504,21.4,23.1,83.3,5.3,16.3,13.5,24
2020-06-26,15.5111837387085,22.3906631469727,30.9585800170898,0.0204426478594542,21.4,23.1,83.3,5.3,16.3,13.5,24
2020-06-27,15.4686088562012,22.6984844207764,31.0096187591553,0.0286536347121,21.4,23.1,83.3,5.3,16.3,13.5,24
2020-06-28,14.5854787826538,22.7003936767578,30.9551448822021,0.0286298673599958,21.4,23.1,83.3,5.3,16.3,13.5,24
2020-06-29,14.3619031906128,23.2223491668701,30.8982601165771,0.0391248650848866,21.4,23.1,83.3,5.3,16.3,13.5,24
2020-06-30,14.388355255127,23.3909282684326,30.8345260620117,0.0370400510728359,21.4,23.1,83.3,5.3,16.3,13.5,24
2020-07-01,15.1026887893677,23.8995971679688,30.6589374542236,0.0281896721571684,21.4,23.1,83.3,5.3,16.3,13.5,24
2020-07-02,15.2041511535645,24.426736831665,30.3164291381836,0.00459780031815171,21.4,23.1,83.3,5.3,16.3,13.5,24
2020-07-03,15.0718545913696,24.8864192962646,30.1915760040283,0.00927586853504181,21.4,23.1,83.3,5.3,16.3,13.5,24
2020-07-04,15.6629076004028,24.8922061920166,30.3254718780518,0.0887177884578705,21.4,23.1,83.3,5.3,16.3,13.5,24
2020-07-05,16.2337951660156,24.4420318603516,30.5619659423828,0.0453256703913212,21.4,23.1,83.3,5.3,16.3,13.5,24
2020-07-06,15.8083152770996,24.5243988037109,30.2705993652344,0.0109840696677566,21.4,23.1,83.3,5.3,16.3,13.5,24
2020-07-07,16.8854160308838,24.7599639892578,30.2811374664307,0.0579273216426373,21.4,23.1,83.3,5.3,16.3,13.5,24
2020-07-08,16.7692317962646,24.9185619354248,30.5348796844482,0.0778155997395515,21.4,23.1,83.3,5.3,16.3,13.5,24
2020-07-09,17.047477722168,25.1915073394775,30.6747035980225,0.0824533477425575,21.4,23.1,83.3,5.3,16.3,13.5,24
2020-07-10,17.3367156982422,24.3554744720459,30.5694446563721,0.130255296826363,21.4,23.1,83.3,5.3,16.3,13.5,24
2020-07-11,17.2151927947998,23.7612934112549,30.5638523101807,0.0381886102259159,21.4,23.1,83.3,5.3,16.3,13.5,24
2020-07-12,16.612174987793,24.6207904815674,30.8290996551514,-0.00434785569086671,21.4,23.1,83.3,5.3,16.3,13.5,24
2020-07-13,17.8074436187744,25.7193698883057,31.0400104522705,-0.0452697277069092,21.4,23.1,83.3,5.3,16.3,13.5,24
2020-07-14,17.2669506072998,25.7144927978516,31.0732269287109,-0.0457533150911331,21.4,23.1,83.3,5.3,16.3,13.5,24
2020-07-15,16.6871738433838,25.3388214111328,31.0583171844482,-0.027511665597558,21.4,23.1,83.3,5.3,16.3,13.5,24
2020-07-16,18.6522426605225,24.9101409912109,30.9530658721924,-0.0216834712773561,21.4,23.1,83.3,5.3,16.3,13.5,24
2020-07-17,18.4231185913086,24.9347610473633,30.7220077514648,-0.0169722568243742,21.4,23.1,83.3,5.3,16.3,13.5,24
2020-07-18,17.6393604278564,25.6989669799805,30.649923324585,-0.031529389321804,21.4,23.1,83.3,5.3,16.3,13.5,24
2020-07-19,19.1629981994629,26.653528213501,30.6476516723633,-0.0256544500589371,21.4,23.1,83.3,5.3,16.3,13.5,24
2020-07-20,18.7859916687012,27.2348041534424,30.980188369751,-0.00956217478960752,21.4,23.1,83.3,5.3,16.3,13.5,24
2020-07-21,18.6521263122559,28.048095703125,31.1768550872803,0.0277166664600372,21.4,23.1,83.3,5.3,16.3,13.5,24
2020-07-22,19.1457557678223,27.4548931121826,31.1574687957764,0.0349587649106979,21.4,23.1,83.3,5.3,16.3,13.5,24
2020-07-23,19.132137298584,27.0179214477539,31.1055297851562,0.0456458181142807,21.4,23.1,83.3,5.3,16.3,13.5,24
2020-07-24,18.7327632904053,26.5397872924805,30.9450454711914,0.0475016534328461,21.4,23.1,83.3,5.3,16.3,13.5,24
2020-07-25,20.6582908630371,26.9050617218018,30.8193111419678,0.0696559920907021,21.4,23.1,83.3,5.3,16.3,13.5,24
2020-07-26,20.8116817474365,27.0941009521484,30.8197193145752,-0.0043013640679419,21.4,23.1,83.3,5.3,16.3,13.5,24
2020-07-27,20.6106643676758,27.6876525878906,31.5342464447021,-0.0494528897106647,21.4,23.1,83.3,5.3,16.3,13.5,24
2020-07-28,18.5257511138916,27.6595363616943,31.8760929107666,-0.0295847374945879,21.4,23.1,83.3,5.3,16.3,13.5,24
2020-07-29,17.9840183258057,27.5279006958008,31.7334461212158,-0.0250113550573587,21.4,23.1,83.3,5.3,16.3,13.5,24
2020-07-30,17.8534755706787,27.0031356811523,31.4406108856201,-0.0440520346164703,21.4,23.1,83.3,5.3,16.3,13.5,24
2020-07-31,17.699800491333,26.9377899169922,31.3179321289062,-0.00793531071394682,21.4,23.1,83.3,5.3,16.3,13.5,24
2020-08-01,18.4230041503906,27.1962718963623,31.1202907562256,0.00877736508846283,21.4,23.1,83.3,5.3,16.3,13.5,24
2020-08-02,18.8688468933105,27.0051670074463,30.9252319335938,-0.0211855787783861,21.4,23.1,83.3,5.3,16.3,13.5,24
2020-08-03,17.2470512390137,25.9185638427734,31.4166412353516,-0.0982957854866982,21.4,23.1,83.3,5.3,16.3,13.5,24
2020-08-04,16.9823055267334,24.2009754180908,32.1704940795898,-0.075501948595047,21.4,23.1,83.3,5.3,16.3,13.5,24
2020-08-05,17.2999877929688,22.6113605499268,33.0900573730469,-0.19987952709198,21.4,23.1,83.3,5.3,16.3,13.5,24
2020-08-06,17.9420986175537,23.3012084960938,32.8153648376465,-0.0657335817813873,21.4,23.1,83.3,5.3,16.3,13.5,24
2020-08-07,18.1835174560547,23.5503158569336,32.461109161377,-0.0818009227514267,21.4,23.1,83.3,5.3,16.3,13.5,24
2020-08-08,18.406888961792,23.4512233734131,32.620002746582,-0.0369142703711987,21.4,23.1,83.3,5.3,16.3,13.5,24
2020-08-09,18.3559761047363,23.2634334564209,32.3248672485352,-0.115186892449856,21.4,23.1,83.3,5.3,16.3,13.5,24
2020-08-10,18.6019420623779,23.5076198577881,32.0514488220215,-0.0939105674624443,21.4,23.1,83.3,5.3,16.3,13.5,24
2020-08-11,18.6636734008789,23.9602890014648,32.247486114502,-0.0587287992238998,21.4,23.1,83.3,5.3,16.3,13.5,24
2020-08-12,19.0288887023926,24.7300891876221,32.3372993469238,-0.0822001546621323,21.4,23.1,83.3,5.3,16.3,13.5,24
2020-08-13,18.8470935821533,25.012113571167,32.3425407409668,-0.105609208345413,21.4,23.1,83.3,5.3,16.3,13.5,24
2020-08-14,19.1514301300049,25.1542339324951,32.2677803039551,-0.0107451369985938,21.4,23.1,83.3,5.3,16.3,13.5,24
2020-08-15,17.8845596313477,24.2908573150635,32.2155532836914,0.0455910228192806,21.4,23.1,83.3,5.3,16.3,13.5,24
2020-08-16,17.6336288452148,23.9856815338135,32.4441299438477,0.184121966362,21.4,23.1,83.3,5.3,16.3,13.5,24
2020-08-17,19.3417377471924,23.407190322876,32.5463943481445,0.1730145663023,21.4,23.1,83.3,5.3,16.3,13.5,24
2020-08-18,20.4118709564209,23.8140563964844,31.9482498168945,0.0339771769940853,21.4,23.1,83.3,5.3,16.3,13.5,24
2020-08-19,19.7287368774414,24.1455001831055,31.4111480712891,0.0047772228717804,21.4,23.1,83.3,5.3,16.3,13.5,24
2020-08-20,19.4816722869873,24.1011943817139,31.5787563323975,0.0310558620840311,21.4,23.1,83.3,5.3,16.3,13.5,24
2020-08-21,19.4695777893066,24.0943164825439,31.6988677978516,0.0502316206693649,21.4,23.1,83.3,5.3,16.3,13.5,24
2020-08-22,19.1028442382812,24.476053237915,31.3960437774658,-0.0341992527246475,21.4,23.1,83.3,5.3,16.3,13.5,24
2020-08-23,18.1736106872559,24.9642181396484,31.344202041626,0.0275483969599009,21.4,23.1,83.3,5.3,16.3,13.5,24
2020-08-24,17.8572368621826,25.0956935882568,31.2749919891357,0.0430452823638916,21.4,23.1,83.3,5.3,16.3,13.5,24
2020-08-25,17.228588104248,25.2847156524658,31.3465805053711,0.0319239012897015,21.4,23.1,83.3,5.3,16.3,13.5,24
2020-08-26,16.7484569549561,25.3576145172119,31.4703540802002,0.0420464389026165,21.4,23.1,83.3,5.3,16.3,13.5,24
2020-08-27,18.1411304473877,25.6683883666992,31.5080966949463,-0.0103369103744626,21.4,23.1,83.3,5.3,16.3,13.5,24
2020-08-28,17.4543743133545,26.14892578125,31.5341091156006,-0.0215049181133509,21.4,23.1,83.3,5.3,16.3,13.5,24
2020-08-29,17.1567478179932,26.3101119995117,31.5799198150635,0.0524401664733887,21.4,23.1,83.3,5.3,16.3,13.5,24
2020-08-30,16.1710414886475,24.8683834075928,31.6722812652588,0.0194329395890236,21.4,23.1,83.3,5.3,16.3,13.5,24
2020-08-31,16.6152496337891,24.5265502929688,31.7224903106689,-0.0291287302970886,21.4,23.1,83.3,5.3,16.3,13.5,24
2020-09-01,17.0504550933838,24.1648483276367,31.775671005249,0.02449138648808,21.4,23.1,83.3,5.3,16.3,13.5,24
2020-09-02,18.8927154541016,24.8590393066406,31.7515258789062,0.0940255150198936,21.4,23.1,83.3,5.3,16.3,13.5,24
2020-09-03,18.6717109680176,25.4289035797119,31.625940322876,0.0494034551084042,21.4,23.1,83.3,5.3,16.3,13.5,24
2020-09-04,18.306022644043,25.7248516082764,31.6065731048584,0.0482496917247772,21.4,23.1,83.3,5.3,16.3,13.5,24
2020-09-05,17.6029644012451,25.4434223175049,31.5799236297607,-0.00399874150753021,21.4,23.1,83.3,5.3,16.3,13.5,24
2020-09-06,18.2347030639648,25.0179214477539,31.5782146453857,-0.0258743222802877,21.4,23.1,83.3,5.3,16.3,13.5,24
2020-09-07,18.0437660217285,24.8280944824219,31.5778713226318,0.00542927673086524,21.4,23.1,83.3,5.3,16.3,13.5,24
2020-09-08,18.2690105438232,24.9261646270752,31.6037502288818,0.0337533541023731,21.4,23.1,83.3,5.3,16.3,13.5,24
2020-09-09,18.563383102417,24.8359127044678,31.6951694488525,-0.0133433295413852,21.4,23.1,83.3,5.3,16.3,13.5,24
2020-09-10,18.8477954864502,24.9217014312744,31.6700744628906,-0.0316470824182034,21.4,23.1,83.3,5.3,16.3,13.5,24
2020-09-11,19.5773010253906,25.0361080169678,31.7014636993408,-0.00581551482900977,21.4,23.1,83.3,5.3,16.3,13.5,24
2020-09-12,21.1567440032959,24.504997253418,31.9900360107422,0.0978988707065582,21.4,23.1,83.3,5.3,16.3,13.5,24
2020-09-13,22.9647045135498,23.9868240356445,31.7571887969971,0.101885370910168,21.4,23.1,83.3,5.3,16.3,13.5,24
2020-09-14,20.8283786773682,23.6259021759033,31.7015686035156,0.00153932475950569,21.4,23.1,83.3,5.3,16.3,13.5,24
2020-09-15,20.931510925293,22.9078674316406,31.9330959320068,-0.00573868071660399,21.4,23.1,83.3,5.3,16.3,13.5,24
2020-09-16,21.4986782073975,22.3540935516357,31.990270614624,0.0087336516007781,21.4,23.1,83.3,5.3,16.3,13.5,24
2020-09-17,22.4999694824219,22.6222286224365,31.7989177703857,0.0173850525170565,21.4,23.1,83.3,5.3,16.3,13.5,24
2020-09-18,22.1143550872803,22.6478137969971,31.7378902435303,0.0941504314541817,21.4,23.1,83.3,5.3,16.3,13.5,24
2020-09-19,22.1744556427002,22.2226696014404,31.9495487213135,0.19352513551712,21.4,23.1,83.3,5.3,16.3,13.5,24
2020-09-20,22.6098003387451,22.5760593414307,32.0148429870605,0.227521777153015,21.4,23.1,83.3,5.3,16.3,13.5,24
2020-09-21,22.5751171112061,22.5420360565186,32.1236228942871,0.302098870277405,21.4,23.1,83.3,5.3,16.3,13.5,24
2020-09-22,22.3774948120117,22.343297958374,32.2365379333496,0.240820690989494,21.4,23.1,83.3,5.3,16.3,13.5,24
2020-09-23,21.3636074066162,21.6318225860596,32.1617660522461,0.20627261698246,21.4,23.1,83.3,5.3,16.3,13.5,24
2020-09-24,21.4473648071289,21.4383392333984,32.1133499145508,0.0449441336095333,21.4,23.1,83.3,5.3,16.3,13.5,24
2020-09-25,21.4086627960205,21.4529361724854,32.0917701721191,-0.0223379041999578,21.4,23.1,83.3,5.3,16.3,13.5,24
2020-09-26,21.4504985809326,21.5305461883545,31.91233253479,0.0138473035767674,21.4,23.1,83.3,5.3,16.3,13.5,24
2020-09-27,21.4634571075439,21.5724182128906,31.8802814483643,0.00339190405793488,21.4,23.1,83.3,5.3,16.3,13.5,24
2020-09-28,21.4784755706787,21.6016674041748,31.8714237213135,0.0223792623728514,21.4,23.1,83.3,5.3,16.3,13.5,24
2020-09-29,20.9586696624756,21.7455463409424,31.8113250732422,0.0436326377093792,21.4,23.1,83.3,5.3,16.3,13.5,24
2020-09-30,20.7412281036377,21.6134548187256,31.5608577728271,0.0275714304298162,21.4,23.1,83.3,5.3,16.3,13.5,24
2020-10-01,20.3787021636963,21.3768787384033,31.4794845581055,-0.0697046741843224,21.4,23.1,83.3,5.3,16.3,13.5,24
2020-10-02,20.404275894165,21.3546524047852,31.522928237915,0.0616832636296749,21.4,23.1,83.3,5.3,16.3,13.5,24
2020-10-03,20.6044864654541,20.9657497406006,31.6495838165283,-0.0137190818786621,21.4,23.1,83.3,5.3,16.3,13.5,24
2020-10-04,20.5697460174561,20.7786540985107,31.7025852203369,-0.0105321146547794,21.4,23.1,83.3,5.3,16.3,13.5,24
2020-10-05,20.8057994842529,20.77370262146,31.6933765411377,0.0564282350242138,21.4,23.1,83.3,5.3,16.3,13.5,24
2020-10-06,20.9341659545898,20.7386150360107,31.7085704803467,0.0158401671797037,21.4,23.1,83.3,5.3,16.3,13.5,24
2020-10-07,20.7656726837158,20.7247982025146,31.7377643585205,0.00402345741167665,21.4,23.1,83.3,5.3,16.3,13.5,24
2020-10-08,20.3211078643799,20.7426834106445,31.7545318603516,-0.141569033265114,21.4,23.1,83.3,5.3,16.3,13.5,24
2020-10-09,20.2311344146729,20.5972270965576,31.8232269287109,-0.173291504383087,21.4,23.1,83.3,5.3,16.3,13.5,24
2020-10-10,19.7560768127441,20.5113849639893,31.9231090545654,-0.13572458922863,21.4,23.1,83.3,5.3,16.3,13.5,24
2020-10-11,19.8053398132324,20.3698177337646,31.93359375,-0.147804245352745,21.4,23.1,83.3,5.3,16.3,13.5,24
2020-10-12,19.8266353607178,20.2925548553467,31.9489650726318,0.213207900524139,21.4,23.1,83.3,5.3,16.3,13.5,24
2020-10-13,19.9551010131836,19.9541511535645,32.0181007385254,0.293268889188766,21.4,23.1,83.3,5.3,16.3,13.5,24
2020-10-14,20.1830940246582,20.2168827056885,31.7869110107422,0.0739807188510895,21.4,23.1,83.3,5.3,16.3,13.5,24
2020-10-15,20.2131996154785,20.154748916626,31.6016674041748,-0.00931161176413298,21.4,23.1,83.3,5.3,16.3,13.5,24
2020-10-16,20.1904315948486,20.2576007843018,31.7246646881104,-0.00544405961409211,21.4,23.1,83.3,5.3,16.3,13.5,24
2020-10-17,19.9995918273926,19.8949508666992,31.9088287353516,0.0586568228900433,21.4,23.1,83.3,5.3,16.3,13.5,24
2020-10-18,19.6759662628174,19.5813541412354,31.9385070800781,-0.0362887419760227,21.4,23.1,83.3,5.3,16.3,13.5,24
2020-10-19,19.5656852722168,19.4820003509521,31.9583892822266,0.0582209676504135,21.4,23.1,83.3,5.3,16.3,13.5,24
2020-10-20,18.757532119751,18.9510517120361,31.8964233398438,0.0318207591772079,21.4,23.1,83.3,5.3,16.3,13.5,24
2020-10-21,18.6707344055176,19.047758102417,31.8369655609131,0.0614019222557545,21.4,23.1,83.3,5.3,16.3,13.5,24
2020-10-22,18.5963439941406,19.1131248474121,31.8171863555908,0.0347099341452122,21.4,23.1,83.3,5.3,16.3,13.5,24
2020-10-23,20.2501792907715,19.8875160217285,31.8141937255859,0.0975532606244087,21.4,23.1,83.3,5.3,16.3,13.5,24
2020-10-24,20.1857795715332,19.9725856781006,31.8393478393555,0.121639050543308,21.4,23.1,83.3,5.3,16.3,13.5,24
2020-10-25,20.0506343841553,19.9075412750244,31.859525680542,0.109567731618881,21.4,23.1,83.3,5.3,16.3,13.5,24
2020-10-26,19.014102935791,19.3166904449463,31.9720363616943,0.200126886367798,21.4,23.1,83.3,5.3,16.3,13.5,24
2020-10-27,19.0802593231201,19.1344718933105,31.7582759857178,0.0234082788228989,21.4,23.1,83.3,5.3,16.3,13.5,24
2020-10-28,18.9810905456543,19.0764122009277,31.7311840057373,-0.0578768365085125,21.4,23.1,83.3,5.3,16.3,13.5,24
2020-10-29,19.2453193664551,19.30588722229,31.7188892364502,0.147902965545654,21.4,23.1,83.3,5.3,16.3,13.5,24
2020-10-30,19.0080623626709,19.1063671112061,31.7374267578125,0.3585444688797,21.4,23.1,83.3,5.3,16.3,13.5,24
2020-10-31,18.5830135345459,18.5499515533447,31.7537364959717,0.208453997969627,21.4,23.1,83.3,5.3,16.3,13.5,24
2020-11-01,18.5877323150635,18.5716953277588,31.7101383209229,0.0913063213229179,21.4,23.1,83.3,5.3,16.3,13.5,24
2020-11-02,18.2620277404785,18.1972312927246,31.4686222076416,-0.175583764910698,21.4,23.1,83.3,5.3,16.3,13.5,24
2020-11-03,17.7573661804199,17.7126865386963,31.6180820465088,-0.409051150083542,21.4,23.1,83.3,5.3,16.3,13.5,24
2020-11-04,17.3768844604492,17.3795566558838,31.7961330413818,-0.260103136301041,21.4,23.1,83.3,5.3,16.3,13.5,24
2020-11-05,17.334321975708,17.1830959320068,31.7866687774658,-0.139402702450752,21.4,23.1,83.3,5.3,16.3,13.5,24
2020-11-06,17.3230247497559,17.1357803344727,31.7981967926025,-0.189146220684052,21.4,23.1,83.3,5.3,16.3,13.5,24
2020-11-07,17.6678199768066,17.1100521087646,31.7193374633789,-0.188596859574318,21.4,23.1,83.3,5.3,16.3,13.5,24
2020-11-08,17.7008800506592,17.338077545166,31.7901592254639,-0.142549932003021,21.4,23.1,83.3,5.3,16.3,13.5,24
2020-11-09,17.6608753204346,17.3907680511475,31.7961959838867,-0.0640647187829018,21.4,23.1,83.3,5.3,16.3,13.5,24
2020-11-10,17.8310718536377,17.7033176422119,31.7815475463867,-0.117375113070011,21.4,23.1,83.3,5.3,16.3,13.5,24
2020-11-11,17.851583480835,17.9076709747314,31.7972640991211,-0.100010596215725,21.4,23.1,83.3,5.3,16.3,13.5,24
2020-11-12,17.8259525299072,17.9991245269775,31.5980243682861,-0.100114196538925,21.4,23.1,83.3,5.3,16.3,13.5,24
2020-11-13,17.8777046203613,18.0717601776123,31.7486801147461,0.0253869537264109,21.4,23.1,83.3,5.3,16.3,13.5,24
2020-11-14,17.9197769165039,17.5475978851318,31.8040390014648,-0.071758396923542,21.4,23.1,83.3,5.3,16.3,13.5,24
2020-11-15,17.8861255645752,17.21213722229,31.7797260284424,-0.068048857152462,21.4,23.1,83.3,5.3,16.3,13.5,24
2020-11-16,17.4129734039307,17.2890224456787,32.0160446166992,-0.10648251324892,21.4,23.1,83.3,5.3,16.3,13.5,24
2020-11-17,17.3172054290771,17.0906162261963,32.153507232666,-0.164788752794266,21.4,23.1,83.3,5.3,16.3,13.5,24
2020-11-18,17.0357227325439,16.5015621185303,32.2896766662598,-0.21548156440258,21.4,23.1,83.3,5.3,16.3,13.5,24
2020-11-19,16.0714454650879,15.805121421814,32.4066429138184,-0.190427348017693,21.4,23.1,83.3,5.3,16.3,13.5,24
2020-11-20,15.7683305740356,15.6645727157593,32.3256225585938,-0.369079828262329,21.4,23.1,83.3,5.3,16.3,13.5,24
2020-11-21,16.1075077056885,15.9580926895142,32.3763847351074,-0.399910122156143,21.4,23.1,83.3,5.3,16.3,13.5,24
2020-11-22,16.4853420257568,16.3057403564453,32.4733200073242,-0.112995006144047,21.4,23.1,83.3,5.3,16.3,13.5,24
2020-11-23,16.4376354217529,16.0820369720459,32.3777122497559,0.0117597319185734,21.4,23.1,83.3,5.3,16.3,13.5,24
2020-11-24,15.8684854507446,15.4760580062866,32.4415626525879,-0.234241828322411,21.4,23.1,83.3,5.3,16.3,13.5,24
2020-11-25,15.1581659317017,14.7670488357544,32.4130363464355,-0.200949922204018,21.4,23.1,83.3,5.3,16.3,13.5,24
2020-11-26,15.3435745239258,14.6914377212524,32.2436447143555,-0.146823421120644,21.4,23.1,83.3,5.3,16.3,13.5,24
2020-11-27,15.3043775558472,14.8005533218384,32.2316703796387,-0.100969612598419,21.4,23.1,83.3,5.3,16.3,13.5,24
2020-11-28,15.4994125366211,15.201491355896,32.2373123168945,-0.0636544451117516,21.4,23.1,83.3,5.3,16.3,13.5,24
2020-11-29,15.5009927749634,15.0575981140137,32.2546730041504,-0.13255088031292,21.4,23.1,83.3,5.3,16.3,13.5,24
2020-11-30,15.4626569747925,15.0504217147827,32.2934761047363,0.0425780229270458,21.4,23.1,83.3,5.3,16.3,13.5,24
2020-12-01,15.4796781539917,15.1041145324707,32.2437858581543,0.00332729401998222,21.4,23.1,83.3,5.3,16.3,13.5,24
2020-12-02,15.3990745544434,14.6898069381714,32.0962562561035,-0.233773171901703,21.4,23.1,83.3,5.3,16.3,13.5,24
2020-12-03,15.2136220932007,14.5137205123901,32.1664962768555,-0.265420585870743,21.4,23.1,83.3,5.3,16.3,13.5,24
2020-12-04,15.6095886230469,14.719409942627,32.266529083252,-0.240280643105507,21.4,23.1,83.3,5.3,16.3,13.5,24
2020-12-05,15.3284463882446,14.6387329101562,32.1183624267578,0.000432349741458893,21.4,23.1,83.3,5.3,16.3,13.5,24
2020-12-06,14.7940340042114,14.3457288742065,32.3226890563965,-0.346427083015442,21.4,23.1,83.3,5.3,16.3,13.5,24
2020-12-07,14.7382078170776,14.1339826583862,32.167064666748,-0.154896020889282,21.4,23.1,83.3,5.3,16.3,13.5,24
2020-12-08,14.7560453414917,13.7919435501099,32.2605895996094,-0.0596605725586414,21.4,23.1,83.3,5.3,16.3,13.5,24
2020-12-09,13.8010416030884,13.2962198257446,32.2445640563965,-0.0865780785679817,21.4,23.1,83.3,5.3,16.3,13.5,24
2020-12-10,13.6852569580078,12.6535844802856,31.7154235839844,-0.244401052594185,21.4,23.1,83.3,5.3,16.3,13.5,24
2020-12-11,13.6587953567505,12.4507188796997,31.7841110229492,-0.238828733563423,21.4,23.1,83.3,5.3,16.3,13.5,24
2020-12-12,14.2512474060059,12.5917558670044,31.9129199981689,-0.155928760766983,21.4,23.1,83.3,5.3,16.3,13.5,24
2020-12-13,14.7216596603394,12.9805498123169,32.2212677001953,-0.154237523674965,21.4,23.1,83.3,5.3,16.3,13.5,24
2020-12-14,14.636004447937,12.9555549621582,32.2660331726074,-0.0611601658165455,21.4,23.1,83.3,5.3,16.3,13.5,24
2020-12-15,13.844425201416,12.7085990905762,32.2430038452148,-0.226468995213509,21.4,23.1,83.3,5.3,16.3,13.5,24
2020-12-16,13.426474571228,12.6948385238647,32.2833061218262,-0.0756813809275627,21.4,23.1,83.3,5.3,16.3,13.5,24
2020-12-17,12.9504470825195,12.9289627075195,32.3294982910156,0.195158183574677,21.4,23.1,83.3,5.3,16.3,13.5,24
2020-12-18,12.3143911361694,12.2687301635742,32.3259353637695,0.040043193846941,21.4,23.1,83.3,5.3,16.3,13.5,24
2020-12-19,10.8919172286987,10.8151750564575,32.5005035400391,-0.0129970908164978,21.4,23.1,83.3,5.3,16.3,13.5,24
2020-12-20,10.7835817337036,10.321704864502,32.495174407959,-0.0617426931858063,21.4,23.1,83.3,5.3,16.3,13.5,24
2020-12-21,10.8330755233765,9.57428646087646,32.1215629577637,0.0583445876836777,21.4,23.1,83.3,5.3,16.3,13.5,24
2020-12-22,11.6318159103394,10.5573749542236,32.055362701416,-0.0535626523196697,21.4,23.1,83.3,5.3,16.3,13.5,24
2020-12-23,11.4681730270386,10.6349420547485,32.1198387145996,-0.268628239631653,21.4,23.1,83.3,5.3,16.3,13.5,24
2020-12-24,11.4937467575073,10.4448757171631,31.9267292022705,-0.0845241248607635,21.4,23.1,83.3,5.3,16.3,13.5,24
2020-12-25,11.3263168334961,10.9923677444458,32.205867767334,-0.0200293641537428,21.4,23.1,83.3,5.3,16.3,13.5,24
2020-12-26,11.4205560684204,10.848895072937,32.2502021789551,-0.395139932632446,21.4,23.1,83.3,5.3,16.3,13.5,24
2020-12-27,11.7268648147583,10.8387842178345,32.5058403015137,-0.324058622121811,21.4,23.1,83.3,5.3,16.3,13.5,24
2020-12-28,11.935845375061,10.7272415161133,32.290771484375,-0.179599806666374,21.4,23.1,83.3,5.3,16.3,13.5,24
2020-12-29,11.9120016098022,10.3818521499634,32.0882377624512,-0.245878875255585,21.4,23.1,83.3,5.3,16.3,13.5,24
2020-12-30,10.6126756668091,10.3315715789795,32.2844047546387,-0.303857505321503,21.4,23.1,83.3,5.3,16.3,13.5,24
2020-12-31,10.676703453064,9.63017559051514,31.8308887481689,-0.319002956151962,21.4,23.1,83.3,5.3,16.3,13.5,24
2021-01-01,10.6122026443481,9.7453441619873,32.013786315918,-0.244499921798706,21.4,23.1,83.3,5.3,16.3,13.5,24
2021-01-02,10.9581232070923,9.9164514541626,32.015380859375,-0.117728292942047,21.4,23.1,83.3,5.3,16.3,13.5,24
2021-01-03,10.7331686019897,9.48414325714111,31.7480392456055,-0.0443939752876759,21.4,23.1,83.3,5.3,16.3,13.5,24
2021-01-04,10.6403799057007,9.63319110870361,31.9365139007568,0.164413169026375,21.4,23.1,83.3,5.3,16.3,13.5,24
2021-01-05,10.1774740219116,9.73470687866211,32.1705360412598,0.140154495835304,21.4,23.1,83.3,5.3,16.3,13.5,24
2021-01-06,10.55029296875,10.43421459198,32.3295860290527,0.113373570144176,21.4,23.1,83.3,5.3,16.3,13.5,24
2021-01-07,10.4152269363403,10.2501125335693,32.5577583312988,0.0613965392112732,21.4,23.1,83.3,5.3,16.3,13.5,24
2021-01-08,10.3048315048218,9.73665904998779,32.5180892944336,0.0864146426320076,21.4,23.1,83.3,5.3,16.3,13.5,24
2021-01-09,9.97302341461182,9.68227100372314,32.6479530334473,0.0735724046826363,21.4,23.1,83.3,5.3,16.3,13.5,24
2021-01-10,9.68601512908936,9.539137840271,33.0587043762207,-0.0446845591068268,21.4,23.1,83.3,5.3,16.3,13.5,24
2021-01-11,9.52512550354004,8.41298007965088,31.6817874908447,-0.0947460904717445,21.4,23.1,83.3,5.3,16.3,13.5,24
2021-01-12,9.76657390594482,7.91816139221191,28.7238368988037,-0.160061582922935,21.4,23.1,83.3,5.3,16.3,13.5,24
2021-01-13,9.78757286071777,8.23313045501709,30.0193538665771,-0.142766579985619,21.4,23.1,83.3,5.3,16.3,13.5,24
2021-01-14,9.8376407623291,7.86378526687622,28.8705520629883,-0.0923839211463928,21.4,23.1,83.3,5.3,16.3,13.5,24
2021-01-15,9.1879472732544,8.40163707733154,29.1460704803467,-0.0285540241748095,21.4,23.1,83.3,5.3,16.3,13.5,24
2021-01-16,9.1110668182373,8.57086372375488,29.6253890991211,0.169410333037376,21.4,23.1,83.3,5.3,16.3,13.5,24
2021-01-17,9.3738956451416,8.24927616119385,30.0233707427979,-0.156818643212318,21.4,23.1,83.3,5.3,16.3,13.5,24
2021-01-18,9.10984325408936,8.02406024932861,31.1003398895264,-0.384478688240051,21.4,23.1,83.3,5.3,16.3,13.5,24
2021-01-19,9.3164758682251,7.72880172729492,31.4967269897461,-0.403382927179337,21.4,23.1,83.3,5.3,16.3,13.5,24
2021-01-20,9.5444746017456,7.6264386177063,31.8268184661865,-0.291623681783676,21.4,23.1,83.3,5.3,16.3,13.5,24
2021-01-21,9.57275867462158,8.0751314163208,31.9103565216064,-0.147018983960152,21.4,23.1,83.3,5.3,16.3,13.5,24
2021-01-22,9.62905979156494,8.01693153381348,32.2080993652344,-0.155863240361214,21.4,23.1,83.3,5.3,16.3,13.5,24
2021-01-23,9.4519681930542,7.8466944694519,32.2692756652832,-0.290193110704422,21.4,23.1,83.3,5.3,16.3,13.5,24
2021-01-24,8.04693603515625,7.63921976089478,32.2418479919434,-0.341876477003098,21.4,23.1,83.3,5.3,16.3,13.5,24
2021-01-25,7.97826766967773,8.07073497772217,32.5074844360352,-0.152383789420128,21.4,23.1,83.3,5.3,16.3,13.5,24
2021-01-26,8.29118347167969,8.13289642333984,32.6009826660156,-0.0507515482604504,21.4,23.1,83.3,5.3,16.3,13.5,24
2021-01-27,8.71784591674805,8.11244487762451,32.3259239196777,-0.0756279528141022,21.4,23.1,83.3,5.3,16.3,13.5,24
2021-01-28,8.45101070404053,8.31620407104492,32.801212310791,-0.0600155331194401,21.4,23.1,83.3,5.3,16.3,13.5,24
2021-01-29,8.19337177276611,8.1324052810669,33.268138885498,-0.222953483462334,21.4,23.1,83.3,5.3,16.3,13.5,24
2021-01-30,7.86785125732422,7.61813163757324,33.2912139892578,-0.155736833810806,21.4,23.1,83.3,5.3,16.3,13.5,24
2021-01-31,7.35102415084839,7.16071939468384,33.1241340637207,-0.0451728291809559,21.4,23.1,83.3,5.3,16.3,13.5,24
2021-02-01,6.99055433273315,6.99192953109741,32.9823303222656,0.386068969964981,21.4,23.1,83.3,5.3,16.3,13.5,24
2021-02-02,6.58066368103027,6.55972290039062,32.8900489807129,0.485508352518082,21.4,23.1,83.3,5.3,16.3,13.5,24
2021-02-03,6.04047441482544,6.01478576660156,32.5981674194336,0.254177629947662,21.4,23.1,83.3,5.3,16.3,13.5,24
2021-02-04,5.6771445274353,5.62247133255005,32.426342010498,-0.0242315679788589,21.4,23.1,83.3,5.3,16.3,13.5,24
2021-02-05,5.91354990005493,5.82184410095215,32.2416725158691,-0.0741498023271561,21.4,23.1,83.3,5.3,16.3,13.5,24
2021-02-06,5.9487133026123,5.79763221740723,32.0530281066895,-0.150909781455994,21.4,23.1,83.3,5.3,16.3,13.5,24
2021-02-07,6.1316647529602,5.88556051254272,32.0427551269531,-0.140465915203094,21.4,23.1,83.3,5.3,16.3,13.5,24
2021-02-08,6.00174856185913,5.90567922592163,32.3360061645508,-0.20296423137188,21.4,23.1,83.3,5.3,16.3,13.5,24
2021-02-09,5.95441484451294,5.84574842453003,32.3033447265625,-0.144015416502953,21.4,23.1,83.3,5.3,16.3,13.5,24
2021-02-10,5.95394325256348,5.92182683944702,32.3368911743164,-0.168689787387848,21.4,23.1,83.3,5.3,16.3,13.5,24
2021-02-11,5.79399633407593,5.76348876953125,32.4078636169434,-0.138535305857658,21.4,23.1,83.3,5.3,16.3,13.5,24
2021-02-12,5.90564155578613,5.88853120803833,32.4944343566895,-0.164809808135033,21.4,23.1,83.3,5.3,16.3,13.5,24
2021-02-13,6.03284692764282,6.02397584915161,32.5202140808105,-0.106384061276913,21.4,23.1,83.3,5.3,16.3,13.5,24
2021-02-14,5.83036947250366,5.82847929000854,32.5773582458496,0.005740228574723,21.4,23.1,83.3,5.3,16.3,13.5,24
2021-02-15,5.99568510055542,5.98677778244019,32.6830787658691,-0.0197682436555624,21.4,23.1,83.3,5.3,16.3,13.5,24
2021-02-16,6.16906404495239,6.14945268630981,32.7439651489258,0.0341201573610306,21.4,23.1,83.3,5.3,16.3,13.5,24
2021-02-17,7.5505199432373,6.84789848327637,32.532356262207,-0.251611977815628,21.4,23.1,83.3,5.3,16.3,13.5,24
2021-02-18,7.34414052963257,7.03018426895142,32.7059898376465,-0.129647493362427,21.4,23.1,83.3,5.3,16.3,13.5,24
2021-02-19,6.94367551803589,6.93314743041992,32.9774627685547,0.134292185306549,21.4,23.1,83.3,5.3,16.3,13.5,24
2021-02-20,6.3754997253418,6.30722999572754,32.8419990539551,-0.0322585888206959,21.4,23.1,83.3,5.3,16.3,13.5,24
2021-02-21,6.2584285736084,5.91406679153442,32.7641181945801,-0.235425010323524,21.4,23.1,83.3,5.3,16.3,13.5,24
2021-02-22,6.27941179275513,5.30877256393433,32.1428260803223,-0.0902400612831116,21.4,23.1,83.3,5.3,16.3,13.5,24
2021-02-23,6.5599217414856,5.73493194580078,31.9842090606689,-0.169580802321434,21.4,23.1,83.3,5.3,16.3,13.5,24
2021-02-24,6.75320672988892,5.89328718185425,32.145320892334,-0.23956461250782,21.4,23.1,83.3,5.3,16.3,13.5,24
2021-02-25,6.92510938644409,6.11058044433594,32.2482719421387,-0.260845333337784,21.4,23.1,83.3,5.3,16.3,13.5,24
2021-02-26,6.59839677810669,6.14911127090454,32.3070526123047,-0.313855856657028,21.4,23.1,83.3,5.3,16.3,13.5,24
2021-02-27,6.62578916549683,6.32760810852051,32.3555107116699,-0.196443796157837,21.4,23.1,83.3,5.3,16.3,13.5,24
2021-02-28,6.72627878189087,6.37062454223633,32.3117637634277,-0.172863006591797,21.4,23.1,83.3,5.3,16.3,13.5,24
2021-03-01,6.47466850280762,6.27757692337036,32.0448036193848,-0.0756672695279121,21.4,23.1,83.3,5.3,16.3,13.5,24
2021-03-02,6.40302610397339,5.9883599281311,32.1205520629883,-0.392580956220627,21.4,23.1,83.3,5.3,16.3,13.5,24
2021-03-03,6.17703247070312,5.77073097229004,31.8901290893555,-0.529410421848297,21.4,23.1,83.3,5.3,16.3,13.5,24
2021-03-04,6.12679100036621,5.76532745361328,31.9327945709229,-0.270833164453506,21.4,23.1,83.3,5.3,16.3,13.5,24
2021-03-05,5.95203828811646,5.6204628944397,32.2258644104004,-0.271679610013962,21.4,23.1,83.3,5.3,16.3,13.5,24
2021-03-06,5.6571192741394,5.40815305709839,32.0564918518066,-0.344237416982651,21.4,23.1,83.3,5.3,16.3,13.5,24
2021-03-07,5.88112449645996,5.60964059829712,32.2215957641602,-0.24918806552887,21.4,23.1,83.3,5.3,16.3,13.5,24
2021-03-08,6.00997972488403,5.7509880065918,32.2622222900391,-0.266964077949524,21.4,23.1,83.3,5.3,16.3,13.5,24
2021-03-09,6.10549926757812,5.86828088760376,32.0804481506348,-0.333276003599167,21.4,23.1,83.3,5.3,16.3,13.5,24
2021-03-10,6.09705877304077,6.0849461555481,32.0285758972168,-0.309811264276505,21.4,23.1,83.3,5.3,16.3,13.5,24
2021-03-11,6.13763856887817,6.16745138168335,31.8865833282471,-0.251387149095535,21.4,23.1,83.3,5.3,16.3,13.5,24
2021-03-12,6.60427856445312,6.3059287071228,31.902006149292,-0.33507427573204,21.4,23.1,83.3,5.3,16.3,13.5,24
2021-03-13,6.51751136779785,6.61816644668579,32.0076713562012,-0.317933201789856,21.4,23.1,83.3,5.3,16.3,13.5,24
2021-03-14,6.91448163986206,6.71917104721069,31.9764881134033,-0.318017840385437,21.4,23.1,83.3,5.3,16.3,13.5,24
2021-03-15,7.022057056427,6.82723236083984,32.345890045166,-0.288951307535172,21.4,23.1,83.3,5.3,16.3,13.5,24
2021-03-16,6.76133918762207,6.61246061325073,32.5979881286621,-0.142965853214264,21.4,23.1,83.3,5.3,16.3,13.5,24
2021-03-17,6.72841119766235,6.50610589981079,32.4616508483887,-0.106576897203922,21.4,23.1,83.3,5.3,16.3,13.5,24
2021-03-18,6.56409454345703,6.70225667953491,32.6162147521973,-0.057444229722023,21.4,23.1,83.3,5.3,16.3,13.5,24
2021-03-19,6.97735452651978,6.95785713195801,32.6612892150879,0.0924859642982483,21.4,23.1,83.3,5.3,16.3,13.5,24
2021-03-20,6.96876001358032,7.00463342666626,32.9351081848145,-0.0736629143357277,21.4,23.1,83.3,5.3,16.3,13.5,24
2021-03-21,7.07380247116089,7.24237823486328,32.8748970031738,-0.292843133211136,21.4,23.1,83.3,5.3,16.3,13.5,24
2021-03-22,6.71368217468262,7.02883672714233,32.6148796081543,-0.258924454450607,21.4,23.1,83.3,5.3,16.3,13.5,24
2021-03-23,6.76623296737671,6.79770660400391,32.815372467041,-0.16746973991394,21.4,23.1,83.3,5.3,16.3,13.5,24
2021-03-24,6.72775793075562,6.79886436462402,32.8574142456055,-0.146170660853386,21.4,23.1,83.3,5.3,16.3,13.5,24
2021-03-25,6.96840858459473,7.43384981155396,32.4081077575684,-0.154647246003151,21.4,23.1,83.3,5.3,16.3,13.5,24
2021-03-26,7.05533170700073,7.81471490859985,31.9192047119141,-0.171825483441353,21.4,23.1,83.3,5.3,16.3,13.5,24
2021-03-27,7.36279535293579,8.4166374206543,31.7830181121826,-0.379384398460388,21.4,23.1,83.3,5.3,16.3,13.5,24
2021-03-28,7.79607629776001,9.09996032714844,31.8172760009766,-0.138324156403542,21.4,23.1,83.3,5.3,16.3,13.5,24
2021-03-29,7.92328214645386,8.75043964385986,31.8269672393799,-0.30060151219368,21.4,23.1,83.3,5.3,16.3,13.5,24
2021-03-30,8.24970722198486,8.96990489959717,31.9586887359619,-0.392172694206238,21.4,23.1,83.3,5.3,16.3,13.5,24
2021-03-31,9.10136890411377,8.76856136322021,31.9286727905273,-0.193986490368843,21.4,23.1,83.3,5.3,16.3,13.5,24
2021-04-01,9.11885356903076,9.08755874633789,31.8621158599854,-0.106990195810795,21.4,23.1,83.3,5.3,16.3,13.5,24
2021-04-02,9.17238330841064,8.76448726654053,31.6926555633545,-0.265885204076767,21.4,23.1,83.3,5.3,16.3,13.5,24
2021-04-03,9.02737426757812,8.48027896881104,32.0007019042969,-0.185014069080353,21.4,23.1,83.3,5.3,16.3,13.5,24
2021-04-04,8.81127071380615,8.64668560028076,32.0593223571777,-0.205398246645927,21.4,23.1,83.3,5.3,16.3,13.5,24
2021-04-05,8.97898769378662,9.04696750640869,32.0878257751465,-0.146373406052589,21.4,23.1,83.3,5.3,16.3,13.5,24
2021-04-06,8.78195285797119,8.9456205368042,32.0639305114746,-0.0669318288564682,21.4,23.1,83.3,5.3,16.3,13.5,24
2021-04-07,8.69556617736816,9.45407009124756,31.4079570770264,-0.0757285431027412,21.4,23.1,83.3,5.3,16.3,13.5,24
2021-04-08,8.70018100738525,9.68864727020264,31.0212726593018,-0.0957644060254097,21.4,23.1,83.3,5.3,16.3,13.5,24
2021-04-09,8.43836879730225,9.7548828125,30.5467357635498,-0.0912499651312828,21.4,23.1,83.3,5.3,16.3,13.5,24
2021-04-10,8.36472034454346,9.92691993713379,30.2694492340088,-0.0925881639122963,21.4,23.1,83.3,5.3,16.3,13.5,24
2021-04-11,8.39067935943604,10.4199333190918,29.8727397918701,0.0070717609487474,21.4,23.1,83.3,5.3,16.3,13.5,24
2021-04-12,8.68578147888184,9.92549228668213,29.8337535858154,0.0890186727046967,21.4,23.1,83.3,5.3,16.3,13.5,24
2021-04-13,8.27374935150146,8.8143892288208,32.1994819641113,0.0113772423937917,21.4,23.1,83.3,5.3,16.3,13.5,24
2021-04-14,8.30259990692139,9.7363805770874,31.4413585662842,-0.149311348795891,21.4,23.1,83.3,5.3,16.3,13.5,24
2021-04-15,8.61506938934326,11.0378007888794,30.1407947540283,0.0237138271331787,21.4,23.1,83.3,5.3,16.3,13.5,24
2021-04-16,8.66521453857422,10.1371545791626,31.3270473480225,0.0321261547505856,21.4,23.1,83.3,5.3,16.3,13.5,24
2021-04-17,8.70333194732666,10.2879056930542,31.4520492553711,-0.0667275637388229,21.4,23.1,83.3,5.3,16.3,13.5,24
2021-04-18,8.51392459869385,10.8282384872437,31.0853805541992,-0.0177169684320688,21.4,23.1,83.3,5.3,16.3,13.5,24
2021-04-19,8.53116226196289,10.9708786010742,30.8266429901123,-0.0726675316691399,21.4,23.1,83.3,5.3,16.3,13.5,24
2021-04-20,8.57007503509521,10.6471824645996,30.9026584625244,-0.114458166062832,21.4,23.1,83.3,5.3,16.3,13.5,24
2021-04-21,10.3875179290771,10.9333944320679,30.6126022338867,-0.0985466837882996,21.4,23.1,83.3,5.3,16.3,13.5,24
2021-04-22,10.2510251998901,10.5356845855713,31.319465637207,-0.2711983025074,21.4,23.1,83.3,5.3,16.3,13.5,24
2021-04-23,10.4216508865356,10.8951101303101,31.3825607299805,-0.414554506540298,21.4,23.1,83.3,5.3,16.3,13.5,24
2021-04-24,10.1520109176636,11.0399122238159,31.5669956207275,-0.40446138381958,21.4,23.1,83.3,5.3,16.3,13.5,24
2021-04-25,10.0870733261108,11.2526655197144,31.5559825897217,-0.0625916346907616,21.4,23.1,83.3,5.3,16.3,13.5,24
2021-04-26,10.2436227798462,11.0379095077515,31.5969257354736,-0.161970660090446,21.4,23.1,83.3,5.3,16.3,13.5,24
2021-04-27,9.83655452728271,10.8726530075073,31.354772567749,-0.206026241183281,21.4,23.1,83.3,5.3,16.3,13.5,24
2021-04-28,9.69934368133545,11.816409111023,30.6048831939697,-0.160411968827248,21.4,23.1,83.3,5.3,16.3,13.5,24
2021-04-29,9.62530517578125,12.3686647415161,30.7284755706787,-0.0282383356243372,21.4,23.1,83.3,5.3,16.3,13.5,24
2021-04-30,10.9670133590698,12.5444421768188,30.9426879882812,-0.070314846932888,21.4,23.1,83.3,5.3,16.3,13.5,24
2021-05-01,11.1466207504272,11.6260604858398,31.7045593261719,-0.248956024646759,21.4,23.1,83.3,5.3,16.3,13.5,24
2021-05-02,11.1780090332031,11.5577363967896,32.0641212463379,-0.13743157684803,21.4,23.1,83.3,5.3,16.3,13.5,24
2021-05-03,11.3546485900879,12.7398376464844,31.729866027832,-0.130409494042397,21.4,23.1,83.3,5.3,16.3,13.5,24
2021-05-04,11.3915815353394,13.3675718307495,31.6867809295654,-0.0111516863107681,21.4,23.1,83.3,5.3,16.3,13.5,24
2021-05-05,11.4205350875854,13.9007081985474,31.7162322998047,0.0506160110235214,21.4,23.1,83.3,5.3,16.3,13.5,24
2021-05-06,11.2068510055542,13.1413297653198,31.8169841766357,-0.0568623542785645,21.4,23.1,83.3,5.3,16.3,13.5,24
2021-05-07,11.1038703918457,13.3285226821899,31.8319320678711,-0.0165197160094976,21.4,23.1,83.3,5.3,16.3,13.5,24
2021-05-08,11.0669679641724,13.525200843811,31.7561779022217,-0.0141245722770691,21.4,23.1,83.3,5.3,16.3,13.5,24
2021-05-09,11.1735773086548,12.9899225234985,31.7501392364502,-0.146632552146912,21.4,23.1,83.3,5.3,16.3,13.5,24
2021-05-10,11.1310567855835,13.2642593383789,31.477632522583,-0.211999714374542,21.4,23.1,83.3,5.3,16.3,13.5,24
2021-05-11,11.1459836959839,13.386456489563,31.4935836791992,-0.182898595929146,21.4,23.1,83.3,5.3,16.3,13.5,24
2021-05-12,11.38512134552,13.278130531311,31.5158615112305,-0.278669863939285,21.4,23.1,83.3,5.3,16.3,13.5,24
2021-05-13,11.4520425796509,13.3035745620728,31.5931186676025,-0.263588279485703,21.4,23.1,83.3,5.3,16.3,13.5,24
2021-05-14,11.4723997116089,13.8448638916016,31.4897937774658,-0.231372877955437,21.4,23.1,83.3,5.3,16.3,13.5,24
2021-05-15,12.0832176208496,14.9246778488159,31.087158203125,-0.239386186003685,21.4,23.1,83.3,5.3,16.3,13.5,24
2021-05-16,12.2127046585083,15.6687421798706,31.0530490875244,-0.197314038872719,21.4,23.1,83.3,5.3,16.3,13.5,24
2021-05-17,12.3013954162598,16.3249187469482,31.1283092498779,-0.188881233334541,21.4,23.1,83.3,5.3,16.3,13.5,24
2021-05-18,12.839542388916,16.6643733978271,31.2598476409912,-0.240419611334801,21.4,23.1,83.3,5.3,16.3,13.5,24
2021-05-19,12.9696855545044,17.0188465118408,31.566198348999,-0.321661591529846,21.4,23.1,83.3,5.3,16.3,13.5,24
2021-05-20,13.1162919998169,17.6128711700439,31.6249694824219,-0.236138641834259,21.4,23.1,83.3,5.3,16.3,13.5,24
2021-05-21,13.9145011901855,18.1152973175049,31.6237545013428,-0.228350326418877,21.4,23.1,83.3,5.3,16.3,13.5,24
2021-05-22,14.0116910934448,18.1103897094727,31.7324600219727,-0.247821092605591,21.4,23.1,83.3,5.3,16.3,13.5,24
2021-05-23,13.9773445129395,18.7222480773926,31.7846145629883,-0.225792288780212,21.4,23.1,83.3,5.3,16.3,13.5,24
2021-05-24,14.2364816665649,18.9727344512939,31.8661651611328,-0.214287757873535,21.4,23.1,83.3,5.3,16.3,13.5,24
2021-05-25,14.4871435165405,18.1725120544434,31.8279132843018,-0.240608260035515,21.4,23.1,83.3,5.3,16.3,13.5,24
2021-05-26,14.1148614883423,18.3198013305664,31.723518371582,-0.30597859621048,21.4,23.1,83.3,5.3,16.3,13.5,24
2021-05-27,14.0520706176758,18.321382522583,31.9024410247803,-0.286930710077286,21.4,23.1,83.3,5.3,16.3,13.5,24
2021-05-28,14.1605463027954,18.4746360778809,31.9551849365234,-0.162402212619781,21.4,23.1,83.3,5.3,16.3,13.5,24
2021-05-29,14.0653114318848,17.5320663452148,31.7962665557861,0.11347971111536,21.4,23.1,83.3,5.3,16.3,13.5,24
2021-05-30,15.2227630615234,15.4297246932983,32.2571411132812,0.181348919868469,21.4,23.1,83.3,5.3,16.3,13.5,24
2021-05-31,15.23228931427,15.4466466903687,32.6307563781738,-0.0504147708415985,21.4,23.1,83.3,5.3,16.3,13.5,24
2021-06-01,15.2595405578613,16.4215030670166,32.429759979248,-0.195886895060539,21.4,23.1,83.3,5.3,16.3,13.5,24
2021-06-02,14.8159942626953,16.9803810119629,31.9340724945068,-0.20215368270874,21.4,23.1,83.3,5.3,16.3,13.5,24
2021-06-03,14.7726449966431,17.0366306304932,31.8200225830078,-0.0956917405128479,21.4,23.1,83.3,5.3,16.3,13.5,24
2021-06-04,14.4204835891724,16.4608535766602,31.8292827606201,-0.0909115746617317,21.4,23.1,83.3,5.3,16.3,13.5,24
2021-06-05,14.3167991638184,17.466947555542,31.750617980957,-0.163416743278503,21.4,23.1,83.3,5.3,16.3,13.5,24
2021-06-06,13.8907651901245,18.0437831878662,31.8102893829346,-0.203076899051666,21.4,23.1,83.3,5.3,16.3,13.5,24
2021-06-07,13.6165189743042,18.2969150543213,31.9153518676758,-0.174879416823387,21.4,23.1,83.3,5.3,16.3,13.5,24
2021-06-08,14.2782583236694,19.0860271453857,31.7907772064209,-0.142672494053841,21.4,23.1,83.3,5.3,16.3,13.5,24
2021-06-09,14.15758228302,19.7774829864502,31.8939895629883,-0.14491979777813,21.4,23.1,83.3,5.3,16.3,13.5,24
2021-06-10,14.070143699646,20.5050563812256,31.9417266845703,-0.116178184747696,21.4,23.1,83.3,5.3,16.3,13.5,24
2021-06-11,14.0549583435059,19.6741008758545,32.1794929504395,0.0826842412352562,21.4,23.1,83.3,5.3,16.3,13.5,24
2021-06-12,14.4979753494263,19.2245407104492,32.2311019897461,0.0942050740122795,21.4,23.1,83.3,5.3,16.3,13.5,24
2021-06-13,14.7068243026733,19.4803867340088,32.288257598877,0.0144636211916804,21.4,23.1,83.3,5.3,16.3,13.5,24
2021-06-14,15.0254821777344,20.7463130950928,31.8451690673828,-0.0106018520891666,21.4,23.1,83.3,5.3,16.3,13.5,24
2021-06-15,14.8831701278687,21.208044052124,31.5689830780029,0.0499499142169952,21.4,23.1,83.3,5.3,16.3,13.5,24
2021-06-16,15.1460771560669,21.7705764770508,31.5307178497314,0.0168615933507681,21.4,23.1,83.3,5.3,16.3,13.5,24
2021-06-17,15.5586938858032,21.716911315918,31.4949283599854,-0.0315384157001972,21.4,23.1,83.3,5.3,16.3,13.5,24
2021-06-18,15.7175092697144,21.7949619293213,31.4362335205078,-0.113886415958405,21.4,23.1,83.3,5.3,16.3,13.5,24
2021-06-19,15.4813928604126,21.5143871307373,31.715856552124,-0.135728195309639,21.4,23.1,83.3,5.3,16.3,13.5,24
2021-06-20,16.4106025695801,22.3835525512695,31.9398174285889,-0.133522018790245,21.4,23.1,83.3,5.3,16.3,13.5,24
2021-06-21,15.8534622192383,22.3665218353271,31.9648456573486,-0.103000052273273,21.4,23.1,83.3,5.3,16.3,13.5,24
2021-06-22,15.8216705322266,22.3474254608154,31.9809703826904,-0.0690106526017189,21.4,23.1,83.3,5.3,16.3,13.5,24
2021-06-23,16.603931427002,21.4805660247803,31.8995132446289,-0.150748416781425,21.4,23.1,83.3,5.3,16.3,13.5,24
2021-06-24,17.0338497161865,21.3912601470947,31.913818359375,-0.163049891591072,21.4,23.1,83.3,5.3,16.3,13.5,24
2021-06-25,17.1514377593994,21.4483623504639,31.9464416503906,-0.109639681875706,21.4,23.1,83.3,5.3,16.3,13.5,24
2021-06-26,17.5943870544434,22.1199703216553,31.9454250335693,-0.190935239195824,21.4,23.1,83.3,5.3,16.3,13.5,24
2021-06-27,17.1376953125,22.2571029663086,31.8171558380127,-0.248372182250023,21.4,23.1,83.3,5.3,16.3,13.5,24
2021-06-28,16.9132862091064,22.6479320526123,31.9273700714111,-0.287025719881058,21.4,23.1,83.3,5.3,16.3,13.5,24
2021-06-29,17.2759952545166,23.7628002166748,32.0708503723145,-0.300587862730026,21.4,23.1,83.3,5.3,16.3,13.5,24
2021-06-30,16.9549770355225,24.2176647186279,32.0020027160645,-0.249150976538658,21.4,23.1,83.3,5.3,16.3,13.5,24
2021-07-01,16.5923480987549,24.2784824371338,32.0902061462402,-0.169655621051788,21.4,23.1,83.3,5.3,16.3,13.5,24
2021-07-02,16.1181888580322,23.2996044158936,32.1383094787598,-0.0554106868803501,21.4,23.1,83.3,5.3,16.3,13.5,24
2021-07-03,15.9666910171509,22.6555156707764,32.2453880310059,-0.00575674278661609,21.4,23.1,83.3,5.3,16.3,13.5,24
2021-07-04,16.1878070831299,23.0868434906006,32.2772407531738,0.00762320123612881,21.4,23.1,83.3,5.3,16.3,13.5,24
2021-07-05,16.553596496582,23.3820629119873,31.7422256469727,-0.0703367218375206,21.4,23.1,83.3,5.3,16.3,13.5,24
2021-07-06,16.5704174041748,23.4974136352539,31.127326965332,-0.10938910394907,21.4,23.1,83.3,5.3,16.3,13.5,24
2021-07-07,16.6799602508545,23.6290302276611,31.4839153289795,-0.192069515585899,21.4,23.1,83.3,5.3,16.3,13.5,24
2021-07-08,17.6062107086182,22.3826599121094,31.8578948974609,-0.169589340686798,21.4,23.1,83.3,5.3,16.3,13.5,24
2021-07-09,16.8686485290527,21.6402435302734,32.5159568786621,-0.0783678665757179,21.4,23.1,83.3,5.3,16.3,13.5,24
2021-07-10,17.2097625732422,21.7699432373047,32.7963447570801,-0.122414462268353,21.4,23.1,83.3,5.3,16.3,13.5,24
2021-07-11,18.6375675201416,22.3353576660156,32.7328186035156,-0.0718699470162392,21.4,23.1,83.3,5.3,16.3,13.5,24
2021-07-12,18.3803462982178,22.2796630859375,32.667896270752,-0.120067805051804,21.4,23.1,83.3,5.3,16.3,13.5,24
2021-07-13,18.0274276733398,22.9408855438232,32.5704460144043,-0.10393176227808,21.4,23.1,83.3,5.3,16.3,13.5,24
2021-07-14,18.1005687713623,23.8210620880127,32.32177734375,-0.0595167689025402,21.4,23.1,83.3,5.3,16.3,13.5,24
2021-07-15,18.1993045806885,24.3543930053711,32.1021690368652,-0.0739611610770226,21.4,23.1,83.3,5.3,16.3,13.5,24
2021-07-16,18.1445636749268,24.4748249053955,32.1122817993164,-0.0802259221673012,21.4,23.1,83.3,5.3,16.3,13.5,24
2021-07-17,17.8247203826904,24.3279705047607,32.2654685974121,-0.127472683787346,21.4,23.1,83.3,5.3,16.3,13.5,24
2021-07-18,17.2091789245605,23.3418216705322,32.5497627258301,-0.143855944275856,21.4,23.1,83.3,5.3,16.3,13.5,24
2021-07-19,16.977991104126,23.40598487854,32.6049842834473,-0.132141157984734,21.4,23.1,83.3,5.3,16.3,13.5,24
2021-07-20,15.9741973876953,23.122106552124,32.5371932983398,-0.0591772347688675,21.4,23.1,83.3,5.3,16.3,13.5,24
2021-07-21,16.0226306915283,23.4239978790283,32.3529090881348,-0.0569482333958149,21.4,23.1,83.3,5.3,16.3,13.5,24
2021-07-22,16.1126575469971,23.9728488922119,31.9665222167969,-0.0599453449249268,21.4,23.1,83.3,5.3,16.3,13.5,24
2021-07-23,17.2581958770752,24.1333694458008,31.3523693084717,-0.073357604444027,21.4,23.1,83.3,5.3,16.3,13.5,24
2021-07-24,17.2666416168213,24.0128879547119,31.2369518280029,-0.0670400857925415,21.4,23.1,83.3,5.3,16.3,13.5,24
2021-07-25,17.0230522155762,23.6019268035889,31.2501811981201,-0.0401540473103523,21.4,23.1,83.3,5.3,16.3,13.5,24
2021-07-26,16.633264541626,23.0220508575439,31.8997707366943,-0.080342710018158,21.4,23.1,83.3,5.3,16.3,13.5,24
2021-07-27,16.4253005981445,23.3109359741211,32.3287773132324,-0.00793772656470537,21.4,23.1,83.3,5.3,16.3,13.5,24
2021-07-28,16.3794231414795,23.230489730835,32.4063186645508,0.00206750258803368,21.4,23.1,83.3,5.3,16.3,13.5,24
2021-07-29,16.1343593597412,23.7737636566162,32.2684783935547,0.0291555617004633,21.4,23.1,83.3,5.3,16.3,13.5,24
2021-07-30,15.7170372009277,23.4304370880127,32.1498260498047,-0.00892464071512222,21.4,23.1,83.3,5.3,16.3,13.5,24
2021-07-31,15.7972106933594,23.7875728607178,32.172492980957,-0.024550249800086,21.4,23.1,83.3,5.3,16.3,13.5,24
2021-08-01,15.8416357040405,23.0531692504883,31.9906139373779,-0.0505812615156174,21.4,23.1,83.3,5.3,16.3,13.5,24
2021-08-02,15.2243127822876,22.9376049041748,31.9748020172119,-0.0494933761656284,21.4,23.1,83.3,5.3,16.3,13.5,24
2021-08-03,15.2823362350464,23.2249755859375,32.0083427429199,-0.113599635660648,21.4,23.1,83.3,5.3,16.3,13.5,24
2021-08-04,15.2972450256348,22.8442440032959,32.4388618469238,-0.100044392049313,21.4,23.1,83.3,5.3,16.3,13.5,24
2021-08-05,16.186351776123,22.6394596099854,32.5791244506836,-0.0393288172781467,21.4,23.1,83.3,5.3,16.3,13.5,24
2021-08-06,16.1899337768555,23.009801864624,32.505973815918,-0.143593922257423,21.4,23.1,83.3,5.3,16.3,13.5,24
2021-08-07,16.7866840362549,23.4028625488281,32.2093467712402,-0.075821690261364,21.4,23.1,83.3,5.3,16.3,13.5,24
2021-08-08,16.6822776794434,23.1380672454834,32.1744270324707,-0.0709026157855988,21.4,23.1,83.3,5.3,16.3,13.5,24
2021-08-09,17.3441181182861,22.6982192993164,31.7973766326904,-0.0725263059139252,21.4,23.1,83.3,5.3,16.3,13.5,24
2021-08-10,17.8561191558838,24.0729141235352,30.3515949249268,-0.0599285550415516,21.4,23.1,83.3,5.3,16.3,13.5,24
2021-08-11,17.2413787841797,24.9828357696533,30.9671630859375,-0.0516375601291656,21.4,23.1,83.3,5.3,16.3,13.5,24
2021-08-12,16.5205783843994,25.3421115875244,31.5312576293945,-0.0860114172101021,21.4,23.1,83.3,5.3,16.3,13.5,24
2021-08-13,17.3322486877441,25.4557342529297,31.5750217437744,-0.0447609014809132,21.4,23.1,83.3,5.3,16.3,13.5,24
2021-08-14,17.1410541534424,25.6120433807373,31.4749069213867,-0.0119726648554206,21.4,23.1,83.3,5.3,16.3,13.5,24
2021-08-15,17.2187824249268,25.6850357055664,31.4805202484131,0.0147480666637421,21.4,23.1,83.3,5.3,16.3,13.5,24
2021-08-16,19.086576461792,25.8242721557617,31.4520874023438,0.0103328553959727,21.4,23.1,83.3,5.3,16.3,13.5,24
2021-08-17,18.8769207000732,25.7522201538086,31.4352779388428,-0.00190269516315311,21.4,23.1,83.3,5.3,16.3,13.5,24
2021-08-18,18.2329692840576,26.1110458374023,31.4014759063721,0.00361959380097687,21.4,23.1,83.3,5.3,16.3,13.5,24
2021-08-19,18.5136127471924,26.2468643188477,31.4480514526367,-0.0591267943382263,21.4,23.1,83.3,5.3,16.3,13.5,24
2021-08-20,17.7506561279297,26.1441707611084,31.5453968048096,-0.0361414030194283,21.4,23.1,83.3,5.3,16.3,13.5,24
2021-08-21,17.2547130584717,25.7829074859619,31.625114440918,0.00656373566016555,21.4,23.1,83.3,5.3,16.3,13.5,24
2021-08-22,17.4168529510498,25.6294345855713,31.5018138885498,0.05347715690732,21.4,23.1,83.3,5.3,16.3,13.5,24
2021-08-23,17.4167823791504,25.7211055755615,31.3927555084229,0.00735074700787663,21.4,23.1,83.3,5.3,16.3,13.5,24
2021-08-24,16.6728000640869,25.9689655303955,31.3443279266357,0.0387626774609089,21.4,23.1,83.3,5.3,16.3,13.5,24
2021-08-25,18.30419921875,27.133825302124,31.370246887207,-0.031551506370306,21.4,23.1,83.3,5.3,16.3,13.5,24
2021-08-26,18.1694850921631,27.3170795440674,31.3518352508545,0.0168746616691351,21.4,23.1,83.3,5.3,16.3,13.5,24
2021-08-27,17.7678737640381,27.4487934112549,31.3625812530518,0.0355079919099808,21.4,23.1,83.3,5.3,16.3,13.5,24
2021-08-28,18.2002372741699,27.2232761383057,31.2273235321045,0.0194115657359362,21.4,23.1,83.3,5.3,16.3,13.5,24
2021-08-29,18.9968585968018,26.9198207855225,31.2772235870361,0.160125806927681,21.4,23.1,83.3,5.3,16.3,13.5,24
2021-08-30,19.6895236968994,27.0963840484619,31.2969074249268,0.129029512405396,21.4,23.1,83.3,5.3,16.3,13.5,24
2021-08-31,19.5760841369629,27.3434276580811,31.1213321685791,0.0472450107336044,21.4,23.1,83.3,5.3,16.3,13.5,24
2021-09-01,18.4015293121338,27.4345321655273,31.0579833984375,0.130374848842621,21.4,23.1,83.3,5.3,16.3,13.5,24
2021-09-02,17.4953994750977,25.0149841308594,31.3555450439453,0.128993913531303,21.4,23.1,83.3,5.3,16.3,13.5,24
2021-09-03,19.5660953521729,23.5372066497803,31.3617477416992,0.0607292540371418,21.4,23.1,83.3,5.3,16.3,13.5,24
2021-09-04,19.5734539031982,23.3614025115967,31.3589630126953,0.0136565938591957,21.4,23.1,83.3,5.3,16.3,13.5,24
2021-09-05,18.3591136932373,23.6794605255127,31.2924251556396,0.0277367010712624,21.4,23.1,83.3,5.3,16.3,13.5,24
2021-09-06,17.5412158966064,24.4100189208984,31.3100337982178,0.0231171008199453,21.4,23.1,83.3,5.3,16.3,13.5,24
2021-09-07,17.2089900970459,24.5908508300781,31.3202342987061,0.0264566242694855,21.4,23.1,83.3,5.3,16.3,13.5,24
2021-09-08,17.1626071929932,24.7700443267822,31.3312530517578,0.0706016421318054,21.4,23.1,83.3,5.3,16.3,13.5,24
2021-09-09,16.6670627593994,24.2726058959961,31.4482669830322,0.127310320734978,21.4,23.1,83.3,5.3,16.3,13.5,24
2021-09-10,17.0427837371826,23.8842239379883,31.4425868988037,0.0523999184370041,21.4,23.1,83.3,5.3,16.3,13.5,24
2021-09-11,18.1062488555908,23.6461277008057,31.3814105987549,-0.0651044249534607,21.4,23.1,83.3,5.3,16.3,13.5,24
2021-09-12,16.9112358093262,23.4437160491943,31.4767932891846,-0.154162690043449,21.4,23.1,83.3,5.3,16.3,13.5,24
2021-09-13,15.3924512863159,23.7861480712891,31.7387866973877,-0.163866817951202,21.4,23.1,83.3,5.3,16.3,13.5,24
2021-09-14,14.2829370498657,24.1368808746338,31.7543392181396,-0.0288438331335783,21.4,23.1,83.3,5.3,16.3,13.5,24
2021-09-15,16.1335430145264,24.0315418243408,31.7224369049072,-0.00231701461598277,21.4,23.1,83.3,5.3,16.3,13.5,24
2021-09-16,15.7048110961914,24.0382232666016,31.7506237030029,-0.0622625090181828,21.4,23.1,83.3,5.3,16.3,13.5,24
2021-09-17,16.2418346405029,24.1579265594482,31.8096218109131,0.0472739450633526,21.4,23.1,83.3,5.3,16.3,13.5,24
2021-09-18,18.6144313812256,23.8477802276611,31.7370777130127,0.067539855837822,21.4,23.1,83.3,5.3,16.3,13.5,24
2021-09-19,19.299976348877,23.6525707244873,31.4775638580322,-0.0228192135691643,21.4,23.1,83.3,5.3,16.3,13.5,24
2021-09-20,19.8635845184326,23.466215133667,31.2220516204834,0.00808791536837816,21.4,23.1,83.3,5.3,16.3,13.5,24
2021-09-21,21.1183338165283,23.3721294403076,31.1564311981201,0.0139396516606212,21.4,23.1,83.3,5.3,16.3,13.5,24
2021-09-22,21.2310848236084,23.5369510650635,31.1013946533203,0.0655368939042091,21.4,23.1,83.3,5.3,16.3,13.5,24
2021-09-23,20.6980419158936,23.5896682739258,31.0906581878662,0.123792558908463,21.4,23.1,83.3,5.3,16.3,13.5,24
2021-09-24,21.099235534668,23.33229637146,31.0040760040283,0.1125822737813,21.4,23.1,83.3,5.3,16.3,13.5,24
2021-09-25,21.3255023956299,22.8944911956787,31.0143413543701,0.104613371193409,21.4,23.1,83.3,5.3,16.3,13.5,24
2021-09-26,21.236026763916,22.6757564544678,31.0629177093506,0.0431250631809235,21.4,23.1,83.3,5.3,16.3,13.5,24
2021-09-27,20.7109375,22.6590747833252,30.9721775054932,-0.07982087880373,21.4,23.1,83.3,5.3,16.3,13.5,24
2021-09-28,19.907262802124,22.7420482635498,31.1804218292236,-0.143986791372299,21.4,23.1,83.3,5.3,16.3,13.5,24
2021-09-29,18.7141666412354,22.6168975830078,31.3114185333252,-0.00630581052973866,21.4,23.1,83.3,5.3,16.3,13.5,24
2021-09-30,19.6211605072021,22.2003879547119,31.263765335083,0.0268356874585152,21.4,23.1,83.3,5.3,16.3,13.5,24
2021-10-01,20.0572700500488,22.0152282714844,31.2041912078857,-0.0160848628729582,21.4,23.1,83.3,5.3,16.3,13.5,24
2021-10-02,19.8826293945312,21.9125900268555,31.0609149932861,-0.0462383888661861,21.4,23.1,83.3,5.3,16.3,13.5,24
2021-10-03,18.9472312927246,22.3008098602295,30.2502002716064,-0.101427741348743,21.4,23.1,83.3,5.3,16.3,13.5,24
2021-10-04,18.0200271606445,22.4158840179443,30.5326614379883,-0.0814254656434059,21.4,23.1,83.3,5.3,16.3,13.5,24
2021-10-05,17.4784488677979,22.5083160400391,29.9504718780518,0.00968727748841047,21.4,23.1,83.3,5.3,16.3,13.5,24
2021-10-06,18.9989967346191,22.3145084381104,29.8549671173096,-0.0177836753427982,21.4,23.1,83.3,5.3,16.3,13.5,24
2021-10-07,19.6241970062256,21.9727878570557,30.1182918548584,0.00516941538080573,21.4,23.1,83.3,5.3,16.3,13.5,24
2021-10-08,19.3389110565186,21.9772777557373,30.1205310821533,0.0264658536761999,21.4,23.1,83.3,5.3,16.3,13.5,24
2021-10-09,19.757833480835,21.7594738006592,30.3742618560791,0.146826922893524,21.4,23.1,83.3,5.3,16.3,13.5,24
2021-10-10,20.6514892578125,21.5588989257812,31.0554828643799,0.349185436964035,21.4,23.1,83.3,5.3,16.3,13.5,24
2021-10-11,21.5719680786133,21.6242294311523,31.4362888336182,0.398760199546814,21.4,23.1,83.3,5.3,16.3,13.5,24
2021-10-12,21.2936954498291,21.4630794525146,31.6549987792969,0.298589199781418,21.4,23.1,83.3,5.3,16.3,13.5,24
2021-10-13,21.2888317108154,21.3245277404785,31.7339324951172,0.182181596755981,21.4,23.1,83.3,5.3,16.3,13.5,24
2021-10-14,21.2740020751953,21.3834838867188,31.5033130645752,0.0827519744634628,21.4,23.1,83.3,5.3,16.3,13.5,24
2021-10-15,21.5284786224365,22.021879196167,31.3460388183594,0.0715362653136253,21.4,23.1,83.3,5.3,16.3,13.5,24
2021-10-16,21.3344135284424,21.9421157836914,31.0417346954346,0.101112820208073,21.4,23.1,83.3,5.3,16.3,13.5,24
2021-10-17,21.0719985961914,21.5046787261963,31.0657215118408,0.0630869641900063,21.4,23.1,83.3,5.3,16.3,13.5,24
2021-10-18,20.7222537994385,21.1366329193115,31.11106300354,-0.0177691411226988,21.4,23.1,83.3,5.3,16.3,13.5,24
2021-10-19,20.5449523925781,20.7020320892334,31.205207824707,-0.0128338346257806,21.4,23.1,83.3,5.3,16.3,13.5,24
2021-10-20,20.2312927246094,20.4857997894287,31.1940612792969,-0.104936294257641,21.4,23.1,83.3,5.3,16.3,13.5,24
2021-10-21,20.4559936523438,20.5462093353271,31.2519474029541,-0.00826723035424948,21.4,23.1,83.3,5.3,16.3,13.5,24
2021-10-22,19.7186374664307,20.5658550262451,31.301399230957,-0.033016312867403,21.4,23.1,83.3,5.3,16.3,13.5,24
2021-10-23,19.440393447876,20.4506340026855,31.3351058959961,0.0536765195429325,21.4,23.1,83.3,5.3,16.3,13.5,24
2021-10-24,19.5952606201172,20.4787693023682,31.4651012420654,-0.0571631789207458,21.4,23.1,83.3,5.3,16.3,13.5,24
2021-10-25,19.3766613006592,20.4061508178711,31.4699764251709,-0.00439789472147822,21.4,23.1,83.3,5.3,16.3,13.5,24
2021-10-26,18.8517246246338,20.3768653869629,31.4348754882812,0.197513580322266,21.4,23.1,83.3,5.3,16.3,13.5,24
2021-10-27,18.6766948699951,19.4739837646484,31.8957843780518,0.362813085317612,21.4,23.1,83.3,5.3,16.3,13.5,24
2021-10-28,19.3233585357666,19.2872219085693,31.8569355010986,0.47671702504158,21.4,23.1,83.3,5.3,16.3,13.5,24
2021-10-29,19.2773208618164,19.2603168487549,32.1463432312012,0.567693829536438,21.4,23.1,83.3,5.3,16.3,13.5,24
2021-10-30,19.4422473907471,19.374059677124,32.1198883056641,0.441138297319412,21.4,23.1,83.3,5.3,16.3,13.5,24
2021-10-31,19.4114627838135,19.0645580291748,31.9219837188721,0.264847964048386,21.4,23.1,83.3,5.3,16.3,13.5,24
2021-11-01,19.4003353118896,18.8260326385498,31.8725299835205,0.0387386493384838,21.4,23.1,83.3,5.3,16.3,13.5,24
2021-11-02,19.3346271514893,18.7906627655029,31.9356861114502,-0.0291920211166143,21.4,23.1,83.3,5.3,16.3,13.5,24
2021-11-03,19.2501335144043,18.4781913757324,31.9549884796143,-0.0577544569969177,21.4,23.1,83.3,5.3,16.3,13.5,24
2021-11-04,18.7842540740967,18.2193927764893,31.9720249176025,-0.0238150302320719,21.4,23.1,83.3,5.3,16.3,13.5,24
2021-11-05,18.1978549957275,18.1427536010742,32.3981437683105,0.00164251029491425,21.4,23.1,83.3,5.3,16.3,13.5,24
2021-11-06,18.0562801361084,18.0170574188232,32.713321685791,0.0617119260132313,21.4,23.1,83.3,5.3,16.3,13.5,24
2021-11-07,17.7121086120605,17.6858062744141,32.6971664428711,0.121014960110188,21.4,23.1,83.3,5.3,16.3,13.5,24
2021-11-08,17.4820289611816,17.4645175933838,32.7767066955566,0.17488694190979,21.4,23.1,83.3,5.3,16.3,13.5,24
2021-11-09,17.1554374694824,17.0357227325439,32.6842346191406,0.039812870323658,21.4,23.1,83.3,5.3,16.3,13.5,24
2021-11-10,17.1742000579834,16.5028820037842,31.5637264251709,-0.00584879284724593,21.4,23.1,83.3,5.3,16.3,13.5,24
2021-11-11,17.2032680511475,16.4633502960205,31.5807342529297,0.00690037617459893,21.4,23.1,83.3,5.3,16.3,13.5,24
2021-11-12,17.1283626556396,16.7054271697998,31.6241989135742,0.161299556493759,21.4,23.1,83.3,5.3,16.3,13.5,24
2021-11-13,17.121997833252,16.5963764190674,31.5001125335693,0.183212161064148,21.4,23.1,83.3,5.3,16.3,13.5,24
2021-11-14,16.9233665466309,16.5997638702393,31.8826847076416,-0.0547163300216198,21.4,23.1,83.3,5.3,16.3,13.5,24
2021-11-15,16.8682308197021,16.1872043609619,31.9185047149658,-0.111995033919811,21.4,23.1,83.3,5.3,16.3,13.5,24
2021-11-16,16.6735019683838,15.7311391830444,32.1144180297852,-0.20583575963974,21.4,23.1,83.3,5.3,16.3,13.5,24
2021-11-17,16.3251094818115,15.5638313293457,32.2316131591797,-0.216731309890747,21.4,23.1,83.3,5.3,16.3,13.5,24
2021-11-18,16.342830657959,15.5751695632935,32.2167854309082,-0.134003087878227,21.4,23.1,83.3,5.3,16.3,13.5,24
2021-11-19,16.2943210601807,15.5545349121094,32.3517379760742,-0.206620380282402,21.4,23.1,83.3,5.3,16.3,13.5,24
2021-11-20,15.8776893615723,15.3206224441528,32.4379234313965,-0.236013606190681,21.4,23.1,83.3,5.3,16.3,13.5,24
2021-11-21,15.7933111190796,15.2093191146851,32.5186195373535,-0.0832987427711487,21.4,23.1,83.3,5.3,16.3,13.5,24
2021-11-22,15.8421049118042,15.151364326477,32.526554107666,0.0620543025434017,21.4,23.1,83.3,5.3,16.3,13.5,24
2021-11-23,15.3401193618774,15.1133050918579,32.5416603088379,-0.00454143574461341,21.4,23.1,83.3,5.3,16.3,13.5,24
2021-11-24,14.9750890731812,14.914267539978,32.7544937133789,-0.0172374527901411,21.4,23.1,83.3,5.3,16.3,13.5,24
2021-11-25,14.7012300491333,14.3733777999878,32.5531616210938,-0.036777313798666,21.4,23.1,83.3,5.3,16.3,13.5,24
2021-11-26,14.4986505508423,13.9843339920044,32.2634315490723,-0.0522248148918152,21.4,23.1,83.3,5.3,16.3,13.5,24
2021-11-27,13.8045892715454,13.1676263809204,31.9961414337158,-0.219652652740479,21.4,23.1,83.3,5.3,16.3,13.5,24
2021-11-28,13.3182487487793,12.3228559494019,31.6701354980469,-0.145821169018745,21.4,23.1,83.3,5.3,16.3,13.5,24
2021-11-29,13.5711669921875,12.7452573776245,32.0181999206543,-0.107415407896042,21.4,23.1,83.3,5.3,16.3,13.5,24
2021-11-30,13.4521379470825,12.8516397476196,32.4897422790527,-0.182767927646637,21.4,23.1,83.3,5.3,16.3,13.5,24
2021-12-01,13.4129800796509,11.9998235702515,31.9017696380615,-0.286041706800461,21.4,23.1,83.3,5.3,16.3,13.5,24
2021-12-02,13.3141832351685,12.176064491272,31.7931957244873,-0.157188326120377,21.4,23.1,83.3,5.3,16.3,13.5,24
2021-12-03,13.6684064865112,12.0950479507446,31.9014873504639,-0.279327839612961,21.4,23.1,83.3,5.3,16.3,13.5,24
2021-12-04,13.1277360916138,11.9988374710083,32.089412689209,-0.275806337594986,21.4,23.1,83.3,5.3,16.3,13.5,24
2021-12-05,13.2805862426758,12.5179986953735,31.9956951141357,-0.28271958231926,21.4,23.1,83.3,5.3,16.3,13.5,24
2021-12-06,13.3393812179565,12.5128135681152,32.0442428588867,-0.0948202088475227,21.4,23.1,83.3,5.3,16.3,13.5,24
2021-12-07,13.5238962173462,12.3485069274902,32.117847442627,-0.255334585905075,21.4,23.1,83.3,5.3,16.3,13.5,24
2021-12-08,13.0589227676392,12.3080215454102,32.2415733337402,-0.19499146938324,21.4,23.1,83.3,5.3,16.3,13.5,24
2021-12-09,13.1824617385864,12.1213684082031,32.2819786071777,-0.200686320662498,21.4,23.1,83.3,5.3,16.3,13.5,24
2021-12-10,12.9601554870605,12.2058982849121,32.4276084899902,-0.123421497642994,21.4,23.1,83.3,5.3,16.3,13.5,24
2021-12-11,12.6919450759888,11.5824689865112,32.3240547180176,-0.169953778386116,21.4,23.1,83.3,5.3,16.3,13.5,24
2021-12-12,12.6827011108398,12.0806074142456,32.683708190918,-0.456151962280273,21.4,23.1,83.3,5.3,16.3,13.5,24
2021-12-13,12.5174903869629,12.0036392211914,32.8531188964844,-0.51470011472702,21.4,23.1,83.3,5.3,16.3,13.5,24
2021-12-14,12.6584825515747,12.015811920166,32.7942390441895,-0.534904062747955,21.4,23.1,83.3,5.3,16.3,13.5,24
2021-12-15,12.3631057739258,12.1292924880981,32.9400215148926,-0.289902716875076,21.4,23.1,83.3,5.3,16.3,13.5,24
2021-12-16,12.6046714782715,11.856861114502,32.8550033569336,-0.272374838590622,21.4,23.1,83.3,5.3,16.3,13.5,24
2021-12-17,13.0908365249634,12.2341413497925,32.6651496887207,-0.3359135389328,21.4,23.1,83.3,5.3,16.3,13.5,24
2021-12-18,13.2750978469849,12.4996795654297,32.7923774719238,-0.241613447666168,21.4,23.1,83.3,5.3,16.3,13.5,24
2021-12-19,13.4130935668945,12.4870920181274,32.8258972167969,-0.130301147699356,21.4,23.1,83.3,5.3,16.3,13.5,24
2021-12-20,11.9598455429077,11.5908803939819,32.7700309753418,-0.0544000305235386,21.4,23.1,83.3,5.3,16.3,13.5,24
2021-12-21,11.910153388977,11.5463361740112,32.7220306396484,-0.0171980354934931,21.4,23.1,83.3,5.3,16.3,13.5,24
2021-12-22,11.5999059677124,11.5042390823364,32.7310791015625,0.0212164614349604,21.4,23.1,83.3,5.3,16.3,13.5,24
2021-12-23,12.076907157898,12.0445261001587,32.8124885559082,-0.107396222651005,21.4,23.1,83.3,5.3,16.3,13.5,24
2021-12-24,12.0097951889038,11.7397756576538,32.7431144714355,-0.0525359660387039,21.4,23.1,83.3,5.3,16.3,13.5,24
2021-12-25,12.1001749038696,11.2084465026855,32.2191505432129,-0.0216403771191835,21.4,23.1,83.3,5.3,16.3,13.5,24
2021-12-26,12.1928548812866,11.334400177002,32.0451583862305,-0.105724215507507,21.4,23.1,83.3,5.3,16.3,13.5,24
2021-12-27,12.1789741516113,11.5097570419312,32.5204582214355,0.00905158463865519,21.4,23.1,83.3,5.3,16.3,13.5,24
2021-12-28,12.2387475967407,11.4344520568848,32.6305084228516,0.0943864583969116,21.4,23.1,83.3,5.3,16.3,13.5,24
2021-12-29,11.1993494033813,10.8822717666626,32.6894760131836,0.0596074163913727,21.4,23.1,83.3,5.3,16.3,13.5,24
2021-12-30,11.1809549331665,10.9579133987427,32.7182197570801,0.057834804058075,21.4,23.1,83.3,5.3,16.3,13.5,24
2021-12-31,11.205997467041,10.7155332565308,32.5010566711426,0.0580023936927319,21.4,23.1,83.3,5.3,16.3,13.5,24
2022-01-01,11.0018196105957,10.0729169845581,32.0845794677734,0.0361362807452679,21.4,23.1,83.3,5.3,16.3,13.5,24
2022-01-02,11.1034784317017,10.2270469665527,32.073673248291,0.0285456832498312,21.4,23.1,83.3,5.3,16.3,13.5,24
2022-01-03,10.9805192947388,10.4873056411743,32.516773223877,0.096166342496872,21.4,23.1,83.3,5.3,16.3,13.5,24
2022-01-04,10.1813535690308,10.1376762390137,32.8252067565918,0.0616689659655094,21.4,23.1,83.3,5.3,16.3,13.5,24
2022-01-05,10.0606784820557,9.79227924346924,32.579761505127,0.0363302193582058,21.4,23.1,83.3,5.3,16.3,13.5,24
2022-01-06,10.070463180542,9.52281284332275,32.0569343566895,-0.0852413550019264,21.4,23.1,83.3,5.3,16.3,13.5,24
2022-01-07,10.0419321060181,9.32333087921143,32.2594718933105,-0.0380761586129665,21.4,23.1,83.3,5.3,16.3,13.5,24
2022-01-08,9.42541790008545,9.33778381347656,32.7638969421387,-0.226464465260506,21.4,23.1,83.3,5.3,16.3,13.5,24
2022-01-09,9.41647624969482,8.92595863342285,32.567081451416,-0.245781257748604,21.4,23.1,83.3,5.3,16.3,13.5,24
2022-01-10,9.56421661376953,9.10111713409424,32.5766868591309,-0.330291360616684,21.4,23.1,83.3,5.3,16.3,13.5,24
2022-01-11,8.87322521209717,8.67411231994629,32.6736717224121,-0.375456422567368,21.4,23.1,83.3,5.3,16.3,13.5,24
2022-01-12,8.77954387664795,8.68244552612305,32.9233131408691,-0.199695870280266,21.4,23.1,83.3,5.3,16.3,13.5,24
2022-01-13,8.35780239105225,7.89451837539673,32.5392036437988,-0.193335577845573,21.4,23.1,83.3,5.3,16.3,13.5,24
2022-01-14,8.48113536834717,8.10010528564453,32.6935844421387,0.0624167881906033,21.4,23.1,83.3,5.3,16.3,13.5,24
2022-01-15,8.60399341583252,8.56326007843018,33.0583000183105,0.113933421671391,21.4,23.1,83.3,5.3,16.3,13.5,24
2022-01-16,8.6461706161499,8.64714527130127,33.2042198181152,0.0364752933382988,21.4,23.1,83.3,5.3,16.3,13.5,24
2022-01-17,8.46357822418213,8.34139347076416,32.9601860046387,0.109555304050446,21.4,23.1,83.3,5.3,16.3,13.5,24
2022-01-18,7.86047792434692,7.54248046875,32.5692977905273,-0.370926260948181,21.4,23.1,83.3,5.3,16.3,13.5,24
2022-01-19,7.70525407791138,7.2134747505188,32.6381225585938,-0.382670015096664,21.4,23.1,83.3,5.3,16.3,13.5,24
2022-01-20,8.20644474029541,7.51946449279785,32.8225059509277,-0.269059538841248,21.4,23.1,83.3,5.3,16.3,13.5,24
2022-01-21,7.66975355148315,7.37517976760864,32.9006538391113,-0.0806819796562195,21.4,23.1,83.3,5.3,16.3,13.5,24
2022-01-22,7.33308601379395,7.30459594726562,32.9714622497559,0.0163017939776182,21.4,23.1,83.3,5.3,16.3,13.5,24
2022-01-23,7.04789733886719,6.87541818618774,32.7745704650879,-0.0766560137271881,21.4,23.1,83.3,5.3,16.3,13.5,24
2022-01-24,7.13496446609497,6.48532056808472,32.6192741394043,-0.0887188613414764,21.4,23.1,83.3,5.3,16.3,13.5,24
2022-01-25,6.9273419380188,6.24035882949829,32.4511489868164,-0.0971236526966095,21.4,23.1,83.3,5.3,16.3,13.5,24
2022-01-26,7.03572845458984,6.76670122146606,32.8471717834473,-0.131158426403999,21.4,23.1,83.3,5.3,16.3,13.5,24
2022-01-27,7.1239013671875,6.95895624160767,33.0720176696777,-0.204777702689171,21.4,23.1,83.3,5.3,16.3,13.5,24
2022-01-28,6.25727415084839,6.66008186340332,32.8932838439941,-0.137159451842308,21.4,23.1,83.3,5.3,16.3,13.5,24
2022-01-29,6.58276748657227,6.71806335449219,33.2087211608887,0.133636996150017,21.4,23.1,83.3,5.3,16.3,13.5,24
2022-01-30,6.0767993927002,6.01564979553223,33.1034889221191,-0.0431605391204357,21.4,23.1,83.3,5.3,16.3,13.5,24
2022-01-31,6.21162843704224,5.66268157958984,32.9136848449707,-0.300660222768784,21.4,23.1,83.3,5.3,16.3,13.5,24
2022-02-01,6.06133317947388,5.96624755859375,33.0646095275879,-0.193421825766563,21.4,23.1,83.3,5.3,16.3,13.5,24
2022-02-02,6.00623750686646,6.00500249862671,33.0513000488281,-0.184909358620644,21.4,23.1,83.3,5.3,16.3,13.5,24
2022-02-03,5.57777214050293,5.48696517944336,32.8473472595215,-0.252907365560532,21.4,23.1,83.3,5.3,16.3,13.5,24
2022-02-04,5.91714096069336,5.18893575668335,32.5606994628906,-0.234516724944115,21.4,23.1,83.3,5.3,16.3,13.5,24
2022-02-05,6.18245124816895,5.42387056350708,32.8019142150879,-0.292710512876511,21.4,23.1,83.3,5.3,16.3,13.5,24
2022-02-06,5.12684106826782,5.05608701705933,32.9477691650391,-0.284696757793427,21.4,23.1,83.3,5.3,16.3,13.5,24
2022-02-07,5.21451330184937,5.19156074523926,32.9767723083496,-0.122270703315735,21.4,23.1,83.3,5.3,16.3,13.5,24
2022-02-08,5.42098426818848,5.30922269821167,32.9136543273926,-0.0797183737158775,21.4,23.1,83.3,5.3,16.3,13.5,24
2022-02-09,5.42119359970093,5.04680395126343,32.3876113891602,-0.271475374698639,21.4,23.1,83.3,5.3,16.3,13.5,24
2022-02-10,5.56324911117554,4.76666641235352,32.0247192382812,-0.219995424151421,21.4,23.1,83.3,5.3,16.3,13.5,24
2022-02-11,5.75464630126953,5.0025954246521,32.0008544921875,-0.216357231140137,21.4,23.1,83.3,5.3,16.3,13.5,24
2022-02-12,5.4721302986145,5.1928768157959,32.2237663269043,-0.214690625667572,21.4,23.1,83.3,5.3,16.3,13.5,24
2022-02-13,5.54598426818848,5.49966478347778,32.4096565246582,-0.228508174419403,21.4,23.1,83.3,5.3,16.3,13.5,24
2022-02-14,5.37025022506714,5.71589708328247,32.7404136657715,-0.231914922595024,21.4,23.1,83.3,5.3,16.3,13.5,24
2022-02-15,5.43868017196655,5.50238990783691,32.840404510498,-0.398858457803726,21.4,23.1,83.3,5.3,16.3,13.5,24
2022-02-16,5.62852096557617,4.86048650741577,32.107780456543,-0.360185116529465,21.4,23.1,83.3,5.3,16.3,13.5,24
2022-02-17,5.85783958435059,4.76530265808105,30.6902370452881,-0.259957283735275,21.4,23.1,83.3,5.3,16.3,13.5,24
2022-02-18,6.14935159683228,5.56995248794556,32.4250259399414,-0.337603658437729,21.4,23.1,83.3,5.3,16.3,13.5,24
2022-02-19,6.18607473373413,5.78722429275513,32.9197196960449,-0.366115123033524,21.4,23.1,83.3,5.3,16.3,13.5,24
2022-02-20,6.11401319503784,5.89720869064331,33.011344909668,-0.391789942979813,21.4,23.1,83.3,5.3,16.3,13.5,24
2022-02-21,6.158362865448,5.34706878662109,32.5286254882812,-0.346857309341431,21.4,23.1,83.3,5.3,16.3,13.5,24
2022-02-22,6.13697814941406,5.43347883224487,32.3665733337402,-0.253325551748276,21.4,23.1,83.3,5.3,16.3,13.5,24
2022-02-23,6.28547430038452,6.04387807846069,32.6813774108887,-0.253685534000397,21.4,23.1,83.3,5.3,16.3,13.5,24
2022-02-24,6.32794713973999,6.17790174484253,32.7939872741699,-0.267705082893372,21.4,23.1,83.3,5.3,16.3,13.5,24
2022-02-25,6.17990350723267,6.14128255844116,32.8289070129395,-0.160373717546463,21.4,23.1,83.3,5.3,16.3,13.5,24
2022-02-26,6.156409740448,6.09770059585571,32.7863159179688,-0.260507971048355,21.4,23.1,83.3,5.3,16.3,13.5,24
2022-02-27,5.98878860473633,5.94011068344116,32.6443290710449,-0.234496667981148,21.4,23.1,83.3,5.3,16.3,13.5,24
2022-02-28,6.00639486312866,5.79051542282104,32.4985237121582,-0.331236362457275,21.4,23.1,83.3,5.3,16.3,13.5,24
2022-03-01,6.0370717048645,6.01229238510132,32.6759757995605,-0.163550555706024,21.4,23.1,83.3,5.3,16.3,13.5,24
2022-03-02,6.26195955276489,6.201988697052,32.291431427002,-0.145774185657501,21.4,23.1,83.3,5.3,16.3,13.5,24
2022-03-03,6.38025712966919,6.4282546043396,32.0835266113281,-0.203782200813293,21.4,23.1,83.3,5.3,16.3,13.5,24
2022-03-04,6.22957992553711,6.42787551879883,32.5258293151855,-0.231846332550049,21.4,23.1,83.3,5.3,16.3,13.5,24
2022-03-05,6.96626281738281,6.46776723861694,32.2620277404785,-0.317791044712067,21.4,23.1,83.3,5.3,16.3,13.5,24
2022-03-06,7.13814544677734,6.69318580627441,31.4296188354492,-0.266710489988327,21.4,23.1,83.3,5.3,16.3,13.5,24
2022-03-07,7.32570886611938,7.17855024337769,31.3872737884521,-0.318868726491928,21.4,23.1,83.3,5.3,16.3,13.5,24
2022-03-08,7.42618131637573,7.3548469543457,31.8695907592773,-0.405760198831558,21.4,23.1,83.3,5.3,16.3,13.5,24
2022-03-09,7.54925489425659,7.54191207885742,32.0492477416992,-0.176198840141296,21.4,23.1,83.3,5.3,16.3,13.5,24
2022-03-10,7.53134870529175,7.6705756187439,32.2819671630859,-0.110594660043716,21.4,23.1,83.3,5.3,16.3,13.5,24
2022-03-11,7.25219964981079,8.23788547515869,32.3331336975098,-0.0877955481410027,21.4,23.1,83.3,5.3,16.3,13.5,24
2022-03-12,7.42767477035522,8.19643497467041,32.2527732849121,-0.0137993348762393,21.4,23.1,83.3,5.3,16.3,13.5,24
2022-03-13,7.59418487548828,7.47302579879761,32.3811416625977,-0.506328105926514,21.4,23.1,83.3,5.3,16.3,13.5,24
2022-03-14,7.58444213867188,7.47944831848145,32.5058174133301,-0.566354334354401,21.4,23.1,83.3,5.3,16.3,13.5,24
2022-03-15,8.0748348236084,7.57844972610474,32.478141784668,-0.346759349107742,21.4,23.1,83.3,5.3,16.3,13.5,24
2022-03-16,8.40388679504395,7.76558923721313,32.3415718078613,-0.207728371024132,21.4,23.1,83.3,5.3,16.3,13.5,24
2022-03-17,7.39813423156738,7.79606676101685,32.7304801940918,-0.0628334656357765,21.4,23.1,83.3,5.3,16.3,13.5,24
2022-03-18,7.24931955337524,7.7513861656189,32.685962677002,-0.193733260035515,21.4,23.1,83.3,5.3,16.3,13.5,24
2022-03-19,7.42944097518921,7.81388092041016,32.4126663208008,-0.0885050371289253,21.4,23.1,83.3,5.3,16.3,13.5,24
2022-03-20,7.63694000244141,8.27385139465332,32.1074028015137,-0.0907098576426506,21.4,23.1,83.3,5.3,16.3,13.5,24
2022-03-21,7.6234917640686,8.60552787780762,31.9003124237061,-0.210963472723961,21.4,23.1,83.3,5.3,16.3,13.5,24
2022-03-22,7.71736717224121,8.98154258728027,31.7473621368408,-0.202676579356194,21.4,23.1,83.3,5.3,16.3,13.5,24
2022-03-23,7.91640853881836,8.97929859161377,31.9554233551025,-0.153751909732819,21.4,23.1,83.3,5.3,16.3,13.5,24
2022-03-24,7.92996978759766,8.9285945892334,31.6331233978271,0.00570373237133026,21.4,23.1,83.3,5.3,16.3,13.5,24
2022-03-25,7.85192489624023,8.82420253753662,31.4944286346436,0.0781027004122734,21.4,23.1,83.3,5.3,16.3,13.5,24
2022-03-26,8.06682586669922,8.52248096466064,31.4246158599854,-0.00982054602354765,21.4,23.1,83.3,5.3,16.3,13.5,24
2022-03-27,8.17341899871826,8.20979499816895,31.4496593475342,-0.141544789075851,21.4,23.1,83.3,5.3,16.3,13.5,24
2022-03-28,8.22130298614502,7.92608308792114,31.7593784332275,-0.214150413870811,21.4,23.1,83.3,5.3,16.3,13.5,24
2022-03-29,8.16847324371338,7.65848684310913,32.2315559387207,-0.287050127983093,21.4,23.1,83.3,5.3,16.3,13.5,24
2022-03-30,7.96434640884399,7.47530794143677,32.3414039611816,-0.297064751386642,21.4,23.1,83.3,5.3,16.3,13.5,24
2022-03-31,8.0913200378418,7.55291795730591,31.8655376434326,-0.154824733734131,21.4,23.1,83.3,5.3,16.3,13.5,24
2022-04-01,8.16110801696777,8.25301551818848,32.3971748352051,-0.192188486456871,21.4,23.1,83.3,5.3,16.3,13.5,24
2022-04-02,8.60622119903564,8.36294078826904,32.2996940612793,-0.310206085443497,21.4,23.1,83.3,5.3,16.3,13.5,24
2022-04-03,8.80079936981201,8.56796169281006,32.2010536193848,-0.154824078083038,21.4,23.1,83.3,5.3,16.3,13.5,24
2022-04-04,8.86727046966553,8.57300662994385,32.4059562683105,-0.144785776734352,21.4,23.1,83.3,5.3,16.3,13.5,24
2022-04-05,8.83248329162598,8.69886112213135,32.334903717041,-0.160053744912148,21.4,23.1,83.3,5.3,16.3,13.5,24
2022-04-06,8.88702583312988,9.01756000518799,32.1417236328125,-0.0110798450186849,21.4,23.1,83.3,5.3,16.3,13.5,24
2022-04-07,8.45441246032715,8.9132890701294,32.1874465942383,0.0708268880844116,21.4,23.1,83.3,5.3,16.3,13.5,24
2022-04-08,8.30827236175537,8.8137378692627,31.7042102813721,0.066338948905468,21.4,23.1,83.3,5.3,16.3,13.5,24
2022-04-09,8.35308361053467,9.00875568389893,31.3624095916748,-0.0122432010248303,21.4,23.1,83.3,5.3,16.3,13.5,24
2022-04-10,8.30023956298828,8.74823951721191,31.3454990386963,-0.105324156582355,21.4,23.1,83.3,5.3,16.3,13.5,24
2022-04-11,8.38788890838623,8.70824146270752,31.6317367553711,-0.204355895519257,21.4,23.1,83.3,5.3,16.3,13.5,24
2022-04-12,8.4849967956543,9.14285182952881,31.5502243041992,-0.140544310212135,21.4,23.1,83.3,5.3,16.3,13.5,24
2022-04-13,7.95520830154419,9.21591281890869,31.4667186737061,-0.176148056983948,21.4,23.1,83.3,5.3,16.3,13.5,24
2022-04-14,8.03628826141357,9.74513626098633,31.3035507202148,-0.143320396542549,21.4,23.1,83.3,5.3,16.3,13.5,24
2022-04-15,8.16486644744873,10.3564786911011,31.3968410491943,-0.195146426558495,21.4,23.1,83.3,5.3,16.3,13.5,24
2022-04-16,8.85708332061768,10.8355360031128,30.6055526733398,-0.198800042271614,21.4,23.1,83.3,5.3,16.3,13.5,24
2022-04-17,8.93847370147705,10.7928266525269,30.9145221710205,-0.182782709598541,21.4,23.1,83.3,5.3,16.3,13.5,24
2022-04-18,8.95611953735352,10.5482797622681,31.3460464477539,-0.142601475119591,21.4,23.1,83.3,5.3,16.3,13.5,24
2022-04-19,9.10107421875,9.736647605896,31.9502716064453,-0.0482277385890484,21.4,23.1,83.3,5.3,16.3,13.5,24
2022-04-20,9.35438823699951,9.60444259643555,31.06005859375,-0.374525636434555,21.4,23.1,83.3,5.3,16.3,13.5,24
2022-04-21,9.33639049530029,10.031289100647,30.9860610961914,-0.295441895723343,21.4,23.1,83.3,5.3,16.3,13.5,24
2022-04-22,8.89169025421143,10.3931760787964,30.9506168365479,-0.226291969418526,21.4,23.1,83.3,5.3,16.3,13.5,24
2022-04-23,9.03304576873779,10.7496376037598,31.0357208251953,-0.204504132270813,21.4,23.1,83.3,5.3,16.3,13.5,24
2022-04-24,8.99753952026367,10.8596086502075,31.1699161529541,-0.106939099729061,21.4,23.1,83.3,5.3,16.3,13.5,24
2022-04-25,9.29131889343262,11.3541994094849,31.3853244781494,-0.0627780705690384,21.4,23.1,83.3,5.3,16.3,13.5,24
2022-04-26,9.20600032806396,11.4468011856079,31.4135208129883,-0.0242481771856546,21.4,23.1,83.3,5.3,16.3,13.5,24
2022-04-27,9.19538307189941,11.4768552780151,31.3107814788818,-0.0847911909222603,21.4,23.1,83.3,5.3,16.3,13.5,24
2022-04-28,9.88739204406738,10.6056528091431,31.6690349578857,-0.18680377304554,21.4,23.1,83.3,5.3,16.3,13.5,24
2022-04-29,10.1760368347168,10.2911558151245,32.0126838684082,-0.142688974738121,21.4,23.1,83.3,5.3,16.3,13.5,24
2022-04-30,10.260199546814,10.585862159729,32.0091133117676,-0.0988993048667908,21.4,23.1,83.3,5.3,16.3,13.5,24
2022-05-01,10.0435724258423,10.8561372756958,31.7202701568604,-0.0632737055420876,21.4,23.1,83.3,5.3,16.3,13.5,24
2022-05-02,9.97371959686279,11.5609426498413,31.2250728607178,-0.0180153958499432,21.4,23.1,83.3,5.3,16.3,13.5,24
2022-05-03,9.85089778900146,11.9275360107422,31.3296279907227,-0.0122733078896999,21.4,23.1,83.3,5.3,16.3,13.5,24
2022-05-04,9.841064453125,11.5326833724976,31.3841114044189,-0.00253752921707928,21.4,23.1,83.3,5.3,16.3,13.5,24
2022-05-05,9.83806991577148,12.0659017562866,31.14866065979,-0.102146841585636,21.4,23.1,83.3,5.3,16.3,13.5,24
2022-05-06,9.79498195648193,12.0478715896606,31.2247982025146,-0.0480649210512638,21.4,23.1,83.3,5.3,16.3,13.5,24
2022-05-07,10.6985549926758,11.6150770187378,31.6194858551025,0.279055386781693,21.4,23.1,83.3,5.3,16.3,13.5,24
2022-05-08,11.0841455459595,11.0803146362305,32.228630065918,0.503383576869965,21.4,23.1,83.3,5.3,16.3,13.5,24
2022-05-09,10.9311838150024,10.9300918579102,32.3561325073242,0.487693667411804,21.4,23.1,83.3,5.3,16.3,13.5,24
2022-05-10,10.6439094543457,10.6369743347168,32.4587478637695,0.416757673025131,21.4,23.1,83.3,5.3,16.3,13.5,24
2022-05-11,10.3088874816895,10.3051090240479,32.5592765808105,0.262749314308167,21.4,23.1,83.3,5.3,16.3,13.5,24
2022-05-12,10.215537071228,10.2275972366333,32.660587310791,0.0868514403700829,21.4,23.1,83.3,5.3,16.3,13.5,24
2022-05-13,11.0204172134399,11.2352857589722,32.4652214050293,-0.0675831437110901,21.4,23.1,83.3,5.3,16.3,13.5,24
2022-05-14,11.146107673645,11.6539258956909,32.132999420166,-0.12047802656889,21.4,23.1,83.3,5.3,16.3,13.5,24
2022-05-15,11.2017850875854,12.2187929153442,31.5500183105469,-0.0808236077427864,21.4,23.1,83.3,5.3,16.3,13.5,24
2022-05-16,10.6129665374756,12.7965126037598,31.147008895874,-0.00215003150515258,21.4,23.1,83.3,5.3,16.3,13.5,24
2022-05-17,10.6754560470581,13.3398742675781,31.0348987579346,-0.0557811707258224,21.4,23.1,83.3,5.3,16.3,13.5,24
2022-05-18,10.8178863525391,13.8053817749023,31.0573043823242,-0.119870625436306,21.4,23.1,83.3,5.3,16.3,13.5,24
2022-05-19,10.5680894851685,13.4849624633789,31.0178813934326,-0.0599393732845783,21.4,23.1,83.3,5.3,16.3,13.5,24
2022-05-20,10.5301399230957,13.758791923523,30.9487400054932,-0.0183324683457613,21.4,23.1,83.3,5.3,16.3,13.5,24
2022-05-21,10.4663248062134,13.9298143386841,31.0418949127197,-0.021466888487339,21.4,23.1,83.3,5.3,16.3,13.5,24
2022-05-22,11.2866888046265,15.4729928970337,30.9412631988525,-0.0722312405705452,21.4,23.1,83.3,5.3,16.3,13.5,24
2022-05-23,11.4297189712524,16.5161151885986,30.6821746826172,-0.07671969383955,21.4,23.1,83.3,5.3,16.3,13.5,24
2022-05-24,11.448483467102,16.3712310791016,30.8804607391357,-0.0205056685954332,21.4,23.1,83.3,5.3,16.3,13.5,24
2022-05-25,10.9716987609863,15.1323537826538,31.4162139892578,-0.0237155724316835,21.4,23.1,83.3,5.3,16.3,13.5,24
2022-05-26,10.8262739181519,14.8887748718262,31.6581878662109,-0.0180751550942659,21.4,23.1,83.3,5.3,16.3,13.5,24
2022-05-27,10.9338884353638,15.2799062728882,31.1175746917725,-0.0183283165097237,21.4,23.1,83.3,5.3,16.3,13.5,24
2022-05-28,10.6066751480103,16.1384449005127,30.4182033538818,-0.0715340748429298,21.4,23.1,83.3,5.3,16.3,13.5,24
2022-05-29,10.6310024261475,17.0564022064209,30.3994064331055,-0.0799885764718056,21.4,23.1,83.3,5.3,16.3,13.5,24
2022-05-30,10.6719131469727,17.7192764282227,30.4233264923096,-0.0699938610196114,21.4,23.1,83.3,5.3,16.3,13.5,24
2022-05-31,10.5893611907959,18.2174701690674,30.4428634643555,-0.168210849165916,21.4,23.1,83.3,5.3,16.3,13.5,24
2022-06-01,10.5454750061035,18.8680438995361,30.4709777832031,0.00496373511850834,21.4,23.1,83.3,5.3,16.3,13.5,24
2022-06-02,10.5205059051514,19.065372467041,30.3604297637939,0.0627040192484856,21.4,23.1,83.3,5.3,16.3,13.5,24
2022-06-03,10.970850944519,19.3957557678223,29.8019180297852,0.0383968316018581,21.4,23.1,83.3,5.3,16.3,13.5,24
2022-06-04,10.9119691848755,19.6496181488037,29.6134033203125,0.0299663934856653,21.4,23.1,83.3,5.3,16.3,13.5,24
2022-06-05,10.9971227645874,19.5766162872314,30.0047435760498,0.0325323604047298,21.4,23.1,83.3,5.3,16.3,13.5,24
2022-06-06,11.5689401626587,18.3965702056885,30.9967250823975,0.010279375128448,21.4,23.1,83.3,5.3,16.3,13.5,24
2022-06-07,11.645583152771,19.1178646087646,30.7901153564453,-0.0257183145731688,21.4,23.1,83.3,5.3,16.3,13.5,24
2022-06-08,11.479962348938,19.2244052886963,30.4818058013916,0.000911383598577231,21.4,23.1,83.3,5.3,16.3,13.5,24
2022-06-09,12.5247583389282,19.9216651916504,30.8066387176514,0.0173382330685854,21.4,23.1,83.3,5.3,16.3,13.5,24
2022-06-10,12.6567726135254,20.1212368011475,30.9940624237061,-0.0563126653432846,21.4,23.1,83.3,5.3,16.3,13.5,24
2022-06-11,12.5819282531738,20.2819194793701,31.1193714141846,-0.0586781054735184,21.4,23.1,83.3,5.3,16.3,13.5,24
2022-06-12,13.2853879928589,20.7404613494873,31.2306957244873,-0.0734900161623955,21.4,23.1,83.3,5.3,16.3,13.5,24
2022-06-13,13.4182281494141,21.1370487213135,31.2954921722412,-0.0859521329402924,21.4,23.1,83.3,5.3,16.3,13.5,24
2022-06-14,13.4579963684082,21.2873363494873,31.2583389282227,-0.0678864419460297,21.4,23.1,83.3,5.3,16.3,13.5,24
2022-06-15,14.1098546981812,21.1497859954834,31.2878875732422,-0.0736953541636467,21.4,23.1,83.3,5.3,16.3,13.5,24
2022-06-16,14.0087957382202,21.2874164581299,31.1638107299805,0.0078436704352498,21.4,23.1,83.3,5.3,16.3,13.5,24
2022-06-17,13.8064155578613,21.4967212677002,30.9395523071289,0.0267343502491713,21.4,23.1,83.3,5.3,16.3,13.5,24
2022-06-18,14.9184885025024,21.6553268432617,31.4377918243408,0.0434064157307148,21.4,23.1,83.3,5.3,16.3,13.5,24
2022-06-19,15.6968450546265,20.8746204376221,31.3351955413818,0.0404987074434757,21.4,23.1,83.3,5.3,16.3,13.5,24
2022-06-20,15.9549436569214,20.4033641815186,31.5231304168701,0.0322620272636414,21.4,23.1,83.3,5.3,16.3,13.5,24
2022-06-21,15.7869424819946,19.7466316223145,31.6817646026611,-0.0780295059084892,21.4,23.1,83.3,5.3,16.3,13.5,24
2022-06-22,15.3404998779297,19.2280445098877,31.8391361236572,0.00309385336004198,21.4,23.1,83.3,5.3,16.3,13.5,24
2022-06-23,14.9707069396973,19.1823291778564,31.695556640625,0.0826094150543213,21.4,23.1,83.3,5.3,16.3,13.5,24
2022-06-24,14.6627893447876,20.0047836303711,31.886323928833,0.0573597401380539,21.4,23.1,83.3,5.3,16.3,13.5,24
2022-06-25,14.7792482376099,20.2209491729736,31.9199466705322,-0.0596088878810406,21.4,23.1,83.3,5.3,16.3,13.5,24
2022-06-26,14.5673751831055,20.5976619720459,31.873441696167,-0.0873015895485878,21.4,23.1,83.3,5.3,16.3,13.5,24
2022-06-27,14.1001081466675,21.0947246551514,31.8737773895264,-0.129811719059944,21.4,23.1,83.3,5.3,16.3,13.5,24
2022-06-28,13.9773025512695,21.5301132202148,31.8031673431396,-0.091597355902195,21.4,23.1,83.3,5.3,16.3,13.5,24
2022-06-29,13.8745603561401,21.7622203826904,31.8580226898193,-0.102795153856277,21.4,23.1,83.3,5.3,16.3,13.5,24
2022-06-30,14.4013071060181,21.9168224334717,31.9516906738281,-0.14117144048214,21.4,23.1,83.3,5.3,16.3,13.5,24
2022-07-01,14.1875810623169,22.1703186035156,31.9807567596436,-0.138676926493645,21.4,23.1,83.3,5.3,16.3,13.5,24
2022-07-02,14.1917066574097,22.1915302276611,32.0087394714355,-0.173181653022766,21.4,23.1,83.3,5.3,16.3,13.5,24
2022-07-03,15.1821165084839,21.8925247192383,32.1970558166504,-0.146750211715698,21.4,23.1,83.3,5.3,16.3,13.5,24
2022-07-04,15.0066900253296,22.3916454315186,32.1781883239746,-0.082063339650631,21.4,23.1,83.3,5.3,16.3,13.5,24
2022-07-05,15.0948476791382,22.1538181304932,32.3128051757812,-0.088455356657505,21.4,23.1,83.3,5.3,16.3,13.5,24
2022-07-06,15.5486135482788,22.1346340179443,32.4268455505371,-0.0508758872747421,21.4,23.1,83.3,5.3,16.3,13.5,24
2022-07-07,15.3127317428589,23.4294834136963,32.3012886047363,-0.00660054991021752,21.4,23.1,83.3,5.3,16.3,13.5,24
2022-07-08,15.9097280502319,22.8446197509766,32.3993949890137,0.0383529327809811,21.4,23.1,83.3,5.3,16.3,13.5,24
2022-07-09,16.8194351196289,22.789436340332,32.2949028015137,-0.0316764302551746,21.4,23.1,83.3,5.3,16.3,13.5,24
2022-07-10,16.7669506072998,22.9658069610596,32.2754364013672,-7.36738220439292e-05,21.4,23.1,83.3,5.3,16.3,13.5,24
2022-07-11,16.900691986084,23.1607532501221,32.2421684265137,-0.0191418379545212,21.4,23.1,83.3,5.3,16.3,13.5,24
2022-07-12,17.9144878387451,23.407808303833,32.2188758850098,-0.0634486153721809,21.4,23.1,83.3,5.3,16.3,13.5,24
2022-07-13,17.8564033508301,23.8858261108398,32.1963043212891,-0.0921988859772682,21.4,23.1,83.3,5.3,16.3,13.5,24
2022-07-14,17.5837879180908,24.6089839935303,32.2570533752441,-0.0473097115755081,21.4,23.1,83.3,5.3,16.3,13.5,24
2022-07-15,16.6285648345947,24.9726543426514,32.2495079040527,-0.0659990981221199,21.4,23.1,83.3,5.3,16.3,13.5,24
2022-07-16,16.7420463562012,24.7936172485352,32.2071571350098,-0.0669188275933266,21.4,23.1,83.3,5.3,16.3,13.5,24
2022-07-17,16.6452312469482,24.7917022705078,32.0386009216309,-0.0190793722867966,21.4,23.1,83.3,5.3,16.3,13.5,24
2022-07-18,18.0086212158203,24.7714996337891,32.0580024719238,-0.0503212623298168,21.4,23.1,83.3,5.3,16.3,13.5,24
2022-07-19,17.5476341247559,24.8772602081299,32.2987174987793,-0.075078122317791,21.4,23.1,83.3,5.3,16.3,13.5,24
2022-07-20,17.4411754608154,25.9038181304932,32.4270133972168,-0.056311946362257,21.4,23.1,83.3,5.3,16.3,13.5,24
2022-07-21,19.4370365142822,25.2589588165283,32.3005867004395,-0.00112543010618538,21.4,23.1,83.3,5.3,16.3,13.5,24
2022-07-22,19.2606239318848,25.0275096893311,32.3815498352051,-0.0636329874396324,21.4,23.1,83.3,5.3,16.3,13.5,24
2022-07-23,18.877046585083,25.482400894165,32.3974418640137,-0.0518249869346619,21.4,23.1,83.3,5.3,16.3,13.5,24
2022-07-24,18.8664379119873,25.0752792358398,32.6988334655762,-0.115085460245609,21.4,23.1,83.3,5.3,16.3,13.5,24
2022-07-25,18.6071529388428,23.6163940429688,32.8913612365723,-0.208687767386436,21.4,23.1,83.3,5.3,16.3,13.5,24
2022-07-26,17.9401473999023,22.6569728851318,33.086483001709,-0.194508358836174,21.4,23.1,83.3,5.3,16.3,13.5,24
2022-07-27,18.8472747802734,23.5737705230713,32.9603996276855,-0.0491133034229279,21.4,23.1,83.3,5.3,16.3,13.5,24
2022-07-28,18.881628036499,24.0850276947021,32.9114570617676,-0.0503188222646713,21.4,23.1,83.3,5.3,16.3,13.5,24
2022-07-29,18.9334983825684,24.6986484527588,32.7973594665527,-0.0640724673867226,21.4,23.1,83.3,5.3,16.3,13.5,24
2022-07-30,18.6059017181396,24.2284450531006,32.7569999694824,-0.0865269303321838,21.4,23.1,83.3,5.3,16.3,13.5,24
2022-07-31,18.7227096557617,24.4653911590576,32.6063461303711,-0.0662532821297646,21.4,23.1,83.3,5.3,16.3,13.5,24
2022-08-01,18.6565780639648,24.6797351837158,32.3414840698242,-0.00952584948390722,21.4,23.1,83.3,5.3,16.3,13.5,24
2022-08-02,18.4654941558838,25.2224597930908,31.9254913330078,0.0244197398424149,21.4,23.1,83.3,5.3,16.3,13.5,24
2022-08-03,18.5653591156006,25.5904941558838,31.6709232330322,-0.00982867926359177,21.4,23.1,83.3,5.3,16.3,13.5,24
2022-08-04,18.5835132598877,25.7970066070557,31.6288661956787,-0.0263888891786337,21.4,23.1,83.3,5.3,16.3,13.5,24
2022-08-05,18.9329319000244,25.6534519195557,31.8653793334961,-0.0973347052931786,21.4,23.1,83.3,5.3,16.3,13.5,24
2022-08-06,18.7304592132568,25.7232112884521,32.0641746520996,-0.156517818570137,21.4,23.1,83.3,5.3,16.3,13.5,24
2022-08-07,18.4630870819092,25.8114757537842,32.1997985839844,-0.181864157319069,21.4,23.1,83.3,5.3,16.3,13.5,24
2022-08-08,20.6457538604736,24.9910106658936,32.6338958740234,-0.23093156516552,21.4,23.1,83.3,5.3,16.3,13.5,24
2022-08-09,20.3692836761475,24.9589977264404,33.0610313415527,-0.204303100705147,21.4,23.1,83.3,5.3,16.3,13.5,24
2022-08-10,19.7636775970459,25.3257846832275,33.209228515625,-0.157851159572601,21.4,23.1,83.3,5.3,16.3,13.5,24
2022-08-11,19.2150802612305,24.3529586791992,33.0509796142578,-0.0778690353035927,21.4,23.1,83.3,5.3,16.3,13.5,24
2022-08-12,19.1676769256592,23.6575450897217,32.7383689880371,-0.0422396808862686,21.4,23.1,83.3,5.3,16.3,13.5,24
2022-08-13,19.1166019439697,23.1439533233643,32.85302734375,0.0042995517142117,21.4,23.1,83.3,5.3,16.3,13.5,24
2022-08-14,18.9984111785889,23.8163909912109,33.0323677062988,-0.0574578605592251,21.4,23.1,83.3,5.3,16.3,13.5,24
2022-08-15,19.0600605010986,23.7134094238281,33.0695381164551,-0.00430105766281486,21.4,23.1,83.3,5.3,16.3,13.5,24
2022-08-16,19.0935192108154,23.7502422332764,33.0943565368652,0.106866143643856,21.4,23.1,83.3,5.3,16.3,13.5,24
2022-08-17,18.9521484375,23.5263671875,32.7510795593262,0.139616325497627,21.4,23.1,83.3,5.3,16.3,13.5,24
2022-08-18,18.8821353912354,23.5981159210205,32.6767082214355,0.0847462192177773,21.4,23.1,83.3,5.3,16.3,13.5,24
2022-08-19,18.596284866333,23.6152744293213,32.6417999267578,-0.0784401819109917,21.4,23.1,83.3,5.3,16.3,13.5,24
2022-08-20,18.0754699707031,23.942626953125,32.7256469726562,-0.0563176162540913,21.4,23.1,83.3,5.3,16.3,13.5,24
2022-08-21,17.6612949371338,24.2113666534424,32.7533226013184,-0.00718215107917786,21.4,23.1,83.3,5.3,16.3,13.5,24
2022-08-22,17.7262916564941,24.152702331543,32.748722076416,0.0266546551138163,21.4,23.1,83.3,5.3,16.3,13.5,24
2022-08-23,16.8158397674561,24.5779323577881,32.7513847351074,-0.00966366101056337,21.4,23.1,83.3,5.3,16.3,13.5,24
2022-08-24,16.7053356170654,24.7222843170166,32.7556762695312,-0.0622913055121899,21.4,23.1,83.3,5.3,16.3,13.5,24
2022-08-25,16.7223663330078,24.7295837402344,32.749813079834,-0.0855002999305725,21.4,23.1,83.3,5.3,16.3,13.5,24
2022-08-26,18.145414352417,24.8072834014893,32.7074737548828,-0.0702317580580711,21.4,23.1,83.3,5.3,16.3,13.5,24
2022-08-27,17.7041091918945,25.2550067901611,32.7441596984863,-0.0535936057567596,21.4,23.1,83.3,5.3,16.3,13.5,24
2022-08-28,17.5667972564697,25.7642211914062,32.8093376159668,-0.0460293106734753,21.4,23.1,83.3,5.3,16.3,13.5,24
2022-08-29,18.473934173584,26.0246028900146,32.6879959106445,0.00365893333218992,21.4,23.1,83.3,5.3,16.3,13.5,24
2022-08-30,18.5847396850586,26.0477294921875,32.6738243103027,-0.0081345159560442,21.4,23.1,83.3,5.3,16.3,13.5,24
2022-08-31,18.2424354553223,25.6824970245361,32.6806678771973,0.0133681381121278,21.4,23.1,83.3,5.3,16.3,13.5,24
2022-09-01,17.230504989624,25.1320877075195,32.7428779602051,-0.00787584111094475,21.4,23.1,83.3,5.3,16.3,13.5,24
2022-09-02,17.2668495178223,25.0316982269287,32.7702980041504,-0.0323347710072994,21.4,23.1,83.3,5.3,16.3,13.5,24
2022-09-03,18.3393154144287,24.8767070770264,32.7493438720703,-0.0484233200550079,21.4,23.1,83.3,5.3,16.3,13.5,24
2022-09-04,19.1591663360596,25.5733242034912,32.8947410583496,-0.0673827975988388,21.4,23.1,83.3,5.3,16.3,13.5,24
2022-09-05,18.6448135375977,25.5634479522705,32.9259986877441,-0.0517341494560242,21.4,23.1,83.3,5.3,16.3,13.5,24
2022-09-06,17.9866695404053,25.52490234375,32.8985557556152,0.048103928565979,21.4,23.1,83.3,5.3,16.3,13.5,24
2022-09-07,19.0276393890381,24.2927913665771,32.9839668273926,0.171884760260582,21.4,23.1,83.3,5.3,16.3,13.5,24
2022-09-08,22.6167449951172,24.2570896148682,32.9404411315918,0.244511529803276,21.4,23.1,83.3,5.3,16.3,13.5,24
2022-09-09,24.3178310394287,24.0580062866211,32.905460357666,0.18912661075592,21.4,23.1,83.3,5.3,16.3,13.5,24
2022-09-10,24.0111408233643,23.9659748077393,32.8531761169434,0.0188892502337694,21.4,23.1,83.3,5.3,16.3,13.5,24
2022-09-11,23.9283657073975,23.8959503173828,32.8748092651367,0.033715233206749,21.4,23.1,83.3,5.3,16.3,13.5,24
2022-09-12,23.7996768951416,23.9348545074463,32.8592185974121,0.104718901216984,21.4,23.1,83.3,5.3,16.3,13.5,24
2022-09-13,24.0681533813477,24.3614883422852,32.6991157531738,0.132216677069664,21.4,23.1,83.3,5.3,16.3,13.5,24
2022-09-14,23.7987651824951,24.3259658813477,32.698902130127,0.121846139431,21.4,23.1,83.3,5.3,16.3,13.5,24
2022-09-15,23.6513500213623,24.2317447662354,32.7292404174805,0.0620967634022236,21.4,23.1,83.3,5.3,16.3,13.5,24
2022-09-16,22.6328601837158,23.8580799102783,32.7471237182617,-0.0212887804955244,21.4,23.1,83.3,5.3,16.3,13.5,24
2022-09-17,22.488395690918,23.8721179962158,32.7362594604492,-0.0612884312868118,21.4,23.1,83.3,5.3,16.3,13.5,24
2022-09-18,22.1381282806396,23.8564472198486,32.737377166748,-0.0606178604066372,21.4,23.1,83.3,5.3,16.3,13.5,24
2022-09-19,21.9660739898682,23.9583511352539,32.8391532897949,-0.0959876254200935,21.4,23.1,83.3,5.3,16.3,13.5,24
2022-09-20,20.7464561462402,24.1166515350342,32.8727989196777,0.0335806049406528,21.4,23.1,83.3,5.3,16.3,13.5,24
2022-09-21,20.8259658813477,24.1873760223389,32.8792266845703,0.048228845000267,21.4,23.1,83.3,5.3,16.3,13.5,24
2022-09-22,21.885892868042,24.3489398956299,32.7611846923828,0.0810785591602325,21.4,23.1,83.3,5.3,16.3,13.5,24
2022-09-23,22.4201431274414,23.727560043335,32.7913475036621,0.0806120559573174,21.4,23.1,83.3,5.3,16.3,13.5,24
2022-09-24,22.8037128448486,22.754768371582,32.8067893981934,0.0422602780163288,21.4,23.1,83.3,5.3,16.3,13.5,24
2022-09-25,21.9059085845947,22.1615962982178,32.5373611450195,-0.102097742259502,21.4,23.1,83.3,5.3,16.3,13.5,24
2022-09-26,21.4142780303955,22.337682723999,32.6352233886719,0.00081799179315567,21.4,23.1,83.3,5.3,16.3,13.5,24
2022-09-27,19.9430694580078,22.2775096893311,32.6948432922363,0.00667528295889497,21.4,23.1,83.3,5.3,16.3,13.5,24
2022-09-28,19.6834945678711,22.0272750854492,32.6047210693359,-0.0490006804466248,21.4,23.1,83.3,5.3,16.3,13.5,24
2022-09-29,20.5479869842529,21.671293258667,32.6063537597656,-0.0167377050966024,21.4,23.1,83.3,5.3,16.3,13.5,24
2022-09-30,21.0211410522461,20.9753761291504,32.5356330871582,0.134426578879356,21.4,23.1,83.3,5.3,16.3,13.5,24
2022-10-01,20.4417190551758,20.5426044464111,32.3517799377441,0.306773692369461,21.4,23.1,83.3,5.3,16.3,13.5,24
2022-10-02,20.6573886871338,20.6482486724854,32.2266044616699,0.358297020196915,21.4,23.1,83.3,5.3,16.3,13.5,24
2022-10-03,20.3766765594482,20.364143371582,32.2769889831543,0.705803334712982,21.4,23.1,83.3,5.3,16.3,13.5,24
2022-10-04,19.5572872161865,19.5289535522461,32.4053230285645,0.498061299324036,21.4,23.1,83.3,5.3,16.3,13.5,24
2022-10-05,18.8165493011475,18.8002223968506,32.4915733337402,0.254348188638687,21.4,23.1,83.3,5.3,16.3,13.5,24
2022-10-06,18.528657913208,18.6037292480469,32.5018539428711,0.092115968465805,21.4,23.1,83.3,5.3,16.3,13.5,24
2022-10-07,18.4567718505859,18.7542629241943,32.4226531982422,-0.00596778327599168,21.4,23.1,83.3,5.3,16.3,13.5,24
2022-10-08,18.5108776092529,18.6676578521729,32.4591903686523,0.0052406950853765,21.4,23.1,83.3,5.3,16.3,13.5,24
2022-10-09,18.3884792327881,18.3402690887451,32.5774345397949,-0.0475868843495846,21.4,23.1,83.3,5.3,16.3,13.5,24
2022-10-10,17.795690536499,18.1439418792725,32.5610847473145,-0.0799451991915703,21.4,23.1,83.3,5.3,16.3,13.5,24
2022-10-11,17.8364295959473,18.0576114654541,32.4731597900391,-0.113029927015305,21.4,23.1,83.3,5.3,16.3,13.5,24
2022-10-12,17.8412532806396,18.0071430206299,32.421703338623,-0.0664006173610687,21.4,23.1,83.3,5.3,16.3,13.5,24
2022-10-13,17.6992721557617,18.0632228851318,32.3356094360352,0.0479567684233189,21.4,23.1,83.3,5.3,16.3,13.5,24
2022-10-14,17.6832408905029,18.0040874481201,32.3960990905762,0.119095705449581,21.4,23.1,83.3,5.3,16.3,13.5,24
2022-10-15,17.7245769500732,17.9524898529053,32.4911918640137,0.00637533888220787,21.4,23.1,83.3,5.3,16.3,13.5,24
2022-10-16,17.6972408294678,17.7862319946289,32.475040435791,0.0321723259985447,21.4,23.1,83.3,5.3,16.3,13.5,24
2022-10-17,17.7047309875488,17.8904151916504,32.4105262756348,0.0913299694657326,21.4,23.1,83.3,5.3,16.3,13.5,24
2022-10-18,17.8499717712402,17.8022804260254,32.4501800537109,0.110210180282593,21.4,23.1,83.3,5.3,16.3,13.5,24
2022-10-19,17.9849491119385,17.5335998535156,32.7012557983398,-0.0224791821092367,21.4,23.1,83.3,5.3,16.3,13.5,24
2022-10-20,17.8841152191162,17.2828578948975,32.7595520019531,-0.0822958871722221,21.4,23.1,83.3,5.3,16.3,13.5,24
2022-10-21,17.7661209106445,17.4878978729248,32.7395095825195,-0.13576452434063,21.4,23.1,83.3,5.3,16.3,13.5,24
2022-10-22,17.5766258239746,17.5292835235596,32.8457183837891,-0.0650577917695045,21.4,23.1,83.3,5.3,16.3,13.5,24
2022-10-23,17.5575523376465,17.374137878418,32.9231567382812,0.0172864403575659,21.4,23.1,83.3,5.3,16.3,13.5,24
2022-10-24,17.2656726837158,17.20969581604,32.9129486083984,0.0899612680077553,21.4,23.1,83.3,5.3,16.3,13.5,24
2022-10-25,17.0085716247559,17.1441402435303,32.7140655517578,-0.00653163576498628,21.4,23.1,83.3,5.3,16.3,13.5,24
2022-10-26,16.9854640960693,17.2198448181152,32.6529159545898,0.0154087692499161,21.4,23.1,83.3,5.3,16.3,13.5,24
2022-10-27,16.9939136505127,17.030029296875,32.5573997497559,-0.0249387994408607,21.4,23.1,83.3,5.3,16.3,13.5,24
2022-10-28,17.0077953338623,16.988317489624,32.7609596252441,0.0563396364450455,21.4,23.1,83.3,5.3,16.3,13.5,24
2022-10-29,16.8819828033447,16.8677082061768,32.8111686706543,0.129832103848457,21.4,23.1,83.3,5.3,16.3,13.5,24
2022-10-30,16.7294139862061,16.7296695709229,32.7612457275391,0.0258599892258644,21.4,23.1,83.3,5.3,16.3,13.5,24
2022-10-31,16.9799499511719,16.963451385498,32.7776527404785,0.049839437007904,21.4,23.1,83.3,5.3,16.3,13.5,24
2022-11-01,17.0156116485596,16.9392681121826,32.5697059631348,0.0563177615404129,21.4,23.1,83.3,5.3,16.3,13.5,24
2022-11-02,17.0685062408447,16.888463973999,32.5147972106934,-0.0132973911240697,21.4,23.1,83.3,5.3,16.3,13.5,24
2022-11-03,16.9538440704346,16.9610729217529,32.8435668945312,0.0465852655470371,21.4,23.1,83.3,5.3,16.3,13.5,24
2022-11-04,16.9953670501709,17.0085697174072,32.8705253601074,-0.0320785939693451,21.4,23.1,83.3,5.3,16.3,13.5,24
2022-11-05,17.0145721435547,16.9891223907471,32.630184173584,-0.0953015312552452,21.4,23.1,83.3,5.3,16.3,13.5,24
2022-11-06,17.46315574646,17.3385257720947,32.4270095825195,-0.0732039287686348,21.4,23.1,83.3,5.3,16.3,13.5,24
2022-11-07,17.5369548797607,17.5965385437012,32.3871383666992,-0.114747583866119,21.4,23.1,83.3,5.3,16.3,13.5,24
2022-11-08,17.498010635376,17.454137802124,32.6567993164062,-0.109400302171707,21.4,23.1,83.3,5.3,16.3,13.5,24
2022-11-09,17.0007839202881,16.9908103942871,33.064582824707,-0.00393912708386779,21.4,23.1,83.3,5.3,16.3,13.5,24
2022-11-10,16.77099609375,16.8381443023682,32.9653968811035,-0.0109592536464334,21.4,23.1,83.3,5.3,16.3,13.5,24
2022-11-11,16.7532348632812,16.9168643951416,32.9215278625488,-0.0474135242402554,21.4,23.1,83.3,5.3,16.3,13.5,24
2022-11-12,16.9429874420166,16.9931926727295,32.8242530822754,0.0140231614932418,21.4,23.1,83.3,5.3,16.3,13.5,24
2022-11-13,17.0210418701172,16.9515514373779,32.8635597229004,-0.0741977617144585,21.4,23.1,83.3,5.3,16.3,13.5,24
2022-11-14,16.5770702362061,16.5280246734619,32.9493141174316,-0.166566461324692,21.4,23.1,83.3,5.3,16.3,13.5,24
2022-11-15,16.4065990447998,16.3756427764893,33.0461540222168,-0.138571560382843,21.4,23.1,83.3,5.3,16.3,13.5,24
2022-11-16,16.3166103363037,16.2728404998779,32.9914207458496,0.0403492897748947,21.4,23.1,83.3,5.3,16.3,13.5,24
2022-11-17,15.9295072555542,15.8770866394043,32.9337882995605,-0.134038671851158,21.4,23.1,83.3,5.3,16.3,13.5,24
2022-11-18,15.2300062179565,15.1584615707397,32.9517288208008,-0.262910276651382,21.4,23.1,83.3,5.3,16.3,13.5,24
2022-11-19,14.9142560958862,14.83726978302,32.9985084533691,-0.229489997029305,21.4,23.1,83.3,5.3,16.3,13.5,24
2022-11-20,14.6722259521484,14.6179132461548,33.1033821105957,-0.238677754998207,21.4,23.1,83.3,5.3,16.3,13.5,24
2022-11-21,14.1963844299316,14.1406736373901,33.1478614807129,-0.344942212104797,21.4,23.1,83.3,5.3,16.3,13.5,24
2022-11-22,14.0191030502319,13.9919004440308,33.2263717651367,-0.398393273353577,21.4,23.1,83.3,5.3,16.3,13.5,24
2022-11-23,14.0186624526978,13.9835214614868,33.2793312072754,-0.283740401268005,21.4,23.1,83.3,5.3,16.3,13.5,24
2022-11-24,13.9389162063599,13.9457550048828,33.2089691162109,-0.147717520594597,21.4,23.1,83.3,5.3,16.3,13.5,24
2022-11-25,13.8051462173462,13.7485437393188,33.1588287353516,-0.0687306895852089,21.4,23.1,83.3,5.3,16.3,13.5,24
2022-11-26,13.5237894058228,13.4834976196289,33.1420631408691,-0.147863417863846,21.4,23.1,83.3,5.3,16.3,13.5,24
2022-11-27,13.3248147964478,13.3012275695801,33.1097526550293,-0.10622326284647,21.4,23.1,83.3,5.3,16.3,13.5,24
2022-11-28,13.5411863327026,13.4959135055542,33.1542167663574,-0.0549164861440659,21.4,23.1,83.3,5.3,16.3,13.5,24
2022-11-29,13.4578428268433,13.4360780715942,33.1986083984375,-0.0832948014140129,21.4,23.1,83.3,5.3,16.3,13.5,24
2022-11-30,13.1990365982056,13.1863622665405,33.1818733215332,0.0739321634173393,21.4,23.1,83.3,5.3,16.3,13.5,24
2022-12-01,12.9374055862427,12.8835258483887,33.1558837890625,-0.209650501608849,21.4,23.1,83.3,5.3,16.3,13.5,24
2022-12-02,12.5083475112915,12.4673843383789,33.1770629882812,-0.261339396238327,21.4,23.1,83.3,5.3,16.3,13.5,24
2022-12-03,12.4448575973511,12.4049577713013,33.2280387878418,-0.221985414624214,21.4,23.1,83.3,5.3,16.3,13.5,24
2022-12-04,12.6932668685913,12.6432085037231,33.2961311340332,-0.263117790222168,21.4,23.1,83.3,5.3,16.3,13.5,24
2022-12-05,12.4850206375122,12.4568710327148,33.3272285461426,-0.138330772519112,21.4,23.1,83.3,5.3,16.3,13.5,24
2022-12-06,12.2988777160645,12.2740659713745,33.1828231811523,-0.096802331507206,21.4,23.1,83.3,5.3,16.3,13.5,24
2022-12-07,12.4042434692383,12.2299642562866,33.119686126709,-0.00899762287735939,21.4,23.1,83.3,5.3,16.3,13.5,24
2022-12-08,12.5249357223511,12.1306276321411,33.0793342590332,-0.0963963493704796,21.4,23.1,83.3,5.3,16.3,13.5,24
2022-12-09,12.3464660644531,12.2294111251831,33.1832160949707,0.00273533328436315,21.4,23.1,83.3,5.3,16.3,13.5,24
2022-12-10,12.3435792922974,12.3185110092163,33.2722206115723,0.120645828545094,21.4,23.1,83.3,5.3,16.3,13.5,24
2022-12-11,12.1709566116333,12.1650123596191,33.197509765625,0.25828891992569,21.4,23.1,83.3,5.3,16.3,13.5,24
2022-12-12,11.7460565567017,11.6805877685547,33.0701789855957,0.170341730117798,21.4,23.1,83.3,5.3,16.3,13.5,24
2022-12-13,11.5502777099609,11.5074625015259,33.1220664978027,0.128881201148033,21.4,23.1,83.3,5.3,16.3,13.5,24
2022-12-14,11.1824417114258,11.1241903305054,33.0782737731934,0.005190075840801,21.4,23.1,83.3,5.3,16.3,13.5,24
2022-12-15,11.0811567306519,11.0630464553833,33.0650444030762,0.144660219550133,21.4,23.1,83.3,5.3,16.3,13.5,24
2022-12-16,11.0995016098022,11.0447092056274,32.8960762023926,0.446312457323074,21.4,23.1,83.3,5.3,16.3,13.5,24
2022-12-17,10.9160270690918,10.0107088088989,32.077278137207,0.139500334858894,21.4,23.1,83.3,5.3,16.3,13.5,24
2022-12-18,10.8493270874023,9.82544422149658,31.8206653594971,0.00237596104852855,21.4,23.1,83.3,5.3,16.3,13.5,24
2022-12-19,11.0437021255493,10.133692741394,32.4558067321777,-0.0587562173604965,21.4,23.1,83.3,5.3,16.3,13.5,24
2022-12-20,11.037052154541,9.80981349945068,32.4387092590332,-0.182446733117104,21.4,23.1,83.3,5.3,16.3,13.5,24
2022-12-21,10.5324354171753,9.84963321685791,32.666576385498,-0.107664726674557,21.4,23.1,83.3,5.3,16.3,13.5,24
2022-12-22,10.411021232605,10.2708492279053,33.016773223877,-0.00263197720050812,21.4,23.1,83.3,5.3,16.3,13.5,24
2022-12-23,10.0779485702515,10.0494108200073,32.7828025817871,0.0864082649350166,21.4,23.1,83.3,5.3,16.3,13.5,24
2022-12-24,8.9040002822876,8.83278560638428,32.6233253479004,-0.477436900138855,21.4,23.1,83.3,5.3,16.3,13.5,24
2022-12-25,8.65952968597412,8.60594844818115,32.9813652038574,-0.457919478416443,21.4,23.1,83.3,5.3,16.3,13.5,24
2022-12-26,8.32422828674316,8.26613330841064,32.9937210083008,-0.375129193067551,21.4,23.1,83.3,5.3,16.3,13.5,24
2022-12-27,8.25105571746826,8.13754844665527,33.0250358581543,-0.274525016546249,21.4,23.1,83.3,5.3,16.3,13.5,24
2022-12-28,8.07633113861084,7.93660688400269,32.9837417602539,-0.26531770825386,21.4,23.1,83.3,5.3,16.3,13.5,24
2022-12-29,8.03886413574219,7.76491928100586,32.935977935791,-0.259587109088898,21.4,23.1,83.3,5.3,16.3,13.5,24
2022-12-30,8.28379535675049,7.65278959274292,32.540340423584,-0.24691142141819,21.4,23.1,83.3,5.3,16.3,13.5,24
2022-12-31,8.55804538726807,7.75841474533081,32.5491409301758,-0.0817095637321472,21.4,23.1,83.3,5.3,16.3,13.5,24
2023-01-01,8.69077205657959,7.87723207473755,32.2962265014648,-0.118326663970947,21.4,23.1,83.3,5.3,16.3,13.5,24
2023-01-02,8.12861919403076,7.61021375656128,32.2641563415527,-0.218458965420723,21.4,23.1,83.3,5.3,16.3,13.5,24
2023-01-03,8.51712703704834,7.58530044555664,32.3072891235352,-0.146031454205513,21.4,23.1,83.3,5.3,16.3,13.5,24
2023-01-04,9.26731395721436,7.58739328384399,32.4161186218262,-0.192940637469292,21.4,23.1,83.3,5.3,16.3,13.5,24
2023-01-05,9.26425457000732,8.00171089172363,32.382266998291,-0.0842246413230896,21.4,23.1,83.3,5.3,16.3,13.5,24
2023-01-06,9.6210298538208,8.12119770050049,32.1116065979004,-0.0105040110647678,21.4,23.1,83.3,5.3,16.3,13.5,24
2023-01-07,9.4752836227417,7.68290138244629,31.4250011444092,-0.0932178571820259,21.4,23.1,83.3,5.3,16.3,13.5,24
2023-01-08,9.48503971099854,8.22167778015137,31.4455947875977,-0.0990659222006798,21.4,23.1,83.3,5.3,16.3,13.5,24
2023-01-09,9.62454700469971,8.29368782043457,31.61083984375,-0.0321684144437313,21.4,23.1,83.3,5.3,16.3,13.5,24
2023-01-10,9.58902645111084,8.14860248565674,31.7024631500244,-0.118759900331497,21.4,23.1,83.3,5.3,16.3,13.5,24
2023-01-11,9.30050277709961,8.04039478302002,31.9746227264404,-0.0480681248009205,21.4,23.1,83.3,5.3,16.3,13.5,24
2023-01-12,9.46347904205322,8.29656887054443,32.0228424072266,0.0240827947854996,21.4,23.1,83.3,5.3,16.3,13.5,24
2023-01-13,9.94657611846924,8.13703536987305,31.8928661346436,0.0445939190685749,21.4,23.1,83.3,5.3,16.3,13.5,24
2023-01-14,9.70570659637451,8.11731719970703,31.8002681732178,0.0204605683684349,21.4,23.1,83.3,5.3,16.3,13.5,24
2023-01-15,9.16634464263916,8.20383548736572,32.0156936645508,0.105877779424191,21.4,23.1,83.3,5.3,16.3,13.5,24
2023-01-16,8.55433559417725,8.41258430480957,32.5973968505859,0.214491054415703,21.4,23.1,83.3,5.3,16.3,13.5,24
2023-01-17,8.44914150238037,8.199387550354,32.5500946044922,0.0332455523312092,21.4,23.1,83.3,5.3,16.3,13.5,24
2023-01-18,8.42446136474609,7.11562728881836,31.5119876861572,-0.160529389977455,21.4,23.1,83.3,5.3,16.3,13.5,24
2023-01-19,8.50713634490967,7.38721132278442,31.6722354888916,-0.139435008168221,21.4,23.1,83.3,5.3,16.3,13.5,24
2023-01-20,8.25380516052246,7.6483359336853,31.3507022857666,-0.115668334066868,21.4,23.1,83.3,5.3,16.3,13.5,24
2023-01-21,8.23463344573975,7.6424126625061,31.1929950714111,-0.254373669624329,21.4,23.1,83.3,5.3,16.3,13.5,24
2023-01-22,8.3112325668335,7.5632495880127,31.5266571044922,-0.113948844373226,21.4,23.1,83.3,5.3,16.3,13.5,24
2023-01-23,8.33602619171143,7.61431884765625,31.30784034729,-0.0485796369612217,21.4,23.1,83.3,5.3,16.3,13.5,24
2023-01-24,8.48547077178955,7.30327272415161,31.3353576660156,-0.336394399404526,21.4,23.1,83.3,5.3,16.3,13.5,24
2023-01-25,8.57076168060303,7.19774675369263,31.3618621826172,-0.167226850986481,21.4,23.1,83.3,5.3,16.3,13.5,24
2023-01-26,8.25389766693115,7.61182737350464,32.0541114807129,-0.0294698532670736,21.4,23.1,83.3,5.3,16.3,13.5,24
2023-01-27,8.36151123046875,7.38458967208862,32.1214141845703,-0.297441631555557,21.4,23.1,83.3,5.3,16.3,13.5,24
2023-01-28,8.42957973480225,7.25535726547241,32.1176528930664,-0.24906413257122,21.4,23.1,83.3,5.3,16.3,13.5,24
2023-01-29,8.86698913574219,7.46434211730957,32.4482688903809,-0.254880964756012,21.4,23.1,83.3,5.3,16.3,13.5,24
2023-01-30,8.89589691162109,7.56608772277832,32.4065322875977,-0.234132036566734,21.4,23.1,83.3,5.3,16.3,13.5,24
2023-01-31,8.92131328582764,7.54826211929321,32.2824745178223,-0.179087281227112,21.4,23.1,83.3,5.3,16.3,13.5,24
2023-02-01,8.55177974700928,7.72118139266968,32.6109275817871,-0.103306949138641,21.4,23.1,83.3,5.3,16.3,13.5,24
2023-02-02,8.41795635223389,7.69368696212769,32.7484970092773,-0.119992934167385,21.4,23.1,83.3,5.3,16.3,13.5,24
2023-02-03,8.32227802276611,7.54215288162231,32.6699638366699,-0.231555208563805,21.4,23.1,83.3,5.3,16.3,13.5,24
2023-02-04,6.8722653388977,6.6268744468689,32.3629455566406,-0.532692492008209,21.4,23.1,83.3,5.3,16.3,13.5,24
2023-02-05,6.82039070129395,6.31820726394653,32.3775024414062,-0.498079538345337,21.4,23.1,83.3,5.3,16.3,13.5,24
2023-02-06,7.1324257850647,7.03420972824097,32.5961418151855,-0.247560754418373,21.4,23.1,83.3,5.3,16.3,13.5,24
2023-02-07,6.70967149734497,6.53149747848511,32.0595664978027,-0.14529937505722,21.4,23.1,83.3,5.3,16.3,13.5,24
2023-02-08,6.8763313293457,6.55064153671265,31.6850814819336,-0.0656554698944092,21.4,23.1,83.3,5.3,16.3,13.5,24
2023-02-09,6.9048924446106,6.80452680587769,31.5824584960938,-0.176049590110779,21.4,23.1,83.3,5.3,16.3,13.5,24
2023-02-10,6.62400674819946,6.39611673355103,31.5431308746338,-0.130529657006264,21.4,23.1,83.3,5.3,16.3,13.5,24
2023-02-11,6.71783781051636,6.52665710449219,31.6771183013916,-0.230401262640953,21.4,23.1,83.3,5.3,16.3,13.5,24
2023-02-12,6.67250299453735,6.59928941726685,31.7923145294189,-0.118256509304047,21.4,23.1,83.3,5.3,16.3,13.5,24
2023-02-13,7.38105058670044,7.43476247787476,32.2093620300293,0.183991119265556,21.4,23.1,83.3,5.3,16.3,13.5,24
2023-02-14,7.45431661605835,7.26404428482056,32.0751609802246,-0.0524216182529926,21.4,23.1,83.3,5.3,16.3,13.5,24
2023-02-15,7.49103784561157,7.33322668075562,31.9148387908936,-0.108793817460537,21.4,23.1,83.3,5.3,16.3,13.5,24
2023-02-16,7.39574384689331,7.57075881958008,31.5656490325928,-0.187577292323112,21.4,23.1,83.3,5.3,16.3,13.5,24
2023-02-17,7.60734939575195,7.75235605239868,31.6351547241211,-0.134619429707527,21.4,23.1,83.3,5.3,16.3,13.5,24
2023-02-18,7.69922208786011,7.53609275817871,31.9786701202393,-0.239913761615753,21.4,23.1,83.3,5.3,16.3,13.5,24
2023-02-19,7.49377679824829,7.17376279830933,31.9781436920166,-0.286265015602112,21.4,23.1,83.3,5.3,16.3,13.5,24
2023-02-20,7.66393423080444,7.34681844711304,31.9470596313477,-0.170856639742851,21.4,23.1,83.3,5.3,16.3,13.5,24
2023-02-21,7.75041341781616,7.68973112106323,32.0933647155762,-0.0838848650455475,21.4,23.1,83.3,5.3,16.3,13.5,24
2023-02-22,8.08556175231934,7.65492677688599,32.0856437683105,-0.101344831287861,21.4,23.1,83.3,5.3,16.3,13.5,24
2023-02-23,8.06603240966797,7.9002890586853,32.0639610290527,-0.0332037545740604,21.4,23.1,83.3,5.3,16.3,13.5,24
2023-02-24,7.9892692565918,8.08695888519287,31.9787082672119,-0.121861733496189,21.4,23.1,83.3,5.3,16.3,13.5,24
2023-02-25,7.79346704483032,7.49146795272827,31.9973621368408,-0.143653646111488,21.4,23.1,83.3,5.3,16.3,13.5,24
2023-02-26,7.4912600517273,7.51378059387207,32.0853080749512,-0.0603413246572018,21.4,23.1,83.3,5.3,16.3,13.5,24
2023-02-27,7.54908990859985,7.53078508377075,31.8954792022705,-0.0775700658559799,21.4,23.1,83.3,5.3,16.3,13.5,24
2023-02-28,7.51699256896973,7.60191297531128,31.8836154937744,0.245839044451714,21.4,23.1,83.3,5.3,16.3,13.5,24
2023-03-01,7.44923210144043,7.51838874816895,31.8367309570312,0.072987824678421,21.4,23.1,83.3,5.3,16.3,13.5,24
2023-03-02,7.47629880905151,7.57120847702026,31.7606601715088,0.0906163677573204,21.4,23.1,83.3,5.3,16.3,13.5,24
2023-03-03,7.80322456359863,7.5756344795227,31.665979385376,-0.00952372048050165,21.4,23.1,83.3,5.3,16.3,13.5,24
2023-03-04,7.7071213722229,7.73818445205688,31.8004703521729,0.161600828170776,21.4,23.1,83.3,5.3,16.3,13.5,24
2023-03-05,7.72182655334473,7.78710317611694,31.7887496948242,0.0800423845648766,21.4,23.1,83.3,5.3,16.3,13.5,24
2023-03-06,7.66628694534302,7.78551149368286,31.6759166717529,-0.0474145598709583,21.4,23.1,83.3,5.3,16.3,13.5,24
2023-03-07,7.76628494262695,7.9237961769104,31.473539352417,-0.0148297958076,21.4,23.1,83.3,5.3,16.3,13.5,24
2023-03-08,7.58801317214966,7.57186555862427,31.9181652069092,0.0899552404880524,21.4,23.1,83.3,5.3,16.3,13.5,24
2023-03-09,7.30939483642578,7.33734846115112,31.9904804229736,0.103408493101597,21.4,23.1,83.3,5.3,16.3,13.5,24
2023-03-10,7.27373504638672,7.29442644119263,31.8643741607666,0.133973091840744,21.4,23.1,83.3,5.3,16.3,13.5,24
2023-03-11,7.27846384048462,7.3290753364563,31.3509082794189,0.213885620236397,21.4,23.1,83.3,5.3,16.3,13.5,24
2023-03-12,7.28620910644531,7.24900960922241,31.7585220336914,0.285131633281708,21.4,23.1,83.3,5.3,16.3,13.5,24
2023-03-13,7.24261522293091,7.23350381851196,31.721471786499,0.32514676451683,21.4,23.1,83.3,5.3,16.3,13.5,24
2023-03-14,7.14791679382324,7.11473226547241,31.7033786773682,0.0908113121986389,21.4,23.1,83.3,5.3,16.3,13.5,24
2023-03-15,6.88784265518188,6.85192680358887,31.4324626922607,-0.251342087984085,21.4,23.1,83.3,5.3,16.3,13.5,24
2023-03-16,6.89419364929199,6.91574668884277,31.6372509002686,-0.0642184093594551,21.4,23.1,83.3,5.3,16.3,13.5,24
2023-03-17,7.01816415786743,6.9833722114563,31.241189956665,-0.0101967817172408,21.4,23.1,83.3,5.3,16.3,13.5,24
2023-03-18,7.18455648422241,7.02417182922363,31.0903491973877,-0.0143335545435548,21.4,23.1,83.3,5.3,16.3,13.5,24
2023-03-19,7.17276573181152,6.93515157699585,31.4035320281982,-0.0894927978515625,21.4,23.1,83.3,5.3,16.3,13.5,24
2023-03-20,7.24476671218872,6.91380500793457,31.5798320770264,-0.238344505429268,21.4,23.1,83.3,5.3,16.3,13.5,24
2023-03-21,7.1205883026123,6.95623207092285,31.3820419311523,-0.32699778676033,21.4,23.1,83.3,5.3,16.3,13.5,24
2023-03-22,7.21042823791504,7.16110229492188,31.2849903106689,-0.299641966819763,21.4,23.1,83.3,5.3,16.3,13.5,24
2023-03-23,7.30679321289062,7.44837951660156,31.2898178100586,-0.137494996190071,21.4,23.1,83.3,5.3,16.3,13.5,24
2023-03-24,7.83016729354858,8.1810188293457,31.3180103302002,-0.136302724480629,21.4,23.1,83.3,5.3,16.3,13.5,24
2023-03-25,7.83027791976929,8.14671039581299,31.5353260040283,0.0113105857744813,21.4,23.1,83.3,5.3,16.3,13.5,24
2023-03-26,7.80116033554077,8.45366954803467,31.4698696136475,0.0227416530251503,21.4,23.1,83.3,5.3,16.3,13.5,24
2023-03-27,7.13883066177368,8.35986518859863,31.3736419677734,-0.0858906507492065,21.4,23.1,83.3,5.3,16.3,13.5,24
2023-03-28,7.09428930282593,8.35796451568604,31.2856750488281,-0.0333017185330391,21.4,23.1,83.3,5.3,16.3,13.5,24
2023-03-29,7.07619142532349,8.47972011566162,31.5737438201904,-0.0655530169606209,21.4,23.1,83.3,5.3,16.3,13.5,24
2023-03-30,7.17606210708618,8.1870584487915,31.6197681427002,-0.158462256193161,21.4,23.1,83.3,5.3,16.3,13.5,24
2023-03-31,7.27214670181274,8.12363910675049,31.5411167144775,-0.195992648601532,21.4,23.1,83.3,5.3,16.3,13.5,24
2023-04-01,7.33620500564575,8.4838285446167,31.3553066253662,-0.154240116477013,21.4,23.1,83.3,5.3,16.3,13.5,24
2023-04-02,8.14153480529785,9.03662014007568,31.5382862091064,-0.200826704502106,21.4,23.1,83.3,5.3,16.3,13.5,24
2023-04-03,8.3505048751831,9.04750919342041,31.5700817108154,-0.0836868360638618,21.4,23.1,83.3,5.3,16.3,13.5,24
2023-04-04,8.33843898773193,9.32190608978271,31.5388698577881,-0.125113055109978,21.4,23.1,83.3,5.3,16.3,13.5,24
2023-04-05,8.42273712158203,9.05168342590332,31.5719909667969,-0.11770460754633,21.4,23.1,83.3,5.3,16.3,13.5,24
2023-04-06,8.39760589599609,9.25913715362549,31.6075115203857,-0.076610691845417,21.4,23.1,83.3,5.3,16.3,13.5,24
2023-04-07,8.42298984527588,9.67250061035156,31.3137302398682,-0.191946387290955,21.4,23.1,83.3,5.3,16.3,13.5,24
2023-04-08,8.88942337036133,9.8007230758667,31.4939727783203,-0.153472766280174,21.4,23.1,83.3,5.3,16.3,13.5,24
2023-04-09,9.02669906616211,9.7136812210083,31.5213642120361,-0.120544344186783,21.4,23.1,83.3,5.3,16.3,13.5,24
2023-04-10,9.04049777984619,9.90711879730225,31.4631958007812,-0.117850281298161,21.4,23.1,83.3,5.3,16.3,13.5,24
2023-04-11,8.95871639251709,10.1598539352417,31.2446823120117,-0.183352217078209,21.4,23.1,83.3,5.3,16.3,13.5,24
2023-04-12,8.9350643157959,10.676438331604,31.1623134613037,-0.18757937848568,21.4,23.1,83.3,5.3,16.3,13.5,24
2023-04-13,8.88551807403564,11.3809690475464,31.302942276001,-0.0842077136039734,21.4,23.1,83.3,5.3,16.3,13.5,24
2023-04-14,9.52381229400635,11.787013053894,31.1637516021729,-0.0724280998110771,21.4,23.1,83.3,5.3,16.3,13.5,24
2023-04-15,9.71529769897461,12.1895227432251,31.0915584564209,-0.0317718908190727,21.4,23.1,83.3,5.3,16.3,13.5,24
2023-04-16,9.64306640625,12.3449258804321,31.086669921875,0.0303566958755255,21.4,23.1,83.3,5.3,16.3,13.5,24
2023-04-17,9.48367500305176,12.2958908081055,31.0043487548828,0.048806969076395,21.4,23.1,83.3,5.3,16.3,13.5,24
2023-04-18,9.50905704498291,12.5911207199097,30.9531574249268,-0.00717848772183061,21.4,23.1,83.3,5.3,16.3,13.5,24
2023-04-19,9.60110950469971,12.7539758682251,30.9697856903076,-0.0757614448666573,21.4,23.1,83.3,5.3,16.3,13.5,24
2023-04-20,9.61813259124756,12.8540754318237,30.7903652191162,-0.142856895923615,21.4,23.1,83.3,5.3,16.3,13.5,24
2023-04-21,9.64132976531982,13.1869554519653,30.6975421905518,-0.0970834493637085,21.4,23.1,83.3,5.3,16.3,13.5,24
2023-04-22,9.49172687530518,12.9178228378296,30.659309387207,0.0294142160564661,21.4,23.1,83.3,5.3,16.3,13.5,24
2023-04-23,10.0009355545044,13.3560075759888,30.6673412322998,0.0568850077688694,21.4,23.1,83.3,5.3,16.3,13.5,24
2023-04-24,10.0347671508789,13.2405252456665,30.9745349884033,-0.0147571256384254,21.4,23.1,83.3,5.3,16.3,13.5,24
2023-04-25,10.0032901763916,12.7123289108276,31.2599945068359,-0.0375187657773495,21.4,23.1,83.3,5.3,16.3,13.5,24
2023-04-26,9.95785236358643,12.4765968322754,31.3957080841064,-0.0216418858617544,21.4,23.1,83.3,5.3,16.3,13.5,24
2023-04-27,9.96643543243408,12.8621520996094,31.4060039520264,-0.00633816374465823,21.4,23.1,83.3,5.3,16.3,13.5,24
2023-04-28,10.0533590316772,12.7450904846191,31.5074787139893,0.113872908055782,21.4,23.1,83.3,5.3,16.3,13.5,24
2023-04-29,11.023627281189,12.5125188827515,31.5401172637939,0.229140758514404,21.4,23.1,83.3,5.3,16.3,13.5,24
2023-04-30,11.8511476516724,12.6180648803711,31.3817768096924,0.237625673413277,21.4,23.1,83.3,5.3,16.3,13.5,24
2023-05-01,11.437840461731,12.8564786911011,31.102653503418,0.0876866057515144,21.4,23.1,83.3,5.3,16.3,13.5,24
2023-05-02,11.4614629745483,13.0304098129272,31.1640796661377,0.0701584592461586,21.4,23.1,83.3,5.3,16.3,13.5,24
2023-05-03,11.3343820571899,13.1106491088867,31.2150554656982,0.0508008897304535,21.4,23.1,83.3,5.3,16.3,13.5,24
2023-05-04,11.5119514465332,13.0218420028687,31.2474613189697,0.0469988249242306,21.4,23.1,83.3,5.3,16.3,13.5,24
2023-05-05,11.6270952224731,12.9935731887817,31.1015625,-0.00585252558812499,21.4,23.1,83.3,5.3,16.3,13.5,24
2023-05-06,11.6971654891968,13.5985374450684,30.9798431396484,-0.068606860935688,21.4,23.1,83.3,5.3,16.3,13.5,24
2023-05-07,11.5836477279663,13.8890609741211,30.9031848907471,-0.0981188043951988,21.4,23.1,83.3,5.3,16.3,13.5,24
2023-05-08,11.454662322998,14.5612449645996,30.8304290771484,-0.0323648117482662,21.4,23.1,83.3,5.3,16.3,13.5,24
2023-05-09,11.4717226028442,14.7736177444458,30.8948421478271,-0.000668584078084677,21.4,23.1,83.3,5.3,16.3,13.5,24
2023-05-10,11.7608251571655,14.4782667160034,30.9333782196045,-0.0454490482807159,21.4,23.1,83.3,5.3,16.3,13.5,24
2023-05-11,11.5325050354004,14.819881439209,30.5143966674805,-0.154113486409187,21.4,23.1,83.3,5.3,16.3,13.5,24
2023-05-12,11.3077096939087,15.4835329055786,30.1576290130615,-0.123656392097473,21.4,23.1,83.3,5.3,16.3,13.5,24
2023-05-13,11.0851793289185,15.7317361831665,30.2804660797119,-0.101097740232944,21.4,23.1,83.3,5.3,16.3,13.5,24
2023-05-14,11.5242538452148,15.7706708908081,30.2102584838867,-0.0620913468301296,21.4,23.1,83.3,5.3,16.3,13.5,24
2023-05-15,11.6233854293823,15.45751953125,30.3333301544189,-0.102272905409336,21.4,23.1,83.3,5.3,16.3,13.5,24
2023-05-16,11.6875867843628,15.7963752746582,29.802604675293,-0.169217422604561,21.4,23.1,83.3,5.3,16.3,13.5,24
2023-05-17,12.0575981140137,15.6371545791626,29.8075695037842,-0.091660313308239,21.4,23.1,83.3,5.3,16.3,13.5,24
2023-05-18,11.8948278427124,15.4841203689575,29.7869243621826,-0.0640010088682175,21.4,23.1,83.3,5.3,16.3,13.5,24
2023-05-19,11.7818145751953,15.2228002548218,29.9297714233398,-0.126649424433708,21.4,23.1,83.3,5.3,16.3,13.5,24
2023-05-20,11.6720552444458,15.389796257019,30.0637817382812,-0.0807248875498772,21.4,23.1,83.3,5.3,16.3,13.5,24
2023-05-21,11.6498289108276,15.7897796630859,29.8456802368164,-0.0832480266690254,21.4,23.1,83.3,5.3,16.3,13.5,24
2023-05-22,11.8298797607422,16.2289028167725,29.8137130737305,-0.105828799307346,21.4,23.1,83.3,5.3,16.3,13.5,24
2023-05-23,12.3441095352173,16.0740337371826,29.9951686859131,0.0209979433566332,21.4,23.1,83.3,5.3,16.3,13.5,24
2023-05-24,12.6278371810913,15.4559736251831,30.8043994903564,0.0590185932815075,21.4,23.1,83.3,5.3,16.3,13.5,24
2023-05-25,13.0364274978638,15.7332038879395,31.12819480896,0.0199547111988068,21.4,23.1,83.3,5.3,16.3,13.5,24
2023-05-26,13.8912353515625,15.5777006149292,31.4675903320312,-0.0565521121025085,21.4,23.1,83.3,5.3,16.3,13.5,24
2023-05-27,14.1881246566772,15.7323999404907,31.5190715789795,-0.107742793858051,21.4,23.1,83.3,5.3,16.3,13.5,24
2023-05-28,14.4978637695312,15.7067384719849,31.5632266998291,-0.124127857387066,21.4,23.1,83.3,5.3,16.3,13.5,24
2023-05-29,14.9754104614258,15.9987649917603,31.6083831787109,-0.0670253932476044,21.4,23.1,83.3,5.3,16.3,13.5,24
2023-05-30,15.6734580993652,15.8873815536499,31.6472625732422,0.0581804364919662,21.4,23.1,83.3,5.3,16.3,13.5,24
2023-05-31,15.8739786148071,15.8721618652344,31.6257705688477,-0.0146756554022431,21.4,23.1,83.3,5.3,16.3,13.5,24
2023-06-01,16.3497676849365,16.3575210571289,31.3815860748291,-0.0584957450628281,21.4,23.1,83.3,5.3,16.3,13.5,24
2023-06-02,16.437427520752,16.7472743988037,31.2993183135986,-0.0496177263557911,21.4,23.1,83.3,5.3,16.3,13.5,24
2023-06-03,16.4124641418457,17.1301860809326,31.2818164825439,0.0388294383883476,21.4,23.1,83.3,5.3,16.3,13.5,24
2023-06-04,16.2567348480225,16.3279933929443,31.3951263427734,0.206549599766731,21.4,23.1,83.3,5.3,16.3,13.5,24
2023-06-05,16.3553676605225,16.769021987915,31.3205947875977,0.0919067934155464,21.4,23.1,83.3,5.3,16.3,13.5,24
2023-06-06,16.4325523376465,17.7216053009033,31.1596603393555,0.0707230418920517,21.4,23.1,83.3,5.3,16.3,13.5,24
2023-06-07,15.9388246536255,17.6336231231689,31.1222400665283,0.0724499002099037,21.4,23.1,83.3,5.3,16.3,13.5,24
2023-06-08,15.6619682312012,17.8847332000732,30.9996566772461,0.103615641593933,21.4,23.1,83.3,5.3,16.3,13.5,24
2023-06-09,15.4446821212769,17.8323802947998,31.0276546478271,0.121208153665066,21.4,23.1,83.3,5.3,16.3,13.5,24
2023-06-10,16.5558528900146,17.8413696289062,31.0549182891846,0.0687345042824745,21.4,23.1,83.3,5.3,16.3,13.5,24
2023-06-11,16.2575550079346,18.5661849975586,30.9167385101318,0.026158919557929,21.4,23.1,83.3,5.3,16.3,13.5,24
2023-06-12,15.7681703567505,18.779146194458,30.9413585662842,0.06156787276268,21.4,23.1,83.3,5.3,16.3,13.5,24
2023-06-13,15.5797643661499,18.7955017089844,31.0659008026123,0.0402886793017387,21.4,23.1,83.3,5.3,16.3,13.5,24
2023-06-14,15.2979135513306,18.9648418426514,31.0849361419678,0.0260277409106493,21.4,23.1,83.3,5.3,16.3,13.5,24
2023-06-15,14.986762046814,19.2060680389404,31.0569248199463,0.0453375168144703,21.4,23.1,83.3,5.3,16.3,13.5,24
2023-06-16,15.5916290283203,19.3818416595459,31.0276641845703,0.0591155998408794,21.4,23.1,83.3,5.3,16.3,13.5,24
2023-06-17,15.493034362793,19.4993648529053,31.1022167205811,0.0944011136889458,21.4,23.1,83.3,5.3,16.3,13.5,24
2023-06-18,15.4980459213257,20.0821571350098,31.1331768035889,0.0296869352459908,21.4,23.1,83.3,5.3,16.3,13.5,24
2023-06-19,16.0044612884521,20.2640228271484,31.2313671112061,0.0348422601819038,21.4,23.1,83.3,5.3,16.3,13.5,24
2023-06-20,16.0081653594971,20.4051074981689,31.2041797637939,0.0517995171248913,21.4,23.1,83.3,5.3,16.3,13.5,24
2023-06-21,16.6179332733154,19.6852779388428,31.3714580535889,0.150078445672989,21.4,23.1,83.3,5.3,16.3,13.5,24
2023-06-22,18.5646305084229,18.6804447174072,31.2740840911865,0.154974281787872,21.4,23.1,83.3,5.3,16.3,13.5,24
2023-06-23,18.7416858673096,18.9550762176514,31.0364456176758,0.0359988175332546,21.4,23.1,83.3,5.3,16.3,13.5,24
2023-06-24,18.4328327178955,19.9971504211426,30.587251663208,0.0123467547819018,21.4,23.1,83.3,5.3,16.3,13.5,24
2023-06-25,17.962121963501,20.6910953521729,30.3739852905273,0.0165490880608559,21.4,23.1,83.3,5.3,16.3,13.5,24
2023-06-26,17.3800239562988,20.980073928833,30.3602466583252,0.0546563602983952,21.4,23.1,83.3,5.3,16.3,13.5,24
2023-06-27,16.5582408905029,21.0401401519775,30.5212421417236,0.0953087583184242,21.4,23.1,83.3,5.3,16.3,13.5,24
2023-06-28,16.1379470825195,21.3183841705322,30.5459651947021,0.032400231808424,21.4,23.1,83.3,5.3,16.3,13.5,24
2023-06-29,16.0452346801758,21.8672618865967,30.5666675567627,0.00374583271332085,21.4,23.1,83.3,5.3,16.3,13.5,24
2023-06-30,16.0664329528809,22.0410671234131,30.5991039276123,-0.00041968873119913,21.4,23.1,83.3,5.3,16.3,13.5,24
2023-07-01,17.5705299377441,22.3630905151367,30.5854206085205,-0.0329166166484356,21.4,23.1,83.3,5.3,16.3,13.5,24
2023-07-02,17.3881702423096,22.5529880523682,30.6114978790283,0.00228236615657806,21.4,23.1,83.3,5.3,16.3,13.5,24
2023-07-03,16.8673820495605,23.0851135253906,30.8189678192139,-0.0390247106552124,21.4,23.1,83.3,5.3,16.3,13.5,24
2023-07-04,16.6751728057861,23.3947429656982,30.7827453613281,-0.0417520515620708,21.4,23.1,83.3,5.3,16.3,13.5,24
2023-07-05,16.3151531219482,24.0361804962158,30.7731533050537,-0.0184344556182623,21.4,23.1,83.3,5.3,16.3,13.5,24
2023-07-06,16.2619304656982,24.5180435180664,30.769868850708,-0.0222336668521166,21.4,23.1,83.3,5.3,16.3,13.5,24
2023-07-07,16.5380229949951,24.9805126190186,30.8306751251221,0.0824277773499489,21.4,23.1,83.3,5.3,16.3,13.5,24
2023-07-08,16.6498584747314,25.1549072265625,30.7878398895264,0.105947531759739,21.4,23.1,83.3,5.3,16.3,13.5,24
2023-07-09,16.4290142059326,25.0286846160889,30.7152252197266,0.135184526443481,21.4,23.1,83.3,5.3,16.3,13.5,24
2023-07-10,16.3436985015869,24.8439121246338,30.6042575836182,0.12443682551384,21.4,23.1,83.3,5.3,16.3,13.5,24
2023-07-11,16.4598217010498,25.1656799316406,30.5342960357666,0.0652612075209618,21.4,23.1,83.3,5.3,16.3,13.5,24
2023-07-12,16.4854564666748,25.4624710083008,30.5374507904053,0.00457702437415719,21.4,23.1,83.3,5.3,16.3,13.5,24
2023-07-13,17.2278385162354,25.3626174926758,30.6735515594482,0.01152104139328,21.4,23.1,83.3,5.3,16.3,13.5,24
2023-07-14,16.5078048706055,24.8582458496094,31.0144824981689,-0.0305473562330008,21.4,23.1,83.3,5.3,16.3,13.5,24
2023-07-15,15.9284830093384,24.5666675567627,31.1240558624268,-0.0152577934786677,21.4,23.1,83.3,5.3,16.3,13.5,24
2023-07-16,16.3281517028809,24.5184803009033,31.1531810760498,-0.0018079107394442,21.4,23.1,83.3,5.3,16.3,13.5,24
2023-07-17,16.0524234771729,24.3572788238525,31.1428833007812,-0.0302397403866053,21.4,23.1,83.3,5.3,16.3,13.5,24
2023-07-18,15.7945985794067,24.6955814361572,31.1069259643555,-0.0140228206291795,21.4,23.1,83.3,5.3,16.3,13.5,24
2023-07-19,17.3963623046875,25.003080368042,30.8084812164307,0.0104923145845532,21.4,23.1,83.3,5.3,16.3,13.5,24
2023-07-20,17.3150100708008,25.2774276733398,30.6240539550781,0.0139226466417313,21.4,23.1,83.3,5.3,16.3,13.5,24
2023-07-21,17.1938190460205,25.1810531616211,30.5059509277344,0.0698061659932137,21.4,23.1,83.3,5.3,16.3,13.5,24
2023-07-22,16.32546043396,25.0725994110107,30.068868637085,0.088743306696415,21.4,23.1,83.3,5.3,16.3,13.5,24
2023-07-23,16.2800693511963,25.1641693115234,29.8845119476318,0.0447101145982742,21.4,23.1,83.3,5.3,16.3,13.5,24
2023-07-24,16.1329689025879,25.1856365203857,29.755163192749,0.0182712972164154,21.4,23.1,83.3,5.3,16.3,13.5,24
2023-07-25,15.3270273208618,25.1492309570312,29.6895523071289,-0.0221988335251808,21.4,23.1,83.3,5.3,16.3,13.5,24
2023-07-26,15.1132249832153,25.4010334014893,29.5912342071533,-0.0452642627060413,21.4,23.1,83.3,5.3,16.3,13.5,24
2023-07-27,14.7689065933228,25.0985355377197,29.9349308013916,-0.072233758866787,21.4,23.1,83.3,5.3,16.3,13.5,24
2023-07-28,15.6056127548218,24.9933795928955,31.2483997344971,-0.176126480102539,21.4,23.1,83.3,5.3,16.3,13.5,24
2023-07-29,14.8230142593384,25.182014465332,31.5457439422607,-0.113218747079372,21.4,23.1,83.3,5.3,16.3,13.5,24
2023-07-30,14.1162633895874,24.9228820800781,31.3569774627686,-0.0714194551110268,21.4,23.1,83.3,5.3,16.3,13.5,24
2023-07-31,14.4585447311401,23.6611328125,30.851655960083,-0.00392267620190978,21.4,23.1,83.3,5.3,16.3,13.5,24
2023-08-01,14.4632902145386,23.3527545928955,30.450231552124,-0.0369837582111359,21.4,23.1,83.3,5.3,16.3,13.5,24
2023-08-02,14.7570533752441,22.7056884765625,30.7126522064209,-0.0403794310986996,21.4,23.1,83.3,5.3,16.3,13.5,24
2023-08-03,13.0515975952148,22.4760799407959,30.7726612091064,-0.040158037096262,21.4,23.1,83.3,5.3,16.3,13.5,24
2023-08-04,12.6989736557007,22.4165897369385,30.4389324188232,0.00390772894024849,21.4,23.1,83.3,5.3,16.3,13.5,24
2023-08-05,12.4338111877441,22.2206020355225,30.1711177825928,0.0573195815086365,21.4,23.1,83.3,5.3,16.3,13.5,24
2023-08-06,14.5181541442871,22.8517398834229,30.4418563842773,0.0724985376000404,21.4,23.1,83.3,5.3,16.3,13.5,24
2023-08-07,14.6180238723755,22.9261169433594,30.3590240478516,0.0600289702415466,21.4,23.1,83.3,5.3,16.3,13.5,24
2023-08-08,14.2073125839233,22.9555759429932,30.6435089111328,0.0755155459046364,21.4,23.1,83.3,5.3,16.3,13.5,24
2023-08-09,15.9556722640991,23.2273483276367,31.0186004638672,-0.00946214143186808,21.4,23.1,83.3,5.3,16.3,13.5,24
2023-08-10,15.9467506408691,23.4181442260742,31.2316989898682,0.00178835785482079,21.4,23.1,83.3,5.3,16.3,13.5,24
2023-08-11,15.3391408920288,22.5445194244385,31.4614963531494,0.00668326625600457,21.4,23.1,83.3,5.3,16.3,13.5,24
2023-08-12,17.6822052001953,22.9962711334229,31.6154842376709,-0.033034835010767,21.4,23.1,83.3,5.3,16.3,13.5,24
2023-08-13,17.6214389801025,23.2466201782227,31.7979106903076,0.0050141760148108,21.4,23.1,83.3,5.3,16.3,13.5,24
2023-08-14,17.7919216156006,24.0101299285889,31.8956203460693,-0.0372505821287632,21.4,23.1,83.3,5.3,16.3,13.5,24
2023-08-15,17.3555927276611,24.4734554290771,31.941047668457,0.0166558269411325,21.4,23.1,83.3,5.3,16.3,13.5,24
2023-08-16,17.2444972991943,24.5467834472656,31.535436630249,0.0253720283508301,21.4,23.1,83.3,5.3,16.3,13.5,24
2023-08-17,17.0648956298828,24.5480422973633,31.0818958282471,0.0399602614343166,21.4,23.1,83.3,5.3,16.3,13.5,24
2023-08-18,18.4547214508057,24.2328262329102,30.718656539917,0.0706721767783165,21.4,23.1,83.3,5.3,16.3,13.5,24
2023-08-19,18.8443660736084,24.1474590301514,30.7921047210693,-0.0168426502496004,21.4,23.1,83.3,5.3,16.3,13.5,24
2023-08-20,19.1053714752197,23.9450778961182,30.8648910522461,-0.0586416907608509,21.4,23.1,83.3,5.3,16.3,13.5,24
2023-08-21,18.9962730407715,23.9612216949463,30.8017711639404,-0.0225310418754816,21.4,23.1,83.3,5.3,16.3,13.5,24
2023-08-22,19.083158493042,24.0756893157959,30.9908905029297,0.0164438541978598,21.4,23.1,83.3,5.3,16.3,13.5,24
2023-08-23,19.4621334075928,23.9168338775635,31.6323547363281,0.059690784662962,21.4,23.1,83.3,5.3,16.3,13.5,24
2023-08-24,19.3683681488037,24.0281143188477,31.7506084442139,0.0367077998816967,21.4,23.1,83.3,5.3,16.3,13.5,24
2023-08-25,19.0801239013672,23.4550533294678,31.321647644043,-0.00267338869161904,21.4,23.1,83.3,5.3,16.3,13.5,24
2023-08-26,18.9068126678467,24.1126499176025,31.8148250579834,0.0540371499955654,21.4,23.1,83.3,5.3,16.3,13.5,24
2023-08-27,19.196870803833,24.1839656829834,31.8068523406982,0.0345591604709625,21.4,23.1,83.3,5.3,16.3,13.5,24
2023-08-28,19.1542568206787,23.8870391845703,31.8079853057861,0.085487999022007,21.4,23.1,83.3,5.3,16.3,13.5,24
2023-08-29,19.2778606414795,23.5532855987549,31.7947864532471,0.0888491868972778,21.4,23.1,83.3,5.3,16.3,13.5,24
2023-08-30,19.5264205932617,23.5246276855469,31.6608638763428,0.0536254495382309,21.4,23.1,83.3,5.3,16.3,13.5,24
2023-08-31,19.8339443206787,23.1528148651123,31.5732669830322,0.110552251338959,21.4,23.1,83.3,5.3,16.3,13.5,24
2023-09-01,21.5819778442383,22.4083023071289,31.6724338531494,0.110760278999805,21.4,23.1,83.3,5.3,16.3,13.5,24
2023-09-02,21.5939636230469,22.9018402099609,31.6317729949951,0.0219807997345924,21.4,23.1,83.3,5.3,16.3,13.5,24
2023-09-03,21.1599273681641,22.8644847869873,31.3954753875732,-0.038459587842226,21.4,23.1,83.3,5.3,16.3,13.5,24
2023-09-04,20.6454620361328,23.1855525970459,31.1081829071045,0.0237646847963333,21.4,23.1,83.3,5.3,16.3,13.5,24
2023-09-05,20.7190456390381,23.8387298583984,31.257905960083,0.0915416479110718,21.4,23.1,83.3,5.3,16.3,13.5,24
2023-09-06,20.5887546539307,24.2935810089111,31.2159748077393,0.102664493024349,21.4,23.1,83.3,5.3,16.3,13.5,24
2023-09-07,20.3797912597656,24.7226638793945,31.2742595672607,0.11690940707922,21.4,23.1,83.3,5.3,16.3,13.5,24
2023-09-08,20.9588031768799,24.9770526885986,31.2839183807373,0.0888213813304901,21.4,23.1,83.3,5.3,16.3,13.5,24
2023-09-09,20.7327175140381,25.1094818115234,31.2014846801758,0.0262988489121199,21.4,23.1,83.3,5.3,16.3,13.5,24
2023-09-10,20.8105640411377,25.3491878509521,31.2530155181885,0.0197650864720345,21.4,23.1,83.3,5.3,16.3,13.5,24
2023-09-11,20.4860382080078,25.5369243621826,31.2923412322998,0.0124508244916797,21.4,23.1,83.3,5.3,16.3,13.5,24
2023-09-12,20.4292068481445,25.4747829437256,31.3207340240479,0.022212540730834,21.4,23.1,83.3,5.3,16.3,13.5,24
2023-09-13,20.3823986053467,25.2176952362061,31.3351593017578,0.0658015981316566,21.4,23.1,83.3,5.3,16.3,13.5,24
2023-09-14,20.2685642242432,24.88791847229,31.3886623382568,0.107140503823757,21.4,23.1,83.3,5.3,16.3,13.5,24
2023-09-15,22.0440769195557,24.3044719696045,31.7277736663818,0.206683814525604,21.4,23.1,83.3,5.3,16.3,13.5,24
2023-09-16,23.6597118377686,23.8316860198975,31.7637710571289,0.192724779248238,21.4,23.1,83.3,5.3,16.3,13.5,24
2023-09-17,23.6457462310791,23.5175323486328,31.3548030853271,0.0741812437772751,21.4,23.1,83.3,5.3,16.3,13.5,24
2023-09-18,23.440185546875,23.7143249511719,30.8615818023682,0.0891446694731712,21.4,23.1,83.3,5.3,16.3,13.5,24
2023-09-19,23.1513385772705,23.4743709564209,31.0854358673096,0.0497661866247654,21.4,23.1,83.3,5.3,16.3,13.5,24
2023-09-20,22.7571487426758,23.1895847320557,31.0686702728271,-0.019424794241786,21.4,23.1,83.3,5.3,16.3,13.5,24
2023-09-21,22.3957366943359,23.1320819854736,31.0162029266357,-0.00637266412377357,21.4,23.1,83.3,5.3,16.3,13.5,24
2023-09-22,22.5562725067139,22.8496017456055,31.1379528045654,0.147774741053581,21.4,23.1,83.3,5.3,16.3,13.5,24
2023-09-23,22.3814830780029,22.4188556671143,31.1693782806396,0.469661921262741,21.4,23.1,83.3,5.3,16.3,13.5,24
2023-09-24,22.4995784759521,22.4938278198242,30.8115158081055,0.303303152322769,21.4,23.1,83.3,5.3,16.3,13.5,24
2023-09-25,22.3695850372314,22.3396511077881,30.780969619751,0.117426015436649,21.4,23.1,83.3,5.3,16.3,13.5,24
2023-09-26,19.660737991333,21.0981750488281,30.979585647583,0.311091989278793,21.4,23.1,83.3,5.3,16.3,13.5,24
2023-09-27,19.6575698852539,19.6369037628174,31.1081066131592,0.300774574279785,21.4,23.1,83.3,5.3,16.3,13.5,24
2023-09-28,19.4733219146729,19.4629974365234,31.0191135406494,0.223798766732216,21.4,23.1,83.3,5.3,16.3,13.5,24
2023-09-29,19.7233791351318,19.8222370147705,30.8582382202148,0.210901185870171,21.4,23.1,83.3,5.3,16.3,13.5,24
2023-09-30,19.7357521057129,19.7400398254395,31.0455341339111,0.208409979939461,21.4,23.1,83.3,5.3,16.3,13.5,24
2023-10-01,19.6968822479248,19.695463180542,31.3395690917969,0.235218867659569,21.4,23.1,83.3,5.3,16.3,13.5,24
2023-10-02,19.6635417938232,19.6703948974609,31.3812999725342,0.172931924462318,21.4,23.1,83.3,5.3,16.3,13.5,24
2023-10-03,19.6972827911377,19.7685718536377,31.3338375091553,0.127547636628151,21.4,23.1,83.3,5.3,16.3,13.5,24
2023-10-04,19.7102031707764,19.9686317443848,31.118200302124,0.0588840246200562,21.4,23.1,83.3,5.3,16.3,13.5,24
2023-10-05,18.8281345367432,20.0883960723877,31.1294326782227,0.0673492327332497,21.4,23.1,83.3,5.3,16.3,13.5,24
2023-10-06,18.6783199310303,20.268404006958,31.1883029937744,0.138592168688774,21.4,23.1,83.3,5.3,16.3,13.5,24
2023-10-07,18.7382144927979,20.2894706726074,31.2610111236572,0.221642479300499,21.4,23.1,83.3,5.3,16.3,13.5,24
2023-10-08,19.4919128417969,19.5901947021484,31.4074420928955,0.15495266020298,21.4,23.1,83.3,5.3,16.3,13.5,24
2023-10-09,19.5454864501953,19.4339828491211,30.9523010253906,0.0635572597384453,21.4,23.1,83.3,5.3,16.3,13.5,24
2023-10-10,19.5248775482178,19.2740802764893,30.8789691925049,0.131560802459717,21.4,23.1,83.3,5.3,16.3,13.5,24
2023-10-11,19.1112289428711,19.1060276031494,30.9163188934326,0.134106755256653,21.4,23.1,83.3,5.3,16.3,13.5,24
2023-10-12,19.0698432922363,19.191858291626,31.0031566619873,0.151691153645515,21.4,23.1,83.3,5.3,16.3,13.5,24
2023-10-13,19.0451412200928,19.0408687591553,31.1464405059814,0.177801311016083,21.4,23.1,83.3,5.3,16.3,13.5,24
2023-10-14,19.0494480133057,18.5973033905029,31.0569362640381,0.236587628722191,21.4,23.1,83.3,5.3,16.3,13.5,24
2023-10-15,18.843900680542,18.6749095916748,31.4916896820068,0.389289945363998,21.4,23.1,83.3,5.3,16.3,13.5,24
2023-10-16,18.6414546966553,18.5033473968506,31.8159866333008,0.25338026881218,21.4,23.1,83.3,5.3,16.3,13.5,24
2023-10-17,18.3536396026611,18.3406848907471,31.6417369842529,0.229450404644012,21.4,23.1,83.3,5.3,16.3,13.5,24
2023-10-18,18.3944358825684,18.1239128112793,31.5770263671875,0.13140232861042,21.4,23.1,83.3,5.3,16.3,13.5,24
2023-10-19,18.2845592498779,17.9641151428223,31.2384719848633,0.0877834185957909,21.4,23.1,83.3,5.3,16.3,13.5,24
2023-10-20,18.2509860992432,18.1419219970703,29.9421939849854,0.175846472382545,21.4,23.1,83.3,5.3,16.3,13.5,24
2023-10-21,18.2448291778564,18.1506099700928,30.07053565979,0.277570456266403,21.4,23.1,83.3,5.3,16.3,13.5,24
2023-10-22,18.2792110443115,17.8909091949463,30.6425151824951,-0.0176653023809195,21.4,23.1,83.3,5.3,16.3,13.5,24
2023-10-23,18.170690536499,17.5621471405029,30.7457962036133,-0.100787676870823,21.4,23.1,83.3,5.3,16.3,13.5,24
2023-10-24,17.9069042205811,17.5922241210938,31.405969619751,0.0181463360786438,21.4,23.1,83.3,5.3,16.3,13.5,24
2023-10-25,17.7104911804199,17.6150703430176,31.2673645019531,-0.0751840323209763,21.4,23.1,83.3,5.3,16.3,13.5,24
2023-10-26,17.5370693206787,18.0192623138428,30.9415225982666,-0.165438696742058,21.4,23.1,83.3,5.3,16.3,13.5,24
2023-10-27,17.7039546966553,18.1452350616455,30.9030246734619,-0.0803647637367249,21.4,23.1,83.3,5.3,16.3,13.5,24
2023-10-28,17.7316646575928,18.456262588501,30.9460697174072,-0.0258805584162474,21.4,23.1,83.3,5.3,16.3,13.5,24
2023-10-29,17.8509616851807,18.5990219116211,30.9458923339844,-0.000193660453078337,21.4,23.1,83.3,5.3,16.3,13.5,24
2023-10-30,17.746618270874,18.4471549987793,31.0253429412842,0.120611168444157,21.4,23.1,83.3,5.3,16.3,13.5,24
2023-10-31,17.8141345977783,18.0734310150146,31.4132995605469,0.0677152127027512,21.4,23.1,83.3,5.3,16.3,13.5,24
2023-11-01,17.6496047973633,17.4433002471924,31.6220455169678,0.197054043412209,21.4,23.1,83.3,5.3,16.3,13.5,24
2023-11-02,17.1805934906006,17.1346282958984,31.5790100097656,0.109909296035767,21.4,23.1,83.3,5.3,16.3,13.5,24
2023-11-03,16.9871921539307,16.9899940490723,31.6210784912109,0.0260431841015816,21.4,23.1,83.3,5.3,16.3,13.5,24
2023-11-04,16.5676784515381,16.618860244751,31.5602474212646,-0.0584434382617474,21.4,23.1,83.3,5.3,16.3,13.5,24
2023-11-05,16.6274585723877,16.5371971130371,31.4483509063721,0.0213851388543844,21.4,23.1,83.3,5.3,16.3,13.5,24
2023-11-06,16.6475429534912,16.5104522705078,31.5530776977539,0.0873239263892174,21.4,23.1,83.3,5.3,16.3,13.5,24
2023-11-07,16.5716915130615,16.4490413665771,31.5657577514648,0.0812414288520813,21.4,23.1,83.3,5.3,16.3,13.5,24
2023-11-08,16.5516090393066,16.3438587188721,31.4882030487061,0.022850975394249,21.4,23.1,83.3,5.3,16.3,13.5,24
2023-11-09,16.5869407653809,16.3275833129883,31.6417980194092,0.0596415661275387,21.4,23.1,83.3,5.3,16.3,13.5,24
2023-11-10,16.4021072387695,16.3581466674805,31.5239734649658,0.0410301648080349,21.4,23.1,83.3,5.3,16.3,13.5,24
2023-11-11,16.182746887207,16.1454792022705,31.6931705474854,-0.0828966796398163,21.4,23.1,83.3,5.3,16.3,13.5,24
2023-11-12,16.0149364471436,15.9859323501587,31.7148303985596,-0.0555319525301456,21.4,23.1,83.3,5.3,16.3,13.5,24
2023-11-13,15.8405141830444,15.8959550857544,31.5656108856201,0.06202507391572,21.4,23.1,83.3,5.3,16.3,13.5,24
2023-11-14,15.6988143920898,15.6210021972656,31.4947910308838,-0.00819926243275404,21.4,23.1,83.3,5.3,16.3,13.5,24
2023-11-15,15.474081993103,15.4190816879272,31.5198516845703,0.000122873418149538,21.4,23.1,83.3,5.3,16.3,13.5,24
2023-11-16,15.4125719070435,15.0414590835571,31.0904598236084,-0.0619113445281982,21.4,23.1,83.3,5.3,16.3,13.5,24
2023-11-17,15.4219427108765,14.7799119949341,30.8731517791748,0.00873162131756544,21.4,23.1,83.3,5.3,16.3,13.5,24
2023-11-18,15.4179944992065,14.9691534042358,31.0348510742188,0.182479098439217,21.4,23.1,83.3,5.3,16.3,13.5,24
2023-11-19,15.4470930099487,15.2689752578735,31.5536499023438,0.11209375411272,21.4,23.1,83.3,5.3,16.3,13.5,24
2023-11-20,15.3418951034546,14.951587677002,31.4744739532471,0.0079769641160965,21.4,23.1,83.3,5.3,16.3,13.5,24
2023-11-21,15.05677318573,15.0362844467163,31.7485427856445,0.110182791948318,21.4,23.1,83.3,5.3,16.3,13.5,24
2023-11-22,15.0048112869263,14.9669923782349,31.5582256317139,0.255564391613007,21.4,23.1,83.3,5.3,16.3,13.5,24
2023-11-23,14.7069778442383,14.6522588729858,31.4189853668213,0.0765375420451164,21.4,23.1,83.3,5.3,16.3,13.5,24
2023-11-24,14.4511098861694,14.3904962539673,31.3724136352539,0.0178803764283657,21.4,23.1,83.3,5.3,16.3,13.5,24
2023-11-25,14.1345472335815,14.0976343154907,31.5433712005615,0.0680517181754112,21.4,23.1,83.3,5.3,16.3,13.5,24
2023-11-26,13.7934103012085,13.7732057571411,31.5614528656006,0.0671858042478561,21.4,23.1,83.3,5.3,16.3,13.5,24
2023-11-27,13.6387748718262,13.5873117446899,31.506814956665,0.0794796422123909,21.4,23.1,83.3,5.3,16.3,13.5,24
2023-11-28,13.2731628417969,13.2165002822876,31.5155353546143,-0.0738807395100594,21.4,23.1,83.3,5.3,16.3,13.5,24
2023-11-29,12.6036615371704,12.5290994644165,31.4069080352783,-0.208403870463371,21.4,23.1,83.3,5.3,16.3,13.5,24
2023-11-30,12.3540105819702,12.2715044021606,31.4321575164795,-0.14170715212822,21.4,23.1,83.3,5.3,16.3,13.5,24
2023-12-01,12.5818786621094,12.272744178772,31.7241916656494,-0.132253393530846,21.4,23.1,83.3,5.3,16.3,13.5,24
2023-12-02,12.8220911026001,12.5069456100464,31.7282657623291,-0.0709442496299744,21.4,23.1,83.3,5.3,16.3,13.5,24
2023-12-03,12.8077726364136,12.393120765686,31.6449279785156,0.0503845065832138,21.4,23.1,83.3,5.3,16.3,13.5,24
2023-12-04,12.9428367614746,12.3036642074585,31.434118270874,0.0978121683001518,21.4,23.1,83.3,5.3,16.3,13.5,24
2023-12-05,12.8763456344604,12.1391296386719,31.4631195068359,-0.0371959544718266,21.4,23.1,83.3,5.3,16.3,13.5,24
2023-12-06,12.7971792221069,12.2381010055542,31.6533508300781,0.0703710168600082,21.4,23.1,83.3,5.3,16.3,13.5,24
2023-12-07,12.187970161438,12.097430229187,31.8103580474854,0.0551971532404423,21.4,23.1,83.3,5.3,16.3,13.5,24
2023-12-08,12.0924844741821,11.507682800293,31.5684490203857,-0.041199617087841,21.4,23.1,83.3,5.3,16.3,13.5,24
2023-12-09,12.0767316818237,11.2797088623047,31.416618347168,-0.0229252148419619,21.4,23.1,83.3,5.3,16.3,13.5,24
2023-12-10,11.7969589233398,11.2730932235718,31.1308746337891,-0.00972908083349466,21.4,23.1,83.3,5.3,16.3,13.5,24
2023-12-11,11.9777116775513,11.3450803756714,31.0796527862549,-0.00370574998669326,21.4,23.1,83.3,5.3,16.3,13.5,24
2023-12-12,11.7170896530151,10.9368581771851,31.1765270233154,-0.281461864709854,21.4,23.1,83.3,5.3,16.3,13.5,24
2023-12-13,11.6961259841919,10.9888114929199,31.1854610443115,-0.311216562986374,21.4,23.1,83.3,5.3,16.3,13.5,24
2023-12-14,11.4527244567871,10.883903503418,31.2922286987305,-0.306368917226791,21.4,23.1,83.3,5.3,16.3,13.5,24
2023-12-15,11.0062341690063,10.7910995483398,31.341402053833,-0.266945540904999,21.4,23.1,83.3,5.3,16.3,13.5,24
2023-12-16,10.87952709198,10.5628271102905,31.2716197967529,-0.238356336951256,21.4,23.1,83.3,5.3,16.3,13.5,24
2023-12-17,10.8857011795044,10.7863912582397,31.3995876312256,0.0264166798442602,21.4,23.1,83.3,5.3,16.3,13.5,24
2023-12-18,11.229775428772,11.2159461975098,31.5083446502686,0.351353794336319,21.4,23.1,83.3,5.3,16.3,13.5,24
2023-12-19,10.8480768203735,10.7696866989136,31.431173324585,-0.126452893018723,21.4,23.1,83.3,5.3,16.3,13.5,24
2023-12-20,10.5965881347656,10.5559530258179,31.5094661712646,-0.0256287232041359,21.4,23.1,83.3,5.3,16.3,13.5,24
2023-12-21,10.5413551330566,10.5016679763794,31.5010299682617,0.00900280941277742,21.4,23.1,83.3,5.3,16.3,13.5,24
2023-12-22,10.3150072097778,10.3052835464478,31.3112850189209,0.0573233403265476,21.4,23.1,83.3,5.3,16.3,13.5,24
2023-12-23,10.2934560775757,10.2840900421143,31.2777633666992,0.0243111904710531,21.4,23.1,83.3,5.3,16.3,13.5,24
2023-12-24,10.3064622879028,10.1801843643188,31.1571674346924,-0.0153656713664532,21.4,23.1,83.3,5.3,16.3,13.5,24
2023-12-25,10.2702579498291,9.79196643829346,30.6667308807373,-0.0765455588698387,21.4,23.1,83.3,5.3,16.3,13.5,24
2023-12-26,10.2609605789185,9.76594638824463,30.5170154571533,-0.0166601613163948,21.4,23.1,83.3,5.3,16.3,13.5,24
2023-12-27,10.3418083190918,9.75806903839111,30.3730850219727,0.064209520816803,21.4,23.1,83.3,5.3,16.3,13.5,24
2023-12-28,10.1346635818481,9.48203754425049,29.7871170043945,0.182729318737984,21.4,23.1,83.3,5.3,16.3,13.5,24
2023-12-29,10.2542552947998,9.54040813446045,29.0198497772217,0.165300980210304,21.4,23.1,83.3,5.3,16.3,13.5,24
2023-12-30,10.3081750869751,9.14142513275146,28.347864151001,0.111789561808109,21.4,23.1,83.3,5.3,16.3,13.5,24
2023-12-31,10.0042028427124,9.21654796600342,28.7869434356689,-0.116048701107502,21.4,23.1,83.3,5.3,16.3,13.5,24
2024-01-01,10.0986833572388,9.1750659942627,29.2481098175049,-0.0356369279325008,21.4,23.1,83.3,5.3,16.3,13.5,24
2024-01-02,10.0877676010132,9.33772468566895,30.2205905914307,0.0514033697545528,21.4,23.1,83.3,5.3,16.3,13.5,24
2024-01-03,9.96851253509521,8.96185207366943,30.2095623016357,-0.00687750661745667,21.4,23.1,83.3,5.3,16.3,13.5,24
2024-01-04,10.0297060012817,8.47405815124512,29.6207942962646,0.0338124074041843,21.4,23.1,83.3,5.3,16.3,13.5,24
2024-01-05,9.9094820022583,9.11398983001709,31.4997844696045,-0.0761044323444366,21.4,23.1,83.3,5.3,16.3,13.5,24
2024-01-06,9.53917598724365,7.72747945785522,29.7152233123779,-0.0512711256742477,21.4,23.1,83.3,5.3,16.3,13.5,24
2024-01-07,9.33838748931885,8.45694255828857,30.3142833709717,0.204834580421448,21.4,23.1,83.3,5.3,16.3,13.5,24
2024-01-08,9.25825786590576,7.92733526229858,29.9661560058594,-0.0254264418035746,21.4,23.1,83.3,5.3,16.3,13.5,24
2024-01-09,8.93308448791504,8.18768405914307,31.0209484100342,0.11713121086359,21.4,23.1,83.3,5.3,16.3,13.5,24
2024-01-10,8.99554538726807,8.65160846710205,30.7437515258789,0.157679677009583,21.4,23.1,83.3,5.3,16.3,13.5,24
2024-01-11,9.13808822631836,7.94142913818359,29.3842620849609,-0.0736397281289101,21.4,23.1,83.3,5.3,16.3,13.5,24
2024-01-12,9.16913604736328,7.97361946105957,29.1701641082764,-0.0584363229572773,21.4,23.1,83.3,5.3,16.3,13.5,24
2024-01-13,9.17638301849365,8.60202980041504,29.9101047515869,0.179815232753754,21.4,23.1,83.3,5.3,16.3,13.5,24
2024-01-14,9.37292098999023,8.48912906646729,29.9469203948975,-0.222751900553703,21.4,23.1,83.3,5.3,16.3,13.5,24
2024-01-15,9.08418846130371,7.95722389221191,30.1799144744873,-0.193009033799171,21.4,23.1,83.3,5.3,16.3,13.5,24
2024-01-16,8.99162864685059,7.97069215774536,30.2585964202881,0.114068992435932,21.4,23.1,83.3,5.3,16.3,13.5,24
2024-01-17,8.76755142211914,7.83534383773804,30.5675220489502,-0.0208653565496206,21.4,23.1,83.3,5.3,16.3,13.5,24
2024-01-18,7.99418687820435,7.34188890457153,30.5848941802979,-0.306775361299515,21.4,23.1,83.3,5.3,16.3,13.5,24
2024-01-19,8.08853054046631,7.30891799926758,30.6763095855713,-0.0772394314408302,21.4,23.1,83.3,5.3,16.3,13.5,24
2024-01-20,8.21312618255615,7.10295248031616,30.69753074646,-0.148630484938622,21.4,23.1,83.3,5.3,16.3,13.5,24
2024-01-21,7.26031446456909,6.85527801513672,30.6322231292725,-0.264265686273575,21.4,23.1,83.3,5.3,16.3,13.5,24
2024-01-22,7.45292282104492,7.0229320526123,30.9148330688477,-0.2275101095438,21.4,23.1,83.3,5.3,16.3,13.5,24
2024-01-23,7.35161972045898,5.66877126693726,28.6628341674805,-0.318692892789841,21.4,23.1,83.3,5.3,16.3,13.5,24
2024-01-24,6.50189542770386,5.69753217697144,29.1609706878662,-0.226700142025948,21.4,23.1,83.3,5.3,16.3,13.5,24
2024-01-25,6.92664098739624,5.82636880874634,28.5288162231445,-0.101449571549892,21.4,23.1,83.3,5.3,16.3,13.5,24
2024-01-26,7.11538362503052,5.99973154067993,29.1497745513916,-0.0455004014074802,21.4,23.1,83.3,5.3,16.3,13.5,24
2024-01-27,6.93044328689575,6.36255407333374,29.3435821533203,0.0380972735583782,21.4,23.1,83.3,5.3,16.3,13.5,24
2024-01-28,6.73957967758179,6.8198127746582,29.7313976287842,0.225159764289856,21.4,23.1,83.3,5.3,16.3,13.5,24
2024-01-29,6.38120269775391,6.7549901008606,29.725061416626,0.242029249668121,21.4,23.1,83.3,5.3,16.3,13.5,24
2024-01-30,6.2562460899353,6.60596132278442,30.37375831604,0.217936351895332,21.4,23.1,83.3,5.3,16.3,13.5,24
2024-01-31,6.45990180969238,6.59962272644043,30.5672912597656,0.212009385228157,21.4,23.1,83.3,5.3,16.3,13.5,24
2024-02-01,6.5804009437561,6.61212301254272,30.6864566802979,0.115254066884518,21.4,23.1,83.3,5.3,16.3,13.5,24
2024-02-02,6.70735597610474,6.58101606369019,29.7175521850586,0.0810810253024101,21.4,23.1,83.3,5.3,16.3,13.5,24
2024-02-03,6.79351806640625,6.87712097167969,30.9794540405273,0.149067491292953,21.4,23.1,83.3,5.3,16.3,13.5,24
2024-02-04,6.84865188598633,6.53675222396851,31.2924194335938,0.206316336989403,21.4,23.1,83.3,5.3,16.3,13.5,24
2024-02-05,6.623206615448,6.47304391860962,30.890157699585,0.229184746742249,21.4,23.1,83.3,5.3,16.3,13.5,24
2024-02-06,6.50409698486328,6.38884401321411,30.9813537597656,0.29362553358078,21.4,23.1,83.3,5.3,16.3,13.5,24
2024-02-07,6.17124366760254,6.12952995300293,31.4249210357666,0.221465662121773,21.4,23.1,83.3,5.3,16.3,13.5,24
2024-02-08,6.19657468795776,5.94737100601196,30.4579410552979,0.0856447815895081,21.4,23.1,83.3,5.3,16.3,13.5,24
2024-02-09,6.14879655838013,6.11711692810059,28.0537719726562,0.0532990097999573,21.4,23.1,83.3,5.3,16.3,13.5,24
2024-02-10,6.25170278549194,6.31662940979004,27.6627731323242,0.110418029129505,21.4,23.1,83.3,5.3,16.3,13.5,24
2024-02-11,6.50272798538208,6.8170108795166,28.049036026001,0.0494502298533916,21.4,23.1,83.3,5.3,16.3,13.5,24
2024-02-12,6.54447031021118,6.79741096496582,28.1035938262939,0.0632738098502159,21.4,23.1,83.3,5.3,16.3,13.5,24
2024-02-13,6.4807300567627,6.54466867446899,29.0588989257812,0.265082031488419,21.4,23.1,83.3,5.3,16.3,13.5,24
2024-02-14,6.13176536560059,6.07054948806763,30.7029418945312,0.0440367758274078,21.4,23.1,83.3,5.3,16.3,13.5,24
2024-02-15,6.22694444656372,5.93775701522827,30.56178855896,-0.0808248296380043,21.4,23.1,83.3,5.3,16.3,13.5,24
2024-02-16,6.3466649055481,5.87311172485352,30.0036487579346,-0.0520378239452839,21.4,23.1,83.3,5.3,16.3,13.5,24
2024-02-17,6.07614278793335,5.67197608947754,29.8919124603271,0.0784893557429314,21.4,23.1,83.3,5.3,16.3,13.5,24
2024-02-18,6.10655736923218,5.62275171279907,30.168478012085,-0.0510661900043488,21.4,23.1,83.3,5.3,16.3,13.5,24
2024-02-19,6.16248893737793,5.63271951675415,30.2013931274414,-0.28397524356842,21.4,23.1,83.3,5.3,16.3,13.5,24
2024-02-20,5.8045711517334,5.65077257156372,30.2223339080811,-0.0919673144817352,21.4,23.1,83.3,5.3,16.3,13.5,24
2024-02-21,5.86548852920532,5.8404803276062,30.6085529327393,-0.0282245930284262,21.4,23.1,83.3,5.3,16.3,13.5,24
2024-02-22,5.92716407775879,5.76540517807007,30.4491214752197,0.00143182778265327,21.4,23.1,83.3,5.3,16.3,13.5,24
2024-02-23,6.07142066955566,5.95374441146851,29.757417678833,0.0823342427611351,21.4,23.1,83.3,5.3,16.3,13.5,24
2024-02-24,6.24644041061401,6.04332733154297,29.5585174560547,0.0965878367424011,21.4,23.1,83.3,5.3,16.3,13.5,24
2024-02-25,6.22109460830688,5.82600975036621,29.9137268066406,0.0313500948250294,21.4,23.1,83.3,5.3,16.3,13.5,24
2024-02-26,5.96399831771851,5.75921869277954,29.7398853302002,-0.114924073219299,21.4,23.1,83.3,5.3,16.3,13.5,24
2024-02-27,6.04255867004395,5.91783666610718,29.5203456878662,-0.0822582840919495,21.4,23.1,83.3,5.3,16.3,13.5,24
2024-02-28,6.12522745132446,6.17696619033813,30.038330078125,-0.0553010068833828,21.4,23.1,83.3,5.3,16.3,13.5,24
2024-02-29,6.38555145263672,6.29590463638306,30.9407939910889,-0.361301928758621,21.4,23.1,83.3,5.3,16.3,13.5,24
2024-03-01,6.48713445663452,6.27805709838867,31.1925678253174,-0.41865873336792,21.4,23.1,83.3,5.3,16.3,13.5,24
2024-03-02,6.59794855117798,6.55144309997559,31.1190013885498,-0.230275392532349,21.4,23.1,83.3,5.3,16.3,13.5,24
2024-03-03,6.99678087234497,7.33338165283203,31.1119709014893,-0.18583519756794,21.4,23.1,83.3,5.3,16.3,13.5,24
2024-03-04,7.04025650024414,7.44444847106934,31.0602111816406,-0.217502042651176,21.4,23.1,83.3,5.3,16.3,13.5,24
2024-03-05,7.05575323104858,7.40567255020142,31.0332736968994,0.0405391715466976,21.4,23.1,83.3,5.3,16.3,13.5,24
2024-03-06,6.81280136108398,6.98476076126099,30.7498035430908,-0.0191167835146189,21.4,23.1,83.3,5.3,16.3,13.5,24
2024-03-07,6.80861616134644,7.00887107849121,30.4421710968018,-0.00286966562271118,21.4,23.1,83.3,5.3,16.3,13.5,24
2024-03-08,6.73446846008301,7.0743613243103,30.7459030151367,0.0413354597985744,21.4,23.1,83.3,5.3,16.3,13.5,24
2024-03-09,6.83493423461914,7.34102487564087,30.9105777740479,0.135258853435516,21.4,23.1,83.3,5.3,16.3,13.5,24
2024-03-10,6.96072244644165,7.55441522598267,30.2602596282959,0.153047546744347,21.4,23.1,83.3,5.3,16.3,13.5,24
2024-03-11,7.09124135971069,7.27551078796387,30.1287689208984,-0.329962134361267,21.4,23.1,83.3,5.3,16.3,13.5,24
2024-03-12,7.20512962341309,7.42946481704712,30.7668838500977,-0.288760185241699,21.4,23.1,83.3,5.3,16.3,13.5,24
2024-03-13,7.27321481704712,7.8571982383728,30.7038059234619,-0.086611658334732,21.4,23.1,83.3,5.3,16.3,13.5,24
2024-03-14,7.34748649597168,8.38427448272705,30.500638961792,0.00881314370781183,21.4,23.1,83.3,5.3,16.3,13.5,24
2024-03-15,7.40318059921265,8.58351421356201,30.2363433837891,0.0192174315452576,21.4,23.1,83.3,5.3,16.3,13.5,24
2024-03-16,7.46173334121704,8.90289974212646,30.1427173614502,0.0693094283342361,21.4,23.1,83.3,5.3,16.3,13.5,24
2024-03-17,7.4891242980957,8.87592792510986,30.1307220458984,0.0946835279464722,21.4,23.1,83.3,5.3,16.3,13.5,24
2024-03-18,8.04688358306885,8.81148338317871,30.1223220825195,0.0735223591327667,21.4,23.1,83.3,5.3,16.3,13.5,24
2024-03-19,8.11679363250732,8.4280309677124,30.192756652832,-0.0522789098322392,21.4,23.1,83.3,5.3,16.3,13.5,24
2024-03-20,8.17189884185791,8.43416500091553,28.8016300201416,-0.0651903077960014,21.4,23.1,83.3,5.3,16.3,13.5,24
2024-03-21,8.21448993682861,8.20768642425537,29.1731777191162,-0.141285806894302,21.4,23.1,83.3,5.3,16.3,13.5,24
2024-03-22,8.26471614837646,8.0809440612793,29.0373210906982,-0.288132220506668,21.4,23.1,83.3,5.3,16.3,13.5,24
2024-03-23,8.32177639007568,8.33701705932617,29.602409362793,-0.0271711349487305,21.4,23.1,83.3,5.3,16.3,13.5,24
2024-03-24,8.38968372344971,8.19894313812256,30.3667907714844,0.0287493392825127,21.4,23.1,83.3,5.3,16.3,13.5,24
2024-03-25,8.11573314666748,8.08933544158936,30.9120540618896,0.143371447920799,21.4,23.1,83.3,5.3,16.3,13.5,24
2024-03-26,7.92564153671265,7.91708183288574,30.8627300262451,0.356258511543274,21.4,23.1,83.3,5.3,16.3,13.5,24
2024-03-27,7.74656343460083,7.8343391418457,30.7520523071289,0.170105293393135,21.4,23.1,83.3,5.3,16.3,13.5,24
2024-03-28,7.76801156997681,8.0250415802002,30.4486751556396,0.0593505464494228,21.4,23.1,83.3,5.3,16.3,13.5,24
2024-03-29,7.80539464950562,7.8701958656311,30.7501125335693,0.0333898030221462,21.4,23.1,83.3,5.3,16.3,13.5,24
2024-03-30,8.07944297790527,8.19535636901855,30.3091888427734,-0.0984405502676964,21.4,23.1,83.3,5.3,16.3,13.5,24
2024-03-31,8.13541316986084,8.66359615325928,29.3929901123047,-0.106671534478664,21.4,23.1,83.3,5.3,16.3,13.5,24
2024-04-01,8.04110240936279,8.76817417144775,29.4851913452148,0.0335016511380672,21.4,23.1,83.3,5.3,16.3,13.5,24
2024-04-02,7.88325881958008,8.50947093963623,30.3968734741211,0.0757118985056877,21.4,23.1,83.3,5.3,16.3,13.5,24
2024-04-03,7.97436666488647,8.23196792602539,31.0341777801514,0.289882928133011,21.4,23.1,83.3,5.3,16.3,13.5,24
2024-04-04,8.06926727294922,8.58883190155029,29.8150730133057,0.365403920412064,21.4,23.1,83.3,5.3,16.3,13.5,24
2024-04-05,7.72434568405151,8.60727119445801,28.5816516876221,0.0691283419728279,21.4,23.1,83.3,5.3,16.3,13.5,24
2024-04-06,7.80696153640747,8.40964412689209,29.3203639984131,-0.0154511583968997,21.4,23.1,83.3,5.3,16.3,13.5,24
2024-04-07,7.85617256164551,8.14427471160889,30.3668575286865,0.0640129148960114,21.4,23.1,83.3,5.3,16.3,13.5,24
2024-04-08,7.94648742675781,8.73263359069824,29.2311172485352,0.0134628089144826,21.4,23.1,83.3,5.3,16.3,13.5,24
2024-04-09,7.99151802062988,9.47303295135498,27.2944660186768,0.00627752346917987,21.4,23.1,83.3,5.3,16.3,13.5,24
2024-04-10,8.02800846099854,10.0816316604614,27.4013576507568,0.0301359090954065,21.4,23.1,83.3,5.3,16.3,13.5,24
2024-04-11,8.50076770782471,9.9629373550415,27.5542774200439,0.0733253583312035,21.4,23.1,83.3,5.3,16.3,13.5,24
2024-04-12,8.29322814941406,9.22531890869141,29.4947757720947,0.136457100510597,21.4,23.1,83.3,5.3,16.3,13.5,24
2024-04-13,8.11065483093262,9.68706321716309,29.7089176177979,-0.0521409213542938,21.4,23.1,83.3,5.3,16.3,13.5,24
2024-04-14,7.83783340454102,9.84893035888672,29.7696228027344,-0.137286975979805,21.4,23.1,83.3,5.3,16.3,13.5,24
2024-04-15,7.79965734481812,9.99967098236084,30.260046005249,-0.0797625780105591,21.4,23.1,83.3,5.3,16.3,13.5,24
2024-04-16,7.81473350524902,10.6920042037964,30.310905456543,-0.0166655648499727,21.4,23.1,83.3,5.3,16.3,13.5,24
2024-04-17,7.99898862838745,10.6273679733276,30.3686771392822,-0.0511164106428623,21.4,23.1,83.3,5.3,16.3,13.5,24
2024-04-18,7.98206949234009,10.7155694961548,30.4497222900391,0.0589029751718044,21.4,23.1,83.3,5.3,16.3,13.5,24
2024-04-19,7.99438095092773,10.2418651580811,30.3326015472412,0.151840433478355,21.4,23.1,83.3,5.3,16.3,13.5,24
2024-04-20,8.87761783599854,10.5281839370728,30.1383647918701,0.0416235290467739,21.4,23.1,83.3,5.3,16.3,13.5,24
2024-04-21,9.01020336151123,10.2974529266357,30.0439586639404,0.0123632699251175,21.4,23.1,83.3,5.3,16.3,13.5,24
2024-04-22,9.21692943572998,10.0312223434448,30.0503921508789,-0.0285750087350607,21.4,23.1,83.3,5.3,16.3,13.5,24
2024-04-23,8.96697044372559,10.2074403762817,29.6131687164307,-0.0242882501333952,21.4,23.1,83.3,5.3,16.3,13.5,24
2024-04-24,8.6306962966919,10.8573198318481,29.2635955810547,-0.00421475851908326,21.4,23.1,83.3,5.3,16.3,13.5,24
2024-04-25,8.72244739532471,10.8478345870972,29.4038696289062,0.0128728849813342,21.4,23.1,83.3,5.3,16.3,13.5,24
2024-04-26,9.25558185577393,10.2639827728271,29.9924716949463,-0.109216101467609,21.4,23.1,83.3,5.3,16.3,13.5,24
2024-04-27,9.33973217010498,10.5091581344604,29.8130664825439,-0.148873895406723,21.4,23.1,83.3,5.3,16.3,13.5,24
2024-04-28,9.05142211914062,11.0620994567871,29.2526683807373,-0.0860437378287315,21.4,23.1,83.3,5.3,16.3,13.5,24
2024-04-29,8.75518131256104,11.9789047241211,28.975700378418,0.0170488860458136,21.4,23.1,83.3,5.3,16.3,13.5,24
2024-04-30,8.6726713180542,12.5718927383423,28.9915313720703,0.0824905782938004,21.4,23.1,83.3,5.3,16.3,13.5,24
2024-05-01,8.57624244689941,12.4320592880249,29.0318584442139,0.102813720703125,21.4,23.1,83.3,5.3,16.3,13.5,24
2024-05-02,9.37375164031982,13.1315994262695,28.9231281280518,0.0912205949425697,21.4,23.1,83.3,5.3,16.3,13.5,24
2024-05-03,9.55372333526611,13.0138368606567,29.1758823394775,0.0700407847762108,21.4,23.1,83.3,5.3,16.3,13.5,24
2024-05-04,9.69356822967529,12.57483959198,29.7204341888428,0.060478787869215,21.4,23.1,83.3,5.3,16.3,13.5,24
2024-05-05,10.042896270752,12.4548149108887,29.6424121856689,0.0333058722317219,21.4,23.1,83.3,5.3,16.3,13.5,24
2024-05-06,10.0079021453857,12.7533292770386,29.1294689178467,-0.0240436866879463,21.4,23.1,83.3,5.3,16.3,13.5,24
2024-05-07,10.0038976669312,13.2782354354858,28.5134601593018,-0.00657187914475799,21.4,23.1,83.3,5.3,16.3,13.5,24
2024-05-08,9.20906925201416,13.4792261123657,28.2822360992432,0.00781863927841187,21.4,23.1,83.3,5.3,16.3,13.5,24
2024-05-09,9.1545467376709,13.9187431335449,28.0541133880615,0.0517547838389874,21.4,23.1,83.3,5.3,16.3,13.5,24
2024-05-10,9.2728910446167,13.1853103637695,28.9204177856445,0.234018161892891,21.4,23.1,83.3,5.3,16.3,13.5,24
2024-05-11,10.8571968078613,12.5376539230347,30.1996307373047,0.246925726532936,21.4,23.1,83.3,5.3,16.3,13.5,24
2024-05-12,11.7224454879761,12.6387596130371,29.8171768188477,0.137004539370537,21.4,23.1,83.3,5.3,16.3,13.5,24
2024-05-13,11.6771087646484,13.250846862793,28.6727962493896,0.00793319474905729,21.4,23.1,83.3,5.3,16.3,13.5,24
2024-05-14,11.2510986328125,13.3103590011597,28.3775196075439,-0.0406667068600655,21.4,23.1,83.3,5.3,16.3,13.5,24
2024-05-15,10.6859369277954,13.1575078964233,28.6877002716064,0.0938780233263969,21.4,23.1,83.3,5.3,16.3,13.5,24
2024-05-16,10.7881631851196,12.6669511795044,29.2489528656006,0.146440342068672,21.4,23.1,83.3,5.3,16.3,13.5,24
2024-05-17,11.8694343566895,12.7377614974976,30.0039081573486,0.17033563554287,21.4,23.1,83.3,5.3,16.3,13.5,24
2024-05-18,12.1448106765747,13.0005674362183,30.1326999664307,0.135489001870155,21.4,23.1,83.3,5.3,16.3,13.5,24
2024-05-19,12.2389450073242,13.0904722213745,30.1310710906982,0.11874607950449,21.4,23.1,83.3,5.3,16.3,13.5,24
2024-05-20,12.6632871627808,12.9375047683716,30.1278400421143,0.0875059589743614,21.4,23.1,83.3,5.3,16.3,13.5,24
2024-05-21,12.5130434036255,13.2580690383911,29.8998413085938,0.0309476312249899,21.4,23.1,83.3,5.3,16.3,13.5,24
2024-05-22,12.2690057754517,14.3365097045898,28.8337936401367,-0.0244329031556845,21.4,23.1,83.3,5.3,16.3,13.5,24
2024-05-23,12.486668586731,15.100757598877,28.9321689605713,-0.092771977186203,21.4,23.1,83.3,5.3,16.3,13.5,24
2024-05-24,12.470383644104,16.0806789398193,28.9321804046631,-0.0171052441000938,21.4,23.1,83.3,5.3,16.3,13.5,24
2024-05-25,12.415545463562,16.5362415313721,28.9792385101318,-0.00669791921973228,21.4,23.1,83.3,5.3,16.3,13.5,24
2024-05-26,12.6099786758423,17.1149044036865,29.008150100708,0.0290308389812708,21.4,23.1,83.3,5.3,16.3,13.5,24
2024-05-27,12.5107202529907,17.1934986114502,28.924352645874,0.0907833203673363,21.4,23.1,83.3,5.3,16.3,13.5,24
2024-05-28,12.2991933822632,17.5000991821289,28.8893890380859,0.119331866502762,21.4,23.1,83.3,5.3,16.3,13.5,24
2024-05-29,12.355185508728,17.7831859588623,28.8604030609131,0.0583698749542236,21.4,23.1,83.3,5.3,16.3,13.5,24
2024-05-30,12.3791093826294,18.107328414917,28.7977352142334,0.0304886940866709,21.4,23.1,83.3,5.3,16.3,13.5,24
2024-05-31,12.5252313613892,17.7356090545654,28.4610500335693,0.0233797524124384,21.4,23.1,83.3,5.3,16.3,13.5,24
2024-06-01,12.6876668930054,17.8725814819336,28.0406475067139,-0.0301873069256544,21.4,23.1,83.3,5.3,16.3,13.5,24
2024-06-02,12.5900621414185,18.1012268066406,27.6565570831299,-0.0225304216146469,21.4,23.1,83.3,5.3,16.3,13.5,24
2024-06-03,12.4721374511719,18.8005142211914,27.5906581878662,-0.0395032428205013,21.4,23.1,83.3,5.3,16.3,13.5,24
2024-06-04,12.5147199630737,19.0963687896729,27.7360229492188,0.0269895885139704,21.4,23.1,83.3,5.3,16.3,13.5,24
2024-06-05,12.4855651855469,19.0455856323242,27.8653621673584,0.0118650672957301,21.4,23.1,83.3,5.3,16.3,13.5,24
2024-06-06,12.4426565170288,18.3896484375,28.4059524536133,-0.00378481042571366,21.4,23.1,83.3,5.3,16.3,13.5,24
2024-06-07,12.4218587875366,19.3295745849609,28.7821273803711,0.0582218281924725,21.4,23.1,83.3,5.3,16.3,13.5,24
2024-06-08,12.428786277771,20.1772632598877,28.5992679595947,0.0385713540017605,21.4,23.1,83.3,5.3,16.3,13.5,24
2024-06-09,12.505859375,20.1317005157471,28.4229946136475,0.00320777366869152,21.4,23.1,83.3,5.3,16.3,13.5,24
2024-06-10,12.1692934036255,19.7289943695068,28.611852645874,0.039483692497015,21.4,23.1,83.3,5.3,16.3,13.5,24
2024-06-11,12.247311592102,19.6837253570557,29.0183944702148,0.0394551642239094,21.4,23.1,83.3,5.3,16.3,13.5,24
2024-06-12,12.0592908859253,18.9986362457275,29.5657424926758,0.00119285041000694,21.4,23.1,83.3,5.3,16.3,13.5,24
2024-06-13,12.2361173629761,19.2738475799561,29.5754165649414,-0.0630758628249168,21.4,23.1,83.3,5.3,16.3,13.5,24
2024-06-14,12.2361602783203,20.1278591156006,28.9511566162109,-0.0616863183677197,21.4,23.1,83.3,5.3,16.3,13.5,24
2024-06-15,12.2657814025879,20.7712516784668,29.1684951782227,-0.0196982901543379,21.4,23.1,83.3,5.3,16.3,13.5,24
2024-06-16,12.6468477249146,21.1873798370361,29.2503223419189,-0.0195757579058409,21.4,23.1,83.3,5.3,16.3,13.5,24
2024-06-17,12.7389650344849,20.9627590179443,29.4061183929443,-0.085518479347229,21.4,23.1,83.3,5.3,16.3,13.5,24
2024-06-18,12.6441068649292,21.2793064117432,29.8073749542236,-0.147562697529793,21.4,23.1,83.3,5.3,16.3,13.5,24
2024-06-19,14.237940788269,22.5142879486084,30.0647888183594,-0.210009202361107,21.4,23.1,83.3,5.3,16.3,13.5,24
2024-06-20,14.3100395202637,23.2212657928467,30.1996555328369,-0.222519218921661,21.4,23.1,83.3,5.3,16.3,13.5,24
2024-06-21,14.1404809951782,23.1248035430908,30.3328952789307,-0.266170740127563,21.4,23.1,83.3,5.3,16.3,13.5,24
2024-06-22,14.8526887893677,22.8228015899658,30.4666385650635,-0.156029626727104,21.4,23.1,83.3,5.3,16.3,13.5,24
2024-06-23,14.0671949386597,22.0838146209717,30.819953918457,-0.133985623717308,21.4,23.1,83.3,5.3,16.3,13.5,24
2024-06-24,13.4468202590942,21.0025520324707,31.3053112030029,-0.197533383965492,21.4,23.1,83.3,5.3,16.3,13.5,24
2024-06-25,14.553409576416,21.3853816986084,31.2796001434326,-0.108288981020451,21.4,23.1,83.3,5.3,16.3,13.5,24
2024-06-26,14.0434045791626,20.8755283355713,31.2809200286865,-0.066516563296318,21.4,23.1,83.3,5.3,16.3,13.5,24
2024-06-27,13.7791166305542,21.2171688079834,31.4248104095459,-0.0431716404855251,21.4,23.1,83.3,5.3,16.3,13.5,24
2024-06-28,14.7588777542114,20.7684879302979,31.3498210906982,0.0124752102419734,21.4,23.1,83.3,5.3,16.3,13.5,24
2024-06-29,14.7250452041626,20.4737491607666,31.3057651519775,-0.0274700745940208,21.4,23.1,83.3,5.3,16.3,13.5,24
2024-06-30,14.5904846191406,19.9302654266357,31.2335586547852,-0.0543605834245682,21.4,23.1,83.3,5.3,16.3,13.5,24
2024-07-01,14.7135620117188,19.8485660552979,31.2949542999268,-0.061636358499527,21.4,23.1,83.3,5.3,16.3,13.5,24
2024-07-02,14.891354560852,20.2200164794922,31.3275833129883,-0.0563047230243683,21.4,23.1,83.3,5.3,16.3,13.5,24
2024-07-03,14.8391952514648,20.4253559112549,31.2230930328369,-0.0502993725240231,21.4,23.1,83.3,5.3,16.3,13.5,24
2024-07-04,15.4884223937988,20.5670738220215,31.0478115081787,-0.0758834555745125,21.4,23.1,83.3,5.3,16.3,13.5,24
2024-07-05,15.2220230102539,21.2270393371582,31.1596736907959,-0.0792765989899635,21.4,23.1,83.3,5.3,16.3,13.5,24
2024-07-06,15.0181398391724,22.2531890869141,31.7733917236328,-0.0713895186781883,21.4,23.1,83.3,5.3,16.3,13.5,24
2024-07-07,15.3970499038696,22.9201107025146,31.6159439086914,-0.0473436117172241,21.4,23.1,83.3,5.3,16.3,13.5,24
2024-07-08,15.1015968322754,23.3647613525391,31.6327114105225,-0.00781439710408449,21.4,23.1,83.3,5.3,16.3,13.5,24
2024-07-09,15.2192754745483,22.8753833770752,31.4418506622314,-0.0305440481752157,21.4,23.1,83.3,5.3,16.3,13.5,24
2024-07-10,16.1840133666992,22.2743759155273,31.4550247192383,-0.0663097128272057,21.4,23.1,83.3,5.3,16.3,13.5,24
2024-07-11,15.8075704574585,23.3590316772461,32.100513458252,-0.127236276865005,21.4,23.1,83.3,5.3,16.3,13.5,24
2024-07-12,15.5721006393433,23.5611877441406,32.157585144043,-0.107925079762936,21.4,23.1,83.3,5.3,16.3,13.5,24
2024-07-13,17.0737934112549,22.7204875946045,31.980131149292,-0.140391483902931,21.4,23.1,83.3,5.3,16.3,13.5,24
2024-07-14,16.751314163208,22.5943164825439,31.7977905273438,-0.102687381207943,21.4,23.1,83.3,5.3,16.3,13.5,24
2024-07-15,16.4848480224609,22.2531909942627,31.7651195526123,-0.0290167797356844,21.4,23.1,83.3,5.3,16.3,13.5,24
2024-07-16,16.4808521270752,22.287805557251,31.6395740509033,-0.0684273988008499,21.4,23.1,83.3,5.3,16.3,13.5,24
2024-07-17,16.3531608581543,22.2071151733398,31.9258098602295,-0.119155146181583,21.4,23.1,83.3,5.3,16.3,13.5,24
2024-07-18,16.0305709838867,22.1840744018555,31.9660511016846,-0.144069969654083,21.4,23.1,83.3,5.3,16.3,13.5,24
2024-07-19,14.4974937438965,22.0010681152344,31.47633934021,-0.0838393270969391,21.4,23.1,83.3,5.3,16.3,13.5,24
2024-07-20,14.5162134170532,22.3141536712646,31.1944103240967,-0.0751402452588081,21.4,23.1,83.3,5.3,16.3,13.5,24
2024-07-21,14.6355438232422,22.7052249908447,30.7455673217773,-0.0335316397249699,21.4,23.1,83.3,5.3,16.3,13.5,24
2024-07-22,15.652473449707,23.4922504425049,30.2370777130127,-0.0858992636203766,21.4,23.1,83.3,5.3,16.3,13.5,24
2024-07-23,15.5741119384766,23.1104831695557,30.2178516387939,-0.0661942586302757,21.4,23.1,83.3,5.3,16.3,13.5,24
2024-07-24,15.4924926757812,23.602876663208,30.2515258789062,-0.0300311297178268,21.4,23.1,83.3,5.3,16.3,13.5,24
2024-07-25,16.0065155029297,23.5738544464111,30.1787014007568,-0.0197405964136124,21.4,23.1,83.3,5.3,16.3,13.5,24
2024-07-26,15.9043169021606,23.3118801116943,30.4851055145264,-0.026846868917346,21.4,23.1,83.3,5.3,16.3,13.5,24
2024-07-27,15.7823724746704,23.5802021026611,30.7753219604492,0.022975318133831,21.4,23.1,83.3,5.3,16.3,13.5,24
2024-07-28,16.9542293548584,23.7945652008057,30.9203357696533,0.0285004321485758,21.4,23.1,83.3,5.3,16.3,13.5,24
2024-07-29,16.4776134490967,23.3484592437744,30.9107303619385,0.0302601456642151,21.4,23.1,83.3,5.3,16.3,13.5,24
2024-07-30,15.7589178085327,22.9465713500977,30.8878860473633,-0.0763659477233887,21.4,23.1,83.3,5.3,16.3,13.5,24
2024-07-31,15.7980575561523,22.7019329071045,31.311408996582,-0.0752445086836815,21.4,23.1,83.3,5.3,16.3,13.5,24
2024-08-01,15.1311731338501,23.1213836669922,31.5647296905518,-0.0740310251712799,21.4,23.1,83.3,5.3,16.3,13.5,24
2024-08-02,14.976803779602,23.1095962524414,31.6715030670166,-0.0860017314553261,21.4,23.1,83.3,5.3,16.3,13.5,24
2024-08-03,13.5932474136353,22.3963317871094,31.6911525726318,-0.0962128043174744,21.4,23.1,83.3,5.3,16.3,13.5,24
2024-08-04,13.1197004318237,21.7815341949463,31.7923984527588,-0.14705453813076,21.4,23.1,83.3,5.3,16.3,13.5,24
2024-08-05,12.8733339309692,21.3117542266846,31.8751354217529,-0.155487060546875,21.4,23.1,83.3,5.3,16.3,13.5,24
2024-08-06,14.9561891555786,20.857271194458,31.6801509857178,-0.110834799706936,21.4,23.1,83.3,5.3,16.3,13.5,24
2024-08-07,14.763596534729,20.3424129486084,31.6736755371094,-0.0431335866451263,21.4,23.1,83.3,5.3,16.3,13.5,24
2024-08-08,14.7127866744995,20.9852428436279,31.5823211669922,0.0941539332270622,21.4,23.1,83.3,5.3,16.3,13.5,24
2024-08-09,17.441255569458,20.851863861084,31.5918598175049,0.0579549968242645,21.4,23.1,83.3,5.3,16.3,13.5,24
2024-08-10,17.1209011077881,20.7921962738037,31.6308917999268,-0.0599684417247772,21.4,23.1,83.3,5.3,16.3,13.5,24
2024-08-11,17.1437492370605,21.5477390289307,31.7433242797852,-0.0583957023918629,21.4,23.1,83.3,5.3,16.3,13.5,24
2024-08-12,15.8516607284546,21.3332710266113,31.4856395721436,-0.0114051029086113,21.4,23.1,83.3,5.3,16.3,13.5,24
2024-08-13,15.8597784042358,21.6527557373047,31.3180065155029,-0.0423042625188828,21.4,23.1,83.3,5.3,16.3,13.5,24
2024-08-14,15.6809644699097,21.8945064544678,31.1725215911865,-0.0309261977672577,21.4,23.1,83.3,5.3,16.3,13.5,24
2024-08-15,14.7571105957031,21.9382228851318,30.9839935302734,-0.00962361413985491,21.4,23.1,83.3,5.3,16.3,13.5,24
2024-08-16,14.310001373291,22.1163692474365,30.7357769012451,0.0172174200415611,21.4,23.1,83.3,5.3,16.3,13.5,24
2024-08-17,13.7942247390747,22.4264354705811,30.0737628936768,0.0728102177381516,21.4,23.1,83.3,5.3,16.3,13.5,24
2024-08-18,13.9784889221191,22.2074184417725,29.8695850372314,0.0847241282463074,21.4,23.1,83.3,5.3,16.3,13.5,24
2024-08-19,13.5496139526367,22.4915447235107,30.3226451873779,0.137709751725197,21.4,23.1,83.3,5.3,16.3,13.5,24
2024-08-20,13.7223749160767,22.1343460083008,29.7806854248047,0.0629028156399727,21.4,23.1,83.3,5.3,16.3,13.5,24
2024-08-21,13.8525238037109,20.7322101593018,29.4935359954834,-0.0025295780505985,21.4,23.1,83.3,5.3,16.3,13.5,24
2024-08-22,13.6493558883667,20.66969871521,29.9748592376709,-0.0367503315210342,21.4,23.1,83.3,5.3,16.3,13.5,24
2024-08-23,13.3729934692383,21.1248321533203,30.3017864227295,-0.0539931505918503,21.4,23.1,83.3,5.3,16.3,13.5,24
2024-08-24,13.2537612915039,21.6885280609131,30.2974243164062,-0.0262017454952002,21.4,23.1,83.3,5.3,16.3,13.5,24
2024-08-25,12.9429616928101,21.907506942749,30.1057872772217,-0.0444247126579285,21.4,23.1,83.3,5.3,16.3,13.5,24
2024-08-26,12.6948747634888,21.79323387146,29.7449855804443,-0.0417520552873611,21.4,23.1,83.3,5.3,16.3,13.5,24
2024-08-27,12.8462762832642,21.9698467254639,29.7789096832275,-0.0100492537021637,21.4,23.1,83.3,5.3,16.3,13.5,24
2024-08-28,13.022702217102,22.181640625,29.8778095245361,-0.0131300613284111,21.4,23.1,83.3,5.3,16.3,13.5,24
2024-08-29,12.7985773086548,22.5673885345459,29.9698619842529,0.0115759326145053,21.4,23.1,83.3,5.3,16.3,13.5,24
2024-08-30,14.2139177322388,22.3399658203125,30.0794677734375,0.108148157596588,21.4,23.1,83.3,5.3,16.3,13.5,24
2024-08-31,14.7343444824219,22.5935497283936,30.2163982391357,0.0801893547177315,21.4,23.1,83.3,5.3,16.3,13.5,24
2024-09-01,14.7372055053711,22.6828842163086,30.20876121521,0.0446486920118332,21.4,23.1,83.3,5.3,16.3,13.5,24
2024-09-02,15.2394866943359,22.5316543579102,29.9214096069336,0.0331527404487133,21.4,23.1,83.3,5.3,16.3,13.5,24
2024-09-03,15.7993459701538,22.0996627807617,30.3145732879639,0.106592148542404,21.4,23.1,83.3,5.3,16.3,13.5,24
2024-09-04,17.8867473602295,21.6067142486572,30.7022933959961,0.0233081039041281,21.4,23.1,83.3,5.3,16.3,13.5,24
2024-09-05,18.9442615509033,20.9768733978271,30.6833419799805,0.0389729626476765,21.4,23.1,83.3,5.3,16.3,13.5,24
2024-09-06,19.9975261688232,21.186243057251,30.6811771392822,0.132847428321838,21.4,23.1,83.3,5.3,16.3,13.5,24
2024-09-07,19.8228740692139,21.3208618164062,30.6148471832275,0.172523498535156,21.4,23.1,83.3,5.3,16.3,13.5,24
2024-09-08,18.916036605835,21.1376056671143,30.529447555542,0.158096387982368,21.4,23.1,83.3,5.3,16.3,13.5,24
2024-09-09,18.1050624847412,21.1275577545166,30.5417556762695,-0.0456809885799885,21.4,23.1,83.3,5.3,16.3,13.5,24
2024-09-10,15.7061996459961,21.3333110809326,30.4170475006104,-0.045364435762167,21.4,23.1,83.3,5.3,16.3,13.5,24
2024-09-11,15.7053442001343,21.4830226898193,30.2041854858398,0.016383795067668,21.4,23.1,83.3,5.3,16.3,13.5,24
2024-09-12,15.4118185043335,21.5222930908203,30.2416152954102,0.0206533055752516,21.4,23.1,83.3,5.3,16.3,13.5,24
2024-09-13,16.3110275268555,21.5793933868408,30.3178768157959,0.0410637147724628,21.4,23.1,83.3,5.3,16.3,13.5,24
2024-09-14,16.8238697052002,21.5669174194336,30.4092864990234,0.015224521048367,21.4,23.1,83.3,5.3,16.3,13.5,24
2024-09-15,18.2705688476562,21.4729461669922,30.591775894165,0.064252071082592,21.4,23.1,83.3,5.3,16.3,13.5,24
2024-09-16,20.4229640960693,21.2087707519531,30.5917568206787,0.113380633294582,21.4,23.1,83.3,5.3,16.3,13.5,24
2024-09-17,21.478364944458,21.4910984039307,30.7698268890381,0.11044117808342,21.4,23.1,83.3,5.3,16.3,13.5,24
2024-09-18,21.5971622467041,21.5971527099609,30.8655910491943,0.212199911475182,21.4,23.1,83.3,5.3,16.3,13.5,24
2024-09-19,21.5705795288086,21.56715965271,31.0799388885498,0.280095279216766,21.4,23.1,83.3,5.3,16.3,13.5,24
2024-09-20,21.721399307251,21.7593250274658,31.0579395294189,0.288356125354767,21.4,23.1,83.3,5.3,16.3,13.5,24
2024-09-21,21.6681346893311,21.7647495269775,31.050931930542,0.375870198011398,21.4,23.1,83.3,5.3,16.3,13.5,24
2024-09-22,21.7024307250977,21.7723484039307,31.0871982574463,0.338473290205002,21.4,23.1,83.3,5.3,16.3,13.5,24
2024-09-23,21.2004241943359,21.626594543457,31.1225070953369,0.401109486818314,21.4,23.1,83.3,5.3,16.3,13.5,24
2024-09-24,21.5308170318604,21.5437755584717,31.1226749420166,0.366952419281006,21.4,23.1,83.3,5.3,16.3,13.5,24
2024-09-25,21.4998073577881,21.4823017120361,30.9733638763428,0.320827811956406,21.4,23.1,83.3,5.3,16.3,13.5,24
2024-09-26,21.9345092773438,22.0041580200195,30.7324466705322,0.256657183170319,21.4,23.1,83.3,5.3,16.3,13.5,24
2024-09-27,21.8855438232422,22.2955150604248,30.6278400421143,0.223735809326172,21.4,23.1,83.3,5.3,16.3,13.5,24
2024-09-28,21.8339996337891,22.3518295288086,30.6591815948486,0.256994128227234,21.4,23.1,83.3,5.3,16.3,13.5,24
2024-09-29,21.5716609954834,22.4525699615479,30.4827499389648,0.287132889032364,21.4,23.1,83.3,5.3,16.3,13.5,24
2024-09-30,21.4852447509766,21.8798503875732,30.7595825195312,0.276964575052261,21.4,23.1,83.3,5.3,16.3,13.5,24
2024-10-01,21.410493850708,21.4001541137695,30.8028659820557,0.311899781227112,21.4,23.1,83.3,5.3,16.3,13.5,24
2024-10-02,21.2817897796631,21.3074893951416,30.8911285400391,0.381655126810074,21.4,23.1,83.3,5.3,16.3,13.5,24
2024-10-03,21.2038879394531,21.2570705413818,30.9484767913818,0.239204823970795,21.4,23.1,83.3,5.3,16.3,13.5,24
2024-10-04,21.1331081390381,21.4047374725342,30.8481578826904,0.123599477112293,21.4,23.1,83.3,5.3,16.3,13.5,24
2024-10-05,20.4292697906494,21.4830017089844,30.6556797027588,0.115576684474945,21.4,23.1,83.3,5.3,16.3,13.5,24
2024-10-06,20.4719123840332,21.3384685516357,30.7555294036865,0.145608171820641,21.4,23.1,83.3,5.3,16.3,13.5,24
2024-10-07,20.4194946289062,21.379150390625,30.6021175384521,0.15754397213459,21.4,23.1,83.3,5.3,16.3,13.5,24
2024-10-08,20.8247718811035,21.330602645874,30.6312007904053,0.206298753619194,21.4,23.1,83.3,5.3,16.3,13.5,24
2024-10-09,20.8399124145508,21.1611824035645,30.6206111907959,0.121009774506092,21.4,23.1,83.3,5.3,16.3,13.5,24
2024-10-10,20.8922996520996,20.8543224334717,30.8712711334229,0.170077562332153,21.4,23.1,83.3,5.3,16.3,13.5,24
2024-10-11,20.6772956848145,20.3772468566895,31.2489109039307,0.101263113319874,21.4,23.1,83.3,5.3,16.3,13.5,24
2024-10-12,20.4313907623291,20.1959972381592,30.9637928009033,-0.068293146789074,21.4,23.1,83.3,5.3,16.3,13.5,24
2024-10-13,20.3724689483643,20.4444904327393,30.7434902191162,-0.0468841940164566,21.4,23.1,83.3,5.3,16.3,13.5,24
2024-10-14,19.7757053375244,20.4869441986084,30.9872913360596,-0.0566603355109692,21.4,23.1,83.3,5.3,16.3,13.5,24
2024-10-15,19.3757457733154,19.8469524383545,31.0540084838867,-0.0227025002241135,21.4,23.1,83.3,5.3,16.3,13.5,24
2024-10-16,19.1414566040039,19.2083358764648,31.0808410644531,-0.098770946264267,21.4,23.1,83.3,5.3,16.3,13.5,24
2024-10-17,19.4021854400635,18.8375225067139,31.4086589813232,-0.0587948262691498,21.4,23.1,83.3,5.3,16.3,13.5,24
2024-10-18,18.7957172393799,18.741060256958,31.6571884155273,0.137908533215523,21.4,23.1,83.3,5.3,16.3,13.5,24
2024-10-19,18.5614776611328,18.5653514862061,31.5120182037354,0.0783930644392967,21.4,23.1,83.3,5.3,16.3,13.5,24
2024-10-20,18.5914897918701,18.6387805938721,31.4757823944092,-0.0338952876627445,21.4,23.1,83.3,5.3,16.3,13.5,24
2024-10-21,18.6661682128906,18.5863208770752,31.3732757568359,-0.0850930586457253,21.4,23.1,83.3,5.3,16.3,13.5,24
2024-10-22,18.7189235687256,18.5527839660645,31.1904754638672,-0.038275707513094,21.4,23.1,83.3,5.3,16.3,13.5,24
2024-10-23,18.6900081634521,18.4474411010742,31.0979557037354,0.0435689277946949,21.4,23.1,83.3,5.3,16.3,13.5,24
2024-10-24,18.6702404022217,18.3669300079346,31.1173915863037,0.0851017311215401,21.4,23.1,83.3,5.3,16.3,13.5,24
2024-10-25,18.6844921112061,18.1954479217529,31.5516185760498,0.0786492377519608,21.4,23.1,83.3,5.3,16.3,13.5,24
2024-10-26,18.3205432891846,17.9492855072021,31.4389877319336,0.000549923919606954,21.4,23.1,83.3,5.3,16.3,13.5,24
2024-10-27,18.1289615631104,17.8184375762939,31.6439895629883,-0.0225089248269796,21.4,23.1,83.3,5.3,16.3,13.5,24
2024-10-28,17.8973560333252,17.7538890838623,31.7441425323486,-0.106563992798328,21.4,23.1,83.3,5.3,16.3,13.5,24
2024-10-29,17.7720394134521,17.6806640625,31.6214065551758,-0.0639877691864967,21.4,23.1,83.3,5.3,16.3,13.5,24
2024-10-30,17.7841968536377,17.5579509735107,31.3934192657471,-0.0413610674440861,21.4,23.1,83.3,5.3,16.3,13.5,24
2024-10-31,17.7420635223389,17.6016712188721,31.1550674438477,-0.137825414538383,21.4,23.1,83.3,5.3,16.3,13.5,24
2024-11-01,17.9107818603516,17.859748840332,31.3089656829834,-0.183473005890846,21.4,23.1,83.3,5.3,16.3,13.5,24
2024-11-02,17.9141521453857,17.8200645446777,31.4810104370117,-0.126693665981293,21.4,23.1,83.3,5.3,16.3,13.5,24
2024-11-03,17.8924140930176,17.4748153686523,31.6145114898682,-0.0069423639215529,21.4,23.1,83.3,5.3,16.3,13.5,24
2024-11-04,17.9952087402344,17.3964748382568,31.7262115478516,0.00555237522348762,21.4,23.1,83.3,5.3,16.3,13.5,24
2024-11-05,17.9899921417236,17.378023147583,31.5812129974365,-0.0627053081989288,21.4,23.1,83.3,5.3,16.3,13.5,24
2024-11-06,17.8918647766113,17.4480438232422,31.3934688568115,-0.128845945000648,21.4,23.1,83.3,5.3,16.3,13.5,24
2024-11-07,18.0718154907227,17.83274269104,31.5309200286865,-0.124107323586941,21.4,23.1,83.3,5.3,16.3,13.5,24
2024-11-08,18.0263481140137,17.8565731048584,31.5871601104736,0.0249750167131424,21.4,23.1,83.3,5.3,16.3,13.5,24
2024-11-09,18.0116348266602,17.5867862701416,31.7219467163086,-0.0443594641983509,21.4,23.1,83.3,5.3,16.3,13.5,24
2024-11-10,17.4973011016846,17.0016956329346,31.8464584350586,-0.0199995841830969,21.4,23.1,83.3,5.3,16.3,13.5,24
2024-11-11,17.4163990020752,16.9814224243164,31.6871738433838,-0.0561987869441509,21.4,23.1,83.3,5.3,16.3,13.5,24
2024-11-12,17.290168762207,17.0027713775635,31.7710037231445,-0.0688158050179482,21.4,23.1,83.3,5.3,16.3,13.5,24
2024-11-13,16.7373523712158,16.6593112945557,31.952995300293,0.105580545961857,21.4,23.1,83.3,5.3,16.3,13.5,24
2024-11-14,16.445484161377,16.417459487915,31.9022521972656,0.205530941486359,21.4,23.1,83.3,5.3,16.3,13.5,24
2024-11-15,16.2887802124023,16.2653789520264,31.8591327667236,0.2672258913517,21.4,23.1,83.3,5.3,16.3,13.5,24
2024-11-16,16.1617813110352,16.1317939758301,31.8083190917969,0.206149861216545,21.4,23.1,83.3,5.3,16.3,13.5,24
2024-11-17,15.9344787597656,15.9069166183472,31.8655700683594,0.0878151133656502,21.4,23.1,83.3,5.3,16.3,13.5,24
2024-11-18,15.7975730895996,15.764307975769,31.8736038208008,0.054105743765831,21.4,23.1,83.3,5.3,16.3,13.5,24
2024-11-19,15.4975023269653,15.4881029129028,31.8797588348389,0.0994770154356956,21.4,23.1,83.3,5.3,16.3,13.5,24
2024-11-20,15.4977960586548,15.4157838821411,31.7881336212158,0.102292269468307,21.4,23.1,83.3,5.3,16.3,13.5,24
2024-11-21,15.472544670105,15.3906593322754,31.8490676879883,0.20895491540432,21.4,23.1,83.3,5.3,16.3,13.5,24
2024-11-22,15.01673412323,15.0000467300415,32.0083885192871,0.114127270877361,21.4,23.1,83.3,5.3,16.3,13.5,24
2024-11-23,14.56312084198,14.5149765014648,31.910623550415,0.0362287797033787,21.4,23.1,83.3,5.3,16.3,13.5,24
2024-11-24,14.3149938583374,14.2744836807251,31.9649600982666,-0.234540462493896,21.4,23.1,83.3,5.3,16.3,13.5,24
2024-11-25,14.3075304031372,14.2750101089478,32.2105674743652,-0.302602082490921,21.4,23.1,83.3,5.3,16.3,13.5,24
2024-11-26,14.5414419174194,14.2090950012207,32.2287216186523,-0.135478973388672,21.4,23.1,83.3,5.3,16.3,13.5,24
2024-11-27,14.6284599304199,14.0840530395508,32.2793235778809,-0.0118186213076115,21.4,23.1,83.3,5.3,16.3,13.5,24
2024-11-28,14.4368009567261,13.9710397720337,32.176700592041,0.0169672537595034,21.4,23.1,83.3,5.3,16.3,13.5,24
2024-11-29,14.3440885543823,13.7179956436157,32.1620445251465,-0.0919044613838196,21.4,23.1,83.3,5.3,16.3,13.5,24
2024-11-30,13.834963798523,13.3614950180054,32.1829719543457,-0.162142336368561,21.4,23.1,83.3,5.3,16.3,13.5,24
2024-12-01,13.5143814086914,13.0040445327759,32.1301231384277,-0.185733780264854,21.4,23.1,83.3,5.3,16.3,13.5,24
2024-12-02,13.4542875289917,12.7321310043335,32.1972770690918,-0.206234440207481,21.4,23.1,83.3,5.3,16.3,13.5,24
2024-12-03,13.0697784423828,12.7952909469604,32.4396018981934,-0.137200430035591,21.4,23.1,83.3,5.3,16.3,13.5,24
2024-12-04,12.4543962478638,12.3908309936523,32.4704360961914,-0.139277026057243,21.4,23.1,83.3,5.3,16.3,13.5,24
2024-12-05,11.7187776565552,11.6815118789673,32.2017974853516,-0.409021586179733,21.4,23.1,83.3,5.3,16.3,13.5,24
2024-12-06,11.4542417526245,11.3169288635254,32.3744697570801,-0.46046593785286,21.4,23.1,83.3,5.3,16.3,13.5,24
2024-12-07,11.1570281982422,10.5543565750122,32.4675102233887,-0.27423107624054,21.4,23.1,83.3,5.3,16.3,13.5,24
2024-12-08,11.6779594421387,10.6025228500366,32.6188888549805,-0.281575351953506,21.4,23.1,83.3,5.3,16.3,13.5,24
2024-12-09,12.6959533691406,11.1439599990845,32.8712425231934,-0.199921175837517,21.4,23.1,83.3,5.3,16.3,13.5,24
2024-12-10,12.8103103637695,10.6396169662476,32.5787086486816,-0.0779517367482185,21.4,23.1,83.3,5.3,16.3,13.5,24
2024-12-11,12.5187311172485,10.7014083862305,32.501392364502,0.0306975021958351,21.4,23.1,83.3,5.3,16.3,13.5,24
2024-12-12,12.3315010070801,11.1152353286743,32.9511985778809,-0.29908686876297,21.4,23.1,83.3,5.3,16.3,13.5,24
2024-12-13,11.5499534606934,10.2958822250366,32.7758445739746,-0.460071802139282,21.4,23.1,83.3,5.3,16.3,13.5,24
2024-12-14,11.1774759292603,10.9511795043945,33.1522903442383,-0.303626239299774,21.4,23.1,83.3,5.3,16.3,13.5,24
2024-12-15,11.0149736404419,10.9916334152222,33.0810012817383,-0.27162367105484,21.4,23.1,83.3,5.3,16.3,13.5,24
2024-12-16,10.6233949661255,10.6669340133667,32.8887557983398,-0.158630445599556,21.4,23.1,83.3,5.3,16.3,13.5,24
2024-12-17,10.6859550476074,10.3933038711548,32.7301139831543,-0.206006214022636,21.4,23.1,83.3,5.3,16.3,13.5,24
2024-12-18,10.7185792922974,10.199444770813,32.6435585021973,-0.228774130344391,21.4,23.1,83.3,5.3,16.3,13.5,24
2024-12-19,10.6239900588989,10.2146587371826,32.6377220153809,-0.147669643163681,21.4,23.1,83.3,5.3,16.3,13.5,24
2024-12-20,10.448296546936,10.4055185317993,32.7801856994629,-0.0288005638867617,21.4,23.1,83.3,5.3,16.3,13.5,24
2024-12-21,10.4998664855957,10.4593620300293,32.8083419799805,0.0909095779061317,21.4,23.1,83.3,5.3,16.3,13.5,24
2024-12-22,9.88260555267334,9.81952953338623,32.786735534668,-0.0807503163814545,21.4,23.1,83.3,5.3,16.3,13.5,24
2024-12-23,9.48405933380127,9.40683460235596,32.7676277160645,-0.260907620191574,21.4,23.1,83.3,5.3,16.3,13.5,24
2024-12-24,9.59718227386475,9.108811378479,32.7216835021973,-0.238147854804993,21.4,23.1,83.3,5.3,16.3,13.5,24
2024-12-25,9.34798049926758,8.84635543823242,32.742977142334,-0.213804721832275,21.4,23.1,83.3,5.3,16.3,13.5,24
2024-12-26,9.04802131652832,9.01519870758057,32.8965721130371,-0.106214582920074,21.4,23.1,83.3,5.3,16.3,13.5,24
2024-12-27,8.80012798309326,8.81011486053467,32.7970008850098,-0.0694019868969917,21.4,23.1,83.3,5.3,16.3,13.5,24
2024-12-28,9.01792621612549,9.08841705322266,32.7889556884766,-0.126995921134949,21.4,23.1,83.3,5.3,16.3,13.5,24
2024-12-29,9.15580654144287,8.67462825775146,32.3082618713379,-0.133306428790092,21.4,23.1,83.3,5.3,16.3,13.5,24
2024-12-30,9.44560432434082,8.75911331176758,32.3071327209473,-0.0471139587461948,21.4,23.1,83.3,5.3,16.3,13.5,24
2024-12-31,9.63601589202881,8.77024841308594,32.3016395568848,0.30936524271965,21.4,23.1,83.3,5.3,16.3,13.5,24
