"time","bottom_temp","sst","sss","zeta","dist_shore_km","dist_OC_km","dist_200m_km","dist_MO_km","dist_RTWB_km","dist_NB_km","depth_m"
2014-11-03,16.917932510376,16.8761596679688,33.0309257507324,-0.106515564024448,36,37.6,67.9,10.4,0.7,17.8,32
2014-11-04,16.8450336456299,16.8428134918213,33.1115455627441,-0.323222368955612,36,37.6,67.9,10.4,0.7,17.8,32
2014-11-05,16.9868717193604,16.8190517425537,33.1287841796875,-0.202420115470886,36,37.6,67.9,10.4,0.7,17.8,32
2014-11-06,16.7490291595459,16.6203784942627,33.032527923584,-0.0773738771677017,36,37.6,67.9,10.4,0.7,17.8,32
2014-11-07,16.8690013885498,16.2654228210449,32.856517791748,-0.118493922054768,36,37.6,67.9,10.4,0.7,17.8,32
2014-11-08,16.5824489593506,16.3187961578369,33.1154174804688,-0.217558667063713,36,37.6,67.9,10.4,0.7,17.8,32
2014-11-09,16.368049621582,16.0076065063477,32.9805488586426,-0.178218171000481,36,37.6,67.9,10.4,0.7,17.8,32
2014-11-10,16.5021877288818,15.9557800292969,32.9370155334473,-0.153305694460869,36,37.6,67.9,10.4,0.7,17.8,32
2014-11-11,16.1674938201904,16.0616626739502,33.0182266235352,-0.0455388836562634,36,37.6,67.9,10.4,0.7,17.8,32
2014-11-12,15.6625375747681,15.732310295105,32.9568519592285,-0.00423530861735344,36,37.6,67.9,10.4,0.7,17.8,32
2014-11-13,15.6887254714966,15.4754266738892,32.9711761474609,-0.0315947271883488,36,37.6,67.9,10.4,0.7,17.8,32
2014-11-14,15.2893600463867,15.2471876144409,33.0184555053711,-0.0541298575699329,36,37.6,67.9,10.4,0.7,17.8,32
2014-11-15,14.7441053390503,14.6574850082397,33.2330436706543,-0.200323224067688,36,37.6,67.9,10.4,0.7,17.8,32
2014-11-16,14.549111366272,14.5112113952637,33.2623596191406,-0.197949454188347,36,37.6,67.9,10.4,0.7,17.8,32
2014-11-17,14.5686149597168,14.5365438461304,33.2821311950684,-0.0321671180427074,36,37.6,67.9,10.4,0.7,17.8,32
2014-11-18,14.8617973327637,14.7611780166626,33.4019012451172,-0.216925978660583,36,37.6,67.9,10.4,0.7,17.8,32
2014-11-19,14.4458341598511,14.3760261535645,33.4471664428711,-0.419453471899033,36,37.6,67.9,10.4,0.7,17.8,32
2014-11-20,14.1096792221069,13.666600227356,33.0863265991211,-0.284706205129623,36,37.6,67.9,10.4,0.7,17.8,32
2014-11-21,14.7016916275024,13.5844192504883,33.0828552246094,-0.352243691682816,36,37.6,67.9,10.4,0.7,17.8,32
2014-11-22,14.2977066040039,13.5561294555664,33.2906646728516,-0.28057011961937,36,37.6,67.9,10.4,0.7,17.8,32
2014-11-23,14.2190828323364,13.6357984542847,33.3274993896484,-0.301130205392838,36,37.6,67.9,10.4,0.7,17.8,32
2014-11-24,14.8294248580933,13.6210556030273,33.3925666809082,-0.0821202322840691,36,37.6,67.9,10.4,0.7,17.8,32
2014-11-25,15.0177984237671,13.1234006881714,33.1299133300781,-0.0774012207984924,36,37.6,67.9,10.4,0.7,17.8,32
2014-11-26,14.8647613525391,13.3272542953491,33.3056449890137,0.0319317914545536,36,37.6,67.9,10.4,0.7,17.8,32
2014-11-27,14.1600952148438,14.0915756225586,33.4002532958984,0.0722328200936317,36,37.6,67.9,10.4,0.7,17.8,32
2014-11-28,13.9861640930176,13.9299545288086,33.4097480773926,-0.127851322293282,36,37.6,67.9,10.4,0.7,17.8,32
2014-11-29,13.8349990844727,13.7930688858032,33.4563331604004,-0.124542020261288,36,37.6,67.9,10.4,0.7,17.8,32
2014-11-30,13.8351707458496,13.7320327758789,33.4661178588867,-0.594989717006683,36,37.6,67.9,10.4,0.7,17.8,32
2014-12-01,13.1036157608032,11.8274698257446,33.0530204772949,-0.135761797428131,36,37.6,67.9,10.4,0.7,17.8,32
2014-12-02,13.2141790390015,12.0044851303101,33.1778717041016,-0.10059767216444,36,37.6,67.9,10.4,0.7,17.8,32
2014-12-03,13.0795583724976,12.5618562698364,33.2488822937012,0.0104109281674027,36,37.6,67.9,10.4,0.7,17.8,32
2014-12-04,13.1291646957397,12.4303064346313,33.2141609191895,-0.187047258019447,36,37.6,67.9,10.4,0.7,17.8,32
2014-12-05,13.1778383255005,12.6092939376831,33.3341102600098,-0.136962994933128,36,37.6,67.9,10.4,0.7,17.8,32
2014-12-06,11.9769830703735,12.3683700561523,33.3574676513672,0.034607894718647,36,37.6,67.9,10.4,0.7,17.8,32
2014-12-07,12.0071859359741,12.0515336990356,33.3802032470703,0.055606123059988,36,37.6,67.9,10.4,0.7,17.8,32
2014-12-08,11.6493425369263,11.6366662979126,33.5377044677734,0.230833366513252,36,37.6,67.9,10.4,0.7,17.8,32
2014-12-09,11.5135526657104,11.5252771377563,33.2813529968262,0.428585857152939,36,37.6,67.9,10.4,0.7,17.8,32
2014-12-10,11.0131645202637,10.9784822463989,32.855712890625,0.118388235569,36,37.6,67.9,10.4,0.7,17.8,32
2014-12-11,10.7829580307007,10.739182472229,32.8340530395508,-0.122381567955017,36,37.6,67.9,10.4,0.7,17.8,32
2014-12-12,10.2718915939331,10.178071975708,32.8171348571777,-0.190896794199944,36,37.6,67.9,10.4,0.7,17.8,32
2014-12-13,10.3459587097168,10.2210874557495,32.8956489562988,-0.131947129964828,36,37.6,67.9,10.4,0.7,17.8,32
2014-12-14,10.1661233901978,10.0909585952759,32.8865776062012,-0.107149332761765,36,37.6,67.9,10.4,0.7,17.8,32
2014-12-15,9.61574363708496,9.56825542449951,32.9010047912598,-0.170485377311707,36,37.6,67.9,10.4,0.7,17.8,32
2014-12-16,9.60468196868896,9.48525810241699,32.885856628418,-0.0857220888137817,36,37.6,67.9,10.4,0.7,17.8,32
2014-12-17,9.79683017730713,9.49928951263428,32.8512954711914,-0.0618652068078518,36,37.6,67.9,10.4,0.7,17.8,32
2014-12-18,9.71325778961182,9.96514415740967,32.7282485961914,-0.208780780434608,36,37.6,67.9,10.4,0.7,17.8,32
2014-12-19,10.1293134689331,9.80847358703613,32.8465881347656,-0.257997632026672,36,37.6,67.9,10.4,0.7,17.8,32
2014-12-20,10.2838563919067,9.53661060333252,32.8563499450684,-0.256954699754715,36,37.6,67.9,10.4,0.7,17.8,32
2014-12-21,10.5189352035522,8.80686092376709,32.6352424621582,-0.228527590632439,36,37.6,67.9,10.4,0.7,17.8,32
2014-12-22,10.3663482666016,8.68674373626709,32.578929901123,-0.198763012886047,36,37.6,67.9,10.4,0.7,17.8,32
2014-12-23,10.1765832901001,9.06279563903809,32.6261558532715,-0.0725785344839096,36,37.6,67.9,10.4,0.7,17.8,32
2014-12-24,9.11611366271973,9.07000637054443,32.5000190734863,-0.0552481077611446,36,37.6,67.9,10.4,0.7,17.8,32
2014-12-25,9.04757213592529,8.75252628326416,32.0762214660645,-0.155682876706123,36,37.6,67.9,10.4,0.7,17.8,32
2014-12-26,9.18265628814697,8.8312931060791,32.3613586425781,-0.37428292632103,36,37.6,67.9,10.4,0.7,17.8,32
2014-12-27,9.27474021911621,8.65440273284912,32.3164482116699,-0.309214323759079,36,37.6,67.9,10.4,0.7,17.8,32
2014-12-28,9.36971569061279,8.52922248840332,32.1451683044434,-0.211207434535027,36,37.6,67.9,10.4,0.7,17.8,32
2014-12-29,9.44361686706543,8.58137798309326,31.9936065673828,-0.209002315998077,36,37.6,67.9,10.4,0.7,17.8,32
2014-12-30,9.91301250457764,9.16359043121338,32.4838562011719,-0.186195477843285,36,37.6,67.9,10.4,0.7,17.8,32
2014-12-31,9.79379653930664,9.2900972366333,32.6540985107422,-0.615656316280365,36,37.6,67.9,10.4,0.7,17.8,32
2015-01-01,9.9540319442749,9.06403827667236,32.790828704834,-0.270472079515457,36,37.6,67.9,10.4,0.7,17.8,32
2015-01-02,9.82649898529053,8.16248989105225,32.3420677185059,-0.428609013557434,36,37.6,67.9,10.4,0.7,17.8,32
2015-01-03,9.81968021392822,8.15733814239502,32.5065994262695,-0.362078160047531,36,37.6,67.9,10.4,0.7,17.8,32
2015-01-04,9.93876838684082,8.25137805938721,32.4500694274902,-0.179215863347054,36,37.6,67.9,10.4,0.7,17.8,32
2015-01-05,10.310528755188,8.27677249908447,32.1719779968262,-0.41503831744194,36,37.6,67.9,10.4,0.7,17.8,32
2015-01-06,10.376971244812,8.39426708221436,32.3425254821777,-0.442544847726822,36,37.6,67.9,10.4,0.7,17.8,32
2015-01-07,10.8037538528442,8.26488208770752,32.3274536132812,-0.383599132299423,36,37.6,67.9,10.4,0.7,17.8,32
2015-01-08,10.3976669311523,7.89601373672485,32.7594184875488,-0.476157635450363,36,37.6,67.9,10.4,0.7,17.8,32
2015-01-09,9.90403175354004,7.96014738082886,32.9111289978027,-0.434547185897827,36,37.6,67.9,10.4,0.7,17.8,32
2015-01-10,9.84642314910889,8.12597179412842,33.0316467285156,-0.555584728717804,36,37.6,67.9,10.4,0.7,17.8,32
2015-01-11,8.47721195220947,7.09917402267456,33.1849899291992,-0.493655204772949,36,37.6,67.9,10.4,0.7,17.8,32
2015-01-12,8.47541904449463,7.19585084915161,33.2245140075684,-0.339160889387131,36,37.6,67.9,10.4,0.7,17.8,32
2015-01-13,8.18550395965576,7.21431303024292,33.2045631408691,-0.333844512701035,36,37.6,67.9,10.4,0.7,17.8,32
2015-01-14,7.41598081588745,7.39356803894043,33.1730194091797,-0.119301855564117,36,37.6,67.9,10.4,0.7,17.8,32
2015-01-15,7.26053667068481,7.1929144859314,33.0406608581543,-0.147195905447006,36,37.6,67.9,10.4,0.7,17.8,32
2015-01-16,7.71846151351929,7.08460092544556,33.0169792175293,-0.304251939058304,36,37.6,67.9,10.4,0.7,17.8,32
2015-01-17,7.76640510559082,7.0873851776123,33.1079978942871,-0.40532386302948,36,37.6,67.9,10.4,0.7,17.8,32
2015-01-18,7.81913423538208,7.14518547058105,33.1672515869141,-0.2440475076437,36,37.6,67.9,10.4,0.7,17.8,32
2015-01-19,7.90102577209473,6.71665143966675,32.8387107849121,-0.282783001661301,36,37.6,67.9,10.4,0.7,17.8,32
2015-01-20,7.85987663269043,6.58467483520508,32.9562110900879,-0.345567911863327,36,37.6,67.9,10.4,0.7,17.8,32
2015-01-21,8.05956172943115,6.86761903762817,33.1476135253906,-0.331064283847809,36,37.6,67.9,10.4,0.7,17.8,32
2015-01-22,7.9606614112854,6.88860321044922,33.2278709411621,-0.296163856983185,36,37.6,67.9,10.4,0.7,17.8,32
2015-01-23,7.27076578140259,6.88550138473511,33.0805053710938,-0.248862162232399,36,37.6,67.9,10.4,0.7,17.8,32
2015-01-24,7.1067214012146,6.55237913131714,33.0008201599121,-0.0595106966793537,36,37.6,67.9,10.4,0.7,17.8,32
2015-01-25,7.16578531265259,6.2318058013916,32.9814109802246,-0.264913737773895,36,37.6,67.9,10.4,0.7,17.8,32
2015-01-26,6.9354453086853,5.74378967285156,33.0706520080566,-0.0325938500463963,36,37.6,67.9,10.4,0.7,17.8,32
2015-01-27,5.74279594421387,5.66147470474243,33.2249031066895,0.208739563822746,36,37.6,67.9,10.4,0.7,17.8,32
2015-01-28,5.66681289672852,5.62842893600464,33.3674736022949,-0.0353975892066956,36,37.6,67.9,10.4,0.7,17.8,32
2015-01-29,5.42724180221558,5.39366006851196,33.2878456115723,-0.204113706946373,36,37.6,67.9,10.4,0.7,17.8,32
2015-01-30,5.66141510009766,5.29605436325073,33.2339820861816,-0.150606736540794,36,37.6,67.9,10.4,0.7,17.8,32
2015-01-31,5.3396725654602,5.21496915817261,33.326587677002,-0.381148010492325,36,37.6,67.9,10.4,0.7,17.8,32
2015-02-01,5.31359004974365,5.44574785232544,33.296630859375,-0.330044597387314,36,37.6,67.9,10.4,0.7,17.8,32
2015-02-02,5.49759435653687,5.07685422897339,32.9560737609863,-0.140888646245003,36,37.6,67.9,10.4,0.7,17.8,32
2015-02-03,6.02028274536133,5.12065553665161,33.1009101867676,-0.398678928613663,36,37.6,67.9,10.4,0.7,17.8,32
2015-02-04,4.63640832901001,5.32409524917603,33.266529083252,-0.360714554786682,36,37.6,67.9,10.4,0.7,17.8,32
2015-02-05,4.73434400558472,5.07083463668823,33.1617889404297,-0.297159075737,36,37.6,67.9,10.4,0.7,17.8,32
2015-02-06,4.65171384811401,4.49728345870972,33.2713813781738,-0.390415757894516,36,37.6,67.9,10.4,0.7,17.8,32
2015-02-07,4.7351975440979,4.45803117752075,33.2428703308105,-0.359281271696091,36,37.6,67.9,10.4,0.7,17.8,32
2015-02-08,4.98643064498901,4.61117219924927,33.2212600708008,-0.186806246638298,36,37.6,67.9,10.4,0.7,17.8,32
2015-02-09,5.34499788284302,4.39940643310547,32.9915657043457,-0.0106414146721363,36,37.6,67.9,10.4,0.7,17.8,32
2015-02-10,4.04243898391724,3.5730504989624,33.2023658752441,0.153383523225784,36,37.6,67.9,10.4,0.7,17.8,32
2015-02-11,4.01602602005005,4.01570796966553,33.4485168457031,0.165821716189384,36,37.6,67.9,10.4,0.7,17.8,32
2015-02-12,4.17987585067749,4.10201787948608,33.3728828430176,0.071074590086937,36,37.6,67.9,10.4,0.7,17.8,32
2015-02-13,4.17931890487671,4.03661108016968,33.3493156433105,-0.180364176630974,36,37.6,67.9,10.4,0.7,17.8,32
2015-02-14,4.16563177108765,3.9251492023468,33.380558013916,-0.0985452830791473,36,37.6,67.9,10.4,0.7,17.8,32
2015-02-15,3.92214703559875,3.30185413360596,33.1326217651367,-0.234375402331352,36,37.6,67.9,10.4,0.7,17.8,32
2015-02-16,2.824462890625,2.75048041343689,33.2873840332031,-0.379137247800827,36,37.6,67.9,10.4,0.7,17.8,32
2015-02-17,2.97360992431641,2.72707009315491,33.2999114990234,-0.227877721190453,36,37.6,67.9,10.4,0.7,17.8,32
2015-02-18,3.01396465301514,2.67179274559021,33.3238716125488,-0.130011528730392,36,37.6,67.9,10.4,0.7,17.8,32
2015-02-19,3.13117122650146,2.78043866157532,33.2094459533691,-0.248491927981377,36,37.6,67.9,10.4,0.7,17.8,32
2015-02-20,2.97983527183533,2.74447512626648,33.2769546508789,-0.511234700679779,36,37.6,67.9,10.4,0.7,17.8,32
2015-02-21,3.42902207374573,2.42403531074524,33.2124137878418,-0.479288101196289,36,37.6,67.9,10.4,0.7,17.8,32
2015-02-22,3.70273327827454,2.09687542915344,32.5827178955078,-0.280905455350876,36,37.6,67.9,10.4,0.7,17.8,32
2015-02-23,3.71565651893616,2.53840661048889,32.8159828186035,-0.356337040662766,36,37.6,67.9,10.4,0.7,17.8,32
2015-02-24,3.65311431884766,3.44066262245178,33.4344100952148,-0.346740037202835,36,37.6,67.9,10.4,0.7,17.8,32
2015-02-25,3.76696491241455,3.31696033477783,33.3255081176758,-0.218442276120186,36,37.6,67.9,10.4,0.7,17.8,32
2015-02-26,3.84903120994568,3.40932631492615,33.3617134094238,-0.210276082158089,36,37.6,67.9,10.4,0.7,17.8,32
2015-02-27,3.41152691841125,3.31881594657898,33.3000907897949,-0.348271131515503,36,37.6,67.9,10.4,0.7,17.8,32
2015-02-28,2.64404296875,2.32046937942505,33.1325187683105,-0.49291518330574,36,37.6,67.9,10.4,0.7,17.8,32
2015-03-01,2.49480962753296,2.33940315246582,33.184009552002,-0.379050523042679,36,37.6,67.9,10.4,0.7,17.8,32
2015-03-02,2.71082758903503,2.46731495857239,33.1702079772949,-0.355884820222855,36,37.6,67.9,10.4,0.7,17.8,32
2015-03-03,3.79266357421875,3.35922741889954,33.2138557434082,-0.394277691841125,36,37.6,67.9,10.4,0.7,17.8,32
2015-03-04,3.95012497901917,3.48478484153748,33.1027946472168,-0.261623501777649,36,37.6,67.9,10.4,0.7,17.8,32
2015-03-05,4.20845985412598,3.4803249835968,32.945240020752,-0.319498240947723,36,37.6,67.9,10.4,0.7,17.8,32
2015-03-06,3.31294846534729,2.00248742103577,33.094554901123,-0.372819513082504,36,37.6,67.9,10.4,0.7,17.8,32
2015-03-07,3.11977887153625,1.83504474163055,33.0571174621582,-0.359858363866806,36,37.6,67.9,10.4,0.7,17.8,32
2015-03-08,3.36829733848572,1.95455062389374,32.6483116149902,-0.435471504926682,36,37.6,67.9,10.4,0.7,17.8,32
2015-03-09,3.87381744384766,3.37926959991455,32.4490623474121,-0.379250407218933,36,37.6,67.9,10.4,0.7,17.8,32
2015-03-10,3.95765948295593,3.93452930450439,32.4135856628418,-0.332190841436386,36,37.6,67.9,10.4,0.7,17.8,32
2015-03-11,4.02714109420776,4.31802034378052,32.032600402832,-0.30080658197403,36,37.6,67.9,10.4,0.7,17.8,32
2015-03-12,3.6844642162323,3.37449860572815,32.0335311889648,-0.514083385467529,36,37.6,67.9,10.4,0.7,17.8,32
2015-03-13,3.76351237297058,3.57082581520081,32.526294708252,-0.398960620164871,36,37.6,67.9,10.4,0.7,17.8,32
2015-03-14,3.67929482460022,3.82806706428528,32.7599639892578,-0.185393452644348,36,37.6,67.9,10.4,0.7,17.8,32
2015-03-15,4.27822303771973,3.8710298538208,32.8281402587891,-0.241255834698677,36,37.6,67.9,10.4,0.7,17.8,32
2015-03-16,4.35927057266235,4.29986619949341,32.9731140136719,-0.300498992204666,36,37.6,67.9,10.4,0.7,17.8,32
2015-03-17,4.55320978164673,4.59849119186401,32.8955841064453,-0.121945179998875,36,37.6,67.9,10.4,0.7,17.8,32
2015-03-18,4.29741621017456,4.36306953430176,32.8678894042969,-0.340574353933334,36,37.6,67.9,10.4,0.7,17.8,32
2015-03-19,4.21576261520386,4.47722816467285,33.122631072998,-0.427841633558273,36,37.6,67.9,10.4,0.7,17.8,32
2015-03-20,4.25472021102905,4.54617261886597,33.1685829162598,-0.261956632137299,36,37.6,67.9,10.4,0.7,17.8,32
2015-03-21,3.59002375602722,4.39990282058716,33.0487022399902,-0.0931501686573029,36,37.6,67.9,10.4,0.7,17.8,32
2015-03-22,3.52822279930115,4.27620267868042,32.8128547668457,-0.228255450725555,36,37.6,67.9,10.4,0.7,17.8,32
2015-03-23,3.68872857093811,4.52444267272949,33.0029449462891,-0.257878094911575,36,37.6,67.9,10.4,0.7,17.8,32
2015-03-24,4.5167989730835,5.00040149688721,33.3458976745605,-0.387915998697281,36,37.6,67.9,10.4,0.7,17.8,32
2015-03-25,4.58188915252686,5.22962141036987,33.3732261657715,-0.342565089464188,36,37.6,67.9,10.4,0.7,17.8,32
2015-03-26,4.64857053756714,5.4236216545105,33.1854438781738,-0.200263515114784,36,37.6,67.9,10.4,0.7,17.8,32
2015-03-27,5.23917055130005,5.67455911636353,32.2659034729004,-0.147199809551239,36,37.6,67.9,10.4,0.7,17.8,32
2015-03-28,5.3797926902771,5.78752708435059,33.0143165588379,-0.202713310718536,36,37.6,67.9,10.4,0.7,17.8,32
2015-03-29,5.423180103302,5.37108993530273,32.9846954345703,-0.241958379745483,36,37.6,67.9,10.4,0.7,17.8,32
2015-03-30,3.9702684879303,4.11209154129028,32.7961082458496,-0.200819119811058,36,37.6,67.9,10.4,0.7,17.8,32
2015-03-31,4.25294733047485,4.33887529373169,32.6932563781738,-0.184421464800835,36,37.6,67.9,10.4,0.7,17.8,32
2015-04-01,4.50494575500488,4.54171991348267,32.3853912353516,-0.226496800780296,36,37.6,67.9,10.4,0.7,17.8,32
2015-04-02,3.97608399391174,4.81467771530151,32.6387977600098,-0.282297283411026,36,37.6,67.9,10.4,0.7,17.8,32
2015-04-03,4.42577934265137,4.95817232131958,32.1992301940918,-0.285456627607346,36,37.6,67.9,10.4,0.7,17.8,32
2015-04-04,5.15406560897827,5.29957246780396,32.0005722045898,-0.334797978401184,36,37.6,67.9,10.4,0.7,17.8,32
2015-04-05,5.61480188369751,5.77839231491089,32.230281829834,-0.434114068746567,36,37.6,67.9,10.4,0.7,17.8,32
2015-04-06,5.86541938781738,6.09718656539917,32.1936454772949,-0.402888983488083,36,37.6,67.9,10.4,0.7,17.8,32
2015-04-07,6.08047914505005,6.53403663635254,32.1172370910645,-0.308274358510971,36,37.6,67.9,10.4,0.7,17.8,32
2015-04-08,6.44077682495117,7.01184034347534,31.960693359375,-0.18083943426609,36,37.6,67.9,10.4,0.7,17.8,32
2015-04-09,5.81557321548462,7.09966278076172,31.5575580596924,-0.104085706174374,36,37.6,67.9,10.4,0.7,17.8,32
2015-04-10,5.75266885757446,7.14289283752441,31.8604202270508,-0.0562673211097717,36,37.6,67.9,10.4,0.7,17.8,32
2015-04-11,5.20845794677734,6.22064447402954,32.0420722961426,-0.228248462080956,36,37.6,67.9,10.4,0.7,17.8,32
2015-04-12,5.44215393066406,6.63055658340454,32.0455741882324,-0.358866184949875,36,37.6,67.9,10.4,0.7,17.8,32
2015-04-13,5.64351415634155,7.28488349914551,32.0614356994629,-0.28456699848175,36,37.6,67.9,10.4,0.7,17.8,32
2015-04-14,5.50798034667969,7.61425924301147,31.9805240631104,-0.265906721353531,36,37.6,67.9,10.4,0.7,17.8,32
2015-04-15,5.48582649230957,7.95393800735474,32.1029777526855,-0.305144459009171,36,37.6,67.9,10.4,0.7,17.8,32
2015-04-16,5.51074075698853,8.48658180236816,32.2142448425293,-0.338001996278763,36,37.6,67.9,10.4,0.7,17.8,32
2015-04-17,5.56169128417969,9.18955135345459,32.2447319030762,-0.258114784955978,36,37.6,67.9,10.4,0.7,17.8,32
2015-04-18,5.69987869262695,9.64495182037354,32.0623664855957,-0.299378603696823,36,37.6,67.9,10.4,0.7,17.8,32
2015-04-19,5.76261281967163,10.0181922912598,32.0881767272949,-0.254063278436661,36,37.6,67.9,10.4,0.7,17.8,32
2015-04-20,4.63381958007812,8.71278858184814,32.3590927124023,-0.065763808786869,36,37.6,67.9,10.4,0.7,17.8,32
2015-04-21,4.5462851524353,8.71463203430176,31.9773273468018,-0.0755294263362885,36,37.6,67.9,10.4,0.7,17.8,32
2015-04-22,4.61255693435669,9.10582733154297,31.7891063690186,-0.124422021210194,36,37.6,67.9,10.4,0.7,17.8,32
2015-04-23,5.88613510131836,9.3838996887207,31.5883846282959,-0.142576977610588,36,37.6,67.9,10.4,0.7,17.8,32
2015-04-24,6.27163648605347,9.1574068069458,31.7930145263672,-0.219830021262169,36,37.6,67.9,10.4,0.7,17.8,32
2015-04-25,6.42204475402832,9.01670742034912,32.070728302002,-0.159804001450539,36,37.6,67.9,10.4,0.7,17.8,32
2015-04-26,6.4288649559021,8.80128288269043,32.1008262634277,-0.0558034628629684,36,37.6,67.9,10.4,0.7,17.8,32
2015-04-27,6.44892501831055,9.14227199554443,32.1415634155273,-0.0600634627044201,36,37.6,67.9,10.4,0.7,17.8,32
2015-04-28,6.64388418197632,9.27640247344971,32.127124786377,-0.132046431303024,36,37.6,67.9,10.4,0.7,17.8,32
2015-04-29,6.93867683410645,9.66529273986816,32.1308059692383,-0.112465791404247,36,37.6,67.9,10.4,0.7,17.8,32
2015-04-30,7.06440114974976,10.4379997253418,31.9571304321289,-0.0456324629485607,36,37.6,67.9,10.4,0.7,17.8,32
2015-05-01,6.89573526382446,10.6820030212402,32.0451927185059,-0.0371595360338688,36,37.6,67.9,10.4,0.7,17.8,32
2015-05-02,5.90123558044434,9.12978267669678,32.4364547729492,-0.0693203136324883,36,37.6,67.9,10.4,0.7,17.8,32
2015-05-03,5.71960067749023,9.56354141235352,32.4179191589355,-0.176465585827827,36,37.6,67.9,10.4,0.7,17.8,32
2015-05-04,5.99865674972534,10.5373620986938,31.8561420440674,-0.262013286352158,36,37.6,67.9,10.4,0.7,17.8,32
2015-05-05,6.28044843673706,11.7507133483887,30.5920009613037,-0.31380507349968,36,37.6,67.9,10.4,0.7,17.8,32
2015-05-06,6.6580753326416,12.6032943725586,30.3052997589111,-0.307794243097305,36,37.6,67.9,10.4,0.7,17.8,32
2015-05-07,6.73000860214233,13.2253227233887,30.3554744720459,-0.261278420686722,36,37.6,67.9,10.4,0.7,17.8,32
2015-05-08,6.53835439682007,14.5844278335571,30.503870010376,-0.243583202362061,36,37.6,67.9,10.4,0.7,17.8,32
2015-05-09,6.45136880874634,15.055739402771,30.6118144989014,-0.184275522828102,36,37.6,67.9,10.4,0.7,17.8,32
2015-05-10,6.06439781188965,15.4986162185669,30.6949825286865,-0.155191645026207,36,37.6,67.9,10.4,0.7,17.8,32
2015-05-11,6.64576482772827,16.1010112762451,30.7598209381104,-0.161079198122025,36,37.6,67.9,10.4,0.7,17.8,32
2015-05-12,6.76275014877319,16.3314380645752,30.8740940093994,-0.117572538554668,36,37.6,67.9,10.4,0.7,17.8,32
2015-05-13,6.98309183120728,15.1932897567749,31.1137409210205,-0.277176797389984,36,37.6,67.9,10.4,0.7,17.8,32
2015-05-14,6.79634857177734,13.4691801071167,31.4399814605713,-0.299406558275223,36,37.6,67.9,10.4,0.7,17.8,32
2015-05-15,6.46282052993774,13.647952079773,31.5550842285156,-0.294044494628906,36,37.6,67.9,10.4,0.7,17.8,32
2015-05-16,6.43239784240723,14.0996398925781,31.575231552124,-0.233847483992577,36,37.6,67.9,10.4,0.7,17.8,32
2015-05-17,7.03766489028931,15.7815170288086,31.5747089385986,-0.250718623399734,36,37.6,67.9,10.4,0.7,17.8,32
2015-05-18,7.18052434921265,16.3726978302002,31.6228656768799,-0.197101607918739,36,37.6,67.9,10.4,0.7,17.8,32
2015-05-19,6.98430824279785,16.7752876281738,31.7570743560791,-0.0845664665102959,36,37.6,67.9,10.4,0.7,17.8,32
2015-05-20,8.27890872955322,16.1065044403076,31.9256076812744,-0.115876622498035,36,37.6,67.9,10.4,0.7,17.8,32
2015-05-21,8.55226993560791,15.6425657272339,32.1604042053223,-0.120716370642185,36,37.6,67.9,10.4,0.7,17.8,32
2015-05-22,8.59555816650391,15.0246505737305,32.4309921264648,-0.13086961209774,36,37.6,67.9,10.4,0.7,17.8,32
2015-05-23,9.23356914520264,14.6083564758301,33.0054969787598,-0.297039121389389,36,37.6,67.9,10.4,0.7,17.8,32
2015-05-24,9.37003993988037,14.7638549804688,33.0567359924316,-0.316725075244904,36,37.6,67.9,10.4,0.7,17.8,32
2015-05-25,9.78201198577881,15.500415802002,32.7201118469238,-0.331513434648514,36,37.6,67.9,10.4,0.7,17.8,32
2015-05-26,10.2558717727661,16.7496700286865,32.6250495910645,-0.318608105182648,36,37.6,67.9,10.4,0.7,17.8,32
2015-05-27,10.6190795898438,17.1282768249512,32.294620513916,-0.293458670377731,36,37.6,67.9,10.4,0.7,17.8,32
2015-05-28,11.1516027450562,17.4702739715576,32.1823234558105,-0.26073157787323,36,37.6,67.9,10.4,0.7,17.8,32
2015-05-29,12.2626371383667,18.6596431732178,32.4193992614746,-0.306039243936539,36,37.6,67.9,10.4,0.7,17.8,32
2015-05-30,12.365288734436,19.3902053833008,32.4441871643066,-0.267518371343613,36,37.6,67.9,10.4,0.7,17.8,32
2015-05-31,12.3882341384888,19.5160293579102,32.4722518920898,-0.25734806060791,36,37.6,67.9,10.4,0.7,17.8,32
2015-06-01,12.9498701095581,19.4892768859863,32.5096969604492,-0.243646025657654,36,37.6,67.9,10.4,0.7,17.8,32
2015-06-02,12.9050979614258,19.7766208648682,32.5373840332031,-0.122796051204205,36,37.6,67.9,10.4,0.7,17.8,32
2015-06-03,12.8616342544556,19.5285243988037,32.3737525939941,-0.0500841028988361,36,37.6,67.9,10.4,0.7,17.8,32
2015-06-04,12.3849191665649,17.3018531799316,32.5057792663574,-0.0540137477219105,36,37.6,67.9,10.4,0.7,17.8,32
2015-06-05,11.9983215332031,17.1355686187744,32.3586311340332,-0.0367417968809605,36,37.6,67.9,10.4,0.7,17.8,32
2015-06-06,11.6885757446289,17.0174312591553,32.3174705505371,-0.0698889195919037,36,37.6,67.9,10.4,0.7,17.8,32
2015-06-07,11.4411420822144,17.0048446655273,32.3676643371582,-0.125826790928841,36,37.6,67.9,10.4,0.7,17.8,32
2015-06-08,11.3628969192505,17.308313369751,32.3498725891113,-0.116326846182346,36,37.6,67.9,10.4,0.7,17.8,32
2015-06-09,11.3493118286133,17.6673774719238,32.2290382385254,-0.107115395367146,36,37.6,67.9,10.4,0.7,17.8,32
2015-06-10,10.9592733383179,18.5513553619385,32.3342018127441,-0.098092645406723,36,37.6,67.9,10.4,0.7,17.8,32
2015-06-11,11.0118217468262,18.9530029296875,32.3621864318848,-0.129091426730156,36,37.6,67.9,10.4,0.7,17.8,32
2015-06-12,11.1750383377075,19.2099437713623,32.3934669494629,-0.173178315162659,36,37.6,67.9,10.4,0.7,17.8,32
2015-06-13,12.1226997375488,20.3054504394531,32.3686256408691,-0.188003480434418,36,37.6,67.9,10.4,0.7,17.8,32
2015-06-14,12.2671327590942,21.0948925018311,32.3453407287598,-0.204218551516533,36,37.6,67.9,10.4,0.7,17.8,32
2015-06-15,12.2124605178833,21.4021778106689,32.2453804016113,-0.147611692547798,36,37.6,67.9,10.4,0.7,17.8,32
2015-06-16,11.9637460708618,21.7194766998291,32.2414360046387,-0.123146079480648,36,37.6,67.9,10.4,0.7,17.8,32
2015-06-17,11.8402395248413,22.0506000518799,32.1417999267578,-0.190476790070534,36,37.6,67.9,10.4,0.7,17.8,32
2015-06-18,11.5649652481079,22.0558032989502,32.207706451416,-0.162902429699898,36,37.6,67.9,10.4,0.7,17.8,32
2015-06-19,11.904149055481,22.2611999511719,32.1181449890137,-0.129377096891403,36,37.6,67.9,10.4,0.7,17.8,32
2015-06-20,11.7441930770874,22.8488788604736,32.0585746765137,-0.127523556351662,36,37.6,67.9,10.4,0.7,17.8,32
2015-06-21,11.5592374801636,22.5300922393799,31.9430389404297,-0.0669751688838005,36,37.6,67.9,10.4,0.7,17.8,32
2015-06-22,11.0142240524292,23.0991439819336,31.8371429443359,-0.190296649932861,36,37.6,67.9,10.4,0.7,17.8,32
2015-06-23,10.8311815261841,23.3400936126709,31.7301330566406,-0.158205956220627,36,37.6,67.9,10.4,0.7,17.8,32
2015-06-24,10.6482028961182,23.334493637085,31.6550216674805,-0.161347433924675,36,37.6,67.9,10.4,0.7,17.8,32
2015-06-25,11.0530166625977,23.057107925415,31.6408843994141,-0.161562725901604,36,37.6,67.9,10.4,0.7,17.8,32
2015-06-26,11.0509614944458,23.1193828582764,31.5097503662109,-0.0848728343844414,36,37.6,67.9,10.4,0.7,17.8,32
2015-06-27,11.0890197753906,22.7073383331299,31.7056732177734,-0.0374171175062656,36,37.6,67.9,10.4,0.7,17.8,32
2015-06-28,10.549111366272,22.0945892333984,31.7914257049561,0.024422412738204,36,37.6,67.9,10.4,0.7,17.8,32
2015-06-29,10.2390928268433,21.9578418731689,31.7297420501709,-0.129141107201576,36,37.6,67.9,10.4,0.7,17.8,32
2015-06-30,10.0161981582642,22.3485584259033,31.6499996185303,-0.108154706656933,36,37.6,67.9,10.4,0.7,17.8,32
2015-07-01,11.0994386672974,22.731538772583,31.3852672576904,-0.0791309773921967,36,37.6,67.9,10.4,0.7,17.8,32
2015-07-02,11.0491018295288,23.1032390594482,31.2115879058838,-0.0924906954169273,36,37.6,67.9,10.4,0.7,17.8,32
2015-07-03,11.1061105728149,23.2414627075195,31.1684017181396,-0.0729901790618896,36,37.6,67.9,10.4,0.7,17.8,32
2015-07-04,11.5705289840698,23.1002941131592,31.2262325286865,-0.0594178438186646,36,37.6,67.9,10.4,0.7,17.8,32
2015-07-05,11.5054206848145,22.8993396759033,31.1860122680664,-0.120068363845348,36,37.6,67.9,10.4,0.7,17.8,32
2015-07-06,11.4771528244019,23.1547946929932,31.2251377105713,-0.13618403673172,36,37.6,67.9,10.4,0.7,17.8,32
2015-07-07,11.6375732421875,23.6478500366211,31.2393817901611,-0.112859182059765,36,37.6,67.9,10.4,0.7,17.8,32
2015-07-08,11.2130737304688,23.5689315795898,31.1323394775391,-0.106904119253159,36,37.6,67.9,10.4,0.7,17.8,32
2015-07-09,10.8093719482422,24.1371288299561,31.0656604766846,-0.0703341588377953,36,37.6,67.9,10.4,0.7,17.8,32
2015-07-10,11.8897294998169,24.1601390838623,31.2268466949463,-0.032324880361557,36,37.6,67.9,10.4,0.7,17.8,32
2015-07-11,11.9778022766113,24.1411838531494,31.4334583282471,-0.0639775171875954,36,37.6,67.9,10.4,0.7,17.8,32
2015-07-12,11.9433679580688,24.1328887939453,31.4720077514648,-0.0722581669688225,36,37.6,67.9,10.4,0.7,17.8,32
2015-07-13,12.0702924728394,24.6629772186279,31.4942378997803,-0.0466127581894398,36,37.6,67.9,10.4,0.7,17.8,32
2015-07-14,12.0347290039062,24.5012741088867,31.5454387664795,-0.00815259199589491,36,37.6,67.9,10.4,0.7,17.8,32
2015-07-15,12.0048627853394,24.440824508667,31.5206298828125,0.0185615438967943,36,37.6,67.9,10.4,0.7,17.8,32
2015-07-16,13.050311088562,24.0568408966064,31.7847385406494,-0.006526003126055,36,37.6,67.9,10.4,0.7,17.8,32
2015-07-17,13.4199104309082,23.8758392333984,31.9686050415039,-0.0664185807108879,36,37.6,67.9,10.4,0.7,17.8,32
2015-07-18,13.2195634841919,24.0320949554443,31.9694213867188,-0.0396681725978851,36,37.6,67.9,10.4,0.7,17.8,32
2015-07-19,13.3459205627441,24.7309875488281,31.9588489532471,-0.0663765147328377,36,37.6,67.9,10.4,0.7,17.8,32
2015-07-20,13.1472702026367,25.3580379486084,31.7776126861572,-0.0455289073288441,36,37.6,67.9,10.4,0.7,17.8,32
2015-07-21,12.9982252120972,25.9075717926025,31.6362457275391,0.0142892198637128,36,37.6,67.9,10.4,0.7,17.8,32
2015-07-22,13.2645463943481,25.2030086517334,31.4247722625732,-0.0141594400629401,36,37.6,67.9,10.4,0.7,17.8,32
2015-07-23,13.2363004684448,25.0266056060791,31.543571472168,-0.0653023421764374,36,37.6,67.9,10.4,0.7,17.8,32
2015-07-24,13.2067070007324,25.0708866119385,31.6888656616211,-0.0429783724248409,36,37.6,67.9,10.4,0.7,17.8,32
2015-07-25,13.5749731063843,25.4544448852539,31.9243698120117,-0.0511109083890915,36,37.6,67.9,10.4,0.7,17.8,32
2015-07-26,13.6868047714233,25.4417285919189,31.8861217498779,-0.0514561347663403,36,37.6,67.9,10.4,0.7,17.8,32
2015-07-27,13.6754426956177,25.4429378509521,31.8270492553711,-0.0405447334051132,36,37.6,67.9,10.4,0.7,17.8,32
2015-07-28,15.5861806869507,25.2052383422852,31.8112812042236,-0.0828329399228096,36,37.6,67.9,10.4,0.7,17.8,32
2015-07-29,15.6067781448364,25.4313354492188,31.7823486328125,-0.119256526231766,36,37.6,67.9,10.4,0.7,17.8,32
2015-07-30,15.5708341598511,25.638650894165,31.8606510162354,-0.127245530486107,36,37.6,67.9,10.4,0.7,17.8,32
2015-07-31,16.5570945739746,26.1250228881836,32.1544494628906,-0.0841050148010254,36,37.6,67.9,10.4,0.7,17.8,32
2015-08-01,16.8199901580811,26.2375869750977,32.2534828186035,-0.0983351096510887,36,37.6,67.9,10.4,0.7,17.8,32
2015-08-02,17.0167808532715,26.2029342651367,32.4647636413574,-0.0960858166217804,36,37.6,67.9,10.4,0.7,17.8,32
2015-08-03,17.9557399749756,26.3719577789307,32.6317481994629,-0.0780381262302399,36,37.6,67.9,10.4,0.7,17.8,32
2015-08-04,17.9531192779541,25.8061828613281,32.9296913146973,-0.131324514746666,36,37.6,67.9,10.4,0.7,17.8,32
2015-08-05,18.0959396362305,25.5964584350586,33.2100067138672,-0.116174168884754,36,37.6,67.9,10.4,0.7,17.8,32
2015-08-06,19.4580497741699,26.8119487762451,33.3220176696777,-0.0706299021840096,36,37.6,67.9,10.4,0.7,17.8,32
2015-08-07,19.8081951141357,26.9874267578125,33.2952690124512,-0.0305597689002752,36,37.6,67.9,10.4,0.7,17.8,32
2015-08-08,19.3538818359375,26.736536026001,33.0527305603027,0.035451915115118,36,37.6,67.9,10.4,0.7,17.8,32
2015-08-09,16.0156288146973,24.655855178833,32.766300201416,0.0514221638441086,36,37.6,67.9,10.4,0.7,17.8,32
2015-08-10,15.5850639343262,24.4242000579834,32.4487152099609,-0.000415562331909314,36,37.6,67.9,10.4,0.7,17.8,32
2015-08-11,14.9891633987427,24.3801975250244,32.3584480285645,-0.0089738592505455,36,37.6,67.9,10.4,0.7,17.8,32
2015-08-12,13.9691886901855,24.5628433227539,32.4221229553223,-0.035058468580246,36,37.6,67.9,10.4,0.7,17.8,32
2015-08-13,13.8626489639282,24.9848327636719,32.3156623840332,-0.0897726640105247,36,37.6,67.9,10.4,0.7,17.8,32
2015-08-14,13.763129234314,25.181734085083,32.2235565185547,-0.110021114349365,36,37.6,67.9,10.4,0.7,17.8,32
2015-08-15,12.9049272537231,25.3035202026367,32.4209403991699,-0.145261839032173,36,37.6,67.9,10.4,0.7,17.8,32
2015-08-16,12.7768049240112,25.6236553192139,32.4561004638672,-0.135576263070107,36,37.6,67.9,10.4,0.7,17.8,32
2015-08-17,12.4519882202148,25.726224899292,32.4780540466309,-0.120784424245358,36,37.6,67.9,10.4,0.7,17.8,32
2015-08-18,11.3503923416138,25.6847553253174,32.6432609558105,-0.118215292692184,36,37.6,67.9,10.4,0.7,17.8,32
2015-08-19,11.3451147079468,25.9341449737549,32.6746788024902,-0.10820060968399,36,37.6,67.9,10.4,0.7,17.8,32
2015-08-20,11.6931610107422,26.2459964752197,32.6658973693848,-0.0651198700070381,36,37.6,67.9,10.4,0.7,17.8,32
2015-08-21,11.4650650024414,26.116325378418,32.6790733337402,-0.0586635135114193,36,37.6,67.9,10.4,0.7,17.8,32
2015-08-22,11.6148490905762,26.1124572753906,32.5555381774902,-0.103919647634029,36,37.6,67.9,10.4,0.7,17.8,32
2015-08-23,11.6566343307495,25.6853179931641,32.4027709960938,-0.0990539491176605,36,37.6,67.9,10.4,0.7,17.8,32
2015-08-24,10.7779130935669,25.9024448394775,32.4167709350586,-0.0541089065372944,36,37.6,67.9,10.4,0.7,17.8,32
2015-08-25,10.6717519760132,25.8276767730713,32.4375038146973,-0.0216065142303705,36,37.6,67.9,10.4,0.7,17.8,32
2015-08-26,10.576663017273,25.8969879150391,32.396167755127,-0.0261293649673462,36,37.6,67.9,10.4,0.7,17.8,32
2015-08-27,11.3752746582031,25.228401184082,32.2211418151855,-0.118672497570515,36,37.6,67.9,10.4,0.7,17.8,32
2015-08-28,11.502368927002,24.8020343780518,32.202205657959,-0.142267003655434,36,37.6,67.9,10.4,0.7,17.8,32
2015-08-29,11.5299425125122,24.6244869232178,32.2095832824707,-0.130001574754715,36,37.6,67.9,10.4,0.7,17.8,32
2015-08-30,12.1364240646362,25.3963775634766,32.3842811584473,-0.0959300026297569,36,37.6,67.9,10.4,0.7,17.8,32
2015-08-31,11.969783782959,25.6037425994873,32.4379005432129,-0.057865098118782,36,37.6,67.9,10.4,0.7,17.8,32
2015-09-01,11.3918046951294,25.7807521820068,32.4473686218262,0.00194898433983326,36,37.6,67.9,10.4,0.7,17.8,32
2015-09-02,10.2162561416626,25.9598159790039,32.4345932006836,0.0367651097476482,36,37.6,67.9,10.4,0.7,17.8,32
2015-09-03,10.8717966079712,26.1251850128174,32.4393730163574,0.0871323719620705,36,37.6,67.9,10.4,0.7,17.8,32
2015-09-04,11.2379083633423,26.2814502716064,32.4304580688477,0.104548968374729,36,37.6,67.9,10.4,0.7,17.8,32
2015-09-05,14.5380897521973,25.6267395019531,32.1996955871582,0.117299139499664,36,37.6,67.9,10.4,0.7,17.8,32
2015-09-06,15.9583253860474,25.2055492401123,32.1133308410645,0.0539559535682201,36,37.6,67.9,10.4,0.7,17.8,32
2015-09-07,15.3065786361694,25.1293659210205,32.0715293884277,-0.00539064779877663,36,37.6,67.9,10.4,0.7,17.8,32
2015-09-08,14.2921628952026,25.3479156494141,32.2632751464844,-0.0848165825009346,36,37.6,67.9,10.4,0.7,17.8,32
2015-09-09,13.3292589187622,25.6920700073242,32.2519416809082,-0.0454621128737926,36,37.6,67.9,10.4,0.7,17.8,32
2015-09-10,12.779335975647,25.7238540649414,32.0732269287109,0.0257233399897814,36,37.6,67.9,10.4,0.7,17.8,32
2015-09-11,12.9624633789062,25.3317050933838,31.8623714447021,0.0352047681808472,36,37.6,67.9,10.4,0.7,17.8,32
2015-09-12,13.0607004165649,24.9086322784424,31.8465366363525,0.0601823888719082,36,37.6,67.9,10.4,0.7,17.8,32
2015-09-13,13.1083450317383,24.6828708648682,31.7811336517334,0.108848571777344,36,37.6,67.9,10.4,0.7,17.8,32
2015-09-14,12.9973402023315,23.5673675537109,31.7737560272217,-0.00727980630472302,36,37.6,67.9,10.4,0.7,17.8,32
2015-09-15,12.6185150146484,23.3602695465088,31.8458633422852,-0.0425508208572865,36,37.6,67.9,10.4,0.7,17.8,32
2015-09-16,12.3893823623657,23.6765689849854,31.8936519622803,0.0307001546025276,36,37.6,67.9,10.4,0.7,17.8,32
2015-09-17,11.5470933914185,23.606969833374,32.0245590209961,-0.0276401173323393,36,37.6,67.9,10.4,0.7,17.8,32
2015-09-18,11.9044218063354,23.5502452850342,32.011661529541,0.0244337171316147,36,37.6,67.9,10.4,0.7,17.8,32
2015-09-19,12.0377006530762,23.8808135986328,32.0462913513184,0.0475442595779896,36,37.6,67.9,10.4,0.7,17.8,32
2015-09-20,12.1955680847168,24.481086730957,32.1105766296387,0.062582217156887,36,37.6,67.9,10.4,0.7,17.8,32
2015-09-21,13.5278043746948,23.8955364227295,32.1271934509277,0.0345381759107113,36,37.6,67.9,10.4,0.7,17.8,32
2015-09-22,16.3003215789795,23.6681652069092,32.2851982116699,0.12029916793108,36,37.6,67.9,10.4,0.7,17.8,32
2015-09-23,17.246072769165,22.5859889984131,32.5622100830078,0.0948375090956688,36,37.6,67.9,10.4,0.7,17.8,32
2015-09-24,18.0386428833008,21.8706722259521,32.5820426940918,0.0261480268090963,36,37.6,67.9,10.4,0.7,17.8,32
2015-09-25,19.6244449615479,21.7666244506836,32.6482200622559,0.0716492533683777,36,37.6,67.9,10.4,0.7,17.8,32
2015-09-26,22.0067520141602,22.0152339935303,32.5892486572266,0.0790691152215004,36,37.6,67.9,10.4,0.7,17.8,32
2015-09-27,22.0393505096436,22.0685977935791,32.4895896911621,0.0493109934031963,36,37.6,67.9,10.4,0.7,17.8,32
2015-09-28,22.0453796386719,22.1856441497803,32.391918182373,-0.0186758246272802,36,37.6,67.9,10.4,0.7,17.8,32
2015-09-29,21.9522151947021,22.7454681396484,32.5540046691895,-0.0649640634655952,36,37.6,67.9,10.4,0.7,17.8,32
2015-09-30,21.8192691802979,22.8910999298096,32.4883079528809,0.022925890982151,36,37.6,67.9,10.4,0.7,17.8,32
2015-10-01,21.8494110107422,22.3772220611572,32.5223922729492,0.156245350837708,36,37.6,67.9,10.4,0.7,17.8,32
2015-10-02,20.3461532592773,20.4880676269531,32.4177665710449,0.382887929677963,36,37.6,67.9,10.4,0.7,17.8,32
2015-10-03,20.0034427642822,20.0008525848389,32.4550895690918,0.475590616464615,36,37.6,67.9,10.4,0.7,17.8,32
2015-10-04,19.9203834533691,19.9220771789551,32.5082550048828,0.4996258020401,36,37.6,67.9,10.4,0.7,17.8,32
2015-10-05,19.8308525085449,19.8336334228516,32.6683540344238,0.403095930814743,36,37.6,67.9,10.4,0.7,17.8,32
2015-10-06,19.5083713531494,19.517427444458,32.8269844055176,0.228163078427315,36,37.6,67.9,10.4,0.7,17.8,32
2015-10-07,19.5835742950439,19.5140647888184,32.8542976379395,0.135331198573112,36,37.6,67.9,10.4,0.7,17.8,32
2015-10-08,19.0125522613525,19.3648166656494,32.8169441223145,0.000574570149183273,36,37.6,67.9,10.4,0.7,17.8,32
2015-10-09,18.9070949554443,19.3275890350342,32.6779975891113,0.037514541298151,36,37.6,67.9,10.4,0.7,17.8,32
2015-10-10,18.7053470611572,19.2376022338867,32.6144142150879,0.037075262516737,36,37.6,67.9,10.4,0.7,17.8,32
2015-10-11,18.6501846313477,19.007043838501,33.1211891174316,0.0350350402295589,36,37.6,67.9,10.4,0.7,17.8,32
2015-10-12,18.5731201171875,19.0833950042725,33.1475143432617,0.0337093956768513,36,37.6,67.9,10.4,0.7,17.8,32
2015-10-13,18.3536262512207,19.2453231811523,32.8323554992676,0.0858202055096626,36,37.6,67.9,10.4,0.7,17.8,32
2015-10-14,18.6714477539062,19.0433712005615,32.4157257080078,0.0106313033029437,36,37.6,67.9,10.4,0.7,17.8,32
2015-10-15,18.7132434844971,18.8634452819824,32.7021789550781,-0.0779580995440483,36,37.6,67.9,10.4,0.7,17.8,32
2015-10-16,18.7801551818848,18.6910400390625,32.4844093322754,-0.106496244668961,36,37.6,67.9,10.4,0.7,17.8,32
2015-10-17,18.3137683868408,18.20534324646,32.4088973999023,-0.118884176015854,36,37.6,67.9,10.4,0.7,17.8,32
2015-10-18,18.3724613189697,17.8730373382568,32.747859954834,-0.183565735816956,36,37.6,67.9,10.4,0.7,17.8,32
2015-10-19,18.3871593475342,17.5670299530029,32.9580230712891,-0.196822717785835,36,37.6,67.9,10.4,0.7,17.8,32
2015-10-20,17.712610244751,17.9090194702148,33.0981483459473,-0.258608043193817,36,37.6,67.9,10.4,0.7,17.8,32
2015-10-21,17.8864364624023,17.7105331420898,32.5850028991699,-0.309521496295929,36,37.6,67.9,10.4,0.7,17.8,32
2015-10-22,17.8335456848145,17.7699241638184,32.5032043457031,-0.152178660035133,36,37.6,67.9,10.4,0.7,17.8,32
2015-10-23,16.7841663360596,17.5037574768066,32.4916877746582,-0.109092384576797,36,37.6,67.9,10.4,0.7,17.8,32
2015-10-24,16.7849445343018,17.3361225128174,32.8652572631836,-0.0821035131812096,36,37.6,67.9,10.4,0.7,17.8,32
2015-10-25,16.8989696502686,17.1564311981201,32.813606262207,-0.0466068238019943,36,37.6,67.9,10.4,0.7,17.8,32
2015-10-26,17.9336051940918,17.2398452758789,32.8986701965332,-0.131770208477974,36,37.6,67.9,10.4,0.7,17.8,32
2015-10-27,18.014627456665,17.3653163909912,33.0897560119629,-0.125742986798286,36,37.6,67.9,10.4,0.7,17.8,32
2015-10-28,18.0225219726562,17.4948139190674,33.1061668395996,0.0786523148417473,36,37.6,67.9,10.4,0.7,17.8,32
2015-10-29,17.4299373626709,17.3891887664795,32.8925361633301,0.0649568513035774,36,37.6,67.9,10.4,0.7,17.8,32
2015-10-30,17.4588317871094,17.2863960266113,32.7970161437988,-0.156479075551033,36,37.6,67.9,10.4,0.7,17.8,32
2015-10-31,17.5085296630859,17.1282253265381,32.9819602966309,-0.147481143474579,36,37.6,67.9,10.4,0.7,17.8,32
2015-11-01,16.9719486236572,16.9455947875977,32.9583435058594,-0.118088662624359,36,37.6,67.9,10.4,0.7,17.8,32
2015-11-02,16.8881721496582,16.8694896697998,32.863842010498,-0.142203256487846,36,37.6,67.9,10.4,0.7,17.8,32
2015-11-03,16.8625049591064,16.8708209991455,32.8874893188477,-0.162301495671272,36,37.6,67.9,10.4,0.7,17.8,32
2015-11-04,17.156099319458,17.0340824127197,32.8762054443359,-0.127055332064629,36,37.6,67.9,10.4,0.7,17.8,32
2015-11-05,17.2057037353516,17.1849060058594,32.8195915222168,-0.094207376241684,36,37.6,67.9,10.4,0.7,17.8,32
2015-11-06,17.2406978607178,17.3173675537109,32.6571350097656,-0.0898924842476845,36,37.6,67.9,10.4,0.7,17.8,32
2015-11-07,17.698709487915,17.525936126709,32.4941711425781,-0.153032898902893,36,37.6,67.9,10.4,0.7,17.8,32
2015-11-08,17.9153804779053,17.3058013916016,32.7377319335938,-0.261760205030441,36,37.6,67.9,10.4,0.7,17.8,32
2015-11-09,18.0190563201904,17.2486209869385,33.0353965759277,-0.203254744410515,36,37.6,67.9,10.4,0.7,17.8,32
2015-11-10,17.975061416626,17.298978805542,32.9398307800293,0.0249128509312868,36,37.6,67.9,10.4,0.7,17.8,32
2015-11-11,17.8103828430176,17.0019626617432,32.6511764526367,0.00588092999532819,36,37.6,67.9,10.4,0.7,17.8,32
2015-11-12,17.7158184051514,16.6802310943604,32.5017127990723,0.017914280295372,36,37.6,67.9,10.4,0.7,17.8,32
2015-11-13,17.5878734588623,16.5806636810303,32.6445274353027,-0.0878809168934822,36,37.6,67.9,10.4,0.7,17.8,32
2015-11-14,17.9491443634033,16.5186309814453,32.908447265625,-0.341745018959045,36,37.6,67.9,10.4,0.7,17.8,32
2015-11-15,17.7236080169678,16.2810611724854,33.1465187072754,-0.284328460693359,36,37.6,67.9,10.4,0.7,17.8,32
2015-11-16,16.9369678497314,15.9104013442993,33.1307144165039,-0.28818866610527,36,37.6,67.9,10.4,0.7,17.8,32
2015-11-17,16.9362545013428,15.855712890625,33.1943664550781,-0.219804629683495,36,37.6,67.9,10.4,0.7,17.8,32
2015-11-18,16.7790241241455,15.7998924255371,33.2946891784668,-0.187459483742714,36,37.6,67.9,10.4,0.7,17.8,32
2015-11-19,16.9292850494385,15.7637147903442,33.2201042175293,-0.0828114971518517,36,37.6,67.9,10.4,0.7,17.8,32
2015-11-20,16.8791484832764,15.6398420333862,33.1386680603027,-0.130922839045525,36,37.6,67.9,10.4,0.7,17.8,32
2015-11-21,16.4140758514404,15.616602897644,33.327220916748,-0.182101011276245,36,37.6,67.9,10.4,0.7,17.8,32
2015-11-22,15.705979347229,15.3701086044312,33.2832984924316,-0.0310449879616499,36,37.6,67.9,10.4,0.7,17.8,32
2015-11-23,15.4695739746094,15.0311918258667,33.2839622497559,-0.144337937235832,36,37.6,67.9,10.4,0.7,17.8,32
2015-11-24,14.8054275512695,14.7178468704224,33.2834587097168,-0.318248629570007,36,37.6,67.9,10.4,0.7,17.8,32
2015-11-25,14.4202795028687,14.4515037536621,33.2721824645996,-0.401254534721375,36,37.6,67.9,10.4,0.7,17.8,32
2015-11-26,14.3447999954224,14.3323659896851,33.287425994873,-0.32736873626709,36,37.6,67.9,10.4,0.7,17.8,32
2015-11-27,14.4211549758911,14.3088073730469,33.282958984375,-0.279378741979599,36,37.6,67.9,10.4,0.7,17.8,32
2015-11-28,14.8243741989136,14.6446619033813,33.4124565124512,-0.225813269615173,36,37.6,67.9,10.4,0.7,17.8,32
2015-11-29,14.9486398696899,14.6572418212891,33.4388389587402,-0.156432762742043,36,37.6,67.9,10.4,0.7,17.8,32
2015-11-30,14.6869621276855,14.6456842422485,33.4384536743164,-0.0774382799863815,36,37.6,67.9,10.4,0.7,17.8,32
2015-12-01,14.1489133834839,14.1605882644653,33.2654991149902,-0.0197422262281179,36,37.6,67.9,10.4,0.7,17.8,32
2015-12-02,14.1796445846558,13.9345045089722,33.1342506408691,-0.0448031239211559,36,37.6,67.9,10.4,0.7,17.8,32
2015-12-03,14.534912109375,14.040020942688,33.1557884216309,-0.227567195892334,36,37.6,67.9,10.4,0.7,17.8,32
2015-12-04,13.9393301010132,13.809157371521,33.4021835327148,-0.403285592794418,36,37.6,67.9,10.4,0.7,17.8,32
2015-12-05,13.9532480239868,13.6587228775024,33.4656867980957,-0.35488697886467,36,37.6,67.9,10.4,0.7,17.8,32
2015-12-06,13.6907777786255,13.4555997848511,33.4094696044922,-0.311815232038498,36,37.6,67.9,10.4,0.7,17.8,32
2015-12-07,13.5687599182129,13.7564535140991,33.38818359375,-0.204773187637329,36,37.6,67.9,10.4,0.7,17.8,32
2015-12-08,13.8010740280151,13.7510099411011,33.4370231628418,-0.188811466097832,36,37.6,67.9,10.4,0.7,17.8,32
2015-12-09,13.8615427017212,13.651801109314,33.4426918029785,-0.114552527666092,36,37.6,67.9,10.4,0.7,17.8,32
2015-12-10,13.4216537475586,13.1836967468262,33.3496437072754,-0.0384551025927067,36,37.6,67.9,10.4,0.7,17.8,32
2015-12-11,13.4945106506348,13.162205696106,33.3086280822754,-0.0690144598484039,36,37.6,67.9,10.4,0.7,17.8,32
2015-12-12,13.6357183456421,13.0726728439331,33.1944808959961,-0.104736536741257,36,37.6,67.9,10.4,0.7,17.8,32
2015-12-13,13.0122537612915,13.4078178405762,33.1065635681152,-0.121007345616817,36,37.6,67.9,10.4,0.7,17.8,32
2015-12-14,13.1652269363403,13.5894737243652,33.0788536071777,-0.0262263957411051,36,37.6,67.9,10.4,0.7,17.8,32
2015-12-15,13.4573183059692,13.3320684432983,33.006477355957,-0.0252368729561567,36,37.6,67.9,10.4,0.7,17.8,32
2015-12-16,13.4974794387817,13.5202226638794,33.1370658874512,-0.166165977716446,36,37.6,67.9,10.4,0.7,17.8,32
2015-12-17,13.4343872070312,13.4726152420044,33.05859375,0.0944529250264168,36,37.6,67.9,10.4,0.7,17.8,32
2015-12-18,13.3084325790405,13.4576072692871,32.9174118041992,0.0683307573199272,36,37.6,67.9,10.4,0.7,17.8,32
2015-12-19,13.6570253372192,13.1594285964966,33.082347869873,-0.268947541713715,36,37.6,67.9,10.4,0.7,17.8,32
2015-12-20,14.0467157363892,12.9860610961914,33.3578147888184,-0.387449622154236,36,37.6,67.9,10.4,0.7,17.8,32
2015-12-21,14.4938650131226,13.1740913391113,33.500301361084,-0.313656479120255,36,37.6,67.9,10.4,0.7,17.8,32
2015-12-22,14.9257049560547,13.447190284729,33.4069938659668,-0.234395250678062,36,37.6,67.9,10.4,0.7,17.8,32
2015-12-23,15.030068397522,13.6281433105469,33.2601661682129,-0.239959537982941,36,37.6,67.9,10.4,0.7,17.8,32
2015-12-24,14.9474782943726,13.6833734512329,33.2021064758301,-0.219821870326996,36,37.6,67.9,10.4,0.7,17.8,32
2015-12-25,14.7823457717896,13.1991567611694,33.0402946472168,-0.237060651183128,36,37.6,67.9,10.4,0.7,17.8,32
2015-12-26,14.6938171386719,13.0798063278198,32.9663429260254,-0.193174481391907,36,37.6,67.9,10.4,0.7,17.8,32
2015-12-27,13.9532432556152,12.9228734970093,33.0513038635254,-0.12269688397646,36,37.6,67.9,10.4,0.7,17.8,32
2015-12-28,14.5991983413696,13.3589906692505,32.8504180908203,-0.225854352116585,36,37.6,67.9,10.4,0.7,17.8,32
2015-12-29,13.9504661560059,13.4357137680054,33.0463066101074,0.00966136436909437,36,37.6,67.9,10.4,0.7,17.8,32
2015-12-30,13.6366806030273,13.2496643066406,32.9587440490723,-0.124771438539028,36,37.6,67.9,10.4,0.7,17.8,32
2015-12-31,12.9366960525513,13.1836023330688,32.9957618713379,-0.033233031630516,36,37.6,67.9,10.4,0.7,17.8,32
2016-01-01,13.0608024597168,12.8351287841797,33.0516128540039,-0.158165216445923,36,37.6,67.9,10.4,0.7,17.8,32
2016-01-02,13.4075365066528,12.4993371963501,33.0956230163574,-0.214312598109245,36,37.6,67.9,10.4,0.7,17.8,32
2016-01-03,13.3123970031738,11.9392309188843,32.9861640930176,-0.13285419344902,36,37.6,67.9,10.4,0.7,17.8,32
2016-01-04,13.8366622924805,11.9524917602539,33.1568031311035,-0.154779732227325,36,37.6,67.9,10.4,0.7,17.8,32
2016-01-05,13.809684753418,11.6271829605103,33.3157615661621,-0.178475454449654,36,37.6,67.9,10.4,0.7,17.8,32
2016-01-06,13.0773315429688,11.246771812439,33.3625183105469,-0.188746392726898,36,37.6,67.9,10.4,0.7,17.8,32
2016-01-07,13.3584480285645,11.3445348739624,33.4616889953613,-0.201989591121674,36,37.6,67.9,10.4,0.7,17.8,32
2016-01-08,13.2176895141602,11.7389707565308,33.6324577331543,-0.134654432535172,36,37.6,67.9,10.4,0.7,17.8,32
2016-01-09,11.2890739440918,11.0236406326294,33.5610008239746,-0.00935634132474661,36,37.6,67.9,10.4,0.7,17.8,32
2016-01-10,10.7267198562622,10.7244577407837,33.4421348571777,0.124996788799763,36,37.6,67.9,10.4,0.7,17.8,32
2016-01-11,10.9301042556763,10.4527292251587,33.3705177307129,-0.157688364386559,36,37.6,67.9,10.4,0.7,17.8,32
2016-01-12,10.6823577880859,10.2390966415405,33.2760124206543,-0.211403369903564,36,37.6,67.9,10.4,0.7,17.8,32
2016-01-13,11.1876134872437,9.57077503204346,32.7198219299316,-0.301956981420517,36,37.6,67.9,10.4,0.7,17.8,32
2016-01-14,11.4268808364868,9.6124439239502,33.0682106018066,-0.260224193334579,36,37.6,67.9,10.4,0.7,17.8,32
2016-01-15,11.8799428939819,10.6563959121704,33.1392974853516,-0.145051315426826,36,37.6,67.9,10.4,0.7,17.8,32
2016-01-16,11.7548065185547,10.6876630783081,33.0705757141113,0.0728643462061882,36,37.6,67.9,10.4,0.7,17.8,32
2016-01-17,11.5819435119629,10.3294668197632,33.0158233642578,-0.0393791645765305,36,37.6,67.9,10.4,0.7,17.8,32
2016-01-18,10.6936235427856,8.96207618713379,33.0613555908203,-0.123362451791763,36,37.6,67.9,10.4,0.7,17.8,32
2016-01-19,10.8452215194702,8.89886474609375,33.3033485412598,-0.461755394935608,36,37.6,67.9,10.4,0.7,17.8,32
2016-01-20,9.00545310974121,8.93321323394775,33.5664978027344,-0.517882645130157,36,37.6,67.9,10.4,0.7,17.8,32
2016-01-21,8.39328479766846,8.35593414306641,33.5473823547363,-0.324388891458511,36,37.6,67.9,10.4,0.7,17.8,32
2016-01-22,8.47778797149658,8.44018840789795,33.6404418945312,-0.279517263174057,36,37.6,67.9,10.4,0.7,17.8,32
2016-01-23,8.16872882843018,8.17134761810303,33.4853363037109,0.395316243171692,36,37.6,67.9,10.4,0.7,17.8,32
2016-01-24,7.7123851776123,7.68858766555786,33.4165420532227,0.298683732748032,36,37.6,67.9,10.4,0.7,17.8,32
2016-01-25,7.10269737243652,7.08844947814941,33.3471374511719,-0.0303304772824049,36,37.6,67.9,10.4,0.7,17.8,32
2016-01-26,7.24119997024536,6.92331695556641,33.2713584899902,-0.127948418259621,36,37.6,67.9,10.4,0.7,17.8,32
2016-01-27,7.79534196853638,7.23000764846802,32.9839134216309,-0.210018917918205,36,37.6,67.9,10.4,0.7,17.8,32
2016-01-28,8.0669116973877,7.5471625328064,33.1462745666504,-0.108839012682438,36,37.6,67.9,10.4,0.7,17.8,32
2016-01-29,8.22347927093506,7.5123438835144,33.1061553955078,-0.0427586138248444,36,37.6,67.9,10.4,0.7,17.8,32
2016-01-30,8.17819213867188,7.26398801803589,33.0520668029785,-0.213606059551239,36,37.6,67.9,10.4,0.7,17.8,32
2016-01-31,8.10733890533447,7.05194997787476,32.9703025817871,-0.199914559721947,36,37.6,67.9,10.4,0.7,17.8,32
2016-02-01,8.453932762146,6.68247222900391,32.7230262756348,-0.193622455000877,36,37.6,67.9,10.4,0.7,17.8,32
2016-02-02,8.46332168579102,7.08046007156372,32.752555847168,-0.252120524644852,36,37.6,67.9,10.4,0.7,17.8,32
2016-02-03,8.25073337554932,7.32502937316895,32.860294342041,-0.198059037327766,36,37.6,67.9,10.4,0.7,17.8,32
2016-02-04,8.22246170043945,7.21805143356323,32.5916633605957,-0.135891035199165,36,37.6,67.9,10.4,0.7,17.8,32
2016-02-05,8.01366519927979,6.77400779724121,32.5999794006348,-0.192987993359566,36,37.6,67.9,10.4,0.7,17.8,32
2016-02-06,7.83847236633301,6.96051549911499,32.9372024536133,-0.256629467010498,36,37.6,67.9,10.4,0.7,17.8,32
2016-02-07,7.84475374221802,6.91342496871948,32.9519386291504,-0.156836733222008,36,37.6,67.9,10.4,0.7,17.8,32
2016-02-08,7.8115177154541,7.39594268798828,33.0700454711914,0.236889839172363,36,37.6,67.9,10.4,0.7,17.8,32
2016-02-09,7.33714532852173,7.34065294265747,32.9779891967773,0.252061754465103,36,37.6,67.9,10.4,0.7,17.8,32
2016-02-10,7.46276664733887,7.12663125991821,32.9938774108887,0.057216227054596,36,37.6,67.9,10.4,0.7,17.8,32
2016-02-11,7.47332525253296,7.06315469741821,32.8847885131836,-0.242777362465858,36,37.6,67.9,10.4,0.7,17.8,32
2016-02-12,7.77326583862305,6.88384962081909,32.8968467712402,-0.340045779943466,36,37.6,67.9,10.4,0.7,17.8,32
2016-02-13,7.87260007858276,6.86672782897949,32.9353828430176,-0.316460847854614,36,37.6,67.9,10.4,0.7,17.8,32
2016-02-14,6.09164619445801,5.58320236206055,33.1431465148926,-0.502799093723297,36,37.6,67.9,10.4,0.7,17.8,32
2016-02-15,5.97405004501343,5.3639349937439,33.1867485046387,-0.346006721258163,36,37.6,67.9,10.4,0.7,17.8,32
2016-02-16,5.67132759094238,5.27594232559204,33.0373229980469,-0.118483521044254,36,37.6,67.9,10.4,0.7,17.8,32
2016-02-17,7.12729024887085,5.89274168014526,32.6917266845703,-0.257786840200424,36,37.6,67.9,10.4,0.7,17.8,32
2016-02-18,7.32143974304199,6.48321914672852,33.0010986328125,-0.363074064254761,36,37.6,67.9,10.4,0.7,17.8,32
2016-02-19,7.28217697143555,6.65155935287476,33.1249008178711,-0.316188186407089,36,37.6,67.9,10.4,0.7,17.8,32
2016-02-20,6.55577707290649,6.46177101135254,32.9794387817383,-0.223959669470787,36,37.6,67.9,10.4,0.7,17.8,32
2016-02-21,6.80388307571411,5.87426424026489,32.5515823364258,-0.215043857693672,36,37.6,67.9,10.4,0.7,17.8,32
2016-02-22,6.92832899093628,6.04850721359253,32.5024261474609,-0.185403406620026,36,37.6,67.9,10.4,0.7,17.8,32
2016-02-23,6.47459602355957,6.26917505264282,32.9993896484375,-0.0932055935263634,36,37.6,67.9,10.4,0.7,17.8,32
2016-02-24,6.0034613609314,6.10260581970215,32.8214263916016,0.0752748027443886,36,37.6,67.9,10.4,0.7,17.8,32
2016-02-25,6.43317270278931,5.99141693115234,32.7751159667969,-0.0332335792481899,36,37.6,67.9,10.4,0.7,17.8,32
2016-02-26,7.87558937072754,6.7364387512207,32.7353515625,-0.412636309862137,36,37.6,67.9,10.4,0.7,17.8,32
2016-02-27,8.10716247558594,6.6374192237854,32.6634864807129,-0.384521484375,36,37.6,67.9,10.4,0.7,17.8,32
2016-02-28,8.19054508209229,6.5241527557373,32.5247497558594,-0.330065965652466,36,37.6,67.9,10.4,0.7,17.8,32
2016-02-29,7.48895597457886,6.01210451126099,32.541374206543,-0.304784744977951,36,37.6,67.9,10.4,0.7,17.8,32
2016-03-01,7.98600912094116,6.04340410232544,32.4910469055176,-0.275295466184616,36,37.6,67.9,10.4,0.7,17.8,32
2016-03-02,8.19699954986572,6.25322723388672,32.4986801147461,-0.138137087225914,36,37.6,67.9,10.4,0.7,17.8,32
2016-03-03,8.72710990905762,6.61720657348633,32.4344902038574,-0.309174597263336,36,37.6,67.9,10.4,0.7,17.8,32
2016-03-04,8.74213695526123,6.93970632553101,32.5990676879883,-0.113534092903137,36,37.6,67.9,10.4,0.7,17.8,32
2016-03-05,7.8070797920227,7.05716323852539,32.4882736206055,-0.121847845613956,36,37.6,67.9,10.4,0.7,17.8,32
2016-03-06,7.69985389709473,6.95172166824341,32.2654151916504,-0.132377594709396,36,37.6,67.9,10.4,0.7,17.8,32
2016-03-07,7.87282371520996,6.99144506454468,32.2799949645996,-0.226504728198051,36,37.6,67.9,10.4,0.7,17.8,32
2016-03-08,8.45284366607666,7.29171514511108,32.244556427002,-0.283948570489883,36,37.6,67.9,10.4,0.7,17.8,32
2016-03-09,8.61083602905273,7.22486925125122,32.1019096374512,-0.197014018893242,36,37.6,67.9,10.4,0.7,17.8,32
2016-03-10,8.84060573577881,7.27854490280151,31.579610824585,-0.194506824016571,36,37.6,67.9,10.4,0.7,17.8,32
2016-03-11,9.06359386444092,7.67429304122925,31.413932800293,-0.288441807031631,36,37.6,67.9,10.4,0.7,17.8,32
2016-03-12,9.22107124328613,8.46844673156738,31.315408706665,-0.239650413393974,36,37.6,67.9,10.4,0.7,17.8,32
2016-03-13,9.02404689788818,8.55298709869385,31.201452255249,-0.221844509243965,36,37.6,67.9,10.4,0.7,17.8,32
2016-03-14,8.99695873260498,8.72432804107666,31.2563800811768,-0.121916234493256,36,37.6,67.9,10.4,0.7,17.8,32
2016-03-15,8.1776704788208,7.70149230957031,30.6417140960693,0.0444217324256897,36,37.6,67.9,10.4,0.7,17.8,32
2016-03-16,7.59330558776855,7.79948091506958,30.6966876983643,-0.0764559581875801,36,37.6,67.9,10.4,0.7,17.8,32
2016-03-17,7.55956125259399,7.9559326171875,30.832914352417,-0.06844312697649,36,37.6,67.9,10.4,0.7,17.8,32
2016-03-18,7.11824750900269,8.16085147857666,31.1221923828125,-0.142032757401466,36,37.6,67.9,10.4,0.7,17.8,32
2016-03-19,7.2378306388855,8.23883152008057,31.3672351837158,-0.13719542324543,36,37.6,67.9,10.4,0.7,17.8,32
2016-03-20,7.03275871276855,8.28384590148926,32.2420463562012,-0.0299040507525206,36,37.6,67.9,10.4,0.7,17.8,32
2016-03-21,7.09613084793091,7.20286893844604,32.8215484619141,-0.0359540022909641,36,37.6,67.9,10.4,0.7,17.8,32
2016-03-22,7.18713712692261,7.15115356445312,32.850040435791,-0.28457048535347,36,37.6,67.9,10.4,0.7,17.8,32
2016-03-23,7.49740076065063,7.19537353515625,32.197380065918,-0.358721762895584,36,37.6,67.9,10.4,0.7,17.8,32
2016-03-24,7.3151912689209,6.59340047836304,31.8441410064697,-0.296341091394424,36,37.6,67.9,10.4,0.7,17.8,32
2016-03-25,7.47071123123169,7.1593189239502,31.5762538909912,-0.178782120347023,36,37.6,67.9,10.4,0.7,17.8,32
2016-03-26,7.53424692153931,7.57203340530396,31.5737533569336,-0.245036140084267,36,37.6,67.9,10.4,0.7,17.8,32
2016-03-27,6.99493789672852,7.61838483810425,31.7768573760986,-0.124764263629913,36,37.6,67.9,10.4,0.7,17.8,32
2016-03-28,6.84810638427734,8.06108379364014,31.8158893585205,0.000228067234274931,36,37.6,67.9,10.4,0.7,17.8,32
2016-03-29,6.97821998596191,7.93148469924927,31.8649196624756,-0.316392421722412,36,37.6,67.9,10.4,0.7,17.8,32
2016-03-30,7.2869143486023,7.92407369613647,32.1971626281738,-0.433355242013931,36,37.6,67.9,10.4,0.7,17.8,32
2016-03-31,7.34180307388306,8.08918476104736,32.1791534423828,-0.28098800778389,36,37.6,67.9,10.4,0.7,17.8,32
2016-04-01,7.4737434387207,8.58632755279541,31.9136810302734,-0.198673009872437,36,37.6,67.9,10.4,0.7,17.8,32
2016-04-02,9.76023387908936,8.71836948394775,31.7745342254639,-0.199179947376251,36,37.6,67.9,10.4,0.7,17.8,32
2016-04-03,10.0140943527222,8.9937801361084,32.3651313781738,-0.367469996213913,36,37.6,67.9,10.4,0.7,17.8,32
2016-04-04,10.0222063064575,9.26845264434814,32.872631072998,-0.354438304901123,36,37.6,67.9,10.4,0.7,17.8,32
2016-04-05,8.97909450531006,8.60293483734131,32.8576850891113,-0.261683195829391,36,37.6,67.9,10.4,0.7,17.8,32
2016-04-06,8.74049663543701,8.42941093444824,32.9220542907715,-0.25836256146431,36,37.6,67.9,10.4,0.7,17.8,32
2016-04-07,8.69853591918945,8.54357433319092,32.8967781066895,-0.0702208653092384,36,37.6,67.9,10.4,0.7,17.8,32
2016-04-08,8.87569904327393,9.0722246170044,32.9872055053711,-0.0968683362007141,36,37.6,67.9,10.4,0.7,17.8,32
2016-04-09,8.98220920562744,9.21166515350342,33.0006217956543,-0.128700330853462,36,37.6,67.9,10.4,0.7,17.8,32
2016-04-10,9.02956104278564,9.08126831054688,32.9999465942383,-0.23680417239666,36,37.6,67.9,10.4,0.7,17.8,32
2016-04-11,9.04854488372803,8.82502841949463,33.070556640625,-0.320205241441727,36,37.6,67.9,10.4,0.7,17.8,32
2016-04-12,9.42905044555664,9.18830585479736,33.0653457641602,-0.239951625466347,36,37.6,67.9,10.4,0.7,17.8,32
2016-04-13,9.5505313873291,9.23467636108398,33.1192588806152,-0.191860914230347,36,37.6,67.9,10.4,0.7,17.8,32
2016-04-14,8.36789035797119,8.86257648468018,33.1982269287109,-0.189529433846474,36,37.6,67.9,10.4,0.7,17.8,32
2016-04-15,8.31768894195557,8.91986083984375,33.2183570861816,-0.157956957817078,36,37.6,67.9,10.4,0.7,17.8,32
2016-04-16,8.28185272216797,8.99366569519043,33.1489677429199,-0.0826291218400002,36,37.6,67.9,10.4,0.7,17.8,32
2016-04-17,8.01031112670898,8.87673187255859,33.0387840270996,0.0134099684655666,36,37.6,67.9,10.4,0.7,17.8,32
2016-04-18,8.01564788818359,9.09931087493896,33.0301399230957,-0.0261300206184387,36,37.6,67.9,10.4,0.7,17.8,32
2016-04-19,8.04386806488037,9.76771259307861,33.0264091491699,-0.0277655590325594,36,37.6,67.9,10.4,0.7,17.8,32
2016-04-20,7.97651863098145,10.0225276947021,33.0017509460449,-0.180383488535881,36,37.6,67.9,10.4,0.7,17.8,32
2016-04-21,7.99570846557617,10.1398725509644,33.0148658752441,-0.12767668068409,36,37.6,67.9,10.4,0.7,17.8,32
2016-04-22,8.01251125335693,10.7346954345703,32.8713111877441,-0.134682133793831,36,37.6,67.9,10.4,0.7,17.8,32
2016-04-23,7.74405241012573,10.8917388916016,32.6242866516113,-0.00943228509277105,36,37.6,67.9,10.4,0.7,17.8,32
2016-04-24,7.73651742935181,10.8324899673462,32.728214263916,-0.0778519734740257,36,37.6,67.9,10.4,0.7,17.8,32
2016-04-25,7.7320294380188,10.7360696792603,32.7907867431641,-0.0377085395157337,36,37.6,67.9,10.4,0.7,17.8,32
2016-04-26,8.09764194488525,11.2079496383667,32.5255088806152,-0.0279229432344437,36,37.6,67.9,10.4,0.7,17.8,32
2016-04-27,8.16253471374512,11.6283159255981,32.4248046875,0.0192907303571701,36,37.6,67.9,10.4,0.7,17.8,32
2016-04-28,8.08430194854736,11.170895576477,32.4879531860352,0.000190128877875395,36,37.6,67.9,10.4,0.7,17.8,32
2016-04-29,8.66208648681641,11.0899620056152,32.5640525817871,0.00342291966080666,36,37.6,67.9,10.4,0.7,17.8,32
2016-04-30,8.6568021774292,10.9924850463867,32.4595222473145,-0.0120057882741094,36,37.6,67.9,10.4,0.7,17.8,32
2016-05-01,8.63445663452148,11.1004791259766,32.4124641418457,-0.0621756426990032,36,37.6,67.9,10.4,0.7,17.8,32
2016-05-02,9.00652694702148,12.0657844543457,32.1608772277832,-0.0148758580908179,36,37.6,67.9,10.4,0.7,17.8,32
2016-05-03,8.96245956420898,12.5746145248413,31.9028606414795,0.00328769278712571,36,37.6,67.9,10.4,0.7,17.8,32
2016-05-04,8.96408462524414,12.7486801147461,31.9755020141602,0.056580912321806,36,37.6,67.9,10.4,0.7,17.8,32
2016-05-05,8.96559238433838,11.5574769973755,32.4831352233887,0.119282566010952,36,37.6,67.9,10.4,0.7,17.8,32
2016-05-06,9.9837064743042,10.1977910995483,32.637035369873,0.116849519312382,36,37.6,67.9,10.4,0.7,17.8,32
2016-05-07,9.78276443481445,10.3675708770752,32.5889701843262,0.0561466030776501,36,37.6,67.9,10.4,0.7,17.8,32
2016-05-08,9.44769477844238,10.9540710449219,32.5244483947754,-0.0435631461441517,36,37.6,67.9,10.4,0.7,17.8,32
2016-05-09,9.33372211456299,11.2355804443359,32.5140800476074,-0.134809225797653,36,37.6,67.9,10.4,0.7,17.8,32
2016-05-10,9.22400760650635,11.8635330200195,32.4648361206055,-0.12049674987793,36,37.6,67.9,10.4,0.7,17.8,32
2016-05-11,9.29504871368408,12.0171890258789,32.4062957763672,-0.17228589951992,36,37.6,67.9,10.4,0.7,17.8,32
2016-05-12,9.19481945037842,12.3735857009888,32.4501075744629,-0.120722807943821,36,37.6,67.9,10.4,0.7,17.8,32
2016-05-13,9.11688137054443,12.5400848388672,32.4389152526855,-0.0694776102900505,36,37.6,67.9,10.4,0.7,17.8,32
2016-05-14,10.249400138855,12.5242881774902,32.1845779418945,-0.0304224845021963,36,37.6,67.9,10.4,0.7,17.8,32
2016-05-15,10.237006187439,12.65904712677,32.0483360290527,-0.145334482192993,36,37.6,67.9,10.4,0.7,17.8,32
2016-05-16,10.1803550720215,12.2344970703125,32.2013053894043,-0.319359213113785,36,37.6,67.9,10.4,0.7,17.8,32
2016-05-17,9.75987720489502,12.9856939315796,32.1499786376953,-0.360893130302429,36,37.6,67.9,10.4,0.7,17.8,32
2016-05-18,9.61278438568115,12.9374628067017,32.3187789916992,-0.21092115342617,36,37.6,67.9,10.4,0.7,17.8,32
2016-05-19,9.75324058532715,12.6639547348022,32.5527534484863,-0.1490149050951,36,37.6,67.9,10.4,0.7,17.8,32
2016-05-20,10.2060079574585,12.4908409118652,32.358570098877,-0.211488589644432,36,37.6,67.9,10.4,0.7,17.8,32
2016-05-21,10.2606468200684,12.5401315689087,32.3906135559082,-0.102170825004578,36,37.6,67.9,10.4,0.7,17.8,32
2016-05-22,10.3363256454468,12.1505842208862,32.2525100708008,-0.014411672949791,36,37.6,67.9,10.4,0.7,17.8,32
2016-05-23,10.4451189041138,12.428295135498,32.046257019043,-0.0319824889302254,36,37.6,67.9,10.4,0.7,17.8,32
2016-05-24,10.372073173523,12.8997468948364,31.966516494751,-0.0507944226264954,36,37.6,67.9,10.4,0.7,17.8,32
2016-05-25,10.2895402908325,13.2896738052368,31.9511489868164,-0.0844352021813393,36,37.6,67.9,10.4,0.7,17.8,32
2016-05-26,10.4693651199341,14.2176752090454,32.144229888916,-0.189808055758476,36,37.6,67.9,10.4,0.7,17.8,32
2016-05-27,10.5197582244873,15.2922468185425,31.595235824585,-0.18425016105175,36,37.6,67.9,10.4,0.7,17.8,32
2016-05-28,10.4905290603638,16.0090293884277,30.9873733520508,-0.186979159712791,36,37.6,67.9,10.4,0.7,17.8,32
2016-05-29,10.5380783081055,17.7064151763916,31.1229610443115,-0.165331557393074,36,37.6,67.9,10.4,0.7,17.8,32
2016-05-30,10.5316801071167,18.1284027099609,31.2372035980225,-0.0641216710209846,36,37.6,67.9,10.4,0.7,17.8,32
2016-05-31,10.5496873855591,18.6719760894775,31.0754566192627,-0.0700026154518127,36,37.6,67.9,10.4,0.7,17.8,32
2016-06-01,10.76673412323,19.2382678985596,31.2003002166748,-0.134243905544281,36,37.6,67.9,10.4,0.7,17.8,32
2016-06-02,10.7984762191772,19.3230876922607,31.2945957183838,-0.0614174902439117,36,37.6,67.9,10.4,0.7,17.8,32
2016-06-03,10.8822860717773,19.4503307342529,31.29323387146,-0.00619235401973128,36,37.6,67.9,10.4,0.7,17.8,32
2016-06-04,10.5446310043335,19.1619300842285,31.2759914398193,-0.078704260289669,36,37.6,67.9,10.4,0.7,17.8,32
2016-06-05,10.4504880905151,19.3964519500732,31.2838840484619,-0.0467807166278362,36,37.6,67.9,10.4,0.7,17.8,32
2016-06-06,10.3737783432007,19.3124408721924,31.1516628265381,-0.00863702315837145,36,37.6,67.9,10.4,0.7,17.8,32
2016-06-07,11.5248880386353,19.7543621063232,31.1464176177979,0.0278868731111288,36,37.6,67.9,10.4,0.7,17.8,32
2016-06-08,11.7091636657715,19.6009998321533,31.1306591033936,-0.031542357057333,36,37.6,67.9,10.4,0.7,17.8,32
2016-06-09,11.8604574203491,18.679328918457,31.307954788208,-0.128119394183159,36,37.6,67.9,10.4,0.7,17.8,32
2016-06-10,11.573618888855,18.5950336456299,31.4274349212646,-0.150114148855209,36,37.6,67.9,10.4,0.7,17.8,32
2016-06-11,11.6573324203491,18.7355537414551,31.4807815551758,-0.0717806741595268,36,37.6,67.9,10.4,0.7,17.8,32
2016-06-12,11.7515420913696,19.1783504486084,31.4504375457764,-0.0139369145035744,36,37.6,67.9,10.4,0.7,17.8,32
2016-06-13,11.9150733947754,19.1645927429199,31.5366268157959,-0.0162654053419828,36,37.6,67.9,10.4,0.7,17.8,32
2016-06-14,11.9784126281738,19.3143405914307,31.6786270141602,-0.0559906996786594,36,37.6,67.9,10.4,0.7,17.8,32
2016-06-15,12.0326528549194,19.4966487884521,31.7102718353271,-0.0650539770722389,36,37.6,67.9,10.4,0.7,17.8,32
2016-06-16,12.2496538162231,19.3642406463623,31.7395000457764,-0.00376470875926316,36,37.6,67.9,10.4,0.7,17.8,32
2016-06-17,12.2562217712402,18.8007297515869,31.9264011383057,-0.0249439869076014,36,37.6,67.9,10.4,0.7,17.8,32
2016-06-18,12.2840957641602,18.5497455596924,32.0091094970703,-0.109939970076084,36,37.6,67.9,10.4,0.7,17.8,32
2016-06-19,11.1999206542969,19.5805130004883,32.1283874511719,-0.155610978603363,36,37.6,67.9,10.4,0.7,17.8,32
2016-06-20,11.092583656311,20.2298336029053,32.1117820739746,-0.139210268855095,36,37.6,67.9,10.4,0.7,17.8,32
2016-06-21,11.0806999206543,20.6634559631348,31.9522953033447,-0.10839581489563,36,37.6,67.9,10.4,0.7,17.8,32
2016-06-22,11.8099985122681,20.7493877410889,31.5407695770264,-0.110033489763737,36,37.6,67.9,10.4,0.7,17.8,32
2016-06-23,11.9665441513062,20.9827899932861,31.4984493255615,-0.124593161046505,36,37.6,67.9,10.4,0.7,17.8,32
2016-06-24,11.9876718521118,20.9918231964111,31.3904285430908,-0.115971304476261,36,37.6,67.9,10.4,0.7,17.8,32
2016-06-25,12.2885694503784,21.1487789154053,31.5027294158936,-0.0615534596145153,36,37.6,67.9,10.4,0.7,17.8,32
2016-06-26,12.1894369125366,21.3200244903564,31.5823192596436,-0.106603987514973,36,37.6,67.9,10.4,0.7,17.8,32
2016-06-27,12.1274175643921,21.7798328399658,31.4977340698242,-0.0729432329535484,36,37.6,67.9,10.4,0.7,17.8,32
2016-06-28,12.8300247192383,21.7993907928467,31.3734798431396,-0.0758454725146294,36,37.6,67.9,10.4,0.7,17.8,32
2016-06-29,12.8268480300903,21.9453716278076,30.970609664917,-0.0641284510493279,36,37.6,67.9,10.4,0.7,17.8,32
2016-06-30,12.8757171630859,22.2120132446289,30.8381061553955,-0.097887359559536,36,37.6,67.9,10.4,0.7,17.8,32
2016-07-01,13.1233062744141,22.7627029418945,30.9081859588623,-0.119700275361538,36,37.6,67.9,10.4,0.7,17.8,32
2016-07-02,13.2625417709351,22.6526966094971,31.0519943237305,-0.175103709101677,36,37.6,67.9,10.4,0.7,17.8,32
2016-07-03,13.4833459854126,22.7033843994141,31.09499168396,-0.243529930710793,36,37.6,67.9,10.4,0.7,17.8,32
2016-07-04,14.5883169174194,22.9967575073242,31.1527423858643,-0.226421877741814,36,37.6,67.9,10.4,0.7,17.8,32
2016-07-05,14.975043296814,23.4791870117188,31.2133178710938,-0.156607985496521,36,37.6,67.9,10.4,0.7,17.8,32
2016-07-06,15.292350769043,24.0797958374023,31.2325344085693,-0.146639779210091,36,37.6,67.9,10.4,0.7,17.8,32
2016-07-07,15.2928323745728,24.6615695953369,31.3430404663086,-0.0650918036699295,36,37.6,67.9,10.4,0.7,17.8,32
2016-07-08,15.1609163284302,24.7957210540771,31.4137439727783,-0.0325802974402905,36,37.6,67.9,10.4,0.7,17.8,32
2016-07-09,14.5461692810059,25.1111583709717,31.363151550293,0.0669203028082848,36,37.6,67.9,10.4,0.7,17.8,32
2016-07-10,13.163948059082,24.0350208282471,31.3934478759766,0.0679468140006065,36,37.6,67.9,10.4,0.7,17.8,32
2016-07-11,12.8570365905762,23.8706188201904,31.3867244720459,-0.0280846059322357,36,37.6,67.9,10.4,0.7,17.8,32
2016-07-12,12.4371948242188,24.1040706634521,31.4448471069336,-0.054486121982336,36,37.6,67.9,10.4,0.7,17.8,32
2016-07-13,12.8580675125122,24.8752593994141,31.4693546295166,-0.1203932762146,36,37.6,67.9,10.4,0.7,17.8,32
2016-07-14,12.7595338821411,25.4958438873291,31.4086170196533,-0.0933327972888947,36,37.6,67.9,10.4,0.7,17.8,32
2016-07-15,12.6222352981567,25.8847789764404,31.2941989898682,-0.0983497723937035,36,37.6,67.9,10.4,0.7,17.8,32
2016-07-16,13.5982599258423,25.9158954620361,31.2943744659424,-0.176402732729912,36,37.6,67.9,10.4,0.7,17.8,32
2016-07-17,13.647177696228,25.8023433685303,31.3888263702393,-0.165750220417976,36,37.6,67.9,10.4,0.7,17.8,32
2016-07-18,13.7124929428101,25.6943378448486,31.600004196167,-0.173652708530426,36,37.6,67.9,10.4,0.7,17.8,32
2016-07-19,13.922553062439,25.6965427398682,31.9016170501709,-0.156148627400398,36,37.6,67.9,10.4,0.7,17.8,32
2016-07-20,14.1456708908081,26.3253688812256,32.0253868103027,-0.115048713982105,36,37.6,67.9,10.4,0.7,17.8,32
2016-07-21,14.285267829895,26.5394496917725,32.0391654968262,-0.116975151002407,36,37.6,67.9,10.4,0.7,17.8,32
2016-07-22,13.7101812362671,26.1264343261719,32.0907936096191,-0.114551872014999,36,37.6,67.9,10.4,0.7,17.8,32
2016-07-23,14.3682556152344,25.4638824462891,32.1651268005371,-0.118677698075771,36,37.6,67.9,10.4,0.7,17.8,32
2016-07-24,14.6836233139038,25.9010982513428,32.1296424865723,-0.0335104838013649,36,37.6,67.9,10.4,0.7,17.8,32
2016-07-25,14.4482259750366,26.7525634765625,32.1834869384766,-0.0110291391611099,36,37.6,67.9,10.4,0.7,17.8,32
2016-07-26,14.5227708816528,26.0356960296631,31.8347225189209,0.0186385568231344,36,37.6,67.9,10.4,0.7,17.8,32
2016-07-27,14.474437713623,26.5163116455078,31.8565654754639,0.0306160449981689,36,37.6,67.9,10.4,0.7,17.8,32
2016-07-28,14.6320219039917,26.5991687774658,31.7455196380615,0.0344645865261555,36,37.6,67.9,10.4,0.7,17.8,32
2016-07-29,14.3196897506714,26.3400287628174,31.6401462554932,0.0640731528401375,36,37.6,67.9,10.4,0.7,17.8,32
2016-07-30,14.0796022415161,26.0714130401611,31.6509304046631,-0.00904082041233778,36,37.6,67.9,10.4,0.7,17.8,32
2016-07-31,13.8535814285278,26.1337413787842,31.6869201660156,-0.0531674027442932,36,37.6,67.9,10.4,0.7,17.8,32
2016-08-01,13.547550201416,25.9753894805908,31.7470531463623,-0.0402787290513515,36,37.6,67.9,10.4,0.7,17.8,32
2016-08-02,13.387936592102,26.7055206298828,31.8465213775635,-0.014945425093174,36,37.6,67.9,10.4,0.7,17.8,32
2016-08-03,13.0114984512329,26.8460083007812,32.0313453674316,0.000257638603216037,36,37.6,67.9,10.4,0.7,17.8,32
2016-08-04,13.1537885665894,26.3387432098389,32.0072174072266,0.0203416366130114,36,37.6,67.9,10.4,0.7,17.8,32
2016-08-05,13.0828123092651,26.1047668457031,32.0321884155273,0.00317672058008611,36,37.6,67.9,10.4,0.7,17.8,32
2016-08-06,12.5794382095337,26.2149066925049,32.1379661560059,-0.0562878660857677,36,37.6,67.9,10.4,0.7,17.8,32
2016-08-07,12.340407371521,26.1652431488037,32.0434341430664,-0.0780828967690468,36,37.6,67.9,10.4,0.7,17.8,32
2016-08-08,12.3320074081421,26.3357620239258,32.022647857666,-0.0597346723079681,36,37.6,67.9,10.4,0.7,17.8,32
2016-08-09,12.3361024856567,26.5748691558838,31.9022064208984,-0.129001006484032,36,37.6,67.9,10.4,0.7,17.8,32
2016-08-10,12.3748054504395,26.6335391998291,31.7852115631104,-0.128341645002365,36,37.6,67.9,10.4,0.7,17.8,32
2016-08-11,12.0992012023926,26.8499240875244,31.6926975250244,-0.111730240285397,36,37.6,67.9,10.4,0.7,17.8,32
2016-08-12,12.7922515869141,27.1896286010742,31.9073390960693,-0.174065873026848,36,37.6,67.9,10.4,0.7,17.8,32
2016-08-13,12.2544317245483,27.3560695648193,32.036792755127,-0.13073867559433,36,37.6,67.9,10.4,0.7,17.8,32
2016-08-14,11.9784135818481,27.1317443847656,32.0002059936523,-0.0712309032678604,36,37.6,67.9,10.4,0.7,17.8,32
2016-08-15,12.031795501709,27.2409820556641,32.1788063049316,-0.16140653192997,36,37.6,67.9,10.4,0.7,17.8,32
2016-08-16,12.4650449752808,27.6418857574463,32.1988792419434,-0.153061389923096,36,37.6,67.9,10.4,0.7,17.8,32
2016-08-17,12.3499326705933,26.8471355438232,32.2720565795898,-0.157807186245918,36,37.6,67.9,10.4,0.7,17.8,32
2016-08-18,12.1615629196167,26.5450801849365,32.188060760498,-0.14814418554306,36,37.6,67.9,10.4,0.7,17.8,32
2016-08-19,12.4136953353882,26.6531848907471,32.1923713684082,-0.067962571978569,36,37.6,67.9,10.4,0.7,17.8,32
2016-08-20,12.668872833252,26.8447017669678,32.2127571105957,0.0200159996747971,36,37.6,67.9,10.4,0.7,17.8,32
2016-08-21,13.6529388427734,27.0543746948242,32.1555709838867,0.0672700181603432,36,37.6,67.9,10.4,0.7,17.8,32
2016-08-22,13.7844457626343,26.3321762084961,32.1481475830078,0.0566740222275257,36,37.6,67.9,10.4,0.7,17.8,32
2016-08-23,14.1045866012573,26.0362339019775,32.0723991394043,-0.000118980802653823,36,37.6,67.9,10.4,0.7,17.8,32
2016-08-24,13.9854726791382,25.9052963256836,32.252513885498,-0.0985911786556244,36,37.6,67.9,10.4,0.7,17.8,32
2016-08-25,13.7531051635742,25.8254013061523,32.3269653320312,-0.0479272417724133,36,37.6,67.9,10.4,0.7,17.8,32
2016-08-26,13.349310874939,25.3830718994141,32.3297882080078,-0.0138800023123622,36,37.6,67.9,10.4,0.7,17.8,32
2016-08-27,14.3430557250977,25.5547103881836,32.2778358459473,-0.0493157804012299,36,37.6,67.9,10.4,0.7,17.8,32
2016-08-28,14.6348829269409,25.7767009735107,32.3381690979004,-0.00305311381816864,36,37.6,67.9,10.4,0.7,17.8,32
2016-08-29,14.9437026977539,25.8115158081055,32.3371963500977,0.0226655397564173,36,37.6,67.9,10.4,0.7,17.8,32
2016-08-30,13.0450325012207,26.302885055542,32.3353309631348,-0.0450665354728699,36,37.6,67.9,10.4,0.7,17.8,32
2016-08-31,12.7682189941406,26.3653335571289,32.2874755859375,0.0374686866998672,36,37.6,67.9,10.4,0.7,17.8,32
2016-09-01,12.6457824707031,25.9483203887939,32.1317710876465,0.090817965567112,36,37.6,67.9,10.4,0.7,17.8,32
2016-09-02,12.6275129318237,24.7949390411377,32.1034126281738,0.0457938425242901,36,37.6,67.9,10.4,0.7,17.8,32
2016-09-03,13.2932357788086,24.0364284515381,32.4044532775879,0.174774631857872,36,37.6,67.9,10.4,0.7,17.8,32
2016-09-04,15.8106918334961,23.1547985076904,32.344108581543,0.27676585316658,36,37.6,67.9,10.4,0.7,17.8,32
2016-09-05,19.8757076263428,23.3125133514404,32.3986396789551,0.299892157316208,36,37.6,67.9,10.4,0.7,17.8,32
2016-09-06,20.7482051849365,23.1933002471924,32.2094497680664,0.194635584950447,36,37.6,67.9,10.4,0.7,17.8,32
2016-09-07,20.4995193481445,23.2993259429932,32.0412101745605,0.0776535719633102,36,37.6,67.9,10.4,0.7,17.8,32
2016-09-08,21.056037902832,23.6848621368408,31.9741764068604,0.000828133255708963,36,37.6,67.9,10.4,0.7,17.8,32
2016-09-09,20.6169033050537,23.9016513824463,31.8889942169189,-0.0408609360456467,36,37.6,67.9,10.4,0.7,17.8,32
2016-09-10,19.8987827301025,24.127233505249,31.8626194000244,-0.0677744969725609,36,37.6,67.9,10.4,0.7,17.8,32
2016-09-11,17.5607833862305,23.9611988067627,32.0849266052246,-0.0596660934388638,36,37.6,67.9,10.4,0.7,17.8,32
2016-09-12,17.03932762146,23.7168025970459,32.0967636108398,-0.0848432704806328,36,37.6,67.9,10.4,0.7,17.8,32
2016-09-13,17.36155128479,23.5108394622803,32.0974006652832,-0.116935133934021,36,37.6,67.9,10.4,0.7,17.8,32
2016-09-14,17.9404163360596,23.4241104125977,32.0667572021484,-0.0524395704269409,36,37.6,67.9,10.4,0.7,17.8,32
2016-09-15,17.8506908416748,23.2801113128662,32.0406036376953,-0.0261732395738363,36,37.6,67.9,10.4,0.7,17.8,32
2016-09-16,18.0324573516846,22.5553512573242,32.0200157165527,-0.0175942182540894,36,37.6,67.9,10.4,0.7,17.8,32
2016-09-17,19.0567569732666,22.4239330291748,32.4089164733887,-0.0398140251636505,36,37.6,67.9,10.4,0.7,17.8,32
2016-09-18,18.9686698913574,22.8967761993408,32.4241409301758,-0.0681320130825043,36,37.6,67.9,10.4,0.7,17.8,32
2016-09-19,18.526460647583,23.4087352752686,32.3837051391602,-0.0459155701100826,36,37.6,67.9,10.4,0.7,17.8,32
2016-09-20,18.9641246795654,23.2027416229248,32.2857933044434,0.00462395092472434,36,37.6,67.9,10.4,0.7,17.8,32
2016-09-21,19.1384963989258,22.9973602294922,32.2856330871582,0.0117507306858897,36,37.6,67.9,10.4,0.7,17.8,32
2016-09-22,19.2903079986572,22.8711318969727,32.3161735534668,0.0396655909717083,36,37.6,67.9,10.4,0.7,17.8,32
2016-09-23,19.4668750762939,22.8334407806396,32.1455154418945,0.0529546178877354,36,37.6,67.9,10.4,0.7,17.8,32
2016-09-24,19.0313701629639,22.9169311523438,32.0777969360352,0.0257549583911896,36,37.6,67.9,10.4,0.7,17.8,32
2016-09-25,19.3591632843018,22.259614944458,32.1437339782715,-0.0122516788542271,36,37.6,67.9,10.4,0.7,17.8,32
2016-09-26,17.7809772491455,21.5348262786865,32.1932945251465,-0.075441487133503,36,37.6,67.9,10.4,0.7,17.8,32
2016-09-27,17.3245868682861,21.2306842803955,32.0215682983398,-0.0338566266000271,36,37.6,67.9,10.4,0.7,17.8,32
2016-09-28,16.9340763092041,21.3094387054443,31.9784393310547,0.00507371872663498,36,37.6,67.9,10.4,0.7,17.8,32
2016-09-29,18.1421070098877,21.7873210906982,32.1289100646973,0.167953535914421,36,37.6,67.9,10.4,0.7,17.8,32
2016-09-30,21.0839176177979,21.5425643920898,32.1123199462891,0.315395802259445,36,37.6,67.9,10.4,0.7,17.8,32
2016-10-01,21.3562164306641,21.7229061126709,31.9981994628906,0.265589445829391,36,37.6,67.9,10.4,0.7,17.8,32
2016-10-02,19.8071918487549,21.7538528442383,31.9322032928467,0.113678343594074,36,37.6,67.9,10.4,0.7,17.8,32
2016-10-03,19.7622261047363,21.5874099731445,31.8884677886963,0.0556794516742229,36,37.6,67.9,10.4,0.7,17.8,32
2016-10-04,19.6868801116943,21.0651931762695,31.9647655487061,0.0860275402665138,36,37.6,67.9,10.4,0.7,17.8,32
2016-10-05,20.566442489624,20.5847034454346,32.1010818481445,0.195331707596779,36,37.6,67.9,10.4,0.7,17.8,32
2016-10-06,20.3547077178955,20.3789196014404,32.0698661804199,0.0782040432095528,36,37.6,67.9,10.4,0.7,17.8,32
2016-10-07,20.3050994873047,20.3567600250244,32.1236152648926,0.0335574187338352,36,37.6,67.9,10.4,0.7,17.8,32
2016-10-08,17.8491764068604,21.0869522094727,32.0490875244141,0.088256299495697,36,37.6,67.9,10.4,0.7,17.8,32
2016-10-09,18.6389770507812,20.358247756958,31.9384384155273,0.169309437274933,36,37.6,67.9,10.4,0.7,17.8,32
2016-10-10,19.5108776092529,19.4821166992188,32.2325553894043,0.135253965854645,36,37.6,67.9,10.4,0.7,17.8,32
2016-10-11,18.948616027832,18.9465885162354,32.5352210998535,0.0156499613076448,36,37.6,67.9,10.4,0.7,17.8,32
2016-10-12,18.8406772613525,18.9539794921875,32.5306777954102,-0.0158877596259117,36,37.6,67.9,10.4,0.7,17.8,32
2016-10-13,18.7659683227539,18.9915771484375,32.5106544494629,-0.0059951120056212,36,37.6,67.9,10.4,0.7,17.8,32
2016-10-14,18.3085021972656,18.8445091247559,32.5910530090332,-0.0649534612894058,36,37.6,67.9,10.4,0.7,17.8,32
2016-10-15,18.4159870147705,18.4860782623291,32.6660957336426,-0.0599712766706944,36,37.6,67.9,10.4,0.7,17.8,32
2016-10-16,18.3868274688721,18.455114364624,32.6438102722168,-0.0184530410915613,36,37.6,67.9,10.4,0.7,17.8,32
2016-10-17,18.7332153320312,18.9485702514648,32.5333671569824,-0.0293395053595304,36,37.6,67.9,10.4,0.7,17.8,32
2016-10-18,18.7513523101807,19.2843532562256,32.233570098877,0.0145703935995698,36,37.6,67.9,10.4,0.7,17.8,32
2016-10-19,18.7022190093994,19.4816455841064,31.8301010131836,0.0420965515077114,36,37.6,67.9,10.4,0.7,17.8,32
2016-10-20,19.0138607025146,19.579122543335,31.6657485961914,0.0771414712071419,36,37.6,67.9,10.4,0.7,17.8,32
2016-10-21,18.9821357727051,19.692720413208,31.6419448852539,0.200965046882629,36,37.6,67.9,10.4,0.7,17.8,32
2016-10-22,18.9195213317871,19.2620964050293,31.9825744628906,0.0833004340529442,36,37.6,67.9,10.4,0.7,17.8,32
2016-10-23,18.9326858520508,18.5043430328369,32.559886932373,-0.233928084373474,36,37.6,67.9,10.4,0.7,17.8,32
2016-10-24,18.1128959655762,18.4616088867188,32.3340225219727,-0.256223678588867,36,37.6,67.9,10.4,0.7,17.8,32
2016-10-25,17.6302032470703,18.1687641143799,32.5242156982422,-0.253920525312424,36,37.6,67.9,10.4,0.7,17.8,32
2016-10-26,16.5394477844238,17.4042911529541,32.6454048156738,-0.206316754221916,36,37.6,67.9,10.4,0.7,17.8,32
2016-10-27,16.6556835174561,17.0959720611572,32.6638603210449,-0.181139513850212,36,37.6,67.9,10.4,0.7,17.8,32
2016-10-28,16.4769096374512,17.0147075653076,32.6512413024902,-0.161410421133041,36,37.6,67.9,10.4,0.7,17.8,32
2016-10-29,17.3008041381836,17.5333957672119,32.6919784545898,-0.162289008498192,36,37.6,67.9,10.4,0.7,17.8,32
2016-10-30,17.0370063781738,17.6233673095703,32.6346778869629,-0.125511810183525,36,37.6,67.9,10.4,0.7,17.8,32
2016-10-31,16.8274707794189,17.6460952758789,32.6604423522949,-0.0877048969268799,36,37.6,67.9,10.4,0.7,17.8,32
2016-11-01,16.9410820007324,17.3717021942139,32.8224411010742,-0.0993881821632385,36,37.6,67.9,10.4,0.7,17.8,32
2016-11-02,17.0651302337646,17.357349395752,32.800178527832,-0.0754541084170341,36,37.6,67.9,10.4,0.7,17.8,32
2016-11-03,16.952033996582,17.4234809875488,32.7629280090332,-0.0596145577728748,36,37.6,67.9,10.4,0.7,17.8,32
2016-11-04,17.0251312255859,17.3692779541016,32.7336158752441,-0.0431665517389774,36,37.6,67.9,10.4,0.7,17.8,32
2016-11-05,17.1387233734131,17.1137447357178,32.8407707214355,-0.0836140140891075,36,37.6,67.9,10.4,0.7,17.8,32
2016-11-06,17.1370277404785,16.9718933105469,32.8590888977051,-0.0945598483085632,36,37.6,67.9,10.4,0.7,17.8,32
2016-11-07,16.6839389801025,16.7068691253662,32.8549499511719,0.0188455861061811,36,37.6,67.9,10.4,0.7,17.8,32
2016-11-08,16.407434463501,16.3912792205811,32.8491020202637,0.0451661460101604,36,37.6,67.9,10.4,0.7,17.8,32
2016-11-09,16.4295845031738,16.2524700164795,32.8323974609375,0.0466865412890911,36,37.6,67.9,10.4,0.7,17.8,32
2016-11-10,16.50124168396,16.3234691619873,32.7940864562988,0.0244480352848768,36,37.6,67.9,10.4,0.7,17.8,32
2016-11-11,16.2765674591064,16.2480640411377,32.870002746582,-0.0888538360595703,36,37.6,67.9,10.4,0.7,17.8,32
2016-11-12,16.1124591827393,16.0724830627441,32.905387878418,-0.177011966705322,36,37.6,67.9,10.4,0.7,17.8,32
2016-11-13,15.5659217834473,15.7971487045288,32.9570541381836,-0.19155079126358,36,37.6,67.9,10.4,0.7,17.8,32
2016-11-14,15.6489639282227,15.636456489563,33.0063629150391,-0.219869270920753,36,37.6,67.9,10.4,0.7,17.8,32
2016-11-15,15.6633787155151,15.5776748657227,33.0113372802734,-0.0917979702353477,36,37.6,67.9,10.4,0.7,17.8,32
2016-11-16,15.5007247924805,15.4739198684692,32.9246635437012,-0.0253415461629629,36,37.6,67.9,10.4,0.7,17.8,32
2016-11-17,15.450177192688,15.3971557617188,32.9238967895508,-0.103815257549286,36,37.6,67.9,10.4,0.7,17.8,32
2016-11-18,15.3047714233398,15.2963180541992,32.9110946655273,-0.0650814175605774,36,37.6,67.9,10.4,0.7,17.8,32
2016-11-19,15.0481195449829,15.053295135498,32.7678031921387,0.031867753714323,36,37.6,67.9,10.4,0.7,17.8,32
2016-11-20,14.9402666091919,14.8974189758301,32.7880897521973,-0.133648619055748,36,37.6,67.9,10.4,0.7,17.8,32
2016-11-21,14.5047273635864,14.454719543457,32.9530372619629,-0.424328356981277,36,37.6,67.9,10.4,0.7,17.8,32
2016-11-22,13.9999513626099,13.9652442932129,32.9911994934082,-0.453824192285538,36,37.6,67.9,10.4,0.7,17.8,32
2016-11-23,14.1690530776978,13.9980878829956,33.1241035461426,-0.328631609678268,36,37.6,67.9,10.4,0.7,17.8,32
2016-11-24,14.3204231262207,13.9816370010376,33.1973838806152,-0.213390097022057,36,37.6,67.9,10.4,0.7,17.8,32
2016-11-25,13.6934432983398,13.5787134170532,33.098461151123,-0.0907318666577339,36,37.6,67.9,10.4,0.7,17.8,32
2016-11-26,13.4548215866089,13.4239807128906,33.0189666748047,-0.0349792875349522,36,37.6,67.9,10.4,0.7,17.8,32
2016-11-27,13.4111289978027,13.366286277771,33.0511283874512,-0.0840460956096649,36,37.6,67.9,10.4,0.7,17.8,32
2016-11-28,13.2014493942261,13.1044702529907,33.2071380615234,-0.130265399813652,36,37.6,67.9,10.4,0.7,17.8,32
2016-11-29,13.2789421081543,12.9947385787964,33.1694564819336,-0.102504722774029,36,37.6,67.9,10.4,0.7,17.8,32
2016-11-30,13.5239782333374,12.8566131591797,32.9258460998535,0.00345353246666491,36,37.6,67.9,10.4,0.7,17.8,32
2016-12-01,13.9767370223999,13.2124290466309,32.9522972106934,0.0382487289607525,36,37.6,67.9,10.4,0.7,17.8,32
2016-12-02,14.073000907898,13.1376647949219,33.0010871887207,-0.102582603693008,36,37.6,67.9,10.4,0.7,17.8,32
2016-12-03,14.1526641845703,13.0357103347778,33.127498626709,-0.220442548394203,36,37.6,67.9,10.4,0.7,17.8,32
2016-12-04,12.9426565170288,12.6619329452515,33.1798362731934,-0.180496737360954,36,37.6,67.9,10.4,0.7,17.8,32
2016-12-05,12.7368402481079,12.4933204650879,33.1092491149902,-0.016363587230444,36,37.6,67.9,10.4,0.7,17.8,32
2016-12-06,12.6434125900269,12.4339303970337,33.1236038208008,0.0376529693603516,36,37.6,67.9,10.4,0.7,17.8,32
2016-12-07,12.2546911239624,12.2781639099121,33.039608001709,0.174496293067932,36,37.6,67.9,10.4,0.7,17.8,32
2016-12-08,12.284176826477,12.0500221252441,32.927791595459,0.0170408058911562,36,37.6,67.9,10.4,0.7,17.8,32
2016-12-09,12.1412763595581,11.9805479049683,33.0414848327637,-0.1648880392313,36,37.6,67.9,10.4,0.7,17.8,32
2016-12-10,11.8688735961914,11.7968072891235,33.1063461303711,-0.293757349252701,36,37.6,67.9,10.4,0.7,17.8,32
2016-12-11,11.7607583999634,11.719464302063,33.2016563415527,-0.264700651168823,36,37.6,67.9,10.4,0.7,17.8,32
2016-12-12,11.7928113937378,11.7050552368164,33.2151985168457,-0.0728992968797684,36,37.6,67.9,10.4,0.7,17.8,32
2016-12-13,12.1135711669922,11.9387693405151,33.1772537231445,-0.190933659672737,36,37.6,67.9,10.4,0.7,17.8,32
2016-12-14,12.2119798660278,12.0122947692871,33.2951393127441,-0.0870093703269958,36,37.6,67.9,10.4,0.7,17.8,32
2016-12-15,12.0774908065796,11.7868766784668,33.3001480102539,-0.198321998119354,36,37.6,67.9,10.4,0.7,17.8,32
2016-12-16,11.1659135818481,11.07825756073,33.3520011901855,-0.468750089406967,36,37.6,67.9,10.4,0.7,17.8,32
2016-12-17,10.8979272842407,10.8166627883911,33.2860984802246,-0.246559992432594,36,37.6,67.9,10.4,0.7,17.8,32
2016-12-18,10.9971837997437,10.5702848434448,33.1430549621582,-0.222016587853432,36,37.6,67.9,10.4,0.7,17.8,32
2016-12-19,10.9282312393188,10.4050569534302,33.3261871337891,-0.29473489522934,36,37.6,67.9,10.4,0.7,17.8,32
2016-12-20,10.2457895278931,10.1998929977417,33.3407325744629,-0.164942726492882,36,37.6,67.9,10.4,0.7,17.8,32
2016-12-21,10.030592918396,9.95302295684814,33.2884292602539,-0.136000394821167,36,37.6,67.9,10.4,0.7,17.8,32
2016-12-22,10.5530815124512,10.2381010055542,33.3293495178223,-0.166770100593567,36,37.6,67.9,10.4,0.7,17.8,32
2016-12-23,10.7974891662598,10.2416200637817,33.3814239501953,-0.307795643806458,36,37.6,67.9,10.4,0.7,17.8,32
2016-12-24,10.774284362793,10.2251920700073,33.408748626709,-0.223006322979927,36,37.6,67.9,10.4,0.7,17.8,32
2016-12-25,10.755410194397,9.70020389556885,33.2768440246582,-0.361785411834717,36,37.6,67.9,10.4,0.7,17.8,32
2016-12-26,10.810399055481,10.0730066299438,33.5481719970703,-0.2397780418396,36,37.6,67.9,10.4,0.7,17.8,32
2016-12-27,10.772011756897,9.85108089447021,33.3636665344238,-0.18020798265934,36,37.6,67.9,10.4,0.7,17.8,32
2016-12-28,11.3162803649902,9.32509517669678,33.0472831726074,-0.295220166444778,36,37.6,67.9,10.4,0.7,17.8,32
2016-12-29,11.34192943573,9.60593128204346,33.246639251709,-0.115176014602184,36,37.6,67.9,10.4,0.7,17.8,32
2016-12-30,11.4232549667358,9.51257133483887,33.2545509338379,-0.241849765181541,36,37.6,67.9,10.4,0.7,17.8,32
2016-12-31,11.1888160705566,9.96121692657471,33.4781036376953,-0.388036161661148,36,37.6,67.9,10.4,0.7,17.8,32
2017-01-01,11.6585464477539,9.76258850097656,33.5090293884277,-0.383547902107239,36,37.6,67.9,10.4,0.7,17.8,32
2017-01-02,11.6768178939819,9.71160507202148,33.5290794372559,-0.203935757279396,36,37.6,67.9,10.4,0.7,17.8,32
2017-01-03,10.501955986023,9.62571144104004,33.5694427490234,0.0662916079163551,36,37.6,67.9,10.4,0.7,17.8,32
2017-01-04,9.82332420349121,9.36619567871094,33.3612480163574,0.00598444044589996,36,37.6,67.9,10.4,0.7,17.8,32
2017-01-05,10.075291633606,9.4143238067627,33.492919921875,-0.214278355240822,36,37.6,67.9,10.4,0.7,17.8,32
2017-01-06,10.0242033004761,9.08339214324951,33.5968742370605,-0.187432512640953,36,37.6,67.9,10.4,0.7,17.8,32
2017-01-07,9.64135265350342,9.01522731781006,33.6115531921387,-0.162424460053444,36,37.6,67.9,10.4,0.7,17.8,32
2017-01-08,8.27167797088623,8.2039680480957,33.2404365539551,-0.281246274709702,36,37.6,67.9,10.4,0.7,17.8,32
2017-01-09,8.37978267669678,8.32529449462891,33.4898414611816,-0.410664707422256,36,37.6,67.9,10.4,0.7,17.8,32
2017-01-10,8.48199558258057,8.32164573669434,33.5375595092773,-0.380177766084671,36,37.6,67.9,10.4,0.7,17.8,32
2017-01-11,8.68773174285889,8.06051445007324,33.3976364135742,-0.331359833478928,36,37.6,67.9,10.4,0.7,17.8,32
2017-01-12,8.9293622970581,8.64220714569092,33.0950660705566,-0.390533477067947,36,37.6,67.9,10.4,0.7,17.8,32
2017-01-13,9.28835487365723,8.49666595458984,33.0573692321777,-0.504236161708832,36,37.6,67.9,10.4,0.7,17.8,32
2017-01-14,9.29613018035889,8.65131378173828,33.1701240539551,-0.4149489402771,36,37.6,67.9,10.4,0.7,17.8,32
2017-01-15,9.20243167877197,7.64858675003052,33.0654182434082,-0.328351765871048,36,37.6,67.9,10.4,0.7,17.8,32
2017-01-16,9.22778606414795,7.75525665283203,33.1769790649414,-0.285863369703293,36,37.6,67.9,10.4,0.7,17.8,32
2017-01-17,9.27247714996338,7.87051391601562,33.196704864502,-0.215197682380676,36,37.6,67.9,10.4,0.7,17.8,32
2017-01-18,9.23672199249268,8.34867763519287,33.151309967041,-0.149674251675606,36,37.6,67.9,10.4,0.7,17.8,32
2017-01-19,9.09974670410156,8.49029541015625,33.0601615905762,-0.0643580555915833,36,37.6,67.9,10.4,0.7,17.8,32
2017-01-20,9.03752613067627,8.2430591583252,32.9133491516113,-0.097449004650116,36,37.6,67.9,10.4,0.7,17.8,32
2017-01-21,9.11505126953125,8.76567363739014,32.8727951049805,-0.119266353547573,36,37.6,67.9,10.4,0.7,17.8,32
2017-01-22,9.25659084320068,9.02381038665771,32.8509407043457,-0.0654872581362724,36,37.6,67.9,10.4,0.7,17.8,32
2017-01-23,9.14731693267822,9.29118347167969,33.2289886474609,0.271569758653641,36,37.6,67.9,10.4,0.7,17.8,32
2017-01-24,7.50231599807739,7.48141098022461,33.2204666137695,0.369223713874817,36,37.6,67.9,10.4,0.7,17.8,32
2017-01-25,7.1087646484375,7.09944868087769,33.2736396789551,-0.0349156893789768,36,37.6,67.9,10.4,0.7,17.8,32
2017-01-26,7.18797063827515,6.80523681640625,32.9826774597168,-0.0838995203375816,36,37.6,67.9,10.4,0.7,17.8,32
2017-01-27,7.24109220504761,7.31408548355103,32.7396278381348,-0.32923886179924,36,37.6,67.9,10.4,0.7,17.8,32
2017-01-28,7.82409286499023,7.18656873703003,32.5831298828125,-0.450534731149673,36,37.6,67.9,10.4,0.7,17.8,32
2017-01-29,8.50585079193115,7.18900537490845,32.7173690795898,-0.324161887168884,36,37.6,67.9,10.4,0.7,17.8,32
2017-01-30,8.29577732086182,7.44132232666016,32.849781036377,-0.233563795685768,36,37.6,67.9,10.4,0.7,17.8,32
2017-01-31,8.40823364257812,7.20821809768677,32.9026832580566,-0.290694713592529,36,37.6,67.9,10.4,0.7,17.8,32
2017-02-01,8.55933094024658,7.16853713989258,32.9996299743652,-0.253168761730194,36,37.6,67.9,10.4,0.7,17.8,32
2017-02-02,8.68476581573486,7.76768159866333,32.897388458252,-0.284065753221512,36,37.6,67.9,10.4,0.7,17.8,32
2017-02-03,8.75890064239502,7.71979475021362,32.9136695861816,-0.258144170045853,36,37.6,67.9,10.4,0.7,17.8,32
2017-02-04,8.7358808517456,7.50638246536255,32.9193496704102,-0.332934498786926,36,37.6,67.9,10.4,0.7,17.8,32
2017-02-05,8.58882427215576,7.35846090316772,33.124584197998,-0.316207706928253,36,37.6,67.9,10.4,0.7,17.8,32
2017-02-06,8.89509105682373,7.45789194107056,33.2009429931641,-0.369159609079361,36,37.6,67.9,10.4,0.7,17.8,32
2017-02-07,9.0238447189331,7.49834775924683,33.1896286010742,-0.260376393795013,36,37.6,67.9,10.4,0.7,17.8,32
2017-02-08,8.63619422912598,5.7351393699646,32.8017044067383,-0.134756743907928,36,37.6,67.9,10.4,0.7,17.8,32
2017-02-09,8.5158519744873,5.67444562911987,32.5958595275879,-0.115724958479404,36,37.6,67.9,10.4,0.7,17.8,32
2017-02-10,8.3139762878418,6.49691581726074,33.0958709716797,-0.363811701536179,36,37.6,67.9,10.4,0.7,17.8,32
2017-02-11,8.09171962738037,6.94317817687988,33.1160202026367,-0.351003676652908,36,37.6,67.9,10.4,0.7,17.8,32
2017-02-12,8.10271263122559,6.93188333511353,33.074878692627,-0.122298635542393,36,37.6,67.9,10.4,0.7,17.8,32
2017-02-13,7.88333463668823,6.99555015563965,33.1460418701172,-0.216104090213776,36,37.6,67.9,10.4,0.7,17.8,32
2017-02-14,6.5843334197998,6.35590696334839,33.4527931213379,-0.239651039242744,36,37.6,67.9,10.4,0.7,17.8,32
2017-02-15,6.09839677810669,5.95540571212769,33.2950782775879,0.0430254749953747,36,37.6,67.9,10.4,0.7,17.8,32
2017-02-16,6.14734888076782,5.86754035949707,33.3194389343262,-0.17544811964035,36,37.6,67.9,10.4,0.7,17.8,32
2017-02-17,5.95660352706909,5.66965627670288,33.3360557556152,-0.2336315959692,36,37.6,67.9,10.4,0.7,17.8,32
2017-02-18,5.91103887557983,5.81025886535645,33.4093589782715,-0.259210735559464,36,37.6,67.9,10.4,0.7,17.8,32
2017-02-19,6.03008222579956,6.01911783218384,33.3589553833008,-0.226332738995552,36,37.6,67.9,10.4,0.7,17.8,32
2017-02-20,5.95755529403687,6.99161672592163,33.3344230651855,-0.272126644849777,36,37.6,67.9,10.4,0.7,17.8,32
2017-02-21,5.9608006477356,7.1824803352356,33.3957023620605,-0.18445098400116,36,37.6,67.9,10.4,0.7,17.8,32
2017-02-22,5.94462823867798,7.3621883392334,33.3195724487305,-0.167136430740356,36,37.6,67.9,10.4,0.7,17.8,32
2017-02-23,5.8453803062439,6.9251217842102,33.2944221496582,-0.181985974311829,36,37.6,67.9,10.4,0.7,17.8,32
2017-02-24,5.91837930679321,7.09845876693726,33.1797256469727,-0.171908989548683,36,37.6,67.9,10.4,0.7,17.8,32
2017-02-25,5.93125915527344,7.31900215148926,33.1352500915527,-0.0872347056865692,36,37.6,67.9,10.4,0.7,17.8,32
2017-02-26,6.3838005065918,6.91818380355835,33.099666595459,-0.266323566436768,36,37.6,67.9,10.4,0.7,17.8,32
2017-02-27,6.50312662124634,6.7704758644104,33.2029991149902,-0.380139201879501,36,37.6,67.9,10.4,0.7,17.8,32
2017-02-28,6.57489013671875,7.0498833656311,33.2243309020996,-0.262763321399689,36,37.6,67.9,10.4,0.7,17.8,32
2017-03-01,6.51544189453125,7.41050577163696,33.0870246887207,-0.149405777454376,36,37.6,67.9,10.4,0.7,17.8,32
2017-03-02,6.86001634597778,7.21360778808594,33.1075553894043,-0.362878918647766,36,37.6,67.9,10.4,0.7,17.8,32
2017-03-03,7.13462257385254,7.20916891098022,33.390796661377,-0.480668306350708,36,37.6,67.9,10.4,0.7,17.8,32
2017-03-04,7.08618783950806,6.75583028793335,33.3574028015137,-0.479643106460571,36,37.6,67.9,10.4,0.7,17.8,32
2017-03-05,6.99996709823608,6.47834348678589,33.2444877624512,-0.44313383102417,36,37.6,67.9,10.4,0.7,17.8,32
2017-03-06,6.94565725326538,6.29943704605103,33.1689147949219,-0.323248475790024,36,37.6,67.9,10.4,0.7,17.8,32
2017-03-07,7.11200284957886,6.71325492858887,33.1217613220215,-0.219872817397118,36,37.6,67.9,10.4,0.7,17.8,32
2017-03-08,7.31148910522461,7.11208295822144,33.1950187683105,-0.227179124951363,36,37.6,67.9,10.4,0.7,17.8,32
2017-03-09,7.60380411148071,7.33689308166504,33.3536109924316,-0.3320492208004,36,37.6,67.9,10.4,0.7,17.8,32
2017-03-10,8.29873561859131,7.82664823532104,33.4655685424805,-0.20805336534977,36,37.6,67.9,10.4,0.7,17.8,32
2017-03-11,8.22207927703857,7.65099716186523,33.3947334289551,-0.385663747787476,36,37.6,67.9,10.4,0.7,17.8,32
2017-03-12,8.16047668457031,7.53225326538086,33.462100982666,-0.452025413513184,36,37.6,67.9,10.4,0.7,17.8,32
2017-03-13,7.28810358047485,7.24075317382812,33.5623779296875,-0.446925163269043,36,37.6,67.9,10.4,0.7,17.8,32
2017-03-14,7.29636812210083,7.29690408706665,33.5632934570312,0.0367026925086975,36,37.6,67.9,10.4,0.7,17.8,32
2017-03-15,7.02843332290649,6.97725534439087,33.3945274353027,-0.314548373222351,36,37.6,67.9,10.4,0.7,17.8,32
2017-03-16,6.33403253555298,6.29858160018921,33.6127433776855,-0.552960336208344,36,37.6,67.9,10.4,0.7,17.8,32
2017-03-17,6.14731025695801,6.12955904006958,33.6047019958496,-0.484693914651871,36,37.6,67.9,10.4,0.7,17.8,32
2017-03-18,6.29904413223267,6.29514265060425,33.604175567627,-0.249650731682777,36,37.6,67.9,10.4,0.7,17.8,32
2017-03-19,6.14642477035522,6.07356882095337,33.4682884216309,0.0215912312269211,36,37.6,67.9,10.4,0.7,17.8,32
2017-03-20,5.74976301193237,5.72159719467163,33.4023666381836,-0.0435804910957813,36,37.6,67.9,10.4,0.7,17.8,32
2017-03-21,5.82271909713745,5.85153245925903,33.419734954834,-0.0868377164006233,36,37.6,67.9,10.4,0.7,17.8,32
2017-03-22,5.03745031356812,5.83466196060181,33.4078674316406,-0.192706122994423,36,37.6,67.9,10.4,0.7,17.8,32
2017-03-23,5.32048034667969,5.41593551635742,33.6628913879395,-0.38537871837616,36,37.6,67.9,10.4,0.7,17.8,32
2017-03-24,5.44677734375,5.46060800552368,33.6090927124023,-0.396615743637085,36,37.6,67.9,10.4,0.7,17.8,32
2017-03-25,6.17851972579956,5.97627592086792,32.5270462036133,-0.377339720726013,36,37.6,67.9,10.4,0.7,17.8,32
2017-03-26,6.28250455856323,6.55137062072754,32.644359588623,-0.292160421609879,36,37.6,67.9,10.4,0.7,17.8,32
2017-03-27,6.14667320251465,6.62472772598267,33.0411834716797,-0.224421679973602,36,37.6,67.9,10.4,0.7,17.8,32
2017-03-28,6.14735984802246,6.28401756286621,32.5794677734375,-0.159153714776039,36,37.6,67.9,10.4,0.7,17.8,32
2017-03-29,6.14566278457642,6.5097541809082,32.2671089172363,-0.153129801154137,36,37.6,67.9,10.4,0.7,17.8,32
2017-03-30,5.97432708740234,6.52035903930664,32.1690406799316,-0.188147902488708,36,37.6,67.9,10.4,0.7,17.8,32
2017-03-31,5.18631315231323,6.12250518798828,32.1742744445801,-0.0514443702995777,36,37.6,67.9,10.4,0.7,17.8,32
2017-04-01,5.09973955154419,6.18387174606323,32.1747970581055,0.0633154436945915,36,37.6,67.9,10.4,0.7,17.8,32
2017-04-02,4.97436571121216,6.24096822738647,33.0128784179688,-0.0644242241978645,36,37.6,67.9,10.4,0.7,17.8,32
2017-04-03,5.12042284011841,6.08838415145874,33.0533866882324,-0.0697531327605247,36,37.6,67.9,10.4,0.7,17.8,32
2017-04-04,5.14059448242188,6.62581300735474,32.7628555297852,0.0566691420972347,36,37.6,67.9,10.4,0.7,17.8,32
2017-04-05,5.12973928451538,7.23084878921509,32.5264930725098,0.019532298669219,36,37.6,67.9,10.4,0.7,17.8,32
2017-04-06,6.34493112564087,7.4390811920166,32.702808380127,0.159170135855675,36,37.6,67.9,10.4,0.7,17.8,32
2017-04-07,6.29492616653442,7.42916822433472,32.496166229248,0.081972137093544,36,37.6,67.9,10.4,0.7,17.8,32
2017-04-08,6.58904218673706,7.33097696304321,32.6721115112305,-0.181275084614754,36,37.6,67.9,10.4,0.7,17.8,32
2017-04-09,6.90805387496948,7.3190803527832,32.7460670471191,-0.260430067777634,36,37.6,67.9,10.4,0.7,17.8,32
2017-04-10,6.96753692626953,7.71353530883789,32.7083778381348,-0.277602583169937,36,37.6,67.9,10.4,0.7,17.8,32
2017-04-11,7.19382667541504,8.11351490020752,32.7164268493652,-0.295919924974442,36,37.6,67.9,10.4,0.7,17.8,32
2017-04-12,7.62042093276978,8.8110990524292,32.7607002258301,-0.269480407238007,36,37.6,67.9,10.4,0.7,17.8,32
2017-04-13,7.77397680282593,9.37849140167236,32.7587699890137,-0.239369690418243,36,37.6,67.9,10.4,0.7,17.8,32
2017-04-14,7.72923040390015,9.66041469573975,32.7591361999512,-0.227271810173988,36,37.6,67.9,10.4,0.7,17.8,32
2017-04-15,7.92520570755005,10.1204605102539,32.8028793334961,-0.218012884259224,36,37.6,67.9,10.4,0.7,17.8,32
2017-04-16,8.02070713043213,10.2514543533325,32.8817672729492,-0.206784054636955,36,37.6,67.9,10.4,0.7,17.8,32
2017-04-17,8.39613628387451,10.860894203186,32.9867057800293,-0.249304890632629,36,37.6,67.9,10.4,0.7,17.8,32
2017-04-18,8.52320766448975,11.090090751648,32.9136085510254,-0.195033565163612,36,37.6,67.9,10.4,0.7,17.8,32
2017-04-19,8.14115333557129,10.868504524231,32.9437103271484,-0.146972477436066,36,37.6,67.9,10.4,0.7,17.8,32
2017-04-20,7.85958051681519,11.156813621521,32.9455833435059,-0.0901658907532692,36,37.6,67.9,10.4,0.7,17.8,32
2017-04-21,8.00262928009033,11.6502723693848,32.9577102661133,-0.0533222369849682,36,37.6,67.9,10.4,0.7,17.8,32
2017-04-22,7.67618703842163,11.4753980636597,32.8767890930176,-0.0193584095686674,36,37.6,67.9,10.4,0.7,17.8,32
2017-04-23,7.29691505432129,11.2581434249878,32.8101997375488,-0.123900093138218,36,37.6,67.9,10.4,0.7,17.8,32
2017-04-24,7.32227182388306,11.0849237442017,32.6211242675781,-0.0995830297470093,36,37.6,67.9,10.4,0.7,17.8,32
2017-04-25,7.12950563430786,10.6503429412842,32.6927299499512,0.0201713461428881,36,37.6,67.9,10.4,0.7,17.8,32
2017-04-26,6.98364067077637,10.2849626541138,32.4614143371582,0.0275863707065582,36,37.6,67.9,10.4,0.7,17.8,32
2017-04-27,7.20187330245972,11.441258430481,32.4340934753418,-0.105657182633877,36,37.6,67.9,10.4,0.7,17.8,32
2017-04-28,7.23650741577148,12.2926549911499,31.8417072296143,-0.195187255740166,36,37.6,67.9,10.4,0.7,17.8,32
2017-04-29,7.25458288192749,13.2535743713379,31.1605072021484,-0.213376298546791,36,37.6,67.9,10.4,0.7,17.8,32
2017-04-30,7.65912246704102,13.0595588684082,31.0608158111572,-0.184836074709892,36,37.6,67.9,10.4,0.7,17.8,32
2017-05-01,7.65923070907593,13.0351114273071,31.2250213623047,-0.108683846890926,36,37.6,67.9,10.4,0.7,17.8,32
2017-05-02,7.64778137207031,12.2858171463013,31.7906036376953,-0.130313917994499,36,37.6,67.9,10.4,0.7,17.8,32
2017-05-03,8.29944705963135,12.800594329834,31.9186477661133,-0.139249056577682,36,37.6,67.9,10.4,0.7,17.8,32
2017-05-04,8.40955638885498,13.1959505081177,31.9499645233154,-0.16764010488987,36,37.6,67.9,10.4,0.7,17.8,32
2017-05-05,8.38864517211914,13.3964309692383,31.9918842315674,0.00304717873223126,36,37.6,67.9,10.4,0.7,17.8,32
2017-05-06,8.86469745635986,13.3143491744995,32.1487426757812,0.05712865665555,36,37.6,67.9,10.4,0.7,17.8,32
2017-05-07,8.7412281036377,13.364128112793,32.2146797180176,-0.0418817065656185,36,37.6,67.9,10.4,0.7,17.8,32
2017-05-08,8.70213317871094,13.3150663375854,32.2537956237793,-0.121313393115997,36,37.6,67.9,10.4,0.7,17.8,32
2017-05-09,8.42824840545654,13.7027044296265,32.3653373718262,-0.135759711265564,36,37.6,67.9,10.4,0.7,17.8,32
2017-05-10,8.27542686462402,14.1223068237305,32.3315887451172,-0.0940511748194695,36,37.6,67.9,10.4,0.7,17.8,32
2017-05-11,8.10653400421143,14.2386255264282,32.3140144348145,-0.0235641915351152,36,37.6,67.9,10.4,0.7,17.8,32
2017-05-12,8.59471225738525,13.5213289260864,32.3581962585449,0.0250247437506914,36,37.6,67.9,10.4,0.7,17.8,32
2017-05-13,8.45087337493896,13.1911993026733,32.5716209411621,0.149335861206055,36,37.6,67.9,10.4,0.7,17.8,32
2017-05-14,8.12810611724854,12.2942085266113,32.4983100891113,0.122352041304111,36,37.6,67.9,10.4,0.7,17.8,32
2017-05-15,8.11126899719238,12.5527830123901,32.5140419006348,-0.0556398145854473,36,37.6,67.9,10.4,0.7,17.8,32
2017-05-16,8.19357967376709,12.9356994628906,32.5907173156738,-0.13115493953228,36,37.6,67.9,10.4,0.7,17.8,32
2017-05-17,8.21851253509521,13.496036529541,32.378116607666,-0.133796885609627,36,37.6,67.9,10.4,0.7,17.8,32
2017-05-18,8.74748229980469,15.104305267334,31.1618194580078,-0.152777418494225,36,37.6,67.9,10.4,0.7,17.8,32
2017-05-19,8.63449001312256,15.7719459533691,31.0730876922607,-0.180397570133209,36,37.6,67.9,10.4,0.7,17.8,32
2017-05-20,8.62362670898438,16.0440921783447,31.3179244995117,-0.112140797078609,36,37.6,67.9,10.4,0.7,17.8,32
2017-05-21,8.27965831756592,13.7000455856323,31.9484844207764,-0.148138299584389,36,37.6,67.9,10.4,0.7,17.8,32
2017-05-22,8.23787879943848,13.5040597915649,32.0051307678223,-0.132060796022415,36,37.6,67.9,10.4,0.7,17.8,32
2017-05-23,7.98114442825317,13.7682952880859,31.9327869415283,-0.0671261623501778,36,37.6,67.9,10.4,0.7,17.8,32
2017-05-24,8.85272693634033,13.9727439880371,32.2152557373047,0.0174044575542212,36,37.6,67.9,10.4,0.7,17.8,32
2017-05-25,9.18162441253662,13.9896421432495,32.3696708679199,0.0729305371642113,36,37.6,67.9,10.4,0.7,17.8,32
2017-05-26,9.06062507629395,14.6092262268066,32.040283203125,-0.0417560376226902,36,37.6,67.9,10.4,0.7,17.8,32
2017-05-27,8.86172199249268,15.1736288070679,31.9450302124023,-0.0776616409420967,36,37.6,67.9,10.4,0.7,17.8,32
2017-05-28,8.98317050933838,15.6768083572388,31.9741954803467,0.0116176120936871,36,37.6,67.9,10.4,0.7,17.8,32
2017-05-29,9.34328174591064,15.7501211166382,32.0824394226074,0.0625859424471855,36,37.6,67.9,10.4,0.7,17.8,32
2017-05-30,10.2792520523071,15.852424621582,32.1072845458984,0.00160097086336464,36,37.6,67.9,10.4,0.7,17.8,32
2017-05-31,10.0325174331665,15.9340744018555,32.008129119873,-0.00136907398700714,36,37.6,67.9,10.4,0.7,17.8,32
2017-06-01,9.67540836334229,16.197639465332,31.8991622924805,-0.0653565227985382,36,37.6,67.9,10.4,0.7,17.8,32
2017-06-02,9.16526126861572,16.3858489990234,31.8052310943604,-0.0753896161913872,36,37.6,67.9,10.4,0.7,17.8,32
2017-06-03,9.11082363128662,16.6803073883057,31.7101497650146,-0.0897629261016846,36,37.6,67.9,10.4,0.7,17.8,32
2017-06-04,9.05346870422363,16.8141975402832,31.6388702392578,-0.140517681837082,36,37.6,67.9,10.4,0.7,17.8,32
2017-06-05,9.68264102935791,16.916389465332,31.4852809906006,-0.0326729156076908,36,37.6,67.9,10.4,0.7,17.8,32
2017-06-06,9.71898555755615,17.0061092376709,31.2624759674072,0.044068455696106,36,37.6,67.9,10.4,0.7,17.8,32
2017-06-07,10.0487203598022,16.8871192932129,31.1895046234131,0.0792510733008385,36,37.6,67.9,10.4,0.7,17.8,32
2017-06-08,10.7353754043579,16.3386554718018,31.29123878479,0.0261006150394678,36,37.6,67.9,10.4,0.7,17.8,32
2017-06-09,10.5134363174438,16.2922878265381,31.4388637542725,0.00937079451978207,36,37.6,67.9,10.4,0.7,17.8,32
2017-06-10,10.3194169998169,16.9968223571777,31.1303615570068,-0.127525165677071,36,37.6,67.9,10.4,0.7,17.8,32
2017-06-11,10.4413747787476,18.4702835083008,30.7870330810547,-0.184251978993416,36,37.6,67.9,10.4,0.7,17.8,32
2017-06-12,10.3568410873413,19.281156539917,30.4401912689209,-0.180314838886261,36,37.6,67.9,10.4,0.7,17.8,32
2017-06-13,10.3001317977905,19.7837390899658,30.5008010864258,-0.132033199071884,36,37.6,67.9,10.4,0.7,17.8,32
2017-06-14,10.9913721084595,20.6552829742432,30.5903778076172,-0.0475908815860748,36,37.6,67.9,10.4,0.7,17.8,32
2017-06-15,11.1749677658081,20.403247833252,30.6097927093506,0.00778714427724481,36,37.6,67.9,10.4,0.7,17.8,32
2017-06-16,11.2026433944702,20.2470664978027,30.6880207061768,0.0760934352874756,36,37.6,67.9,10.4,0.7,17.8,32
2017-06-17,11.0366821289062,20.4229431152344,30.6239528656006,0.084801435470581,36,37.6,67.9,10.4,0.7,17.8,32
2017-06-18,10.8550844192505,20.3672275543213,30.3473663330078,0.0466326139867306,36,37.6,67.9,10.4,0.7,17.8,32
2017-06-19,10.6969709396362,20.1255073547363,30.6091136932373,-0.0221899058669806,36,37.6,67.9,10.4,0.7,17.8,32
2017-06-20,11.4435319900513,21.239221572876,31.3908519744873,-0.162829145789146,36,37.6,67.9,10.4,0.7,17.8,32
2017-06-21,11.5785570144653,21.4667491912842,31.4975490570068,-0.159111961722374,36,37.6,67.9,10.4,0.7,17.8,32
2017-06-22,11.6818237304688,21.2961502075195,31.5190296173096,-0.149815335869789,36,37.6,67.9,10.4,0.7,17.8,32
2017-06-23,12.1889410018921,21.3733615875244,31.7601299285889,-0.134350508451462,36,37.6,67.9,10.4,0.7,17.8,32
2017-06-24,12.1480531692505,19.6759185791016,32.0871887207031,-0.175093233585358,36,37.6,67.9,10.4,0.7,17.8,32
2017-06-25,12.2307329177856,19.6324234008789,32.1988563537598,-0.188781097531319,36,37.6,67.9,10.4,0.7,17.8,32
2017-06-26,12.6860275268555,20.867733001709,32.1216926574707,-0.152683988213539,36,37.6,67.9,10.4,0.7,17.8,32
2017-06-27,12.64466381073,21.4051418304443,32.1025810241699,-0.111683331429958,36,37.6,67.9,10.4,0.7,17.8,32
2017-06-28,12.549355506897,21.6135482788086,32.052791595459,-0.103332601487637,36,37.6,67.9,10.4,0.7,17.8,32
2017-06-29,12.3699026107788,21.4737319946289,32.2553291320801,-0.128994092345238,36,37.6,67.9,10.4,0.7,17.8,32
2017-06-30,12.1418256759644,20.9274959564209,32.0090370178223,-0.159214004874229,36,37.6,67.9,10.4,0.7,17.8,32
2017-07-01,11.7521476745605,21.0405368804932,32.3809394836426,-0.135443463921547,36,37.6,67.9,10.4,0.7,17.8,32
2017-07-02,11.555100440979,22.2711582183838,32.5670051574707,-0.0977079346776009,36,37.6,67.9,10.4,0.7,17.8,32
2017-07-03,11.6541595458984,22.6983318328857,32.550708770752,-0.107732027769089,36,37.6,67.9,10.4,0.7,17.8,32
2017-07-04,11.7661561965942,22.7296676635742,32.5490379333496,-0.0933698639273643,36,37.6,67.9,10.4,0.7,17.8,32
2017-07-05,11.5233755111694,23.3008556365967,32.6152534484863,-0.0725837796926498,36,37.6,67.9,10.4,0.7,17.8,32
2017-07-06,11.6296491622925,23.4088687896729,32.6595764160156,-0.0849391296505928,36,37.6,67.9,10.4,0.7,17.8,32
2017-07-07,11.4865579605103,23.4105739593506,32.6304512023926,0.017966166138649,36,37.6,67.9,10.4,0.7,17.8,32
2017-07-08,11.6139640808105,23.7508773803711,32.6840400695801,-0.0890341699123383,36,37.6,67.9,10.4,0.7,17.8,32
2017-07-09,11.4263219833374,23.7888946533203,32.5025787353516,-0.118068419396877,36,37.6,67.9,10.4,0.7,17.8,32
2017-07-10,11.364504814148,24.1165523529053,32.4983787536621,-0.133923307061195,36,37.6,67.9,10.4,0.7,17.8,32
2017-07-11,11.4473028182983,24.5395183563232,32.3014869689941,-0.13090081512928,36,37.6,67.9,10.4,0.7,17.8,32
2017-07-12,11.1210479736328,24.5502376556396,31.7487125396729,-0.130034282803535,36,37.6,67.9,10.4,0.7,17.8,32
2017-07-13,10.9360456466675,24.9593563079834,31.6925048828125,-0.124431259930134,36,37.6,67.9,10.4,0.7,17.8,32
2017-07-14,11.8247308731079,24.9863986968994,31.5416736602783,-0.0491755120456219,36,37.6,67.9,10.4,0.7,17.8,32
2017-07-15,11.6557092666626,25.2536640167236,31.4870357513428,-0.0421306677162647,36,37.6,67.9,10.4,0.7,17.8,32
2017-07-16,11.5624856948853,25.494104385376,31.5451126098633,-0.0366073735058308,36,37.6,67.9,10.4,0.7,17.8,32
2017-07-17,12.1603879928589,26.3364810943604,31.7867336273193,-0.0560168325901031,36,37.6,67.9,10.4,0.7,17.8,32
2017-07-18,12.0816831588745,26.3357238769531,31.8781204223633,-0.0928295627236366,36,37.6,67.9,10.4,0.7,17.8,32
2017-07-19,11.9485445022583,26.5847492218018,31.8602447509766,-0.126816287636757,36,37.6,67.9,10.4,0.7,17.8,32
2017-07-20,11.5725679397583,25.9767093658447,31.7949371337891,-0.152231097221375,36,37.6,67.9,10.4,0.7,17.8,32
2017-07-21,11.4446868896484,25.3592853546143,31.6257934570312,-0.15575185418129,36,37.6,67.9,10.4,0.7,17.8,32
2017-07-22,11.3873834609985,25.2882537841797,31.611291885376,-0.124109230935574,36,37.6,67.9,10.4,0.7,17.8,32
2017-07-23,11.7409515380859,25.4760265350342,31.5361557006836,-0.0827568843960762,36,37.6,67.9,10.4,0.7,17.8,32
2017-07-24,11.6155614852905,25.271520614624,31.3398380279541,-0.0219674874097109,36,37.6,67.9,10.4,0.7,17.8,32
2017-07-25,11.41517162323,23.9839344024658,31.3303394317627,-0.0692665949463844,36,37.6,67.9,10.4,0.7,17.8,32
2017-07-26,12.3298234939575,24.9229221343994,31.5250835418701,-0.0302944630384445,36,37.6,67.9,10.4,0.7,17.8,32
2017-07-27,12.5010385513306,25.0220432281494,31.7703170776367,-0.0265758167952299,36,37.6,67.9,10.4,0.7,17.8,32
2017-07-28,11.9140405654907,24.2426128387451,31.9453563690186,-0.0124598545953631,36,37.6,67.9,10.4,0.7,17.8,32
2017-07-29,12.9390821456909,23.4406890869141,31.8177013397217,0.182191714644432,36,37.6,67.9,10.4,0.7,17.8,32
2017-07-30,15.7004289627075,21.8976573944092,32.1762351989746,0.15560419857502,36,37.6,67.9,10.4,0.7,17.8,32
2017-07-31,15.8296155929565,21.7350311279297,32.1779861450195,0.0199931357055902,36,37.6,67.9,10.4,0.7,17.8,32
2017-08-01,13.9928245544434,22.5935649871826,32.1973876953125,-0.0277987699955702,36,37.6,67.9,10.4,0.7,17.8,32
2017-08-02,13.1430082321167,23.4501514434814,32.1985702514648,-0.0540960915386677,36,37.6,67.9,10.4,0.7,17.8,32
2017-08-03,12.6244659423828,23.9442749023438,32.1978073120117,-0.0217201095074415,36,37.6,67.9,10.4,0.7,17.8,32
2017-08-04,12.9376230239868,23.7694759368896,32.2943229675293,-0.0272677410393953,36,37.6,67.9,10.4,0.7,17.8,32
2017-08-05,12.7150945663452,24.0246200561523,32.2401847839355,0.0173974577337503,36,37.6,67.9,10.4,0.7,17.8,32
2017-08-06,12.4399490356445,23.8459701538086,32.2584495544434,-0.0851951763033867,36,37.6,67.9,10.4,0.7,17.8,32
2017-08-07,12.1365804672241,23.9960708618164,32.3296089172363,-0.0888910666108131,36,37.6,67.9,10.4,0.7,17.8,32
2017-08-08,12.1785860061646,23.7741622924805,32.1043014526367,-0.0194638930261135,36,37.6,67.9,10.4,0.7,17.8,32
2017-08-09,12.8579206466675,24.0288639068604,32.1529731750488,-0.124636925756931,36,37.6,67.9,10.4,0.7,17.8,32
2017-08-10,13.5322904586792,24.4432983398438,32.3069038391113,-0.156187072396278,36,37.6,67.9,10.4,0.7,17.8,32
2017-08-11,13.6086530685425,24.4737529754639,32.315357208252,-0.121110431849957,36,37.6,67.9,10.4,0.7,17.8,32
2017-08-12,13.5319623947144,24.5383625030518,32.2769050598145,-0.0398456268012524,36,37.6,67.9,10.4,0.7,17.8,32
2017-08-13,13.7913980484009,25.3628101348877,32.2250328063965,-0.0341101139783859,36,37.6,67.9,10.4,0.7,17.8,32
2017-08-14,13.6141128540039,25.5755100250244,32.2236289978027,-0.0425870232284069,36,37.6,67.9,10.4,0.7,17.8,32
2017-08-15,13.5484952926636,25.7302551269531,32.2019729614258,0.0401541031897068,36,37.6,67.9,10.4,0.7,17.8,32
2017-08-16,12.531397819519,25.760274887085,32.1803092956543,-0.0127825625240803,36,37.6,67.9,10.4,0.7,17.8,32
2017-08-17,12.5333852767944,25.6378784179688,32.1155738830566,-0.0420209057629108,36,37.6,67.9,10.4,0.7,17.8,32
2017-08-18,12.2895317077637,25.5334148406982,32.0900535583496,-0.00554795330390334,36,37.6,67.9,10.4,0.7,17.8,32
2017-08-19,13.2926025390625,25.3414840698242,31.9645595550537,-0.0529634356498718,36,37.6,67.9,10.4,0.7,17.8,32
2017-08-20,13.3069229125977,25.3987979888916,31.9275360107422,-0.0886600837111473,36,37.6,67.9,10.4,0.7,17.8,32
2017-08-21,13.4493551254272,25.4757308959961,31.892240524292,-0.122000195086002,36,37.6,67.9,10.4,0.7,17.8,32
2017-08-22,13.9850912094116,26.1297245025635,32.1686897277832,-0.0986543670296669,36,37.6,67.9,10.4,0.7,17.8,32
2017-08-23,13.4888048171997,26.3585796356201,32.2545204162598,-0.0496168248355389,36,37.6,67.9,10.4,0.7,17.8,32
2017-08-24,13.3591423034668,26.4336318969727,32.2408180236816,0.0030747726559639,36,37.6,67.9,10.4,0.7,17.8,32
2017-08-25,14.6505250930786,25.6452045440674,32.1323890686035,-0.0364531017839909,36,37.6,67.9,10.4,0.7,17.8,32
2017-08-26,14.7303924560547,25.470832824707,32.0482902526855,-0.0668625608086586,36,37.6,67.9,10.4,0.7,17.8,32
2017-08-27,14.7506256103516,24.871826171875,31.9337100982666,-0.0515172891318798,36,37.6,67.9,10.4,0.7,17.8,32
2017-08-28,17.3345623016357,24.1465759277344,31.7093257904053,0.0483966507017612,36,37.6,67.9,10.4,0.7,17.8,32
2017-08-29,17.8541965484619,23.737096786499,31.6359481811523,0.162287309765816,36,37.6,67.9,10.4,0.7,17.8,32
2017-08-30,19.7246570587158,22.9219360351562,31.5224704742432,0.23227970302105,36,37.6,67.9,10.4,0.7,17.8,32
2017-08-31,17.6483840942383,23.6971302032471,31.6121768951416,0.0618908815085888,36,37.6,67.9,10.4,0.7,17.8,32
2017-09-01,16.2675971984863,23.7115573883057,31.6273441314697,0.0448505245149136,36,37.6,67.9,10.4,0.7,17.8,32
2017-09-02,16.3630352020264,23.028829574585,31.593729019165,-0.00769955152645707,36,37.6,67.9,10.4,0.7,17.8,32
2017-09-03,15.4846000671387,22.6243667602539,31.5772533416748,0.0420088917016983,36,37.6,67.9,10.4,0.7,17.8,32
2017-09-04,14.8831014633179,22.4366207122803,31.5123672485352,-0.0193334706127644,36,37.6,67.9,10.4,0.7,17.8,32
2017-09-05,13.7300024032593,22.7537784576416,31.5698547363281,-0.0677882805466652,36,37.6,67.9,10.4,0.7,17.8,32
2017-09-06,13.8428239822388,22.7673187255859,31.6406650543213,-0.0527175106108189,36,37.6,67.9,10.4,0.7,17.8,32
2017-09-07,13.8946619033813,22.5775985717773,31.5637588500977,-0.0352293848991394,36,37.6,67.9,10.4,0.7,17.8,32
2017-09-08,14.0464477539062,22.3906230926514,31.5404415130615,-0.172610640525818,36,37.6,67.9,10.4,0.7,17.8,32
2017-09-09,14.0243997573853,22.3174686431885,31.5930156707764,-0.102411568164825,36,37.6,67.9,10.4,0.7,17.8,32
2017-09-10,14.404034614563,22.0033359527588,31.6095752716064,-0.0597951002418995,36,37.6,67.9,10.4,0.7,17.8,32
2017-09-11,15.1575727462769,21.6733837127686,31.6038188934326,-0.0574992299079895,36,37.6,67.9,10.4,0.7,17.8,32
2017-09-12,16.9776363372803,21.7661533355713,31.4896621704102,-0.0141350710764527,36,37.6,67.9,10.4,0.7,17.8,32
2017-09-13,16.8431415557861,21.8683490753174,31.4429454803467,0.0419005863368511,36,37.6,67.9,10.4,0.7,17.8,32
2017-09-14,16.3966808319092,21.9212017059326,31.3752670288086,0.0178425814956427,36,37.6,67.9,10.4,0.7,17.8,32
2017-09-15,16.260461807251,22.302001953125,31.3620223999023,0.0391459241509438,36,37.6,67.9,10.4,0.7,17.8,32
2017-09-16,16.0308818817139,22.4544429779053,31.3469161987305,-0.0165661685168743,36,37.6,67.9,10.4,0.7,17.8,32
2017-09-17,16.0189762115479,22.4458541870117,31.366828918457,-0.0129597214981914,36,37.6,67.9,10.4,0.7,17.8,32
2017-09-18,16.981409072876,22.595588684082,31.4097652435303,0.0790832713246346,36,37.6,67.9,10.4,0.7,17.8,32
2017-09-19,17.9055843353271,22.3449954986572,31.3844127655029,0.288633793592453,36,37.6,67.9,10.4,0.7,17.8,32
2017-09-20,20.794038772583,21.6364517211914,31.1314754486084,0.31728607416153,36,37.6,67.9,10.4,0.7,17.8,32
2017-09-21,20.015007019043,21.3317031860352,31.1188068389893,0.145080775022507,36,37.6,67.9,10.4,0.7,17.8,32
2017-09-22,19.2230739593506,21.3804092407227,31.0815048217773,0.222605049610138,36,37.6,67.9,10.4,0.7,17.8,32
2017-09-23,18.8170776367188,21.2637405395508,31.0053806304932,0.160141080617905,36,37.6,67.9,10.4,0.7,17.8,32
2017-09-24,18.0518016815186,21.2223339080811,31.1183071136475,0.0560773424804211,36,37.6,67.9,10.4,0.7,17.8,32
2017-09-25,17.7505931854248,21.2044372558594,31.16282081604,0.067175105214119,36,37.6,67.9,10.4,0.7,17.8,32
2017-09-26,17.8597946166992,20.8782558441162,31.2251110076904,0.12109699100256,36,37.6,67.9,10.4,0.7,17.8,32
2017-09-27,18.9122257232666,21.3501663208008,31.3711795806885,0.213077023625374,36,37.6,67.9,10.4,0.7,17.8,32
2017-09-28,20.0257015228271,21.3587493896484,31.4291381835938,0.20686037838459,36,37.6,67.9,10.4,0.7,17.8,32
2017-09-29,20.5622425079346,21.3525295257568,31.5119724273682,0.0924229100346565,36,37.6,67.9,10.4,0.7,17.8,32
2017-09-30,19.5873527526855,21.1697597503662,31.4994449615479,0.0199955776333809,36,37.6,67.9,10.4,0.7,17.8,32
2017-10-01,19.5574951171875,20.1887149810791,31.6448535919189,0.0457900650799274,36,37.6,67.9,10.4,0.7,17.8,32
2017-10-02,20.0758380889893,20.2083187103271,31.7253341674805,-0.0767483338713646,36,37.6,67.9,10.4,0.7,17.8,32
2017-10-03,18.1626663208008,19.9425086975098,31.5709400177002,-0.0744458958506584,36,37.6,67.9,10.4,0.7,17.8,32
2017-10-04,18.1956729888916,19.9209384918213,31.571756362915,-0.0352680422365665,36,37.6,67.9,10.4,0.7,17.8,32
2017-10-05,17.7813358306885,20.161958694458,31.5190353393555,-0.14376237988472,36,37.6,67.9,10.4,0.7,17.8,32
2017-10-06,17.3219547271729,21.3101119995117,31.5256938934326,-0.130964577198029,36,37.6,67.9,10.4,0.7,17.8,32
2017-10-07,17.1372966766357,21.7579364776611,31.4209957122803,-0.0235364940017462,36,37.6,67.9,10.4,0.7,17.8,32
2017-10-08,16.951244354248,22.0142421722412,31.303825378418,-0.0327900685369968,36,37.6,67.9,10.4,0.7,17.8,32
2017-10-09,16.764497756958,22.1569042205811,31.3756351470947,-0.0203327052295208,36,37.6,67.9,10.4,0.7,17.8,32
2017-10-10,16.2208480834961,22.3866863250732,31.374382019043,-0.0614320933818817,36,37.6,67.9,10.4,0.7,17.8,32
2017-10-11,15.8977556228638,22.3831653594971,31.3956909179688,-0.0241782274097204,36,37.6,67.9,10.4,0.7,17.8,32
2017-10-12,18.0533428192139,20.9172916412354,31.3921432495117,0.233594372868538,36,37.6,67.9,10.4,0.7,17.8,32
2017-10-13,19.4914417266846,20.0850048065186,31.578031539917,0.206961095333099,36,37.6,67.9,10.4,0.7,17.8,32
2017-10-14,19.9125499725342,20.0627384185791,31.5932559967041,0.0837773084640503,36,37.6,67.9,10.4,0.7,17.8,32
2017-10-15,19.1645393371582,20.0692138671875,31.5767059326172,0.0149149065837264,36,37.6,67.9,10.4,0.7,17.8,32
2017-10-16,18.9248828887939,20.3802280426025,31.324068069458,-0.0662213936448097,36,37.6,67.9,10.4,0.7,17.8,32
2017-10-17,18.8512802124023,19.4415321350098,31.6137847900391,-0.116460889577866,36,37.6,67.9,10.4,0.7,17.8,32
2017-10-18,19.2098159790039,19.6917133331299,31.6726665496826,-0.0899136736989021,36,37.6,67.9,10.4,0.7,17.8,32
2017-10-19,19.127950668335,19.6534099578857,31.6651096343994,-0.132362648844719,36,37.6,67.9,10.4,0.7,17.8,32
2017-10-20,18.8868198394775,19.630542755127,31.6316833496094,-0.186829328536987,36,37.6,67.9,10.4,0.7,17.8,32
2017-10-21,17.837043762207,19.2765293121338,31.7913913726807,-0.163270726799965,36,37.6,67.9,10.4,0.7,17.8,32
2017-10-22,17.7834987640381,19.2390365600586,31.8291149139404,-0.148882478475571,36,37.6,67.9,10.4,0.7,17.8,32
2017-10-23,17.8415336608887,19.1684398651123,31.8556652069092,-0.033335980027914,36,37.6,67.9,10.4,0.7,17.8,32
2017-10-24,17.77516746521,19.4125804901123,31.8933334350586,0.138327896595001,36,37.6,67.9,10.4,0.7,17.8,32
2017-10-25,17.5969657897949,19.558385848999,31.5714282989502,0.166593298316002,36,37.6,67.9,10.4,0.7,17.8,32
2017-10-26,17.6171798706055,19.0951290130615,31.7127475738525,0.12180757522583,36,37.6,67.9,10.4,0.7,17.8,32
2017-10-27,18.1289005279541,19.0752353668213,31.841064453125,-0.0845913290977478,36,37.6,67.9,10.4,0.7,17.8,32
2017-10-28,18.3180751800537,19.0202770233154,31.846715927124,-0.0747514590620995,36,37.6,67.9,10.4,0.7,17.8,32
2017-10-29,18.3747043609619,19.0616931915283,31.7263164520264,0.139372810721397,36,37.6,67.9,10.4,0.7,17.8,32
2017-10-30,18.0279445648193,19.0807495117188,31.6543502807617,0.0950824841856956,36,37.6,67.9,10.4,0.7,17.8,32
2017-10-31,18.4378395080566,18.6759414672852,31.87721824646,-0.255925953388214,36,37.6,67.9,10.4,0.7,17.8,32
2017-11-01,18.7553253173828,18.5417194366455,31.9933567047119,-0.132801055908203,36,37.6,67.9,10.4,0.7,17.8,32
2017-11-02,18.6312084197998,18.4150409698486,31.9930934906006,-0.0544709600508213,36,37.6,67.9,10.4,0.7,17.8,32
2017-11-03,18.6699848175049,18.460657119751,31.949836730957,-0.047038946300745,36,37.6,67.9,10.4,0.7,17.8,32
2017-11-04,18.710578918457,18.2781543731689,31.9908695220947,-0.015241620130837,36,37.6,67.9,10.4,0.7,17.8,32
2017-11-05,18.5362987518311,17.9546298980713,31.9762630462646,0.0903854593634605,36,37.6,67.9,10.4,0.7,17.8,32
2017-11-06,18.4209117889404,17.8782634735107,31.8058948516846,0.077072761952877,36,37.6,67.9,10.4,0.7,17.8,32
2017-11-07,18.3018856048584,17.8700542449951,31.8496398925781,0.0871850848197937,36,37.6,67.9,10.4,0.7,17.8,32
2017-11-08,18.4120216369629,17.6769733428955,31.7925033569336,0.228480383753777,36,37.6,67.9,10.4,0.7,17.8,32
2017-11-09,17.4267635345459,17.3790950775146,31.7293319702148,0.216262876987457,36,37.6,67.9,10.4,0.7,17.8,32
2017-11-10,17.3944511413574,17.237283706665,31.7779006958008,0.0558415204286575,36,37.6,67.9,10.4,0.7,17.8,32
2017-11-11,16.9580821990967,16.89599609375,31.8892688751221,-0.0697717145085335,36,37.6,67.9,10.4,0.7,17.8,32
2017-11-12,16.7787342071533,16.753324508667,31.9397735595703,-0.095037005841732,36,37.6,67.9,10.4,0.7,17.8,32
2017-11-13,16.7789154052734,16.6937484741211,31.9613552093506,-0.0238165464252234,36,37.6,67.9,10.4,0.7,17.8,32
2017-11-14,14.8927268981934,15.6404123306274,31.994010925293,0.0117172971367836,36,37.6,67.9,10.4,0.7,17.8,32
2017-11-15,14.81800365448,14.8799476623535,31.9601917266846,0.102117590606213,36,37.6,67.9,10.4,0.7,17.8,32
2017-11-16,14.6798543930054,14.5922021865845,31.9224720001221,0.141409605741501,36,37.6,67.9,10.4,0.7,17.8,32
2017-11-17,15.2632455825806,15.1289672851562,31.9767780303955,-0.090271107852459,36,37.6,67.9,10.4,0.7,17.8,32
2017-11-18,15.1330137252808,15.085865020752,32.0517539978027,-0.0349943302571774,36,37.6,67.9,10.4,0.7,17.8,32
2017-11-19,15.1959533691406,15.1472587585449,32.0684776306152,-0.122433431446552,36,37.6,67.9,10.4,0.7,17.8,32
2017-11-20,15.356936454773,15.1216430664062,32.2107391357422,-0.312245637178421,36,37.6,67.9,10.4,0.7,17.8,32
2017-11-21,15.4123764038086,14.9187860488892,32.310417175293,-0.273896098136902,36,37.6,67.9,10.4,0.7,17.8,32
2017-11-22,15.382007598877,14.8597946166992,32.3362770080566,-0.108839295804501,36,37.6,67.9,10.4,0.7,17.8,32
2017-11-23,15.0645036697388,14.6836738586426,32.6749114990234,-0.110862024128437,36,37.6,67.9,10.4,0.7,17.8,32
2017-11-24,15.0335035324097,14.4650106430054,32.7113265991211,-0.109316743910313,36,37.6,67.9,10.4,0.7,17.8,32
2017-11-25,14.9438924789429,14.3321886062622,32.6947593688965,-0.0292940344661474,36,37.6,67.9,10.4,0.7,17.8,32
2017-11-26,14.3957262039185,14.4948568344116,32.6032791137695,-0.063447467982769,36,37.6,67.9,10.4,0.7,17.8,32
2017-11-27,14.4679040908813,14.1927976608276,32.6542663574219,-0.169744551181793,36,37.6,67.9,10.4,0.7,17.8,32
2017-11-28,14.5444984436035,14.040397644043,32.615177154541,-0.175502195954323,36,37.6,67.9,10.4,0.7,17.8,32
2017-11-29,14.5892457962036,14.0678758621216,32.4339561462402,-0.166768535971642,36,37.6,67.9,10.4,0.7,17.8,32
2017-11-30,14.6213417053223,14.0716161727905,32.5439872741699,-0.13632296025753,36,37.6,67.9,10.4,0.7,17.8,32
2017-12-01,14.6065263748169,14.0703134536743,32.5705032348633,-0.066338837146759,36,37.6,67.9,10.4,0.7,17.8,32
2017-12-02,14.1630516052246,13.8680448532104,32.6942939758301,-0.114855080842972,36,37.6,67.9,10.4,0.7,17.8,32
2017-12-03,14.1160879135132,13.7637023925781,32.6719779968262,-0.127785935997963,36,37.6,67.9,10.4,0.7,17.8,32
2017-12-04,14.090763092041,13.7035446166992,32.7030563354492,-0.137086346745491,36,37.6,67.9,10.4,0.7,17.8,32
2017-12-05,14.2309045791626,14.121335029602,32.7517929077148,-0.0709438174962997,36,37.6,67.9,10.4,0.7,17.8,32
2017-12-06,14.2734603881836,13.5761108398438,32.122875213623,-0.0536139495670795,36,37.6,67.9,10.4,0.7,17.8,32
2017-12-07,14.3109693527222,13.4788274765015,32.3681907653809,-0.112709701061249,36,37.6,67.9,10.4,0.7,17.8,32
2017-12-08,14.1834268569946,12.709677696228,32.3030128479004,-0.0911358892917633,36,37.6,67.9,10.4,0.7,17.8,32
2017-12-09,14.1746435165405,12.7967042922974,32.6006622314453,0.0551122538745403,36,37.6,67.9,10.4,0.7,17.8,32
2017-12-10,14.0900917053223,12.850959777832,32.7811698913574,0.0421554930508137,36,37.6,67.9,10.4,0.7,17.8,32
2017-12-11,14.4524269104004,13.5278701782227,32.7696914672852,-0.167325392365456,36,37.6,67.9,10.4,0.7,17.8,32
2017-12-12,14.5076608657837,13.0511016845703,32.5870628356934,-0.0510012954473495,36,37.6,67.9,10.4,0.7,17.8,32
2017-12-13,14.626293182373,12.7638750076294,32.6709098815918,-0.173390686511993,36,37.6,67.9,10.4,0.7,17.8,32
2017-12-14,13.5347480773926,12.1899757385254,32.7163887023926,-0.320237129926682,36,37.6,67.9,10.4,0.7,17.8,32
2017-12-15,13.4594831466675,11.7296295166016,32.7254753112793,-0.206335142254829,36,37.6,67.9,10.4,0.7,17.8,32
2017-12-16,13.459433555603,11.5461301803589,32.8212852478027,-0.249098882079124,36,37.6,67.9,10.4,0.7,17.8,32
2017-12-17,12.4637041091919,10.8488817214966,32.8534545898438,-0.417973637580872,36,37.6,67.9,10.4,0.7,17.8,32
2017-12-18,12.4628915786743,10.7664108276367,32.8466339111328,-0.218418598175049,36,37.6,67.9,10.4,0.7,17.8,32
2017-12-19,12.4193801879883,10.6701202392578,32.8239593505859,-0.19362610578537,36,37.6,67.9,10.4,0.7,17.8,32
2017-12-20,12.4845533370972,11.564944267273,32.8547897338867,-0.272198170423508,36,37.6,67.9,10.4,0.7,17.8,32
2017-12-21,12.5915107727051,11.6364641189575,32.9456596374512,-0.2407306432724,36,37.6,67.9,10.4,0.7,17.8,32
2017-12-22,12.4682769775391,11.544059753418,32.9472770690918,-0.143065631389618,36,37.6,67.9,10.4,0.7,17.8,32
2017-12-23,11.8266229629517,11.2134428024292,32.8332405090332,-0.0881608203053474,36,37.6,67.9,10.4,0.7,17.8,32
2017-12-24,11.9006757736206,11.0272130966187,32.8458786010742,-0.14098896086216,36,37.6,67.9,10.4,0.7,17.8,32
2017-12-25,11.8100728988647,10.9486398696899,32.8889999389648,-0.1812933832407,36,37.6,67.9,10.4,0.7,17.8,32
2017-12-26,12.3622961044312,11.353985786438,32.9747924804688,-0.491157561540604,36,37.6,67.9,10.4,0.7,17.8,32
2017-12-27,12.6501235961914,11.4231386184692,33.0885581970215,-0.482832938432693,36,37.6,67.9,10.4,0.7,17.8,32
2017-12-28,12.7340669631958,11.0874032974243,33.1766815185547,-0.496557861566544,36,37.6,67.9,10.4,0.7,17.8,32
2017-12-29,12.444019317627,10.4891967773438,33.3331871032715,-0.442793220281601,36,37.6,67.9,10.4,0.7,17.8,32
2017-12-30,12.4147958755493,10.2148332595825,33.3565406799316,-0.282682567834854,36,37.6,67.9,10.4,0.7,17.8,32
2017-12-31,12.3551759719849,9.75080585479736,33.3554763793945,-0.326359957456589,36,37.6,67.9,10.4,0.7,17.8,32
2018-01-01,10.5434246063232,9.15806293487549,33.3342247009277,-0.338070780038834,36,37.6,67.9,10.4,0.7,17.8,32
2018-01-02,8.80534076690674,8.72383975982666,33.3592376708984,-0.423113077878952,36,37.6,67.9,10.4,0.7,17.8,32
2018-01-03,8.88872146606445,8.80416584014893,33.5071220397949,-0.296286791563034,36,37.6,67.9,10.4,0.7,17.8,32
2018-01-04,8.83045959472656,8.78289413452148,33.6655693054199,0.0498701892793179,36,37.6,67.9,10.4,0.7,17.8,32
2018-01-05,8.53202438354492,8.45261859893799,33.6590538024902,-0.318570762872696,36,37.6,67.9,10.4,0.7,17.8,32
2018-01-06,7.70416259765625,7.60718965530396,33.5963554382324,-0.78643661737442,36,37.6,67.9,10.4,0.7,17.8,32
2018-01-07,7.20401620864868,7.07418203353882,33.6777191162109,-0.696218252182007,36,37.6,67.9,10.4,0.7,17.8,32
2018-01-08,7.49046897888184,7.02868509292603,33.7908172607422,-0.495950311422348,36,37.6,67.9,10.4,0.7,17.8,32
2018-01-09,8.28785800933838,5.69125747680664,33.1570816040039,-0.554740309715271,36,37.6,67.9,10.4,0.7,17.8,32
2018-01-10,8.47828769683838,6.28722524642944,33.1954727172852,-0.423841863870621,36,37.6,67.9,10.4,0.7,17.8,32
2018-01-11,8.30911922454834,6.65731191635132,33.1824951171875,-0.341149657964706,36,37.6,67.9,10.4,0.7,17.8,32
2018-01-12,8.09294986724854,7.10101890563965,33.196216583252,-0.234018489718437,36,37.6,67.9,10.4,0.7,17.8,32
2018-01-13,7.72853517532349,6.60133600234985,32.9749488830566,-0.18809449672699,36,37.6,67.9,10.4,0.7,17.8,32
2018-01-14,7.5047173500061,6.62631940841675,33.1757354736328,-0.367401123046875,36,37.6,67.9,10.4,0.7,17.8,32
2018-01-15,7.01406145095825,6.96020889282227,33.423526763916,-0.241349935531616,36,37.6,67.9,10.4,0.7,17.8,32
2018-01-16,6.18715858459473,7.169189453125,33.440975189209,-0.125020548701286,36,37.6,67.9,10.4,0.7,17.8,32
2018-01-17,6.28326940536499,7.1492018699646,33.2774047851562,-0.0813165456056595,36,37.6,67.9,10.4,0.7,17.8,32
2018-01-18,6.23557996749878,6.35546445846558,33.2260398864746,-0.123933970928192,36,37.6,67.9,10.4,0.7,17.8,32
2018-01-19,6.56031227111816,6.23645353317261,33.440788269043,-0.200418099761009,36,37.6,67.9,10.4,0.7,17.8,32
2018-01-20,6.89253568649292,5.97579622268677,33.1993446350098,-0.226555868983269,36,37.6,67.9,10.4,0.7,17.8,32
2018-01-21,7.26635217666626,5.87919616699219,32.9868659973145,-0.292234063148499,36,37.6,67.9,10.4,0.7,17.8,32
2018-01-22,6.90069437026978,6.51335763931274,33.1715202331543,-0.241217210888863,36,37.6,67.9,10.4,0.7,17.8,32
2018-01-23,6.91605520248413,6.51054048538208,33.0972442626953,-0.109270930290222,36,37.6,67.9,10.4,0.7,17.8,32
2018-01-24,7.0490870475769,6.22663736343384,32.9312744140625,-0.206562176346779,36,37.6,67.9,10.4,0.7,17.8,32
2018-01-25,6.78380537033081,5.98891592025757,33.1556129455566,-0.364747077226639,36,37.6,67.9,10.4,0.7,17.8,32
2018-01-26,6.77688598632812,5.94018983840942,33.3207359313965,-0.413889288902283,36,37.6,67.9,10.4,0.7,17.8,32
2018-01-27,6.80343866348267,5.81675672531128,33.2378273010254,-0.36706069111824,36,37.6,67.9,10.4,0.7,17.8,32
2018-01-28,7.12680625915527,5.04348993301392,32.7614707946777,-0.334954291582108,36,37.6,67.9,10.4,0.7,17.8,32
2018-01-29,7.26956033706665,5.30057716369629,32.8252906799316,-0.174751833081245,36,37.6,67.9,10.4,0.7,17.8,32
2018-01-30,6.85926818847656,5.85456991195679,33.1616249084473,-0.0166227053850889,36,37.6,67.9,10.4,0.7,17.8,32
2018-01-31,7.02443313598633,6.45113563537598,33.3185195922852,-0.202368870377541,36,37.6,67.9,10.4,0.7,17.8,32
2018-02-01,7.02729368209839,6.10016489028931,33.0689964294434,-0.314259022474289,36,37.6,67.9,10.4,0.7,17.8,32
2018-02-02,7.20295143127441,5.54175710678101,32.5410995483398,-0.298560708761215,36,37.6,67.9,10.4,0.7,17.8,32
2018-02-03,6.43336057662964,5.33715677261353,32.7803955078125,-0.450676888227463,36,37.6,67.9,10.4,0.7,17.8,32
2018-02-04,6.62482213973999,5.33485746383667,32.9440460205078,-0.316731810569763,36,37.6,67.9,10.4,0.7,17.8,32
2018-02-05,6.88205003738403,5.55425500869751,33.0417022705078,-0.248531177639961,36,37.6,67.9,10.4,0.7,17.8,32
2018-02-06,6.21008491516113,6.16307973861694,33.2387847900391,-0.387177318334579,36,37.6,67.9,10.4,0.7,17.8,32
2018-02-07,6.09338808059692,6.03870916366577,33.2169151306152,-0.25604447722435,36,37.6,67.9,10.4,0.7,17.8,32
2018-02-08,6.15240287780762,5.83406019210815,33.1143836975098,-0.336214452981949,36,37.6,67.9,10.4,0.7,17.8,32
2018-02-09,5.82255029678345,5.65409088134766,33.3888969421387,-0.410839825868607,36,37.6,67.9,10.4,0.7,17.8,32
2018-02-10,5.91652250289917,5.71488904953003,33.3605613708496,-0.295674383640289,36,37.6,67.9,10.4,0.7,17.8,32
2018-02-11,5.99361753463745,5.37361478805542,32.920352935791,-0.286643356084824,36,37.6,67.9,10.4,0.7,17.8,32
2018-02-12,6.56597709655762,5.15362310409546,32.4433631896973,-0.352917283773422,36,37.6,67.9,10.4,0.7,17.8,32
2018-02-13,6.65628433227539,5.38016939163208,32.5848045349121,-0.411904245615005,36,37.6,67.9,10.4,0.7,17.8,32
2018-02-14,6.58102035522461,5.61620473861694,32.7195701599121,-0.306648731231689,36,37.6,67.9,10.4,0.7,17.8,32
2018-02-15,6.51188707351685,5.98662805557251,32.6871299743652,-0.280000060796738,36,37.6,67.9,10.4,0.7,17.8,32
2018-02-16,6.79237413406372,5.9055061340332,32.4798583984375,-0.162819758057594,36,37.6,67.9,10.4,0.7,17.8,32
2018-02-17,6.77280044555664,6.01839113235474,32.4742088317871,-0.215408608317375,36,37.6,67.9,10.4,0.7,17.8,32
2018-02-18,6.70823669433594,6.41048192977905,32.410270690918,-0.167428269982338,36,37.6,67.9,10.4,0.7,17.8,32
2018-02-19,6.7942271232605,6.46271705627441,32.3397064208984,-0.227265879511833,36,37.6,67.9,10.4,0.7,17.8,32
2018-02-20,6.92207145690918,6.62268495559692,31.9030284881592,-0.244368806481361,36,37.6,67.9,10.4,0.7,17.8,32
2018-02-21,7.34063339233398,6.58614587783813,31.2074108123779,-0.300848454236984,36,37.6,67.9,10.4,0.7,17.8,32
2018-02-22,7.51754903793335,6.72678184509277,31.2747325897217,-0.285398453474045,36,37.6,67.9,10.4,0.7,17.8,32
2018-02-23,7.17847633361816,6.9911379814148,31.8075561523438,-0.153841853141785,36,37.6,67.9,10.4,0.7,17.8,32
2018-02-24,6.88293838500977,6.6847243309021,31.6937713623047,-0.201890960335732,36,37.6,67.9,10.4,0.7,17.8,32
2018-02-25,6.96908712387085,6.73913908004761,31.7501125335693,-0.188728511333466,36,37.6,67.9,10.4,0.7,17.8,32
2018-02-26,7.12805318832397,6.52852392196655,31.6950836181641,-0.124475806951523,36,37.6,67.9,10.4,0.7,17.8,32
2018-02-27,7.10932970046997,7.40866327285767,31.9698944091797,-0.244188949465752,36,37.6,67.9,10.4,0.7,17.8,32
2018-02-28,7.21083211898804,7.34694528579712,31.982063293457,-0.271396070718765,36,37.6,67.9,10.4,0.7,17.8,32
2018-03-01,7.38240003585815,7.26509523391724,31.9225921630859,-0.100662648677826,36,37.6,67.9,10.4,0.7,17.8,32
2018-03-02,8.16693019866943,7.34487009048462,32.3376388549805,0.00674007320776582,36,37.6,67.9,10.4,0.7,17.8,32
2018-03-03,7.63311243057251,7.54066228866577,33.2000465393066,0.192792996764183,36,37.6,67.9,10.4,0.7,17.8,32
2018-03-04,7.02045679092407,7.01143407821655,33.3392219543457,0.265652358531952,36,37.6,67.9,10.4,0.7,17.8,32
2018-03-05,5.84814023971558,6.01911115646362,33.0732612609863,0.218779906630516,36,37.6,67.9,10.4,0.7,17.8,32
2018-03-06,5.9517502784729,5.98516654968262,32.9621772766113,0.224446102976799,36,37.6,67.9,10.4,0.7,17.8,32
2018-03-07,6.27543258666992,6.33357286453247,32.9521522521973,0.349764436483383,36,37.6,67.9,10.4,0.7,17.8,32
2018-03-08,6.15344762802124,6.0634651184082,32.838794708252,0.154340997338295,36,37.6,67.9,10.4,0.7,17.8,32
2018-03-09,6.25263547897339,6.00535726547241,32.8150291442871,-0.0697339698672295,36,37.6,67.9,10.4,0.7,17.8,32
2018-03-10,6.5591869354248,6.04116058349609,32.8722343444824,-0.21244902908802,36,37.6,67.9,10.4,0.7,17.8,32
2018-03-11,6.62099266052246,5.86276054382324,32.7749481201172,-0.283544212579727,36,37.6,67.9,10.4,0.7,17.8,32
2018-03-12,6.61740875244141,6.0204005241394,33.0461006164551,-0.0774112865328789,36,37.6,67.9,10.4,0.7,17.8,32
2018-03-13,6.19502067565918,6.17552614212036,32.8868522644043,0.167627647519112,36,37.6,67.9,10.4,0.7,17.8,32
2018-03-14,6.18990850448608,6.05712556838989,32.7379455566406,-0.0902559384703636,36,37.6,67.9,10.4,0.7,17.8,32
2018-03-15,6.47979497909546,5.79508829116821,32.1655921936035,-0.352122783660889,36,37.6,67.9,10.4,0.7,17.8,32
2018-03-16,6.19445180892944,5.57533884048462,31.7991638183594,-0.323809623718262,36,37.6,67.9,10.4,0.7,17.8,32
2018-03-17,6.20171976089478,5.8439679145813,32.0021018981934,-0.33798685669899,36,37.6,67.9,10.4,0.7,17.8,32
2018-03-18,6.4419379234314,5.94828939437866,32.2683563232422,-0.250953495502472,36,37.6,67.9,10.4,0.7,17.8,32
2018-03-19,6.48729753494263,6.09685564041138,32.3324432373047,-0.20391358435154,36,37.6,67.9,10.4,0.7,17.8,32
2018-03-20,5.99523544311523,5.92101430892944,32.4880294799805,0.0319762155413628,36,37.6,67.9,10.4,0.7,17.8,32
2018-03-21,5.91061782836914,5.91146469116211,32.6416511535645,0.28302538394928,36,37.6,67.9,10.4,0.7,17.8,32
2018-03-22,5.95196676254272,5.95015335083008,32.9463195800781,0.158689379692078,36,37.6,67.9,10.4,0.7,17.8,32
2018-03-23,5.8759593963623,5.85193204879761,32.9156379699707,0.0029192219953984,36,37.6,67.9,10.4,0.7,17.8,32
2018-03-24,5.87162733078003,5.89153814315796,32.9001808166504,-0.158476769924164,36,37.6,67.9,10.4,0.7,17.8,32
2018-03-25,5.83622550964355,5.88518476486206,32.8749008178711,-0.118181131780148,36,37.6,67.9,10.4,0.7,17.8,32
2018-03-26,5.93143796920776,5.92696332931519,32.6987457275391,-0.00142593670170754,36,37.6,67.9,10.4,0.7,17.8,32
2018-03-27,5.88547658920288,5.93515062332153,32.6923637390137,-0.059727568179369,36,37.6,67.9,10.4,0.7,17.8,32
2018-03-28,5.94387435913086,5.97042036056519,32.5240364074707,-0.0780037418007851,36,37.6,67.9,10.4,0.7,17.8,32
2018-03-29,5.63155794143677,6.36855697631836,32.4034194946289,-0.0942883566021919,36,37.6,67.9,10.4,0.7,17.8,32
2018-03-30,5.74965047836304,6.47187376022339,32.0409202575684,-0.127861693501472,36,37.6,67.9,10.4,0.7,17.8,32
2018-03-31,5.86529731750488,6.52939081192017,31.9801044464111,-0.259609311819077,36,37.6,67.9,10.4,0.7,17.8,32
2018-04-01,6.00372457504272,6.43488264083862,32.1568984985352,-0.227242290973663,36,37.6,67.9,10.4,0.7,17.8,32
2018-04-02,6.084144115448,6.55143356323242,32.1688652038574,-0.166434675455093,36,37.6,67.9,10.4,0.7,17.8,32
2018-04-03,5.9807915687561,6.48894643783569,32.1562004089355,-0.133497729897499,36,37.6,67.9,10.4,0.7,17.8,32
2018-04-04,6.04533004760742,6.72220849990845,31.9195156097412,-0.0792995318770409,36,37.6,67.9,10.4,0.7,17.8,32
2018-04-05,6.14197540283203,6.64115524291992,31.964958190918,-0.295600205659866,36,37.6,67.9,10.4,0.7,17.8,32
2018-04-06,6.1804051399231,6.88178300857544,32.1508750915527,-0.263733595609665,36,37.6,67.9,10.4,0.7,17.8,32
2018-04-07,5.89061689376831,6.92213249206543,31.9447917938232,-0.20606929063797,36,37.6,67.9,10.4,0.7,17.8,32
2018-04-08,5.89442110061646,6.9030818939209,32.2736015319824,-0.0992607548832893,36,37.6,67.9,10.4,0.7,17.8,32
2018-04-09,5.95517349243164,6.83514404296875,32.2858581542969,-0.182877957820892,36,37.6,67.9,10.4,0.7,17.8,32
2018-04-10,5.61503458023071,7.14868307113647,32.2843208312988,-0.227883771061897,36,37.6,67.9,10.4,0.7,17.8,32
2018-04-11,5.58771514892578,7.4489574432373,32.3821411132812,-0.19174961745739,36,37.6,67.9,10.4,0.7,17.8,32
2018-04-12,5.64529657363892,7.65678262710571,32.2554321289062,-0.197386428713799,36,37.6,67.9,10.4,0.7,17.8,32
2018-04-13,5.40464353561401,7.45453691482544,32.0998420715332,-0.373951703310013,36,37.6,67.9,10.4,0.7,17.8,32
2018-04-14,5.18738222122192,7.80471849441528,32.0415077209473,-0.376919656991959,36,37.6,67.9,10.4,0.7,17.8,32
2018-04-15,5.11666631698608,8.18545436859131,31.9412937164307,-0.10690476745367,36,37.6,67.9,10.4,0.7,17.8,32
2018-04-16,6.55907011032104,8.11414051055908,31.9388217926025,0.171611145138741,36,37.6,67.9,10.4,0.7,17.8,32
2018-04-17,6.78877878189087,8.02048778533936,31.9564342498779,-0.0303523782640696,36,37.6,67.9,10.4,0.7,17.8,32
2018-04-18,6.64931726455688,8.14649295806885,31.9918384552002,-0.16100962460041,36,37.6,67.9,10.4,0.7,17.8,32
2018-04-19,7.17114210128784,8.20325088500977,31.8036136627197,-0.0605074614286423,36,37.6,67.9,10.4,0.7,17.8,32
2018-04-20,7.2082085609436,7.90750885009766,31.9313430786133,-0.242506876587868,36,37.6,67.9,10.4,0.7,17.8,32
2018-04-21,7.2685399055481,8.04764461517334,31.8834781646729,-0.258058875799179,36,37.6,67.9,10.4,0.7,17.8,32
2018-04-22,7.24986886978149,8.14185047149658,31.832670211792,-0.292848229408264,36,37.6,67.9,10.4,0.7,17.8,32
2018-04-23,7.25236320495605,8.46113300323486,31.7866916656494,-0.276311248540878,36,37.6,67.9,10.4,0.7,17.8,32
2018-04-24,7.26589775085449,8.69823551177979,31.70436668396,-0.184180080890656,36,37.6,67.9,10.4,0.7,17.8,32
2018-04-25,7.44456052780151,8.6405611038208,31.5691699981689,-0.0196537878364325,36,37.6,67.9,10.4,0.7,17.8,32
2018-04-26,7.38909864425659,9.16619968414307,31.4261455535889,-0.0762733146548271,36,37.6,67.9,10.4,0.7,17.8,32
2018-04-27,7.34404802322388,9.86044597625732,31.2757129669189,-0.135317921638489,36,37.6,67.9,10.4,0.7,17.8,32
2018-04-28,7.92229890823364,10.049843788147,31.0775051116943,-0.073949545621872,36,37.6,67.9,10.4,0.7,17.8,32
2018-04-29,7.89323472976685,10.0867528915405,31.1643676757812,-0.143967941403389,36,37.6,67.9,10.4,0.7,17.8,32
2018-04-30,7.90276527404785,9.66921710968018,31.6947078704834,-0.26007866859436,36,37.6,67.9,10.4,0.7,17.8,32
2018-05-01,7.44272661209106,9.58623027801514,31.739221572876,-0.252504497766495,36,37.6,67.9,10.4,0.7,17.8,32
2018-05-02,7.39249038696289,10.1890344619751,31.6536483764648,-0.238359525799751,36,37.6,67.9,10.4,0.7,17.8,32
2018-05-03,7.34960794448853,10.9803857803345,30.9365615844727,-0.288645893335342,36,37.6,67.9,10.4,0.7,17.8,32
2018-05-04,7.34437608718872,10.94544506073,30.8467502593994,-0.242260754108429,36,37.6,67.9,10.4,0.7,17.8,32
2018-05-05,7.35425806045532,11.2562065124512,31.067289352417,-0.277779877185822,36,37.6,67.9,10.4,0.7,17.8,32
2018-05-06,7.38866233825684,11.6221323013306,31.0575580596924,-0.170000687241554,36,37.6,67.9,10.4,0.7,17.8,32
2018-05-07,7.75652551651001,10.8386459350586,30.7948627471924,-0.118985526263714,36,37.6,67.9,10.4,0.7,17.8,32
2018-05-08,7.62283563613892,10.7235870361328,30.8273487091064,-0.149124309420586,36,37.6,67.9,10.4,0.7,17.8,32
2018-05-09,7.54856109619141,10.4681768417358,30.9896106719971,-0.144848719239235,36,37.6,67.9,10.4,0.7,17.8,32
2018-05-10,7.69985342025757,11.7346925735474,31.0820713043213,-0.133273378014565,36,37.6,67.9,10.4,0.7,17.8,32
2018-05-11,7.6919150352478,12.3026542663574,31.0182132720947,-0.16059298813343,36,37.6,67.9,10.4,0.7,17.8,32
2018-05-12,7.68247032165527,13.0319910049438,30.7989101409912,-0.172668352723122,36,37.6,67.9,10.4,0.7,17.8,32
2018-05-13,7.57163095474243,13.540699005127,30.3355484008789,-0.161177739500999,36,37.6,67.9,10.4,0.7,17.8,32
2018-05-14,7.66271257400513,13.233470916748,30.7145595550537,-0.126482114195824,36,37.6,67.9,10.4,0.7,17.8,32
2018-05-15,7.72644567489624,13.5876989364624,30.6954517364502,-0.152696207165718,36,37.6,67.9,10.4,0.7,17.8,32
2018-05-16,7.86692237854004,14.1722955703735,30.2293090820312,-0.146972060203552,36,37.6,67.9,10.4,0.7,17.8,32
2018-05-17,7.9657826423645,14.6064577102661,30.2836284637451,-0.0744307190179825,36,37.6,67.9,10.4,0.7,17.8,32
2018-05-18,8.09347820281982,14.5876569747925,30.8107013702393,-0.160039663314819,36,37.6,67.9,10.4,0.7,17.8,32
2018-05-19,9.13201236724854,13.6439561843872,31.4801845550537,-0.0316486097872257,36,37.6,67.9,10.4,0.7,17.8,32
2018-05-20,9.46053695678711,14.3319807052612,31.2266635894775,-0.148154899477959,36,37.6,67.9,10.4,0.7,17.8,32
2018-05-21,9.10998725891113,15.1420450210571,31.0951519012451,-0.204867228865623,36,37.6,67.9,10.4,0.7,17.8,32
2018-05-22,9.33113384246826,15.9653472900391,31.3969745635986,-0.0949466899037361,36,37.6,67.9,10.4,0.7,17.8,32
2018-05-23,9.44350528717041,16.451681137085,31.4932193756104,-0.064149297773838,36,37.6,67.9,10.4,0.7,17.8,32
2018-05-24,9.5228385925293,17.1359462738037,31.6636047363281,-0.104759760200977,36,37.6,67.9,10.4,0.7,17.8,32
2018-05-25,10.1606912612915,17.2527713775635,31.8431034088135,-0.107039846479893,36,37.6,67.9,10.4,0.7,17.8,32
2018-05-26,9.98595714569092,18.105131149292,31.3464050292969,-0.204063236713409,36,37.6,67.9,10.4,0.7,17.8,32
2018-05-27,9.70024585723877,18.8587322235107,30.8211441040039,-0.143013671040535,36,37.6,67.9,10.4,0.7,17.8,32
2018-05-28,9.71124172210693,18.0304412841797,30.9235687255859,-0.0452772080898285,36,37.6,67.9,10.4,0.7,17.8,32
2018-05-29,9.9898796081543,17.9102554321289,31.0069980621338,-0.105787687003613,36,37.6,67.9,10.4,0.7,17.8,32
2018-05-30,9.95069599151611,18.0391387939453,30.7915897369385,-0.127302572131157,36,37.6,67.9,10.4,0.7,17.8,32
2018-05-31,10.6985540390015,20.0143070220947,30.8502407073975,-0.0399553142488003,36,37.6,67.9,10.4,0.7,17.8,32
2018-06-01,10.719841003418,20.5770168304443,30.7201919555664,-0.0329902283847332,36,37.6,67.9,10.4,0.7,17.8,32
2018-06-02,10.4822854995728,21.1241893768311,30.6370830535889,0.0034689859021455,36,37.6,67.9,10.4,0.7,17.8,32
2018-06-03,10.7556343078613,19.5162754058838,30.7981643676758,0.143445283174515,36,37.6,67.9,10.4,0.7,17.8,32
2018-06-04,11.785252571106,17.9150524139404,31.0752124786377,0.205682978034019,36,37.6,67.9,10.4,0.7,17.8,32
2018-06-05,11.3125467300415,17.505895614624,30.9528636932373,0.102071113884449,36,37.6,67.9,10.4,0.7,17.8,32
2018-06-06,10.3105239868164,16.2632617950439,30.7612228393555,0.124611891806126,36,37.6,67.9,10.4,0.7,17.8,32
2018-06-07,10.2704420089722,15.7448539733887,31.1060333251953,0.0321419388055801,36,37.6,67.9,10.4,0.7,17.8,32
2018-06-08,9.93190860748291,15.9411506652832,31.1066131591797,-0.0548557750880718,36,37.6,67.9,10.4,0.7,17.8,32
2018-06-09,9.60735416412354,16.9201507568359,30.6303768157959,-0.111169666051865,36,37.6,67.9,10.4,0.7,17.8,32
2018-06-10,9.33420944213867,17.6568622589111,30.2818832397461,-0.0682625472545624,36,37.6,67.9,10.4,0.7,17.8,32
2018-06-11,9.45537567138672,17.1303730010986,30.6753749847412,-0.0116098551079631,36,37.6,67.9,10.4,0.7,17.8,32
2018-06-12,10.3699569702148,16.7218685150146,31.3026065826416,-0.0948407426476479,36,37.6,67.9,10.4,0.7,17.8,32
2018-06-13,10.1208219528198,17.3066940307617,31.1561069488525,-0.103409856557846,36,37.6,67.9,10.4,0.7,17.8,32
2018-06-14,9.35031127929688,18.4631252288818,30.3024044036865,-0.122204206883907,36,37.6,67.9,10.4,0.7,17.8,32
2018-06-15,9.27435111999512,19.2772369384766,30.1474895477295,-0.0996006652712822,36,37.6,67.9,10.4,0.7,17.8,32
2018-06-16,9.48973274230957,19.7410984039307,30.1405277252197,-0.089812345802784,36,37.6,67.9,10.4,0.7,17.8,32
2018-06-17,9.51216697692871,20.1702098846436,29.7569065093994,-0.101339109241962,36,37.6,67.9,10.4,0.7,17.8,32
2018-06-18,9.70888805389404,21.3161220550537,29.8401641845703,-0.0641381368041039,36,37.6,67.9,10.4,0.7,17.8,32
2018-06-19,9.62806034088135,21.7342300415039,29.7125701904297,-0.0535204112529755,36,37.6,67.9,10.4,0.7,17.8,32
2018-06-20,9.38195896148682,22.3356533050537,29.8103771209717,0.0122302174568176,36,37.6,67.9,10.4,0.7,17.8,32
2018-06-21,10.4756555557251,22.68528175354,29.8378162384033,0.0545725673437119,36,37.6,67.9,10.4,0.7,17.8,32
2018-06-22,10.7990341186523,22.4027576446533,30.1712741851807,0.0487103760242462,36,37.6,67.9,10.4,0.7,17.8,32
2018-06-23,11.6173238754272,21.7415790557861,30.6949462890625,0.0607486627995968,36,37.6,67.9,10.4,0.7,17.8,32
2018-06-24,11.7734651565552,21.5233478546143,29.9373722076416,0.00567815965041518,36,37.6,67.9,10.4,0.7,17.8,32
2018-06-25,11.4759407043457,21.8992099761963,29.8897171020508,-0.0691282153129578,36,37.6,67.9,10.4,0.7,17.8,32
2018-06-26,11.3363370895386,21.9905300140381,30.3071212768555,-0.0768086090683937,36,37.6,67.9,10.4,0.7,17.8,32
2018-06-27,11.9112977981567,22.0669841766357,30.5628261566162,-0.0535643100738525,36,37.6,67.9,10.4,0.7,17.8,32
2018-06-28,11.4746503829956,22.2915744781494,30.0567722320557,0.0282708425074816,36,37.6,67.9,10.4,0.7,17.8,32
2018-06-29,10.9554967880249,23.0596752166748,29.7808971405029,0.0375541299581528,36,37.6,67.9,10.4,0.7,17.8,32
2018-06-30,10.9832763671875,24.1964282989502,29.8410739898682,-0.0520885623991489,36,37.6,67.9,10.4,0.7,17.8,32
2018-07-01,11.0136117935181,25.0440845489502,29.8754138946533,-0.0746937170624733,36,37.6,67.9,10.4,0.7,17.8,32
2018-07-02,10.8645133972168,25.7744998931885,29.9309329986572,-0.0582978464663029,36,37.6,67.9,10.4,0.7,17.8,32
2018-07-03,12.0685806274414,26.0553970336914,30.0052871704102,-0.0532870702445507,36,37.6,67.9,10.4,0.7,17.8,32
2018-07-04,12.1597328186035,25.9983882904053,30.0894546508789,-0.0731230154633522,36,37.6,67.9,10.4,0.7,17.8,32
2018-07-05,12.1702375411987,26.2365055084229,30.1035976409912,-0.0777328982949257,36,37.6,67.9,10.4,0.7,17.8,32
2018-07-06,12.121410369873,25.8695545196533,30.0637969970703,-0.094456635415554,36,37.6,67.9,10.4,0.7,17.8,32
2018-07-07,12.113959312439,24.8215160369873,30.3633937835693,-0.0841889604926109,36,37.6,67.9,10.4,0.7,17.8,32
2018-07-08,13.2072267532349,23.323860168457,30.7973937988281,-0.0542143695056438,36,37.6,67.9,10.4,0.7,17.8,32
2018-07-09,14.2627744674683,22.4582824707031,30.8872852325439,-0.108029812574387,36,37.6,67.9,10.4,0.7,17.8,32
2018-07-10,13.4891595840454,22.5822849273682,30.7948226928711,-0.149177893996239,36,37.6,67.9,10.4,0.7,17.8,32
2018-07-11,12.6109743118286,23.0225296020508,30.5481185913086,-0.125512912869453,36,37.6,67.9,10.4,0.7,17.8,32
2018-07-12,12.7709836959839,23.0559768676758,30.6108074188232,-0.0983542501926422,36,37.6,67.9,10.4,0.7,17.8,32
2018-07-13,13.4721603393555,22.9948635101318,30.6211776733398,-0.126344233751297,36,37.6,67.9,10.4,0.7,17.8,32
2018-07-14,13.5059804916382,23.2545833587646,30.6873092651367,-0.103992216289043,36,37.6,67.9,10.4,0.7,17.8,32
2018-07-15,13.5151319503784,23.5403079986572,30.4618892669678,-0.107810236513615,36,37.6,67.9,10.4,0.7,17.8,32
2018-07-16,13.1203546524048,24.0786514282227,30.3082790374756,-0.05904396250844,36,37.6,67.9,10.4,0.7,17.8,32
2018-07-17,12.8692245483398,24.9471874237061,30.519287109375,-0.0200226157903671,36,37.6,67.9,10.4,0.7,17.8,32
2018-07-18,12.5030746459961,24.5645923614502,30.6785907745361,-0.0104504423215985,36,37.6,67.9,10.4,0.7,17.8,32
2018-07-19,12.7126245498657,24.6298732757568,30.6415348052979,-0.0283487532287836,36,37.6,67.9,10.4,0.7,17.8,32
2018-07-20,13.1314058303833,24.5327854156494,30.6072978973389,-0.0365702323615551,36,37.6,67.9,10.4,0.7,17.8,32
2018-07-21,13.804310798645,24.2605533599854,30.5621776580811,0.0393859781324863,36,37.6,67.9,10.4,0.7,17.8,32
2018-07-22,14.1310615539551,23.4216938018799,30.777853012085,0.0732625722885132,36,37.6,67.9,10.4,0.7,17.8,32
2018-07-23,13.7741622924805,23.49196434021,30.9353618621826,-0.0414254181087017,36,37.6,67.9,10.4,0.7,17.8,32
2018-07-24,14.8077621459961,23.809663772583,30.9395065307617,-0.0372970402240753,36,37.6,67.9,10.4,0.7,17.8,32
2018-07-25,14.4047079086304,24.1243343353271,30.8707790374756,-0.0494406633079052,36,37.6,67.9,10.4,0.7,17.8,32
2018-07-26,14.0730438232422,24.5288219451904,30.9559841156006,-0.0643942505121231,36,37.6,67.9,10.4,0.7,17.8,32
2018-07-27,16.7440853118896,25.6196269989014,30.9329833984375,-0.0906083285808563,36,37.6,67.9,10.4,0.7,17.8,32
2018-07-28,16.5857257843018,25.8874912261963,30.9690456390381,-0.0862752199172974,36,37.6,67.9,10.4,0.7,17.8,32
2018-07-29,16.4272003173828,26.0389728546143,30.9769496917725,-0.128628060221672,36,37.6,67.9,10.4,0.7,17.8,32
2018-07-30,16.5512809753418,25.8301029205322,30.965669631958,-0.0875170230865479,36,37.6,67.9,10.4,0.7,17.8,32
2018-07-31,16.3580646514893,25.3302764892578,30.9442844390869,-0.0529414266347885,36,37.6,67.9,10.4,0.7,17.8,32
2018-08-01,15.9874000549316,25.1151065826416,31.1447658538818,-0.0522344000637531,36,37.6,67.9,10.4,0.7,17.8,32
2018-08-02,16.5710773468018,25.6076183319092,31.4678478240967,-0.0978905186057091,36,37.6,67.9,10.4,0.7,17.8,32
2018-08-03,15.486289024353,26.1892032623291,31.5062427520752,-0.0858790203928947,36,37.6,67.9,10.4,0.7,17.8,32
2018-08-04,14.5110855102539,26.4540481567383,31.7838230133057,-0.109593652188778,36,37.6,67.9,10.4,0.7,17.8,32
2018-08-05,15.2935857772827,27.0917205810547,32.0968132019043,-0.0720097944140434,36,37.6,67.9,10.4,0.7,17.8,32
2018-08-06,15.3277444839478,27.3013553619385,32.1248207092285,-0.0533794946968555,36,37.6,67.9,10.4,0.7,17.8,32
2018-08-07,15.4294443130493,27.2392559051514,32.2119255065918,-0.058277815580368,36,37.6,67.9,10.4,0.7,17.8,32
2018-08-08,16.4444236755371,27.3232021331787,32.273250579834,-0.0394946597516537,36,37.6,67.9,10.4,0.7,17.8,32
2018-08-09,16.4654808044434,27.3002452850342,32.2885513305664,-0.0173410326242447,36,37.6,67.9,10.4,0.7,17.8,32
2018-08-10,16.6034145355225,27.7303600311279,32.308219909668,-0.046237152069807,36,37.6,67.9,10.4,0.7,17.8,32
2018-08-11,17.8449001312256,27.7019271850586,32.3767852783203,-0.0537862479686737,36,37.6,67.9,10.4,0.7,17.8,32
2018-08-12,17.8738861083984,27.2962894439697,32.3879776000977,-0.0432254411280155,36,37.6,67.9,10.4,0.7,17.8,32
2018-08-13,17.8815250396729,27.4158935546875,32.279727935791,-0.0516845472157001,36,37.6,67.9,10.4,0.7,17.8,32
2018-08-14,16.9142208099365,27.1692810058594,31.3339614868164,-0.0721105635166168,36,37.6,67.9,10.4,0.7,17.8,32
2018-08-15,16.5842151641846,26.0236358642578,30.7184829711914,-0.0855479836463928,36,37.6,67.9,10.4,0.7,17.8,32
2018-08-16,16.3424987792969,26.0801315307617,30.9666004180908,-0.0990670919418335,36,37.6,67.9,10.4,0.7,17.8,32
2018-08-17,15.9576387405396,26.1100177764893,30.9907817840576,-0.0974442735314369,36,37.6,67.9,10.4,0.7,17.8,32
2018-08-18,15.5290784835815,26.0033645629883,31.0747241973877,-0.0345906391739845,36,37.6,67.9,10.4,0.7,17.8,32
2018-08-19,15.1342077255249,25.5575618743896,31.2466049194336,-0.036156315356493,36,37.6,67.9,10.4,0.7,17.8,32
2018-08-20,15.7565383911133,25.392333984375,31.5455799102783,0.0356590747833252,36,37.6,67.9,10.4,0.7,17.8,32
2018-08-21,17.2510414123535,25.7329730987549,31.5782222747803,0.0243980288505554,36,37.6,67.9,10.4,0.7,17.8,32
2018-08-22,16.0712108612061,25.2718257904053,31.7666835784912,0.046530295163393,36,37.6,67.9,10.4,0.7,17.8,32
2018-08-23,15.3289794921875,24.7492504119873,31.8482799530029,-0.0576215535402298,36,37.6,67.9,10.4,0.7,17.8,32
2018-08-24,15.4392356872559,24.6885757446289,32.0290870666504,-0.0907674357295036,36,37.6,67.9,10.4,0.7,17.8,32
2018-08-25,15.3989677429199,24.571985244751,32.1012992858887,-0.101623833179474,36,37.6,67.9,10.4,0.7,17.8,32
2018-08-26,15.3353986740112,24.5466289520264,32.1420707702637,-0.0484595596790314,36,37.6,67.9,10.4,0.7,17.8,32
2018-08-27,14.8885469436646,24.5823726654053,31.7384624481201,-0.0656038150191307,36,37.6,67.9,10.4,0.7,17.8,32
2018-08-28,14.3292894363403,25.1957015991211,30.9094371795654,-0.0428429506719112,36,37.6,67.9,10.4,0.7,17.8,32
2018-08-29,13.7928953170776,26.1124629974365,31.1475391387939,-0.0702945366501808,36,37.6,67.9,10.4,0.7,17.8,32
2018-08-30,13.2526006698608,26.3746356964111,31.4257144927979,-0.0784109979867935,36,37.6,67.9,10.4,0.7,17.8,32
2018-08-31,13.3078088760376,26.6562881469727,31.3624858856201,-0.0560708343982697,36,37.6,67.9,10.4,0.7,17.8,32
2018-09-01,14.9369287490845,25.5782012939453,31.3546733856201,0.0362627357244492,36,37.6,67.9,10.4,0.7,17.8,32
2018-09-02,15.4135484695435,25.5244808197021,31.2198810577393,-0.0494002401828766,36,37.6,67.9,10.4,0.7,17.8,32
2018-09-03,14.5194025039673,25.8104019165039,31.1697597503662,-0.111423648893833,36,37.6,67.9,10.4,0.7,17.8,32
2018-09-04,15.086142539978,26.5987339019775,31.051477432251,-0.108609683811665,36,37.6,67.9,10.4,0.7,17.8,32
2018-09-05,14.5249862670898,27.1796855926514,30.9376392364502,-0.0900731682777405,36,37.6,67.9,10.4,0.7,17.8,32
2018-09-06,14.8257207870483,27.3159770965576,30.8811130523682,-0.0530690103769302,36,37.6,67.9,10.4,0.7,17.8,32
2018-09-07,14.7926206588745,27.5259323120117,30.9366817474365,-0.0333519466221333,36,37.6,67.9,10.4,0.7,17.8,32
2018-09-08,15.0677690505981,27.2665328979492,31.0736980438232,0.0379179082810879,36,37.6,67.9,10.4,0.7,17.8,32
2018-09-09,17.9986000061035,25.7254257202148,31.4297409057617,0.198357954621315,36,37.6,67.9,10.4,0.7,17.8,32
2018-09-10,19.5015392303467,23.1605892181396,31.2134227752686,0.31852862238884,36,37.6,67.9,10.4,0.7,17.8,32
2018-09-11,19.6255016326904,23.7445163726807,31.1091766357422,0.189231231808662,36,37.6,67.9,10.4,0.7,17.8,32
2018-09-12,19.3249492645264,24.3197917938232,31.0829563140869,0.0956781730055809,36,37.6,67.9,10.4,0.7,17.8,32
2018-09-13,21.2291774749756,24.093391418457,31.195951461792,0.0770413056015968,36,37.6,67.9,10.4,0.7,17.8,32
2018-09-14,21.9499053955078,23.9551372528076,31.5460968017578,0.13847553730011,36,37.6,67.9,10.4,0.7,17.8,32
2018-09-15,22.2122440338135,23.3583316802979,31.8738632202148,0.129251673817635,36,37.6,67.9,10.4,0.7,17.8,32
2018-09-16,21.9012050628662,22.9197559356689,31.89577293396,0.0617271475493908,36,37.6,67.9,10.4,0.7,17.8,32
2018-09-17,20.5877933502197,23.2805042266846,31.8825225830078,0.0426690876483917,36,37.6,67.9,10.4,0.7,17.8,32
2018-09-18,19.2220439910889,23.7436542510986,31.5009059906006,0.0611216425895691,36,37.6,67.9,10.4,0.7,17.8,32
2018-09-19,18.143102645874,23.7802124023438,31.2866725921631,0.0565287657082081,36,37.6,67.9,10.4,0.7,17.8,32
2018-09-20,18.5860271453857,23.286865234375,31.4437789916992,0.139618560671806,36,37.6,67.9,10.4,0.7,17.8,32
2018-09-21,18.7084846496582,23.1295261383057,31.4813060760498,0.100112579762936,36,37.6,67.9,10.4,0.7,17.8,32
2018-09-22,18.418924331665,23.2844333648682,31.0862674713135,0.0239881370216608,36,37.6,67.9,10.4,0.7,17.8,32
2018-09-23,17.6823959350586,22.7689609527588,31.3907718658447,0.0166113097220659,36,37.6,67.9,10.4,0.7,17.8,32
2018-09-24,18.091983795166,22.2068099975586,31.9240550994873,0.0584834218025208,36,37.6,67.9,10.4,0.7,17.8,32
2018-09-25,20.5413150787354,22.7221355438232,31.9759082794189,0.193393170833588,36,37.6,67.9,10.4,0.7,17.8,32
2018-09-26,20.5373821258545,23.1035614013672,31.8510971069336,0.204649671912193,36,37.6,67.9,10.4,0.7,17.8,32
2018-09-27,18.8845729827881,23.5399494171143,31.5635738372803,0.13620088994503,36,37.6,67.9,10.4,0.7,17.8,32
2018-09-28,17.3827991485596,22.8125915527344,31.5243301391602,0.157667279243469,36,37.6,67.9,10.4,0.7,17.8,32
2018-09-29,17.4573287963867,22.6562099456787,31.3943424224854,0.0478535331785679,36,37.6,67.9,10.4,0.7,17.8,32
2018-09-30,17.1176319122314,22.8439426422119,31.1696319580078,0.0186099428683519,36,37.6,67.9,10.4,0.7,17.8,32
2018-10-01,17.3188343048096,22.6165866851807,31.2190990447998,0.0135918678715825,36,37.6,67.9,10.4,0.7,17.8,32
2018-10-02,16.6850109100342,22.8391132354736,31.092679977417,0.00931045040488243,36,37.6,67.9,10.4,0.7,17.8,32
2018-10-03,15.8855400085449,23.2324981689453,31.023775100708,0.0672248229384422,36,37.6,67.9,10.4,0.7,17.8,32
2018-10-04,16.1802730560303,23.3485050201416,31.0137882232666,0.0807191506028175,36,37.6,67.9,10.4,0.7,17.8,32
2018-10-05,16.2129688262939,23.3609676361084,30.9746379852295,0.0493918843567371,36,37.6,67.9,10.4,0.7,17.8,32
2018-10-06,17.3803176879883,22.7423458099365,30.7566547393799,0.0393713302910328,36,37.6,67.9,10.4,0.7,17.8,32
2018-10-07,18.1711025238037,22.7112789154053,30.5823459625244,-0.0484560132026672,36,37.6,67.9,10.4,0.7,17.8,32
2018-10-08,17.4029521942139,23.1296920776367,30.6533279418945,-0.077866904437542,36,37.6,67.9,10.4,0.7,17.8,32
2018-10-09,17.5601577758789,23.1977634429932,30.3795394897461,-0.0120682185515761,36,37.6,67.9,10.4,0.7,17.8,32
2018-10-10,18.6833972930908,23.6335468292236,30.2250690460205,-0.0520167201757431,36,37.6,67.9,10.4,0.7,17.8,32
2018-10-11,18.336483001709,23.7576732635498,30.5148944854736,0.0562496595084667,36,37.6,67.9,10.4,0.7,17.8,32
2018-10-12,18.2468433380127,23.2713928222656,30.478853225708,0.239833191037178,36,37.6,67.9,10.4,0.7,17.8,32
2018-10-13,19.5702743530273,22.2787017822266,30.0562133789062,0.120611131191254,36,37.6,67.9,10.4,0.7,17.8,32
2018-10-14,19.3362464904785,21.7782344818115,30.1751384735107,0.0673915892839432,36,37.6,67.9,10.4,0.7,17.8,32
2018-10-15,18.9860763549805,21.874963760376,30.2202987670898,0.0676867291331291,36,37.6,67.9,10.4,0.7,17.8,32
2018-10-16,18.0480918884277,22.3617248535156,30.9473667144775,-0.0533910244703293,36,37.6,67.9,10.4,0.7,17.8,32
2018-10-17,17.3305072784424,21.8985500335693,31.179666519165,-0.0721405297517776,36,37.6,67.9,10.4,0.7,17.8,32
2018-10-18,16.4239482879639,21.2802982330322,31.385103225708,-0.2249965518713,36,37.6,67.9,10.4,0.7,17.8,32
2018-10-19,16.1350746154785,20.6172466278076,31.4468860626221,-0.191222861409187,36,37.6,67.9,10.4,0.7,17.8,32
2018-10-20,15.6936120986938,20.6891613006592,31.511344909668,-0.130915805697441,36,37.6,67.9,10.4,0.7,17.8,32
2018-10-21,15.3726110458374,20.4122562408447,31.5583953857422,-0.129371330142021,36,37.6,67.9,10.4,0.7,17.8,32
2018-10-22,15.36181640625,19.3607864379883,31.6473541259766,-0.185294151306152,36,37.6,67.9,10.4,0.7,17.8,32
2018-10-23,14.7439584732056,18.9618625640869,31.5942707061768,-0.0838209167122841,36,37.6,67.9,10.4,0.7,17.8,32
2018-10-24,13.7678098678589,18.5542831420898,31.4630794525146,-0.0880490615963936,36,37.6,67.9,10.4,0.7,17.8,32
2018-10-25,15.3791723251343,17.8083171844482,31.5396881103516,-0.0679647773504257,36,37.6,67.9,10.4,0.7,17.8,32
2018-10-26,15.8795671463013,17.41965675354,31.3967876434326,-0.0877442434430122,36,37.6,67.9,10.4,0.7,17.8,32
2018-10-27,16.8169460296631,17.2901649475098,31.178337097168,0.28320786356926,36,37.6,67.9,10.4,0.7,17.8,32
2018-10-28,16.5493125915527,16.8272151947021,30.79150390625,0.108857072889805,36,37.6,67.9,10.4,0.7,17.8,32
2018-10-29,15.6667985916138,16.681640625,30.8411808013916,-0.00353169441223145,36,37.6,67.9,10.4,0.7,17.8,32
2018-10-30,15.3226270675659,16.4477405548096,30.9905452728271,-0.0829470455646515,36,37.6,67.9,10.4,0.7,17.8,32
2018-10-31,14.6552972793579,16.3857364654541,31.2439823150635,-0.0398864448070526,36,37.6,67.9,10.4,0.7,17.8,32
2018-11-01,14.6353874206543,16.4399337768555,31.2208003997803,-0.0292321462184191,36,37.6,67.9,10.4,0.7,17.8,32
2018-11-02,14.4704809188843,16.5882015228271,31.3286380767822,-0.0151731027290225,36,37.6,67.9,10.4,0.7,17.8,32
2018-11-03,15.2329597473145,17.2833881378174,31.6763381958008,-0.0467941947281361,36,37.6,67.9,10.4,0.7,17.8,32
2018-11-04,15.1286268234253,17.1586227416992,31.804479598999,-0.307829588651657,36,37.6,67.9,10.4,0.7,17.8,32
2018-11-05,15.3882246017456,17.0411949157715,31.8502216339111,-0.0951572060585022,36,37.6,67.9,10.4,0.7,17.8,32
2018-11-06,16.2352199554443,16.8044490814209,31.8491802215576,0.0219493452459574,36,37.6,67.9,10.4,0.7,17.8,32
2018-11-07,16.1747417449951,16.8971843719482,31.876823425293,-0.101490877568722,36,37.6,67.9,10.4,0.7,17.8,32
2018-11-08,16.0285491943359,16.8922462463379,31.9613628387451,-0.144407972693443,36,37.6,67.9,10.4,0.7,17.8,32
2018-11-09,16.0164165496826,16.3245525360107,31.9617691040039,-0.00845704134553671,36,37.6,67.9,10.4,0.7,17.8,32
2018-11-10,16.0489902496338,16.1245594024658,31.9454479217529,-0.0513690821826458,36,37.6,67.9,10.4,0.7,17.8,32
2018-11-11,16.1788444519043,15.6400136947632,31.9852142333984,-0.305312842130661,36,37.6,67.9,10.4,0.7,17.8,32
2018-11-12,15.3137617111206,14.9823303222656,32.1390075683594,-0.225586652755737,36,37.6,67.9,10.4,0.7,17.8,32
2018-11-13,15.2671384811401,14.8367166519165,32.0948333740234,-0.109228670597076,36,37.6,67.9,10.4,0.7,17.8,32
2018-11-14,15.2434892654419,14.5275735855103,32.0953025817871,-0.303049027919769,36,37.6,67.9,10.4,0.7,17.8,32
2018-11-15,16.1246376037598,14.8207216262817,32.2761421203613,-0.161935925483704,36,37.6,67.9,10.4,0.7,17.8,32
2018-11-16,14.7267980575562,14.6210851669312,31.9985733032227,-0.0119002601131797,36,37.6,67.9,10.4,0.7,17.8,32
2018-11-17,14.5429906845093,14.4294557571411,31.983491897583,-0.272138804197311,36,37.6,67.9,10.4,0.7,17.8,32
2018-11-18,14.4938888549805,14.3484144210815,32.1027336120605,-0.249795138835907,36,37.6,67.9,10.4,0.7,17.8,32
2018-11-19,14.4132089614868,14.2021055221558,32.109561920166,-0.048134058713913,36,37.6,67.9,10.4,0.7,17.8,32
2018-11-20,14.3420915603638,13.9120206832886,31.7375202178955,-0.0167711731046438,36,37.6,67.9,10.4,0.7,17.8,32
2018-11-21,14.4559326171875,14.3653001785278,31.6443862915039,-0.117159210145473,36,37.6,67.9,10.4,0.7,17.8,32
2018-11-22,14.8444814682007,14.2066345214844,31.8820514678955,-0.303769618272781,36,37.6,67.9,10.4,0.7,17.8,32
2018-11-23,14.3287935256958,14.144513130188,32.2529487609863,-0.21663810312748,36,37.6,67.9,10.4,0.7,17.8,32
2018-11-24,13.5474662780762,13.6414041519165,32.2570381164551,-0.0475972108542919,36,37.6,67.9,10.4,0.7,17.8,32
2018-11-25,13.6098108291626,13.4224557876587,32.075626373291,0.0458504892885685,36,37.6,67.9,10.4,0.7,17.8,32
2018-11-26,13.6463165283203,13.2153024673462,31.9165344238281,0.108706623315811,36,37.6,67.9,10.4,0.7,17.8,32
2018-11-27,12.9551010131836,13.0695238113403,31.4324970245361,0.112148582935333,36,37.6,67.9,10.4,0.7,17.8,32
2018-11-28,13.0680646896362,12.6204423904419,31.5849075317383,-0.0900182723999023,36,37.6,67.9,10.4,0.7,17.8,32
2018-11-29,13.4007110595703,12.2257242202759,31.8087062835693,-0.165782868862152,36,37.6,67.9,10.4,0.7,17.8,32
2018-11-30,14.2835760116577,12.5971269607544,32.1078071594238,-0.000324505061144009,36,37.6,67.9,10.4,0.7,17.8,32
2018-12-01,13.915036201477,12.3954553604126,31.9413986206055,0.0467971302568913,36,37.6,67.9,10.4,0.7,17.8,32
2018-12-02,13.6952829360962,12.660816192627,31.9296722412109,0.14682200551033,36,37.6,67.9,10.4,0.7,17.8,32
2018-12-03,13.1513319015503,11.9786825180054,31.6631526947021,0.0772825181484222,36,37.6,67.9,10.4,0.7,17.8,32
2018-12-04,13.1995000839233,11.793529510498,31.769510269165,-0.0726988762617111,36,37.6,67.9,10.4,0.7,17.8,32
2018-12-05,13.1335487365723,11.6918029785156,32.0067329406738,-0.0360945984721184,36,37.6,67.9,10.4,0.7,17.8,32
2018-12-06,13.1159324645996,11.8610582351685,32.1025619506836,-0.0967716053128242,36,37.6,67.9,10.4,0.7,17.8,32
2018-12-07,13.2880477905273,11.5075988769531,32.0432167053223,-0.213159695267677,36,37.6,67.9,10.4,0.7,17.8,32
2018-12-08,13.4333276748657,11.608645439148,32.2874794006348,-0.185429528355598,36,37.6,67.9,10.4,0.7,17.8,32
2018-12-09,13.1790437698364,11.3476476669312,32.4583053588867,-0.133684515953064,36,37.6,67.9,10.4,0.7,17.8,32
2018-12-10,12.0146713256836,11.355899810791,32.5370445251465,-0.0217705965042114,36,37.6,67.9,10.4,0.7,17.8,32
2018-12-11,11.10999584198,11.0629358291626,32.4056663513184,-0.0394675545394421,36,37.6,67.9,10.4,0.7,17.8,32
2018-12-12,11.0895347595215,11.0625143051147,32.2906074523926,-0.107756316661835,36,37.6,67.9,10.4,0.7,17.8,32
2018-12-13,11.1640090942383,10.9911546707153,32.4152870178223,-0.159245371818542,36,37.6,67.9,10.4,0.7,17.8,32
2018-12-14,11.1869592666626,10.8590631484985,32.4761543273926,-0.0482012294232845,36,37.6,67.9,10.4,0.7,17.8,32
2018-12-15,10.9196243286133,10.6133947372437,32.3967018127441,-0.0644598975777626,36,37.6,67.9,10.4,0.7,17.8,32
2018-12-16,10.8194818496704,10.6079664230347,32.3476371765137,0.12192564457655,36,37.6,67.9,10.4,0.7,17.8,32
2018-12-17,10.1957912445068,9.83451271057129,32.0808944702148,0.0849141404032707,36,37.6,67.9,10.4,0.7,17.8,32
2018-12-18,10.5653667449951,10.0448141098022,32.0548553466797,-0.157598555088043,36,37.6,67.9,10.4,0.7,17.8,32
2018-12-19,10.7205963134766,10.1185159683228,32.1347236633301,-0.190524950623512,36,37.6,67.9,10.4,0.7,17.8,32
2018-12-20,10.77405834198,9.90743160247803,32.0888671875,-0.103339582681656,36,37.6,67.9,10.4,0.7,17.8,32
2018-12-21,10.1979131698608,9.89653968811035,31.6100940704346,0.081520177423954,36,37.6,67.9,10.4,0.7,17.8,32
2018-12-22,10.3361206054688,9.34913158416748,30.6112365722656,-0.0132988085970283,36,37.6,67.9,10.4,0.7,17.8,32
2018-12-23,10.5972280502319,9.35574817657471,30.9669208526611,-0.275735825300217,36,37.6,67.9,10.4,0.7,17.8,32
2018-12-24,10.6031522750854,9.64240264892578,31.0111255645752,-0.181868389248848,36,37.6,67.9,10.4,0.7,17.8,32
2018-12-25,10.6433782577515,9.66341686248779,31.1024017333984,-0.182406827807426,36,37.6,67.9,10.4,0.7,17.8,32
2018-12-26,10.635721206665,9.53599452972412,31.1972827911377,-0.181795284152031,36,37.6,67.9,10.4,0.7,17.8,32
2018-12-27,9.88991069793701,9.24367523193359,31.4166965484619,-0.226918950676918,36,37.6,67.9,10.4,0.7,17.8,32
2018-12-28,9.90447998046875,9.20855045318604,31.4453907012939,-0.0773961469531059,36,37.6,67.9,10.4,0.7,17.8,32
2018-12-29,10.1756467819214,9.15401554107666,31.2749099731445,-0.112079858779907,36,37.6,67.9,10.4,0.7,17.8,32
2018-12-30,10.2415132522583,9.24838161468506,31.4768962860107,-0.190979912877083,36,37.6,67.9,10.4,0.7,17.8,32
2018-12-31,10.1889524459839,9.20028114318848,31.4955978393555,-0.0858419165015221,36,37.6,67.9,10.4,0.7,17.8,32
2019-01-01,10.2150259017944,9.19823360443115,31.3070526123047,-0.0496701598167419,36,37.6,67.9,10.4,0.7,17.8,32
2019-01-02,10.285569190979,9.44900608062744,31.3809108734131,-0.209477946162224,36,37.6,67.9,10.4,0.7,17.8,32
2019-01-03,10.3340940475464,9.41025829315186,31.3707275390625,-0.095742829144001,36,37.6,67.9,10.4,0.7,17.8,32
2019-01-04,10.4181146621704,9.26712131500244,31.3340663909912,-0.068918839097023,36,37.6,67.9,10.4,0.7,17.8,32
2019-01-05,10.5292196273804,9.78462219238281,31.357421875,0.0947750508785248,36,37.6,67.9,10.4,0.7,17.8,32
2019-01-06,10.6797456741333,9.72960376739502,31.2539615631104,-0.0449563600122929,36,37.6,67.9,10.4,0.7,17.8,32
2019-01-07,10.6976861953735,9.50448894500732,30.9970016479492,-0.147155955433846,36,37.6,67.9,10.4,0.7,17.8,32
2019-01-08,10.4561233520508,9.289231300354,31.0652637481689,0.00333111174404621,36,37.6,67.9,10.4,0.7,17.8,32
2019-01-09,10.5353765487671,9.14109706878662,30.7150802612305,-0.0316275097429752,36,37.6,67.9,10.4,0.7,17.8,32
2019-01-10,10.6123151779175,8.82789516448975,30.9372539520264,-0.262060761451721,36,37.6,67.9,10.4,0.7,17.8,32
2019-01-11,10.5860452651978,8.34472179412842,30.8432292938232,-0.201380506157875,36,37.6,67.9,10.4,0.7,17.8,32
2019-01-12,10.4883241653442,8.1392412185669,31.0876216888428,-0.219244122505188,36,37.6,67.9,10.4,0.7,17.8,32
2019-01-13,10.5218896865845,8.03321838378906,31.1377086639404,-0.115341357886791,36,37.6,67.9,10.4,0.7,17.8,32
2019-01-14,8.80922985076904,8.12993907928467,31.8259944915771,0.0643996000289917,36,37.6,67.9,10.4,0.7,17.8,32
2019-01-15,7.79264116287231,7.77039527893066,32.0557518005371,-0.0383129380643368,36,37.6,67.9,10.4,0.7,17.8,32
2019-01-16,7.78412389755249,7.52868127822876,32.0392189025879,-0.123184449970722,36,37.6,67.9,10.4,0.7,17.8,32
2019-01-17,8.32924270629883,7.39707946777344,31.9946136474609,-0.205589175224304,36,37.6,67.9,10.4,0.7,17.8,32
2019-01-18,8.3472204208374,7.54050445556641,32.0750694274902,-0.0943319872021675,36,37.6,67.9,10.4,0.7,17.8,32
2019-01-19,8.11276149749756,7.55935287475586,32.1804389953613,-0.117074884474277,36,37.6,67.9,10.4,0.7,17.8,32
2019-01-20,7.89063882827759,7.90570211410522,31.5570697784424,0.101949721574783,36,37.6,67.9,10.4,0.7,17.8,32
2019-01-21,8.14489936828613,7.62065267562866,32.0320625305176,-0.297492444515228,36,37.6,67.9,10.4,0.7,17.8,32
2019-01-22,8.48969554901123,7.24130058288574,31.8599624633789,-0.574095368385315,36,37.6,67.9,10.4,0.7,17.8,32
2019-01-23,7.65845251083374,6.59557390213013,31.3222751617432,-0.335534423589706,36,37.6,67.9,10.4,0.7,17.8,32
2019-01-24,7.86009407043457,6.36498641967773,31.0045623779297,-0.159712716937065,36,37.6,67.9,10.4,0.7,17.8,32
2019-01-25,8.4648847579956,6.70764493942261,31.5349712371826,-0.294746667146683,36,37.6,67.9,10.4,0.7,17.8,32
2019-01-26,8.50030994415283,6.24485206604004,31.6105098724365,-0.333723098039627,36,37.6,67.9,10.4,0.7,17.8,32
2019-01-27,8.45845317840576,6.24748373031616,31.6634654998779,-0.129788756370544,36,37.6,67.9,10.4,0.7,17.8,32
2019-01-28,8.43895626068115,6.07232618331909,31.5749378204346,-0.0794160887598991,36,37.6,67.9,10.4,0.7,17.8,32
2019-01-29,8.08640193939209,6.71208190917969,31.848237991333,-0.0164892561733723,36,37.6,67.9,10.4,0.7,17.8,32
2019-01-30,8.00504112243652,6.65903997421265,31.8169250488281,-0.0552473366260529,36,37.6,67.9,10.4,0.7,17.8,32
2019-01-31,8.23495769500732,6.40099382400513,31.8921985626221,-0.354357600212097,36,37.6,67.9,10.4,0.7,17.8,32
2019-02-01,8.4545087814331,6.17289543151855,32.0049591064453,-0.385333508253098,36,37.6,67.9,10.4,0.7,17.8,32
2019-02-02,8.68778610229492,6.30448532104492,32.1483459472656,-0.328201234340668,36,37.6,67.9,10.4,0.7,17.8,32
2019-02-03,8.90113639831543,6.33820199966431,32.1926460266113,-0.356722712516785,36,37.6,67.9,10.4,0.7,17.8,32
2019-02-04,8.80867671966553,5.82005167007446,32.0892448425293,-0.199677184224129,36,37.6,67.9,10.4,0.7,17.8,32
2019-02-05,8.81756782531738,5.88756704330444,32.0848159790039,-0.160646587610245,36,37.6,67.9,10.4,0.7,17.8,32
2019-02-06,8.74959468841553,5.98791646957397,32.0689430236816,-0.174749732017517,36,37.6,67.9,10.4,0.7,17.8,32
2019-02-07,8.97760009765625,7.59124612808228,31.9354610443115,-0.095903180539608,36,37.6,67.9,10.4,0.7,17.8,32
2019-02-08,8.22752571105957,7.53018569946289,32.0060386657715,-0.115034781396389,36,37.6,67.9,10.4,0.7,17.8,32
2019-02-09,8.2852611541748,7.33819627761841,32.1224327087402,-0.497793465852737,36,37.6,67.9,10.4,0.7,17.8,32
2019-02-10,8.23270893096924,6.66356801986694,32.2055969238281,-0.476779669523239,36,37.6,67.9,10.4,0.7,17.8,32
2019-02-11,8.42175006866455,6.50651741027832,32.1249198913574,-0.361305236816406,36,37.6,67.9,10.4,0.7,17.8,32
2019-02-12,8.02598667144775,6.50523233413696,32.2498893737793,-0.135125026106834,36,37.6,67.9,10.4,0.7,17.8,32
2019-02-13,6.90537071228027,6.7358570098877,32.0728797912598,-0.0159983094781637,36,37.6,67.9,10.4,0.7,17.8,32
2019-02-14,7.40331125259399,6.71465539932251,32.0727310180664,-0.322540313005447,36,37.6,67.9,10.4,0.7,17.8,32
2019-02-15,8.00566101074219,6.75831031799316,31.4156951904297,-0.224637687206268,36,37.6,67.9,10.4,0.7,17.8,32
2019-02-16,8.46943759918213,6.57046556472778,30.2721614837646,-0.0857030376791954,36,37.6,67.9,10.4,0.7,17.8,32
2019-02-17,8.39455509185791,6.80132627487183,31.6785507202148,-0.112001001834869,36,37.6,67.9,10.4,0.7,17.8,32
2019-02-18,8.43413925170898,6.79290151596069,31.4153289794922,-0.154438301920891,36,37.6,67.9,10.4,0.7,17.8,32
2019-02-19,8.63016414642334,6.64116525650024,31.3499908447266,-0.304381400346756,36,37.6,67.9,10.4,0.7,17.8,32
2019-02-20,8.57313251495361,6.68377065658569,31.7376728057861,-0.309456378221512,36,37.6,67.9,10.4,0.7,17.8,32
2019-02-21,8.32644653320312,6.7053542137146,31.757360458374,-0.177444696426392,36,37.6,67.9,10.4,0.7,17.8,32
2019-02-22,7.60430288314819,5.75053548812866,31.52978515625,-0.236390575766563,36,37.6,67.9,10.4,0.7,17.8,32
2019-02-23,7.43351793289185,5.82452630996704,31.6122951507568,-0.152785941958427,36,37.6,67.9,10.4,0.7,17.8,32
2019-02-24,7.16250467300415,5.88369989395142,31.4787693023682,0.064924530684948,36,37.6,67.9,10.4,0.7,17.8,32
2019-02-25,7.38832473754883,6.72109079360962,31.1195602416992,-0.286628663539886,36,37.6,67.9,10.4,0.7,17.8,32
2019-02-26,7.8818097114563,6.75822687149048,30.8732318878174,-0.541487514972687,36,37.6,67.9,10.4,0.7,17.8,32
2019-02-27,8.05970287322998,6.70040559768677,30.864164352417,-0.32822385430336,36,37.6,67.9,10.4,0.7,17.8,32
2019-02-28,7.60497426986694,6.73753690719604,31.520881652832,-0.152957022190094,36,37.6,67.9,10.4,0.7,17.8,32
2019-03-01,7.39286947250366,6.72122383117676,31.9209136962891,-0.096809446811676,36,37.6,67.9,10.4,0.7,17.8,32
2019-03-02,7.0909686088562,6.63359689712524,32.1504096984863,0.0204634238034487,36,37.6,67.9,10.4,0.7,17.8,32
2019-03-03,6.88297510147095,6.26874542236328,32.1319732666016,-0.0353336371481419,36,37.6,67.9,10.4,0.7,17.8,32
2019-03-04,6.80835390090942,6.27640914916992,32.1160087585449,0.0887878909707069,36,37.6,67.9,10.4,0.7,17.8,32
2019-03-05,6.69228601455688,6.15916872024536,32.1833000183105,-0.135277971625328,36,37.6,67.9,10.4,0.7,17.8,32
2019-03-06,6.57654619216919,6.07319021224976,32.0571670532227,-0.208817824721336,36,37.6,67.9,10.4,0.7,17.8,32
2019-03-07,6.9196834564209,5.89192199707031,32.1006622314453,-0.236697718501091,36,37.6,67.9,10.4,0.7,17.8,32
2019-03-08,7.03967523574829,5.75232887268066,32.063404083252,-0.234604820609093,36,37.6,67.9,10.4,0.7,17.8,32
2019-03-09,6.94862222671509,5.99411916732788,32.0483131408691,-0.168709114193916,36,37.6,67.9,10.4,0.7,17.8,32
2019-03-10,6.94966650009155,5.99865913391113,31.887113571167,-0.0685926899313927,36,37.6,67.9,10.4,0.7,17.8,32
2019-03-11,6.5866527557373,5.9663348197937,30.8556518554688,-0.082636833190918,36,37.6,67.9,10.4,0.7,17.8,32
2019-03-12,6.90809392929077,5.8762378692627,30.8128795623779,-0.205287650227547,36,37.6,67.9,10.4,0.7,17.8,32
2019-03-13,6.97704124450684,6.05327987670898,31.8672485351562,-0.225935101509094,36,37.6,67.9,10.4,0.7,17.8,32
2019-03-14,6.87691926956177,6.07727861404419,31.7154388427734,-0.160109490156174,36,37.6,67.9,10.4,0.7,17.8,32
2019-03-15,6.8653678894043,5.96464157104492,30.344202041626,-0.156841695308685,36,37.6,67.9,10.4,0.7,17.8,32
2019-03-16,7.10991477966309,6.27961206436157,30.9776916503906,-0.233880504965782,36,37.6,67.9,10.4,0.7,17.8,32
2019-03-17,7.11808919906616,6.42955732345581,31.1186752319336,-0.28135347366333,36,37.6,67.9,10.4,0.7,17.8,32
2019-03-18,7.25206708908081,6.61772775650024,31.0947093963623,-0.226068258285522,36,37.6,67.9,10.4,0.7,17.8,32
2019-03-19,7.18841600418091,6.5377311706543,30.9344959259033,-0.323127895593643,36,37.6,67.9,10.4,0.7,17.8,32
2019-03-20,7.19517087936401,6.58890676498413,30.9155654907227,-0.244350448250771,36,37.6,67.9,10.4,0.7,17.8,32
2019-03-21,7.14531087875366,6.91335868835449,30.9713954925537,-0.0696513131260872,36,37.6,67.9,10.4,0.7,17.8,32
2019-03-22,7.17831993103027,6.91070938110352,31.0342578887939,0.0138950729742646,36,37.6,67.9,10.4,0.7,17.8,32
2019-03-23,7.41963052749634,6.81264638900757,31.1696300506592,-0.348647028207779,36,37.6,67.9,10.4,0.7,17.8,32
2019-03-24,7.42133092880249,7.06628751754761,31.2116012573242,-0.406831741333008,36,37.6,67.9,10.4,0.7,17.8,32
2019-03-25,7.59297704696655,7.23145055770874,30.9802684783936,-0.232135951519012,36,37.6,67.9,10.4,0.7,17.8,32
2019-03-26,7.43607378005981,7.12991189956665,31.4730072021484,-0.125275909900665,36,37.6,67.9,10.4,0.7,17.8,32
2019-03-27,7.43266105651855,6.69801092147827,31.758903503418,-0.15046264231205,36,37.6,67.9,10.4,0.7,17.8,32
2019-03-28,7.35473108291626,6.92805624008179,31.9166927337646,-0.175765320658684,36,37.6,67.9,10.4,0.7,17.8,32
2019-03-29,7.6104302406311,7.18573570251465,31.8091487884521,-0.174282446503639,36,37.6,67.9,10.4,0.7,17.8,32
2019-03-30,8.31981754302979,7.30581045150757,31.4600734710693,-0.169551268219948,36,37.6,67.9,10.4,0.7,17.8,32
2019-03-31,8.58354377746582,7.67443084716797,31.2756443023682,-0.115623570978642,36,37.6,67.9,10.4,0.7,17.8,32
2019-04-01,8.75802707672119,7.49189376831055,31.4032592773438,-0.249193951487541,36,37.6,67.9,10.4,0.7,17.8,32
2019-04-02,8.74666118621826,7.20581102371216,31.6529083251953,-0.233724251389503,36,37.6,67.9,10.4,0.7,17.8,32
2019-04-03,8.35597133636475,7.21599721908569,31.5872974395752,-0.123929500579834,36,37.6,67.9,10.4,0.7,17.8,32
2019-04-04,8.36428165435791,7.51864194869995,31.4304714202881,-0.327705651521683,36,37.6,67.9,10.4,0.7,17.8,32
2019-04-05,8.42063999176025,7.78803825378418,31.6020832061768,-0.372705101966858,36,37.6,67.9,10.4,0.7,17.8,32
2019-04-06,8.41161632537842,7.86628675460815,31.6212100982666,-0.285431444644928,36,37.6,67.9,10.4,0.7,17.8,32
2019-04-07,8.36577701568604,7.96633100509644,31.517936706543,-0.27201697230339,36,37.6,67.9,10.4,0.7,17.8,32
2019-04-08,8.13871669769287,8.12015151977539,31.1966381072998,-0.149318784475327,36,37.6,67.9,10.4,0.7,17.8,32
2019-04-09,8.14743709564209,8.84543895721436,30.5068111419678,-0.0287209153175354,36,37.6,67.9,10.4,0.7,17.8,32
2019-04-10,7.96558952331543,9.32673835754395,30.5393371582031,0.00551280891522765,36,37.6,67.9,10.4,0.7,17.8,32
2019-04-11,7.67343950271606,8.92675971984863,31.2771434783936,-0.0908109024167061,36,37.6,67.9,10.4,0.7,17.8,32
2019-04-12,7.50459098815918,8.55819606781006,31.7633228302002,-0.124629192054272,36,37.6,67.9,10.4,0.7,17.8,32
2019-04-13,7.5162353515625,9.1273889541626,31.4217548370361,-0.105841599404812,36,37.6,67.9,10.4,0.7,17.8,32
2019-04-14,9.05750942230225,10.0471591949463,31.2679119110107,-0.147543832659721,36,37.6,67.9,10.4,0.7,17.8,32
2019-04-15,9.04899311065674,10.5052833557129,30.6534099578857,-0.0873709991574287,36,37.6,67.9,10.4,0.7,17.8,32
2019-04-16,8.95295810699463,10.4118270874023,30.7059993743896,-0.329121321439743,36,37.6,67.9,10.4,0.7,17.8,32
2019-04-17,9.2190580368042,10.4391708374023,30.8908939361572,-0.292853832244873,36,37.6,67.9,10.4,0.7,17.8,32
2019-04-18,9.18127918243408,10.4865846633911,31.0633411407471,-0.152037024497986,36,37.6,67.9,10.4,0.7,17.8,32
2019-04-19,9.09404468536377,10.872878074646,30.9265613555908,-0.106467477977276,36,37.6,67.9,10.4,0.7,17.8,32
2019-04-20,8.83432197570801,11.0132150650024,31.0015125274658,-0.0799297913908958,36,37.6,67.9,10.4,0.7,17.8,32
2019-04-21,8.77606868743896,11.5128602981567,31.1882019042969,-0.109358824789524,36,37.6,67.9,10.4,0.7,17.8,32
2019-04-22,8.67149448394775,11.9317903518677,31.0320072174072,-0.0806763097643852,36,37.6,67.9,10.4,0.7,17.8,32
2019-04-23,8.97669887542725,12.5237951278687,31.0462741851807,-0.0328377075493336,36,37.6,67.9,10.4,0.7,17.8,32
2019-04-24,8.92567539215088,12.8101577758789,31.2162170410156,-0.0472834669053555,36,37.6,67.9,10.4,0.7,17.8,32
2019-04-25,8.88266372680664,13.1870641708374,31.2490482330322,-0.0424470938742161,36,37.6,67.9,10.4,0.7,17.8,32
2019-04-26,9.64111709594727,12.5369157791138,31.1919269561768,0.0233807414770126,36,37.6,67.9,10.4,0.7,17.8,32
2019-04-27,9.60265445709229,12.1376495361328,31.3648300170898,-0.0697650536894798,36,37.6,67.9,10.4,0.7,17.8,32
2019-04-28,9.75993537902832,12.3481674194336,31.4628677368164,-0.148541539907455,36,37.6,67.9,10.4,0.7,17.8,32
2019-04-29,9.56027889251709,12.1020355224609,31.494270324707,-0.186763390898705,36,37.6,67.9,10.4,0.7,17.8,32
2019-04-30,9.39279174804688,12.2484884262085,31.4544124603271,-0.208114802837372,36,37.6,67.9,10.4,0.7,17.8,32
2019-05-01,9.17386531829834,12.460036277771,31.4646606445312,-0.181259229779243,36,37.6,67.9,10.4,0.7,17.8,32
2019-05-02,8.87355804443359,13.0775375366211,31.4450054168701,-0.189732000231743,36,37.6,67.9,10.4,0.7,17.8,32
2019-05-03,8.78747177124023,13.7610788345337,30.7791976928711,-0.112903028726578,36,37.6,67.9,10.4,0.7,17.8,32
2019-05-04,8.64594554901123,14.5103530883789,29.2507705688477,-0.0648338571190834,36,37.6,67.9,10.4,0.7,17.8,32
2019-05-05,8.16362476348877,13.8596305847168,28.8422412872314,0.00467813527211547,36,37.6,67.9,10.4,0.7,17.8,32
2019-05-06,8.39763164520264,12.3225326538086,31.3122177124023,0.0658469498157501,36,37.6,67.9,10.4,0.7,17.8,32
2019-05-07,8.83493137359619,12.1420860290527,31.6749286651611,-0.0571706593036652,36,37.6,67.9,10.4,0.7,17.8,32
2019-05-08,8.4231538772583,12.1140022277832,31.6558628082275,-0.106214351952076,36,37.6,67.9,10.4,0.7,17.8,32
2019-05-09,8.346435546875,12.4409875869751,31.6589756011963,-0.0846353769302368,36,37.6,67.9,10.4,0.7,17.8,32
2019-05-10,8.48887729644775,12.8462867736816,31.6321125030518,-0.0532506518065929,36,37.6,67.9,10.4,0.7,17.8,32
2019-05-11,8.92565059661865,14.3680734634399,30.9055252075195,-0.0962882563471794,36,37.6,67.9,10.4,0.7,17.8,32
2019-05-12,8.99138927459717,14.4896621704102,31.0280437469482,0.0482431352138519,36,37.6,67.9,10.4,0.7,17.8,32
2019-05-13,10.6480131149292,14.1297149658203,31.6759262084961,0.189539015293121,36,37.6,67.9,10.4,0.7,17.8,32
2019-05-14,11.2861032485962,12.2041893005371,31.7007293701172,0.170899465680122,36,37.6,67.9,10.4,0.7,17.8,32
2019-05-15,10.5033292770386,11.6130361557007,31.7227954864502,0.0701278820633888,36,37.6,67.9,10.4,0.7,17.8,32
2019-05-16,10.5568056106567,12.2175416946411,31.6243572235107,-0.00533623993396759,36,37.6,67.9,10.4,0.7,17.8,32
2019-05-17,10.7148847579956,13.260027885437,31.5872173309326,-0.0469786189496517,36,37.6,67.9,10.4,0.7,17.8,32
2019-05-18,10.4765205383301,14.1024942398071,31.513765335083,-0.0700511410832405,36,37.6,67.9,10.4,0.7,17.8,32
2019-05-19,10.4412231445312,14.338173866272,31.5083484649658,-0.0614722408354282,36,37.6,67.9,10.4,0.7,17.8,32
2019-05-20,10.1276512145996,15.4176378250122,31.4665050506592,-0.0708052888512611,36,37.6,67.9,10.4,0.7,17.8,32
2019-05-21,9.85325241088867,16.1785259246826,31.3713073730469,-0.13756950199604,36,37.6,67.9,10.4,0.7,17.8,32
2019-05-22,9.8801794052124,16.4449367523193,31.3908538818359,-0.158407047390938,36,37.6,67.9,10.4,0.7,17.8,32
2019-05-23,10.0059595108032,16.3312549591064,31.3528003692627,-0.134739711880684,36,37.6,67.9,10.4,0.7,17.8,32
2019-05-24,9.91484928131104,16.6079711914062,31.093469619751,-0.141502395272255,36,37.6,67.9,10.4,0.7,17.8,32
2019-05-25,10.0025110244751,17.0217552185059,31.0350341796875,-0.0703951716423035,36,37.6,67.9,10.4,0.7,17.8,32
2019-05-26,9.9384241104126,17.876335144043,30.7961902618408,-0.0399708859622478,36,37.6,67.9,10.4,0.7,17.8,32
2019-05-27,9.7313871383667,18.6376857757568,30.6683559417725,-0.0263089835643768,36,37.6,67.9,10.4,0.7,17.8,32
2019-05-28,9.64369297027588,18.506706237793,30.6476058959961,0.0395556464791298,36,37.6,67.9,10.4,0.7,17.8,32
2019-05-29,9.61881828308105,19.4561042785645,30.7040386199951,0.0543778128921986,36,37.6,67.9,10.4,0.7,17.8,32
2019-05-30,9.55733966827393,20.3161735534668,30.6370067596436,0.0475370697677135,36,37.6,67.9,10.4,0.7,17.8,32
2019-05-31,9.72026443481445,20.8401317596436,30.5439395904541,0.0579216815531254,36,37.6,67.9,10.4,0.7,17.8,32
2019-06-01,10.2487325668335,20.789737701416,30.4582042694092,0.0390009246766567,36,37.6,67.9,10.4,0.7,17.8,32
2019-06-02,10.2752370834351,20.531457901001,30.4333171844482,0.0963148102164268,36,37.6,67.9,10.4,0.7,17.8,32
2019-06-03,10.1987180709839,19.85085105896,30.6286144256592,0.00463629513978958,36,37.6,67.9,10.4,0.7,17.8,32
2019-06-04,10.1296806335449,19.8356189727783,30.8320636749268,-0.112665124237537,36,37.6,67.9,10.4,0.7,17.8,32
2019-06-05,9.95349884033203,19.9438877105713,30.6007480621338,-0.0939539596438408,36,37.6,67.9,10.4,0.7,17.8,32
2019-06-06,9.6223554611206,20.4097423553467,30.0647048950195,-0.0997463837265968,36,37.6,67.9,10.4,0.7,17.8,32
2019-06-07,9.71952819824219,20.5758953094482,30.258996963501,-0.048934955149889,36,37.6,67.9,10.4,0.7,17.8,32
2019-06-08,9.9307804107666,20.111120223999,30.0297908782959,-0.0364103950560093,36,37.6,67.9,10.4,0.7,17.8,32
2019-06-09,10.2516269683838,19.2389659881592,30.7187175750732,0.0131061272695661,36,37.6,67.9,10.4,0.7,17.8,32
2019-06-10,11.012583732605,18.8870410919189,30.9101486206055,0.0170343536883593,36,37.6,67.9,10.4,0.7,17.8,32
2019-06-11,10.7640466690063,19.3026371002197,30.6558971405029,-0.0309901814907789,36,37.6,67.9,10.4,0.7,17.8,32
2019-06-12,10.7515897750854,19.2380619049072,31.0772800445557,-0.119961775839329,36,37.6,67.9,10.4,0.7,17.8,32
2019-06-13,10.847128868103,18.9102554321289,31.0689907073975,-0.00397389382123947,36,37.6,67.9,10.4,0.7,17.8,32
2019-06-14,10.7560720443726,18.8733806610107,31.0340938568115,-0.140071645379066,36,37.6,67.9,10.4,0.7,17.8,32
2019-06-15,10.5552549362183,18.9225006103516,31.105920791626,-0.229688301682472,36,37.6,67.9,10.4,0.7,17.8,32
2019-06-16,10.9908752441406,19.7500305175781,31.0865173339844,-0.190842524170876,36,37.6,67.9,10.4,0.7,17.8,32
2019-06-17,10.9669065475464,20.4433422088623,30.8381271362305,-0.153446152806282,36,37.6,67.9,10.4,0.7,17.8,32
2019-06-18,10.9849281311035,21.2594223022461,30.8121166229248,-0.0751164853572845,36,37.6,67.9,10.4,0.7,17.8,32
2019-06-19,12.5382308959961,21.8689823150635,30.66623878479,-0.0442345775663853,36,37.6,67.9,10.4,0.7,17.8,32
2019-06-20,12.6194305419922,21.9497699737549,30.6726551055908,0.046991627663374,36,37.6,67.9,10.4,0.7,17.8,32
2019-06-21,12.5442237854004,21.6826992034912,30.7966156005859,0.0480236299335957,36,37.6,67.9,10.4,0.7,17.8,32
2019-06-22,12.5999708175659,21.2424926757812,31.0135135650635,0.0142412362620234,36,37.6,67.9,10.4,0.7,17.8,32
2019-06-23,12.6436882019043,21.4928913116455,31.1208171844482,-0.012466405518353,36,37.6,67.9,10.4,0.7,17.8,32
2019-06-24,12.5197448730469,21.7418060302734,31.1052837371826,-0.0296593233942986,36,37.6,67.9,10.4,0.7,17.8,32
2019-06-25,13.1813478469849,22.2674465179443,31.0580062866211,0.00809730216860771,36,37.6,67.9,10.4,0.7,17.8,32
2019-06-26,13.1910161972046,22.6853351593018,30.9268264770508,-0.0247546136379242,36,37.6,67.9,10.4,0.7,17.8,32
2019-06-27,12.9544191360474,23.3233032226562,30.8939380645752,-0.0793795511126518,36,37.6,67.9,10.4,0.7,17.8,32
2019-06-28,13.8047723770142,24.2155132293701,30.9413242340088,-0.0898784771561623,36,37.6,67.9,10.4,0.7,17.8,32
2019-06-29,13.8544569015503,24.7110195159912,30.7559833526611,-0.063367672264576,36,37.6,67.9,10.4,0.7,17.8,32
2019-06-30,13.8271865844727,25.0860080718994,30.2770595550537,-0.0459371544420719,36,37.6,67.9,10.4,0.7,17.8,32
2019-07-01,14.608639717102,24.7412261962891,30.6746311187744,-0.0036791015882045,36,37.6,67.9,10.4,0.7,17.8,32
2019-07-02,14.6373252868652,24.6979465484619,30.7379131317139,-0.0372478738427162,36,37.6,67.9,10.4,0.7,17.8,32
2019-07-03,14.5500364303589,25.449348449707,29.8796157836914,-0.00352588179521263,36,37.6,67.9,10.4,0.7,17.8,32
2019-07-04,14.8522291183472,25.8513870239258,29.7122192382812,-0.0196973327547312,36,37.6,67.9,10.4,0.7,17.8,32
2019-07-05,15.0475120544434,26.0667114257812,29.665376663208,-0.0742456838488579,36,37.6,67.9,10.4,0.7,17.8,32
2019-07-06,14.9289407730103,26.0462627410889,29.2486343383789,-0.0388491526246071,36,37.6,67.9,10.4,0.7,17.8,32
2019-07-07,14.4982213973999,25.1425075531006,29.2459411621094,-0.0276741813868284,36,37.6,67.9,10.4,0.7,17.8,32
2019-07-08,14.4251298904419,24.9727649688721,29.5121078491211,0.0459181405603886,36,37.6,67.9,10.4,0.7,17.8,32
2019-07-09,14.4947996139526,24.2490520477295,30.3106994628906,-0.0166372302919626,36,37.6,67.9,10.4,0.7,17.8,32
2019-07-10,14.8186559677124,24.2075653076172,30.4271926879883,-0.0777398347854614,36,37.6,67.9,10.4,0.7,17.8,32
2019-07-11,14.5735006332397,24.2321014404297,30.1878566741943,-0.046906229108572,36,37.6,67.9,10.4,0.7,17.8,32
2019-07-12,14.3679389953613,24.2374801635742,30.2154483795166,6.10724091529846e-05,36,37.6,67.9,10.4,0.7,17.8,32
2019-07-13,14.6337785720825,24.9985942840576,30.3422565460205,-0.0291145294904709,36,37.6,67.9,10.4,0.7,17.8,32
2019-07-14,14.5571355819702,25.3440322875977,30.5232067108154,-0.0420184247195721,36,37.6,67.9,10.4,0.7,17.8,32
2019-07-15,14.4090852737427,25.4362354278564,30.709587097168,-0.0531507842242718,36,37.6,67.9,10.4,0.7,17.8,32
2019-07-16,14.8739080429077,25.3901653289795,30.7649517059326,-0.0739211142063141,36,37.6,67.9,10.4,0.7,17.8,32
2019-07-17,14.775860786438,25.6574878692627,30.8526840209961,-0.0618526637554169,36,37.6,67.9,10.4,0.7,17.8,32
2019-07-18,14.214991569519,25.6146793365479,31.1115493774414,-0.0719475895166397,36,37.6,67.9,10.4,0.7,17.8,32
2019-07-19,14.8778800964355,26.8199787139893,31.3758602142334,-0.0290703475475311,36,37.6,67.9,10.4,0.7,17.8,32
2019-07-20,14.8622121810913,27.3128566741943,31.4342403411865,-0.0385855324566364,36,37.6,67.9,10.4,0.7,17.8,32
2019-07-21,14.6490621566772,28.3089828491211,31.6971416473389,-0.0626310035586357,36,37.6,67.9,10.4,0.7,17.8,32
2019-07-22,14.8163900375366,27.7118053436279,31.7904834747314,-0.0223444048315287,36,37.6,67.9,10.4,0.7,17.8,32
2019-07-23,14.8215742111206,25.3914623260498,31.7428569793701,-0.0154979452490807,36,37.6,67.9,10.4,0.7,17.8,32
2019-07-24,14.9416608810425,24.9866580963135,31.5818328857422,0.0099494531750679,36,37.6,67.9,10.4,0.7,17.8,32
2019-07-25,14.1812324523926,25.1168308258057,31.6323776245117,0.00820644292980433,36,37.6,67.9,10.4,0.7,17.8,32
2019-07-26,14.0331392288208,25.3416194915771,31.7061386108398,-0.0313182547688484,36,37.6,67.9,10.4,0.7,17.8,32
2019-07-27,13.6551942825317,25.3517246246338,31.8054141998291,-0.0120605817064643,36,37.6,67.9,10.4,0.7,17.8,32
2019-07-28,12.6206321716309,25.3768634796143,31.9357757568359,-0.096197247505188,36,37.6,67.9,10.4,0.7,17.8,32
2019-07-29,12.3466606140137,24.8115081787109,31.7737979888916,-0.0686853900551796,36,37.6,67.9,10.4,0.7,17.8,32
2019-07-30,12.2029638290405,24.732666015625,31.7371673583984,-0.0233854632824659,36,37.6,67.9,10.4,0.7,17.8,32
2019-07-31,13.2613306045532,25.0492382049561,31.8902492523193,-0.103001661598682,36,37.6,67.9,10.4,0.7,17.8,32
2019-08-01,13.1247406005859,25.66943359375,32.0873603820801,-0.0360189713537693,36,37.6,67.9,10.4,0.7,17.8,32
2019-08-02,13.2612161636353,26.2711200714111,32.2292137145996,-0.00249920669011772,36,37.6,67.9,10.4,0.7,17.8,32
2019-08-03,14.6774034500122,26.1377620697021,32.2787322998047,-0.00266904942691326,36,37.6,67.9,10.4,0.7,17.8,32
2019-08-04,14.7868280410767,26.3141555786133,32.3367118835449,0.0534154288470745,36,37.6,67.9,10.4,0.7,17.8,32
2019-08-05,14.045895576477,26.5150089263916,32.3993797302246,0.0756644755601883,36,37.6,67.9,10.4,0.7,17.8,32
2019-08-06,12.7347717285156,26.4051418304443,32.5682258605957,0.0660834312438965,36,37.6,67.9,10.4,0.7,17.8,32
2019-08-07,12.9431524276733,25.8363208770752,32.5139808654785,0.0667544230818748,36,37.6,67.9,10.4,0.7,17.8,32
2019-08-08,12.484920501709,25.2936725616455,32.4849510192871,0.107740372419357,36,37.6,67.9,10.4,0.7,17.8,32
2019-08-09,13.4163885116577,24.8386745452881,32.452766418457,0.0774641707539558,36,37.6,67.9,10.4,0.7,17.8,32
2019-08-10,13.1804838180542,24.5895309448242,32.3885688781738,0.0369789339601994,36,37.6,67.9,10.4,0.7,17.8,32
2019-08-11,12.9561395645142,24.3483333587646,32.398307800293,0.024495042860508,36,37.6,67.9,10.4,0.7,17.8,32
2019-08-12,13.7671747207642,24.4487438201904,32.4314651489258,-0.0874728560447693,36,37.6,67.9,10.4,0.7,17.8,32
2019-08-13,13.489800453186,24.6847095489502,32.5151023864746,-0.0602822788059711,36,37.6,67.9,10.4,0.7,17.8,32
2019-08-14,12.7545289993286,25.2840194702148,32.6456184387207,0.017703240737319,36,37.6,67.9,10.4,0.7,17.8,32
2019-08-15,10.8229570388794,24.8948497772217,32.1751861572266,0.0660949498414993,36,37.6,67.9,10.4,0.7,17.8,32
2019-08-16,12.5145807266235,24.8384780883789,32.0092887878418,0.0305927749723196,36,37.6,67.9,10.4,0.7,17.8,32
2019-08-17,13.1546697616577,25.7031326293945,32.007942199707,0.0716426745057106,36,37.6,67.9,10.4,0.7,17.8,32
2019-08-18,12.9761323928833,26.5350646972656,31.8674411773682,0.0248500797897577,36,37.6,67.9,10.4,0.7,17.8,32
2019-08-19,12.4858016967773,26.8863162994385,31.8454208374023,0.0349032916128635,36,37.6,67.9,10.4,0.7,17.8,32
2019-08-20,11.9598531723022,27.3197917938232,31.9034252166748,0.0227491576224566,36,37.6,67.9,10.4,0.7,17.8,32
2019-08-21,11.1942529678345,27.0614070892334,31.8716373443604,0.0256250035017729,36,37.6,67.9,10.4,0.7,17.8,32
2019-08-22,10.6456079483032,26.2010517120361,31.9154148101807,-0.0289389099925756,36,37.6,67.9,10.4,0.7,17.8,32
2019-08-23,10.2200489044189,26.2866191864014,31.9310359954834,-0.0388383306562901,36,37.6,67.9,10.4,0.7,17.8,32
2019-08-24,11.3040456771851,25.5480728149414,31.6972637176514,-0.0128519413992763,36,37.6,67.9,10.4,0.7,17.8,32
2019-08-25,12.8297815322876,24.3664226531982,31.6506729125977,0.0697041377425194,36,37.6,67.9,10.4,0.7,17.8,32
2019-08-26,15.2886390686035,23.5428695678711,31.7583541870117,0.205416038632393,36,37.6,67.9,10.4,0.7,17.8,32
2019-08-27,17.678918838501,22.9824314117432,31.8615283966064,0.113687336444855,36,37.6,67.9,10.4,0.7,17.8,32
2019-08-28,16.738712310791,23.2971973419189,31.6991195678711,0.083383210003376,36,37.6,67.9,10.4,0.7,17.8,32
2019-08-29,15.5662384033203,23.3210315704346,31.5935230255127,0.035894013941288,36,37.6,67.9,10.4,0.7,17.8,32
2019-08-30,14.6633911132812,23.6856307983398,31.6000995635986,-0.0413449145853519,36,37.6,67.9,10.4,0.7,17.8,32
2019-08-31,14.2193975448608,24.1161556243896,31.658821105957,-0.107051819562912,36,37.6,67.9,10.4,0.7,17.8,32
2019-09-01,14.3840494155884,24.2051601409912,31.6117076873779,-0.0301693994551897,36,37.6,67.9,10.4,0.7,17.8,32
2019-09-02,15.9972543716431,23.9510974884033,31.6000518798828,0.0482809357345104,36,37.6,67.9,10.4,0.7,17.8,32
2019-09-03,15.8176317214966,23.9842929840088,31.5764923095703,0.0291056241840124,36,37.6,67.9,10.4,0.7,17.8,32
2019-09-04,15.3823585510254,23.8471851348877,31.566915512085,0.0708602368831635,36,37.6,67.9,10.4,0.7,17.8,32
2019-09-05,15.8270072937012,23.6106472015381,31.5945529937744,0.0988868996500969,36,37.6,67.9,10.4,0.7,17.8,32
2019-09-06,16.4179553985596,23.056001663208,31.507661819458,0.206683173775673,36,37.6,67.9,10.4,0.7,17.8,32
2019-09-07,19.6951122283936,21.7580795288086,31.2311191558838,0.320161461830139,36,37.6,67.9,10.4,0.7,17.8,32
2019-09-08,16.9690818786621,22.3080749511719,31.2339630126953,0.0905826613306999,36,37.6,67.9,10.4,0.7,17.8,32
2019-09-09,14.5745878219604,22.4875240325928,31.2516460418701,-0.108133889734745,36,37.6,67.9,10.4,0.7,17.8,32
2019-09-10,13.8618326187134,22.5943927764893,31.3632965087891,-0.0555676929652691,36,37.6,67.9,10.4,0.7,17.8,32
2019-09-11,15.3507423400879,23.0338001251221,31.5286178588867,-0.0883558616042137,36,37.6,67.9,10.4,0.7,17.8,32
2019-09-12,13.1683931350708,23.5746326446533,31.3862152099609,-0.0832054764032364,36,37.6,67.9,10.4,0.7,17.8,32
2019-09-13,14.0537958145142,23.4971523284912,31.5014572143555,0.0781692638993263,36,37.6,67.9,10.4,0.7,17.8,32
2019-09-14,17.0745944976807,22.1257228851318,31.1853542327881,0.0679978355765343,36,37.6,67.9,10.4,0.7,17.8,32
2019-09-15,14.72496509552,22.5747470855713,31.0139980316162,0.0121617550030351,36,37.6,67.9,10.4,0.7,17.8,32
2019-09-16,12.7986440658569,23.2361240386963,30.8397121429443,0.0261374395340681,36,37.6,67.9,10.4,0.7,17.8,32
2019-09-17,12.1048078536987,22.5688247680664,31.0638427734375,0.0793833956122398,36,37.6,67.9,10.4,0.7,17.8,32
2019-09-18,14.7276420593262,21.2770519256592,31.5542736053467,0.139572113752365,36,37.6,67.9,10.4,0.7,17.8,32
2019-09-19,19.1442012786865,20.3947925567627,31.7806301116943,0.234256863594055,36,37.6,67.9,10.4,0.7,17.8,32
2019-09-20,19.6377468109131,20.8050136566162,31.7528743743896,0.0776146873831749,36,37.6,67.9,10.4,0.7,17.8,32
2019-09-21,17.550443649292,21.4143810272217,31.4177169799805,-0.0413576550781727,36,37.6,67.9,10.4,0.7,17.8,32
2019-09-22,15.685284614563,22.0698776245117,31.0723266601562,0.0127221615985036,36,37.6,67.9,10.4,0.7,17.8,32
2019-09-23,16.1973209381104,22.3935699462891,31.080114364624,0.0328351482748985,36,37.6,67.9,10.4,0.7,17.8,32
2019-09-24,15.5402793884277,22.8071193695068,31.2272777557373,-0.0381523109972477,36,37.6,67.9,10.4,0.7,17.8,32
2019-09-25,15.1598167419434,22.9273281097412,31.2551441192627,0.0241546686738729,36,37.6,67.9,10.4,0.7,17.8,32
2019-09-26,16.0666198730469,22.8611087799072,31.1409072875977,0.0362512096762657,36,37.6,67.9,10.4,0.7,17.8,32
2019-09-27,15.3855485916138,22.9811305999756,31.0492267608643,-0.00162608677055687,36,37.6,67.9,10.4,0.7,17.8,32
2019-09-28,15.2248001098633,22.978874206543,31.0510272979736,-0.00192215049173683,36,37.6,67.9,10.4,0.7,17.8,32
2019-09-29,13.7082719802856,23.0910720825195,31.1629314422607,-0.0371742807328701,36,37.6,67.9,10.4,0.7,17.8,32
2019-09-30,14.2929849624634,22.7255172729492,31.22998046875,0.00587673718109727,36,37.6,67.9,10.4,0.7,17.8,32
2019-10-01,15.2220840454102,22.61155128479,31.2956237792969,0.0605989806354046,36,37.6,67.9,10.4,0.7,17.8,32
2019-10-02,15.5265130996704,22.8565349578857,31.2811832427979,-0.00956492591649294,36,37.6,67.9,10.4,0.7,17.8,32
2019-10-03,15.1770095825195,22.8807983398438,31.340051651001,0.13900038599968,36,37.6,67.9,10.4,0.7,17.8,32
2019-10-04,16.1695213317871,22.4383373260498,31.3806457519531,0.128054365515709,36,37.6,67.9,10.4,0.7,17.8,32
2019-10-05,17.1530647277832,21.6550693511963,31.5898876190186,0.0997737720608711,36,37.6,67.9,10.4,0.7,17.8,32
2019-10-06,17.7317295074463,21.2758846282959,31.5852527618408,0.0324025936424732,36,37.6,67.9,10.4,0.7,17.8,32
2019-10-07,17.1024227142334,21.3198680877686,31.5814819335938,0.00307928281836212,36,37.6,67.9,10.4,0.7,17.8,32
2019-10-08,16.6491775512695,21.1794319152832,31.6946716308594,0.0530567578971386,36,37.6,67.9,10.4,0.7,17.8,32
2019-10-09,18.2386379241943,20.5625991821289,31.7786769866943,0.266383826732635,36,37.6,67.9,10.4,0.7,17.8,32
2019-10-10,19.9074096679688,19.9331283569336,32.0318603515625,0.443914264440536,36,37.6,67.9,10.4,0.7,17.8,32
2019-10-11,19.839225769043,19.8131923675537,32.305965423584,0.648981213569641,36,37.6,67.9,10.4,0.7,17.8,32
2019-10-12,19.3985328674316,19.4555950164795,32.3504409790039,0.477866917848587,36,37.6,67.9,10.4,0.7,17.8,32
2019-10-13,19.3820743560791,19.5915927886963,32.2617225646973,0.195872008800507,36,37.6,67.9,10.4,0.7,17.8,32
2019-10-14,19.4889297485352,19.1989650726318,31.9728908538818,0.120108783245087,36,37.6,67.9,10.4,0.7,17.8,32
2019-10-15,19.4792671203613,19.1915683746338,32.1631088256836,0.0889569818973541,36,37.6,67.9,10.4,0.7,17.8,32
2019-10-16,19.3304882049561,19.3201637268066,32.4096031188965,0.192012548446655,36,37.6,67.9,10.4,0.7,17.8,32
2019-10-17,18.6590824127197,19.0912303924561,32.3390235900879,0.00623845681548119,36,37.6,67.9,10.4,0.7,17.8,32
2019-10-18,18.6073932647705,18.8097972869873,32.2032508850098,-0.1928720921278,36,37.6,67.9,10.4,0.7,17.8,32
2019-10-19,18.6421871185303,18.5261154174805,32.266056060791,0.0068403035402298,36,37.6,67.9,10.4,0.7,17.8,32
2019-10-20,18.3796081542969,18.03835105896,32.6242446899414,0.0974234566092491,36,37.6,67.9,10.4,0.7,17.8,32
2019-10-21,17.954496383667,17.8186092376709,32.6681098937988,0.164409786462784,36,37.6,67.9,10.4,0.7,17.8,32
2019-10-22,17.9341049194336,17.9777355194092,32.7583198547363,0.127518996596336,36,37.6,67.9,10.4,0.7,17.8,32
2019-10-23,17.8958911895752,18.2954216003418,32.7366256713867,0.0584446154534817,36,37.6,67.9,10.4,0.7,17.8,32
2019-10-24,17.8703365325928,18.1803283691406,32.7865257263184,-0.0858227983117104,36,37.6,67.9,10.4,0.7,17.8,32
2019-10-25,17.8331661224365,18.1003398895264,32.7484245300293,-0.0759312137961388,36,37.6,67.9,10.4,0.7,17.8,32
2019-10-26,16.6999015808105,17.8045673370361,32.5005760192871,-0.116980381309986,36,37.6,67.9,10.4,0.7,17.8,32
2019-10-27,16.6692867279053,17.7093887329102,32.654914855957,0.0543054789304733,36,37.6,67.9,10.4,0.7,17.8,32
2019-10-28,16.6414852142334,17.5963764190674,32.6060409545898,0.0188446957617998,36,37.6,67.9,10.4,0.7,17.8,32
2019-10-29,17.2244644165039,17.7786693572998,32.7447280883789,0.106665670871735,36,37.6,67.9,10.4,0.7,17.8,32
2019-10-30,17.3120937347412,17.7554492950439,32.6689643859863,0.0411776043474674,36,37.6,67.9,10.4,0.7,17.8,32
2019-10-31,17.241060256958,17.876428604126,32.6221580505371,0.0708480253815651,36,37.6,67.9,10.4,0.7,17.8,32
2019-11-01,17.1559772491455,17.9058017730713,32.5077095031738,-0.111252181231976,36,37.6,67.9,10.4,0.7,17.8,32
2019-11-02,17.1286697387695,17.6801433563232,32.5562438964844,-0.110848300158978,36,37.6,67.9,10.4,0.7,17.8,32
2019-11-03,17.1340751647949,17.4086151123047,32.60595703125,-0.0548538602888584,36,37.6,67.9,10.4,0.7,17.8,32
2019-11-04,17.5091228485107,17.4635677337646,32.6629638671875,-0.0823836252093315,36,37.6,67.9,10.4,0.7,17.8,32
2019-11-05,17.5371570587158,17.4115085601807,32.6765785217285,-0.0309529770165682,36,37.6,67.9,10.4,0.7,17.8,32
2019-11-06,17.5671215057373,17.301176071167,32.6936569213867,-0.0899871587753296,36,37.6,67.9,10.4,0.7,17.8,32
2019-11-07,17.09836769104,17.0994663238525,32.7972602844238,-0.118244655430317,36,37.6,67.9,10.4,0.7,17.8,32
2019-11-08,17.0936965942383,16.844217300415,32.8248863220215,-0.161151468753815,36,37.6,67.9,10.4,0.7,17.8,32
2019-11-09,17.1677417755127,16.4456272125244,32.9899711608887,-0.156050637364388,36,37.6,67.9,10.4,0.7,17.8,32
2019-11-10,16.614917755127,16.2126331329346,32.9486045837402,-0.0886033549904823,36,37.6,67.9,10.4,0.7,17.8,32
2019-11-11,16.5928363800049,16.0658702850342,32.9509315490723,-0.110546953976154,36,37.6,67.9,10.4,0.7,17.8,32
2019-11-12,16.7030811309814,15.710696220398,32.5498237609863,-0.103541262447834,36,37.6,67.9,10.4,0.7,17.8,32
2019-11-13,17.2208080291748,15.5587854385376,32.8464622497559,-0.159635812044144,36,37.6,67.9,10.4,0.7,17.8,32
2019-11-14,17.0083827972412,15.3407678604126,32.9723205566406,-0.147915467619896,36,37.6,67.9,10.4,0.7,17.8,32
2019-11-15,16.8601703643799,15.1892585754395,32.9440460205078,-0.0782125368714333,36,37.6,67.9,10.4,0.7,17.8,32
2019-11-16,16.6131820678711,15.4964599609375,33.1498489379883,0.0249539222568274,36,37.6,67.9,10.4,0.7,17.8,32
2019-11-17,14.9816284179688,14.9731330871582,33.0806121826172,0.287992745637894,36,37.6,67.9,10.4,0.7,17.8,32
2019-11-18,14.8038482666016,14.7900075912476,33.1232948303223,0.37150502204895,36,37.6,67.9,10.4,0.7,17.8,32
2019-11-19,13.7295370101929,14.3877220153809,33.1229553222656,0.230319499969482,36,37.6,67.9,10.4,0.7,17.8,32
2019-11-20,13.7662363052368,14.1954030990601,33.1051330566406,0.0494574122130871,36,37.6,67.9,10.4,0.7,17.8,32
2019-11-21,13.7588081359863,13.7635116577148,33.0457077026367,0.0315333046019077,36,37.6,67.9,10.4,0.7,17.8,32
2019-11-22,13.8458366394043,13.8270950317383,32.8747634887695,-0.00553218787536025,36,37.6,67.9,10.4,0.7,17.8,32
2019-11-23,13.8510665893555,13.8278694152832,32.9471893310547,-0.145611256361008,36,37.6,67.9,10.4,0.7,17.8,32
2019-11-24,13.9595994949341,13.8945465087891,33.0455017089844,-0.0456425249576569,36,37.6,67.9,10.4,0.7,17.8,32
2019-11-25,13.7192268371582,13.6653165817261,33.0562171936035,-0.218880876898766,36,37.6,67.9,10.4,0.7,17.8,32
2019-11-26,13.8713712692261,13.3401374816895,32.9144248962402,-0.173418760299683,36,37.6,67.9,10.4,0.7,17.8,32
2019-11-27,13.9892425537109,13.1437978744507,32.8438911437988,-0.0810194611549377,36,37.6,67.9,10.4,0.7,17.8,32
2019-11-28,13.8456773757935,13.0569353103638,32.8534622192383,-0.207657441496849,36,37.6,67.9,10.4,0.7,17.8,32
2019-11-29,13.6615324020386,12.9075841903687,33.0388565063477,-0.106277994811535,36,37.6,67.9,10.4,0.7,17.8,32
2019-11-30,12.6090469360352,12.5724821090698,33.060302734375,0.0303980559110641,36,37.6,67.9,10.4,0.7,17.8,32
2019-12-01,12.7621393203735,12.7503242492676,33.2138175964355,0.108253426849842,36,37.6,67.9,10.4,0.7,17.8,32
2019-12-02,12.7933692932129,12.6952352523804,33.2229843139648,0.271415889263153,36,37.6,67.9,10.4,0.7,17.8,32
2019-12-03,12.4599847793579,12.4272031784058,33.1308250427246,0.195884302258492,36,37.6,67.9,10.4,0.7,17.8,32
2019-12-04,11.6499528884888,11.9731864929199,32.9832992553711,0.0726284682750702,36,37.6,67.9,10.4,0.7,17.8,32
2019-12-05,11.7463836669922,11.7763872146606,33.0231819152832,-0.0965333953499794,36,37.6,67.9,10.4,0.7,17.8,32
2019-12-06,11.7273473739624,11.5851316452026,33.0657691955566,-0.171310380101204,36,37.6,67.9,10.4,0.7,17.8,32
2019-12-07,11.8389091491699,11.515248298645,33.0478630065918,-0.270604699850082,36,37.6,67.9,10.4,0.7,17.8,32
2019-12-08,11.6136465072632,11.5806493759155,33.1560211181641,-0.229169607162476,36,37.6,67.9,10.4,0.7,17.8,32
2019-12-09,11.5727472305298,11.5622491836548,33.1365203857422,-0.175413012504578,36,37.6,67.9,10.4,0.7,17.8,32
2019-12-10,12.0229959487915,11.6528844833374,32.7887268066406,-0.243660092353821,36,37.6,67.9,10.4,0.7,17.8,32
2019-12-11,11.9087648391724,11.4329376220703,32.7006607055664,-0.326744139194489,36,37.6,67.9,10.4,0.7,17.8,32
2019-12-12,11.9304113388062,11.4108476638794,32.857982635498,-0.36952593922615,36,37.6,67.9,10.4,0.7,17.8,32
2019-12-13,11.532039642334,11.37548828125,33.0093383789062,-0.135885983705521,36,37.6,67.9,10.4,0.7,17.8,32
2019-12-14,11.4483137130737,11.4543151855469,32.876522064209,0.0838709473609924,36,37.6,67.9,10.4,0.7,17.8,32
2019-12-15,11.6511812210083,11.2062406539917,32.882740020752,-0.258172959089279,36,37.6,67.9,10.4,0.7,17.8,32
2019-12-16,11.2916345596313,11.0802297592163,32.8289756774902,-0.401748061180115,36,37.6,67.9,10.4,0.7,17.8,32
2019-12-17,11.3565187454224,11.1454935073853,32.8838768005371,-0.099464662373066,36,37.6,67.9,10.4,0.7,17.8,32
2019-12-18,11.2154607772827,10.9481801986694,32.9254989624023,-0.151932597160339,36,37.6,67.9,10.4,0.7,17.8,32
2019-12-19,10.904824256897,10.8453054428101,32.933032989502,-0.374631613492966,36,37.6,67.9,10.4,0.7,17.8,32
2019-12-20,10.8103141784668,10.6498308181763,32.9247779846191,-0.435181766748428,36,37.6,67.9,10.4,0.7,17.8,32
2019-12-21,10.6077089309692,10.5831212997437,32.9996452331543,-0.262397676706314,36,37.6,67.9,10.4,0.7,17.8,32
2019-12-22,9.53777313232422,9.77561473846436,32.8776817321777,-0.183609485626221,36,37.6,67.9,10.4,0.7,17.8,32
2019-12-23,9.62201023101807,9.44651508331299,32.8461685180664,-0.20477806031704,36,37.6,67.9,10.4,0.7,17.8,32
2019-12-24,9.93450927734375,9.44495391845703,32.828125,-0.222249805927277,36,37.6,67.9,10.4,0.7,17.8,32
2019-12-25,9.27427101135254,9.41186618804932,33.0590705871582,-0.109906613826752,36,37.6,67.9,10.4,0.7,17.8,32
2019-12-26,9.20013523101807,8.99920558929443,32.9319801330566,-0.182599261403084,36,37.6,67.9,10.4,0.7,17.8,32
2019-12-27,9.24285793304443,9.04717636108398,32.9072608947754,-0.150438979268074,36,37.6,67.9,10.4,0.7,17.8,32
2019-12-28,9.35443019866943,9.01127910614014,32.5163307189941,-0.173312783241272,36,37.6,67.9,10.4,0.7,17.8,32
2019-12-29,9.46451568603516,8.73195171356201,32.1426010131836,-0.184579357504845,36,37.6,67.9,10.4,0.7,17.8,32
2019-12-30,9.49823665618896,8.97357845306396,31.9511013031006,0.000261442124610767,36,37.6,67.9,10.4,0.7,17.8,32
2019-12-31,9.05563163757324,9.17472171783447,31.5406055450439,0.234032213687897,36,37.6,67.9,10.4,0.7,17.8,32
2020-01-01,8.99316596984863,8.8829870223999,31.9800968170166,-0.112568728625774,36,37.6,67.9,10.4,0.7,17.8,32
2020-01-02,9.22758293151855,8.86392688751221,32.2061386108398,-0.258191138505936,36,37.6,67.9,10.4,0.7,17.8,32
2020-01-03,9.44972515106201,9.69114112854004,32.2069854736328,-0.184093132615089,36,37.6,67.9,10.4,0.7,17.8,32
2020-01-04,9.70047473907471,9.80637836456299,32.1478691101074,-0.00521567231044173,36,37.6,67.9,10.4,0.7,17.8,32
2020-01-05,9.83825016021729,9.72256565093994,32.430362701416,-0.217012718319893,36,37.6,67.9,10.4,0.7,17.8,32
2020-01-06,9.56311321258545,9.74513626098633,32.5647315979004,-0.240445494651794,36,37.6,67.9,10.4,0.7,17.8,32
2020-01-07,9.7087926864624,9.61281299591064,32.6146354675293,-0.0874952673912048,36,37.6,67.9,10.4,0.7,17.8,32
2020-01-08,9.73683452606201,9.37176990509033,32.6407127380371,-0.16114416718483,36,37.6,67.9,10.4,0.7,17.8,32
2020-01-09,9.89244556427002,8.87880229949951,32.7522773742676,-0.495357722043991,36,37.6,67.9,10.4,0.7,17.8,32
2020-01-10,10.041524887085,8.88021564483643,32.764030456543,-0.368477672338486,36,37.6,67.9,10.4,0.7,17.8,32
2020-01-11,10.2962474822998,8.97258377075195,32.7186889648438,-0.254998058080673,36,37.6,67.9,10.4,0.7,17.8,32
2020-01-12,9.45722770690918,7.64721298217773,32.8148078918457,-0.314353615045547,36,37.6,67.9,10.4,0.7,17.8,32
2020-01-13,9.70359516143799,7.6146240234375,32.8809509277344,-0.19791054725647,36,37.6,67.9,10.4,0.7,17.8,32
2020-01-14,9.26443767547607,7.62667465209961,32.8599243164062,-0.0138523988425732,36,37.6,67.9,10.4,0.7,17.8,32
2020-01-15,9.94543361663818,9.11401653289795,32.8968544006348,-0.097180187702179,36,37.6,67.9,10.4,0.7,17.8,32
2020-01-16,10.0387172698975,9.31623458862305,32.9165840148926,-0.0805268287658691,36,37.6,67.9,10.4,0.7,17.8,32
2020-01-17,10.3072023391724,9.34709453582764,33.0927047729492,-0.312483578920364,36,37.6,67.9,10.4,0.7,17.8,32
2020-01-18,8.75406360626221,8.36341762542725,32.7239303588867,-0.0478535406291485,36,37.6,67.9,10.4,0.7,17.8,32
2020-01-19,9.01682186126709,8.32838821411133,32.6382484436035,-0.0444515384733677,36,37.6,67.9,10.4,0.7,17.8,32
2020-01-20,9.17796611785889,8.3393087387085,32.813793182373,-0.205733463168144,36,37.6,67.9,10.4,0.7,17.8,32
2020-01-21,8.48297023773193,8.40745830535889,32.876277923584,-0.136273711919785,36,37.6,67.9,10.4,0.7,17.8,32
2020-01-22,8.2217264175415,8.17929840087891,32.8770713806152,-0.190084934234619,36,37.6,67.9,10.4,0.7,17.8,32
2020-01-23,8.25444889068604,8.22209072113037,32.9274787902832,-0.239665746688843,36,37.6,67.9,10.4,0.7,17.8,32
2020-01-24,7.84483957290649,8.28252029418945,33.0253143310547,-0.198846995830536,36,37.6,67.9,10.4,0.7,17.8,32
2020-01-25,7.79117202758789,8.06822109222412,33.043872833252,-0.0126616386696696,36,37.6,67.9,10.4,0.7,17.8,32
2020-01-26,7.7928524017334,7.56917810440063,32.9038696289062,-0.03589828312397,36,37.6,67.9,10.4,0.7,17.8,32
2020-01-27,8.27323246002197,7.86272811889648,32.7755813598633,-0.154192864894867,36,37.6,67.9,10.4,0.7,17.8,32
2020-01-28,8.71074199676514,7.88264465332031,32.8329467773438,-0.149563029408455,36,37.6,67.9,10.4,0.7,17.8,32
2020-01-29,8.75933170318604,7.90439176559448,32.9093818664551,-0.119628243148327,36,37.6,67.9,10.4,0.7,17.8,32
2020-01-30,8.37589645385742,7.74346351623535,32.9703483581543,-0.120767571032047,36,37.6,67.9,10.4,0.7,17.8,32
2020-01-31,8.04750823974609,7.63687658309937,32.9881973266602,-0.0926218926906586,36,37.6,67.9,10.4,0.7,17.8,32
2020-02-01,7.89202737808228,7.86207151412964,33.0816688537598,0.0226965602487326,36,37.6,67.9,10.4,0.7,17.8,32
2020-02-02,8.08096218109131,7.89758491516113,33.0242042541504,-0.0201863348484039,36,37.6,67.9,10.4,0.7,17.8,32
2020-02-03,8.34850692749023,7.81448745727539,32.9434242248535,-0.110585503280163,36,37.6,67.9,10.4,0.7,17.8,32
2020-02-04,8.59333324432373,7.61498641967773,32.581672668457,-0.133844420313835,36,37.6,67.9,10.4,0.7,17.8,32
2020-02-05,8.99165058135986,7.78526258468628,32.2580528259277,-0.176621630787849,36,37.6,67.9,10.4,0.7,17.8,32
2020-02-06,8.90961456298828,8.42110919952393,32.8894844055176,-0.0189512725919485,36,37.6,67.9,10.4,0.7,17.8,32
2020-02-07,8.87535285949707,8.49979305267334,32.681324005127,-0.0333287380635738,36,37.6,67.9,10.4,0.7,17.8,32
2020-02-08,9.01539421081543,8.43436527252197,32.8328971862793,-0.494369506835938,36,37.6,67.9,10.4,0.7,17.8,32
2020-02-09,9.08883380889893,8.3808126449585,32.8210182189941,-0.417912870645523,36,37.6,67.9,10.4,0.7,17.8,32
2020-02-10,9.16639423370361,8.27603626251221,32.746150970459,-0.213369384407997,36,37.6,67.9,10.4,0.7,17.8,32
2020-02-11,9.39464855194092,8.69132232666016,32.4338302612305,-0.187754452228546,36,37.6,67.9,10.4,0.7,17.8,32
2020-02-12,9.4626054763794,8.65629005432129,32.2122268676758,-0.214666351675987,36,37.6,67.9,10.4,0.7,17.8,32
2020-02-13,9.44887256622314,8.77944278717041,32.0978469848633,-0.048780906945467,36,37.6,67.9,10.4,0.7,17.8,32
2020-02-14,9.02385234832764,7.99322366714478,32.0184211730957,-0.227561548352242,36,37.6,67.9,10.4,0.7,17.8,32
2020-02-15,8.96448993682861,7.60816192626953,32.2204437255859,-0.220253065228462,36,37.6,67.9,10.4,0.7,17.8,32
2020-02-16,8.80138778686523,7.21757555007935,32.1270866394043,-0.183075025677681,36,37.6,67.9,10.4,0.7,17.8,32
2020-02-17,8.80910205841064,7.68125581741333,32.3945617675781,-0.206305086612701,36,37.6,67.9,10.4,0.7,17.8,32
2020-02-18,8.76917743682861,7.94812965393066,32.467098236084,-0.0699946954846382,36,37.6,67.9,10.4,0.7,17.8,32
2020-02-19,8.54986381530762,7.9562029838562,32.134578704834,-0.117838643491268,36,37.6,67.9,10.4,0.7,17.8,32
2020-02-20,7.79764556884766,8.16719245910645,32.1295433044434,-0.254681318998337,36,37.6,67.9,10.4,0.7,17.8,32
2020-02-21,7.72037935256958,7.86247396469116,32.339527130127,-0.271595507860184,36,37.6,67.9,10.4,0.7,17.8,32
2020-02-22,7.46895456314087,7.47504091262817,32.2810134887695,-0.304023563861847,36,37.6,67.9,10.4,0.7,17.8,32
2020-02-23,8.03901195526123,7.87918615341187,32.4125442504883,-0.290417104959488,36,37.6,67.9,10.4,0.7,17.8,32
2020-02-24,8.28293323516846,7.87769317626953,32.2788963317871,-0.176629409193993,36,37.6,67.9,10.4,0.7,17.8,32
2020-02-25,8.36495876312256,7.77637338638306,31.7232532501221,-0.0694235935807228,36,37.6,67.9,10.4,0.7,17.8,32
2020-02-26,8.42496681213379,7.6591968536377,31.2797069549561,-0.0194680541753769,36,37.6,67.9,10.4,0.7,17.8,32
2020-02-27,8.4971113204956,7.84992599487305,31.6327819824219,-0.0257473718374968,36,37.6,67.9,10.4,0.7,17.8,32
2020-02-28,8.90741443634033,7.75878763198853,32.2367134094238,-0.295039623975754,36,37.6,67.9,10.4,0.7,17.8,32
2020-02-29,8.48437786102295,7.4365668296814,32.5068397521973,-0.30530509352684,36,37.6,67.9,10.4,0.7,17.8,32
2020-03-01,8.49993228912354,7.26637268066406,32.5704307556152,-0.276941865682602,36,37.6,67.9,10.4,0.7,17.8,32
2020-03-02,8.5912446975708,7.25378608703613,32.5687141418457,-0.174912169575691,36,37.6,67.9,10.4,0.7,17.8,32
2020-03-03,8.94101333618164,7.42017412185669,32.65966796875,-0.0877802148461342,36,37.6,67.9,10.4,0.7,17.8,32
2020-03-04,9.3620719909668,7.54189348220825,32.5658836364746,-0.182457327842712,36,37.6,67.9,10.4,0.7,17.8,32
2020-03-05,9.70967292785645,7.91546392440796,32.694766998291,-0.309294253587723,36,37.6,67.9,10.4,0.7,17.8,32
2020-03-06,9.50166606903076,7.79640579223633,32.8764266967773,-0.0549232549965382,36,37.6,67.9,10.4,0.7,17.8,32
2020-03-07,9.07313346862793,7.57176446914673,32.6398620605469,-0.0430019982159138,36,37.6,67.9,10.4,0.7,17.8,32
2020-03-08,8.26393985748291,7.89497518539429,32.6410713195801,-0.12409857660532,36,37.6,67.9,10.4,0.7,17.8,32
2020-03-09,8.15595436096191,7.59485626220703,32.2928924560547,-0.331011205911636,36,37.6,67.9,10.4,0.7,17.8,32
2020-03-10,8.69999408721924,7.84314584732056,31.6041355133057,-0.351598411798477,36,37.6,67.9,10.4,0.7,17.8,32
2020-03-11,9.10902404785156,8.21520614624023,31.4589862823486,-0.29869332909584,36,37.6,67.9,10.4,0.7,17.8,32
2020-03-12,8.92763805389404,8.1992073059082,31.5233516693115,-0.149780437350273,36,37.6,67.9,10.4,0.7,17.8,32
2020-03-13,8.78144073486328,8.46780681610107,31.5518093109131,-0.0337870232760906,36,37.6,67.9,10.4,0.7,17.8,32
2020-03-14,8.81955718994141,8.66589546203613,31.5282039642334,-0.213104963302612,36,37.6,67.9,10.4,0.7,17.8,32
2020-03-15,8.45373249053955,8.86311626434326,31.7059383392334,-0.258596330881119,36,37.6,67.9,10.4,0.7,17.8,32
2020-03-16,8.382643699646,8.68053531646729,31.8689041137695,-0.22251732647419,36,37.6,67.9,10.4,0.7,17.8,32
2020-03-17,8.04186153411865,8.69264984130859,31.9038848876953,-0.0934835076332092,36,37.6,67.9,10.4,0.7,17.8,32
2020-03-18,8.63962650299072,8.86320781707764,31.9940433502197,-0.27985206246376,36,37.6,67.9,10.4,0.7,17.8,32
2020-03-19,8.74964618682861,9.07994937896729,32.0958480834961,-0.235478043556213,36,37.6,67.9,10.4,0.7,17.8,32
2020-03-20,8.74784088134766,9.36135959625244,31.9919300079346,-0.191741287708282,36,37.6,67.9,10.4,0.7,17.8,32
2020-03-21,8.43051433563232,8.86226081848145,31.9155178070068,-0.286454826593399,36,37.6,67.9,10.4,0.7,17.8,32
2020-03-22,8.34053421020508,8.68327617645264,32.1093559265137,-0.328618288040161,36,37.6,67.9,10.4,0.7,17.8,32
2020-03-23,7.85793256759644,8.49106502532959,32.4265556335449,-0.0726739093661308,36,37.6,67.9,10.4,0.7,17.8,32
2020-03-24,7.77247095108032,8.26498603820801,32.5005035400391,-0.0840869024395943,36,37.6,67.9,10.4,0.7,17.8,32
2020-03-25,7.78731107711792,8.23402404785156,32.6542739868164,-0.0154247507452965,36,37.6,67.9,10.4,0.7,17.8,32
2020-03-26,7.93170309066772,8.04709720611572,32.6166076660156,0.0703820735216141,36,37.6,67.9,10.4,0.7,17.8,32
2020-03-27,8.27291393280029,8.70885372161865,32.408618927002,0.0430389232933521,36,37.6,67.9,10.4,0.7,17.8,32
2020-03-28,8.29894733428955,9.11376285552979,32.3801765441895,-0.0515773296356201,36,37.6,67.9,10.4,0.7,17.8,32
2020-03-29,8.30831336975098,9.20731735229492,32.3795509338379,0.0768294855952263,36,37.6,67.9,10.4,0.7,17.8,32
2020-03-30,8.63052272796631,9.52343273162842,32.4714508056641,0.0608831942081451,36,37.6,67.9,10.4,0.7,17.8,32
2020-03-31,8.72166347503662,9.67527770996094,32.5420761108398,0.0680503770709038,36,37.6,67.9,10.4,0.7,17.8,32
2020-04-01,8.86861801147461,8.95575714111328,32.7332229614258,0.232243478298187,36,37.6,67.9,10.4,0.7,17.8,32
2020-04-02,8.22641086578369,8.26970672607422,32.5101165771484,0.111696273088455,36,37.6,67.9,10.4,0.7,17.8,32
2020-04-03,8.19346618652344,8.25104331970215,32.538631439209,0.103648386895657,36,37.6,67.9,10.4,0.7,17.8,32
2020-04-04,8.18699550628662,8.18742752075195,32.659969329834,0.257769644260406,36,37.6,67.9,10.4,0.7,17.8,32
2020-04-05,7.94679021835327,8.11698341369629,32.8703193664551,0.131964713335037,36,37.6,67.9,10.4,0.7,17.8,32
2020-04-06,7.98891448974609,8.68941974639893,32.2507591247559,-0.03621431812644,36,37.6,67.9,10.4,0.7,17.8,32
2020-04-07,8.05246639251709,9.32028102874756,31.8646774291992,-0.0288723204284906,36,37.6,67.9,10.4,0.7,17.8,32
2020-04-08,8.23628616333008,9.62888717651367,30.9358139038086,0.0466821603477001,36,37.6,67.9,10.4,0.7,17.8,32
2020-04-09,8.25988960266113,10.1743650436401,30.7652988433838,0.10280329734087,36,37.6,67.9,10.4,0.7,17.8,32
2020-04-10,8.27456474304199,9.03907299041748,31.7368144989014,-0.118512250483036,36,37.6,67.9,10.4,0.7,17.8,32
2020-04-11,8.69760894775391,9.19910144805908,32.2296333312988,-0.333841770887375,36,37.6,67.9,10.4,0.7,17.8,32
2020-04-12,8.60876941680908,9.57244777679443,32.1467361450195,-0.228851392865181,36,37.6,67.9,10.4,0.7,17.8,32
2020-04-13,8.61770820617676,9.83538150787354,32.1072578430176,-0.0518618412315845,36,37.6,67.9,10.4,0.7,17.8,32
2020-04-14,8.49226665496826,9.42688465118408,32.3614463806152,-0.209091126918793,36,37.6,67.9,10.4,0.7,17.8,32
2020-04-15,8.49903583526611,9.55217170715332,32.349910736084,-0.136421829462051,36,37.6,67.9,10.4,0.7,17.8,32
2020-04-16,8.53100299835205,9.52626514434814,32.3578224182129,-0.19807331264019,36,37.6,67.9,10.4,0.7,17.8,32
2020-04-17,8.03175640106201,9.51968479156494,32.3226470947266,-0.219077125191689,36,37.6,67.9,10.4,0.7,17.8,32
2020-04-18,7.86984825134277,9.90279483795166,32.1451568603516,-0.094050794839859,36,37.6,67.9,10.4,0.7,17.8,32
2020-04-19,7.86318349838257,9.86243629455566,32.143238067627,-0.128207489848137,36,37.6,67.9,10.4,0.7,17.8,32
2020-04-20,8.28101825714111,9.9924259185791,32.0683174133301,0.0396730490028858,36,37.6,67.9,10.4,0.7,17.8,32
2020-04-21,8.39076709747314,9.89563751220703,32.1973686218262,0.0134977698326111,36,37.6,67.9,10.4,0.7,17.8,32
2020-04-22,8.37240505218506,10.0101671218872,32.1546974182129,-0.12502259016037,36,37.6,67.9,10.4,0.7,17.8,32
2020-04-23,8.18118190765381,9.90117168426514,32.1663131713867,-0.211139261722565,36,37.6,67.9,10.4,0.7,17.8,32
2020-04-24,8.17241954803467,10.2522535324097,32.0362586975098,-0.0191348288208246,36,37.6,67.9,10.4,0.7,17.8,32
2020-04-25,8.46934795379639,10.0465860366821,32.1002082824707,-0.100036293268204,36,37.6,67.9,10.4,0.7,17.8,32
2020-04-26,9.27881622314453,10.3201293945312,32.0021629333496,0.0218439102172852,36,37.6,67.9,10.4,0.7,17.8,32
2020-04-27,9.29741191864014,10.4810056686401,31.8620090484619,0.0399208925664425,36,37.6,67.9,10.4,0.7,17.8,32
2020-04-28,9.36108303070068,10.2838191986084,32.2113151550293,-0.0564091317355633,36,37.6,67.9,10.4,0.7,17.8,32
2020-04-29,8.66761302947998,10.4871463775635,32.3928108215332,-0.0955319926142693,36,37.6,67.9,10.4,0.7,17.8,32
2020-04-30,8.71924877166748,10.6094875335693,32.4302177429199,0.0835477635264397,36,37.6,67.9,10.4,0.7,17.8,32
2020-05-01,8.87027931213379,10.6261625289917,32.3363227844238,0.136792451143265,36,37.6,67.9,10.4,0.7,17.8,32
2020-05-02,9.57007598876953,11.0110177993774,32.2338371276855,-0.0558812208473682,36,37.6,67.9,10.4,0.7,17.8,32
2020-05-03,9.59188938140869,11.5698575973511,32.0411529541016,-0.0569833107292652,36,37.6,67.9,10.4,0.7,17.8,32
2020-05-04,9.53267478942871,12.3581848144531,31.7591171264648,-0.0244492888450623,36,37.6,67.9,10.4,0.7,17.8,32
2020-05-05,9.44485187530518,11.3485412597656,32.0303344726562,-0.118854247033596,36,37.6,67.9,10.4,0.7,17.8,32
2020-05-06,9.44652271270752,11.1294107437134,32.0497207641602,-0.0084351347759366,36,37.6,67.9,10.4,0.7,17.8,32
2020-05-07,9.62977981567383,10.9089241027832,32.2652473449707,-0.0152764022350311,36,37.6,67.9,10.4,0.7,17.8,32
2020-05-08,10.1107034683228,11.3784856796265,32.0699348449707,-0.0578884333372116,36,37.6,67.9,10.4,0.7,17.8,32
2020-05-09,10.0353174209595,11.4225988388062,31.8290500640869,-0.141022175550461,36,37.6,67.9,10.4,0.7,17.8,32
2020-05-10,10.0303611755371,11.1719856262207,31.8850574493408,-0.348217993974686,36,37.6,67.9,10.4,0.7,17.8,32
2020-05-11,10.1262655258179,11.7527723312378,31.6151123046875,-0.280192822217941,36,37.6,67.9,10.4,0.7,17.8,32
2020-05-12,10.037483215332,11.7085847854614,31.6612529754639,-0.208362028002739,36,37.6,67.9,10.4,0.7,17.8,32
2020-05-13,9.89866256713867,11.7709302902222,31.7175827026367,-0.234204277396202,36,37.6,67.9,10.4,0.7,17.8,32
2020-05-14,9.71404933929443,11.9679307937622,31.7372341156006,-0.280983358621597,36,37.6,67.9,10.4,0.7,17.8,32
2020-05-15,9.53907871246338,12.6591844558716,31.5844497680664,-0.258110165596008,36,37.6,67.9,10.4,0.7,17.8,32
2020-05-16,9.50048732757568,13.4249038696289,31.517915725708,-0.34751370549202,36,37.6,67.9,10.4,0.7,17.8,32
2020-05-17,10.1354875564575,13.4503355026245,31.709924697876,-0.184959590435028,36,37.6,67.9,10.4,0.7,17.8,32
2020-05-18,10.1234798431396,13.1617612838745,31.7084636688232,-0.115386448800564,36,37.6,67.9,10.4,0.7,17.8,32
2020-05-19,10.7614850997925,12.5111351013184,31.8254375457764,-0.00961840432137251,36,37.6,67.9,10.4,0.7,17.8,32
2020-05-20,12.0652742385864,12.120719909668,32.0344505310059,0.0419602878391743,36,37.6,67.9,10.4,0.7,17.8,32
2020-05-21,12.129467010498,12.1982765197754,32.2276954650879,-0.0964349806308746,36,37.6,67.9,10.4,0.7,17.8,32
2020-05-22,12.0656499862671,12.4919204711914,32.1504096984863,-0.153384253382683,36,37.6,67.9,10.4,0.7,17.8,32
2020-05-23,12.208794593811,13.6546411514282,31.935266494751,-0.162360951304436,36,37.6,67.9,10.4,0.7,17.8,32
2020-05-24,12.3159141540527,13.5514059066772,32.128116607666,-0.0373803116381168,36,37.6,67.9,10.4,0.7,17.8,32
2020-05-25,12.8447151184082,12.9755144119263,32.3891716003418,-0.0492705889046192,36,37.6,67.9,10.4,0.7,17.8,32
2020-05-26,13.2774887084961,13.9312629699707,32.4713706970215,-0.149390503764153,36,37.6,67.9,10.4,0.7,17.8,32
2020-05-27,13.330283164978,14.306450843811,32.3826866149902,-0.166428938508034,36,37.6,67.9,10.4,0.7,17.8,32
2020-05-28,13.3518533706665,14.4767255783081,32.4106864929199,-0.128417670726776,36,37.6,67.9,10.4,0.7,17.8,32
2020-05-29,13.1586799621582,14.2800645828247,32.2238121032715,-0.109263904392719,36,37.6,67.9,10.4,0.7,17.8,32
2020-05-30,13.0250864028931,15.367672920227,31.6263065338135,-0.127834036946297,36,37.6,67.9,10.4,0.7,17.8,32
2020-05-31,12.7889289855957,16.0461711883545,31.5325927734375,-0.142765730619431,36,37.6,67.9,10.4,0.7,17.8,32
2020-06-01,12.8549127578735,15.099048614502,31.7557163238525,-0.0921517312526703,36,37.6,67.9,10.4,0.7,17.8,32
2020-06-02,12.8932180404663,15.3297128677368,31.5734100341797,-0.152877166867256,36,37.6,67.9,10.4,0.7,17.8,32
2020-06-03,12.5559549331665,16.1041107177734,31.3964710235596,-0.0585591681301594,36,37.6,67.9,10.4,0.7,17.8,32
2020-06-04,12.5546560287476,17.8071575164795,31.4067001342773,-0.0881950929760933,36,37.6,67.9,10.4,0.7,17.8,32
2020-06-05,12.6268310546875,18.544225692749,31.1435928344727,-0.0584533028304577,36,37.6,67.9,10.4,0.7,17.8,32
2020-06-06,12.4591865539551,18.9034557342529,31.0850448608398,-0.0223491694778204,36,37.6,67.9,10.4,0.7,17.8,32
2020-06-07,12.5644521713257,18.6661529541016,31.2135448455811,-0.0243257861584425,36,37.6,67.9,10.4,0.7,17.8,32
2020-06-08,12.6394987106323,19.2169246673584,31.1501140594482,-0.0603009425103664,36,37.6,67.9,10.4,0.7,17.8,32
2020-06-09,12.6937475204468,19.4182929992676,31.0980396270752,-0.0742033645510674,36,37.6,67.9,10.4,0.7,17.8,32
2020-06-10,13.9976320266724,19.693302154541,31.1107196807861,-0.119438827037811,36,37.6,67.9,10.4,0.7,17.8,32
2020-06-11,13.756817817688,18.9622688293457,31.3216075897217,-0.108550131320953,36,37.6,67.9,10.4,0.7,17.8,32
2020-06-12,13.2941513061523,19.2676410675049,31.412446975708,-0.107058316469193,36,37.6,67.9,10.4,0.7,17.8,32
2020-06-13,12.8011503219604,19.1740245819092,31.4778537750244,-0.0866461992263794,36,37.6,67.9,10.4,0.7,17.8,32
2020-06-14,13.0788984298706,18.5734462738037,31.5745716094971,-0.10194369405508,36,37.6,67.9,10.4,0.7,17.8,32
2020-06-15,13.386646270752,18.3409557342529,31.4467391967773,-0.0726688653230667,36,37.6,67.9,10.4,0.7,17.8,32
2020-06-16,12.624773979187,18.2023906707764,31.5088672637939,-0.058074664324522,36,37.6,67.9,10.4,0.7,17.8,32
2020-06-17,12.2253913879395,18.1555118560791,31.6702575683594,-0.0489087365567684,36,37.6,67.9,10.4,0.7,17.8,32
2020-06-18,11.9114427566528,18.429407119751,31.6832485198975,-0.070923238992691,36,37.6,67.9,10.4,0.7,17.8,32
2020-06-19,12.6057062149048,19.1032695770264,31.6937313079834,-0.141896560788155,36,37.6,67.9,10.4,0.7,17.8,32
2020-06-20,12.4042081832886,19.4867000579834,31.6830806732178,-0.130516991019249,36,37.6,67.9,10.4,0.7,17.8,32
2020-06-21,12.3009729385376,20.0787696838379,31.64426612854,-0.101078502833843,36,37.6,67.9,10.4,0.7,17.8,32
2020-06-22,12.3534164428711,21.2631988525391,31.6325302124023,-0.0781258940696716,36,37.6,67.9,10.4,0.7,17.8,32
2020-06-23,12.3318252563477,21.7333431243896,31.3728847503662,-0.00490726483985782,36,37.6,67.9,10.4,0.7,17.8,32
2020-06-24,12.1777677536011,22.245153427124,31.1164989471436,0.00685277348384261,36,37.6,67.9,10.4,0.7,17.8,32
2020-06-25,13.4007921218872,21.9261455535889,31.0753040313721,-0.00233351183123887,36,37.6,67.9,10.4,0.7,17.8,32
2020-06-26,13.4226846694946,21.9878215789795,31.0640277862549,0.0189118552953005,36,37.6,67.9,10.4,0.7,17.8,32
2020-06-27,13.3628740310669,22.2600574493408,31.1033992767334,0.0343303941190243,36,37.6,67.9,10.4,0.7,17.8,32
2020-06-28,12.6376523971558,22.5822315216064,31.2468547821045,0.0291001256555319,36,37.6,67.9,10.4,0.7,17.8,32
2020-06-29,12.5280675888062,23.0501708984375,31.2035293579102,0.0349003411829472,36,37.6,67.9,10.4,0.7,17.8,32
2020-06-30,12.5439100265503,23.1177272796631,31.1826648712158,0.0290362816303968,36,37.6,67.9,10.4,0.7,17.8,32
2020-07-01,12.959620475769,23.7371768951416,31.1734104156494,0.0292359683662653,36,37.6,67.9,10.4,0.7,17.8,32
2020-07-02,12.943076133728,24.1650371551514,31.1306095123291,0.00527119869366288,36,37.6,67.9,10.4,0.7,17.8,32
2020-07-03,12.810980796814,24.5432968139648,31.0845108032227,0.012985679320991,36,37.6,67.9,10.4,0.7,17.8,32
2020-07-04,13.1714019775391,24.636360168457,31.0922908782959,0.0747341886162758,36,37.6,67.9,10.4,0.7,17.8,32
2020-07-05,13.5991868972778,24.5126132965088,31.2037296295166,0.0356255434453487,36,37.6,67.9,10.4,0.7,17.8,32
2020-07-06,13.4433526992798,24.4998836517334,30.9534683227539,0.0155802024528384,36,37.6,67.9,10.4,0.7,17.8,32
2020-07-07,14.2606315612793,24.5377292633057,30.4091415405273,0.0446294508874416,36,37.6,67.9,10.4,0.7,17.8,32
2020-07-08,14.3520126342773,24.9686584472656,30.3303813934326,0.0712875425815582,36,37.6,67.9,10.4,0.7,17.8,32
2020-07-09,14.445613861084,25.296236038208,30.4063777923584,0.0755268633365631,36,37.6,67.9,10.4,0.7,17.8,32
2020-07-10,14.5583152770996,24.3818950653076,30.5881366729736,0.0962076783180237,36,37.6,67.9,10.4,0.7,17.8,32
2020-07-11,14.3739013671875,23.7858047485352,30.6464138031006,0.0385398305952549,36,37.6,67.9,10.4,0.7,17.8,32
2020-07-12,13.2813806533813,24.4899959564209,30.6952209472656,0.0145485363900661,36,37.6,67.9,10.4,0.7,17.8,32
2020-07-13,13.8979005813599,24.8546657562256,30.8651351928711,-0.038639310747385,36,37.6,67.9,10.4,0.7,17.8,32
2020-07-14,13.6212320327759,24.9948425292969,30.9269733428955,-0.0458889044821262,36,37.6,67.9,10.4,0.7,17.8,32
2020-07-15,13.53600025177,24.9629058837891,30.9520511627197,-0.0373861789703369,36,37.6,67.9,10.4,0.7,17.8,32
2020-07-16,14.8595809936523,24.6595363616943,31.0142288208008,-0.0548157095909119,36,37.6,67.9,10.4,0.7,17.8,32
2020-07-17,15.0042839050293,24.617395401001,31.0197525024414,-0.0278146415948868,36,37.6,67.9,10.4,0.7,17.8,32
2020-07-18,14.2380676269531,25.2037372589111,30.9805583953857,-0.0245487317442894,36,37.6,67.9,10.4,0.7,17.8,32
2020-07-19,15.7184553146362,26.2482891082764,30.8833789825439,-0.0332907624542713,36,37.6,67.9,10.4,0.7,17.8,32
2020-07-20,15.6754350662231,26.7455005645752,30.8187618255615,-0.000621996819972992,36,37.6,67.9,10.4,0.7,17.8,32
2020-07-21,15.5376129150391,27.5677967071533,30.8612213134766,0.029561473056674,36,37.6,67.9,10.4,0.7,17.8,32
2020-07-22,16.3581848144531,27.1472911834717,30.8572940826416,0.0343715660274029,36,37.6,67.9,10.4,0.7,17.8,32
2020-07-23,16.4797229766846,26.8444595336914,31.0348510742188,0.0446851812303066,36,37.6,67.9,10.4,0.7,17.8,32
2020-07-24,16.2808132171631,26.4377212524414,31.1281280517578,0.0501591712236404,36,37.6,67.9,10.4,0.7,17.8,32
2020-07-25,17.520637512207,26.7676753997803,31.0726146697998,0.0620719902217388,36,37.6,67.9,10.4,0.7,17.8,32
2020-07-26,17.445276260376,27.0034503936768,31.1227436065674,0.00628786766901612,36,37.6,67.9,10.4,0.7,17.8,32
2020-07-27,16.8993816375732,27.6338806152344,31.4130001068115,-0.025105744600296,36,37.6,67.9,10.4,0.7,17.8,32
2020-07-28,15.4715347290039,27.9086971282959,31.9095783233643,-0.0199903938919306,36,37.6,67.9,10.4,0.7,17.8,32
2020-07-29,15.2938241958618,27.8608341217041,32.0248527526855,-0.0191187933087349,36,37.6,67.9,10.4,0.7,17.8,32
2020-07-30,15.3167953491211,27.3103580474854,32.0719718933105,-0.0378791876137257,36,37.6,67.9,10.4,0.7,17.8,32
2020-07-31,15.3139533996582,27.1136684417725,31.9850311279297,-0.00900297611951828,36,37.6,67.9,10.4,0.7,17.8,32
2020-08-01,15.7476844787598,27.0285587310791,31.8612117767334,-0.00669025117531419,36,37.6,67.9,10.4,0.7,17.8,32
2020-08-02,16.1412830352783,26.9096622467041,31.7892894744873,-0.0266005676239729,36,37.6,67.9,10.4,0.7,17.8,32
2020-08-03,14.8918294906616,26.495719909668,31.529504776001,-0.0833628997206688,36,37.6,67.9,10.4,0.7,17.8,32
2020-08-04,14.533989906311,25.1519088745117,32.2054023742676,-0.0543042831122875,36,37.6,67.9,10.4,0.7,17.8,32
2020-08-05,14.4621534347534,21.892951965332,33.2493476867676,-0.160875201225281,36,37.6,67.9,10.4,0.7,17.8,32
2020-08-06,15.9673891067505,22.6362934112549,33.2325172424316,-0.0656607002019882,36,37.6,67.9,10.4,0.7,17.8,32
2020-08-07,16.1635303497314,22.9801483154297,33.0507049560547,-0.0898256599903107,36,37.6,67.9,10.4,0.7,17.8,32
2020-08-08,16.2669582366943,23.2617244720459,33.0377082824707,-0.0481797195971012,36,37.6,67.9,10.4,0.7,17.8,32
2020-08-09,16.2495536804199,23.4744091033936,32.9725723266602,-0.109292261302471,36,37.6,67.9,10.4,0.7,17.8,32
2020-08-10,16.2285346984863,23.7856502532959,32.787467956543,-0.0821823999285698,36,37.6,67.9,10.4,0.7,17.8,32
2020-08-11,16.1823654174805,23.8872528076172,32.7625007629395,-0.0544347763061523,36,37.6,67.9,10.4,0.7,17.8,32
2020-08-12,16.3260707855225,24.6708297729492,32.8063011169434,-0.0865221098065376,36,37.6,67.9,10.4,0.7,17.8,32
2020-08-13,16.3400249481201,25.1288318634033,32.5013542175293,-0.109273880720139,36,37.6,67.9,10.4,0.7,17.8,32
2020-08-14,16.3912162780762,25.2775821685791,32.480396270752,-0.0253638997673988,36,37.6,67.9,10.4,0.7,17.8,32
2020-08-15,15.1827878952026,24.32981300354,32.9646110534668,0.0149531736969948,36,37.6,67.9,10.4,0.7,17.8,32
2020-08-16,16.0357322692871,24.1402225494385,32.8828544616699,0.140072450041771,36,37.6,67.9,10.4,0.7,17.8,32
2020-08-17,16.519510269165,24.2730541229248,32.4130706787109,0.140064030885696,36,37.6,67.9,10.4,0.7,17.8,32
2020-08-18,16.3403759002686,24.5320606231689,32.2325553894043,0.0308511015027761,36,37.6,67.9,10.4,0.7,17.8,32
2020-08-19,15.2399940490723,24.6326522827148,32.2268409729004,0.00880714785307646,36,37.6,67.9,10.4,0.7,17.8,32
2020-08-20,14.8923711776733,24.5724868774414,32.2267837524414,0.0228824838995934,36,37.6,67.9,10.4,0.7,17.8,32
2020-08-21,14.8356170654297,24.626371383667,32.2427825927734,0.0416472293436527,36,37.6,67.9,10.4,0.7,17.8,32
2020-08-22,14.3710260391235,24.8374042510986,32.2265815734863,-0.0220301579684019,36,37.6,67.9,10.4,0.7,17.8,32
2020-08-23,13.5403642654419,25.106653213501,32.1884498596191,0.0294039938598871,36,37.6,67.9,10.4,0.7,17.8,32
2020-08-24,14.2233724594116,25.0990772247314,31.9327144622803,0.0283004995435476,36,37.6,67.9,10.4,0.7,17.8,32
2020-08-25,14.0971822738647,25.256326675415,31.6213932037354,0.0365919768810272,36,37.6,67.9,10.4,0.7,17.8,32
2020-08-26,13.7976121902466,25.351053237915,31.7156734466553,0.0441281087696552,36,37.6,67.9,10.4,0.7,17.8,32
2020-08-27,15.1442565917969,25.5329570770264,31.7712726593018,-0.00445504300296307,36,37.6,67.9,10.4,0.7,17.8,32
2020-08-28,14.8504514694214,25.8721828460693,31.7463512420654,-0.0116198472678661,36,37.6,67.9,10.4,0.7,17.8,32
2020-08-29,14.7678527832031,26.1673831939697,31.7462463378906,0.0547372810542583,36,37.6,67.9,10.4,0.7,17.8,32
2020-08-30,14.200927734375,24.8839416503906,31.7423706054688,0.0312045682221651,36,37.6,67.9,10.4,0.7,17.8,32
2020-08-31,14.0989608764648,24.4660110473633,31.8240604400635,-0.0276773292571306,36,37.6,67.9,10.4,0.7,17.8,32
2020-09-01,14.4418449401855,24.2157001495361,31.8771457672119,0.0176442004740238,36,37.6,67.9,10.4,0.7,17.8,32
2020-09-02,15.6835527420044,25.0818614959717,32.0008888244629,0.0768464803695679,36,37.6,67.9,10.4,0.7,17.8,32
2020-09-03,15.9089393615723,25.4193954467773,31.9534301757812,0.0492964684963226,36,37.6,67.9,10.4,0.7,17.8,32
2020-09-04,15.7026109695435,25.6517505645752,31.9105529785156,0.0479133538901806,36,37.6,67.9,10.4,0.7,17.8,32
2020-09-05,15.4487962722778,25.4265308380127,31.9304065704346,-0.0130610316991806,36,37.6,67.9,10.4,0.7,17.8,32
2020-09-06,15.9562311172485,25.1068019866943,32.0560646057129,-0.033504705876112,36,37.6,67.9,10.4,0.7,17.8,32
2020-09-07,15.9678049087524,24.9814548492432,32.0838279724121,0.00114421301987022,36,37.6,67.9,10.4,0.7,17.8,32
2020-09-08,15.9900779724121,25.1023616790771,32.1568984985352,0.0218651369214058,36,37.6,67.9,10.4,0.7,17.8,32
2020-09-09,16.0573558807373,25.0368175506592,32.2205200195312,-0.0216595139354467,36,37.6,67.9,10.4,0.7,17.8,32
2020-09-10,16.1411285400391,25.1240367889404,32.1964149475098,-0.0371761731803417,36,37.6,67.9,10.4,0.7,17.8,32
2020-09-11,17.1058673858643,25.2607364654541,32.2072067260742,-0.0148382326588035,36,37.6,67.9,10.4,0.7,17.8,32
2020-09-12,18.1745929718018,24.8538036346436,32.1747245788574,0.0584001429378986,36,37.6,67.9,10.4,0.7,17.8,32
2020-09-13,19.720235824585,24.5141658782959,32.0371437072754,0.0767267569899559,36,37.6,67.9,10.4,0.7,17.8,32
2020-09-14,17.8360633850098,24.024938583374,32.0956039428711,-0.00244707125239074,36,37.6,67.9,10.4,0.7,17.8,32
2020-09-15,17.6257724761963,23.1599025726318,32.1184425354004,-0.0246633384376764,36,37.6,67.9,10.4,0.7,17.8,32
2020-09-16,18.1003875732422,22.7182388305664,32.0767364501953,-0.00542770093306899,36,37.6,67.9,10.4,0.7,17.8,32
2020-09-17,19.666898727417,22.5765380859375,31.9935455322266,0.0208467338234186,36,37.6,67.9,10.4,0.7,17.8,32
2020-09-18,19.2188701629639,22.4363555908203,31.9717311859131,0.0947704836726189,36,37.6,67.9,10.4,0.7,17.8,32
2020-09-19,19.9930248260498,21.9599685668945,32.051628112793,0.149707943201065,36,37.6,67.9,10.4,0.7,17.8,32
2020-09-20,22.6071166992188,22.6662979125977,31.9860095977783,0.187833592295647,36,37.6,67.9,10.4,0.7,17.8,32
2020-09-21,22.5295734405518,22.4978866577148,31.9315547943115,0.262340158224106,36,37.6,67.9,10.4,0.7,17.8,32
2020-09-22,22.3342761993408,22.3157825469971,31.8536758422852,0.227118358016014,36,37.6,67.9,10.4,0.7,17.8,32
2020-09-23,20.707389831543,21.5547389984131,31.8933925628662,0.2002082914114,36,37.6,67.9,10.4,0.7,17.8,32
2020-09-24,20.6297664642334,21.2794208526611,31.8893032073975,0.070792980492115,36,37.6,67.9,10.4,0.7,17.8,32
2020-09-25,20.4742183685303,21.3779220581055,31.9942932128906,-0.00349767878651619,36,37.6,67.9,10.4,0.7,17.8,32
2020-09-26,20.8305912017822,21.42604637146,31.9487285614014,0.0252555813640356,36,37.6,67.9,10.4,0.7,17.8,32
2020-09-27,20.7550315856934,21.4410800933838,31.9623718261719,0.00993170589208603,36,37.6,67.9,10.4,0.7,17.8,32
2020-09-28,20.7236633300781,21.5136280059814,31.9682369232178,0.0224955379962921,36,37.6,67.9,10.4,0.7,17.8,32
2020-09-29,19.6354694366455,21.734037399292,32.0757369995117,0.0494795329868793,36,37.6,67.9,10.4,0.7,17.8,32
2020-09-30,19.3246879577637,21.6786346435547,31.8774585723877,0.0473051257431507,36,37.6,67.9,10.4,0.7,17.8,32
2020-10-01,18.8966331481934,21.533332824707,31.8428020477295,-0.0455153845250607,36,37.6,67.9,10.4,0.7,17.8,32
2020-10-02,19.0918369293213,21.4007873535156,31.9022159576416,0.0605961196124554,36,37.6,67.9,10.4,0.7,17.8,32
2020-10-03,19.1261787414551,20.9203147888184,32.0727195739746,-0.0102013647556305,36,37.6,67.9,10.4,0.7,17.8,32
2020-10-04,18.9597148895264,20.7794704437256,32.0953178405762,-0.0043867384083569,36,37.6,67.9,10.4,0.7,17.8,32
2020-10-05,19.0434799194336,20.6152744293213,32.0598945617676,0.0461154133081436,36,37.6,67.9,10.4,0.7,17.8,32
2020-10-06,19.2728824615479,20.5804710388184,32.033618927002,0.00872020330280066,36,37.6,67.9,10.4,0.7,17.8,32
2020-10-07,18.9938621520996,20.6174907684326,31.9925441741943,0.0256069358438253,36,37.6,67.9,10.4,0.7,17.8,32
2020-10-08,18.110969543457,20.6754207611084,32.0207939147949,-0.118136204779148,36,37.6,67.9,10.4,0.7,17.8,32
2020-10-09,17.9101505279541,20.5143394470215,32.1403541564941,-0.171246573328972,36,37.6,67.9,10.4,0.7,17.8,32
2020-10-10,17.6713905334473,20.4248275756836,32.1413993835449,-0.111208744347095,36,37.6,67.9,10.4,0.7,17.8,32
2020-10-11,18.1174869537354,20.0838222503662,32.1180038452148,-0.126561686396599,36,37.6,67.9,10.4,0.7,17.8,32
2020-10-12,18.4165077209473,19.9635696411133,32.1401557922363,0.168687745928764,36,37.6,67.9,10.4,0.7,17.8,32
2020-10-13,19.4828777313232,19.6832065582275,32.143970489502,0.248435541987419,36,37.6,67.9,10.4,0.7,17.8,32
2020-10-14,19.6262874603271,20.0675086975098,32.1045570373535,0.0662626549601555,36,37.6,67.9,10.4,0.7,17.8,32
2020-10-15,19.5758228302002,20.0306186676025,32.1158103942871,-0.00417839968577027,36,37.6,67.9,10.4,0.7,17.8,32
2020-10-16,19.3466300964355,20.0777683258057,32.0758514404297,0.00507610896602273,36,37.6,67.9,10.4,0.7,17.8,32
2020-10-17,18.632848739624,19.6515235900879,32.2318305969238,0.0451409630477428,36,37.6,67.9,10.4,0.7,17.8,32
2020-10-18,18.8025207519531,19.3192977905273,32.2551307678223,-0.0475526861846447,36,37.6,67.9,10.4,0.7,17.8,32
2020-10-19,18.7622451782227,19.2484149932861,32.247257232666,0.0441739372909069,36,37.6,67.9,10.4,0.7,17.8,32
2020-10-20,17.8554821014404,18.6819591522217,32.2616691589355,0.0177492238581181,36,37.6,67.9,10.4,0.7,17.8,32
2020-10-21,17.4890995025635,18.7403869628906,32.2083625793457,0.0567545406520367,36,37.6,67.9,10.4,0.7,17.8,32
2020-10-22,17.1074733734131,18.8021450042725,32.1656303405762,0.0305326078087091,36,37.6,67.9,10.4,0.7,17.8,32
2020-10-23,19.3923950195312,19.3999652862549,32.0726203918457,0.0875869989395142,36,37.6,67.9,10.4,0.7,17.8,32
2020-10-24,19.5915431976318,19.4323482513428,32.0659790039062,0.116548925638199,36,37.6,67.9,10.4,0.7,17.8,32
2020-10-25,19.5979251861572,19.3278484344482,32.0768585205078,0.09527637809515,36,37.6,67.9,10.4,0.7,17.8,32
2020-10-26,18.2351703643799,18.5692253112793,32.1644821166992,0.167957797646523,36,37.6,67.9,10.4,0.7,17.8,32
2020-10-27,17.9800052642822,18.5261096954346,32.0573120117188,0.0182265136390924,36,37.6,67.9,10.4,0.7,17.8,32
2020-10-28,17.7196598052979,18.58127784729,32.0474967956543,-0.0472738333046436,36,37.6,67.9,10.4,0.7,17.8,32
2020-10-29,17.9127826690674,18.8825492858887,32.0258369445801,0.142077401280403,36,37.6,67.9,10.4,0.7,17.8,32
2020-10-30,18.0365600585938,18.6975841522217,32.0573348999023,0.305734425783157,36,37.6,67.9,10.4,0.7,17.8,32
2020-10-31,18.0142288208008,17.9905471801758,32.1026458740234,0.175115868449211,36,37.6,67.9,10.4,0.7,17.8,32
2020-11-01,18.3439712524414,18.3264331817627,32.171459197998,0.0906913578510284,36,37.6,67.9,10.4,0.7,17.8,32
2020-11-02,18.1648044586182,18.1205539703369,32.1626167297363,-0.12745974957943,36,37.6,67.9,10.4,0.7,17.8,32
2020-11-03,18.0295009613037,17.8166179656982,32.1697654724121,-0.348496794700623,36,37.6,67.9,10.4,0.7,17.8,32
2020-11-04,17.3749179840088,17.5494079589844,32.1537895202637,-0.260962456464767,36,37.6,67.9,10.4,0.7,17.8,32
2020-11-05,17.3223781585693,17.3321628570557,32.2336540222168,-0.157300755381584,36,37.6,67.9,10.4,0.7,17.8,32
2020-11-06,17.2543621063232,17.2088737487793,32.2034111022949,-0.184581637382507,36,37.6,67.9,10.4,0.7,17.8,32
2020-11-07,17.7483463287354,16.9690570831299,32.0868339538574,-0.181680262088776,36,37.6,67.9,10.4,0.7,17.8,32
2020-11-08,17.5872325897217,17.1229686737061,32.0968856811523,-0.142523229122162,36,37.6,67.9,10.4,0.7,17.8,32
2020-11-09,17.5477313995361,17.207799911499,32.1517486572266,-0.0740039497613907,36,37.6,67.9,10.4,0.7,17.8,32
2020-11-10,17.4625186920166,17.5866413116455,32.204948425293,-0.113550275564194,36,37.6,67.9,10.4,0.7,17.8,32
2020-11-11,17.2367382049561,17.8121395111084,32.1193389892578,-0.0945443883538246,36,37.6,67.9,10.4,0.7,17.8,32
2020-11-12,16.9417572021484,18.0053844451904,31.8175964355469,-0.0840789303183556,36,37.6,67.9,10.4,0.7,17.8,32
2020-11-13,16.8639144897461,17.9822788238525,31.9608383178711,0.00444803154096007,36,37.6,67.9,10.4,0.7,17.8,32
2020-11-14,17.1092090606689,17.5220050811768,32.0119323730469,-0.083642028272152,36,37.6,67.9,10.4,0.7,17.8,32
2020-11-15,17.053617477417,17.2334842681885,32.0710639953613,-0.0685267373919487,36,37.6,67.9,10.4,0.7,17.8,32
2020-11-16,16.107795715332,17.2358455657959,32.1725654602051,-0.0775250717997551,36,37.6,67.9,10.4,0.7,17.8,32
2020-11-17,15.8277101516724,16.9295024871826,32.2371253967285,-0.132145628333092,36,37.6,67.9,10.4,0.7,17.8,32
2020-11-18,15.7660684585571,16.3829212188721,32.4031181335449,-0.210793375968933,36,37.6,67.9,10.4,0.7,17.8,32
2020-11-19,15.8979616165161,15.7009935379028,32.5052909851074,-0.203424647450447,36,37.6,67.9,10.4,0.7,17.8,32
2020-11-20,15.7311124801636,15.5856094360352,32.4657554626465,-0.324615508317947,36,37.6,67.9,10.4,0.7,17.8,32
2020-11-21,15.5546560287476,15.8775329589844,32.4251480102539,-0.371925830841064,36,37.6,67.9,10.4,0.7,17.8,32
2020-11-22,15.8547515869141,16.2829761505127,32.5873069763184,-0.136808380484581,36,37.6,67.9,10.4,0.7,17.8,32
2020-11-23,15.9812860488892,16.1425266265869,32.512321472168,-0.00168639421463013,36,37.6,67.9,10.4,0.7,17.8,32
2020-11-24,16.0539093017578,15.7807378768921,32.5858306884766,-0.223489180207253,36,37.6,67.9,10.4,0.7,17.8,32
2020-11-25,14.9057197570801,15.1953439712524,32.8415870666504,-0.204029813408852,36,37.6,67.9,10.4,0.7,17.8,32
2020-11-26,14.6764402389526,15.0535974502563,32.7588729858398,-0.13649594783783,36,37.6,67.9,10.4,0.7,17.8,32
2020-11-27,14.5739698410034,14.9981069564819,32.682373046875,-0.0994873717427254,36,37.6,67.9,10.4,0.7,17.8,32
2020-11-28,14.8626985549927,15.3797178268433,32.7292747497559,-0.057403951883316,36,37.6,67.9,10.4,0.7,17.8,32
2020-11-29,14.8980102539062,15.2882146835327,32.7664985656738,-0.130176767706871,36,37.6,67.9,10.4,0.7,17.8,32
2020-11-30,14.9241857528687,15.252685546875,32.7599296569824,0.0427233576774597,36,37.6,67.9,10.4,0.7,17.8,32
2020-12-01,15.1620283126831,15.1249628067017,32.7274742126465,0.0183948967605829,36,37.6,67.9,10.4,0.7,17.8,32
2020-12-02,14.8651113510132,14.8546485900879,32.6498146057129,-0.197255864739418,36,37.6,67.9,10.4,0.7,17.8,32
2020-12-03,14.5167999267578,14.6169157028198,32.8130569458008,-0.245302855968475,36,37.6,67.9,10.4,0.7,17.8,32
2020-12-04,15.127872467041,14.6634292602539,32.7880516052246,-0.225354626774788,36,37.6,67.9,10.4,0.7,17.8,32
2020-12-05,14.816123008728,14.623646736145,32.5948829650879,0.00252066552639008,36,37.6,67.9,10.4,0.7,17.8,32
2020-12-06,14.7736778259277,14.2680816650391,32.6892051696777,-0.316776365041733,36,37.6,67.9,10.4,0.7,17.8,32
2020-12-07,15.324631690979,14.454026222229,32.5741844177246,-0.153738513588905,36,37.6,67.9,10.4,0.7,17.8,32
2020-12-08,15.3339796066284,14.1701736450195,32.6892509460449,-0.0668419674038887,36,37.6,67.9,10.4,0.7,17.8,32
2020-12-09,15.2971277236938,13.6989870071411,32.7850189208984,-0.0936823561787605,36,37.6,67.9,10.4,0.7,17.8,32
2020-12-10,15.1813316345215,13.7184000015259,32.813892364502,-0.229638680815697,36,37.6,67.9,10.4,0.7,17.8,32
2020-12-11,15.342827796936,13.5575704574585,32.7965126037598,-0.23806856572628,36,37.6,67.9,10.4,0.7,17.8,32
2020-12-12,15.3845548629761,13.3774042129517,32.6368103027344,-0.154803201556206,36,37.6,67.9,10.4,0.7,17.8,32
2020-12-13,15.770565032959,13.0536413192749,32.2856178283691,-0.149827197194099,36,37.6,67.9,10.4,0.7,17.8,32
2020-12-14,15.7086191177368,13.1312942504883,32.364070892334,-0.0610327459871769,36,37.6,67.9,10.4,0.7,17.8,32
2020-12-15,15.6089773178101,13.4693193435669,32.7543182373047,-0.226605281233788,36,37.6,67.9,10.4,0.7,17.8,32
2020-12-16,15.9912338256836,13.6127042770386,32.942310333252,-0.0871259942650795,36,37.6,67.9,10.4,0.7,17.8,32
2020-12-17,13.9422254562378,13.3889036178589,32.8280982971191,0.141449108719826,36,37.6,67.9,10.4,0.7,17.8,32
2020-12-18,13.035117149353,12.9951314926147,33.1211624145508,0.00999258458614349,36,37.6,67.9,10.4,0.7,17.8,32
2020-12-19,11.5604162216187,11.5383176803589,33.2821044921875,-0.0353844426572323,36,37.6,67.9,10.4,0.7,17.8,32
2020-12-20,11.2455253601074,11.1933784484863,33.21484375,-0.0706954598426819,36,37.6,67.9,10.4,0.7,17.8,32
2020-12-21,11.2352113723755,11.0163345336914,33.1620216369629,0.052295133471489,36,37.6,67.9,10.4,0.7,17.8,32
2020-12-22,11.8765668869019,11.6996870040894,33.0386695861816,-0.0487077236175537,36,37.6,67.9,10.4,0.7,17.8,32
2020-12-23,11.9231252670288,11.6018323898315,33.0527267456055,-0.258248299360275,36,37.6,67.9,10.4,0.7,17.8,32
2020-12-24,11.957576751709,11.5419874191284,33.0476570129395,-0.0961163640022278,36,37.6,67.9,10.4,0.7,17.8,32
2020-12-25,11.9750032424927,11.8185110092163,33.0030555725098,0.00121038814540952,36,37.6,67.9,10.4,0.7,17.8,32
2020-12-26,12.4539308547974,11.3156938552856,32.6941604614258,-0.339930146932602,36,37.6,67.9,10.4,0.7,17.8,32
2020-12-27,12.688533782959,11.0641164779663,32.6614799499512,-0.314030081033707,36,37.6,67.9,10.4,0.7,17.8,32
2020-12-28,12.9550933837891,11.4009323120117,32.6841049194336,-0.178109288215637,36,37.6,67.9,10.4,0.7,17.8,32
2020-12-29,13.0527305603027,11.3269681930542,32.7026634216309,-0.238302186131477,36,37.6,67.9,10.4,0.7,17.8,32
2020-12-30,12.9008569717407,11.2151136398315,32.8334350585938,-0.30574306845665,36,37.6,67.9,10.4,0.7,17.8,32
2020-12-31,12.6261558532715,11.1114778518677,32.7096290588379,-0.295792669057846,36,37.6,67.9,10.4,0.7,17.8,32
2021-01-01,12.5709419250488,11.0335121154785,32.8119239807129,-0.25562047958374,36,37.6,67.9,10.4,0.7,17.8,32
2021-01-02,12.3943023681641,11.1037940979004,32.7919731140137,-0.124728225171566,36,37.6,67.9,10.4,0.7,17.8,32
2021-01-03,12.5624122619629,10.9870262145996,32.8971710205078,-0.0531368106603622,36,37.6,67.9,10.4,0.7,17.8,32
2021-01-04,11.9148788452148,10.7494134902954,32.854362487793,0.126379922032356,36,37.6,67.9,10.4,0.7,17.8,32
2021-01-05,11.2835350036621,10.5893135070801,32.819408416748,0.115158550441265,36,37.6,67.9,10.4,0.7,17.8,32
2021-01-06,11.4208612442017,11.2260618209839,33.0889320373535,0.0913732871413231,36,37.6,67.9,10.4,0.7,17.8,32
2021-01-07,10.9930219650269,10.9563798904419,33.0868873596191,0.0471401326358318,36,37.6,67.9,10.4,0.7,17.8,32
2021-01-08,10.7247724533081,10.7012643814087,33.0659980773926,0.0805708542466164,36,37.6,67.9,10.4,0.7,17.8,32
2021-01-09,10.2957410812378,10.2790203094482,33.0593147277832,0.0630765333771706,36,37.6,67.9,10.4,0.7,17.8,32
2021-01-10,9.8477373123169,9.8130521774292,32.9939804077148,-0.0547414906322956,36,37.6,67.9,10.4,0.7,17.8,32
2021-01-11,9.58189868927002,9.5467004776001,32.9406547546387,-0.0972553864121437,36,37.6,67.9,10.4,0.7,17.8,32
2021-01-12,9.82895755767822,9.7551736831665,32.6853904724121,-0.165471076965332,36,37.6,67.9,10.4,0.7,17.8,32
2021-01-13,9.93202495574951,9.84395694732666,32.8484992980957,-0.15289868414402,36,37.6,67.9,10.4,0.7,17.8,32
2021-01-14,10.0162353515625,9.43453311920166,32.575325012207,-0.105447448790073,36,37.6,67.9,10.4,0.7,17.8,32
2021-01-15,9.46417140960693,9.72522258758545,32.5655860900879,-0.0537229962646961,36,37.6,67.9,10.4,0.7,17.8,32
2021-01-16,9.35084438323975,9.72431564331055,32.6471366882324,0.141525089740753,36,37.6,67.9,10.4,0.7,17.8,32
2021-01-17,9.5188398361206,8.85600185394287,31.7468090057373,-0.12528783082962,36,37.6,67.9,10.4,0.7,17.8,32
2021-01-18,9.34659194946289,9.02070140838623,30.8551864624023,-0.344286173582077,36,37.6,67.9,10.4,0.7,17.8,32
2021-01-19,9.83092880249023,8.94027042388916,31.1578598022461,-0.372734427452087,36,37.6,67.9,10.4,0.7,17.8,32
2021-01-20,10.1250286102295,8.796217918396,31.3940296173096,-0.269727796316147,36,37.6,67.9,10.4,0.7,17.8,32
2021-01-21,10.5109033584595,9.09170150756836,31.6162128448486,-0.137158572673798,36,37.6,67.9,10.4,0.7,17.8,32
2021-01-22,10.7183303833008,8.9871711730957,31.753267288208,-0.133506461977959,36,37.6,67.9,10.4,0.7,17.8,32
2021-01-23,10.9248476028442,8.82756233215332,31.9644947052002,-0.257550835609436,36,37.6,67.9,10.4,0.7,17.8,32
2021-01-24,10.8862571716309,8.6575288772583,32.3751754760742,-0.323629111051559,36,37.6,67.9,10.4,0.7,17.8,32
2021-01-25,10.5887136459351,8.5176362991333,32.6462211608887,-0.169925466179848,36,37.6,67.9,10.4,0.7,17.8,32
2021-01-26,8.67649555206299,8.35344696044922,32.867847442627,-0.0614420361816883,36,37.6,67.9,10.4,0.7,17.8,32
2021-01-27,8.71392822265625,8.64940643310547,32.9024467468262,-0.0824785977602005,36,37.6,67.9,10.4,0.7,17.8,32
2021-01-28,8.60843753814697,8.49664974212646,32.9765625,-0.0741255357861519,36,37.6,67.9,10.4,0.7,17.8,32
2021-01-29,8.11993408203125,8.06712341308594,32.9027137756348,-0.209835514426231,36,37.6,67.9,10.4,0.7,17.8,32
2021-01-30,8.22340297698975,8.17644309997559,33.0651893615723,-0.163182973861694,36,37.6,67.9,10.4,0.7,17.8,32
2021-01-31,7.85843467712402,7.82957077026367,33.0971298217773,-0.0591853745281696,36,37.6,67.9,10.4,0.7,17.8,32
2021-02-01,7.41014432907104,7.4173264503479,33.0176811218262,0.325419574975967,36,37.6,67.9,10.4,0.7,17.8,32
2021-02-02,6.92401075363159,6.90142059326172,32.5869407653809,0.422183185815811,36,37.6,67.9,10.4,0.7,17.8,32
2021-02-03,6.49584770202637,6.46029710769653,32.5052146911621,0.226889833807945,36,37.6,67.9,10.4,0.7,17.8,32
2021-02-04,6.60349082946777,6.45971918106079,32.6189842224121,-0.0189790856093168,36,37.6,67.9,10.4,0.7,17.8,32
2021-02-05,7.05980443954468,6.66699075698853,32.6491584777832,-0.0650296285748482,36,37.6,67.9,10.4,0.7,17.8,32
2021-02-06,7.28301477432251,6.49384117126465,32.56787109375,-0.144885376095772,36,37.6,67.9,10.4,0.7,17.8,32
2021-02-07,7.4849681854248,6.60956382751465,32.6704254150391,-0.127102732658386,36,37.6,67.9,10.4,0.7,17.8,32
2021-02-08,7.29659986495972,6.6533408164978,32.8865623474121,-0.207299113273621,36,37.6,67.9,10.4,0.7,17.8,32
2021-02-09,6.87906694412231,6.7299976348877,32.9351005554199,-0.153795048594475,36,37.6,67.9,10.4,0.7,17.8,32
2021-02-10,6.84329843521118,6.83752298355103,32.9660377502441,-0.183523058891296,36,37.6,67.9,10.4,0.7,17.8,32
2021-02-11,6.64148712158203,6.62615728378296,33.0322608947754,-0.156860738992691,36,37.6,67.9,10.4,0.7,17.8,32
2021-02-12,6.87852096557617,6.86284685134888,33.1431884765625,-0.19089163839817,36,37.6,67.9,10.4,0.7,17.8,32
2021-02-13,7.16793203353882,7.16019582748413,33.268238067627,-0.140000328421593,36,37.6,67.9,10.4,0.7,17.8,32
2021-02-14,7.09130525588989,7.0910758972168,33.3721694946289,-0.0403991639614105,36,37.6,67.9,10.4,0.7,17.8,32
2021-02-15,7.32178115844727,7.31187105178833,33.434684753418,-0.0570687241852283,36,37.6,67.9,10.4,0.7,17.8,32
2021-02-16,7.2979474067688,7.24477529525757,33.4041709899902,0.0111345760524273,36,37.6,67.9,10.4,0.7,17.8,32
2021-02-17,8.60262680053711,8.06390380859375,33.3770942687988,-0.250794529914856,36,37.6,67.9,10.4,0.7,17.8,32
2021-02-18,8.44157409667969,8.2916374206543,33.49951171875,-0.145155295729637,36,37.6,67.9,10.4,0.7,17.8,32
2021-02-19,7.7349123954773,7.71806383132935,33.3722114562988,0.0876479670405388,36,37.6,67.9,10.4,0.7,17.8,32
2021-02-20,7.26316595077515,7.2193922996521,33.2996788024902,-0.0572918318212032,36,37.6,67.9,10.4,0.7,17.8,32
2021-02-21,7.37718629837036,7.33829116821289,33.4082679748535,-0.234300658106804,36,37.6,67.9,10.4,0.7,17.8,32
2021-02-22,7.46492433547974,7.23462152481079,33.4008102416992,-0.0868982076644897,36,37.6,67.9,10.4,0.7,17.8,32
2021-02-23,7.68025922775269,6.07460927963257,32.5563468933105,-0.154543608427048,36,37.6,67.9,10.4,0.7,17.8,32
2021-02-24,8.08079147338867,6.18030166625977,32.4917640686035,-0.229316040873528,36,37.6,67.9,10.4,0.7,17.8,32
2021-02-25,8.29059219360352,6.58131170272827,32.6537628173828,-0.253291934728622,36,37.6,67.9,10.4,0.7,17.8,32
2021-02-26,7.99255418777466,7.0964412689209,32.921802520752,-0.317556411027908,36,37.6,67.9,10.4,0.7,17.8,32
2021-02-27,7.97534561157227,7.41497755050659,33.1179885864258,-0.201645493507385,36,37.6,67.9,10.4,0.7,17.8,32
2021-02-28,8.02379989624023,7.262610912323,33.0056533813477,-0.186345353722572,36,37.6,67.9,10.4,0.7,17.8,32
2021-03-01,7.71990251541138,7.22702789306641,32.8514671325684,-0.0932035148143768,36,37.6,67.9,10.4,0.7,17.8,32
2021-03-02,7.64644622802734,6.8758053779602,32.7129859924316,-0.379306226968765,36,37.6,67.9,10.4,0.7,17.8,32
2021-03-03,7.77823448181152,6.8475399017334,32.9852142333984,-0.488805919885635,36,37.6,67.9,10.4,0.7,17.8,32
2021-03-04,7.44578886032104,6.42424058914185,32.7088584899902,-0.26900440454483,36,37.6,67.9,10.4,0.7,17.8,32
2021-03-05,7.41008901596069,6.4490237236023,32.8952903747559,-0.275069534778595,36,37.6,67.9,10.4,0.7,17.8,32
2021-03-06,7.3683762550354,6.38361024856567,32.9508171081543,-0.3300641477108,36,37.6,67.9,10.4,0.7,17.8,32
2021-03-07,7.46000719070435,6.50080490112305,33.0814514160156,-0.262868791818619,36,37.6,67.9,10.4,0.7,17.8,32
2021-03-08,7.44496536254883,6.61939001083374,33.1612205505371,-0.27890220284462,36,37.6,67.9,10.4,0.7,17.8,32
2021-03-09,7.41075563430786,6.53825616836548,33.0423545837402,-0.334391504526138,36,37.6,67.9,10.4,0.7,17.8,32
2021-03-10,7.51721525192261,6.7040114402771,32.9427299499512,-0.325851857662201,36,37.6,67.9,10.4,0.7,17.8,32
2021-03-11,6.98016548156738,6.75756883621216,33.0072631835938,-0.262049436569214,36,37.6,67.9,10.4,0.7,17.8,32
2021-03-12,7.52490282058716,6.72120237350464,32.411262512207,-0.312362521886826,36,37.6,67.9,10.4,0.7,17.8,32
2021-03-13,7.74797582626343,7.09863233566284,32.4819450378418,-0.317812889814377,36,37.6,67.9,10.4,0.7,17.8,32
2021-03-14,8.18010997772217,7.36978673934937,32.7040596008301,-0.300078541040421,36,37.6,67.9,10.4,0.7,17.8,32
2021-03-15,8.6398983001709,7.50364828109741,32.9439125061035,-0.300573110580444,36,37.6,67.9,10.4,0.7,17.8,32
2021-03-16,8.25593566894531,7.2344479560852,33.0927696228027,-0.157033085823059,36,37.6,67.9,10.4,0.7,17.8,32
2021-03-17,7.98512125015259,7.19118928909302,33.0986442565918,-0.117806501686573,36,37.6,67.9,10.4,0.7,17.8,32
2021-03-18,7.80385732650757,7.31672239303589,33.2078247070312,-0.0700395181775093,36,37.6,67.9,10.4,0.7,17.8,32
2021-03-19,7.73353958129883,7.40753984451294,33.2265625,0.0368701219558716,36,37.6,67.9,10.4,0.7,17.8,32
2021-03-20,7.11512136459351,7.15332412719727,33.2881317138672,-0.11377277225256,36,37.6,67.9,10.4,0.7,17.8,32
2021-03-21,7.22041940689087,7.32437896728516,33.2811279296875,-0.284497082233429,36,37.6,67.9,10.4,0.7,17.8,32
2021-03-22,6.94777488708496,6.87673377990723,33.1161766052246,-0.273267954587936,36,37.6,67.9,10.4,0.7,17.8,32
2021-03-23,6.88205718994141,6.83211326599121,33.2118873596191,-0.189716517925262,36,37.6,67.9,10.4,0.7,17.8,32
2021-03-24,6.91514253616333,6.94658803939819,33.2400360107422,-0.163823530077934,36,37.6,67.9,10.4,0.7,17.8,32
2021-03-25,7.11396026611328,7.47058057785034,33.1437530517578,-0.175346001982689,36,37.6,67.9,10.4,0.7,17.8,32
2021-03-26,7.22640085220337,7.70646905899048,32.9918518066406,-0.166217312216759,36,37.6,67.9,10.4,0.7,17.8,32
2021-03-27,7.48476362228394,8.20803356170654,32.6036682128906,-0.363772839307785,36,37.6,67.9,10.4,0.7,17.8,32
2021-03-28,7.96983194351196,9.03596782684326,32.7155494689941,-0.154875084757805,36,37.6,67.9,10.4,0.7,17.8,32
2021-03-29,8.18420791625977,8.81957721710205,32.5282707214355,-0.29218852519989,36,37.6,67.9,10.4,0.7,17.8,32
2021-03-30,8.45450687408447,9.14525985717773,32.6172523498535,-0.383360117673874,36,37.6,67.9,10.4,0.7,17.8,32
2021-03-31,9.39802360534668,8.80044460296631,32.544921875,-0.205643892288208,36,37.6,67.9,10.4,0.7,17.8,32
2021-04-01,9.44284725189209,8.95538330078125,32.5106620788574,-0.112850867211819,36,37.6,67.9,10.4,0.7,17.8,32
2021-04-02,9.48139953613281,8.77360534667969,32.7133865356445,-0.272804141044617,36,37.6,67.9,10.4,0.7,17.8,32
2021-04-03,9.4541540145874,8.42987442016602,32.574390411377,-0.213957950472832,36,37.6,67.9,10.4,0.7,17.8,32
2021-04-04,9.3831672668457,8.48615169525146,32.5571784973145,-0.212742075324059,36,37.6,67.9,10.4,0.7,17.8,32
2021-04-05,9.42359066009521,8.76139163970947,32.6091270446777,-0.162035822868347,36,37.6,67.9,10.4,0.7,17.8,32
2021-04-06,9.24636363983154,8.66123867034912,32.7800979614258,-0.0856728553771973,36,37.6,67.9,10.4,0.7,17.8,32
2021-04-07,9.02203273773193,8.88213062286377,32.7516670227051,-0.0906853675842285,36,37.6,67.9,10.4,0.7,17.8,32
2021-04-08,8.95273876190186,9.10134506225586,32.798038482666,-0.111351184546947,36,37.6,67.9,10.4,0.7,17.8,32
2021-04-09,8.61999797821045,9.17074203491211,32.7723655700684,-0.109706722199917,36,37.6,67.9,10.4,0.7,17.8,32
2021-04-10,8.55986499786377,9.3838357925415,32.7675361633301,-0.108802534639835,36,37.6,67.9,10.4,0.7,17.8,32
2021-04-11,8.57535934448242,9.80566692352295,32.6826591491699,-0.00996720511466265,36,37.6,67.9,10.4,0.7,17.8,32
2021-04-12,8.69810771942139,9.35299301147461,31.8416042327881,0.0517244227230549,36,37.6,67.9,10.4,0.7,17.8,32
2021-04-13,8.23486137390137,8.80436611175537,32.6692810058594,-0.0189850628376007,36,37.6,67.9,10.4,0.7,17.8,32
2021-04-14,8.14363479614258,8.82585048675537,32.5842666625977,-0.150047346949577,36,37.6,67.9,10.4,0.7,17.8,32
2021-04-15,8.47115612030029,9.24633884429932,32.4300193786621,0.00595809705555439,36,37.6,67.9,10.4,0.7,17.8,32
2021-04-16,8.50393295288086,8.93595790863037,32.5768089294434,0.0182303059846163,36,37.6,67.9,10.4,0.7,17.8,32
2021-04-17,8.52165222167969,9.17604732513428,32.6433258056641,-0.06925418227911,36,37.6,67.9,10.4,0.7,17.8,32
2021-04-18,8.3938684463501,9.61890125274658,32.5831108093262,-0.0346846096217632,36,37.6,67.9,10.4,0.7,17.8,32
2021-04-19,8.39193439483643,9.99474239349365,32.5814628601074,-0.0753039121627808,36,37.6,67.9,10.4,0.7,17.8,32
2021-04-20,8.40845966339111,9.92696285247803,32.6079940795898,-0.116598375141621,36,37.6,67.9,10.4,0.7,17.8,32
2021-04-21,10.100604057312,10.4799928665161,31.7067108154297,-0.087458960711956,36,37.6,67.9,10.4,0.7,17.8,32
2021-04-22,9.94114208221436,10.0924234390259,31.9911365509033,-0.249634921550751,36,37.6,67.9,10.4,0.7,17.8,32
2021-04-23,10.0222091674805,10.2016305923462,31.8343276977539,-0.379267334938049,36,37.6,67.9,10.4,0.7,17.8,32
2021-04-24,9.78192043304443,10.5629367828369,31.8748912811279,-0.38949653506279,36,37.6,67.9,10.4,0.7,17.8,32
2021-04-25,9.77774524688721,10.7914962768555,31.9148025512695,-0.083320178091526,36,37.6,67.9,10.4,0.7,17.8,32
2021-04-26,9.8093671798706,10.6757583618164,32.0314483642578,-0.175483837723732,36,37.6,67.9,10.4,0.7,17.8,32
2021-04-27,9.40913105010986,10.4799737930298,32.1115303039551,-0.218248650431633,36,37.6,67.9,10.4,0.7,17.8,32
2021-04-28,9.32460880279541,11.0224418640137,31.8422794342041,-0.162285789847374,36,37.6,67.9,10.4,0.7,17.8,32
2021-04-29,9.28823375701904,11.9385633468628,31.3967685699463,-0.0325515083968639,36,37.6,67.9,10.4,0.7,17.8,32
2021-04-30,10.791633605957,11.9633741378784,31.3020877838135,-0.0593628399074078,36,37.6,67.9,10.4,0.7,17.8,32
2021-05-01,11.0267906188965,11.4610528945923,31.9229125976562,-0.234777495265007,36,37.6,67.9,10.4,0.7,17.8,32
2021-05-02,11.1345701217651,11.5150184631348,32.133430480957,-0.140910267829895,36,37.6,67.9,10.4,0.7,17.8,32
2021-05-03,11.4731321334839,12.0273361206055,32.1933326721191,-0.135987684130669,36,37.6,67.9,10.4,0.7,17.8,32
2021-05-04,11.5669927597046,12.6262369155884,32.0225982666016,-0.0178903937339783,36,37.6,67.9,10.4,0.7,17.8,32
2021-05-05,11.5252618789673,13.3282356262207,31.8961582183838,0.0485337823629379,36,37.6,67.9,10.4,0.7,17.8,32
2021-05-06,11.4634714126587,12.8234596252441,31.9920864105225,-0.0627930536866188,36,37.6,67.9,10.4,0.7,17.8,32
2021-05-07,11.3838548660278,13.0465211868286,32.0416297912598,-0.0215822663158178,36,37.6,67.9,10.4,0.7,17.8,32
2021-05-08,11.2852602005005,13.2940053939819,31.9926910400391,-0.0260524656623602,36,37.6,67.9,10.4,0.7,17.8,32
2021-05-09,11.243311882019,13.0609006881714,31.9783458709717,-0.15558497607708,36,37.6,67.9,10.4,0.7,17.8,32
2021-05-10,11.2366828918457,13.0098876953125,31.9588165283203,-0.199920132756233,36,37.6,67.9,10.4,0.7,17.8,32
2021-05-11,11.2227220535278,13.0617790222168,31.9592571258545,-0.198011234402657,36,37.6,67.9,10.4,0.7,17.8,32
2021-05-12,11.3316230773926,12.7337427139282,32.0118827819824,-0.282140761613846,36,37.6,67.9,10.4,0.7,17.8,32
2021-05-13,11.3631200790405,12.749493598938,32.1597328186035,-0.269233077764511,36,37.6,67.9,10.4,0.7,17.8,32
2021-05-14,11.3740615844727,13.288233757019,32.1937599182129,-0.239808157086372,36,37.6,67.9,10.4,0.7,17.8,32
2021-05-15,11.6571455001831,14.3766288757324,32.0896949768066,-0.248671308159828,36,37.6,67.9,10.4,0.7,17.8,32
2021-05-16,11.7471809387207,15.1316156387329,32.053581237793,-0.205942273139954,36,37.6,67.9,10.4,0.7,17.8,32
2021-05-17,11.7676591873169,15.8568162918091,32.0693969726562,-0.190800532698631,36,37.6,67.9,10.4,0.7,17.8,32
2021-05-18,12.2091817855835,16.2891178131104,32.0473556518555,-0.248932883143425,36,37.6,67.9,10.4,0.7,17.8,32
2021-05-19,12.3208627700806,16.6795597076416,31.6870594024658,-0.311549633741379,36,37.6,67.9,10.4,0.7,17.8,32
2021-05-20,12.3847808837891,17.1959438323975,31.6404819488525,-0.251505970954895,36,37.6,67.9,10.4,0.7,17.8,32
2021-05-21,12.8760347366333,17.6760768890381,31.8074855804443,-0.236131027340889,36,37.6,67.9,10.4,0.7,17.8,32
2021-05-22,12.8833160400391,17.7686233520508,31.7188854217529,-0.239224255084991,36,37.6,67.9,10.4,0.7,17.8,32
2021-05-23,12.8622064590454,18.3732395172119,31.6796092987061,-0.223371922969818,36,37.6,67.9,10.4,0.7,17.8,32
2021-05-24,12.9063158035278,18.6311340332031,31.9133529663086,-0.230505302548409,36,37.6,67.9,10.4,0.7,17.8,32
2021-05-25,12.9865217208862,17.8807048797607,32.0742111206055,-0.258836060762405,36,37.6,67.9,10.4,0.7,17.8,32
2021-05-26,12.7970895767212,18.0274448394775,32.0044403076172,-0.290958732366562,36,37.6,67.9,10.4,0.7,17.8,32
2021-05-27,12.9255952835083,17.9980087280273,31.9664134979248,-0.269695430994034,36,37.6,67.9,10.4,0.7,17.8,32
2021-05-28,13.004807472229,18.1703815460205,31.9811382293701,-0.17701530456543,36,37.6,67.9,10.4,0.7,17.8,32
2021-05-29,12.931736946106,17.4874248504639,32.0125274658203,0.0502661168575287,36,37.6,67.9,10.4,0.7,17.8,32
2021-05-30,13.7862815856934,15.4422426223755,32.6424522399902,0.101064115762711,36,37.6,67.9,10.4,0.7,17.8,32
2021-05-31,14.5894041061401,14.8397989273071,32.7599296569824,-0.0780928060412407,36,37.6,67.9,10.4,0.7,17.8,32
2021-06-01,14.3311109542847,15.3628702163696,32.677173614502,-0.202822729945183,36,37.6,67.9,10.4,0.7,17.8,32
2021-06-02,13.045392036438,15.8915662765503,32.5468330383301,-0.20766194164753,36,37.6,67.9,10.4,0.7,17.8,32
2021-06-03,12.7410306930542,16.3738269805908,32.4398651123047,-0.102985471487045,36,37.6,67.9,10.4,0.7,17.8,32
2021-06-04,12.3470497131348,16.5053901672363,32.1303329467773,-0.0765392631292343,36,37.6,67.9,10.4,0.7,17.8,32
2021-06-05,11.8853378295898,17.695068359375,32.0021095275879,-0.155802696943283,36,37.6,67.9,10.4,0.7,17.8,32
2021-06-06,11.5103769302368,18.1259136199951,31.9155578613281,-0.190719068050385,36,37.6,67.9,10.4,0.7,17.8,32
2021-06-07,11.332142829895,18.5652370452881,31.8506374359131,-0.159898221492767,36,37.6,67.9,10.4,0.7,17.8,32
2021-06-08,12.1168222427368,19.6630744934082,31.7857608795166,-0.12989130616188,36,37.6,67.9,10.4,0.7,17.8,32
2021-06-09,12.2162351608276,20.1595668792725,31.8106250762939,-0.127391919493675,36,37.6,67.9,10.4,0.7,17.8,32
2021-06-10,12.2799673080444,20.6872520446777,31.8532733917236,-0.111393488943577,36,37.6,67.9,10.4,0.7,17.8,32
2021-06-11,12.6165761947632,19.6177883148193,31.9989948272705,0.057250302284956,36,37.6,67.9,10.4,0.7,17.8,32
2021-06-12,12.9936790466309,19.1209297180176,32.0520973205566,0.0760966241359711,36,37.6,67.9,10.4,0.7,17.8,32
2021-06-13,13.3076515197754,19.2013607025146,32.0764350891113,0.00548180704936385,36,37.6,67.9,10.4,0.7,17.8,32
2021-06-14,13.1313714981079,20.5466899871826,31.8559436798096,-0.0165718514472246,36,37.6,67.9,10.4,0.7,17.8,32
2021-06-15,12.8044080734253,20.9675769805908,31.8524475097656,0.0530585832893848,36,37.6,67.9,10.4,0.7,17.8,32
2021-06-16,12.7755546569824,21.4188022613525,31.8480682373047,0.0147444931790233,36,37.6,67.9,10.4,0.7,17.8,32
2021-06-17,13.1829805374146,21.1892776489258,31.8924007415771,-0.047364879399538,36,37.6,67.9,10.4,0.7,17.8,32
2021-06-18,13.2722806930542,21.3620662689209,31.852180480957,-0.114261455833912,36,37.6,67.9,10.4,0.7,17.8,32
2021-06-19,13.1881418228149,21.4597682952881,31.706787109375,-0.113022036850452,36,37.6,67.9,10.4,0.7,17.8,32
2021-06-20,13.8335180282593,22.1109638214111,31.9447269439697,-0.136894330382347,36,37.6,67.9,10.4,0.7,17.8,32
2021-06-21,13.7931890487671,22.4632587432861,32.0315551757812,-0.0974934920668602,36,37.6,67.9,10.4,0.7,17.8,32
2021-06-22,13.7480230331421,22.8346328735352,32.0246238708496,-0.0557548739016056,36,37.6,67.9,10.4,0.7,17.8,32
2021-06-23,14.2732162475586,21.7270050048828,31.9458827972412,-0.161065742373466,36,37.6,67.9,10.4,0.7,17.8,32
2021-06-24,14.606614112854,21.3212871551514,31.9779186248779,-0.175354763865471,36,37.6,67.9,10.4,0.7,17.8,32
2021-06-25,14.8408212661743,21.1477680206299,32.0521812438965,-0.126545324921608,36,37.6,67.9,10.4,0.7,17.8,32
2021-06-26,15.1233243942261,22.0975036621094,32.1652870178223,-0.206516027450562,36,37.6,67.9,10.4,0.7,17.8,32
2021-06-27,14.8522109985352,22.3210906982422,32.1187324523926,-0.246843293309212,36,37.6,67.9,10.4,0.7,17.8,32
2021-06-28,14.4688444137573,22.6238632202148,32.0811996459961,-0.26986375451088,36,37.6,67.9,10.4,0.7,17.8,32
2021-06-29,14.2579984664917,23.7772235870361,32.2619018554688,-0.278913855552673,36,37.6,67.9,10.4,0.7,17.8,32
2021-06-30,13.8913612365723,24.0816822052002,32.2307662963867,-0.22696852684021,36,37.6,67.9,10.4,0.7,17.8,32
2021-07-01,13.4439477920532,24.5549697875977,32.2682838439941,-0.147374927997589,36,37.6,67.9,10.4,0.7,17.8,32
2021-07-02,13.3252058029175,23.9546985626221,32.2159004211426,-0.0444007776677608,36,37.6,67.9,10.4,0.7,17.8,32
2021-07-03,13.5400466918945,23.5875148773193,32.2132911682129,-0.00649921828880906,36,37.6,67.9,10.4,0.7,17.8,32
2021-07-04,14.5891351699829,23.788366317749,32.1506309509277,-0.00778895430266857,36,37.6,67.9,10.4,0.7,17.8,32
2021-07-05,15.0434503555298,23.7371578216553,32.0823707580566,-0.0780722573399544,36,37.6,67.9,10.4,0.7,17.8,32
2021-07-06,14.710376739502,23.9017581939697,32.0668830871582,-0.098616749048233,36,37.6,67.9,10.4,0.7,17.8,32
2021-07-07,13.883303642273,24.0639057159424,31.5576095581055,-0.1647689640522,36,37.6,67.9,10.4,0.7,17.8,32
2021-07-08,14.3048067092896,23.4242687225342,31.998254776001,-0.163845583796501,36,37.6,67.9,10.4,0.7,17.8,32
2021-07-09,13.8033905029297,22.6009292602539,32.6120834350586,-0.064917229115963,36,37.6,67.9,10.4,0.7,17.8,32
2021-07-10,13.8635597229004,22.5646839141846,32.9256858825684,-0.113411001861095,36,37.6,67.9,10.4,0.7,17.8,32
2021-07-11,15.4587564468384,23.255952835083,32.8527526855469,-0.0813749954104424,36,37.6,67.9,10.4,0.7,17.8,32
2021-07-12,15.8541860580444,23.0858325958252,32.8724250793457,-0.119023025035858,36,37.6,67.9,10.4,0.7,17.8,32
2021-07-13,15.5948286056519,23.1017551422119,32.8461227416992,-0.108540296554565,36,37.6,67.9,10.4,0.7,17.8,32
2021-07-14,15.7393636703491,23.6505184173584,32.6972732543945,-0.0680792704224586,36,37.6,67.9,10.4,0.7,17.8,32
2021-07-15,15.8001546859741,24.0741176605225,32.4482917785645,-0.0769123658537865,36,37.6,67.9,10.4,0.7,17.8,32
2021-07-16,15.5919532775879,24.4867687225342,32.4423522949219,-0.0744180902838707,36,37.6,67.9,10.4,0.7,17.8,32
2021-07-17,15.4462547302246,25.2539157867432,32.6064414978027,-0.119154490530491,36,37.6,67.9,10.4,0.7,17.8,32
2021-07-18,15.0771131515503,24.8677272796631,32.6807136535645,-0.127397000789642,36,37.6,67.9,10.4,0.7,17.8,32
2021-07-19,14.8437690734863,24.6926784515381,32.7428359985352,-0.123546369373798,36,37.6,67.9,10.4,0.7,17.8,32
2021-07-20,14.5193862915039,23.9989242553711,32.7824363708496,-0.0632621720433235,36,37.6,67.9,10.4,0.7,17.8,32
2021-07-21,14.4885940551758,24.1898326873779,32.8086891174316,-0.0517363138496876,36,37.6,67.9,10.4,0.7,17.8,32
2021-07-22,14.5031270980835,24.1424045562744,32.7326545715332,-0.0642415508627892,36,37.6,67.9,10.4,0.7,17.8,32
2021-07-23,15.4967164993286,24.2920475006104,32.6304016113281,-0.0760468915104866,36,37.6,67.9,10.4,0.7,17.8,32
2021-07-24,15.5331878662109,24.6140213012695,32.6007423400879,-0.0698566883802414,36,37.6,67.9,10.4,0.7,17.8,32
2021-07-25,15.5057973861694,24.2629852294922,32.2200126647949,-0.0351516380906105,36,37.6,67.9,10.4,0.7,17.8,32
2021-07-26,14.1513433456421,23.7555675506592,31.612829208374,-0.0615752786397934,36,37.6,67.9,10.4,0.7,17.8,32
2021-07-27,13.9052934646606,24.2522964477539,31.8741302490234,-0.0029212876688689,36,37.6,67.9,10.4,0.7,17.8,32
2021-07-28,13.8425979614258,24.5051593780518,32.0546226501465,0.00771088013425469,36,37.6,67.9,10.4,0.7,17.8,32
2021-07-29,12.7614507675171,24.9012451171875,32.1962738037109,0.0187911037355661,36,37.6,67.9,10.4,0.7,17.8,32
2021-07-30,12.1147794723511,24.3566989898682,32.5068473815918,0.000107854604721069,36,37.6,67.9,10.4,0.7,17.8,32
2021-07-31,11.9464750289917,24.4936504364014,32.5245895385742,-0.0287143867462873,36,37.6,67.9,10.4,0.7,17.8,32
2021-08-01,11.6246919631958,23.7298583984375,32.5274963378906,-0.0549436770379543,36,37.6,67.9,10.4,0.7,17.8,32
2021-08-02,11.2685403823853,23.5176467895508,32.5015029907227,-0.0564021207392216,36,37.6,67.9,10.4,0.7,17.8,32
2021-08-03,11.2932786941528,23.8884582519531,32.4657974243164,-0.117482483386993,36,37.6,67.9,10.4,0.7,17.8,32
2021-08-04,11.60777759552,23.4201889038086,32.6251945495605,-0.111033953726292,36,37.6,67.9,10.4,0.7,17.8,32
2021-08-05,12.5128297805786,23.1712474822998,32.5338325500488,-0.0526886768639088,36,37.6,67.9,10.4,0.7,17.8,32
2021-08-06,13.052056312561,23.4575729370117,32.4819374084473,-0.140208169817924,36,37.6,67.9,10.4,0.7,17.8,32
2021-08-07,13.519980430603,23.8596343994141,32.3679962158203,-0.0808654800057411,36,37.6,67.9,10.4,0.7,17.8,32
2021-08-08,13.0816411972046,23.2899322509766,32.2785682678223,-0.0808823853731155,36,37.6,67.9,10.4,0.7,17.8,32
2021-08-09,13.489254951477,22.841682434082,32.095890045166,-0.0938083529472351,36,37.6,67.9,10.4,0.7,17.8,32
2021-08-10,13.5319261550903,24.2020111083984,32.0208625793457,-0.0807322338223457,36,37.6,67.9,10.4,0.7,17.8,32
2021-08-11,13.2037630081177,24.5653457641602,31.0665225982666,-0.0538033545017242,36,37.6,67.9,10.4,0.7,17.8,32
2021-08-12,12.7578382492065,25.04221534729,31.0203857421875,-0.0813940837979317,36,37.6,67.9,10.4,0.7,17.8,32
2021-08-13,14.2018432617188,25.40598487854,31.3637237548828,-0.049827516078949,36,37.6,67.9,10.4,0.7,17.8,32
2021-08-14,14.1814432144165,25.6091709136963,31.5326251983643,-0.0148330107331276,36,37.6,67.9,10.4,0.7,17.8,32
2021-08-15,14.0927228927612,25.7694778442383,31.5515041351318,0.00439143413677812,36,37.6,67.9,10.4,0.7,17.8,32
2021-08-16,14.9037675857544,25.8206558227539,31.5673370361328,-0.00960831623524427,36,37.6,67.9,10.4,0.7,17.8,32
2021-08-17,14.8376665115356,25.7671203613281,31.5941905975342,-0.0124220922589302,36,37.6,67.9,10.4,0.7,17.8,32
2021-08-18,14.2960348129272,26.1048431396484,31.5820388793945,0.00114846602082253,36,37.6,67.9,10.4,0.7,17.8,32
2021-08-19,14.5903310775757,26.3308734893799,31.7778186798096,-0.0548740215599537,36,37.6,67.9,10.4,0.7,17.8,32
2021-08-20,13.9606094360352,26.3274402618408,31.7429122924805,-0.0270527750253677,36,37.6,67.9,10.4,0.7,17.8,32
2021-08-21,13.768084526062,26.1412754058838,31.772008895874,0.00275124120526016,36,37.6,67.9,10.4,0.7,17.8,32
2021-08-22,13.2321166992188,25.898832321167,31.6631088256836,0.0427170358598232,36,37.6,67.9,10.4,0.7,17.8,32
2021-08-23,13.1441659927368,25.7640285491943,31.5370082855225,0.0090874508023262,36,37.6,67.9,10.4,0.7,17.8,32
2021-08-24,12.715256690979,25.7773380279541,31.4916820526123,0.0319567732512951,36,37.6,67.9,10.4,0.7,17.8,32
2021-08-25,13.8785238265991,26.8598651885986,31.5307292938232,-0.044892605394125,36,37.6,67.9,10.4,0.7,17.8,32
2021-08-26,13.7325468063354,27.2383594512939,31.4742431640625,0.00804259721189737,36,37.6,67.9,10.4,0.7,17.8,32
2021-08-27,13.3813972473145,27.4348526000977,31.4547939300537,0.029066875576973,36,37.6,67.9,10.4,0.7,17.8,32
2021-08-28,14.0185050964355,27.1972103118896,31.3974151611328,0.0130257904529572,36,37.6,67.9,10.4,0.7,17.8,32
2021-08-29,14.4866523742676,27.1704025268555,31.3424739837646,0.123757816851139,36,37.6,67.9,10.4,0.7,17.8,32
2021-08-30,14.4584836959839,27.176721572876,31.223747253418,0.113551758229733,36,37.6,67.9,10.4,0.7,17.8,32
2021-08-31,14.368763923645,27.3363971710205,31.1180953979492,0.0379403419792652,36,37.6,67.9,10.4,0.7,17.8,32
2021-09-01,13.980767250061,27.3194427490234,31.0398921966553,0.117332868278027,36,37.6,67.9,10.4,0.7,17.8,32
2021-09-02,14.0334253311157,25.2077198028564,31.3730335235596,0.118644990026951,36,37.6,67.9,10.4,0.7,17.8,32
2021-09-03,15.3138341903687,23.2416248321533,31.4955215454102,0.0428583920001984,36,37.6,67.9,10.4,0.7,17.8,32
2021-09-04,15.2943239212036,23.4024906158447,31.4988689422607,0.00723768258467317,36,37.6,67.9,10.4,0.7,17.8,32
2021-09-05,14.5562334060669,23.2761402130127,31.5063190460205,0.0327517651021481,36,37.6,67.9,10.4,0.7,17.8,32
2021-09-06,13.3465433120728,23.6337070465088,31.5170669555664,0.0229576174169779,36,37.6,67.9,10.4,0.7,17.8,32
2021-09-07,12.8702077865601,23.8604259490967,31.510290145874,0.0219654832035303,36,37.6,67.9,10.4,0.7,17.8,32
2021-09-08,12.7243967056274,24.2941970825195,31.4426193237305,0.0707236602902412,36,37.6,67.9,10.4,0.7,17.8,32
2021-09-09,12.8257398605347,24.0535182952881,31.6021881103516,0.126440137624741,36,37.6,67.9,10.4,0.7,17.8,32
2021-09-10,12.9611473083496,23.2383804321289,31.6666793823242,0.0431338548660278,36,37.6,67.9,10.4,0.7,17.8,32
2021-09-11,13.0837860107422,22.8626499176025,31.6530838012695,-0.0736394450068474,36,37.6,67.9,10.4,0.7,17.8,32
2021-09-12,12.3968744277954,23.0413112640381,31.6036281585693,-0.133949995040894,36,37.6,67.9,10.4,0.7,17.8,32
2021-09-13,11.0353765487671,23.6200733184814,31.6194477081299,-0.140856117010117,36,37.6,67.9,10.4,0.7,17.8,32
2021-09-14,10.8337087631226,23.9648284912109,31.63401222229,-0.0335894823074341,36,37.6,67.9,10.4,0.7,17.8,32
2021-09-15,12.944727897644,24.0005970001221,31.7593021392822,-0.00917938817292452,36,37.6,67.9,10.4,0.7,17.8,32
2021-09-16,12.5557775497437,24.078145980835,31.8224468231201,-0.0507338456809521,36,37.6,67.9,10.4,0.7,17.8,32
2021-09-17,12.6220216751099,24.0759525299072,31.816047668457,0.0352565571665764,36,37.6,67.9,10.4,0.7,17.8,32
2021-09-18,14.5994710922241,23.672327041626,31.7054805755615,0.0455099530518055,36,37.6,67.9,10.4,0.7,17.8,32
2021-09-19,15.7189321517944,23.6315231323242,31.4929828643799,-0.0426582805812359,36,37.6,67.9,10.4,0.7,17.8,32
2021-09-20,16.4452114105225,23.4999446868896,31.3079738616943,-0.0215188805013895,36,37.6,67.9,10.4,0.7,17.8,32
2021-09-21,17.9968852996826,23.4338130950928,31.3269805908203,-0.0132095590233803,36,37.6,67.9,10.4,0.7,17.8,32
2021-09-22,17.7496280670166,23.6215190887451,31.333475112915,0.0452205576002598,36,37.6,67.9,10.4,0.7,17.8,32
2021-09-23,17.183765411377,23.6094970703125,31.2924118041992,0.113050103187561,36,37.6,67.9,10.4,0.7,17.8,32
2021-09-24,18.232458114624,23.3635311126709,31.2885112762451,0.102738730609417,36,37.6,67.9,10.4,0.7,17.8,32
2021-09-25,18.3228702545166,23.0294189453125,31.4470920562744,0.0955773815512657,36,37.6,67.9,10.4,0.7,17.8,32
2021-09-26,18.2397327423096,22.7925262451172,31.4655132293701,0.0417057238519192,36,37.6,67.9,10.4,0.7,17.8,32
2021-09-27,17.0742816925049,22.8380527496338,31.5000381469727,-0.0705928355455399,36,37.6,67.9,10.4,0.7,17.8,32
2021-09-28,16.0943775177002,22.7306823730469,31.4640522003174,-0.114552825689316,36,37.6,67.9,10.4,0.7,17.8,32
2021-09-29,15.3126802444458,22.6781597137451,31.5241260528564,-0.0140412226319313,36,37.6,67.9,10.4,0.7,17.8,32
2021-09-30,16.3432216644287,22.1874771118164,31.6238765716553,0.0115843983367085,36,37.6,67.9,10.4,0.7,17.8,32
2021-10-01,16.6030864715576,21.9609394073486,31.5817546844482,-0.0285931285470724,36,37.6,67.9,10.4,0.7,17.8,32
2021-10-02,16.4238548278809,21.849967956543,31.5903415679932,-0.0510531663894653,36,37.6,67.9,10.4,0.7,17.8,32
2021-10-03,15.0174512863159,22.1411190032959,31.5376510620117,-0.0906718969345093,36,37.6,67.9,10.4,0.7,17.8,32
2021-10-04,14.2053375244141,22.2727813720703,31.0475215911865,-0.0775421932339668,36,37.6,67.9,10.4,0.7,17.8,32
2021-10-05,14.2857055664062,22.4799900054932,30.7357158660889,-0.00618778681382537,36,37.6,67.9,10.4,0.7,17.8,32
2021-10-06,15.8361597061157,22.2896881103516,30.6826019287109,-0.0393974855542183,36,37.6,67.9,10.4,0.7,17.8,32
2021-10-07,16.4156360626221,22.017333984375,30.9118576049805,-0.00749229500070214,36,37.6,67.9,10.4,0.7,17.8,32
2021-10-08,16.1665477752686,22.0017852783203,31.0200634002686,0.0226458515971899,36,37.6,67.9,10.4,0.7,17.8,32
2021-10-09,17.153413772583,21.6318130493164,31.2596111297607,0.122738063335419,36,37.6,67.9,10.4,0.7,17.8,32
2021-10-10,18.4806690216064,21.4423084259033,31.5425701141357,0.294814676046371,36,37.6,67.9,10.4,0.7,17.8,32
2021-10-11,20.2156543731689,21.2119274139404,31.8391284942627,0.327941298484802,36,37.6,67.9,10.4,0.7,17.8,32
2021-10-12,20.4661045074463,21.2642707824707,32.2496223449707,0.249483063817024,36,37.6,67.9,10.4,0.7,17.8,32
2021-10-13,20.9038333892822,21.1172618865967,32.3619689941406,0.156354829668999,36,37.6,67.9,10.4,0.7,17.8,32
2021-10-14,20.5682849884033,21.2062015533447,32.2049598693848,0.0794762223958969,36,37.6,67.9,10.4,0.7,17.8,32
2021-10-15,20.3547115325928,21.807897567749,32.1391563415527,0.0675287321209908,36,37.6,67.9,10.4,0.7,17.8,32
2021-10-16,20.2322826385498,21.7099132537842,31.9486408233643,0.0944303795695305,36,37.6,67.9,10.4,0.7,17.8,32
2021-10-17,19.9807529449463,21.1743602752686,31.9713954925537,0.0737121179699898,36,37.6,67.9,10.4,0.7,17.8,32
2021-10-18,18.8264389038086,20.7577228546143,32.3054008483887,-0.00652519380673766,36,37.6,67.9,10.4,0.7,17.8,32
2021-10-19,18.2228107452393,20.3386287689209,32.3649291992188,-0.0142718255519867,36,37.6,67.9,10.4,0.7,17.8,32
2021-10-20,17.7279720306396,20.2286281585693,32.1138877868652,-0.082685261964798,36,37.6,67.9,10.4,0.7,17.8,32
2021-10-21,17.5820846557617,20.2018280029297,31.7422046661377,-0.0148136606439948,36,37.6,67.9,10.4,0.7,17.8,32
2021-10-22,16.7656421661377,20.3769664764404,31.5686893463135,-0.0130090452730656,36,37.6,67.9,10.4,0.7,17.8,32
2021-10-23,15.4664964675903,20.1657752990723,31.8028049468994,0.048944566398859,36,37.6,67.9,10.4,0.7,17.8,32
2021-10-24,16.2018299102783,20.0799961090088,32.0555152893066,-0.0623383186757565,36,37.6,67.9,10.4,0.7,17.8,32
2021-10-25,16.3359050750732,20.164831161499,31.9706783294678,0.00545253464952111,36,37.6,67.9,10.4,0.7,17.8,32
2021-10-26,15.8013458251953,20.1658172607422,31.9476680755615,0.198235735297203,36,37.6,67.9,10.4,0.7,17.8,32
2021-10-27,16.9194068908691,19.2665271759033,32.2913093566895,0.333285748958588,36,37.6,67.9,10.4,0.7,17.8,32
2021-10-28,18.7262630462646,18.8848152160645,32.3923568725586,0.41533699631691,36,37.6,67.9,10.4,0.7,17.8,32
2021-10-29,19.0401363372803,18.8843536376953,32.6890602111816,0.499567776918411,36,37.6,67.9,10.4,0.7,17.8,32
2021-10-30,19.2913475036621,19.2306842803955,32.8598136901855,0.406958490610123,36,37.6,67.9,10.4,0.7,17.8,32
2021-10-31,19.2051086425781,19.0186214447021,32.5191497802734,0.266752183437347,36,37.6,67.9,10.4,0.7,17.8,32
2021-11-01,19.2202186584473,18.7848720550537,32.3873176574707,0.0537573359906673,36,37.6,67.9,10.4,0.7,17.8,32
2021-11-02,19.0486183166504,19.0085468292236,32.6162910461426,-0.0343374200165272,36,37.6,67.9,10.4,0.7,17.8,32
2021-11-03,18.9985313415527,18.806812286377,32.7592926025391,-0.0573529750108719,36,37.6,67.9,10.4,0.7,17.8,32
2021-11-04,18.9734191894531,18.6012649536133,32.8510475158691,-0.0316900573670864,36,37.6,67.9,10.4,0.7,17.8,32
2021-11-05,18.4652118682861,18.2365112304688,33.0352401733398,-0.022569602355361,36,37.6,67.9,10.4,0.7,17.8,32
2021-11-06,17.8760452270508,17.8428173065186,32.9936904907227,0.0336725637316704,36,37.6,67.9,10.4,0.7,17.8,32
2021-11-07,17.588191986084,17.5643081665039,33.048770904541,0.0927156805992126,36,37.6,67.9,10.4,0.7,17.8,32
2021-11-08,17.2422065734863,17.2819957733154,33.1362457275391,0.136892274022102,36,37.6,67.9,10.4,0.7,17.8,32
2021-11-09,17.0524482727051,17.08327293396,33.0158958435059,0.0320040285587311,36,37.6,67.9,10.4,0.7,17.8,32
2021-11-10,17.1491527557373,17.059268951416,32.9517021179199,-0.0024033288937062,36,37.6,67.9,10.4,0.7,17.8,32
2021-11-11,17.140811920166,17.0293807983398,33.0681304931641,-0.0114914700388908,36,37.6,67.9,10.4,0.7,17.8,32
2021-11-12,17.1463718414307,17.0906925201416,33.0247421264648,0.145469933748245,36,37.6,67.9,10.4,0.7,17.8,32
2021-11-13,17.14817237854,16.9829845428467,32.9211235046387,0.178354158997536,36,37.6,67.9,10.4,0.7,17.8,32
2021-11-14,16.1971874237061,17.0531558990479,32.9088172912598,-0.0439824312925339,36,37.6,67.9,10.4,0.7,17.8,32
2021-11-15,16.113130569458,16.7590770721436,32.9134712219238,-0.0818534940481186,36,37.6,67.9,10.4,0.7,17.8,32
2021-11-16,16.2404804229736,16.3086719512939,33.0487937927246,-0.186816081404686,36,37.6,67.9,10.4,0.7,17.8,32
2021-11-17,16.0649719238281,16.1768817901611,33.182559967041,-0.215447783470154,36,37.6,67.9,10.4,0.7,17.8,32
2021-11-18,15.9875268936157,15.8872880935669,32.8242683410645,-0.125657871365547,36,37.6,67.9,10.4,0.7,17.8,32
2021-11-19,15.8426465988159,15.6452560424805,32.6582565307617,-0.185158357024193,36,37.6,67.9,10.4,0.7,17.8,32
2021-11-20,15.7486219406128,15.5401449203491,32.9587287902832,-0.238269731402397,36,37.6,67.9,10.4,0.7,17.8,32
2021-11-21,15.716908454895,15.417311668396,32.9785423278809,-0.0905462503433228,36,37.6,67.9,10.4,0.7,17.8,32
2021-11-22,15.736442565918,15.3753175735474,32.9899139404297,0.0636409297585487,36,37.6,67.9,10.4,0.7,17.8,32
2021-11-23,15.9202156066895,15.4288358688354,33.1438369750977,-0.0100448606535792,36,37.6,67.9,10.4,0.7,17.8,32
2021-11-24,15.536150932312,15.0179634094238,33.2102661132812,-0.0354871451854706,36,37.6,67.9,10.4,0.7,17.8,32
2021-11-25,15.1699295043945,14.8177070617676,33.2467727661133,-0.0309092346578836,36,37.6,67.9,10.4,0.7,17.8,32
2021-11-26,14.8359041213989,14.9318504333496,33.3527488708496,-0.0407908447086811,36,37.6,67.9,10.4,0.7,17.8,32
2021-11-27,14.8926591873169,14.360481262207,33.3980445861816,-0.19319124519825,36,37.6,67.9,10.4,0.7,17.8,32
2021-11-28,14.8600759506226,13.6311597824097,32.9892425537109,-0.140200510621071,36,37.6,67.9,10.4,0.7,17.8,32
2021-11-29,14.8751497268677,13.7471494674683,33.1103668212891,-0.112228639423847,36,37.6,67.9,10.4,0.7,17.8,32
2021-11-30,14.8505859375,13.6353712081909,33.3371200561523,-0.189075633883476,36,37.6,67.9,10.4,0.7,17.8,32
2021-12-01,14.9269638061523,13.2262229919434,33.1334037780762,-0.273416608572006,36,37.6,67.9,10.4,0.7,17.8,32
2021-12-02,14.6536178588867,13.2530746459961,32.741024017334,-0.154958888888359,36,37.6,67.9,10.4,0.7,17.8,32
2021-12-03,14.8085289001465,12.9968957901001,32.5478591918945,-0.257639199495316,36,37.6,67.9,10.4,0.7,17.8,32
2021-12-04,14.8909912109375,12.9686851501465,32.6931686401367,-0.266222029924393,36,37.6,67.9,10.4,0.7,17.8,32
2021-12-05,14.7744626998901,13.5600805282593,32.688648223877,-0.293045610189438,36,37.6,67.9,10.4,0.7,17.8,32
2021-12-06,14.6860198974609,13.4189367294312,32.6725730895996,-0.107359983026981,36,37.6,67.9,10.4,0.7,17.8,32
2021-12-07,14.7322883605957,13.084921836853,32.5485038757324,-0.235315322875977,36,37.6,67.9,10.4,0.7,17.8,32
2021-12-08,14.8846054077148,13.2970094680786,32.7362060546875,-0.192419186234474,36,37.6,67.9,10.4,0.7,17.8,32
2021-12-09,14.8694715499878,13.0878791809082,32.8356971740723,-0.209177657961845,36,37.6,67.9,10.4,0.7,17.8,32
2021-12-10,14.6781425476074,12.7268266677856,32.7910041809082,-0.132532775402069,36,37.6,67.9,10.4,0.7,17.8,32
2021-12-11,13.8724250793457,12.4869318008423,32.7887115478516,-0.166593059897423,36,37.6,67.9,10.4,0.7,17.8,32
2021-12-12,14.0430879592896,12.6123380661011,32.9349746704102,-0.415675401687622,36,37.6,67.9,10.4,0.7,17.8,32
2021-12-13,14.1637315750122,12.6740045547485,33.1355476379395,-0.491124242544174,36,37.6,67.9,10.4,0.7,17.8,32
2021-12-14,13.9539403915405,12.9902267456055,33.2273139953613,-0.519302725791931,36,37.6,67.9,10.4,0.7,17.8,32
2021-12-15,13.8193321228027,12.8788728713989,33.2884864807129,-0.315890938043594,36,37.6,67.9,10.4,0.7,17.8,32
2021-12-16,13.5600214004517,12.653736114502,33.2242088317871,-0.267303109169006,36,37.6,67.9,10.4,0.7,17.8,32
2021-12-17,14.1174421310425,13.2254877090454,33.1912574768066,-0.3200723528862,36,37.6,67.9,10.4,0.7,17.8,32
2021-12-18,14.2807550430298,13.3571128845215,33.2728309631348,-0.241476818919182,36,37.6,67.9,10.4,0.7,17.8,32
2021-12-19,14.1936569213867,13.2727317810059,33.2674674987793,-0.140090450644493,36,37.6,67.9,10.4,0.7,17.8,32
2021-12-20,13.553768157959,11.9118871688843,33.2948112487793,-0.0971047803759575,36,37.6,67.9,10.4,0.7,17.8,32
2021-12-21,13.2456321716309,11.6289863586426,33.1481971740723,-0.0290975105017424,36,37.6,67.9,10.4,0.7,17.8,32
2021-12-22,13.4340620040894,11.9137268066406,33.3696022033691,0.0202762838453054,36,37.6,67.9,10.4,0.7,17.8,32
2021-12-23,13.324501991272,12.4238815307617,33.3577041625977,-0.11811950802803,36,37.6,67.9,10.4,0.7,17.8,32
2021-12-24,12.3696479797363,12.1776847839355,33.331844329834,-0.0546281188726425,36,37.6,67.9,10.4,0.7,17.8,32
2021-12-25,12.7699670791626,12.1067762374878,33.2821655273438,-0.00906224083155394,36,37.6,67.9,10.4,0.7,17.8,32
2021-12-26,13.0321426391602,12.1043968200684,32.9653167724609,-0.105840861797333,36,37.6,67.9,10.4,0.7,17.8,32
2021-12-27,12.9871101379395,12.1530275344849,33.3305015563965,-0.0120858028531075,36,37.6,67.9,10.4,0.7,17.8,32
2021-12-28,12.9301605224609,12.0919981002808,33.3968162536621,0.0861025080084801,36,37.6,67.9,10.4,0.7,17.8,32
2021-12-29,12.0567407608032,11.7533836364746,33.5812492370605,0.0470951534807682,36,37.6,67.9,10.4,0.7,17.8,32
2021-12-30,12.0245122909546,11.6914167404175,33.51708984375,0.0423382706940174,36,37.6,67.9,10.4,0.7,17.8,32
2021-12-31,12.0025968551636,11.5029382705688,33.3997116088867,0.0465557612478733,36,37.6,67.9,10.4,0.7,17.8,32
2022-01-01,11.5992021560669,10.7478399276733,33.1706657409668,0.0217756703495979,36,37.6,67.9,10.4,0.7,17.8,32
2022-01-02,11.6506757736206,10.6363019943237,32.8867149353027,0.0227916780859232,36,37.6,67.9,10.4,0.7,17.8,32
2022-01-03,11.5349931716919,10.8084707260132,33.1347846984863,0.0633562877774239,36,37.6,67.9,10.4,0.7,17.8,32
2022-01-04,10.5812377929688,10.5320310592651,33.3325996398926,0.0286881681531668,36,37.6,67.9,10.4,0.7,17.8,32
2022-01-05,10.6939897537231,10.4145765304565,33.315860748291,0.0287090819329023,36,37.6,67.9,10.4,0.7,17.8,32
2022-01-06,10.8177213668823,10.2865715026855,33.1496620178223,-0.068689726293087,36,37.6,67.9,10.4,0.7,17.8,32
2022-01-07,10.8290357589722,10.2389783859253,33.3773651123047,-0.0421930253505707,36,37.6,67.9,10.4,0.7,17.8,32
2022-01-08,10.2285566329956,10.1671752929688,33.4912910461426,-0.223810791969299,36,37.6,67.9,10.4,0.7,17.8,32
2022-01-09,10.1790618896484,10.0108480453491,33.4942893981934,-0.225481510162354,36,37.6,67.9,10.4,0.7,17.8,32
2022-01-10,10.3217420578003,9.60804080963135,33.1002922058105,-0.310775429010391,36,37.6,67.9,10.4,0.7,17.8,32
2022-01-11,9.94629192352295,9.60256099700928,33.358829498291,-0.366063356399536,36,37.6,67.9,10.4,0.7,17.8,32
2022-01-12,9.59485340118408,9.55317783355713,33.4943580627441,-0.199813485145569,36,37.6,67.9,10.4,0.7,17.8,32
2022-01-13,9.63540554046631,9.19778156280518,33.379940032959,-0.173570334911346,36,37.6,67.9,10.4,0.7,17.8,32
2022-01-14,9.71001434326172,9.30832767486572,33.4723243713379,0.0479463338851929,36,37.6,67.9,10.4,0.7,17.8,32
2022-01-15,9.24677181243896,9.2055082321167,33.4638214111328,0.0777413621544838,36,37.6,67.9,10.4,0.7,17.8,32
2022-01-16,9.77063465118408,9.82575798034668,33.7294731140137,0.0147162554785609,36,37.6,67.9,10.4,0.7,17.8,32
2022-01-17,9.70675945281982,9.68140316009521,33.6579818725586,0.114754818379879,36,37.6,67.9,10.4,0.7,17.8,32
2022-01-18,9.13145923614502,9.03670501708984,33.524486541748,-0.31755656003952,36,37.6,67.9,10.4,0.7,17.8,32
2022-01-19,9.01506519317627,8.81074619293213,33.4913063049316,-0.362937331199646,36,37.6,67.9,10.4,0.7,17.8,32
2022-01-20,9.19233989715576,8.25438594818115,33.2043724060059,-0.25641730427742,36,37.6,67.9,10.4,0.7,17.8,32
2022-01-21,8.95872402191162,8.56636333465576,33.470142364502,-0.115964621305466,36,37.6,67.9,10.4,0.7,17.8,32
2022-01-22,8.51173686981201,8.4870080947876,33.587287902832,-0.0263471063226461,36,37.6,67.9,10.4,0.7,17.8,32
2022-01-23,8.75078773498535,8.56553745269775,33.6032257080078,-0.0830597802996635,36,37.6,67.9,10.4,0.7,17.8,32
2022-01-24,9.0257978439331,8.46218299865723,33.6191291809082,-0.0892800465226173,36,37.6,67.9,10.4,0.7,17.8,32
2022-01-25,8.63848209381104,8.40469455718994,33.6346435546875,-0.103138603270054,36,37.6,67.9,10.4,0.7,17.8,32
2022-01-26,8.64689826965332,8.53035640716553,33.7715835571289,-0.14477165043354,36,37.6,67.9,10.4,0.7,17.8,32
2022-01-27,8.56982231140137,8.53548717498779,33.8649787902832,-0.213282480835915,36,37.6,67.9,10.4,0.7,17.8,32
2022-01-28,7.50745344161987,8.6418924331665,33.8332786560059,-0.141828954219818,36,37.6,67.9,10.4,0.7,17.8,32
2022-01-29,7.61337852478027,7.89858293533325,33.8458976745605,0.114557094871998,36,37.6,67.9,10.4,0.7,17.8,32
2022-01-30,7.03033113479614,6.96850204467773,33.5534782409668,-0.0493537373840809,36,37.6,67.9,10.4,0.7,17.8,32
2022-01-31,7.20984840393066,7.15833044052124,33.6886291503906,-0.287310689687729,36,37.6,67.9,10.4,0.7,17.8,32
2022-02-01,7.20619773864746,7.19659042358398,33.7366142272949,-0.221139550209045,36,37.6,67.9,10.4,0.7,17.8,32
2022-02-02,6.9025673866272,6.9003963470459,33.5527877807617,-0.205472469329834,36,37.6,67.9,10.4,0.7,17.8,32
2022-02-03,6.77742147445679,6.63922452926636,33.4362144470215,-0.258395344018936,36,37.6,67.9,10.4,0.7,17.8,32
2022-02-04,7.0679087638855,6.65245056152344,33.3957977294922,-0.21783883869648,36,37.6,67.9,10.4,0.7,17.8,32
2022-02-05,7.21595621109009,6.72122383117676,33.4136924743652,-0.302491664886475,36,37.6,67.9,10.4,0.7,17.8,32
2022-02-06,6.73117446899414,6.60142183303833,33.5614204406738,-0.305321127176285,36,37.6,67.9,10.4,0.7,17.8,32
2022-02-07,6.6123366355896,6.60733938217163,33.5314979553223,-0.14470686018467,36,37.6,67.9,10.4,0.7,17.8,32
2022-02-08,6.81131887435913,6.81781148910522,33.5410957336426,-0.0869008228182793,36,37.6,67.9,10.4,0.7,17.8,32
2022-02-09,6.79958534240723,6.64501237869263,33.2808837890625,-0.263991147279739,36,37.6,67.9,10.4,0.7,17.8,32
2022-02-10,6.92962265014648,6.49872589111328,33.1799583435059,-0.215893492102623,36,37.6,67.9,10.4,0.7,17.8,32
2022-02-11,7.10393476486206,6.22406578063965,32.9297294616699,-0.220899298787117,36,37.6,67.9,10.4,0.7,17.8,32
2022-02-12,6.86972045898438,6.40653848648071,32.7731781005859,-0.202790334820747,36,37.6,67.9,10.4,0.7,17.8,32
2022-02-13,7.01025819778442,6.70831727981567,32.9637031555176,-0.226410314440727,36,37.6,67.9,10.4,0.7,17.8,32
2022-02-14,6.76622247695923,6.92512655258179,33.2914543151855,-0.240607038140297,36,37.6,67.9,10.4,0.7,17.8,32
2022-02-15,6.61671781539917,6.67701482772827,33.3800735473633,-0.392783671617508,36,37.6,67.9,10.4,0.7,17.8,32
2022-02-16,6.65909767150879,6.6642746925354,33.4232139587402,-0.364320874214172,36,37.6,67.9,10.4,0.7,17.8,32
2022-02-17,6.90657234191895,6.30973434448242,33.031681060791,-0.257513582706451,36,37.6,67.9,10.4,0.7,17.8,32
2022-02-18,7.51718378067017,6.49287843704224,32.8793525695801,-0.296056300401688,36,37.6,67.9,10.4,0.7,17.8,32
2022-02-19,7.69088411331177,7.04877471923828,33.396671295166,-0.355576753616333,36,37.6,67.9,10.4,0.7,17.8,32
2022-02-20,7.10591888427734,6.9597544670105,33.3801155090332,-0.389363437891006,36,37.6,67.9,10.4,0.7,17.8,32
2022-02-21,6.78624963760376,6.95328330993652,33.3088111877441,-0.34454146027565,36,37.6,67.9,10.4,0.7,17.8,32
2022-02-22,6.8680214881897,7.08411645889282,33.274040222168,-0.248410120606422,36,37.6,67.9,10.4,0.7,17.8,32
2022-02-23,7.08973073959351,6.70224952697754,33.0498046875,-0.234422132372856,36,37.6,67.9,10.4,0.7,17.8,32
2022-02-24,7.43088674545288,6.69508218765259,33.1869354248047,-0.275057941675186,36,37.6,67.9,10.4,0.7,17.8,32
2022-02-25,7.20073080062866,6.87979078292847,33.295467376709,-0.175117239356041,36,37.6,67.9,10.4,0.7,17.8,32
2022-02-26,6.94721078872681,6.79692029953003,33.204719543457,-0.279877096414566,36,37.6,67.9,10.4,0.7,17.8,32
2022-02-27,6.91769742965698,6.93913984298706,33.2192878723145,-0.235817134380341,36,37.6,67.9,10.4,0.7,17.8,32
2022-02-28,7.15234565734863,6.98487424850464,33.2873077392578,-0.324030697345734,36,37.6,67.9,10.4,0.7,17.8,32
2022-03-01,7.23401021957397,7.25034189224243,33.4120025634766,-0.173511505126953,36,37.6,67.9,10.4,0.7,17.8,32
2022-03-02,7.1520504951477,7.46307516098022,33.316722869873,-0.151407957077026,36,37.6,67.9,10.4,0.7,17.8,32
2022-03-03,7.32117986679077,7.61957550048828,33.3131408691406,-0.203270316123962,36,37.6,67.9,10.4,0.7,17.8,32
2022-03-04,7.41171884536743,7.54410171508789,33.3981666564941,-0.247957095503807,36,37.6,67.9,10.4,0.7,17.8,32
2022-03-05,7.63354444503784,7.65473937988281,33.3394660949707,-0.32598340511322,36,37.6,67.9,10.4,0.7,17.8,32
2022-03-06,7.78772783279419,7.6362361907959,33.1282920837402,-0.269400507211685,36,37.6,67.9,10.4,0.7,17.8,32
2022-03-07,8.144944190979,7.34407615661621,32.1642875671387,-0.306791633367538,36,37.6,67.9,10.4,0.7,17.8,32
2022-03-08,8.41867733001709,7.74124908447266,32.4332008361816,-0.39380070567131,36,37.6,67.9,10.4,0.7,17.8,32
2022-03-09,8.61344146728516,7.96996164321899,32.5893249511719,-0.187492489814758,36,37.6,67.9,10.4,0.7,17.8,32
2022-03-10,8.47002029418945,8.02996158599854,32.658748626709,-0.127709895372391,36,37.6,67.9,10.4,0.7,17.8,32
2022-03-11,8.04465484619141,8.52305221557617,32.6819305419922,-0.102535806596279,36,37.6,67.9,10.4,0.7,17.8,32
2022-03-12,8.18507480621338,8.61331081390381,32.7631492614746,-0.00885789934545755,36,37.6,67.9,10.4,0.7,17.8,32
2022-03-13,8.58059406280518,8.22467422485352,33.0792045593262,-0.462440848350525,36,37.6,67.9,10.4,0.7,17.8,32
2022-03-14,9.1699275970459,7.84918642044067,32.937572479248,-0.53391832113266,36,37.6,67.9,10.4,0.7,17.8,32
2022-03-15,9.30050849914551,8.01283359527588,32.9645156860352,-0.353996515274048,36,37.6,67.9,10.4,0.7,17.8,32
2022-03-16,9.5130729675293,8.11908626556396,32.8625907897949,-0.209473729133606,36,37.6,67.9,10.4,0.7,17.8,32
2022-03-17,8.63838768005371,8.46706581115723,33.2765426635742,-0.0829758197069168,36,37.6,67.9,10.4,0.7,17.8,32
2022-03-18,8.39772796630859,8.3276252746582,33.2308921813965,-0.205399334430695,36,37.6,67.9,10.4,0.7,17.8,32
2022-03-19,8.45662307739258,8.37863254547119,33.1645545959473,-0.101985491812229,36,37.6,67.9,10.4,0.7,17.8,32
2022-03-20,8.39575099945068,8.71596050262451,32.8166198730469,-0.0905146822333336,36,37.6,67.9,10.4,0.7,17.8,32
2022-03-21,8.51203155517578,8.97226428985596,33.0177993774414,-0.213195249438286,36,37.6,67.9,10.4,0.7,17.8,32
2022-03-22,8.58584308624268,9.15309238433838,33.0456886291504,-0.213576197624207,36,37.6,67.9,10.4,0.7,17.8,32
2022-03-23,8.87085723876953,9.1734561920166,33.1643180847168,-0.161671310663223,36,37.6,67.9,10.4,0.7,17.8,32
2022-03-24,8.72300052642822,9.22069358825684,32.8623046875,-0.0225773900747299,36,37.6,67.9,10.4,0.7,17.8,32
2022-03-25,8.43692493438721,8.97683715820312,32.1837005615234,0.0638816431164742,36,37.6,67.9,10.4,0.7,17.8,32
2022-03-26,8.51393604278564,8.81404495239258,32.1727409362793,-0.0148525042459369,36,37.6,67.9,10.4,0.7,17.8,32
2022-03-27,8.67199420928955,8.54924964904785,32.3263778686523,-0.117459803819656,36,37.6,67.9,10.4,0.7,17.8,32
2022-03-28,8.8497896194458,8.28200626373291,32.6333236694336,-0.195667013525963,36,37.6,67.9,10.4,0.7,17.8,32
2022-03-29,8.860520362854,8.08371639251709,32.8142166137695,-0.277887970209122,36,37.6,67.9,10.4,0.7,17.8,32
2022-03-30,8.87524700164795,7.98424673080444,32.883373260498,-0.302235722541809,36,37.6,67.9,10.4,0.7,17.8,32
2022-03-31,8.9488000869751,8.09626388549805,32.8120002746582,-0.147002622485161,36,37.6,67.9,10.4,0.7,17.8,32
2022-04-01,8.56124591827393,8.40811538696289,32.5836219787598,-0.162084430456161,36,37.6,67.9,10.4,0.7,17.8,32
2022-04-02,8.77354907989502,8.56864070892334,32.6668586730957,-0.293142288923264,36,37.6,67.9,10.4,0.7,17.8,32
2022-04-03,8.96845245361328,8.85662841796875,32.7315521240234,-0.15399906039238,36,37.6,67.9,10.4,0.7,17.8,32
2022-04-04,9.13304138183594,8.84850788116455,32.7194404602051,-0.143851190805435,36,37.6,67.9,10.4,0.7,17.8,32
2022-04-05,9.12360095977783,8.93241214752197,32.6989555358887,-0.161477878689766,36,37.6,67.9,10.4,0.7,17.8,32
2022-04-06,9.08743190765381,9.20807933807373,32.4935722351074,-0.0261503364890814,36,37.6,67.9,10.4,0.7,17.8,32
2022-04-07,8.9165849685669,8.96943378448486,32.4464149475098,0.0390769951045513,36,37.6,67.9,10.4,0.7,17.8,32
2022-04-08,8.66215705871582,8.77550411224365,32.3142738342285,0.0502348653972149,36,37.6,67.9,10.4,0.7,17.8,32
2022-04-09,8.60515213012695,8.9428129196167,32.2356910705566,-0.0203894581645727,36,37.6,67.9,10.4,0.7,17.8,32
2022-04-10,8.64059638977051,8.744215965271,32.2862281799316,-0.100347369909286,36,37.6,67.9,10.4,0.7,17.8,32
2022-04-11,8.7668924331665,8.65551567077637,32.5262832641602,-0.210267543792725,36,37.6,67.9,10.4,0.7,17.8,32
2022-04-12,8.7658805847168,8.89223575592041,32.5227317810059,-0.153104677796364,36,37.6,67.9,10.4,0.7,17.8,32
2022-04-13,8.19473743438721,8.84846115112305,32.607852935791,-0.183615162968636,36,37.6,67.9,10.4,0.7,17.8,32
2022-04-14,8.1697187423706,9.43404483795166,32.0871200561523,-0.129941686987877,36,37.6,67.9,10.4,0.7,17.8,32
2022-04-15,8.24240016937256,9.97942447662354,31.7854404449463,-0.191469669342041,36,37.6,67.9,10.4,0.7,17.8,32
2022-04-16,8.8776216506958,10.2382354736328,31.8762683868408,-0.193478360772133,36,37.6,67.9,10.4,0.7,17.8,32
2022-04-17,8.964280128479,10.5149059295654,31.8732089996338,-0.183227881789207,36,37.6,67.9,10.4,0.7,17.8,32
2022-04-18,8.91458320617676,10.3319501876831,32.0711860656738,-0.163432985544205,36,37.6,67.9,10.4,0.7,17.8,32
2022-04-19,8.70482444763184,9.57338047027588,32.3362083435059,-0.0697267577052116,36,37.6,67.9,10.4,0.7,17.8,32
2022-04-20,8.83194160461426,9.49163150787354,32.3388557434082,-0.361666202545166,36,37.6,67.9,10.4,0.7,17.8,32
2022-04-21,9.0225305557251,9.82983684539795,32.3716621398926,-0.308989465236664,36,37.6,67.9,10.4,0.7,17.8,32
2022-04-22,8.60452365875244,10.1070241928101,31.9393520355225,-0.236022546887398,36,37.6,67.9,10.4,0.7,17.8,32
2022-04-23,8.65320301055908,10.4278621673584,31.9461765289307,-0.208750784397125,36,37.6,67.9,10.4,0.7,17.8,32
2022-04-24,8.66321468353271,10.6596355438232,31.9468441009521,-0.123104572296143,36,37.6,67.9,10.4,0.7,17.8,32
2022-04-25,8.82199573516846,11.2734708786011,32.4931373596191,-0.0918328836560249,36,37.6,67.9,10.4,0.7,17.8,32
2022-04-26,8.74626636505127,11.1551961898804,32.5770530700684,-0.0497449971735477,36,37.6,67.9,10.4,0.7,17.8,32
2022-04-27,8.68322467803955,11.1409597396851,32.409538269043,-0.0864088758826256,36,37.6,67.9,10.4,0.7,17.8,32
2022-04-28,9.11377334594727,10.2377634048462,32.5272102355957,-0.187272652983665,36,37.6,67.9,10.4,0.7,17.8,32
2022-04-29,9.24286937713623,10.154182434082,32.6122627258301,-0.158298179507256,36,37.6,67.9,10.4,0.7,17.8,32
2022-04-30,9.35392665863037,10.3801412582397,32.5621299743652,-0.120110034942627,36,37.6,67.9,10.4,0.7,17.8,32
2022-05-01,9.06449317932129,10.5280122756958,32.6188430786133,-0.080872505903244,36,37.6,67.9,10.4,0.7,17.8,32
2022-05-02,8.97539520263672,11.1028966903687,32.5236053466797,-0.0328746624290943,36,37.6,67.9,10.4,0.7,17.8,32
2022-05-03,8.94006443023682,11.4322090148926,32.6910209655762,-0.030494587495923,36,37.6,67.9,10.4,0.7,17.8,32
2022-05-04,9.03607082366943,11.2939195632935,32.8450660705566,-0.02094766497612,36,37.6,67.9,10.4,0.7,17.8,32
2022-05-05,9.03961277008057,11.6644248962402,32.7087211608887,-0.111333467066288,36,37.6,67.9,10.4,0.7,17.8,32
2022-05-06,9.01556491851807,11.7512092590332,32.8185653686523,-0.0635802373290062,36,37.6,67.9,10.4,0.7,17.8,32
2022-05-07,10.3035249710083,11.3292694091797,32.7871398925781,0.219855710864067,36,37.6,67.9,10.4,0.7,17.8,32
2022-05-08,10.7226266860962,10.7302742004395,32.5337333679199,0.391205430030823,36,37.6,67.9,10.4,0.7,17.8,32
2022-05-09,10.4007997512817,10.4014520645142,32.6255264282227,0.400618225336075,36,37.6,67.9,10.4,0.7,17.8,32
2022-05-10,10.2471857070923,10.2399673461914,32.8949546813965,0.345429807901382,36,37.6,67.9,10.4,0.7,17.8,32
2022-05-11,10.1933546066284,10.1888647079468,33.0071144104004,0.209651723504066,36,37.6,67.9,10.4,0.7,17.8,32
2022-05-12,10.0869550704956,10.0950918197632,33.1167259216309,0.0597915910184383,36,37.6,67.9,10.4,0.7,17.8,32
2022-05-13,10.4880514144897,11.1977262496948,33.1955451965332,-0.0792643800377846,36,37.6,67.9,10.4,0.7,17.8,32
2022-05-14,10.5123405456543,11.5547590255737,33.0694999694824,-0.130718812346458,36,37.6,67.9,10.4,0.7,17.8,32
2022-05-15,10.4749555587769,11.8056678771973,32.9142456054688,-0.0922219455242157,36,37.6,67.9,10.4,0.7,17.8,32
2022-05-16,10.0646753311157,12.2566337585449,32.6432762145996,-0.020153321325779,36,37.6,67.9,10.4,0.7,17.8,32
2022-05-17,10.0756378173828,12.975245475769,31.8549861907959,-0.0591941364109516,36,37.6,67.9,10.4,0.7,17.8,32
2022-05-18,10.1580820083618,13.5815315246582,31.6858081817627,-0.12501747906208,36,37.6,67.9,10.4,0.7,17.8,32
2022-05-19,10.154655456543,13.622145652771,31.5864696502686,-0.0663501173257828,36,37.6,67.9,10.4,0.7,17.8,32
2022-05-20,10.1756200790405,13.8315162658691,31.4143524169922,-0.0348008386790752,36,37.6,67.9,10.4,0.7,17.8,32
2022-05-21,10.1817121505737,13.9151573181152,31.1879367828369,-0.0295666456222534,36,37.6,67.9,10.4,0.7,17.8,32
2022-05-22,10.822696685791,15.5595388412476,31.1377811431885,-0.0725610554218292,36,37.6,67.9,10.4,0.7,17.8,32
2022-05-23,10.9322280883789,16.2364864349365,31.1338558197021,-0.0801187679171562,36,37.6,67.9,10.4,0.7,17.8,32
2022-05-24,10.9171676635742,16.2256641387939,31.15651512146,-0.038050401955843,36,37.6,67.9,10.4,0.7,17.8,32
2022-05-25,10.5659494400024,14.8037557601929,31.8332614898682,-0.051029235124588,36,37.6,67.9,10.4,0.7,17.8,32
2022-05-26,10.5876321792603,14.5495119094849,32.1840705871582,-0.0457023493945599,36,37.6,67.9,10.4,0.7,17.8,32
2022-05-27,10.4845399856567,14.667652130127,32.049488067627,-0.0264303330332041,36,37.6,67.9,10.4,0.7,17.8,32
2022-05-28,10.0769357681274,15.6666479110718,31.4065113067627,-0.0716267973184586,36,37.6,67.9,10.4,0.7,17.8,32
2022-05-29,9.9660062789917,16.6430816650391,31.1618175506592,-0.0831933841109276,36,37.6,67.9,10.4,0.7,17.8,32
2022-05-30,9.97296524047852,17.4433689117432,31.1398391723633,-0.0762948989868164,36,37.6,67.9,10.4,0.7,17.8,32
2022-05-31,9.74643611907959,18.4121990203857,30.8532733917236,-0.16290794312954,36,37.6,67.9,10.4,0.7,17.8,32
2022-06-01,9.73178291320801,19.078296661377,30.6937160491943,-0.00991975609213114,36,37.6,67.9,10.4,0.7,17.8,32
2022-06-02,9.89394187927246,19.3333950042725,30.6973419189453,0.0529687851667404,36,37.6,67.9,10.4,0.7,17.8,32
2022-06-03,10.4297876358032,19.505392074585,30.5218181610107,0.0263796094805002,36,37.6,67.9,10.4,0.7,17.8,32
2022-06-04,10.4483633041382,19.7584857940674,30.4511413574219,0.0155042223632336,36,37.6,67.9,10.4,0.7,17.8,32
2022-06-05,10.4620122909546,19.430757522583,30.7158641815186,0.0129481134936213,36,37.6,67.9,10.4,0.7,17.8,32
2022-06-06,10.6466236114502,18.1744632720947,31.4322490692139,0.00206880760379136,36,37.6,67.9,10.4,0.7,17.8,32
2022-06-07,10.6249094009399,18.5585460662842,31.3712177276611,-0.0329099260270596,36,37.6,67.9,10.4,0.7,17.8,32
2022-06-08,10.5082130432129,19.0364379882812,31.0267658233643,0.00399756385013461,36,37.6,67.9,10.4,0.7,17.8,32
2022-06-09,11.3398752212524,19.9175548553467,30.9622821807861,0.0290937144309282,36,37.6,67.9,10.4,0.7,17.8,32
2022-06-10,11.4766511917114,20.376485824585,30.9655380249023,-0.0506329201161861,36,37.6,67.9,10.4,0.7,17.8,32
2022-06-11,11.5180234909058,20.9368114471436,30.9863204956055,-0.0548379272222519,36,37.6,67.9,10.4,0.7,17.8,32
2022-06-12,12.0380563735962,21.6485157012939,30.9924793243408,-0.0702579319477081,36,37.6,67.9,10.4,0.7,17.8,32
2022-06-13,12.1673173904419,21.9410858154297,31.0503559112549,-0.0825864225625992,36,37.6,67.9,10.4,0.7,17.8,32
2022-06-14,12.2002534866333,21.7749328613281,31.12522315979,-0.0663293227553368,36,37.6,67.9,10.4,0.7,17.8,32
2022-06-15,12.4790124893188,21.6815662384033,31.1808776855469,-0.0829446092247963,36,37.6,67.9,10.4,0.7,17.8,32
2022-06-16,12.5726051330566,21.6139240264893,31.2769908905029,-0.00298986886627972,36,37.6,67.9,10.4,0.7,17.8,32
2022-06-17,12.4379358291626,21.6550884246826,31.2728118896484,0.0422927998006344,36,37.6,67.9,10.4,0.7,17.8,32
2022-06-18,13.3536043167114,21.6746673583984,31.2668514251709,0.0609030835330486,36,37.6,67.9,10.4,0.7,17.8,32
2022-06-19,13.8126602172852,20.7379131317139,31.4723663330078,0.0317149721086025,36,37.6,67.9,10.4,0.7,17.8,32
2022-06-20,14.0257120132446,20.3165397644043,31.7489490509033,0.0199905708432198,36,37.6,67.9,10.4,0.7,17.8,32
2022-06-21,13.9651145935059,20.2813873291016,31.7991504669189,-0.0778870359063148,36,37.6,67.9,10.4,0.7,17.8,32
2022-06-22,13.8150014877319,20.0557537078857,31.7247333526611,-0.00151813996490091,36,37.6,67.9,10.4,0.7,17.8,32
2022-06-23,13.5968389511108,19.505765914917,31.6946468353271,0.0753123089671135,36,37.6,67.9,10.4,0.7,17.8,32
2022-06-24,12.8190078735352,20.3648071289062,31.8955783843994,0.0480089597404003,36,37.6,67.9,10.4,0.7,17.8,32
2022-06-25,12.763768196106,20.5142269134521,31.9378814697266,-0.0584667436778545,36,37.6,67.9,10.4,0.7,17.8,32
2022-06-26,12.5791597366333,20.7267246246338,31.9401473999023,-0.0826494097709656,36,37.6,67.9,10.4,0.7,17.8,32
2022-06-27,12.0568885803223,21.0100536346436,31.9977016448975,-0.117888979613781,36,37.6,67.9,10.4,0.7,17.8,32
2022-06-28,11.8781824111938,21.3805541992188,31.8993225097656,-0.0889629125595093,36,37.6,67.9,10.4,0.7,17.8,32
2022-06-29,11.8409700393677,21.632230758667,31.9702396392822,-0.100523144006729,36,37.6,67.9,10.4,0.7,17.8,32
2022-06-30,12.0955171585083,22.1892623901367,31.9803524017334,-0.137670934200287,36,37.6,67.9,10.4,0.7,17.8,32
2022-07-01,11.9654760360718,22.6636333465576,31.9767475128174,-0.123702377080917,36,37.6,67.9,10.4,0.7,17.8,32
2022-07-02,11.7604036331177,23.0098094940186,31.9394283294678,-0.13786156475544,36,37.6,67.9,10.4,0.7,17.8,32
2022-07-03,12.0360994338989,23.5462703704834,32.051441192627,-0.124820537865162,36,37.6,67.9,10.4,0.7,17.8,32
2022-07-04,12.0954446792603,23.8888912200928,32.0557441711426,-0.0796348601579666,36,37.6,67.9,10.4,0.7,17.8,32
2022-07-05,12.520806312561,23.9581661224365,32.0983657836914,-0.0787619948387146,36,37.6,67.9,10.4,0.7,17.8,32
2022-07-06,12.9927835464478,23.7051620483398,32.0898017883301,-0.0318353064358234,36,37.6,67.9,10.4,0.7,17.8,32
2022-07-07,12.820013999939,24.0857944488525,32.0528144836426,-0.00141174870077521,36,37.6,67.9,10.4,0.7,17.8,32
2022-07-08,13.5573244094849,24.0523147583008,32.1353492736816,0.0241561904549599,36,37.6,67.9,10.4,0.7,17.8,32
2022-07-09,15.1891813278198,23.8981914520264,32.0879669189453,-0.024375855922699,36,37.6,67.9,10.4,0.7,17.8,32
2022-07-10,14.944281578064,23.814094543457,32.0835609436035,-0.00749142980203032,36,37.6,67.9,10.4,0.7,17.8,32
2022-07-11,14.7953634262085,23.8126354217529,32.1109962463379,-0.0197932794690132,36,37.6,67.9,10.4,0.7,17.8,32
2022-07-12,15.3813753128052,24.0805263519287,32.3744926452637,-0.0546923279762268,36,37.6,67.9,10.4,0.7,17.8,32
2022-07-13,14.9252700805664,24.1752700805664,32.3758125305176,-0.0743332281708717,36,37.6,67.9,10.4,0.7,17.8,32
2022-07-14,14.7949028015137,24.468147277832,32.3419151306152,-0.0504169948399067,36,37.6,67.9,10.4,0.7,17.8,32
2022-07-15,14.0602083206177,24.8170547485352,32.403003692627,-0.0715718641877174,36,37.6,67.9,10.4,0.7,17.8,32
2022-07-16,14.1269426345825,24.9172611236572,32.4102897644043,-0.0731987431645393,36,37.6,67.9,10.4,0.7,17.8,32
2022-07-17,14.049786567688,25.0704879760742,32.3827629089355,-0.0206350218504667,36,37.6,67.9,10.4,0.7,17.8,32
2022-07-18,15.3564596176147,25.1863403320312,32.3776016235352,-0.0472460128366947,36,37.6,67.9,10.4,0.7,17.8,32
2022-07-19,15.0960388183594,25.4189167022705,32.3584823608398,-0.0555386953055859,36,37.6,67.9,10.4,0.7,17.8,32
2022-07-20,14.9394607543945,26.2162075042725,32.3751525878906,-0.0371348634362221,36,37.6,67.9,10.4,0.7,17.8,32
2022-07-21,17.0031509399414,25.9842128753662,32.320011138916,0.0137984929606318,36,37.6,67.9,10.4,0.7,17.8,32
2022-07-22,16.9198532104492,25.6164722442627,32.2445945739746,-0.0509699136018753,36,37.6,67.9,10.4,0.7,17.8,32
2022-07-23,16.7768573760986,25.8353328704834,32.2743339538574,-0.0423379354178905,36,37.6,67.9,10.4,0.7,17.8,32
2022-07-24,16.7226943969727,25.6850128173828,32.6785011291504,-0.105658777058125,36,37.6,67.9,10.4,0.7,17.8,32
2022-07-25,16.3478336334229,24.7857456207275,32.8130531311035,-0.1710484623909,36,37.6,67.9,10.4,0.7,17.8,32
2022-07-26,16.0369491577148,24.1651782989502,32.892879486084,-0.165112867951393,36,37.6,67.9,10.4,0.7,17.8,32
2022-07-27,17.0517559051514,24.8994979858398,32.8957939147949,-0.0543402135372162,36,37.6,67.9,10.4,0.7,17.8,32
2022-07-28,17.1604251861572,25.0739593505859,32.9386825561523,-0.0472487211227417,36,37.6,67.9,10.4,0.7,17.8,32
2022-07-29,17.1590309143066,25.2154598236084,32.9828453063965,-0.062665082514286,36,37.6,67.9,10.4,0.7,17.8,32
2022-07-30,16.8672752380371,24.6034107208252,33.0765647888184,-0.0884510278701782,36,37.6,67.9,10.4,0.7,17.8,32
2022-07-31,16.9062366485596,24.7162685394287,33.0971908569336,-0.067612461745739,36,37.6,67.9,10.4,0.7,17.8,32
2022-08-01,16.8678131103516,24.8355941772461,33.0768241882324,-0.0115175843238831,36,37.6,67.9,10.4,0.7,17.8,32
2022-08-02,16.8034420013428,25.4028568267822,33.0356407165527,0.0160188768059015,36,37.6,67.9,10.4,0.7,17.8,32
2022-08-03,16.8871307373047,25.9559345245361,32.828914642334,-0.0175369195640087,36,37.6,67.9,10.4,0.7,17.8,32
2022-08-04,16.8477935791016,26.2694072723389,32.628231048584,-0.0352489985525608,36,37.6,67.9,10.4,0.7,17.8,32
2022-08-05,16.5258331298828,26.2086849212646,32.4651985168457,-0.104643441736698,36,37.6,67.9,10.4,0.7,17.8,32
2022-08-06,16.1914081573486,26.3121719360352,32.3458595275879,-0.152439579367638,36,37.6,67.9,10.4,0.7,17.8,32
2022-08-07,15.975510597229,26.4450912475586,32.3507766723633,-0.175913646817207,36,37.6,67.9,10.4,0.7,17.8,32
2022-08-08,17.932954788208,26.2364253997803,32.5483131408691,-0.209184944629669,36,37.6,67.9,10.4,0.7,17.8,32
2022-08-09,17.3390102386475,26.10182762146,33.1002731323242,-0.178689762949944,36,37.6,67.9,10.4,0.7,17.8,32
2022-08-10,16.620044708252,26.2363739013672,33.3724212646484,-0.15147265791893,36,37.6,67.9,10.4,0.7,17.8,32
2022-08-11,17.8109607696533,25.1546096801758,33.3219223022461,-0.0817170813679695,36,37.6,67.9,10.4,0.7,17.8,32
2022-08-12,18.0019550323486,24.3083591461182,33.2507629394531,-0.0452002882957458,36,37.6,67.9,10.4,0.7,17.8,32
2022-08-13,18.1551189422607,24.1408023834229,33.2115173339844,-0.00773286400362849,36,37.6,67.9,10.4,0.7,17.8,32
2022-08-14,17.7821521759033,24.7204742431641,33.0089645385742,-0.0585902184247971,36,37.6,67.9,10.4,0.7,17.8,32
2022-08-15,17.6545581817627,24.7385635375977,33.0380744934082,-0.0104614282026887,36,37.6,67.9,10.4,0.7,17.8,32
2022-08-16,17.2744312286377,24.6174774169922,33.1037788391113,0.0846437439322472,36,37.6,67.9,10.4,0.7,17.8,32
2022-08-17,16.3579254150391,24.1335620880127,32.9643669128418,0.10612914711237,36,37.6,67.9,10.4,0.7,17.8,32
2022-08-18,15.7016334533691,24.1016483306885,32.9233627319336,0.0787328258156776,36,37.6,67.9,10.4,0.7,17.8,32
2022-08-19,14.9023809432983,24.0786571502686,32.8100280761719,-0.0670239850878716,36,37.6,67.9,10.4,0.7,17.8,32
2022-08-20,14.4352865219116,24.2685642242432,32.779369354248,-0.0590681619942188,36,37.6,67.9,10.4,0.7,17.8,32
2022-08-21,14.5023069381714,24.4741821289062,32.7691650390625,-0.00897952914237976,36,37.6,67.9,10.4,0.7,17.8,32
2022-08-22,14.6739473342896,24.4133472442627,32.7362861633301,0.0213145185261965,36,37.6,67.9,10.4,0.7,17.8,32
2022-08-23,13.7326850891113,24.6914577484131,32.7182998657227,-0.0120609244331717,36,37.6,67.9,10.4,0.7,17.8,32
2022-08-24,13.4908933639526,24.9910736083984,32.7379264831543,-0.0599264986813068,36,37.6,67.9,10.4,0.7,17.8,32
2022-08-25,13.5265855789185,25.2520694732666,32.7519454956055,-0.0855112597346306,36,37.6,67.9,10.4,0.7,17.8,32
2022-08-26,14.5994138717651,25.3848628997803,32.7876853942871,-0.0776380598545074,36,37.6,67.9,10.4,0.7,17.8,32
2022-08-27,14.3029708862305,25.3847713470459,32.7902336120605,-0.0435125827789307,36,37.6,67.9,10.4,0.7,17.8,32
2022-08-28,14.041127204895,25.610143661499,32.8004493713379,-0.0452151708304882,36,37.6,67.9,10.4,0.7,17.8,32
2022-08-29,15.1902160644531,25.891881942749,32.8345909118652,-0.00971228629350662,36,37.6,67.9,10.4,0.7,17.8,32
2022-08-30,15.3824882507324,26.1167068481445,32.8070487976074,-0.00562359392642975,36,37.6,67.9,10.4,0.7,17.8,32
2022-08-31,15.165111541748,26.0666217803955,32.7704238891602,0.0162428449839354,36,37.6,67.9,10.4,0.7,17.8,32
2022-09-01,14.2388076782227,25.499885559082,32.7509689331055,-0.0121374279260635,36,37.6,67.9,10.4,0.7,17.8,32
2022-09-02,14.3650560379028,25.2989482879639,32.722957611084,-0.0415430516004562,36,37.6,67.9,10.4,0.7,17.8,32
2022-09-03,15.1814422607422,25.153772354126,32.7554740905762,-0.0638184770941734,36,37.6,67.9,10.4,0.7,17.8,32
2022-09-04,15.4146089553833,25.7399883270264,32.8979644775391,-0.0770529955625534,36,37.6,67.9,10.4,0.7,17.8,32
2022-09-05,14.8974943161011,25.8609638214111,32.9485549926758,-0.0515498369932175,36,37.6,67.9,10.4,0.7,17.8,32
2022-09-06,14.515082359314,25.7850742340088,32.9356155395508,0.0448365472257137,36,37.6,67.9,10.4,0.7,17.8,32
2022-09-07,16.9338569641113,24.6895771026611,32.9403457641602,0.136831268668175,36,37.6,67.9,10.4,0.7,17.8,32
2022-09-08,18.5599784851074,24.1816158294678,32.6580963134766,0.197862014174461,36,37.6,67.9,10.4,0.7,17.8,32
2022-09-09,19.481294631958,23.9640064239502,32.5993690490723,0.15931424498558,36,37.6,67.9,10.4,0.7,17.8,32
2022-09-10,20.4861869812012,23.851037979126,32.6859741210938,0.000111290566565003,36,37.6,67.9,10.4,0.7,17.8,32
2022-09-11,20.1261425018311,23.7844676971436,32.8316802978516,0.0210723578929901,36,37.6,67.9,10.4,0.7,17.8,32
2022-09-12,19.4673252105713,23.6961154937744,32.8935050964355,0.0987672805786133,36,37.6,67.9,10.4,0.7,17.8,32
2022-09-13,19.5296669006348,23.9584827423096,32.7750663757324,0.119541667401791,36,37.6,67.9,10.4,0.7,17.8,32
2022-09-14,19.5558528900146,23.8720073699951,32.7615165710449,0.111681185662746,36,37.6,67.9,10.4,0.7,17.8,32
2022-09-15,19.414176940918,23.7667217254639,32.740779876709,0.0579006224870682,36,37.6,67.9,10.4,0.7,17.8,32
2022-09-16,18.0948390960693,23.5202732086182,32.7635917663574,-0.032939787954092,36,37.6,67.9,10.4,0.7,17.8,32
2022-09-17,17.6263408660889,23.5379085540771,32.7754898071289,-0.0608644038438797,36,37.6,67.9,10.4,0.7,17.8,32
2022-09-18,17.2439975738525,23.6171817779541,32.7808113098145,-0.0615117847919464,36,37.6,67.9,10.4,0.7,17.8,32
2022-09-19,16.6801433563232,23.7367782592773,32.9011077880859,-0.0851796269416809,36,37.6,67.9,10.4,0.7,17.8,32
2022-09-20,15.7460489273071,23.8950119018555,32.9323234558105,0.0324951484799385,36,37.6,67.9,10.4,0.7,17.8,32
2022-09-21,16.5279216766357,23.978759765625,32.9000854492188,0.0354814045131207,36,37.6,67.9,10.4,0.7,17.8,32
2022-09-22,18.4045543670654,24.0319976806641,32.8401756286621,0.0899997130036354,36,37.6,67.9,10.4,0.7,17.8,32
2022-09-23,18.05784034729,23.3199768066406,32.8026695251465,0.0774407014250755,36,37.6,67.9,10.4,0.7,17.8,32
2022-09-24,19.6025810241699,22.794921875,32.6350173950195,0.031106835231185,36,37.6,67.9,10.4,0.7,17.8,32
2022-09-25,18.0855884552002,22.0900745391846,32.5181312561035,-0.0777291059494019,36,37.6,67.9,10.4,0.7,17.8,32
2022-09-26,15.6610221862793,21.9442691802979,32.713077545166,0.00908377859741449,36,37.6,67.9,10.4,0.7,17.8,32
2022-09-27,14.6892099380493,21.8837947845459,32.7152900695801,0.0150296958163381,36,37.6,67.9,10.4,0.7,17.8,32
2022-09-28,14.3800001144409,21.6993961334229,32.6691780090332,-0.0415537171065807,36,37.6,67.9,10.4,0.7,17.8,32
2022-09-29,14.6658544540405,21.44162940979,32.6199150085449,-0.0345225632190704,36,37.6,67.9,10.4,0.7,17.8,32
2022-09-30,17.9823589324951,20.9963550567627,32.538013458252,0.0883663892745972,36,37.6,67.9,10.4,0.7,17.8,32
2022-10-01,20.1870899200439,20.398494720459,32.5630722045898,0.244366928935051,36,37.6,67.9,10.4,0.7,17.8,32
2022-10-02,20.409065246582,20.4920558929443,32.360782623291,0.297342211008072,36,37.6,67.9,10.4,0.7,17.8,32
2022-10-03,20.2191600799561,20.2038478851318,32.5427589416504,0.593261182308197,36,37.6,67.9,10.4,0.7,17.8,32
2022-10-04,19.4353485107422,19.4114551544189,32.9070777893066,0.426887840032578,36,37.6,67.9,10.4,0.7,17.8,32
2022-10-05,18.9276714324951,18.9174022674561,33.1383056640625,0.205922141671181,36,37.6,67.9,10.4,0.7,17.8,32
2022-10-06,18.4214649200439,18.4599781036377,33.001091003418,0.0617775619029999,36,37.6,67.9,10.4,0.7,17.8,32
2022-10-07,18.032735824585,18.6014270782471,32.8443298339844,-0.0156183466315269,36,37.6,67.9,10.4,0.7,17.8,32
2022-10-08,18.0154933929443,18.5429515838623,32.8890037536621,-0.00455376738682389,36,37.6,67.9,10.4,0.7,17.8,32
2022-10-09,18.0440883636475,18.0753479003906,32.972225189209,-0.0489881932735443,36,37.6,67.9,10.4,0.7,17.8,32
2022-10-10,17.316478729248,18.0010604858398,33.0856246948242,-0.0835017263889313,36,37.6,67.9,10.4,0.7,17.8,32
2022-10-11,17.4016399383545,18.0271968841553,33.1106796264648,-0.113937638700008,36,37.6,67.9,10.4,0.7,17.8,32
2022-10-12,17.4894542694092,18.109281539917,33.0903663635254,-0.0697452276945114,36,37.6,67.9,10.4,0.7,17.8,32
2022-10-13,17.3743572235107,18.3160457611084,33.0174331665039,0.0348395816981792,36,37.6,67.9,10.4,0.7,17.8,32
2022-10-14,17.3397655487061,18.2113361358643,32.9976654052734,0.101083494722843,36,37.6,67.9,10.4,0.7,17.8,32
2022-10-15,17.31618309021,18.0680904388428,33.0356063842773,0.00125966221094131,36,37.6,67.9,10.4,0.7,17.8,32
2022-10-16,17.4533977508545,17.9319152832031,32.9822120666504,0.0284114908427,36,37.6,67.9,10.4,0.7,17.8,32
2022-10-17,17.4209728240967,18.0055503845215,32.9145431518555,0.0911618545651436,36,37.6,67.9,10.4,0.7,17.8,32
2022-10-18,17.5127735137939,17.8215427398682,32.8708877563477,0.117108874022961,36,37.6,67.9,10.4,0.7,17.8,32
2022-10-19,17.2533283233643,17.5678768157959,33.1365737915039,-0.0182031486183405,36,37.6,67.9,10.4,0.7,17.8,32
2022-10-20,17.2005233764648,17.3105411529541,33.2025947570801,-0.0783007964491844,36,37.6,67.9,10.4,0.7,17.8,32
2022-10-21,17.1026782989502,17.2562618255615,33.1036643981934,-0.114081002771854,36,37.6,67.9,10.4,0.7,17.8,32
2022-10-22,16.622163772583,17.1745300292969,33.155330657959,-0.0668816044926643,36,37.6,67.9,10.4,0.7,17.8,32
2022-10-23,16.7610664367676,17.1851558685303,33.2533378601074,-0.00161821395158768,36,37.6,67.9,10.4,0.7,17.8,32
2022-10-24,17.0285873413086,17.176721572876,33.272388458252,0.0607244856655598,36,37.6,67.9,10.4,0.7,17.8,32
2022-10-25,16.8964061737061,17.1513900756836,33.1423950195312,-0.0212428513914347,36,37.6,67.9,10.4,0.7,17.8,32
2022-10-26,16.8033065795898,17.2581748962402,33.1056327819824,0.00185522309038788,36,37.6,67.9,10.4,0.7,17.8,32
2022-10-27,16.6730518341064,17.155834197998,33.1271705627441,-0.0315085761249065,36,37.6,67.9,10.4,0.7,17.8,32
2022-10-28,17.2540588378906,17.0432720184326,33.22314453125,0.0151416957378387,36,37.6,67.9,10.4,0.7,17.8,32
2022-10-29,16.9482250213623,16.937614440918,33.1896324157715,0.0878546163439751,36,37.6,67.9,10.4,0.7,17.8,32
2022-10-30,16.9404563903809,16.9320449829102,33.2417869567871,0.00991375464946032,36,37.6,67.9,10.4,0.7,17.8,32
2022-10-31,17.2394275665283,17.2346267700195,33.3478126525879,0.044516284018755,36,37.6,67.9,10.4,0.7,17.8,32
2022-11-01,17.2793140411377,17.2632598876953,33.2818260192871,0.0561392568051815,36,37.6,67.9,10.4,0.7,17.8,32
2022-11-02,17.3188896179199,17.2272396087646,33.2751159667969,-0.0148378619924188,36,37.6,67.9,10.4,0.7,17.8,32
2022-11-03,17.1132297515869,17.1567039489746,33.3654632568359,0.0278706904500723,36,37.6,67.9,10.4,0.7,17.8,32
2022-11-04,17.1127033233643,17.1954021453857,33.3404655456543,-0.0389629788696766,36,37.6,67.9,10.4,0.7,17.8,32
2022-11-05,17.1249046325684,17.3068046569824,33.3041038513184,-0.0946879759430885,36,37.6,67.9,10.4,0.7,17.8,32
2022-11-06,17.6452770233154,17.6760196685791,33.256420135498,-0.076864667236805,36,37.6,67.9,10.4,0.7,17.8,32
2022-11-07,17.7076587677002,17.8471431732178,33.1014366149902,-0.109121792018414,36,37.6,67.9,10.4,0.7,17.8,32
2022-11-08,17.7037734985352,17.7003192901611,33.2375679016113,-0.125589594244957,36,37.6,67.9,10.4,0.7,17.8,32
2022-11-09,17.0836429595947,17.1499652862549,33.4058151245117,-0.0375209785997868,36,37.6,67.9,10.4,0.7,17.8,32
2022-11-10,16.9253234863281,16.9842948913574,33.3563613891602,-0.0309408847242594,36,37.6,67.9,10.4,0.7,17.8,32
2022-11-11,16.9473342895508,17.0645332336426,33.3450546264648,-0.03754748031497,36,37.6,67.9,10.4,0.7,17.8,32
2022-11-12,17.1379203796387,17.2232646942139,33.2621574401855,0.0260860919952393,36,37.6,67.9,10.4,0.7,17.8,32
2022-11-13,17.2488956451416,17.2272701263428,33.321361541748,-0.0594836175441742,36,37.6,67.9,10.4,0.7,17.8,32
2022-11-14,16.9543209075928,16.9100074768066,33.385425567627,-0.169240474700928,36,37.6,67.9,10.4,0.7,17.8,32
2022-11-15,16.8099365234375,16.7835178375244,33.4097099304199,-0.145163521170616,36,37.6,67.9,10.4,0.7,17.8,32
2022-11-16,16.7037315368652,16.6839256286621,33.3354835510254,0.0335115045309067,36,37.6,67.9,10.4,0.7,17.8,32
2022-11-17,16.4875583648682,16.4439449310303,33.2957077026367,-0.110883243381977,36,37.6,67.9,10.4,0.7,17.8,32
2022-11-18,15.8702707290649,16.1368293762207,33.5591659545898,-0.240915194153786,36,37.6,67.9,10.4,0.7,17.8,32
2022-11-19,15.8859243392944,15.7804260253906,33.6500587463379,-0.216096103191376,36,37.6,67.9,10.4,0.7,17.8,32
2022-11-20,15.668701171875,15.620475769043,33.717342376709,-0.217008784413338,36,37.6,67.9,10.4,0.7,17.8,32
2022-11-21,15.3714828491211,15.3292760848999,33.7945709228516,-0.328190237283707,36,37.6,67.9,10.4,0.7,17.8,32
2022-11-22,15.1358022689819,15.096848487854,33.7785758972168,-0.368565201759338,36,37.6,67.9,10.4,0.7,17.8,32
2022-11-23,15.0747804641724,14.9509897232056,33.7366676330566,-0.283652603626251,36,37.6,67.9,10.4,0.7,17.8,32
2022-11-24,14.9873666763306,15.0402765274048,33.7552757263184,-0.15048585832119,36,37.6,67.9,10.4,0.7,17.8,32
2022-11-25,14.9273910522461,14.8568696975708,33.6875114440918,-0.0654474049806595,36,37.6,67.9,10.4,0.7,17.8,32
2022-11-26,14.7664804458618,14.677508354187,33.6896591186523,-0.134662955999374,36,37.6,67.9,10.4,0.7,17.8,32
2022-11-27,14.6621894836426,14.629168510437,33.7223815917969,-0.0850831642746925,36,37.6,67.9,10.4,0.7,17.8,32
2022-11-28,14.7591209411621,14.5658988952637,33.7172203063965,-0.0442652888596058,36,37.6,67.9,10.4,0.7,17.8,32
2022-11-29,14.7432060241699,14.6477575302124,33.8522529602051,-0.0883828774094582,36,37.6,67.9,10.4,0.7,17.8,32
2022-11-30,14.4228830337524,14.4195699691772,33.7257347106934,0.060796245932579,36,37.6,67.9,10.4,0.7,17.8,32
2022-12-01,14.2292261123657,14.1781415939331,33.7068557739258,-0.170223414897919,36,37.6,67.9,10.4,0.7,17.8,32
2022-12-02,14.0472183227539,14.0014877319336,33.7860069274902,-0.246035918593407,36,37.6,67.9,10.4,0.7,17.8,32
2022-12-03,13.9971475601196,13.7501153945923,33.7279357910156,-0.209461733698845,36,37.6,67.9,10.4,0.7,17.8,32
2022-12-04,14.1286153793335,13.503191947937,33.6526908874512,-0.248011186718941,36,37.6,67.9,10.4,0.7,17.8,32
2022-12-05,13.6743803024292,13.5808248519897,33.7815055847168,-0.140316069126129,36,37.6,67.9,10.4,0.7,17.8,32
2022-12-06,13.338547706604,13.4305295944214,33.6951026916504,-0.108026258647442,36,37.6,67.9,10.4,0.7,17.8,32
2022-12-07,13.3902864456177,13.3498449325562,33.6289901733398,-0.0210055727511644,36,37.6,67.9,10.4,0.7,17.8,32
2022-12-08,13.502179145813,13.2780103683472,33.5958518981934,-0.0943537950515747,36,37.6,67.9,10.4,0.7,17.8,32
2022-12-09,13.527491569519,13.4531021118164,33.735897064209,-0.00500601483508945,36,37.6,67.9,10.4,0.7,17.8,32
2022-12-10,13.3026809692383,13.2774839401245,33.720760345459,0.0875479578971863,36,37.6,67.9,10.4,0.7,17.8,32
2022-12-11,12.974326133728,12.9675588607788,33.6225852966309,0.218272045254707,36,37.6,67.9,10.4,0.7,17.8,32
2022-12-12,12.6782789230347,12.6465263366699,33.6158294677734,0.14064422249794,36,37.6,67.9,10.4,0.7,17.8,32
2022-12-13,12.5206079483032,12.4852533340454,33.6655540466309,0.102357566356659,36,37.6,67.9,10.4,0.7,17.8,32
2022-12-14,12.2570447921753,12.2138795852661,33.6318702697754,-0.000270131975412369,36,37.6,67.9,10.4,0.7,17.8,32
2022-12-15,12.2256803512573,12.2118148803711,33.6841468811035,0.121656328439713,36,37.6,67.9,10.4,0.7,17.8,32
2022-12-16,11.9550828933716,11.9363107681274,33.4375190734863,0.403236895799637,36,37.6,67.9,10.4,0.7,17.8,32
2022-12-17,11.7949743270874,11.7319478988647,33.3101997375488,0.148100271821022,36,37.6,67.9,10.4,0.7,17.8,32
2022-12-18,11.5903816223145,11.5416603088379,33.297420501709,0.00754102133214474,36,37.6,67.9,10.4,0.7,17.8,32
2022-12-19,11.7386121749878,11.6054315567017,33.4679183959961,-0.050729438662529,36,37.6,67.9,10.4,0.7,17.8,32
2022-12-20,11.6842050552368,11.6095590591431,33.5972938537598,-0.17006827890873,36,37.6,67.9,10.4,0.7,17.8,32
2022-12-21,11.4410247802734,11.499264717102,33.6586036682129,-0.119656443595886,36,37.6,67.9,10.4,0.7,17.8,32
2022-12-22,11.4175901412964,11.4162511825562,33.6374397277832,-0.0163606386631727,36,37.6,67.9,10.4,0.7,17.8,32
2022-12-23,11.3210563659668,11.3181104660034,33.5945892333984,0.104472167789936,36,37.6,67.9,10.4,0.7,17.8,32
2022-12-24,10.6554327011108,10.6034107208252,33.607837677002,-0.401098519563675,36,37.6,67.9,10.4,0.7,17.8,32
2022-12-25,10.1479148864746,10.0851402282715,33.5094718933105,-0.412214905023575,36,37.6,67.9,10.4,0.7,17.8,32
2022-12-26,10.3000555038452,10.237416267395,33.612117767334,-0.357920050621033,36,37.6,67.9,10.4,0.7,17.8,32
2022-12-27,10.5078611373901,10.3670387268066,33.7082862854004,-0.270986467599869,36,37.6,67.9,10.4,0.7,17.8,32
2022-12-28,10.9289627075195,10.2284841537476,33.7028007507324,-0.264051169157028,36,37.6,67.9,10.4,0.7,17.8,32
2022-12-29,11.111704826355,9.98446559906006,33.646369934082,-0.256192803382874,36,37.6,67.9,10.4,0.7,17.8,32
2022-12-30,11.6099081039429,9.49485206604004,33.3229866027832,-0.247660115361214,36,37.6,67.9,10.4,0.7,17.8,32
2022-12-31,11.6582956314087,9.42381954193115,33.2638893127441,-0.0871451869606972,36,37.6,67.9,10.4,0.7,17.8,32
2023-01-01,11.6676950454712,9.29112911224365,32.9614067077637,-0.110867619514465,36,37.6,67.9,10.4,0.7,17.8,32
2023-01-02,11.4331932067871,9.01582431793213,32.9126167297363,-0.219576701521873,36,37.6,67.9,10.4,0.7,17.8,32
2023-01-03,11.3256540298462,8.91742134094238,32.9219665527344,-0.153599500656128,36,37.6,67.9,10.4,0.7,17.8,32
2023-01-04,11.5914945602417,8.63441371917725,32.8626899719238,-0.174780532717705,36,37.6,67.9,10.4,0.7,17.8,32
2023-01-05,11.5989837646484,9.06130790710449,32.7991104125977,-0.0899960994720459,36,37.6,67.9,10.4,0.7,17.8,32
2023-01-06,11.3113565444946,9.12185096740723,32.6740455627441,-0.0302194971591234,36,37.6,67.9,10.4,0.7,17.8,32
2023-01-07,11.0772123336792,8.72740268707275,32.3102684020996,-0.0931602492928505,36,37.6,67.9,10.4,0.7,17.8,32
2023-01-08,11.1438302993774,9.37894916534424,32.3347206115723,-0.101387858390808,36,37.6,67.9,10.4,0.7,17.8,32
2023-01-09,11.2042045593262,9.41598033905029,32.2859230041504,-0.0290665421634912,36,37.6,67.9,10.4,0.7,17.8,32
2023-01-10,11.3527765274048,9.30296611785889,32.3615760803223,-0.106303609907627,36,37.6,67.9,10.4,0.7,17.8,32
2023-01-11,11.2835340499878,9.27780055999756,32.5871963500977,-0.0549910217523575,36,37.6,67.9,10.4,0.7,17.8,32
2023-01-12,11.0569458007812,9.21402549743652,32.5625267028809,0.00545469066128135,36,37.6,67.9,10.4,0.7,17.8,32
2023-01-13,11.1275663375854,9.16988945007324,32.3303413391113,0.0550903230905533,36,37.6,67.9,10.4,0.7,17.8,32
2023-01-14,11.3842420578003,8.96611499786377,32.2517700195312,0.0291365478187799,36,37.6,67.9,10.4,0.7,17.8,32
2023-01-15,11.2158803939819,9.07740306854248,32.748176574707,0.0767750516533852,36,37.6,67.9,10.4,0.7,17.8,32
2023-01-16,9.95943927764893,9.07069110870361,33.2170600891113,0.173117399215698,36,37.6,67.9,10.4,0.7,17.8,32
2023-01-17,9.19572353363037,9.03583526611328,33.3003044128418,0.0314840003848076,36,37.6,67.9,10.4,0.7,17.8,32
2023-01-18,9.36861324310303,8.5647783279419,32.9783325195312,-0.149589866399765,36,37.6,67.9,10.4,0.7,17.8,32
2023-01-19,9.58121871948242,8.66550350189209,33.0395736694336,-0.142643511295319,36,37.6,67.9,10.4,0.7,17.8,32
2023-01-20,9.19402694702148,8.84151554107666,32.5782814025879,-0.119115509092808,36,37.6,67.9,10.4,0.7,17.8,32
2023-01-21,9.2885913848877,8.74517345428467,32.7020530700684,-0.260044425725937,36,37.6,67.9,10.4,0.7,17.8,32
2023-01-22,9.15666389465332,8.2830400466919,32.6238250732422,-0.133182600140572,36,37.6,67.9,10.4,0.7,17.8,32
2023-01-23,9.00900936126709,8.32970333099365,32.5030326843262,-0.0525794439017773,36,37.6,67.9,10.4,0.7,17.8,32
2023-01-24,9.1567325592041,8.22680568695068,32.6189079284668,-0.32475546002388,36,37.6,67.9,10.4,0.7,17.8,32
2023-01-25,9.296311378479,8.25107765197754,32.6795692443848,-0.179081618785858,36,37.6,67.9,10.4,0.7,17.8,32
2023-01-26,8.52138423919678,8.59725761413574,32.9128570556641,-0.030539384111762,36,37.6,67.9,10.4,0.7,17.8,32
2023-01-27,8.73088359832764,8.38258647918701,32.9114418029785,-0.280096590518951,36,37.6,67.9,10.4,0.7,17.8,32
2023-01-28,8.94447040557861,8.28310203552246,32.7819709777832,-0.247604310512543,36,37.6,67.9,10.4,0.7,17.8,32
2023-01-29,9.42151355743408,8.124267578125,33.0132369995117,-0.264327675104141,36,37.6,67.9,10.4,0.7,17.8,32
2023-01-30,9.30046367645264,8.13665866851807,33.0334281921387,-0.230812087655067,36,37.6,67.9,10.4,0.7,17.8,32
2023-01-31,9.37922191619873,7.99368906021118,32.8286819458008,-0.187089085578918,36,37.6,67.9,10.4,0.7,17.8,32
2023-02-01,8.9625825881958,8.46913719177246,33.1459846496582,-0.118628777563572,36,37.6,67.9,10.4,0.7,17.8,32
2023-02-02,8.68489933013916,8.49854183197021,33.1843414306641,-0.127053454518318,36,37.6,67.9,10.4,0.7,17.8,32
2023-02-03,8.68697643280029,8.42210102081299,33.2065315246582,-0.21450686454773,36,37.6,67.9,10.4,0.7,17.8,32
2023-02-04,7.73419904708862,7.93233299255371,33.180850982666,-0.496714681386948,36,37.6,67.9,10.4,0.7,17.8,32
2023-02-05,7.98714590072632,7.36619567871094,33.0364875793457,-0.465522199869156,36,37.6,67.9,10.4,0.7,17.8,32
2023-02-06,8.10194492340088,7.38932085037231,32.8096923828125,-0.243036985397339,36,37.6,67.9,10.4,0.7,17.8,32
2023-02-07,7.70323705673218,7.55290603637695,32.9480476379395,-0.15957422554493,36,37.6,67.9,10.4,0.7,17.8,32
2023-02-08,7.54994630813599,7.15485239028931,32.5209312438965,-0.0933204665780067,36,37.6,67.9,10.4,0.7,17.8,32
2023-02-09,7.62971544265747,7.49742555618286,32.6775856018066,-0.175598308444023,36,37.6,67.9,10.4,0.7,17.8,32
2023-02-10,7.54677438735962,7.10783004760742,32.1789817810059,-0.127923384308815,36,37.6,67.9,10.4,0.7,17.8,32
2023-02-11,7.66488456726074,7.22444105148315,32.2223739624023,-0.230789005756378,36,37.6,67.9,10.4,0.7,17.8,32
2023-02-12,7.71901702880859,7.38642358779907,32.5165100097656,-0.125774160027504,36,37.6,67.9,10.4,0.7,17.8,32
2023-02-13,7.9817967414856,7.98727798461914,32.8124809265137,0.141240194439888,36,37.6,67.9,10.4,0.7,17.8,32
2023-02-14,7.89725065231323,7.77403783798218,32.6283683776855,-0.062634103000164,36,37.6,67.9,10.4,0.7,17.8,32
2023-02-15,7.9404788017273,7.79998636245728,32.6544609069824,-0.115514986217022,36,37.6,67.9,10.4,0.7,17.8,32
2023-02-16,7.76167869567871,7.89730262756348,32.4014625549316,-0.176588609814644,36,37.6,67.9,10.4,0.7,17.8,32
2023-02-17,7.95240068435669,7.98290777206421,32.1062126159668,-0.122833989560604,36,37.6,67.9,10.4,0.7,17.8,32
2023-02-18,8.08896255493164,7.85323667526245,32.3023414611816,-0.247318252921104,36,37.6,67.9,10.4,0.7,17.8,32
2023-02-19,7.81549692153931,7.56885099411011,32.4693450927734,-0.286989808082581,36,37.6,67.9,10.4,0.7,17.8,32
2023-02-20,7.88790893554688,7.61670923233032,32.3160820007324,-0.156822755932808,36,37.6,67.9,10.4,0.7,17.8,32
2023-02-21,7.99525022506714,7.77780914306641,32.2637977600098,-0.0825289413332939,36,37.6,67.9,10.4,0.7,17.8,32
2023-02-22,8.29956912994385,7.83247947692871,32.3719291687012,-0.10731864720583,36,37.6,67.9,10.4,0.7,17.8,32
2023-02-23,8.30732822418213,8.04532146453857,32.390308380127,-0.0560394041240215,36,37.6,67.9,10.4,0.7,17.8,32
2023-02-24,8.17927074432373,8.1388463973999,32.303165435791,-0.135404452681541,36,37.6,67.9,10.4,0.7,17.8,32
2023-02-25,8.37324047088623,7.49499130249023,32.4750671386719,-0.166385650634766,36,37.6,67.9,10.4,0.7,17.8,32
2023-02-26,8.04620265960693,7.52504396438599,32.4923133850098,-0.0721965208649635,36,37.6,67.9,10.4,0.7,17.8,32
2023-02-27,8.12363052368164,7.60480308532715,32.4900321960449,-0.0765924826264381,36,37.6,67.9,10.4,0.7,17.8,32
2023-02-28,8.03069972991943,7.73497915267944,32.4916954040527,0.209291771054268,36,37.6,67.9,10.4,0.7,17.8,32
2023-03-01,7.69640970230103,7.71764039993286,32.4994239807129,0.0468339920043945,36,37.6,67.9,10.4,0.7,17.8,32
2023-03-02,7.67084169387817,7.74694395065308,32.4404106140137,0.0775190889835358,36,37.6,67.9,10.4,0.7,17.8,32
2023-03-03,7.88097620010376,7.59422063827515,32.4145774841309,-0.0196837298572063,36,37.6,67.9,10.4,0.7,17.8,32
2023-03-04,7.79117393493652,7.81222772598267,32.4654579162598,0.144085481762886,36,37.6,67.9,10.4,0.7,17.8,32
2023-03-05,7.75634241104126,7.80492210388184,32.4303321838379,0.0550284273922443,36,37.6,67.9,10.4,0.7,17.8,32
2023-03-06,7.68650007247925,7.76673889160156,32.3409309387207,-0.0522532872855663,36,37.6,67.9,10.4,0.7,17.8,32
2023-03-07,7.77172136306763,7.83996200561523,32.3330192565918,-0.014173042960465,36,37.6,67.9,10.4,0.7,17.8,32
2023-03-08,7.63191366195679,7.61578416824341,32.3687400817871,0.0558338351547718,36,37.6,67.9,10.4,0.7,17.8,32
2023-03-09,7.35146760940552,7.37918710708618,32.3588676452637,0.0764818862080574,36,37.6,67.9,10.4,0.7,17.8,32
2023-03-10,7.42790031433105,7.49905443191528,32.3487434387207,0.119017153978348,36,37.6,67.9,10.4,0.7,17.8,32
2023-03-11,7.546471118927,7.45929861068726,32.3447608947754,0.198413029313087,36,37.6,67.9,10.4,0.7,17.8,32
2023-03-12,7.53577947616577,7.55003499984741,32.3706588745117,0.239944830536842,36,37.6,67.9,10.4,0.7,17.8,32
2023-03-13,7.56174039840698,7.56029844284058,32.3767318725586,0.292478889226913,36,37.6,67.9,10.4,0.7,17.8,32
2023-03-14,7.53353261947632,7.41481828689575,32.3643608093262,0.11572702974081,36,37.6,67.9,10.4,0.7,17.8,32
2023-03-15,7.54334306716919,7.40343046188354,32.3979377746582,-0.194853916764259,36,37.6,67.9,10.4,0.7,17.8,32
2023-03-16,7.46297645568848,7.34882926940918,32.3468475341797,-0.0867896378040314,36,37.6,67.9,10.4,0.7,17.8,32
2023-03-17,7.31369781494141,7.30204582214355,32.1985130310059,-0.00319933029823005,36,37.6,67.9,10.4,0.7,17.8,32
2023-03-18,7.51830101013184,7.18711519241333,31.7840347290039,-0.0138545269146562,36,37.6,67.9,10.4,0.7,17.8,32
2023-03-19,7.53987550735474,7.13652038574219,32.0887985229492,-0.096957117319107,36,37.6,67.9,10.4,0.7,17.8,32
2023-03-20,7.59530830383301,7.21980667114258,32.3063621520996,-0.231625020503998,36,37.6,67.9,10.4,0.7,17.8,32
2023-03-21,7.4765682220459,7.32485961914062,32.3497581481934,-0.323607176542282,36,37.6,67.9,10.4,0.7,17.8,32
2023-03-22,7.5819411277771,7.45526313781738,32.1116142272949,-0.304634481668472,36,37.6,67.9,10.4,0.7,17.8,32
2023-03-23,7.61087608337402,7.72770690917969,32.0546646118164,-0.143300160765648,36,37.6,67.9,10.4,0.7,17.8,32
2023-03-24,8.07990169525146,8.25108623504639,31.7105331420898,-0.135496184229851,36,37.6,67.9,10.4,0.7,17.8,32
2023-03-25,8.09677410125732,8.39678478240967,32.1703071594238,-0.00717003783211112,36,37.6,67.9,10.4,0.7,17.8,32
2023-03-26,8.03347492218018,8.52568244934082,32.0588645935059,0.00117891526315361,36,37.6,67.9,10.4,0.7,17.8,32
2023-03-27,7.29320907592773,8.38480472564697,32.0305824279785,-0.0873794034123421,36,37.6,67.9,10.4,0.7,17.8,32
2023-03-28,7.26601409912109,8.39012050628662,31.9164962768555,-0.0537077747285366,36,37.6,67.9,10.4,0.7,17.8,32
2023-03-29,7.1660304069519,8.43986320495605,32.0729789733887,-0.0844958946108818,36,37.6,67.9,10.4,0.7,17.8,32
2023-03-30,7.26854562759399,8.09138202667236,32.1866149902344,-0.167581394314766,36,37.6,67.9,10.4,0.7,17.8,32
2023-03-31,7.36652517318726,8.03934192657471,32.2412147521973,-0.195605263113976,36,37.6,67.9,10.4,0.7,17.8,32
2023-04-01,7.54039192199707,8.36101531982422,31.8632526397705,-0.126473769545555,36,37.6,67.9,10.4,0.7,17.8,32
2023-04-02,8.29163074493408,8.6512975692749,31.8316211700439,-0.192529276013374,36,37.6,67.9,10.4,0.7,17.8,32
2023-04-03,8.34348964691162,8.80251979827881,31.8794078826904,-0.104161910712719,36,37.6,67.9,10.4,0.7,17.8,32
2023-04-04,8.31011867523193,9.1061315536499,31.7675380706787,-0.11762348562479,36,37.6,67.9,10.4,0.7,17.8,32
2023-04-05,8.56034183502197,8.95498943328857,31.7739200592041,-0.126090064644814,36,37.6,67.9,10.4,0.7,17.8,32
2023-04-06,8.4494686126709,9.16106033325195,31.7132968902588,-0.0823069736361504,36,37.6,67.9,10.4,0.7,17.8,32
2023-04-07,8.46212196350098,9.41985988616943,31.5585536956787,-0.191070631146431,36,37.6,67.9,10.4,0.7,17.8,32
2023-04-08,8.70833015441895,9.6791934967041,31.5670604705811,-0.168989017605782,36,37.6,67.9,10.4,0.7,17.8,32
2023-04-09,8.6846866607666,9.55656337738037,31.7580509185791,-0.141230523586273,36,37.6,67.9,10.4,0.7,17.8,32
2023-04-10,8.67850589752197,9.65274143218994,31.8978271484375,-0.131001636385918,36,37.6,67.9,10.4,0.7,17.8,32
2023-04-11,8.3974552154541,9.82086658477783,31.8164501190186,-0.175639033317566,36,37.6,67.9,10.4,0.7,17.8,32
2023-04-12,8.28035926818848,10.2537088394165,31.638635635376,-0.169935449957848,36,37.6,67.9,10.4,0.7,17.8,32
2023-04-13,8.26494789123535,10.8757181167603,31.6722106933594,-0.0841773152351379,36,37.6,67.9,10.4,0.7,17.8,32
2023-04-14,9.2401762008667,11.0951509475708,31.6613159179688,-0.0707073584198952,36,37.6,67.9,10.4,0.7,17.8,32
2023-04-15,9.50296974182129,11.7835664749146,31.6304779052734,-0.0272738356143236,36,37.6,67.9,10.4,0.7,17.8,32
2023-04-16,9.52173900604248,12.1348657608032,31.4967269897461,0.024015948176384,36,37.6,67.9,10.4,0.7,17.8,32
2023-04-17,9.41233253479004,12.4586181640625,31.3457126617432,0.0439819879829884,36,37.6,67.9,10.4,0.7,17.8,32
2023-04-18,9.37135219573975,12.6419134140015,31.2144985198975,-0.00888728629797697,36,37.6,67.9,10.4,0.7,17.8,32
2023-04-19,9.38991069793701,12.7342872619629,31.2561206817627,-0.0779494568705559,36,37.6,67.9,10.4,0.7,17.8,32
2023-04-20,9.35979843139648,12.6450462341309,31.3071670532227,-0.1429782807827,36,37.6,67.9,10.4,0.7,17.8,32
2023-04-21,9.39514064788818,13.0760297775269,31.2655944824219,-0.106909431517124,36,37.6,67.9,10.4,0.7,17.8,32
2023-04-22,9.30588150024414,13.0058898925781,31.1089191436768,0.00877063255757093,36,37.6,67.9,10.4,0.7,17.8,32
2023-04-23,9.58391284942627,13.3085432052612,30.8422985076904,0.0405533723533154,36,37.6,67.9,10.4,0.7,17.8,32
2023-04-24,9.55027008056641,13.2033414840698,31.1375789642334,-0.0326908640563488,36,37.6,67.9,10.4,0.7,17.8,32
2023-04-25,9.53320789337158,12.8804121017456,31.4731216430664,-0.0511115528643131,36,37.6,67.9,10.4,0.7,17.8,32
2023-04-26,9.45053386688232,12.583743095398,31.6706562042236,-0.0381474010646343,36,37.6,67.9,10.4,0.7,17.8,32
2023-04-27,9.47706699371338,12.8085403442383,31.7534790039062,-0.0242426674813032,36,37.6,67.9,10.4,0.7,17.8,32
2023-04-28,9.56103992462158,12.5811223983765,31.9281463623047,0.0822526589035988,36,37.6,67.9,10.4,0.7,17.8,32
2023-04-29,10.2244291305542,12.1535120010376,32.1046142578125,0.191727682948112,36,37.6,67.9,10.4,0.7,17.8,32
2023-04-30,10.3868227005005,12.3452157974243,31.9433689117432,0.213732108473778,36,37.6,67.9,10.4,0.7,17.8,32
2023-05-01,10.2560510635376,12.5046701431274,31.692850112915,0.0941663384437561,36,37.6,67.9,10.4,0.7,17.8,32
2023-05-02,10.6497716903687,12.5944328308105,31.5892581939697,0.0706257298588753,36,37.6,67.9,10.4,0.7,17.8,32
2023-05-03,10.6196126937866,12.6265840530396,31.6881542205811,0.0563382394611835,36,37.6,67.9,10.4,0.7,17.8,32
2023-05-04,10.6227912902832,12.4667472839355,31.8527145385742,0.0306077133864164,36,37.6,67.9,10.4,0.7,17.8,32
2023-05-05,10.6951704025269,12.5074129104614,31.9714412689209,-0.0281714256852865,36,37.6,67.9,10.4,0.7,17.8,32
2023-05-06,10.7520742416382,12.9989728927612,31.898401260376,-0.0821227058768272,36,37.6,67.9,10.4,0.7,17.8,32
2023-05-07,10.7253465652466,13.4472303390503,31.6321315765381,-0.092521034181118,36,37.6,67.9,10.4,0.7,17.8,32
2023-05-08,10.567512512207,14.303334236145,31.2752075195312,-0.0263166204094887,36,37.6,67.9,10.4,0.7,17.8,32
2023-05-09,10.5766267776489,14.513861656189,31.3560161590576,-0.0092801908031106,36,37.6,67.9,10.4,0.7,17.8,32
2023-05-10,10.6338224411011,14.1820669174194,31.6771774291992,-0.0565281212329865,36,37.6,67.9,10.4,0.7,17.8,32
2023-05-11,10.4454946517944,14.4269561767578,31.584114074707,-0.155730158090591,36,37.6,67.9,10.4,0.7,17.8,32
2023-05-12,10.4009246826172,15.0154190063477,31.2947673797607,-0.125957697629929,36,37.6,67.9,10.4,0.7,17.8,32
2023-05-13,10.3768434524536,15.448299407959,30.8993320465088,-0.0995017886161804,36,37.6,67.9,10.4,0.7,17.8,32
2023-05-14,10.8073740005493,15.4774551391602,30.7699871063232,-0.0811545178294182,36,37.6,67.9,10.4,0.7,17.8,32
2023-05-15,10.8751106262207,15.3767585754395,31.0178203582764,-0.116393379867077,36,37.6,67.9,10.4,0.7,17.8,32
2023-05-16,10.8457841873169,15.5061597824097,30.6425075531006,-0.155048534274101,36,37.6,67.9,10.4,0.7,17.8,32
2023-05-17,11.4325942993164,15.3852844238281,30.317138671875,-0.0907573327422142,36,37.6,67.9,10.4,0.7,17.8,32
2023-05-18,11.3641204833984,15.4045705795288,30.5045623779297,-0.0901335179805756,36,37.6,67.9,10.4,0.7,17.8,32
2023-05-19,11.2565069198608,15.0499315261841,30.7154998779297,-0.140508383512497,36,37.6,67.9,10.4,0.7,17.8,32
2023-05-20,10.9816818237305,15.07483959198,30.981071472168,-0.0895559415221214,36,37.6,67.9,10.4,0.7,17.8,32
2023-05-21,10.8534841537476,15.3684186935425,30.7660732269287,-0.0878094658255577,36,37.6,67.9,10.4,0.7,17.8,32
2023-05-22,10.8820161819458,15.7595434188843,30.7310810089111,-0.115430898964405,36,37.6,67.9,10.4,0.7,17.8,32
2023-05-23,11.3982315063477,15.6864471435547,31.0485458374023,-0.0178911294788122,36,37.6,67.9,10.4,0.7,17.8,32
2023-05-24,11.5229635238647,15.4008026123047,31.6113376617432,0.0308224838227034,36,37.6,67.9,10.4,0.7,17.8,32
2023-05-25,11.4981088638306,15.3942947387695,31.8282527923584,-0.00498839700594544,36,37.6,67.9,10.4,0.7,17.8,32
2023-05-26,11.6317987442017,15.4129838943481,32.0544166564941,-0.0786637738347054,36,37.6,67.9,10.4,0.7,17.8,32
2023-05-27,11.5478277206421,15.4211225509644,32.1099586486816,-0.121731095016003,36,37.6,67.9,10.4,0.7,17.8,32
2023-05-28,11.4427251815796,15.399151802063,32.2059631347656,-0.135114714503288,36,37.6,67.9,10.4,0.7,17.8,32
2023-05-29,11.5718202590942,15.8343734741211,32.2647552490234,-0.0808910802006721,36,37.6,67.9,10.4,0.7,17.8,32
2023-05-30,12.2859354019165,15.8846845626831,32.1438446044922,0.00413083704188466,36,37.6,67.9,10.4,0.7,17.8,32
2023-05-31,13.7224960327148,15.648211479187,31.9930019378662,-0.0522123910486698,36,37.6,67.9,10.4,0.7,17.8,32
2023-06-01,14.1341047286987,15.7626848220825,31.8343276977539,-0.0782542824745178,36,37.6,67.9,10.4,0.7,17.8,32
2023-06-02,13.2292184829712,15.9368886947632,31.8391513824463,-0.0577102787792683,36,37.6,67.9,10.4,0.7,17.8,32
2023-06-03,12.9218511581421,16.256814956665,31.8309097290039,0.0112682087346911,36,37.6,67.9,10.4,0.7,17.8,32
2023-06-04,15.143196105957,15.4544286727905,31.8320026397705,0.150063678622246,36,37.6,67.9,10.4,0.7,17.8,32
2023-06-05,14.9674787521362,15.8522367477417,31.7149486541748,0.0750579163432121,36,37.6,67.9,10.4,0.7,17.8,32
2023-06-06,14.2252435684204,16.4600276947021,31.6011905670166,0.0587184131145477,36,37.6,67.9,10.4,0.7,17.8,32
2023-06-07,13.7048006057739,16.5863018035889,31.5969161987305,0.0597403757274151,36,37.6,67.9,10.4,0.7,17.8,32
2023-06-08,13.1279640197754,16.8841648101807,31.5790405273438,0.0927259549498558,36,37.6,67.9,10.4,0.7,17.8,32
2023-06-09,12.9275236129761,17.0025444030762,31.5884227752686,0.105115950107574,36,37.6,67.9,10.4,0.7,17.8,32
2023-06-10,14.0099821090698,16.976001739502,31.5945205688477,0.0546254068613052,36,37.6,67.9,10.4,0.7,17.8,32
2023-06-11,13.7257766723633,17.8120651245117,31.4275131225586,0.0190141592174768,36,37.6,67.9,10.4,0.7,17.8,32
2023-06-12,13.1578168869019,18.4537887573242,31.1443939208984,0.0656634792685509,36,37.6,67.9,10.4,0.7,17.8,32
2023-06-13,13.0538606643677,18.3620510101318,31.2399349212646,0.0386269353330135,36,37.6,67.9,10.4,0.7,17.8,32
2023-06-14,12.9187898635864,18.6349925994873,31.2468929290771,0.0363705679774284,36,37.6,67.9,10.4,0.7,17.8,32
2023-06-15,12.6311693191528,18.9831275939941,31.2178936004639,0.050498366355896,36,37.6,67.9,10.4,0.7,17.8,32
2023-06-16,13.0047492980957,19.3030433654785,31.2219181060791,0.0627009868621826,36,37.6,67.9,10.4,0.7,17.8,32
2023-06-17,12.8970146179199,19.5530300140381,31.1684894561768,0.0920930281281471,36,37.6,67.9,10.4,0.7,17.8,32
2023-06-18,13.1077070236206,19.9180717468262,31.2444095611572,0.0211992934346199,36,37.6,67.9,10.4,0.7,17.8,32
2023-06-19,13.7383804321289,20.2011165618896,31.3672046661377,0.0300418194383383,36,37.6,67.9,10.4,0.7,17.8,32
2023-06-20,13.9572553634644,20.41286277771,31.3937149047852,0.0328794978559017,36,37.6,67.9,10.4,0.7,17.8,32
2023-06-21,14.6469688415527,19.5188293457031,31.5607223510742,0.0950900614261627,36,37.6,67.9,10.4,0.7,17.8,32
2023-06-22,15.9956550598145,18.633918762207,31.9170589447021,0.0964951440691948,36,37.6,67.9,10.4,0.7,17.8,32
2023-06-23,15.9419755935669,19.0402393341064,31.764741897583,0.0033879701513797,36,37.6,67.9,10.4,0.7,17.8,32
2023-06-24,15.2359161376953,19.6523742675781,31.3705978393555,-0.00244082394056022,36,37.6,67.9,10.4,0.7,17.8,32
2023-06-25,15.1519966125488,20.2177429199219,31.1665191650391,0.00664392998442054,36,37.6,67.9,10.4,0.7,17.8,32
2023-06-26,14.837929725647,20.5911617279053,30.9253997802734,0.0496011674404144,36,37.6,67.9,10.4,0.7,17.8,32
2023-06-27,14.3970489501953,20.8034553527832,30.8467044830322,0.0968903303146362,36,37.6,67.9,10.4,0.7,17.8,32
2023-06-28,14.0458984375,21.0199928283691,30.8314609527588,0.0243136640638113,36,37.6,67.9,10.4,0.7,17.8,32
2023-06-29,13.9812154769897,21.6627807617188,30.7814102172852,-0.00371642899699509,36,37.6,67.9,10.4,0.7,17.8,32
2023-06-30,14.0693054199219,21.9202899932861,30.8113498687744,-0.0116770416498184,36,37.6,67.9,10.4,0.7,17.8,32
2023-07-01,15.2569303512573,22.3106479644775,30.9272689819336,-0.0478842258453369,36,37.6,67.9,10.4,0.7,17.8,32
2023-07-02,14.9312629699707,22.5621242523193,30.915994644165,-0.000625304877758026,36,37.6,67.9,10.4,0.7,17.8,32
2023-07-03,14.3203420639038,23.0511779785156,30.8552341461182,-0.0268343612551689,36,37.6,67.9,10.4,0.7,17.8,32
2023-07-04,13.9552221298218,23.7796840667725,30.8967876434326,-0.0357389859855175,36,37.6,67.9,10.4,0.7,17.8,32
2023-07-05,13.785400390625,24.3346881866455,30.8740673065186,-0.0226896498352289,36,37.6,67.9,10.4,0.7,17.8,32
2023-07-06,13.8028221130371,24.7644290924072,30.8427486419678,-0.0295226294547319,36,37.6,67.9,10.4,0.7,17.8,32
2023-07-07,13.7124395370483,25.4274425506592,30.9764709472656,0.0756778419017792,36,37.6,67.9,10.4,0.7,17.8,32
2023-07-08,13.7746114730835,25.628547668457,30.9870529174805,0.0977335497736931,36,37.6,67.9,10.4,0.7,17.8,32
2023-07-09,13.7778930664062,25.5457973480225,30.9864177703857,0.12600602209568,36,37.6,67.9,10.4,0.7,17.8,32
2023-07-10,13.7620048522949,25.2649745941162,30.9703807830811,0.110778950154781,36,37.6,67.9,10.4,0.7,17.8,32
2023-07-11,13.9101181030273,25.6515960693359,30.9105224609375,0.0534050799906254,36,37.6,67.9,10.4,0.7,17.8,32
2023-07-12,13.9317779541016,25.9652652740479,30.8960208892822,-0.00189840793609619,36,37.6,67.9,10.4,0.7,17.8,32
2023-07-13,14.473126411438,25.8357524871826,31.0786056518555,0.0077091776765883,36,37.6,67.9,10.4,0.7,17.8,32
2023-07-14,14.0894651412964,25.3867721557617,30.9697284698486,-0.0235237702727318,36,37.6,67.9,10.4,0.7,17.8,32
2023-07-15,13.8135080337524,25.3234920501709,31.132719039917,-0.0131073696538806,36,37.6,67.9,10.4,0.7,17.8,32
2023-07-16,13.7760963439941,25.6023254394531,31.4321365356445,0.000564349174965173,36,37.6,67.9,10.4,0.7,17.8,32
2023-07-17,13.4218282699585,25.208740234375,31.4752883911133,-0.0305122639983892,36,37.6,67.9,10.4,0.7,17.8,32
2023-07-18,13.2362070083618,25.3234233856201,31.4050884246826,-0.0176066029816866,36,37.6,67.9,10.4,0.7,17.8,32
2023-07-19,14.5984544754028,25.5363616943359,31.2351455688477,0.00599336484447122,36,37.6,67.9,10.4,0.7,17.8,32
2023-07-20,14.5959615707397,25.7724666595459,31.0750789642334,0.00614223768934608,36,37.6,67.9,10.4,0.7,17.8,32
2023-07-21,14.6637802124023,25.6740245819092,30.9608783721924,0.055825412273407,36,37.6,67.9,10.4,0.7,17.8,32
2023-07-22,14.0240936279297,25.5072937011719,30.6414241790771,0.0778856351971626,36,37.6,67.9,10.4,0.7,17.8,32
2023-07-23,13.7156791687012,25.5514125823975,30.484001159668,0.0340936221182346,36,37.6,67.9,10.4,0.7,17.8,32
2023-07-24,13.404468536377,25.6415710449219,30.4236621856689,0.00948696117848158,36,37.6,67.9,10.4,0.7,17.8,32
2023-07-25,12.0275163650513,25.7592716217041,30.4543628692627,-0.0322192758321762,36,37.6,67.9,10.4,0.7,17.8,32
2023-07-26,11.9393453598022,26.1384811401367,30.4114017486572,-0.0555490739643574,36,37.6,67.9,10.4,0.7,17.8,32
2023-07-27,11.8396654129028,25.8725357055664,30.281400680542,-0.0706576779484749,36,37.6,67.9,10.4,0.7,17.8,32
2023-07-28,12.0832624435425,25.8002338409424,30.6834049224854,-0.151816487312317,36,37.6,67.9,10.4,0.7,17.8,32
2023-07-29,11.362545967102,26.0102214813232,31.1923599243164,-0.104215554893017,36,37.6,67.9,10.4,0.7,17.8,32
2023-07-30,11.1390733718872,24.9336338043213,31.3614978790283,-0.0767240151762962,36,37.6,67.9,10.4,0.7,17.8,32
2023-07-31,12.5756635665894,23.6129856109619,31.017972946167,-0.014622007496655,36,37.6,67.9,10.4,0.7,17.8,32
2023-08-01,12.669451713562,23.1869602203369,30.9067440032959,-0.0420354902744293,36,37.6,67.9,10.4,0.7,17.8,32
2023-08-02,12.9705018997192,23.2101421356201,30.8075466156006,-0.0527426414191723,36,37.6,67.9,10.4,0.7,17.8,32
2023-08-03,11.6508016586304,23.3080959320068,30.9069156646729,-0.0439552329480648,36,37.6,67.9,10.4,0.7,17.8,32
2023-08-04,11.6181564331055,23.0924701690674,31.0073833465576,0.00575401214882731,36,37.6,67.9,10.4,0.7,17.8,32
2023-08-05,11.4019765853882,22.926887512207,31.0576114654541,0.0545496456325054,36,37.6,67.9,10.4,0.7,17.8,32
2023-08-06,13.005012512207,23.7369937896729,31.1181087493896,0.061137318611145,36,37.6,67.9,10.4,0.7,17.8,32
2023-08-07,13.1352910995483,23.8812484741211,31.0889511108398,0.0546500943601131,36,37.6,67.9,10.4,0.7,17.8,32
2023-08-08,12.955792427063,23.7497482299805,30.8618869781494,0.0821462944149971,36,37.6,67.9,10.4,0.7,17.8,32
2023-08-09,14.2621374130249,23.6679611206055,30.8516540527344,0.0101493680849671,36,37.6,67.9,10.4,0.7,17.8,32
2023-08-10,14.025821685791,23.872838973999,30.9320392608643,0.0106339855119586,36,37.6,67.9,10.4,0.7,17.8,32
2023-08-11,13.8391809463501,23.5965557098389,31.1622486114502,0.0206648577004671,36,37.6,67.9,10.4,0.7,17.8,32
2023-08-12,15.909478187561,24.0928783416748,31.4188861846924,-0.0205998625606298,36,37.6,67.9,10.4,0.7,17.8,32
2023-08-13,16.0422115325928,24.1067276000977,31.6691608428955,0.0149155603721738,36,37.6,67.9,10.4,0.7,17.8,32
2023-08-14,16.151762008667,24.6119766235352,31.7699813842773,-0.0316038094460964,36,37.6,67.9,10.4,0.7,17.8,32
2023-08-15,15.9101362228394,25.1549091339111,32.0052185058594,0.0180045701563358,36,37.6,67.9,10.4,0.7,17.8,32
2023-08-16,16.0283718109131,25.0430774688721,32.0838851928711,0.0160420443862677,36,37.6,67.9,10.4,0.7,17.8,32
2023-08-17,16.122766494751,25.2236080169678,31.9724979400635,0.0310729295015335,36,37.6,67.9,10.4,0.7,17.8,32
2023-08-18,17.2343349456787,24.9509658813477,31.8223724365234,0.065972201526165,36,37.6,67.9,10.4,0.7,17.8,32
2023-08-19,17.4087085723877,25.015588760376,31.8883724212646,-0.0136206345632672,36,37.6,67.9,10.4,0.7,17.8,32
2023-08-20,17.5572910308838,24.9697933197021,31.9896869659424,-0.0552432872354984,36,37.6,67.9,10.4,0.7,17.8,32
2023-08-21,17.7280559539795,24.9609527587891,31.9422454833984,-0.0208356529474258,36,37.6,67.9,10.4,0.7,17.8,32
2023-08-22,17.7982444763184,25.107421875,32.0228004455566,0.0101910419762135,36,37.6,67.9,10.4,0.7,17.8,32
2023-08-23,17.9710102081299,24.8796997070312,31.8256893157959,0.0463252812623978,36,37.6,67.9,10.4,0.7,17.8,32
2023-08-24,17.8024005889893,25.0090103149414,31.8652095794678,0.0372591130435467,36,37.6,67.9,10.4,0.7,17.8,32
2023-08-25,17.6782531738281,24.5779514312744,32.078685760498,0.0112625658512115,36,37.6,67.9,10.4,0.7,17.8,32
2023-08-26,17.5085067749023,24.4587459564209,32.081657409668,0.0731190741062164,36,37.6,67.9,10.4,0.7,17.8,32
2023-08-27,17.7327098846436,24.3839168548584,32.0574226379395,0.033969771116972,36,37.6,67.9,10.4,0.7,17.8,32
2023-08-28,17.8161067962646,24.2285232543945,32.1278114318848,0.0764133334159851,36,37.6,67.9,10.4,0.7,17.8,32
2023-08-29,17.9238548278809,24.0609359741211,32.1141166687012,0.0787076577544212,36,37.6,67.9,10.4,0.7,17.8,32
2023-08-30,18.4039096832275,24.0601654052734,32.1022071838379,0.0530665032565594,36,37.6,67.9,10.4,0.7,17.8,32
2023-08-31,18.5645809173584,23.7989902496338,32.0315208435059,0.0843910202383995,36,37.6,67.9,10.4,0.7,17.8,32
2023-09-01,19.1502628326416,23.2599658966064,31.9416675567627,0.0785827562212944,36,37.6,67.9,10.4,0.7,17.8,32
2023-09-02,18.3216075897217,23.6905612945557,31.8981113433838,0.00724815437570214,36,37.6,67.9,10.4,0.7,17.8,32
2023-09-03,17.6704235076904,23.6271190643311,31.8852634429932,-0.0271726381033659,36,37.6,67.9,10.4,0.7,17.8,32
2023-09-04,17.0620269775391,23.6809997558594,31.8211803436279,0.0222145412117243,36,37.6,67.9,10.4,0.7,17.8,32
2023-09-05,17.4492740631104,24.1552200317383,31.9339752197266,0.086725153028965,36,37.6,67.9,10.4,0.7,17.8,32
2023-09-06,17.5137481689453,24.5050296783447,31.878791809082,0.0900368019938469,36,37.6,67.9,10.4,0.7,17.8,32
2023-09-07,17.467752456665,24.8741607666016,31.8494358062744,0.107757411897182,36,37.6,67.9,10.4,0.7,17.8,32
2023-09-08,18.2331676483154,25.0793132781982,31.8511257171631,0.0835349187254906,36,37.6,67.9,10.4,0.7,17.8,32
2023-09-09,18.0043239593506,25.195779800415,31.6034851074219,0.0265400838106871,36,37.6,67.9,10.4,0.7,17.8,32
2023-09-10,17.7877101898193,25.3895626068115,31.5279083251953,0.0249086525291204,36,37.6,67.9,10.4,0.7,17.8,32
2023-09-11,17.3142776489258,25.7274837493896,31.5741367340088,0.0129522429779172,36,37.6,67.9,10.4,0.7,17.8,32
2023-09-12,17.313663482666,25.7637538909912,31.5681304931641,0.0230564717203379,36,37.6,67.9,10.4,0.7,17.8,32
2023-09-13,17.4793739318848,25.6092681884766,31.5825958251953,0.0661068707704544,36,37.6,67.9,10.4,0.7,17.8,32
2023-09-14,17.4219379425049,25.1232662200928,31.6911315917969,0.098862774670124,36,37.6,67.9,10.4,0.7,17.8,32
2023-09-15,18.2503147125244,24.2790088653564,32.0211334228516,0.17425899207592,36,37.6,67.9,10.4,0.7,17.8,32
2023-09-16,20.1949901580811,23.7680187225342,31.6685199737549,0.165993466973305,36,37.6,67.9,10.4,0.7,17.8,32
2023-09-17,20.7006587982178,23.3211822509766,31.1526718139648,0.0769733265042305,36,37.6,67.9,10.4,0.7,17.8,32
2023-09-18,19.3117351531982,23.2800693511963,31.2878551483154,0.101561516523361,36,37.6,67.9,10.4,0.7,17.8,32
2023-09-19,18.6086654663086,23.0007801055908,31.1576766967773,0.0461710654199123,36,37.6,67.9,10.4,0.7,17.8,32
2023-09-20,18.2961769104004,22.6523036956787,31.0414791107178,-0.0147227793931961,36,37.6,67.9,10.4,0.7,17.8,32
2023-09-21,18.0105800628662,22.6303768157959,31.036413192749,-0.00401845062151551,36,37.6,67.9,10.4,0.7,17.8,32
2023-09-22,18.4360256195068,22.3232479095459,30.9863052368164,0.118632338941097,36,37.6,67.9,10.4,0.7,17.8,32
2023-09-23,21.1977634429932,21.6880283355713,31.0494327545166,0.382627874612808,36,37.6,67.9,10.4,0.7,17.8,32
2023-09-24,21.4402770996094,21.4636363983154,30.7252655029297,0.266530722379684,36,37.6,67.9,10.4,0.7,17.8,32
2023-09-25,21.0827655792236,21.477029800415,30.6600742340088,0.109985150396824,36,37.6,67.9,10.4,0.7,17.8,32
2023-09-26,18.276762008667,20.5260276794434,31.0606174468994,0.24644647538662,36,37.6,67.9,10.4,0.7,17.8,32
2023-09-27,19.1803760528564,19.1653747558594,31.4633636474609,0.237448498606682,36,37.6,67.9,10.4,0.7,17.8,32
2023-09-28,19.1406707763672,19.1348476409912,31.6026248931885,0.180490732192993,36,37.6,67.9,10.4,0.7,17.8,32
2023-09-29,19.2402229309082,19.3551082611084,31.5110607147217,0.179541766643524,36,37.6,67.9,10.4,0.7,17.8,32
2023-09-30,19.3005199432373,19.326940536499,31.7515392303467,0.171051278710365,36,37.6,67.9,10.4,0.7,17.8,32
2023-10-01,19.3082599639893,19.3111038208008,32.0575828552246,0.198423683643341,36,37.6,67.9,10.4,0.7,17.8,32
2023-10-02,19.2497234344482,19.2533645629883,32.1804122924805,0.151693716645241,36,37.6,67.9,10.4,0.7,17.8,32
2023-10-03,19.2686004638672,19.3193111419678,32.1952781677246,0.115636251866817,36,37.6,67.9,10.4,0.7,17.8,32
2023-10-04,19.300853729248,19.4462909698486,32.1089820861816,0.0542998015880585,36,37.6,67.9,10.4,0.7,17.8,32
2023-10-05,17.9486904144287,19.7002220153809,31.9417018890381,0.0469952672719955,36,37.6,67.9,10.4,0.7,17.8,32
2023-10-06,17.9170780181885,19.9840869903564,32.0589408874512,0.122549466788769,36,37.6,67.9,10.4,0.7,17.8,32
2023-10-07,17.975492477417,20.1590824127197,32.148868560791,0.212483048439026,36,37.6,67.9,10.4,0.7,17.8,32
2023-10-08,19.3391933441162,19.4965591430664,32.0711936950684,0.15791317820549,36,37.6,67.9,10.4,0.7,17.8,32
2023-10-09,19.5092906951904,19.3498497009277,32.01611328125,0.0778098925948143,36,37.6,67.9,10.4,0.7,17.8,32
2023-10-10,19.5884838104248,19.1577625274658,31.8325519561768,0.125747814774513,36,37.6,67.9,10.4,0.7,17.8,32
2023-10-11,18.8468532562256,19.1928806304932,32.0697898864746,0.111457496881485,36,37.6,67.9,10.4,0.7,17.8,32
2023-10-12,18.7877826690674,19.2314414978027,32.1380920410156,0.136214599013329,36,37.6,67.9,10.4,0.7,17.8,32
2023-10-13,18.7109107971191,19.1060276031494,32.1755409240723,0.15705418586731,36,37.6,67.9,10.4,0.7,17.8,32
2023-10-14,18.8820209503174,18.8466854095459,32.2562561035156,0.220489144325256,36,37.6,67.9,10.4,0.7,17.8,32
2023-10-15,18.7891960144043,18.75950050354,32.1713218688965,0.355402618646622,36,37.6,67.9,10.4,0.7,17.8,32
2023-10-16,18.5889759063721,18.5261306762695,32.0080108642578,0.243152752518654,36,37.6,67.9,10.4,0.7,17.8,32
2023-10-17,17.8397045135498,18.3911666870117,31.9759769439697,0.217797145247459,36,37.6,67.9,10.4,0.7,17.8,32
2023-10-18,17.7817535400391,18.1985301971436,31.9337863922119,0.123235307633877,36,37.6,67.9,10.4,0.7,17.8,32
2023-10-19,17.7931118011475,18.129810333252,31.9306049346924,0.084894560277462,36,37.6,67.9,10.4,0.7,17.8,32
2023-10-20,17.8893642425537,18.3756980895996,31.96604347229,0.172355934977531,36,37.6,67.9,10.4,0.7,17.8,32
2023-10-21,17.9355945587158,18.3518905639648,31.8802795410156,0.272885411977768,36,37.6,67.9,10.4,0.7,17.8,32
2023-10-22,18.0940971374512,18.1278896331787,32.0069198608398,0.00987078342586756,36,37.6,67.9,10.4,0.7,17.8,32
2023-10-23,18.3653297424316,17.709135055542,32.2806625366211,-0.108432255685329,36,37.6,67.9,10.4,0.7,17.8,32
2023-10-24,18.1541595458984,17.6506519317627,32.2715721130371,-0.014950511045754,36,37.6,67.9,10.4,0.7,17.8,32
2023-10-25,17.9817962646484,17.608907699585,32.1321601867676,-0.0796682313084602,36,37.6,67.9,10.4,0.7,17.8,32
2023-10-26,17.0492305755615,18.0513343811035,31.9236755371094,-0.151854977011681,36,37.6,67.9,10.4,0.7,17.8,32
2023-10-27,17.1802043914795,18.1398391723633,31.4454479217529,-0.0813838094472885,36,37.6,67.9,10.4,0.7,17.8,32
2023-10-28,17.2705249786377,18.426778793335,31.2549686431885,-0.0276743229478598,36,37.6,67.9,10.4,0.7,17.8,32
2023-10-29,17.7241268157959,18.6352062225342,31.2315235137939,-0.0101282000541687,36,37.6,67.9,10.4,0.7,17.8,32
2023-10-30,17.6836986541748,18.5381488800049,31.321382522583,0.11102969199419,36,37.6,67.9,10.4,0.7,17.8,32
2023-10-31,17.6908702850342,18.1771144866943,31.8263397216797,0.0452052317559719,36,37.6,67.9,10.4,0.7,17.8,32
2023-11-01,17.5160160064697,17.4609775543213,31.8378314971924,0.168321684002876,36,37.6,67.9,10.4,0.7,17.8,32
2023-11-02,17.533670425415,17.1114025115967,31.9455318450928,0.0819666832685471,36,37.6,67.9,10.4,0.7,17.8,32
2023-11-03,17.2908802032471,16.9676685333252,32.0139007568359,0.0120248384773731,36,37.6,67.9,10.4,0.7,17.8,32
2023-11-04,16.7802295684814,16.7010555267334,32.0304718017578,-0.0518141873180866,36,37.6,67.9,10.4,0.7,17.8,32
2023-11-05,16.7579956054688,16.686731338501,31.9824085235596,0.0209806654602289,36,37.6,67.9,10.4,0.7,17.8,32
2023-11-06,16.7464656829834,16.6314601898193,32.073314666748,0.0743776857852936,36,37.6,67.9,10.4,0.7,17.8,32
2023-11-07,16.7875843048096,16.6773319244385,32.0600700378418,0.0873331353068352,36,37.6,67.9,10.4,0.7,17.8,32
2023-11-08,16.66872215271,16.5834197998047,32.0271606445312,0.0229644346982241,36,37.6,67.9,10.4,0.7,17.8,32
2023-11-09,16.6658229827881,16.5331630706787,32.1370658874512,0.0547254085540771,36,37.6,67.9,10.4,0.7,17.8,32
2023-11-10,16.1358451843262,16.6384143829346,32.1350898742676,0.0241482704877853,36,37.6,67.9,10.4,0.7,17.8,32
2023-11-11,16.2370147705078,16.311071395874,32.2314262390137,-0.0920281708240509,36,37.6,67.9,10.4,0.7,17.8,32
2023-11-12,16.1494197845459,16.1221828460693,32.2054824829102,-0.0795718431472778,36,37.6,67.9,10.4,0.7,17.8,32
2023-11-13,15.5788164138794,16.104419708252,32.0561752319336,0.0438887365162373,36,37.6,67.9,10.4,0.7,17.8,32
2023-11-14,15.5998306274414,15.7840261459351,32.040225982666,-0.00798973441123962,36,37.6,67.9,10.4,0.7,17.8,32
2023-11-15,15.5890703201294,15.5746831893921,32.0523223876953,-0.014241904951632,36,37.6,67.9,10.4,0.7,17.8,32
2023-11-16,15.2958784103394,15.6417970657349,32.0215492248535,-0.0589431561529636,36,37.6,67.9,10.4,0.7,17.8,32
2023-11-17,15.2580728530884,15.5733461380005,32.014289855957,0.0124233299866319,36,37.6,67.9,10.4,0.7,17.8,32
2023-11-18,15.2150182723999,15.6169166564941,32.066478729248,0.173737034201622,36,37.6,67.9,10.4,0.7,17.8,32
2023-11-19,15.5442695617676,15.5173540115356,32.1305351257324,0.100143902003765,36,37.6,67.9,10.4,0.7,17.8,32
2023-11-20,15.3905744552612,15.3518447875977,32.1741905212402,0.00830932427197695,36,37.6,67.9,10.4,0.7,17.8,32
2023-11-21,15.205982208252,15.182765007019,32.1404495239258,0.0775301307439804,36,37.6,67.9,10.4,0.7,17.8,32
2023-11-22,15.2101011276245,15.2132921218872,31.9349422454834,0.23631389439106,36,37.6,67.9,10.4,0.7,17.8,32
2023-11-23,15.0951280593872,15.0357961654663,31.8740329742432,0.0791366621851921,36,37.6,67.9,10.4,0.7,17.8,32
2023-11-24,14.9369506835938,14.8996667861938,31.9204120635986,0.0149155156686902,36,37.6,67.9,10.4,0.7,17.8,32
2023-11-25,14.5743522644043,14.5445528030396,31.9791870117188,0.0449192970991135,36,37.6,67.9,10.4,0.7,17.8,32
2023-11-26,14.2428979873657,14.2236175537109,31.9801788330078,0.0543144792318344,36,37.6,67.9,10.4,0.7,17.8,32
2023-11-27,14.1757392883301,14.1419744491577,31.984094619751,0.0886161252856255,36,37.6,67.9,10.4,0.7,17.8,32
2023-11-28,13.8960866928101,13.9528207778931,32.0751686096191,-0.0475534088909626,36,37.6,67.9,10.4,0.7,17.8,32
2023-11-29,13.6878519058228,13.6326055526733,32.1388092041016,-0.183717653155327,36,37.6,67.9,10.4,0.7,17.8,32
2023-11-30,13.523720741272,13.4873466491699,32.209056854248,-0.13227915763855,36,37.6,67.9,10.4,0.7,17.8,32
2023-12-01,13.2072372436523,13.1575136184692,32.3708992004395,-0.117181099951267,36,37.6,67.9,10.4,0.7,17.8,32
2023-12-02,13.2033014297485,13.0243577957153,32.2078514099121,-0.0676860436797142,36,37.6,67.9,10.4,0.7,17.8,32
2023-12-03,13.1955757141113,12.9595289230347,32.120174407959,0.0404114089906216,36,37.6,67.9,10.4,0.7,17.8,32
2023-12-04,13.2505140304565,12.8825302124023,31.9644393920898,0.0848817750811577,36,37.6,67.9,10.4,0.7,17.8,32
2023-12-05,13.2756948471069,12.9372282028198,32.0864067077637,-0.0356498546898365,36,37.6,67.9,10.4,0.7,17.8,32
2023-12-06,13.2344331741333,12.9985885620117,32.1966896057129,0.0538723282516003,36,37.6,67.9,10.4,0.7,17.8,32
2023-12-07,12.7446184158325,12.715350151062,32.191234588623,0.0411821492016315,36,37.6,67.9,10.4,0.7,17.8,32
2023-12-08,12.5947532653809,12.5817365646362,32.195686340332,-0.034686915576458,36,37.6,67.9,10.4,0.7,17.8,32
2023-12-09,12.611198425293,12.5763521194458,32.2072143554688,-0.016010781750083,36,37.6,67.9,10.4,0.7,17.8,32
2023-12-10,12.2682762145996,12.3217248916626,31.8862247467041,-0.0113059552386403,36,37.6,67.9,10.4,0.7,17.8,32
2023-12-11,12.3785963058472,12.0301856994629,31.6104030609131,0.0133271440863609,36,37.6,67.9,10.4,0.7,17.8,32
2023-12-12,12.4033470153809,11.8130693435669,31.710693359375,-0.26613661646843,36,37.6,67.9,10.4,0.7,17.8,32
2023-12-13,12.4422788619995,11.9314470291138,31.8323764801025,-0.301263779401779,36,37.6,67.9,10.4,0.7,17.8,32
2023-12-14,12.3613843917847,11.8911590576172,32.0082702636719,-0.312833219766617,36,37.6,67.9,10.4,0.7,17.8,32
2023-12-15,12.177752494812,11.8160104751587,32.0658645629883,-0.260297745466232,36,37.6,67.9,10.4,0.7,17.8,32
2023-12-16,11.8671731948853,11.8076028823853,32.1372680664062,-0.232210323214531,36,37.6,67.9,10.4,0.7,17.8,32
2023-12-17,11.8516426086426,11.8504037857056,32.2052040100098,0.000306205212837085,36,37.6,67.9,10.4,0.7,17.8,32
2023-12-18,11.9058952331543,11.8971290588379,32.0637092590332,0.329777359962463,36,37.6,67.9,10.4,0.7,17.8,32
2023-12-19,11.7555541992188,11.6359481811523,32.0332832336426,-0.0991622507572174,36,37.6,67.9,10.4,0.7,17.8,32
2023-12-20,11.4407386779785,11.4009284973145,32.0771369934082,-0.0434532053768635,36,37.6,67.9,10.4,0.7,17.8,32
2023-12-21,11.1414566040039,11.1064805984497,31.9287357330322,-0.0116390436887741,36,37.6,67.9,10.4,0.7,17.8,32
2023-12-22,10.9800081253052,10.990852355957,31.9593257904053,0.0298456400632858,36,37.6,67.9,10.4,0.7,17.8,32
2023-12-23,10.9160318374634,10.8992261886597,31.9506206512451,0.00824835803359747,36,37.6,67.9,10.4,0.7,17.8,32
2023-12-24,10.8934392929077,10.8889112472534,31.9313564300537,-0.021268704906106,36,37.6,67.9,10.4,0.7,17.8,32
2023-12-25,10.7972211837769,10.7622308731079,32.0077247619629,-0.0832125172019005,36,37.6,67.9,10.4,0.7,17.8,32
2023-12-26,10.8081703186035,10.7719964981079,32.0428009033203,-0.0338329374790192,36,37.6,67.9,10.4,0.7,17.8,32
2023-12-27,10.7920074462891,10.7950639724731,32.0693817138672,0.0536832809448242,36,37.6,67.9,10.4,0.7,17.8,32
2023-12-28,10.5446557998657,10.7432985305786,31.9758815765381,0.155578956007957,36,37.6,67.9,10.4,0.7,17.8,32
2023-12-29,10.5208654403687,10.6730680465698,31.9052276611328,0.146061837673187,36,37.6,67.9,10.4,0.7,17.8,32
2023-12-30,10.5730123519897,10.4004735946655,31.6361484527588,0.10853499174118,36,37.6,67.9,10.4,0.7,17.8,32
2023-12-31,10.3774032592773,10.4930372238159,31.5180816650391,-0.109670072793961,36,37.6,67.9,10.4,0.7,17.8,32
2024-01-01,10.4337015151978,10.289568901062,31.6055679321289,-0.052096962928772,36,37.6,67.9,10.4,0.7,17.8,32
2024-01-02,10.4280633926392,10.1996774673462,31.7710876464844,0.025323087349534,36,37.6,67.9,10.4,0.7,17.8,32
2024-01-03,10.3043737411499,9.77710819244385,31.3756084442139,-0.0113292150199413,36,37.6,67.9,10.4,0.7,17.8,32
2024-01-04,10.3361253738403,9.68474674224854,31.4514827728271,0.024845140054822,36,37.6,67.9,10.4,0.7,17.8,32
2024-01-05,10.2365217208862,9.77162075042725,31.8997344970703,-0.0904817059636116,36,37.6,67.9,10.4,0.7,17.8,32
2024-01-06,9.88796329498291,9.7753381729126,31.9090042114258,-0.0654748901724815,36,37.6,67.9,10.4,0.7,17.8,32
2024-01-07,9.71023845672607,9.69546794891357,31.8403549194336,0.172567203640938,36,37.6,67.9,10.4,0.7,17.8,32
2024-01-08,9.44208812713623,9.41166973114014,31.7652568817139,-0.0400236584246159,36,37.6,67.9,10.4,0.7,17.8,32
2024-01-09,9.02755069732666,9.03653812408447,31.5752429962158,0.0843012258410454,36,37.6,67.9,10.4,0.7,17.8,32
2024-01-10,8.98074436187744,8.97971057891846,31.505033493042,0.170871302485466,36,37.6,67.9,10.4,0.7,17.8,32
2024-01-11,9.23752212524414,8.90428638458252,31.4644680023193,-0.0668908879160881,36,37.6,67.9,10.4,0.7,17.8,32
2024-01-12,9.2644567489624,9.03068828582764,31.3843975067139,-0.0711722150444984,36,37.6,67.9,10.4,0.7,17.8,32
2024-01-13,9.30827522277832,9.39323902130127,31.5258045196533,0.17200094461441,36,37.6,67.9,10.4,0.7,17.8,32
2024-01-14,9.59622478485107,8.91650772094727,30.9031238555908,-0.178902998566628,36,37.6,67.9,10.4,0.7,17.8,32
2024-01-15,9.57626247406006,8.59932327270508,30.9565277099609,-0.18239463865757,36,37.6,67.9,10.4,0.7,17.8,32
2024-01-16,9.56020355224609,8.70562076568604,31.1858291625977,0.0950708016753197,36,37.6,67.9,10.4,0.7,17.8,32
2024-01-17,9.50210475921631,8.43663597106934,31.3533382415771,-0.0217815488576889,36,37.6,67.9,10.4,0.7,17.8,32
2024-01-18,9.27241611480713,7.9870457649231,31.2654819488525,-0.278445512056351,36,37.6,67.9,10.4,0.7,17.8,32
2024-01-19,9.45581817626953,7.66108274459839,31.0436553955078,-0.0764448940753937,36,37.6,67.9,10.4,0.7,17.8,32
2024-01-20,9.49006938934326,7.6645998954773,31.2539157867432,-0.153626665472984,36,37.6,67.9,10.4,0.7,17.8,32
2024-01-21,9.37523078918457,7.84820365905762,31.4786624908447,-0.254410177469254,36,37.6,67.9,10.4,0.7,17.8,32
2024-01-22,8.77352428436279,7.54181718826294,31.4258441925049,-0.235370352864265,36,37.6,67.9,10.4,0.7,17.8,32
2024-01-23,8.8591423034668,7.02962446212769,31.0310955047607,-0.305630534887314,36,37.6,67.9,10.4,0.7,17.8,32
2024-01-24,8.44361877441406,6.67873430252075,30.6471099853516,-0.242574200034142,36,37.6,67.9,10.4,0.7,17.8,32
2024-01-25,8.22790718078613,6.67393493652344,29.8667049407959,-0.116874493658543,36,37.6,67.9,10.4,0.7,17.8,32
2024-01-26,8.31333827972412,6.5240683555603,29.3818264007568,-0.0540598966181278,36,37.6,67.9,10.4,0.7,17.8,32
2024-01-27,8.09858989715576,6.93676233291626,29.4898052215576,0.0169285759329796,36,37.6,67.9,10.4,0.7,17.8,32
2024-01-28,7.72330474853516,7.44859743118286,29.8757152557373,0.197157129645348,36,37.6,67.9,10.4,0.7,17.8,32
2024-01-29,7.52557945251465,7.33619356155396,30.1714496612549,0.218086004257202,36,37.6,67.9,10.4,0.7,17.8,32
2024-01-30,7.60863494873047,7.20244836807251,31.2957458496094,0.180124804377556,36,37.6,67.9,10.4,0.7,17.8,32
2024-01-31,7.312659740448,7.05688667297363,31.3472461700439,0.183985516428947,36,37.6,67.9,10.4,0.7,17.8,32
2024-02-01,7.14647245407104,7.12278747558594,31.3504962921143,0.114111565053463,36,37.6,67.9,10.4,0.7,17.8,32
2024-02-02,7.33064270019531,7.1548957824707,31.2675495147705,0.0715916678309441,36,37.6,67.9,10.4,0.7,17.8,32
2024-02-03,7.22520303726196,7.06269836425781,31.3188304901123,0.127725780010223,36,37.6,67.9,10.4,0.7,17.8,32
2024-02-04,6.96687936782837,6.89841413497925,31.2548046112061,0.186178639531136,36,37.6,67.9,10.4,0.7,17.8,32
2024-02-05,6.80843210220337,6.6745285987854,31.2035312652588,0.215941473841667,36,37.6,67.9,10.4,0.7,17.8,32
2024-02-06,6.68367767333984,6.56168222427368,31.4272384643555,0.257207542657852,36,37.6,67.9,10.4,0.7,17.8,32
2024-02-07,6.53804636001587,6.53724908828735,31.4120330810547,0.189214408397675,36,37.6,67.9,10.4,0.7,17.8,32
2024-02-08,6.8090991973877,6.55617141723633,31.1953868865967,0.0726237893104553,36,37.6,67.9,10.4,0.7,17.8,32
2024-02-09,6.96639680862427,6.5312991142273,30.7933044433594,0.0473355688154697,36,37.6,67.9,10.4,0.7,17.8,32
2024-02-10,7.09513473510742,6.55997514724731,29.7868976593018,0.0996440425515175,36,37.6,67.9,10.4,0.7,17.8,32
2024-02-11,7.38134431838989,6.88423204421997,28.8256149291992,0.0474828779697418,36,37.6,67.9,10.4,0.7,17.8,32
2024-02-12,7.4257664680481,6.92600297927856,29.0122375488281,0.0569373778998852,36,37.6,67.9,10.4,0.7,17.8,32
2024-02-13,7.38534927368164,6.93415880203247,30.3345928192139,0.232621729373932,36,37.6,67.9,10.4,0.7,17.8,32
2024-02-14,6.93713808059692,6.72567892074585,31.4832324981689,0.0367006696760654,36,37.6,67.9,10.4,0.7,17.8,32
2024-02-15,7.01691389083862,6.80102491378784,31.739294052124,-0.0758909955620766,36,37.6,67.9,10.4,0.7,17.8,32
2024-02-16,7.19577074050903,6.58159255981445,31.5148792266846,-0.0420472025871277,36,37.6,67.9,10.4,0.7,17.8,32
2024-02-17,7.24624252319336,6.66682386398315,31.5343914031982,0.0707872733473778,36,37.6,67.9,10.4,0.7,17.8,32
2024-02-18,7.16090059280396,6.63868284225464,31.5929870605469,-0.0395007468760014,36,37.6,67.9,10.4,0.7,17.8,32
2024-02-19,7.10227727890015,5.66166734695435,30.5751953125,-0.258805245161057,36,37.6,67.9,10.4,0.7,17.8,32
2024-02-20,6.56672048568726,6.13570928573608,31.1386241912842,-0.1178994551301,36,37.6,67.9,10.4,0.7,17.8,32
2024-02-21,6.59875249862671,6.50498247146606,31.6579074859619,-0.060655701905489,36,37.6,67.9,10.4,0.7,17.8,32
2024-02-22,6.56745004653931,6.52560758590698,31.7221012115479,-0.0174758639186621,36,37.6,67.9,10.4,0.7,17.8,32
2024-02-23,6.34315252304077,6.4524941444397,31.1450748443604,0.0832032859325409,36,37.6,67.9,10.4,0.7,17.8,32
2024-02-24,6.42888641357422,6.23516607284546,30.4361019134521,0.0879270136356354,36,37.6,67.9,10.4,0.7,17.8,32
2024-02-25,6.45057344436646,6.2072024345398,31.2495136260986,0.0087826969102025,36,37.6,67.9,10.4,0.7,17.8,32
2024-02-26,6.12421417236328,6.23160600662231,31.0843372344971,-0.11193510144949,36,37.6,67.9,10.4,0.7,17.8,32
2024-02-27,6.16389656066895,6.16860055923462,30.1932849884033,-0.0845927372574806,36,37.6,67.9,10.4,0.7,17.8,32
2024-02-28,6.2550220489502,6.4726357460022,30.3846950531006,-0.0289214830845594,36,37.6,67.9,10.4,0.7,17.8,32
2024-02-29,6.52947950363159,6.50524568557739,31.0760555267334,-0.323238372802734,36,37.6,67.9,10.4,0.7,17.8,32
2024-03-01,6.74276971817017,6.51970911026001,31.1967105865479,-0.399057626724243,36,37.6,67.9,10.4,0.7,17.8,32
2024-03-02,6.91448354721069,6.78475618362427,31.1077823638916,-0.225263297557831,36,37.6,67.9,10.4,0.7,17.8,32
2024-03-03,7.1582145690918,7.45847129821777,31.1954898834229,-0.189144030213356,36,37.6,67.9,10.4,0.7,17.8,32
2024-03-04,7.1412181854248,7.48873949050903,31.1244983673096,-0.222594305872917,36,37.6,67.9,10.4,0.7,17.8,32
2024-03-05,6.98222732543945,7.42377710342407,31.1246166229248,0.000850658572744578,36,37.6,67.9,10.4,0.7,17.8,32
2024-03-06,6.89094591140747,7.23618316650391,30.9141540527344,-0.0264478027820587,36,37.6,67.9,10.4,0.7,17.8,32
2024-03-07,6.92340660095215,7.34829330444336,30.7721252441406,-0.00870880018919706,36,37.6,67.9,10.4,0.7,17.8,32
2024-03-08,6.84476089477539,7.37333250045776,30.8066883087158,0.00529106566682458,36,37.6,67.9,10.4,0.7,17.8,32
2024-03-09,6.92183542251587,7.43499755859375,30.8234252929688,0.102203607559204,36,37.6,67.9,10.4,0.7,17.8,32
2024-03-10,6.9912109375,7.46116828918457,30.9075622558594,0.149072706699371,36,37.6,67.9,10.4,0.7,17.8,32
2024-03-11,7.17194175720215,7.21736574172974,31.0474987030029,-0.266651093959808,36,37.6,67.9,10.4,0.7,17.8,32
2024-03-12,7.29964303970337,7.41139364242554,30.8846607208252,-0.265613704919815,36,37.6,67.9,10.4,0.7,17.8,32
2024-03-13,7.35072088241577,7.79985189437866,30.8855514526367,-0.101385176181793,36,37.6,67.9,10.4,0.7,17.8,32
2024-03-14,7.40567636489868,8.25127124786377,30.8013324737549,-0.00982190761715174,36,37.6,67.9,10.4,0.7,17.8,32
2024-03-15,7.47101020812988,8.39605045318604,30.7985229492188,0.0167602654546499,36,37.6,67.9,10.4,0.7,17.8,32
2024-03-16,7.53179025650024,8.58862781524658,30.8185043334961,0.0549884289503098,36,37.6,67.9,10.4,0.7,17.8,32
2024-03-17,7.58188056945801,8.72023105621338,30.8123245239258,0.105226077139378,36,37.6,67.9,10.4,0.7,17.8,32
2024-03-18,8.13582515716553,8.66441822052002,30.7864971160889,0.0740118995308876,36,37.6,67.9,10.4,0.7,17.8,32
2024-03-19,8.20147037506104,8.28927135467529,31.0784969329834,-0.0441372841596603,36,37.6,67.9,10.4,0.7,17.8,32
2024-03-20,8.32181262969971,8.34762573242188,30.8529605865479,-0.0512907467782497,36,37.6,67.9,10.4,0.7,17.8,32
2024-03-21,8.45723247528076,8.19567489624023,30.5648288726807,-0.139555469155312,36,37.6,67.9,10.4,0.7,17.8,32
2024-03-22,8.4800910949707,8.02465724945068,30.8524551391602,-0.282260984182358,36,37.6,67.9,10.4,0.7,17.8,32
2024-03-23,8.53359127044678,8.19054698944092,31.1190738677979,-0.0415599346160889,36,37.6,67.9,10.4,0.7,17.8,32
2024-03-24,8.8424596786499,8.12855243682861,31.1949310302734,0.003148925723508,36,37.6,67.9,10.4,0.7,17.8,32
2024-03-25,8.40908432006836,8.04428958892822,31.4012222290039,0.0806655809283257,36,37.6,67.9,10.4,0.7,17.8,32
2024-03-26,7.84537124633789,7.83792066574097,31.599630355835,0.284735560417175,36,37.6,67.9,10.4,0.7,17.8,32
2024-03-27,7.6388897895813,7.69798231124878,31.4086837768555,0.146453455090523,36,37.6,67.9,10.4,0.7,17.8,32
2024-03-28,7.64209175109863,7.70485544204712,31.3879089355469,0.0532655902206898,36,37.6,67.9,10.4,0.7,17.8,32
2024-03-29,7.68055105209351,7.71234560012817,31.4053211212158,0.0295330081135035,36,37.6,67.9,10.4,0.7,17.8,32
2024-03-30,7.81984663009644,7.96327352523804,31.3984317779541,-0.0891723409295082,36,37.6,67.9,10.4,0.7,17.8,32
2024-03-31,7.90957832336426,8.34017848968506,31.3725299835205,-0.111718982458115,36,37.6,67.9,10.4,0.7,17.8,32
2024-04-01,7.92541074752808,8.47543144226074,31.4280223846436,0.00785644352436066,36,37.6,67.9,10.4,0.7,17.8,32
2024-04-02,7.78555107116699,8.1040096282959,31.6688823699951,0.0504177622497082,36,37.6,67.9,10.4,0.7,17.8,32
2024-04-03,7.85480690002441,8.00987911224365,31.5723400115967,0.246312871575356,36,37.6,67.9,10.4,0.7,17.8,32
2024-04-04,8.008131980896,8.12064266204834,31.1906204223633,0.329318225383759,36,37.6,67.9,10.4,0.7,17.8,32
2024-04-05,7.58902597427368,8.01083755493164,30.9207057952881,0.0646374523639679,36,37.6,67.9,10.4,0.7,17.8,32
2024-04-06,7.60360908508301,7.92152786254883,30.9470958709717,-0.025884635746479,36,37.6,67.9,10.4,0.7,17.8,32
2024-04-07,7.6219334602356,7.92434740066528,30.9864101409912,0.031764592975378,36,37.6,67.9,10.4,0.7,17.8,32
2024-04-08,7.68505859375,8.02889060974121,31.0436916351318,-0.00134777522180229,36,37.6,67.9,10.4,0.7,17.8,32
2024-04-09,7.65426301956177,8.41420650482178,30.8416767120361,-0.00850727502256632,36,37.6,67.9,10.4,0.7,17.8,32
2024-04-10,7.66933631896973,9.18514919281006,30.4543762207031,0.0131017314270139,36,37.6,67.9,10.4,0.7,17.8,32
2024-04-11,7.92274522781372,9.45803928375244,28.9259338378906,0.057371586561203,36,37.6,67.9,10.4,0.7,17.8,32
2024-04-12,7.82337713241577,9.07157039642334,29.9060363769531,0.144403040409088,36,37.6,67.9,10.4,0.7,17.8,32
2024-04-13,7.73340082168579,9.2104082107544,30.2578754425049,-0.0325788743793964,36,37.6,67.9,10.4,0.7,17.8,32
2024-04-14,7.50893974304199,9.39940643310547,30.3766250610352,-0.124439060688019,36,37.6,67.9,10.4,0.7,17.8,32
2024-04-15,7.31453561782837,10.0805988311768,30.1020565032959,-0.0538189597427845,36,37.6,67.9,10.4,0.7,17.8,32
2024-04-16,7.2485032081604,10.7966108322144,30.0936641693115,-0.0215333569794893,36,37.6,67.9,10.4,0.7,17.8,32
2024-04-17,7.60460472106934,10.8741722106934,30.0496768951416,-0.0539445579051971,36,37.6,67.9,10.4,0.7,17.8,32
2024-04-18,7.65490102767944,10.9444723129272,30.0940170288086,0.04466512799263,36,37.6,67.9,10.4,0.7,17.8,32
2024-04-19,7.77590322494507,10.0983304977417,30.2976379394531,0.107887864112854,36,37.6,67.9,10.4,0.7,17.8,32
2024-04-20,8.22055721282959,10.1821212768555,30.204740524292,0.023734649643302,36,37.6,67.9,10.4,0.7,17.8,32
2024-04-21,8.12797737121582,10.0756397247314,30.1526508331299,0.00172864645719528,36,37.6,67.9,10.4,0.7,17.8,32
2024-04-22,8.12414264678955,9.87169551849365,30.2163925170898,-0.0420573502779007,36,37.6,67.9,10.4,0.7,17.8,32
2024-04-23,7.93447732925415,9.8737096786499,30.3278865814209,-0.0330228470265865,36,37.6,67.9,10.4,0.7,17.8,32
2024-04-24,7.80387878417969,9.93389511108398,30.2938289642334,-0.00238022697158158,36,37.6,67.9,10.4,0.7,17.8,32
2024-04-25,7.77330350875854,10.0194635391235,30.3597869873047,-0.0137958349660039,36,37.6,67.9,10.4,0.7,17.8,32
2024-04-26,7.87433815002441,9.80867099761963,30.7856216430664,-0.13137848675251,36,37.6,67.9,10.4,0.7,17.8,32
2024-04-27,7.91760063171387,9.89430904388428,30.864782333374,-0.163141191005707,36,37.6,67.9,10.4,0.7,17.8,32
2024-04-28,7.80483388900757,10.1339435577393,30.8560543060303,-0.091900609433651,36,37.6,67.9,10.4,0.7,17.8,32
2024-04-29,7.76270866394043,11.1031799316406,30.3466930389404,0.00673463055863976,36,37.6,67.9,10.4,0.7,17.8,32
2024-04-30,7.78838014602661,11.9767913818359,29.8154926300049,0.0700861737132072,36,37.6,67.9,10.4,0.7,17.8,32
2024-05-01,7.79612112045288,12.4402933120728,29.5284748077393,0.0984203219413757,36,37.6,67.9,10.4,0.7,17.8,32
2024-05-02,8.41732788085938,13.0527114868164,29.547607421875,0.0733278766274452,36,37.6,67.9,10.4,0.7,17.8,32
2024-05-03,8.54421138763428,12.9461011886597,29.6845989227295,0.0536128394305706,36,37.6,67.9,10.4,0.7,17.8,32
2024-05-04,8.77896976470947,12.3633737564087,30.2411594390869,0.0364337973296642,36,37.6,67.9,10.4,0.7,17.8,32
2024-05-05,9.21217823028564,12.0454874038696,30.3824901580811,0.00645098090171814,36,37.6,67.9,10.4,0.7,17.8,32
2024-05-06,9.18789768218994,12.3983888626099,30.1522388458252,-0.0344257242977619,36,37.6,67.9,10.4,0.7,17.8,32
2024-05-07,9.11322689056396,12.9139451980591,29.7502346038818,-0.0204953644424677,36,37.6,67.9,10.4,0.7,17.8,32
2024-05-08,8.39942073822021,13.4530725479126,29.6255950927734,-0.0051078274846077,36,37.6,67.9,10.4,0.7,17.8,32
2024-05-09,8.29752254486084,13.8318357467651,29.1491413116455,0.041384868323803,36,37.6,67.9,10.4,0.7,17.8,32
2024-05-10,8.40981197357178,13.2418375015259,30.1462345123291,0.190466225147247,36,37.6,67.9,10.4,0.7,17.8,32
2024-05-11,9.58375835418701,12.3096618652344,30.9717807769775,0.198125973343849,36,37.6,67.9,10.4,0.7,17.8,32
2024-05-12,9.53604412078857,11.6613683700562,31.047233581543,0.111561141908169,36,37.6,67.9,10.4,0.7,17.8,32
2024-05-13,9.26779651641846,11.7154235839844,30.9975280761719,-0.00556805729866028,36,37.6,67.9,10.4,0.7,17.8,32
2024-05-14,9.37530136108398,12.2629823684692,29.8537197113037,-0.0523849092423916,36,37.6,67.9,10.4,0.7,17.8,32
2024-05-15,9.29882907867432,12.2754163742065,29.9765167236328,0.0643628910183907,36,37.6,67.9,10.4,0.7,17.8,32
2024-05-16,9.50721549987793,11.7494134902954,30.4634094238281,0.112469881772995,36,37.6,67.9,10.4,0.7,17.8,32
2024-05-17,10.8365392684937,11.9444122314453,30.7562713623047,0.131161883473396,36,37.6,67.9,10.4,0.7,17.8,32
2024-05-18,10.9834337234497,12.2960863113403,30.8020324707031,0.101220227777958,36,37.6,67.9,10.4,0.7,17.8,32
2024-05-19,10.7111120223999,11.9245615005493,30.9608211517334,0.0978402569890022,36,37.6,67.9,10.4,0.7,17.8,32
2024-05-20,11.2666969299316,11.4926567077637,31.01833152771,0.0630946680903435,36,37.6,67.9,10.4,0.7,17.8,32
2024-05-21,11.3594541549683,11.7186918258667,31.0578994750977,0.0167311895638704,36,37.6,67.9,10.4,0.7,17.8,32
2024-05-22,11.1927309036255,12.541919708252,30.7587356567383,-0.0292498264461756,36,37.6,67.9,10.4,0.7,17.8,32
2024-05-23,11.3265333175659,14.46875,29.6933689117432,-0.0828618332743645,36,37.6,67.9,10.4,0.7,17.8,32
2024-05-24,11.1390953063965,15.2831315994263,29.497106552124,-0.0111886514350772,36,37.6,67.9,10.4,0.7,17.8,32
2024-05-25,10.9785575866699,15.8172082901001,29.4869232177734,-0.00392467202618718,36,37.6,67.9,10.4,0.7,17.8,32
2024-05-26,11.0882940292358,16.5983791351318,29.5872745513916,0.0196079518646002,36,37.6,67.9,10.4,0.7,17.8,32
2024-05-27,11.0995941162109,16.8616638183594,29.5275249481201,0.0807889699935913,36,37.6,67.9,10.4,0.7,17.8,32
2024-05-28,11.0759696960449,17.3263092041016,29.3197460174561,0.115711331367493,36,37.6,67.9,10.4,0.7,17.8,32
2024-05-29,11.2256498336792,17.4870071411133,29.2349185943604,0.0588750541210175,36,37.6,67.9,10.4,0.7,17.8,32
2024-05-30,11.2066888809204,17.8113174438477,29.141471862793,0.0235076695680618,36,37.6,67.9,10.4,0.7,17.8,32
2024-05-31,11.2574739456177,17.5681552886963,28.9558010101318,0.0115699870511889,36,37.6,67.9,10.4,0.7,17.8,32
2024-06-01,11.4502038955688,17.7007942199707,28.7247314453125,-0.0363788194954395,36,37.6,67.9,10.4,0.7,17.8,32
2024-06-02,11.4112844467163,18.1580867767334,28.5653438568115,-0.0276091005653143,36,37.6,67.9,10.4,0.7,17.8,32
2024-06-03,11.3385467529297,18.4304141998291,28.0613536834717,-0.030971996486187,36,37.6,67.9,10.4,0.7,17.8,32
2024-06-04,11.40123462677,18.6836318969727,27.9084987640381,0.0161496307700872,36,37.6,67.9,10.4,0.7,17.8,32
2024-06-05,11.462833404541,18.7929306030273,27.91672706604,0.00651839608326554,36,37.6,67.9,10.4,0.7,17.8,32
2024-06-06,11.3832769393921,18.3808269500732,28.4057006835938,0.00770574947819114,36,37.6,67.9,10.4,0.7,17.8,32
2024-06-07,11.2662878036499,19.0998306274414,28.9170150756836,0.0551218278706074,36,37.6,67.9,10.4,0.7,17.8,32
2024-06-08,11.308521270752,19.9444446563721,28.7491226196289,0.0345730297267437,36,37.6,67.9,10.4,0.7,17.8,32
2024-06-09,11.2814521789551,19.8587398529053,28.8874607086182,0.0110181206837296,36,37.6,67.9,10.4,0.7,17.8,32
2024-06-10,10.8960113525391,19.6921825408936,29.0425357818604,0.0371550098061562,36,37.6,67.9,10.4,0.7,17.8,32
2024-06-11,10.9246473312378,19.9270648956299,29.0690841674805,0.0278213918209076,36,37.6,67.9,10.4,0.7,17.8,32
2024-06-12,11.0876655578613,19.9374217987061,29.1764698028564,-0.00896915700286627,36,37.6,67.9,10.4,0.7,17.8,32
2024-06-13,11.1958093643188,19.9945125579834,29.3530788421631,-0.0707228481769562,36,37.6,67.9,10.4,0.7,17.8,32
2024-06-14,11.0879964828491,19.9849700927734,29.5196685791016,-0.0560146868228912,36,37.6,67.9,10.4,0.7,17.8,32
2024-06-15,10.95472240448,20.7625045776367,29.417610168457,-0.0195309203118086,36,37.6,67.9,10.4,0.7,17.8,32
2024-06-16,11.1970472335815,21.0172061920166,29.5834655761719,-0.0338597446680069,36,37.6,67.9,10.4,0.7,17.8,32
2024-06-17,11.416184425354,21.1831302642822,29.5767593383789,-0.0900119245052338,36,37.6,67.9,10.4,0.7,17.8,32
2024-06-18,11.1595907211304,21.5953159332275,29.4253921508789,-0.12966699898243,36,37.6,67.9,10.4,0.7,17.8,32
2024-06-19,11.9105834960938,22.4638290405273,29.6330871582031,-0.19776351749897,36,37.6,67.9,10.4,0.7,17.8,32
2024-06-20,11.7445640563965,23.1509380340576,29.7497272491455,-0.210676610469818,36,37.6,67.9,10.4,0.7,17.8,32
2024-06-21,11.1637420654297,23.4547119140625,30.049280166626,-0.244485959410667,36,37.6,67.9,10.4,0.7,17.8,32
2024-06-22,11.5349779129028,23.9367351531982,30.4072265625,-0.144098594784737,36,37.6,67.9,10.4,0.7,17.8,32
2024-06-23,11.0730695724487,23.5598907470703,30.6171112060547,-0.107789605855942,36,37.6,67.9,10.4,0.7,17.8,32
2024-06-24,10.372766494751,22.2297267913818,30.9743633270264,-0.154303163290024,36,37.6,67.9,10.4,0.7,17.8,32
2024-06-25,11.3884162902832,22.1950168609619,30.9498844146729,-0.098466120660305,36,37.6,67.9,10.4,0.7,17.8,32
2024-06-26,11.471866607666,22.2922611236572,31.0288314819336,-0.0526694096624851,36,37.6,67.9,10.4,0.7,17.8,32
2024-06-27,11.4460096359253,22.2865447998047,31.2407207489014,-0.0173540040850639,36,37.6,67.9,10.4,0.7,17.8,32
2024-06-28,12.3556394577026,21.7098903656006,31.2478733062744,0.00908334273844957,36,37.6,67.9,10.4,0.7,17.8,32
2024-06-29,12.7288665771484,21.6235961914062,31.2268619537354,-0.0286129806190729,36,37.6,67.9,10.4,0.7,17.8,32
2024-06-30,12.5619745254517,21.3135643005371,31.3335018157959,-0.0367874912917614,36,37.6,67.9,10.4,0.7,17.8,32
2024-07-01,12.3245735168457,21.1047115325928,31.3955917358398,-0.0512334667146206,36,37.6,67.9,10.4,0.7,17.8,32
2024-07-02,12.4357757568359,21.5348834991455,31.4050807952881,-0.0552998669445515,36,37.6,67.9,10.4,0.7,17.8,32
2024-07-03,12.7423028945923,21.8578319549561,31.4074993133545,-0.044625997543335,36,37.6,67.9,10.4,0.7,17.8,32
2024-07-04,13.104564666748,22.0076923370361,31.6839752197266,-0.0718392729759216,36,37.6,67.9,10.4,0.7,17.8,32
2024-07-05,12.867018699646,22.1190032958984,31.7616500854492,-0.0661362037062645,36,37.6,67.9,10.4,0.7,17.8,32
2024-07-06,12.550971031189,22.5149364471436,31.8884563446045,-0.0505790673196316,36,37.6,67.9,10.4,0.7,17.8,32
2024-07-07,12.5580244064331,23.4019641876221,31.8888683319092,-0.0401369258761406,36,37.6,67.9,10.4,0.7,17.8,32
2024-07-08,12.6135559082031,23.8696155548096,31.870584487915,-0.010148610919714,36,37.6,67.9,10.4,0.7,17.8,32
2024-07-09,12.7115249633789,23.9821624755859,31.8487091064453,-0.0289480611681938,36,37.6,67.9,10.4,0.7,17.8,32
2024-07-10,13.3911819458008,24.4755477905273,32.1056289672852,-0.0563911981880665,36,37.6,67.9,10.4,0.7,17.8,32
2024-07-11,12.8921699523926,24.3740158081055,32.2309608459473,-0.106662936508656,36,37.6,67.9,10.4,0.7,17.8,32
2024-07-12,12.6683950424194,24.3608074188232,32.1704711914062,-0.098552942276001,36,37.6,67.9,10.4,0.7,17.8,32
2024-07-13,13.9826192855835,23.952184677124,32.0956382751465,-0.138086780905724,36,37.6,67.9,10.4,0.7,17.8,32
2024-07-14,13.9943466186523,23.8866729736328,31.9903354644775,-0.103075206279755,36,37.6,67.9,10.4,0.7,17.8,32
2024-07-15,13.9519948959351,23.8131408691406,32.0330848693848,-0.0263010766357183,36,37.6,67.9,10.4,0.7,17.8,32
2024-07-16,14.0730543136597,23.7434768676758,32.1629066467285,-0.0587516017258167,36,37.6,67.9,10.4,0.7,17.8,32
2024-07-17,13.9120721817017,23.5827503204346,32.2798843383789,-0.101935349404812,36,37.6,67.9,10.4,0.7,17.8,32
2024-07-18,13.7145738601685,23.3508682250977,32.4260025024414,-0.136202439665794,36,37.6,67.9,10.4,0.7,17.8,32
2024-07-19,12.7416925430298,22.6407299041748,32.326831817627,-0.0969179347157478,36,37.6,67.9,10.4,0.7,17.8,32
2024-07-20,12.5184364318848,22.7169589996338,32.2393608093262,-0.0778870359063148,36,37.6,67.9,10.4,0.7,17.8,32
2024-07-21,12.288369178772,22.9881153106689,32.2371788024902,-0.0356457494199276,36,37.6,67.9,10.4,0.7,17.8,32
2024-07-22,12.6047105789185,23.8513050079346,32.3461952209473,-0.0855950117111206,36,37.6,67.9,10.4,0.7,17.8,32
2024-07-23,12.3844327926636,23.6699829101562,31.6517181396484,-0.0708042308688164,36,37.6,67.9,10.4,0.7,17.8,32
2024-07-24,12.1649389266968,23.9420146942139,30.8505382537842,-0.0379992015659809,36,37.6,67.9,10.4,0.7,17.8,32
2024-07-25,12.0996236801147,23.7838745117188,30.6003818511963,-0.0262740105390549,36,37.6,67.9,10.4,0.7,17.8,32
2024-07-26,11.7652578353882,23.7592678070068,30.9436626434326,-0.0329796262085438,36,37.6,67.9,10.4,0.7,17.8,32
2024-07-27,11.4932870864868,24.3595523834229,31.5400714874268,0.0239976104348898,36,37.6,67.9,10.4,0.7,17.8,32
2024-07-28,12.4064321517944,24.5378131866455,31.9015064239502,0.0237678121775389,36,37.6,67.9,10.4,0.7,17.8,32
2024-07-29,12.0790176391602,24.3355197906494,31.7726917266846,0.0346692390739918,36,37.6,67.9,10.4,0.7,17.8,32
2024-07-30,11.3681259155273,23.8453903198242,31.2145748138428,-0.0543393790721893,36,37.6,67.9,10.4,0.7,17.8,32
2024-07-31,12.124698638916,23.7630977630615,31.4697399139404,-0.0672365054488182,36,37.6,67.9,10.4,0.7,17.8,32
2024-08-01,12.0951108932495,24.0003108978271,31.5872554779053,-0.0668469220399857,36,37.6,67.9,10.4,0.7,17.8,32
2024-08-02,12.2707185745239,24.0747356414795,31.7368106842041,-0.0815748795866966,36,37.6,67.9,10.4,0.7,17.8,32
2024-08-03,11.2680206298828,23.7076816558838,32.1494636535645,-0.0864323899149895,36,37.6,67.9,10.4,0.7,17.8,32
2024-08-04,11.1881990432739,23.1061401367188,32.1819610595703,-0.138024285435677,36,37.6,67.9,10.4,0.7,17.8,32
2024-08-05,11.2781915664673,22.7842197418213,32.1889533996582,-0.148784816265106,36,37.6,67.9,10.4,0.7,17.8,32
2024-08-06,13.8597450256348,22.4102935791016,32.1809577941895,-0.109719842672348,36,37.6,67.9,10.4,0.7,17.8,32
2024-08-07,14.0133514404297,22.3661785125732,32.1962127685547,-0.0408446975052357,36,37.6,67.9,10.4,0.7,17.8,32
2024-08-08,13.4443588256836,22.7427749633789,32.0302047729492,0.0753900036215782,36,37.6,67.9,10.4,0.7,17.8,32
2024-08-09,15.5378456115723,22.8249073028564,32.0462303161621,0.0502142012119293,36,37.6,67.9,10.4,0.7,17.8,32
2024-08-10,14.932671546936,21.7603225708008,32.0323867797852,-0.0522737838327885,36,37.6,67.9,10.4,0.7,17.8,32
2024-08-11,14.9785165786743,22.0586833953857,32.0397682189941,-0.0549853928387165,36,37.6,67.9,10.4,0.7,17.8,32
2024-08-12,12.3717317581177,22.0014495849609,31.4681396484375,-0.0142299234867096,36,37.6,67.9,10.4,0.7,17.8,32
2024-08-13,12.4349479675293,21.8162174224854,31.1932163238525,-0.0492871515452862,36,37.6,67.9,10.4,0.7,17.8,32
2024-08-14,12.2979421615601,21.7097110748291,30.9910945892334,-0.0407949052751064,36,37.6,67.9,10.4,0.7,17.8,32
2024-08-15,11.0587434768677,22.0376987457275,31.0558547973633,-0.024062916636467,36,37.6,67.9,10.4,0.7,17.8,32
2024-08-16,10.3239469528198,22.3973026275635,31.0181674957275,0.00920428801327944,36,37.6,67.9,10.4,0.7,17.8,32
2024-08-17,9.45263004302979,22.6896457672119,31.0026836395264,0.0641159787774086,36,37.6,67.9,10.4,0.7,17.8,32
2024-08-18,9.8301887512207,22.5595569610596,30.8590183258057,0.0747660174965858,36,37.6,67.9,10.4,0.7,17.8,32
2024-08-19,9.8095064163208,22.8199901580811,30.418004989624,0.129909038543701,36,37.6,67.9,10.4,0.7,17.8,32
2024-08-20,10.1166181564331,22.3953800201416,29.9534893035889,0.0562706179916859,36,37.6,67.9,10.4,0.7,17.8,32
2024-08-21,9.98889827728271,21.1646747589111,30.3653926849365,-0.00605202279984951,36,37.6,67.9,10.4,0.7,17.8,32
2024-08-22,10.0927782058716,20.8358154296875,30.6154918670654,-0.0456411242485046,36,37.6,67.9,10.4,0.7,17.8,32
2024-08-23,9.98403835296631,21.0453357696533,30.5886478424072,-0.0578662492334843,36,37.6,67.9,10.4,0.7,17.8,32
2024-08-24,10.0712995529175,21.3833541870117,30.6257076263428,-0.0356991402804852,36,37.6,67.9,10.4,0.7,17.8,32
2024-08-25,10.1036434173584,21.7622356414795,30.7056274414062,-0.0499375760555267,36,37.6,67.9,10.4,0.7,17.8,32
2024-08-26,10.1027774810791,22.0949172973633,30.644021987915,-0.0503086559474468,36,37.6,67.9,10.4,0.7,17.8,32
2024-08-27,10.2107257843018,22.6788997650146,30.580530166626,-0.0110016101971269,36,37.6,67.9,10.4,0.7,17.8,32
2024-08-28,10.1858263015747,22.8289012908936,30.4889392852783,-0.00947437714785337,36,37.6,67.9,10.4,0.7,17.8,32
2024-08-29,10.1356773376465,22.988187789917,30.3087940216064,0.00179408490657806,36,37.6,67.9,10.4,0.7,17.8,32
2024-08-30,11.4655027389526,22.9173069000244,30.7150325775146,0.0723274052143097,36,37.6,67.9,10.4,0.7,17.8,32
2024-08-31,11.8816595077515,23.0873470306396,30.6904964447021,0.0589766018092632,36,37.6,67.9,10.4,0.7,17.8,32
2024-09-01,11.191653251648,23.1386642456055,30.6571655273438,0.0409948863089085,36,37.6,67.9,10.4,0.7,17.8,32
2024-09-02,11.7123556137085,22.8222351074219,30.4320049285889,0.0233827233314514,36,37.6,67.9,10.4,0.7,17.8,32
2024-09-03,12.1955881118774,22.6558284759521,30.6899185180664,0.0681438371539116,36,37.6,67.9,10.4,0.7,17.8,32
2024-09-04,13.1180200576782,22.0423583984375,30.893575668335,-0.00535697722807527,36,37.6,67.9,10.4,0.7,17.8,32
2024-09-05,12.771731376648,21.6825466156006,30.9438724517822,0.0116421142593026,36,37.6,67.9,10.4,0.7,17.8,32
2024-09-06,12.9548578262329,21.698823928833,30.9545440673828,0.104395419359207,36,37.6,67.9,10.4,0.7,17.8,32
2024-09-07,12.75452709198,21.6884231567383,30.9001483917236,0.152758598327637,36,37.6,67.9,10.4,0.7,17.8,32
2024-09-08,12.2790613174438,21.4541187286377,30.8338298797607,0.136537835001945,36,37.6,67.9,10.4,0.7,17.8,32
2024-09-09,11.7911748886108,21.2540073394775,30.9151973724365,-0.036794688552618,36,37.6,67.9,10.4,0.7,17.8,32
2024-09-10,10.9902725219727,21.323263168335,30.8821258544922,-0.0382080860435963,36,37.6,67.9,10.4,0.7,17.8,32
2024-09-11,12.2830953598022,21.4075775146484,30.7879428863525,0.00468312343582511,36,37.6,67.9,10.4,0.7,17.8,32
2024-09-12,12.3486166000366,21.4331283569336,30.8809375762939,0.00758189940825105,36,37.6,67.9,10.4,0.7,17.8,32
2024-09-13,12.7853088378906,21.4722690582275,30.9649791717529,0.0199200287461281,36,37.6,67.9,10.4,0.7,17.8,32
2024-09-14,12.218991279602,21.5060272216797,31.0433940887451,-0.000247312098508701,36,37.6,67.9,10.4,0.7,17.8,32
2024-09-15,12.5452527999878,21.3402805328369,31.046745300293,0.0360207855701447,36,37.6,67.9,10.4,0.7,17.8,32
2024-09-16,13.8234033584595,21.1174831390381,31.1094207763672,0.0702666416764259,36,37.6,67.9,10.4,0.7,17.8,32
2024-09-17,16.0400447845459,21.4851531982422,31.2221755981445,0.072557307779789,36,37.6,67.9,10.4,0.7,17.8,32
2024-09-18,16.7821235656738,21.2678852081299,31.1584148406982,0.177744552493095,36,37.6,67.9,10.4,0.7,17.8,32
2024-09-19,18.1822109222412,21.2870082855225,31.5541381835938,0.241441950201988,36,37.6,67.9,10.4,0.7,17.8,32
2024-09-20,20.2308559417725,21.2957592010498,31.7244567871094,0.248118534684181,36,37.6,67.9,10.4,0.7,17.8,32
2024-09-21,20.8659267425537,21.1068859100342,31.7564220428467,0.338483095169067,36,37.6,67.9,10.4,0.7,17.8,32
2024-09-22,20.7091159820557,20.9790477752686,31.8126392364502,0.307549446821213,36,37.6,67.9,10.4,0.7,17.8,32
2024-09-23,19.7706508636475,21.2190189361572,31.9105739593506,0.348550289869308,36,37.6,67.9,10.4,0.7,17.8,32
2024-09-24,20.7688808441162,21.0852375030518,32.0726623535156,0.321096032857895,36,37.6,67.9,10.4,0.7,17.8,32
2024-09-25,20.8440113067627,20.839111328125,31.9234466552734,0.278455048799515,36,37.6,67.9,10.4,0.7,17.8,32
2024-09-26,21.1059188842773,21.407356262207,31.5683746337891,0.230223655700684,36,37.6,67.9,10.4,0.7,17.8,32
2024-09-27,20.8073272705078,21.9072494506836,31.4714431762695,0.205916568636894,36,37.6,67.9,10.4,0.7,17.8,32
2024-09-28,20.8404541015625,21.9942092895508,31.6602153778076,0.233900487422943,36,37.6,67.9,10.4,0.7,17.8,32
2024-09-29,20.9428672790527,22.0144290924072,31.5104312896729,0.252366632223129,36,37.6,67.9,10.4,0.7,17.8,32
2024-09-30,20.995138168335,21.390775680542,31.6877422332764,0.236717984080315,36,37.6,67.9,10.4,0.7,17.8,32
2024-10-01,21.0139923095703,21.0936851501465,31.8155765533447,0.271996825933456,36,37.6,67.9,10.4,0.7,17.8,32
2024-10-02,20.9065456390381,21.0275173187256,32.0104866027832,0.329805552959442,36,37.6,67.9,10.4,0.7,17.8,32
2024-10-03,20.757999420166,20.8185882568359,32.0706596374512,0.214121773838997,36,37.6,67.9,10.4,0.7,17.8,32
2024-10-04,20.6500072479248,20.8635692596436,31.9741954803467,0.117034785449505,36,37.6,67.9,10.4,0.7,17.8,32
2024-10-05,19.9220371246338,20.9033756256104,31.6794033050537,0.109645903110504,36,37.6,67.9,10.4,0.7,17.8,32
2024-10-06,19.7483444213867,20.7523593902588,31.8092479705811,0.129997164011002,36,37.6,67.9,10.4,0.7,17.8,32
2024-10-07,19.5471706390381,21.0183258056641,31.3145141601562,0.159508228302002,36,37.6,67.9,10.4,0.7,17.8,32
2024-10-08,19.464469909668,20.8096542358398,31.5778656005859,0.181863680481911,36,37.6,67.9,10.4,0.7,17.8,32
2024-10-09,19.513484954834,20.5669612884521,31.6706142425537,0.116392679512501,36,37.6,67.9,10.4,0.7,17.8,32
2024-10-10,19.2880420684814,20.3329238891602,31.8748950958252,0.14559680223465,36,37.6,67.9,10.4,0.7,17.8,32
2024-10-11,19.6543197631836,20.0654048919678,31.9313678741455,0.0783869549632072,36,37.6,67.9,10.4,0.7,17.8,32
2024-10-12,19.301326751709,19.9366760253906,31.879638671875,-0.0516383908689022,36,37.6,67.9,10.4,0.7,17.8,32
2024-10-13,17.6207485198975,20.1030406951904,31.7923049926758,-0.0422562956809998,36,37.6,67.9,10.4,0.7,17.8,32
2024-10-14,15.7162046432495,20.2027320861816,31.2223129272461,-0.0300048794597387,36,37.6,67.9,10.4,0.7,17.8,32
2024-10-15,14.4057626724243,19.5744876861572,31.4625034332275,-0.0276877898722887,36,37.6,67.9,10.4,0.7,17.8,32
2024-10-16,14.3702001571655,19.0931644439697,31.6891250610352,-0.093681663274765,36,37.6,67.9,10.4,0.7,17.8,32
2024-10-17,15.0786437988281,18.8795871734619,32.1862106323242,-0.090459369122982,36,37.6,67.9,10.4,0.7,17.8,32
2024-10-18,17.8304805755615,18.5329265594482,32.3064460754395,0.080612301826477,36,37.6,67.9,10.4,0.7,17.8,32
2024-10-19,18.435962677002,18.4544925689697,32.1053352355957,0.0482180826365948,36,37.6,67.9,10.4,0.7,17.8,32
2024-10-20,18.531644821167,18.6013813018799,32.1452941894531,-0.0346773043274879,36,37.6,67.9,10.4,0.7,17.8,32
2024-10-21,18.4536399841309,18.5941638946533,32.0917015075684,-0.077959232032299,36,37.6,67.9,10.4,0.7,17.8,32
2024-10-22,18.20192527771,18.6595611572266,32.0064659118652,-0.0440661124885082,36,37.6,67.9,10.4,0.7,17.8,32
2024-10-23,18.1833305358887,18.6272068023682,31.8785552978516,0.0306972172111273,36,37.6,67.9,10.4,0.7,17.8,32
2024-10-24,18.1938056945801,18.5550556182861,31.9007930755615,0.0827311351895332,36,37.6,67.9,10.4,0.7,17.8,32
2024-10-25,18.2572574615479,18.2104187011719,32.236400604248,0.0637057051062584,36,37.6,67.9,10.4,0.7,17.8,32
2024-10-26,17.8162498474121,17.9910182952881,32.170223236084,8.02435097284615e-05,36,37.6,67.9,10.4,0.7,17.8,32
2024-10-27,17.8755970001221,17.720386505127,32.1879730224609,-0.0393046960234642,36,37.6,67.9,10.4,0.7,17.8,32
2024-10-28,17.8853969573975,17.5768566131592,32.1827278137207,-0.108277440071106,36,37.6,67.9,10.4,0.7,17.8,32
2024-10-29,17.6392612457275,17.6238422393799,32.2578048706055,-0.0729294940829277,36,37.6,67.9,10.4,0.7,17.8,32
2024-10-30,17.4331588745117,17.6111888885498,32.2394752502441,-0.0451677739620209,36,37.6,67.9,10.4,0.7,17.8,32
2024-10-31,16.9622135162354,17.736213684082,31.8875751495361,-0.123809218406677,36,37.6,67.9,10.4,0.7,17.8,32
2024-11-01,16.9217529296875,17.9090175628662,31.5524044036865,-0.156082227826118,36,37.6,67.9,10.4,0.7,17.8,32
2024-11-02,16.9147605895996,17.8891201019287,31.7364826202393,-0.126188889145851,36,37.6,67.9,10.4,0.7,17.8,32
2024-11-03,16.8966178894043,17.5690631866455,31.8316650390625,-0.0289666336029768,36,37.6,67.9,10.4,0.7,17.8,32
2024-11-04,17.2128028869629,17.5170993804932,31.9522094726562,-0.00977801345288754,36,37.6,67.9,10.4,0.7,17.8,32
2024-11-05,17.2367706298828,17.54736328125,31.9723720550537,-0.0623313747346401,36,37.6,67.9,10.4,0.7,17.8,32
2024-11-06,17.1038551330566,17.6184577941895,31.9766082763672,-0.105370968580246,36,37.6,67.9,10.4,0.7,17.8,32
2024-11-07,17.2818794250488,17.8920631408691,31.9747180938721,-0.106502451002598,36,37.6,67.9,10.4,0.7,17.8,32
2024-11-08,17.1503620147705,17.9037418365479,32.0339164733887,0.0194754246622324,36,37.6,67.9,10.4,0.7,17.8,32
2024-11-09,17.1804714202881,17.6484355926514,32.2339744567871,-0.0480633191764355,36,37.6,67.9,10.4,0.7,17.8,32
2024-11-10,17.123628616333,17.1077461242676,32.3381576538086,-0.0354261286556721,36,37.6,67.9,10.4,0.7,17.8,32
2024-11-11,16.9655990600586,17.050422668457,32.2640838623047,-0.0259981323033571,36,37.6,67.9,10.4,0.7,17.8,32
2024-11-12,16.6603107452393,16.9952793121338,32.1941909790039,-0.0628200694918633,36,37.6,67.9,10.4,0.7,17.8,32
2024-11-13,16.9557514190674,16.7320823669434,32.373477935791,0.0667004138231277,36,37.6,67.9,10.4,0.7,17.8,32
2024-11-14,16.6860065460205,16.5753021240234,32.3905448913574,0.172187864780426,36,37.6,67.9,10.4,0.7,17.8,32
2024-11-15,16.4396743774414,16.4175205230713,32.2994346618652,0.240663900971413,36,37.6,67.9,10.4,0.7,17.8,32
2024-11-16,16.3877067565918,16.3563404083252,32.2464904785156,0.206186175346375,36,37.6,67.9,10.4,0.7,17.8,32
2024-11-17,16.2178020477295,16.1911754608154,32.2452125549316,0.0785165280103683,36,37.6,67.9,10.4,0.7,17.8,32
2024-11-18,16.1341495513916,16.1115913391113,32.2683868408203,0.0639222487807274,36,37.6,67.9,10.4,0.7,17.8,32
2024-11-19,15.8734769821167,15.8674421310425,32.4288063049316,0.095151960849762,36,37.6,67.9,10.4,0.7,17.8,32
2024-11-20,15.8800735473633,15.883547782898,32.4424133300781,0.103415302932262,36,37.6,67.9,10.4,0.7,17.8,32
2024-11-21,15.8336791992188,15.7864103317261,32.416431427002,0.200207710266113,36,37.6,67.9,10.4,0.7,17.8,32
2024-11-22,15.1757125854492,15.3850107192993,32.407096862793,0.132873252034187,36,37.6,67.9,10.4,0.7,17.8,32
2024-11-23,15.3312950134277,15.0618162155151,32.4768943786621,0.055091243237257,36,37.6,67.9,10.4,0.7,17.8,32
2024-11-24,15.2886390686035,14.9068613052368,32.6085624694824,-0.186345741152763,36,37.6,67.9,10.4,0.7,17.8,32
2024-11-25,15.1565704345703,14.8970460891724,32.6719970703125,-0.281162828207016,36,37.6,67.9,10.4,0.7,17.8,32
2024-11-26,15.3372182846069,14.7152624130249,32.5986137390137,-0.139547094702721,36,37.6,67.9,10.4,0.7,17.8,32
2024-11-27,15.367714881897,14.7807474136353,32.766960144043,-0.0198825057595968,36,37.6,67.9,10.4,0.7,17.8,32
2024-11-28,15.156777381897,14.8344259262085,32.7907066345215,0.0284497197717428,36,37.6,67.9,10.4,0.7,17.8,32
2024-11-29,15.3439302444458,14.5704803466797,32.7918395996094,-0.0775110423564911,36,37.6,67.9,10.4,0.7,17.8,32
2024-11-30,15.5345468521118,14.2305479049683,32.8216133117676,-0.142853498458862,36,37.6,67.9,10.4,0.7,17.8,32
2024-12-01,15.3512268066406,14.0875101089478,32.9721336364746,-0.175008282065392,36,37.6,67.9,10.4,0.7,17.8,32
2024-12-02,15.2172193527222,13.9116516113281,33.0495719909668,-0.204749464988708,36,37.6,67.9,10.4,0.7,17.8,32
2024-12-03,15.1021718978882,13.6756935119629,33.1214218139648,-0.147820740938187,36,37.6,67.9,10.4,0.7,17.8,32
2024-12-04,13.6815690994263,13.234112739563,32.9979209899902,-0.151709869503975,36,37.6,67.9,10.4,0.7,17.8,32
2024-12-05,13.4232988357544,13.0993852615356,33.0320434570312,-0.342195749282837,36,37.6,67.9,10.4,0.7,17.8,32
2024-12-06,13.9865713119507,12.664023399353,33.087703704834,-0.411280483007431,36,37.6,67.9,10.4,0.7,17.8,32
2024-12-07,13.4870595932007,12.3145990371704,33.2627334594727,-0.26840940117836,36,37.6,67.9,10.4,0.7,17.8,32
2024-12-08,13.5936965942383,12.0815353393555,33.2862129211426,-0.245871052145958,36,37.6,67.9,10.4,0.7,17.8,32
2024-12-09,13.7262163162231,11.9922800064087,33.2141456604004,-0.194059908390045,36,37.6,67.9,10.4,0.7,17.8,32
2024-12-10,13.4490613937378,11.9718446731567,33.2356567382812,-0.0953285917639732,36,37.6,67.9,10.4,0.7,17.8,32
2024-12-11,13.2635803222656,11.839316368103,33.0721740722656,0.0209237542003393,36,37.6,67.9,10.4,0.7,17.8,32
2024-12-12,13.2808599472046,11.8358888626099,33.2738189697266,-0.253426849842072,36,37.6,67.9,10.4,0.7,17.8,32
2024-12-13,13.409236907959,11.8238897323608,33.4874954223633,-0.447158455848694,36,37.6,67.9,10.4,0.7,17.8,32
2024-12-14,13.1646852493286,11.7352781295776,33.5097312927246,-0.331547945737839,36,37.6,67.9,10.4,0.7,17.8,32
2024-12-15,12.2420358657837,11.3967866897583,33.3192024230957,-0.295269399881363,36,37.6,67.9,10.4,0.7,17.8,32
2024-12-16,11.4433813095093,11.4438791275024,33.2983512878418,-0.182264029979706,36,37.6,67.9,10.4,0.7,17.8,32
2024-12-17,11.6985206604004,11.3673067092896,33.2306213378906,-0.203349158167839,36,37.6,67.9,10.4,0.7,17.8,32
2024-12-18,12.0106773376465,11.3684873580933,33.2456321716309,-0.230437099933624,36,37.6,67.9,10.4,0.7,17.8,32
2024-12-19,11.9650373458862,11.3886528015137,33.2762107849121,-0.151126906275749,36,37.6,67.9,10.4,0.7,17.8,32
2024-12-20,11.7457456588745,11.500599861145,33.387336730957,-0.0439282469451427,36,37.6,67.9,10.4,0.7,17.8,32
2024-12-21,11.3722906112671,11.3306665420532,33.3195152282715,0.0613836534321308,36,37.6,67.9,10.4,0.7,17.8,32
2024-12-22,10.677975654602,10.6256437301636,33.3229827880859,-0.0977661907672882,36,37.6,67.9,10.4,0.7,17.8,32
2024-12-23,10.4476976394653,10.4060955047607,33.3402366638184,-0.269011288881302,36,37.6,67.9,10.4,0.7,17.8,32
2024-12-24,10.3451795578003,10.2925100326538,33.3261032104492,-0.240782096982002,36,37.6,67.9,10.4,0.7,17.8,32
2024-12-25,10.1209669113159,10.085431098938,33.3870506286621,-0.217090666294098,36,37.6,67.9,10.4,0.7,17.8,32
2024-12-26,9.88004684448242,9.85235977172852,33.3497505187988,-0.130747362971306,36,37.6,67.9,10.4,0.7,17.8,32
2024-12-27,9.62015151977539,9.62356662750244,33.279125213623,-0.0919061526656151,36,37.6,67.9,10.4,0.7,17.8,32
2024-12-28,9.86436176300049,9.8443021774292,33.3828392028809,-0.135048314929008,36,37.6,67.9,10.4,0.7,17.8,32
2024-12-29,10.0761003494263,9.76004123687744,33.2519073486328,-0.130913659930229,36,37.6,67.9,10.4,0.7,17.8,32
2024-12-30,10.3574962615967,9.89446449279785,33.249324798584,-0.0364094004034996,36,37.6,67.9,10.4,0.7,17.8,32
2024-12-31,10.5469541549683,9.9113597869873,33.2542152404785,0.303672522306442,36,37.6,67.9,10.4,0.7,17.8,32
