"time","bottom_temp","sst","sss","zeta","dist_shore_km","dist_OC_km","dist_200m_km","dist_MO_km","dist_RTWB_km","dist_NB_km","depth_m"
2014-11-03,17.0780582427979,17.0193538665771,33.2593879699707,-0.100222229957581,48.7,50.2,55.9,22.4,12.2,23.9,34
2014-11-04,17.0939846038818,17.0075435638428,33.2997398376465,-0.288654118776321,48.7,50.2,55.9,22.4,12.2,23.9,34
2014-11-05,17.1412353515625,17.1270198822021,33.3586082458496,-0.194993913173676,48.7,50.2,55.9,22.4,12.2,23.9,34
2014-11-06,16.8161315917969,16.9807415008545,33.3673248291016,-0.0770872235298157,48.7,50.2,55.9,22.4,12.2,23.9,34
2014-11-07,16.9591407775879,16.8671646118164,33.351375579834,-0.10805020481348,48.7,50.2,55.9,22.4,12.2,23.9,34
2014-11-08,17.1956233978271,16.6131839752197,33.4061241149902,-0.209279134869576,48.7,50.2,55.9,22.4,12.2,23.9,34
2014-11-09,17.5057811737061,16.6318416595459,33.3138847351074,-0.172949373722076,48.7,50.2,55.9,22.4,12.2,23.9,34
2014-11-10,17.7222499847412,16.5864276885986,33.1907234191895,-0.155673786997795,48.7,50.2,55.9,22.4,12.2,23.9,34
2014-11-11,17.5056552886963,16.5650997161865,33.2312965393066,-0.0546442456543446,48.7,50.2,55.9,22.4,12.2,23.9,34
2014-11-12,17.0419940948486,16.22971534729,33.2195014953613,-0.00232732412405312,48.7,50.2,55.9,22.4,12.2,23.9,34
2014-11-13,16.9585342407227,15.9211683273315,33.2772750854492,-0.0405094400048256,48.7,50.2,55.9,22.4,12.2,23.9,34
2014-11-14,16.4029483795166,15.6882934570312,33.3437538146973,-0.061664592474699,48.7,50.2,55.9,22.4,12.2,23.9,34
2014-11-15,15.2360076904297,15.1869993209839,33.6348609924316,-0.219380035996437,48.7,50.2,55.9,22.4,12.2,23.9,34
2014-11-16,15.0407342910767,15.0075607299805,33.6552581787109,-0.201660767197609,48.7,50.2,55.9,22.4,12.2,23.9,34
2014-11-17,15.0063104629517,14.9959306716919,33.6439666748047,-0.0350137390196323,48.7,50.2,55.9,22.4,12.2,23.9,34
2014-11-18,15.3611249923706,15.2445478439331,33.7630729675293,-0.203520551323891,48.7,50.2,55.9,22.4,12.2,23.9,34
2014-11-19,15.1579093933105,14.9749183654785,33.8359680175781,-0.379864901304245,48.7,50.2,55.9,22.4,12.2,23.9,34
2014-11-20,15.8470506668091,14.3400812149048,33.3818321228027,-0.244468614459038,48.7,50.2,55.9,22.4,12.2,23.9,34
2014-11-21,15.9361848831177,14.431715965271,33.4615478515625,-0.344174295663834,48.7,50.2,55.9,22.4,12.2,23.9,34
2014-11-22,15.8983449935913,14.1106271743774,33.5423545837402,-0.282764077186584,48.7,50.2,55.9,22.4,12.2,23.9,34
2014-11-23,15.6238327026367,14.203558921814,33.6471366882324,-0.265395551919937,48.7,50.2,55.9,22.4,12.2,23.9,34
2014-11-24,15.0748605728149,14.0093612670898,33.6166534423828,-0.08428605645895,48.7,50.2,55.9,22.4,12.2,23.9,34
2014-11-25,15.0045785903931,14.0400896072388,33.582820892334,-0.0771662667393684,48.7,50.2,55.9,22.4,12.2,23.9,34
2014-11-26,14.960732460022,14.0642356872559,33.6467704772949,0.0174226015806198,48.7,50.2,55.9,22.4,12.2,23.9,34
2014-11-27,15.3098411560059,14.9543838500977,33.8262710571289,0.0386149324476719,48.7,50.2,55.9,22.4,12.2,23.9,34
2014-11-28,14.9569311141968,14.8830528259277,33.8715209960938,-0.120932839810848,48.7,50.2,55.9,22.4,12.2,23.9,34
2014-11-29,14.6698637008667,14.638108253479,33.8776588439941,-0.130277141928673,48.7,50.2,55.9,22.4,12.2,23.9,34
2014-11-30,14.5746879577637,14.5341672897339,33.8812866210938,-0.594368934631348,48.7,50.2,55.9,22.4,12.2,23.9,34
2014-12-01,13.6102895736694,13.5269165039062,33.8688735961914,-0.117080323398113,48.7,50.2,55.9,22.4,12.2,23.9,34
2014-12-02,13.7863578796387,13.3832139968872,33.8496360778809,-0.116694331169128,48.7,50.2,55.9,22.4,12.2,23.9,34
2014-12-03,13.9232778549194,13.9014101028442,33.9096832275391,-0.0106078581884503,48.7,50.2,55.9,22.4,12.2,23.9,34
2014-12-04,13.9980535507202,13.7820129394531,33.9046859741211,-0.178113743662834,48.7,50.2,55.9,22.4,12.2,23.9,34
2014-12-05,14.058934211731,13.7372140884399,33.9260673522949,-0.144814535975456,48.7,50.2,55.9,22.4,12.2,23.9,34
2014-12-06,12.9502477645874,13.5580358505249,33.9544944763184,0.0177911948412657,48.7,50.2,55.9,22.4,12.2,23.9,34
2014-12-07,12.9193239212036,13.1813173294067,33.9174537658691,0.0243714228272438,48.7,50.2,55.9,22.4,12.2,23.9,34
2014-12-08,12.5760049819946,12.5581293106079,33.9165115356445,0.157436892390251,48.7,50.2,55.9,22.4,12.2,23.9,34
2014-12-09,12.4505758285522,12.4516744613647,33.6526641845703,0.355736762285233,48.7,50.2,55.9,22.4,12.2,23.9,34
2014-12-10,12.0073728561401,11.9489707946777,33.2325553894043,0.107275195419788,48.7,50.2,55.9,22.4,12.2,23.9,34
2014-12-11,11.7297172546387,11.6446485519409,33.1797065734863,-0.099719226360321,48.7,50.2,55.9,22.4,12.2,23.9,34
2014-12-12,11.2477235794067,11.1088485717773,33.1675682067871,-0.173157051205635,48.7,50.2,55.9,22.4,12.2,23.9,34
2014-12-13,11.160590171814,10.9016218185425,33.0709190368652,-0.131004258990288,48.7,50.2,55.9,22.4,12.2,23.9,34
2014-12-14,11.0240430831909,10.6551160812378,33.0110969543457,-0.10667011141777,48.7,50.2,55.9,22.4,12.2,23.9,34
2014-12-15,10.4532489776611,10.1659250259399,33.222240447998,-0.172348663210869,48.7,50.2,55.9,22.4,12.2,23.9,34
2014-12-16,10.6244401931763,10.2076463699341,33.2565994262695,-0.0967734530568123,48.7,50.2,55.9,22.4,12.2,23.9,34
2014-12-17,10.9803466796875,10.2463369369507,33.2584190368652,-0.0607049465179443,48.7,50.2,55.9,22.4,12.2,23.9,34
2014-12-18,10.749945640564,10.6190376281738,33.2175827026367,-0.183234050869942,48.7,50.2,55.9,22.4,12.2,23.9,34
2014-12-19,10.8309936523438,10.4084558486938,33.2879829406738,-0.244777023792267,48.7,50.2,55.9,22.4,12.2,23.9,34
2014-12-20,10.8615379333496,10.2741098403931,33.3193550109863,-0.257231205701828,48.7,50.2,55.9,22.4,12.2,23.9,34
2014-12-21,10.9205274581909,9.4960298538208,33.1818199157715,-0.243432283401489,48.7,50.2,55.9,22.4,12.2,23.9,34
2014-12-22,10.8097887039185,9.52284908294678,33.1689567565918,-0.211845755577087,48.7,50.2,55.9,22.4,12.2,23.9,34
2014-12-23,10.6520872116089,9.82574558258057,33.2150230407715,-0.10155139118433,48.7,50.2,55.9,22.4,12.2,23.9,34
2014-12-24,9.50753593444824,10.5607442855835,33.5605583190918,-0.0910786986351013,48.7,50.2,55.9,22.4,12.2,23.9,34
2014-12-25,9.49485301971436,10.4905672073364,33.3764991760254,-0.1592156291008,48.7,50.2,55.9,22.4,12.2,23.9,34
2014-12-26,9.62408542633057,10.2242612838745,33.3949089050293,-0.365472882986069,48.7,50.2,55.9,22.4,12.2,23.9,34
2014-12-27,9.82781505584717,10.2043180465698,33.2752799987793,-0.310258746147156,48.7,50.2,55.9,22.4,12.2,23.9,34
2014-12-28,9.95077514648438,10.0153198242188,33.1712455749512,-0.210525512695312,48.7,50.2,55.9,22.4,12.2,23.9,34
2014-12-29,10.0821485519409,9.91360187530518,33.0257911682129,-0.209750413894653,48.7,50.2,55.9,22.4,12.2,23.9,34
2014-12-30,10.5958995819092,10.3258085250854,33.3835105895996,-0.203142359852791,48.7,50.2,55.9,22.4,12.2,23.9,34
2014-12-31,10.4626960754395,10.3639345169067,33.4675559997559,-0.631645798683167,48.7,50.2,55.9,22.4,12.2,23.9,34
2015-01-01,10.5780696868896,10.0683898925781,33.512077331543,-0.259737968444824,48.7,50.2,55.9,22.4,12.2,23.9,34
2015-01-02,10.436972618103,9.54822063446045,33.4465141296387,-0.403380870819092,48.7,50.2,55.9,22.4,12.2,23.9,34
2015-01-03,10.5328378677368,9.13487911224365,33.2768058776855,-0.363612771034241,48.7,50.2,55.9,22.4,12.2,23.9,34
2015-01-04,10.565806388855,9.11205577850342,33.1870994567871,-0.184105515480042,48.7,50.2,55.9,22.4,12.2,23.9,34
2015-01-05,11.1088304519653,9.09854125976562,32.6430168151855,-0.380118370056152,48.7,50.2,55.9,22.4,12.2,23.9,34
2015-01-06,11.3198480606079,8.87460994720459,32.5888633728027,-0.412269443273544,48.7,50.2,55.9,22.4,12.2,23.9,34
2015-01-07,11.5314445495605,8.74267673492432,32.5595970153809,-0.363198310136795,48.7,50.2,55.9,22.4,12.2,23.9,34
2015-01-08,11.3523988723755,8.97322750091553,32.9517021179199,-0.46197572350502,48.7,50.2,55.9,22.4,12.2,23.9,34
2015-01-09,11.2640562057495,8.87873458862305,33.0703468322754,-0.390674859285355,48.7,50.2,55.9,22.4,12.2,23.9,34
2015-01-10,10.2546396255493,8.74136734008789,33.2610664367676,-0.528038203716278,48.7,50.2,55.9,22.4,12.2,23.9,34
2015-01-11,10.1489200592041,7.94708108901978,33.5526695251465,-0.505945980548859,48.7,50.2,55.9,22.4,12.2,23.9,34
2015-01-12,10.1259460449219,8.04487133026123,33.5536727905273,-0.344397068023682,48.7,50.2,55.9,22.4,12.2,23.9,34
2015-01-13,9.9702844619751,8.19024276733398,33.5271301269531,-0.348956853151321,48.7,50.2,55.9,22.4,12.2,23.9,34
2015-01-14,9.11228561401367,8.85390377044678,33.7636756896973,-0.164177730679512,48.7,50.2,55.9,22.4,12.2,23.9,34
2015-01-15,8.73158073425293,8.70905208587646,33.7487907409668,-0.17020358145237,48.7,50.2,55.9,22.4,12.2,23.9,34
2015-01-16,8.79242420196533,8.65051078796387,33.7789192199707,-0.289875209331512,48.7,50.2,55.9,22.4,12.2,23.9,34
2015-01-17,8.51984310150146,8.28001594543457,33.7672233581543,-0.416883617639542,48.7,50.2,55.9,22.4,12.2,23.9,34
2015-01-18,8.24938488006592,8.21106433868408,33.7453498840332,-0.250163793563843,48.7,50.2,55.9,22.4,12.2,23.9,34
2015-01-19,8.30402278900146,7.86299085617065,33.5810203552246,-0.277121514081955,48.7,50.2,55.9,22.4,12.2,23.9,34
2015-01-20,8.4512529373169,7.84811592102051,33.6992530822754,-0.336766868829727,48.7,50.2,55.9,22.4,12.2,23.9,34
2015-01-21,8.61321926116943,8.01921844482422,33.7880516052246,-0.330724328756332,48.7,50.2,55.9,22.4,12.2,23.9,34
2015-01-22,8.53738117218018,7.99309396743774,33.7923164367676,-0.309404462575912,48.7,50.2,55.9,22.4,12.2,23.9,34
2015-01-23,7.91277456283569,7.69989013671875,33.7053070068359,-0.26915517449379,48.7,50.2,55.9,22.4,12.2,23.9,34
2015-01-24,7.75535249710083,7.4021143913269,33.6750221252441,-0.0735451057553291,48.7,50.2,55.9,22.4,12.2,23.9,34
2015-01-25,7.81305265426636,7.30925798416138,33.7366409301758,-0.264384359121323,48.7,50.2,55.9,22.4,12.2,23.9,34
2015-01-26,7.41907119750977,6.59489059448242,33.7705574035645,-0.047295194119215,48.7,50.2,55.9,22.4,12.2,23.9,34
2015-01-27,6.80796766281128,6.78333806991577,33.8477058410645,0.143844813108444,48.7,50.2,55.9,22.4,12.2,23.9,34
2015-01-28,6.76702117919922,6.72988843917847,33.754451751709,-0.0638983771204948,48.7,50.2,55.9,22.4,12.2,23.9,34
2015-01-29,6.40458869934082,6.40445947647095,33.732364654541,-0.211742356419563,48.7,50.2,55.9,22.4,12.2,23.9,34
2015-01-30,6.48823165893555,6.40944528579712,33.7372436523438,-0.149551466107368,48.7,50.2,55.9,22.4,12.2,23.9,34
2015-01-31,6.14457893371582,6.08083295822144,33.6831207275391,-0.360228687524796,48.7,50.2,55.9,22.4,12.2,23.9,34
2015-02-01,6.11400842666626,6.2897458076477,33.5578727722168,-0.335270494222641,48.7,50.2,55.9,22.4,12.2,23.9,34
2015-02-02,6.17511606216431,6.26948881149292,33.5361366271973,-0.137773185968399,48.7,50.2,55.9,22.4,12.2,23.9,34
2015-02-03,6.29425811767578,6.05882215499878,33.5476455688477,-0.39401987195015,48.7,50.2,55.9,22.4,12.2,23.9,34
2015-02-04,5.15186834335327,5.67931222915649,33.5603294372559,-0.369084507226944,48.7,50.2,55.9,22.4,12.2,23.9,34
2015-02-05,5.4588680267334,5.48993921279907,33.5390930175781,-0.291665941476822,48.7,50.2,55.9,22.4,12.2,23.9,34
2015-02-06,5.62888526916504,5.45397329330444,33.6663017272949,-0.398213505744934,48.7,50.2,55.9,22.4,12.2,23.9,34
2015-02-07,6.12395811080933,5.4234127998352,33.6440238952637,-0.354544430971146,48.7,50.2,55.9,22.4,12.2,23.9,34
2015-02-08,6.48808145523071,5.46007871627808,33.6156120300293,-0.19905449450016,48.7,50.2,55.9,22.4,12.2,23.9,34
2015-02-09,6.99757719039917,5.47673463821411,33.5699424743652,-0.046146746724844,48.7,50.2,55.9,22.4,12.2,23.9,34
2015-02-10,5.57227659225464,5.40592956542969,33.9581489562988,0.0981476381421089,48.7,50.2,55.9,22.4,12.2,23.9,34
2015-02-11,5.48281240463257,5.48142099380493,33.9099082946777,0.112253211438656,48.7,50.2,55.9,22.4,12.2,23.9,34
2015-02-12,5.53531503677368,5.50681257247925,33.7788581848145,0.0609297193586826,48.7,50.2,55.9,22.4,12.2,23.9,34
2015-02-13,5.27888965606689,5.19317865371704,33.6925849914551,-0.165150612592697,48.7,50.2,55.9,22.4,12.2,23.9,34
2015-02-14,5.18724870681763,5.10436105728149,33.6685905456543,-0.08633603900671,48.7,50.2,55.9,22.4,12.2,23.9,34
2015-02-15,5.06438302993774,4.98836326599121,33.7293663024902,-0.194188475608826,48.7,50.2,55.9,22.4,12.2,23.9,34
2015-02-16,3.99431204795837,3.94606900215149,33.6620216369629,-0.358389616012573,48.7,50.2,55.9,22.4,12.2,23.9,34
2015-02-17,4.10519933700562,3.98713994026184,33.6926879882812,-0.212284430861473,48.7,50.2,55.9,22.4,12.2,23.9,34
2015-02-18,4.11366271972656,4.00982618331909,33.7224273681641,-0.13512347638607,48.7,50.2,55.9,22.4,12.2,23.9,34
2015-02-19,4.26049613952637,4.10682487487793,33.5727806091309,-0.243390083312988,48.7,50.2,55.9,22.4,12.2,23.9,34
2015-02-20,3.87285923957825,3.77960562705994,33.561710357666,-0.476225852966309,48.7,50.2,55.9,22.4,12.2,23.9,34
2015-02-21,3.88127207756042,3.74650549888611,33.6734352111816,-0.460679054260254,48.7,50.2,55.9,22.4,12.2,23.9,34
2015-02-22,4.36394214630127,4.04554033279419,33.4933128356934,-0.284619808197021,48.7,50.2,55.9,22.4,12.2,23.9,34
2015-02-23,4.48731994628906,4.37295484542847,33.6134376525879,-0.358632653951645,48.7,50.2,55.9,22.4,12.2,23.9,34
2015-02-24,4.53951263427734,4.54176950454712,33.7556610107422,-0.343365639448166,48.7,50.2,55.9,22.4,12.2,23.9,34
2015-02-25,4.88387727737427,4.46268463134766,33.7434501647949,-0.220526292920113,48.7,50.2,55.9,22.4,12.2,23.9,34
2015-02-26,4.9089241027832,4.61365270614624,33.7809410095215,-0.222395494580269,48.7,50.2,55.9,22.4,12.2,23.9,34
2015-02-27,4.69188404083252,4.6552996635437,33.7712669372559,-0.360149621963501,48.7,50.2,55.9,22.4,12.2,23.9,34
2015-02-28,3.80847358703613,3.64329600334167,33.7347679138184,-0.499210000038147,48.7,50.2,55.9,22.4,12.2,23.9,34
2015-03-01,3.85616421699524,3.84548735618591,33.792179107666,-0.390540242195129,48.7,50.2,55.9,22.4,12.2,23.9,34
2015-03-02,4.07453393936157,3.7979154586792,33.7271041870117,-0.354644805192947,48.7,50.2,55.9,22.4,12.2,23.9,34
2015-03-03,4.94536447525024,4.59092998504639,33.7978553771973,-0.400926142930984,48.7,50.2,55.9,22.4,12.2,23.9,34
2015-03-04,4.98560237884521,4.48595476150513,33.6840972900391,-0.264878183603287,48.7,50.2,55.9,22.4,12.2,23.9,34
2015-03-05,5.20254755020142,4.41279125213623,33.6020011901855,-0.320809870958328,48.7,50.2,55.9,22.4,12.2,23.9,34
2015-03-06,4.15274810791016,3.63035130500793,33.7972984313965,-0.392908453941345,48.7,50.2,55.9,22.4,12.2,23.9,34
2015-03-07,4.14005708694458,4.02574014663696,33.922664642334,-0.368388772010803,48.7,50.2,55.9,22.4,12.2,23.9,34
2015-03-08,4.73692798614502,3.77135396003723,33.8263244628906,-0.413409739732742,48.7,50.2,55.9,22.4,12.2,23.9,34
2015-03-09,5.00844717025757,4.93215703964233,33.8330268859863,-0.38703790307045,48.7,50.2,55.9,22.4,12.2,23.9,34
2015-03-10,5.10192823410034,5.17876768112183,33.7532997131348,-0.346503406763077,48.7,50.2,55.9,22.4,12.2,23.9,34
2015-03-11,5.22096872329712,5.31108474731445,33.4352416992188,-0.30797091126442,48.7,50.2,55.9,22.4,12.2,23.9,34
2015-03-12,5.03799724578857,4.61699056625366,33.2610778808594,-0.51115208864212,48.7,50.2,55.9,22.4,12.2,23.9,34
2015-03-13,5.00075674057007,4.7433762550354,33.4796867370605,-0.418393403291702,48.7,50.2,55.9,22.4,12.2,23.9,34
2015-03-14,5.10438632965088,5.1235237121582,33.634449005127,-0.20410817861557,48.7,50.2,55.9,22.4,12.2,23.9,34
2015-03-15,5.84661340713501,5.63987684249878,34.1620483398438,-0.234608486294746,48.7,50.2,55.9,22.4,12.2,23.9,34
2015-03-16,5.71723747253418,5.9466495513916,34.1161079406738,-0.298990190029144,48.7,50.2,55.9,22.4,12.2,23.9,34
2015-03-17,5.8013744354248,6.2106761932373,34.1185417175293,-0.131127625703812,48.7,50.2,55.9,22.4,12.2,23.9,34
2015-03-18,5.64292907714844,5.83994436264038,33.9272537231445,-0.323790550231934,48.7,50.2,55.9,22.4,12.2,23.9,34
2015-03-19,5.50767850875854,5.81632041931152,34.057300567627,-0.4184250831604,48.7,50.2,55.9,22.4,12.2,23.9,34
2015-03-20,5.55449867248535,5.66829872131348,33.9767875671387,-0.276968389749527,48.7,50.2,55.9,22.4,12.2,23.9,34
2015-03-21,4.80476474761963,5.70068979263306,33.8321266174316,-0.111650615930557,48.7,50.2,55.9,22.4,12.2,23.9,34
2015-03-22,4.74281978607178,5.71669721603394,33.716438293457,-0.229699015617371,48.7,50.2,55.9,22.4,12.2,23.9,34
2015-03-23,4.84630441665649,5.74435567855835,33.7108497619629,-0.255511462688446,48.7,50.2,55.9,22.4,12.2,23.9,34
2015-03-24,5.92120885848999,6.09217023849487,33.9042510986328,-0.380037307739258,48.7,50.2,55.9,22.4,12.2,23.9,34
2015-03-25,5.99003458023071,6.28762483596802,33.9264640808105,-0.354543477296829,48.7,50.2,55.9,22.4,12.2,23.9,34
2015-03-26,6.06882667541504,6.5437159538269,33.9009971618652,-0.207841113209724,48.7,50.2,55.9,22.4,12.2,23.9,34
2015-03-27,6.63533735275269,6.66936349868774,33.7099990844727,-0.149235010147095,48.7,50.2,55.9,22.4,12.2,23.9,34
2015-03-28,6.55738878250122,6.54099035263062,33.6488265991211,-0.206442460417747,48.7,50.2,55.9,22.4,12.2,23.9,34
2015-03-29,6.43079137802124,5.87763214111328,33.4473838806152,-0.256845265626907,48.7,50.2,55.9,22.4,12.2,23.9,34
2015-03-30,5.06126356124878,5.00164651870728,33.5107345581055,-0.2051672488451,48.7,50.2,55.9,22.4,12.2,23.9,34
2015-03-31,5.69018888473511,4.72346115112305,33.2933464050293,-0.179763272404671,48.7,50.2,55.9,22.4,12.2,23.9,34
2015-04-01,6.00529623031616,4.93083620071411,33.2423629760742,-0.234542772173882,48.7,50.2,55.9,22.4,12.2,23.9,34
2015-04-02,5.55458974838257,5.31871461868286,33.2536582946777,-0.298674374818802,48.7,50.2,55.9,22.4,12.2,23.9,34
2015-04-03,6.18984651565552,5.55793046951294,33.1269683837891,-0.267048388719559,48.7,50.2,55.9,22.4,12.2,23.9,34
2015-04-04,7.01274728775024,5.94794988632202,32.414852142334,-0.316893756389618,48.7,50.2,55.9,22.4,12.2,23.9,34
2015-04-05,7.18804931640625,6.38498735427856,32.5583000183105,-0.433763474225998,48.7,50.2,55.9,22.4,12.2,23.9,34
2015-04-06,7.29896974563599,6.71989822387695,32.5378074645996,-0.395141512155533,48.7,50.2,55.9,22.4,12.2,23.9,34
2015-04-07,7.51968574523926,7.1572151184082,32.493293762207,-0.311672687530518,48.7,50.2,55.9,22.4,12.2,23.9,34
2015-04-08,7.98428392410278,7.51668119430542,32.4090881347656,-0.215304926037788,48.7,50.2,55.9,22.4,12.2,23.9,34
2015-04-09,7.16353607177734,7.80411720275879,32.0435104370117,-0.152160167694092,48.7,50.2,55.9,22.4,12.2,23.9,34
2015-04-10,6.41694974899292,8.12174415588379,32.1097297668457,-0.0874448418617249,48.7,50.2,55.9,22.4,12.2,23.9,34
2015-04-11,5.79370880126953,7.20781183242798,32.2070121765137,-0.237177565693855,48.7,50.2,55.9,22.4,12.2,23.9,34
2015-04-12,5.91572427749634,7.48439741134644,32.2868919372559,-0.356302976608276,48.7,50.2,55.9,22.4,12.2,23.9,34
2015-04-13,6.05271291732788,8.13398838043213,32.3442268371582,-0.289365172386169,48.7,50.2,55.9,22.4,12.2,23.9,34
2015-04-14,5.88481664657593,8.27945899963379,32.4036331176758,-0.262007147073746,48.7,50.2,55.9,22.4,12.2,23.9,34
2015-04-15,5.99738645553589,8.80869102478027,32.3396377563477,-0.305658519268036,48.7,50.2,55.9,22.4,12.2,23.9,34
2015-04-16,6.08501386642456,9.32062816619873,32.3905143737793,-0.341996282339096,48.7,50.2,55.9,22.4,12.2,23.9,34
2015-04-17,6.04504537582397,9.87459182739258,32.4235572814941,-0.270340919494629,48.7,50.2,55.9,22.4,12.2,23.9,34
2015-04-18,6.23168563842773,10.1518774032593,32.3999328613281,-0.295811295509338,48.7,50.2,55.9,22.4,12.2,23.9,34
2015-04-19,6.27595520019531,10.4759321212769,32.404239654541,-0.269533216953278,48.7,50.2,55.9,22.4,12.2,23.9,34
2015-04-20,5.5713210105896,9.80927276611328,32.5403785705566,-0.0969952270388603,48.7,50.2,55.9,22.4,12.2,23.9,34
2015-04-21,5.86145353317261,9.67986583709717,32.619327545166,-0.0858524069190025,48.7,50.2,55.9,22.4,12.2,23.9,34
2015-04-22,5.82606506347656,9.85023975372314,32.6328926086426,-0.134411305189133,48.7,50.2,55.9,22.4,12.2,23.9,34
2015-04-23,7.06334066390991,9.68018054962158,32.3427314758301,-0.143218502402306,48.7,50.2,55.9,22.4,12.2,23.9,34
2015-04-24,7.32029485702515,9.48940944671631,32.5019111633301,-0.210515141487122,48.7,50.2,55.9,22.4,12.2,23.9,34
2015-04-25,7.32756567001343,9.36987113952637,32.6951332092285,-0.163635611534119,48.7,50.2,55.9,22.4,12.2,23.9,34
2015-04-26,7.38899993896484,9.39455699920654,32.6542739868164,-0.0619421638548374,48.7,50.2,55.9,22.4,12.2,23.9,34
2015-04-27,7.48883962631226,9.74508571624756,32.7465629577637,-0.0625677481293678,48.7,50.2,55.9,22.4,12.2,23.9,34
2015-04-28,7.66358757019043,9.81546211242676,32.7114753723145,-0.125884011387825,48.7,50.2,55.9,22.4,12.2,23.9,34
2015-04-29,7.88289642333984,10.1487369537354,32.7215423583984,-0.116953171789646,48.7,50.2,55.9,22.4,12.2,23.9,34
2015-04-30,8.00753879547119,10.593864440918,32.6002082824707,-0.0530381314456463,48.7,50.2,55.9,22.4,12.2,23.9,34
2015-05-01,7.80342483520508,10.793309211731,32.6950531005859,-0.0577805750072002,48.7,50.2,55.9,22.4,12.2,23.9,34
2015-05-02,6.7818169593811,9.3466157913208,33.175220489502,-0.0918762311339378,48.7,50.2,55.9,22.4,12.2,23.9,34
2015-05-03,6.42887735366821,9.71254634857178,33.241756439209,-0.18083892762661,48.7,50.2,55.9,22.4,12.2,23.9,34
2015-05-04,6.64824533462524,10.396915435791,33.0026741027832,-0.26220628619194,48.7,50.2,55.9,22.4,12.2,23.9,34
2015-05-05,6.80405282974243,11.1124334335327,32.4824752807617,-0.316978096961975,48.7,50.2,55.9,22.4,12.2,23.9,34
2015-05-06,7.16297960281372,12.3357973098755,31.3423290252686,-0.30601155757904,48.7,50.2,55.9,22.4,12.2,23.9,34
2015-05-07,7.20066976547241,13.0557813644409,31.1681594848633,-0.271344214677811,48.7,50.2,55.9,22.4,12.2,23.9,34
2015-05-08,7.0031795501709,14.3726758956909,31.1539249420166,-0.251000314950943,48.7,50.2,55.9,22.4,12.2,23.9,34
2015-05-09,6.90902948379517,14.8507089614868,31.2206802368164,-0.198268219828606,48.7,50.2,55.9,22.4,12.2,23.9,34
2015-05-10,6.40361404418945,15.3834524154663,31.0418338775635,-0.167449310421944,48.7,50.2,55.9,22.4,12.2,23.9,34
2015-05-11,6.71125602722168,15.7828321456909,30.8776378631592,-0.167418703436852,48.7,50.2,55.9,22.4,12.2,23.9,34
2015-05-12,6.81658983230591,15.7166633605957,30.9995555877686,-0.118172086775303,48.7,50.2,55.9,22.4,12.2,23.9,34
2015-05-13,7.1952166557312,15.2165975570679,31.2478275299072,-0.268263012170792,48.7,50.2,55.9,22.4,12.2,23.9,34
2015-05-14,7.19963121414185,13.7862749099731,31.5283966064453,-0.308782190084457,48.7,50.2,55.9,22.4,12.2,23.9,34
2015-05-15,6.8008131980896,14.1088590621948,31.6071319580078,-0.297839671373367,48.7,50.2,55.9,22.4,12.2,23.9,34
2015-05-16,6.81370687484741,14.4373865127563,31.632303237915,-0.235779985785484,48.7,50.2,55.9,22.4,12.2,23.9,34
2015-05-17,7.1807689666748,15.8145513534546,31.669548034668,-0.252580434083939,48.7,50.2,55.9,22.4,12.2,23.9,34
2015-05-18,7.26235771179199,16.4475040435791,31.6845169067383,-0.203466758131981,48.7,50.2,55.9,22.4,12.2,23.9,34
2015-05-19,7.01295137405396,16.9820575714111,31.8505916595459,-0.0973080396652222,48.7,50.2,55.9,22.4,12.2,23.9,34
2015-05-20,8.32339191436768,16.1811752319336,32.1145477294922,-0.113895922899246,48.7,50.2,55.9,22.4,12.2,23.9,34
2015-05-21,8.57935428619385,15.8127794265747,32.3065452575684,-0.123839594423771,48.7,50.2,55.9,22.4,12.2,23.9,34
2015-05-22,8.58420181274414,15.1061010360718,32.5512619018555,-0.136841237545013,48.7,50.2,55.9,22.4,12.2,23.9,34
2015-05-23,8.99119758605957,14.4534177780151,33.0278511047363,-0.295259743928909,48.7,50.2,55.9,22.4,12.2,23.9,34
2015-05-24,9.11706829071045,14.6347894668579,33.0270805358887,-0.309371173381805,48.7,50.2,55.9,22.4,12.2,23.9,34
2015-05-25,9.59874153137207,14.8643989562988,32.781192779541,-0.312158554792404,48.7,50.2,55.9,22.4,12.2,23.9,34
2015-05-26,9.87571144104004,16.0796489715576,32.6849098205566,-0.310709685087204,48.7,50.2,55.9,22.4,12.2,23.9,34
2015-05-27,10.2892627716064,16.7786598205566,32.5283203125,-0.279173582792282,48.7,50.2,55.9,22.4,12.2,23.9,34
2015-05-28,10.8553056716919,17.4007053375244,32.2428436279297,-0.248613879084587,48.7,50.2,55.9,22.4,12.2,23.9,34
2015-05-29,11.7614316940308,18.6623706817627,32.2273750305176,-0.313551694154739,48.7,50.2,55.9,22.4,12.2,23.9,34
2015-05-30,11.8191947937012,19.4596366882324,32.2464866638184,-0.274148017168045,48.7,50.2,55.9,22.4,12.2,23.9,34
2015-05-31,11.7960662841797,19.7086982727051,32.2900886535645,-0.259208887815475,48.7,50.2,55.9,22.4,12.2,23.9,34
2015-06-01,12.4372177124023,19.5280342102051,32.2937278747559,-0.253407806158066,48.7,50.2,55.9,22.4,12.2,23.9,34
2015-06-02,12.2864294052124,19.9483509063721,32.3486518859863,-0.146025642752647,48.7,50.2,55.9,22.4,12.2,23.9,34
2015-06-03,11.7301435470581,19.6587390899658,32.5246849060059,-0.0986952185630798,48.7,50.2,55.9,22.4,12.2,23.9,34
2015-06-04,11.4569520950317,17.3417453765869,32.862678527832,-0.0878589451313019,48.7,50.2,55.9,22.4,12.2,23.9,34
2015-06-05,11.0435838699341,17.4251232147217,32.6341590881348,-0.0598716028034687,48.7,50.2,55.9,22.4,12.2,23.9,34
2015-06-06,10.9437322616577,17.3249244689941,32.6553268432617,-0.0823818370699883,48.7,50.2,55.9,22.4,12.2,23.9,34
2015-06-07,10.8790473937988,17.2351093292236,32.7457618713379,-0.139574140310287,48.7,50.2,55.9,22.4,12.2,23.9,34
2015-06-08,10.8946905136108,17.5159130096436,32.7564697265625,-0.119659118354321,48.7,50.2,55.9,22.4,12.2,23.9,34
2015-06-09,11.1176557540894,17.3962497711182,32.5966110229492,-0.0933119654655457,48.7,50.2,55.9,22.4,12.2,23.9,34
2015-06-10,10.7387170791626,18.552604675293,32.5602989196777,-0.108793415129185,48.7,50.2,55.9,22.4,12.2,23.9,34
2015-06-11,10.71937084198,19.0147838592529,32.5264930725098,-0.131697565317154,48.7,50.2,55.9,22.4,12.2,23.9,34
2015-06-12,10.8432540893555,19.283353805542,32.435848236084,-0.166823983192444,48.7,50.2,55.9,22.4,12.2,23.9,34
2015-06-13,11.590579032898,20.3890438079834,32.4324378967285,-0.181438490748405,48.7,50.2,55.9,22.4,12.2,23.9,34
2015-06-14,11.6852693557739,21.1597671508789,32.4288864135742,-0.213736101984978,48.7,50.2,55.9,22.4,12.2,23.9,34
2015-06-15,11.5091781616211,21.5606250762939,32.4092178344727,-0.159962311387062,48.7,50.2,55.9,22.4,12.2,23.9,34
2015-06-16,10.8741121292114,21.9232540130615,32.4374542236328,-0.137638509273529,48.7,50.2,55.9,22.4,12.2,23.9,34
2015-06-17,10.6516723632812,22.2697811126709,32.4246940612793,-0.204638287425041,48.7,50.2,55.9,22.4,12.2,23.9,34
2015-06-18,10.2799434661865,22.4531097412109,32.4992408752441,-0.181597113609314,48.7,50.2,55.9,22.4,12.2,23.9,34
2015-06-19,10.6448755264282,22.6250610351562,32.4617195129395,-0.139660865068436,48.7,50.2,55.9,22.4,12.2,23.9,34
2015-06-20,10.5904703140259,23.1305465698242,32.4490051269531,-0.14030034840107,48.7,50.2,55.9,22.4,12.2,23.9,34
2015-06-21,10.4180192947388,22.8245086669922,32.3780937194824,-0.0752549767494202,48.7,50.2,55.9,22.4,12.2,23.9,34
2015-06-22,9.75599575042725,23.5153579711914,32.3922004699707,-0.19485592842102,48.7,50.2,55.9,22.4,12.2,23.9,34
2015-06-23,9.6484956741333,23.8032283782959,32.3152618408203,-0.16364561021328,48.7,50.2,55.9,22.4,12.2,23.9,34
2015-06-24,9.50890731811523,23.8351535797119,32.1209754943848,-0.160723984241486,48.7,50.2,55.9,22.4,12.2,23.9,34
2015-06-25,9.81167507171631,23.3881359100342,32.1551170349121,-0.161254853010178,48.7,50.2,55.9,22.4,12.2,23.9,34
2015-06-26,9.78810977935791,23.503324508667,32.0204010009766,-0.097046971321106,48.7,50.2,55.9,22.4,12.2,23.9,34
2015-06-27,9.76247596740723,23.1151885986328,32.2121467590332,-0.057233240455389,48.7,50.2,55.9,22.4,12.2,23.9,34
2015-06-28,8.71391487121582,22.4185886383057,32.2228202819824,0.0100645646452904,48.7,50.2,55.9,22.4,12.2,23.9,34
2015-06-29,8.50417804718018,22.4018936157227,32.2773971557617,-0.123833060264587,48.7,50.2,55.9,22.4,12.2,23.9,34
2015-06-30,8.55042839050293,22.6759052276611,32.221305847168,-0.106120526790619,48.7,50.2,55.9,22.4,12.2,23.9,34
2015-07-01,9.63327217102051,22.8879680633545,32.0717887878418,-0.0867765247821808,48.7,50.2,55.9,22.4,12.2,23.9,34
2015-07-02,9.70176029205322,23.1252346038818,31.8793392181396,-0.0901675820350647,48.7,50.2,55.9,22.4,12.2,23.9,34
2015-07-03,9.82334232330322,23.3709182739258,31.8429050445557,-0.0818735882639885,48.7,50.2,55.9,22.4,12.2,23.9,34
2015-07-04,10.2462606430054,23.5670986175537,31.9572315216064,-0.0750680267810822,48.7,50.2,55.9,22.4,12.2,23.9,34
2015-07-05,9.93116092681885,23.6400985717773,31.9735469818115,-0.140314996242523,48.7,50.2,55.9,22.4,12.2,23.9,34
2015-07-06,9.6701192855835,23.9055652618408,31.9951877593994,-0.152265563607216,48.7,50.2,55.9,22.4,12.2,23.9,34
2015-07-07,10.047287940979,24.2325973510742,32.0083389282227,-0.132416725158691,48.7,50.2,55.9,22.4,12.2,23.9,34
2015-07-08,9.89709186553955,24.3371334075928,31.8980274200439,-0.107298992574215,48.7,50.2,55.9,22.4,12.2,23.9,34
2015-07-09,9.73018646240234,24.6113414764404,31.6019592285156,-0.0701480135321617,48.7,50.2,55.9,22.4,12.2,23.9,34
2015-07-10,10.8662710189819,24.6110019683838,31.731466293335,-0.0406002886593342,48.7,50.2,55.9,22.4,12.2,23.9,34
2015-07-11,11.0048446655273,24.6943950653076,32.0239067077637,-0.0661148950457573,48.7,50.2,55.9,22.4,12.2,23.9,34
2015-07-12,11.0517797470093,24.7395458221436,31.9830455780029,-0.0676772072911263,48.7,50.2,55.9,22.4,12.2,23.9,34
2015-07-13,11.3301267623901,25.3102874755859,31.72536277771,-0.0508384965360165,48.7,50.2,55.9,22.4,12.2,23.9,34
2015-07-14,11.3611030578613,25.1098098754883,31.6084957122803,-0.00634661549702287,48.7,50.2,55.9,22.4,12.2,23.9,34
2015-07-15,11.4056024551392,24.6932773590088,31.5922241210938,0.0198010597378016,48.7,50.2,55.9,22.4,12.2,23.9,34
2015-07-16,12.01123046875,24.5892105102539,31.8551273345947,-0.0309662912040949,48.7,50.2,55.9,22.4,12.2,23.9,34
2015-07-17,11.5803632736206,24.7728805541992,32.1989250183105,-0.0788428857922554,48.7,50.2,55.9,22.4,12.2,23.9,34
2015-07-18,11.5566940307617,24.8195323944092,32.2281227111816,-0.0435001850128174,48.7,50.2,55.9,22.4,12.2,23.9,34
2015-07-19,11.8463888168335,25.2634181976318,32.1546936035156,-0.0709572657942772,48.7,50.2,55.9,22.4,12.2,23.9,34
2015-07-20,11.8260774612427,25.6627788543701,32.1661758422852,-0.049020241945982,48.7,50.2,55.9,22.4,12.2,23.9,34
2015-07-21,11.7557611465454,26.0209712982178,32.1898536682129,0.00858903676271439,48.7,50.2,55.9,22.4,12.2,23.9,34
2015-07-22,11.9202756881714,25.540397644043,32.0458068847656,-0.0188137665390968,48.7,50.2,55.9,22.4,12.2,23.9,34
2015-07-23,11.9662561416626,25.4226684570312,32.1218223571777,-0.0654174610972404,48.7,50.2,55.9,22.4,12.2,23.9,34
2015-07-24,12.1133079528809,25.4890613555908,32.1521835327148,-0.0366235189139843,48.7,50.2,55.9,22.4,12.2,23.9,34
2015-07-25,12.4852752685547,26.1703948974609,32.1942176818848,-0.0557194985449314,48.7,50.2,55.9,22.4,12.2,23.9,34
2015-07-26,12.5182981491089,26.1565914154053,32.2074966430664,-0.0534259043633938,48.7,50.2,55.9,22.4,12.2,23.9,34
2015-07-27,12.4647493362427,26.033166885376,32.1911735534668,-0.0383673273026943,48.7,50.2,55.9,22.4,12.2,23.9,34
2015-07-28,13.9425706863403,25.4290904998779,32.1652793884277,-0.0875327885150909,48.7,50.2,55.9,22.4,12.2,23.9,34
2015-07-29,14.0166482925415,25.499979019165,32.0906982421875,-0.119206227362156,48.7,50.2,55.9,22.4,12.2,23.9,34
2015-07-30,13.9957494735718,25.5287094116211,31.9977111816406,-0.121458232402802,48.7,50.2,55.9,22.4,12.2,23.9,34
2015-07-31,14.913369178772,26.0637950897217,32.0861854553223,-0.0840633437037468,48.7,50.2,55.9,22.4,12.2,23.9,34
2015-08-01,15.3065023422241,26.2628173828125,32.1352233886719,-0.0907180085778236,48.7,50.2,55.9,22.4,12.2,23.9,34
2015-08-02,15.844744682312,26.4820423126221,32.1879119873047,-0.0882021561264992,48.7,50.2,55.9,22.4,12.2,23.9,34
2015-08-03,16.787691116333,26.6174926757812,32.2774543762207,-0.0769365057349205,48.7,50.2,55.9,22.4,12.2,23.9,34
2015-08-04,16.7432708740234,26.1121387481689,32.6565742492676,-0.116444766521454,48.7,50.2,55.9,22.4,12.2,23.9,34
2015-08-05,17.2185688018799,25.7947826385498,33.0251998901367,-0.0995587706565857,48.7,50.2,55.9,22.4,12.2,23.9,34
2015-08-06,17.8621063232422,26.930757522583,33.2071762084961,-0.0761229693889618,48.7,50.2,55.9,22.4,12.2,23.9,34
2015-08-07,18.1963176727295,27.1085357666016,33.2068672180176,-0.0378407090902328,48.7,50.2,55.9,22.4,12.2,23.9,34
2015-08-08,17.2237358093262,26.9321269989014,33.038932800293,0.00426228903234005,48.7,50.2,55.9,22.4,12.2,23.9,34
2015-08-09,12.3257904052734,25.1081314086914,32.8236389160156,0.0278571248054504,48.7,50.2,55.9,22.4,12.2,23.9,34
2015-08-10,12.1187734603882,24.8262310028076,32.4156379699707,-0.0241029914468527,48.7,50.2,55.9,22.4,12.2,23.9,34
2015-08-11,12.0998029708862,24.880708694458,32.2267913818359,-0.0146196782588959,48.7,50.2,55.9,22.4,12.2,23.9,34
2015-08-12,11.9466505050659,25.0478458404541,32.2572784423828,-0.0335388258099556,48.7,50.2,55.9,22.4,12.2,23.9,34
2015-08-13,11.9243898391724,25.3036422729492,32.1409759521484,-0.0948541387915611,48.7,50.2,55.9,22.4,12.2,23.9,34
2015-08-14,11.8612279891968,25.3271865844727,32.0655860900879,-0.111461080610752,48.7,50.2,55.9,22.4,12.2,23.9,34
2015-08-15,10.4328937530518,25.4445877075195,32.23388671875,-0.148634612560272,48.7,50.2,55.9,22.4,12.2,23.9,34
2015-08-16,10.3239097595215,25.7615871429443,32.2412490844727,-0.137621030211449,48.7,50.2,55.9,22.4,12.2,23.9,34
2015-08-17,10.1698436737061,25.8443298339844,32.2443199157715,-0.118302680552006,48.7,50.2,55.9,22.4,12.2,23.9,34
2015-08-18,9.27880096435547,25.7428607940674,32.3019638061523,-0.123371265828609,48.7,50.2,55.9,22.4,12.2,23.9,34
2015-08-19,9.18993091583252,26.0175876617432,32.3376197814941,-0.112068079411983,48.7,50.2,55.9,22.4,12.2,23.9,34
2015-08-20,9.1451473236084,26.2797927856445,32.3433113098145,-0.0739290043711662,48.7,50.2,55.9,22.4,12.2,23.9,34
2015-08-21,9.15035915374756,26.0549163818359,32.4427909851074,-0.0709095150232315,48.7,50.2,55.9,22.4,12.2,23.9,34
2015-08-22,9.13728618621826,26.149377822876,32.3725090026855,-0.11041996628046,48.7,50.2,55.9,22.4,12.2,23.9,34
2015-08-23,9.0108232498169,25.8191909790039,32.3018951416016,-0.109945259988308,48.7,50.2,55.9,22.4,12.2,23.9,34
2015-08-24,8.50422954559326,26.1138229370117,32.3979301452637,-0.0662620067596436,48.7,50.2,55.9,22.4,12.2,23.9,34
2015-08-25,8.43321990966797,26.0977764129639,32.3573341369629,-0.0305758118629456,48.7,50.2,55.9,22.4,12.2,23.9,34
2015-08-26,8.44007778167725,26.1285305023193,32.2349052429199,-0.0331404283642769,48.7,50.2,55.9,22.4,12.2,23.9,34
2015-08-27,9.03836727142334,25.3895816802979,32.1105155944824,-0.122847586870193,48.7,50.2,55.9,22.4,12.2,23.9,34
2015-08-28,9.32877445220947,24.9274749755859,32.1104011535645,-0.147410973906517,48.7,50.2,55.9,22.4,12.2,23.9,34
2015-08-29,9.5816011428833,24.6693630218506,32.1161346435547,-0.131611868739128,48.7,50.2,55.9,22.4,12.2,23.9,34
2015-08-30,10.2178068161011,25.4796695709229,32.2028541564941,-0.0964230000972748,48.7,50.2,55.9,22.4,12.2,23.9,34
2015-08-31,10.544056892395,25.6312866210938,32.2272567749023,-0.0465499609708786,48.7,50.2,55.9,22.4,12.2,23.9,34
2015-09-01,10.7110977172852,25.8016128540039,32.2572441101074,0.0170913469046354,48.7,50.2,55.9,22.4,12.2,23.9,34
2015-09-02,8.6393404006958,26.041353225708,32.3482475280762,0.0329363495111465,48.7,50.2,55.9,22.4,12.2,23.9,34
2015-09-03,8.92134284973145,26.2090606689453,32.3618965148926,0.0847448632121086,48.7,50.2,55.9,22.4,12.2,23.9,34
2015-09-04,9.29512023925781,26.3253002166748,32.366138458252,0.0950220450758934,48.7,50.2,55.9,22.4,12.2,23.9,34
2015-09-05,11.0482244491577,25.7983093261719,32.319637298584,0.0771634802222252,48.7,50.2,55.9,22.4,12.2,23.9,34
2015-09-06,11.956545829773,25.486421585083,32.1848182678223,0.030126241967082,48.7,50.2,55.9,22.4,12.2,23.9,34
2015-09-07,12.3017959594727,25.5329437255859,32.1501579284668,-0.0101272584870458,48.7,50.2,55.9,22.4,12.2,23.9,34
2015-09-08,11.6891593933105,25.7017192840576,32.2761993408203,-0.0767867788672447,48.7,50.2,55.9,22.4,12.2,23.9,34
2015-09-09,11.297755241394,25.9133205413818,32.3043022155762,-0.0465411953628063,48.7,50.2,55.9,22.4,12.2,23.9,34
2015-09-10,11.0733041763306,25.8736782073975,32.3102684020996,0.0253224689513445,48.7,50.2,55.9,22.4,12.2,23.9,34
2015-09-11,11.3939714431763,25.3388767242432,32.1993293762207,0.0365170165896416,48.7,50.2,55.9,22.4,12.2,23.9,34
2015-09-12,11.49791431427,25.0772151947021,32.1806907653809,0.0535127222537994,48.7,50.2,55.9,22.4,12.2,23.9,34
2015-09-13,11.452260017395,24.7006549835205,32.0925712585449,0.106225036084652,48.7,50.2,55.9,22.4,12.2,23.9,34
2015-09-14,11.276912689209,23.7910251617432,32.097053527832,-0.000194082662346773,48.7,50.2,55.9,22.4,12.2,23.9,34
2015-09-15,11.1602325439453,23.5107364654541,32.1310157775879,-0.0328111238777637,48.7,50.2,55.9,22.4,12.2,23.9,34
2015-09-16,11.2590265274048,23.8072357177734,32.1638221740723,0.031156225129962,48.7,50.2,55.9,22.4,12.2,23.9,34
2015-09-17,10.4722814559937,23.8922214508057,32.2705154418945,-0.0165607836097479,48.7,50.2,55.9,22.4,12.2,23.9,34
2015-09-18,10.6034154891968,23.8631973266602,32.2601432800293,0.0218823235481977,48.7,50.2,55.9,22.4,12.2,23.9,34
2015-09-19,10.6638441085815,24.13205909729,32.2930603027344,0.0490619651973248,48.7,50.2,55.9,22.4,12.2,23.9,34
2015-09-20,10.6559000015259,24.6474151611328,32.4771919250488,0.0501768589019775,48.7,50.2,55.9,22.4,12.2,23.9,34
2015-09-21,11.1877355575562,24.2452449798584,32.6033821105957,-0.000245972856646404,48.7,50.2,55.9,22.4,12.2,23.9,34
2015-09-22,11.9949684143066,23.9289798736572,32.8594665527344,0.0648262873291969,48.7,50.2,55.9,22.4,12.2,23.9,34
2015-09-23,13.9705801010132,22.9301929473877,33.0624618530273,0.0506982542574406,48.7,50.2,55.9,22.4,12.2,23.9,34
2015-09-24,15.0813093185425,22.4806156158447,33.0291633605957,-0.00453668320551515,48.7,50.2,55.9,22.4,12.2,23.9,34
2015-09-25,15.9058647155762,22.1335906982422,33.1487312316895,0.0285256560891867,48.7,50.2,55.9,22.4,12.2,23.9,34
2015-09-26,19.9970359802246,22.2218341827393,33.7946243286133,0.0127839921042323,48.7,50.2,55.9,22.4,12.2,23.9,34
2015-09-27,21.4601974487305,21.4923038482666,33.5486450195312,-0.0024344373960048,48.7,50.2,55.9,22.4,12.2,23.9,34
2015-09-28,21.1749973297119,21.4038066864014,33.4470481872559,-0.0464678891003132,48.7,50.2,55.9,22.4,12.2,23.9,34
2015-09-29,21.664270401001,22.3998928070068,33.7772369384766,-0.0855657234787941,48.7,50.2,55.9,22.4,12.2,23.9,34
2015-09-30,21.7126388549805,22.665397644043,33.8038520812988,0.000183630429091863,48.7,50.2,55.9,22.4,12.2,23.9,34
2015-10-01,21.7227020263672,22.1695041656494,33.4828681945801,0.106258779764175,48.7,50.2,55.9,22.4,12.2,23.9,34
2015-10-02,19.8847465515137,19.8879013061523,33.2987937927246,0.285556226968765,48.7,50.2,55.9,22.4,12.2,23.9,34
2015-10-03,19.5009231567383,19.500904083252,33.1399192810059,0.36542484164238,48.7,50.2,55.9,22.4,12.2,23.9,34
2015-10-04,19.3375549316406,19.3370037078857,33.0161552429199,0.399898797273636,48.7,50.2,55.9,22.4,12.2,23.9,34
2015-10-05,19.2979145050049,19.2992763519287,33.1669807434082,0.340511471033096,48.7,50.2,55.9,22.4,12.2,23.9,34
2015-10-06,19.3871059417725,19.4148731231689,33.5023536682129,0.194821059703827,48.7,50.2,55.9,22.4,12.2,23.9,34
2015-10-07,19.3980503082275,19.4512996673584,33.5454597473145,0.123659767210484,48.7,50.2,55.9,22.4,12.2,23.9,34
2015-10-08,18.3331394195557,19.5146770477295,33.599796295166,-0.00803860183805227,48.7,50.2,55.9,22.4,12.2,23.9,34
2015-10-09,18.2794532775879,19.5529727935791,33.5308113098145,0.0295572802424431,48.7,50.2,55.9,22.4,12.2,23.9,34
2015-10-10,18.2196063995361,19.3748455047607,33.4654655456543,0.0287534054368734,48.7,50.2,55.9,22.4,12.2,23.9,34
2015-10-11,17.9667491912842,18.9918308258057,33.6716270446777,0.0255302507430315,48.7,50.2,55.9,22.4,12.2,23.9,34
2015-10-12,17.9522342681885,19.0844478607178,33.7175178527832,0.0344219394028187,48.7,50.2,55.9,22.4,12.2,23.9,34
2015-10-13,17.9026184082031,19.2872982025146,33.7381210327148,0.0816905945539474,48.7,50.2,55.9,22.4,12.2,23.9,34
2015-10-14,18.7140502929688,19.1226196289062,33.4184226989746,0.0104794325307012,48.7,50.2,55.9,22.4,12.2,23.9,34
2015-10-15,18.8154029846191,18.9793949127197,33.3960647583008,-0.0804568082094193,48.7,50.2,55.9,22.4,12.2,23.9,34
2015-10-16,18.9467334747314,18.8531169891357,33.372631072998,-0.103584207594395,48.7,50.2,55.9,22.4,12.2,23.9,34
2015-10-17,18.820405960083,18.3973331451416,33.3278961181641,-0.119618199765682,48.7,50.2,55.9,22.4,12.2,23.9,34
2015-10-18,18.8359203338623,17.9792766571045,33.3396530151367,-0.191126421093941,48.7,50.2,55.9,22.4,12.2,23.9,34
2015-10-19,18.8102111816406,17.6677875518799,33.4120330810547,-0.210324421525002,48.7,50.2,55.9,22.4,12.2,23.9,34
2015-10-20,17.5412979125977,18.2011051177979,33.574535369873,-0.256523966789246,48.7,50.2,55.9,22.4,12.2,23.9,34
2015-10-21,17.7355461120605,18.1996536254883,33.5251197814941,-0.293395668268204,48.7,50.2,55.9,22.4,12.2,23.9,34
2015-10-22,17.490592956543,18.1818065643311,33.300838470459,-0.156861439347267,48.7,50.2,55.9,22.4,12.2,23.9,34
2015-10-23,16.8211002349854,17.9652843475342,33.3885726928711,-0.117975376546383,48.7,50.2,55.9,22.4,12.2,23.9,34
2015-10-24,16.8716526031494,17.7823677062988,33.5919075012207,-0.10097124427557,48.7,50.2,55.9,22.4,12.2,23.9,34
2015-10-25,16.9619064331055,17.5984020233154,33.5885887145996,-0.057350430637598,48.7,50.2,55.9,22.4,12.2,23.9,34
2015-10-26,18.188928604126,17.8451309204102,33.6238250732422,-0.153814151883125,48.7,50.2,55.9,22.4,12.2,23.9,34
2015-10-27,18.2171230316162,17.8553905487061,33.6943550109863,-0.14208947122097,48.7,50.2,55.9,22.4,12.2,23.9,34
2015-10-28,18.1902313232422,17.9499931335449,33.7559471130371,0.0463835299015045,48.7,50.2,55.9,22.4,12.2,23.9,34
2015-10-29,17.5696201324463,17.9023342132568,33.5942535400391,0.0511086769402027,48.7,50.2,55.9,22.4,12.2,23.9,34
2015-10-30,17.6087417602539,17.7536392211914,33.4762420654297,-0.152868553996086,48.7,50.2,55.9,22.4,12.2,23.9,34
2015-10-31,17.6461658477783,17.5680370330811,33.5793495178223,-0.153984561562538,48.7,50.2,55.9,22.4,12.2,23.9,34
2015-11-01,16.9896030426025,17.475061416626,33.5680389404297,-0.117707885801792,48.7,50.2,55.9,22.4,12.2,23.9,34
2015-11-02,16.9304637908936,17.3797874450684,33.5102653503418,-0.142498090863228,48.7,50.2,55.9,22.4,12.2,23.9,34
2015-11-03,16.8970489501953,17.4003601074219,33.5516014099121,-0.163962796330452,48.7,50.2,55.9,22.4,12.2,23.9,34
2015-11-04,17.3823356628418,17.5134410858154,33.5643043518066,-0.138713628053665,48.7,50.2,55.9,22.4,12.2,23.9,34
2015-11-05,17.401876449585,17.5761318206787,33.473949432373,-0.105683229863644,48.7,50.2,55.9,22.4,12.2,23.9,34
2015-11-06,17.3916511535645,17.6603221893311,33.3600730895996,-0.0914299190044403,48.7,50.2,55.9,22.4,12.2,23.9,34
2015-11-07,18.1282749176025,17.9493293762207,33.2080230712891,-0.14878922700882,48.7,50.2,55.9,22.4,12.2,23.9,34
2015-11-08,18.3613033294678,17.7015285491943,33.3491172790527,-0.255746990442276,48.7,50.2,55.9,22.4,12.2,23.9,34
2015-11-09,18.4253215789795,17.5637760162354,33.558837890625,-0.20902544260025,48.7,50.2,55.9,22.4,12.2,23.9,34
2015-11-10,18.6878147125244,17.6660671234131,33.5055084228516,0.0034872752148658,48.7,50.2,55.9,22.4,12.2,23.9,34
2015-11-11,18.5915699005127,17.3727359771729,33.2340049743652,-0.00503745675086975,48.7,50.2,55.9,22.4,12.2,23.9,34
2015-11-12,18.5048503875732,17.0278549194336,33.0828437805176,-0.00762760965153575,48.7,50.2,55.9,22.4,12.2,23.9,34
2015-11-13,18.614688873291,17.0292835235596,32.9826774597168,-0.0703588053584099,48.7,50.2,55.9,22.4,12.2,23.9,34
2015-11-14,18.8062191009521,17.10622215271,33.3298835754395,-0.291719049215317,48.7,50.2,55.9,22.4,12.2,23.9,34
2015-11-15,18.3514575958252,16.7956295013428,33.5510139465332,-0.266873091459274,48.7,50.2,55.9,22.4,12.2,23.9,34
2015-11-16,17.41868019104,16.1664981842041,33.2909088134766,-0.286013096570969,48.7,50.2,55.9,22.4,12.2,23.9,34
2015-11-17,17.3815860748291,16.0789432525635,33.3231163024902,-0.243563950061798,48.7,50.2,55.9,22.4,12.2,23.9,34
2015-11-18,17.6896057128906,16.2645130157471,33.694652557373,-0.217617630958557,48.7,50.2,55.9,22.4,12.2,23.9,34
2015-11-19,18.6369571685791,16.6149158477783,33.695255279541,-0.10129227489233,48.7,50.2,55.9,22.4,12.2,23.9,34
2015-11-20,18.5752983093262,16.6207027435303,33.6121711730957,-0.13425201177597,48.7,50.2,55.9,22.4,12.2,23.9,34
2015-11-21,18.2533473968506,16.4664707183838,33.7301750183105,-0.194060668349266,48.7,50.2,55.9,22.4,12.2,23.9,34
2015-11-22,17.6531066894531,16.1056900024414,33.6435623168945,-0.0401432141661644,48.7,50.2,55.9,22.4,12.2,23.9,34
2015-11-23,17.4133739471436,15.7162437438965,33.6592330932617,-0.14470137655735,48.7,50.2,55.9,22.4,12.2,23.9,34
2015-11-24,17.1300373077393,15.5069885253906,33.747917175293,-0.325172960758209,48.7,50.2,55.9,22.4,12.2,23.9,34
2015-11-25,16.1527729034424,15.0736951828003,33.7771224975586,-0.419429302215576,48.7,50.2,55.9,22.4,12.2,23.9,34
2015-11-26,15.738974571228,14.9871139526367,33.8916168212891,-0.344298720359802,48.7,50.2,55.9,22.4,12.2,23.9,34
2015-11-27,15.6170454025269,14.9875822067261,33.8942527770996,-0.281416684389114,48.7,50.2,55.9,22.4,12.2,23.9,34
2015-11-28,15.9891357421875,15.5293998718262,33.9356422424316,-0.214129135012627,48.7,50.2,55.9,22.4,12.2,23.9,34
2015-11-29,15.8549566268921,15.4460954666138,33.8976745605469,-0.16339311003685,48.7,50.2,55.9,22.4,12.2,23.9,34
2015-11-30,15.7177209854126,15.5944776535034,33.9860000610352,-0.105899281799793,48.7,50.2,55.9,22.4,12.2,23.9,34
2015-12-01,15.2887420654297,15.2979784011841,33.942741394043,-0.0460880286991596,48.7,50.2,55.9,22.4,12.2,23.9,34
2015-12-02,15.2631826400757,15.132025718689,33.8606071472168,-0.0500975102186203,48.7,50.2,55.9,22.4,12.2,23.9,34
2015-12-03,15.629581451416,14.9265184402466,33.7250671386719,-0.205389186739922,48.7,50.2,55.9,22.4,12.2,23.9,34
2015-12-04,14.9731302261353,14.5101556777954,33.8837242126465,-0.388712525367737,48.7,50.2,55.9,22.4,12.2,23.9,34
2015-12-05,14.8422441482544,14.2567911148071,33.8963241577148,-0.369884699583054,48.7,50.2,55.9,22.4,12.2,23.9,34
2015-12-06,14.7244577407837,14.127025604248,33.9183235168457,-0.313702046871185,48.7,50.2,55.9,22.4,12.2,23.9,34
2015-12-07,14.6602935791016,14.3636779785156,33.7860221862793,-0.197780549526215,48.7,50.2,55.9,22.4,12.2,23.9,34
2015-12-08,14.7911100387573,14.3093881607056,33.7943725585938,-0.184745386242867,48.7,50.2,55.9,22.4,12.2,23.9,34
2015-12-09,14.7849054336548,14.2255249023438,33.8067512512207,-0.134311810135841,48.7,50.2,55.9,22.4,12.2,23.9,34
2015-12-10,14.3178777694702,13.7105302810669,33.8118324279785,-0.0521203614771366,48.7,50.2,55.9,22.4,12.2,23.9,34
2015-12-11,14.2683038711548,13.7136754989624,33.7847442626953,-0.0703119859099388,48.7,50.2,55.9,22.4,12.2,23.9,34
2015-12-12,14.3788290023804,13.5852785110474,33.6659507751465,-0.10339667648077,48.7,50.2,55.9,22.4,12.2,23.9,34
2015-12-13,13.9329681396484,13.99169921875,33.6394004821777,-0.117901735007763,48.7,50.2,55.9,22.4,12.2,23.9,34
2015-12-14,14.0299882888794,14.1815185546875,33.6542015075684,-0.0256117582321167,48.7,50.2,55.9,22.4,12.2,23.9,34
2015-12-15,14.2729501724243,14.077335357666,33.586841583252,-0.0113318860530853,48.7,50.2,55.9,22.4,12.2,23.9,34
2015-12-16,14.4258422851562,14.2873125076294,33.5951728820801,-0.168878316879272,48.7,50.2,55.9,22.4,12.2,23.9,34
2015-12-17,14.3058042526245,14.2173957824707,33.5071868896484,0.063303604722023,48.7,50.2,55.9,22.4,12.2,23.9,34
2015-12-18,14.2118911743164,14.2231912612915,33.3526763916016,0.0658735111355782,48.7,50.2,55.9,22.4,12.2,23.9,34
2015-12-19,14.3267316818237,13.8559837341309,33.3597297668457,-0.243927463889122,48.7,50.2,55.9,22.4,12.2,23.9,34
2015-12-20,14.6896743774414,13.5045690536499,33.5140380859375,-0.364102602005005,48.7,50.2,55.9,22.4,12.2,23.9,34
2015-12-21,15.0378274917603,13.616096496582,33.7423820495605,-0.295071840286255,48.7,50.2,55.9,22.4,12.2,23.9,34
2015-12-22,15.3559064865112,14.0322351455688,33.8624496459961,-0.229714646935463,48.7,50.2,55.9,22.4,12.2,23.9,34
2015-12-23,15.4669198989868,14.1229963302612,33.6870803833008,-0.24446727335453,48.7,50.2,55.9,22.4,12.2,23.9,34
2015-12-24,15.352068901062,14.1689414978027,33.6188583374023,-0.221865221858025,48.7,50.2,55.9,22.4,12.2,23.9,34
2015-12-25,15.5059995651245,13.8393869400024,33.4611320495605,-0.235941722989082,48.7,50.2,55.9,22.4,12.2,23.9,34
2015-12-26,15.4172744750977,13.7267112731934,33.3870849609375,-0.211763858795166,48.7,50.2,55.9,22.4,12.2,23.9,34
2015-12-27,14.7934036254883,13.7525482177734,33.4891052246094,-0.137017726898193,48.7,50.2,55.9,22.4,12.2,23.9,34
2015-12-28,15.5329236984253,13.9708547592163,33.2202949523926,-0.227845013141632,48.7,50.2,55.9,22.4,12.2,23.9,34
2015-12-29,14.9005403518677,13.9634313583374,33.3658103942871,-0.0243928600102663,48.7,50.2,55.9,22.4,12.2,23.9,34
2015-12-30,14.7204666137695,13.8210220336914,33.2590446472168,-0.13493500649929,48.7,50.2,55.9,22.4,12.2,23.9,34
2015-12-31,14.0902481079102,14.0006017684937,33.2481651306152,-0.0508137345314026,48.7,50.2,55.9,22.4,12.2,23.9,34
2016-01-01,14.0951948165894,13.6269426345825,33.2480278015137,-0.148487687110901,48.7,50.2,55.9,22.4,12.2,23.9,34
2016-01-02,14.270263671875,13.2713766098022,33.3016815185547,-0.194377675652504,48.7,50.2,55.9,22.4,12.2,23.9,34
2016-01-03,14.2220039367676,12.8549375534058,33.3347282409668,-0.126068457961082,48.7,50.2,55.9,22.4,12.2,23.9,34
2016-01-04,14.6966285705566,12.6589851379395,33.4167213439941,-0.14740814268589,48.7,50.2,55.9,22.4,12.2,23.9,34
2016-01-05,14.7511339187622,12.4381675720215,33.6471710205078,-0.193881705403328,48.7,50.2,55.9,22.4,12.2,23.9,34
2016-01-06,14.1951370239258,12.4227857589722,33.9770469665527,-0.199911653995514,48.7,50.2,55.9,22.4,12.2,23.9,34
2016-01-07,14.1388063430786,12.2585020065308,33.9517860412598,-0.189482152462006,48.7,50.2,55.9,22.4,12.2,23.9,34
2016-01-08,14.0676603317261,12.3970518112183,34.0364112854004,-0.14366240799427,48.7,50.2,55.9,22.4,12.2,23.9,34
2016-01-09,12.6443185806274,11.6768293380737,34.0082321166992,-0.0464853942394257,48.7,50.2,55.9,22.4,12.2,23.9,34
2016-01-10,11.8890790939331,11.53160572052,33.9530334472656,0.0961530581116676,48.7,50.2,55.9,22.4,12.2,23.9,34
2016-01-11,11.7543563842773,11.3123970031738,33.9259033203125,-0.136386349797249,48.7,50.2,55.9,22.4,12.2,23.9,34
2016-01-12,11.4100255966187,11.7029647827148,33.9742164611816,-0.188506975769997,48.7,50.2,55.9,22.4,12.2,23.9,34
2016-01-13,11.7551336288452,11.1463289260864,33.9004707336426,-0.278718024492264,48.7,50.2,55.9,22.4,12.2,23.9,34
2016-01-14,12.0042543411255,10.944504737854,33.9266471862793,-0.245730981230736,48.7,50.2,55.9,22.4,12.2,23.9,34
2016-01-15,12.5549812316895,11.6405572891235,33.5304756164551,-0.144403800368309,48.7,50.2,55.9,22.4,12.2,23.9,34
2016-01-16,12.5239744186401,11.7557020187378,33.4815292358398,0.0615233592689037,48.7,50.2,55.9,22.4,12.2,23.9,34
2016-01-17,12.4611520767212,11.3991622924805,33.442440032959,-0.0422121249139309,48.7,50.2,55.9,22.4,12.2,23.9,34
2016-01-18,11.6469964981079,9.77649784088135,33.462718963623,-0.117799155414104,48.7,50.2,55.9,22.4,12.2,23.9,34
2016-01-19,10.9186182022095,9.92916965484619,33.7329788208008,-0.403933435678482,48.7,50.2,55.9,22.4,12.2,23.9,34
2016-01-20,9.86822414398193,9.81537055969238,33.9768562316895,-0.470970302820206,48.7,50.2,55.9,22.4,12.2,23.9,34
2016-01-21,9.1891679763794,9.1526517868042,33.9694480895996,-0.327363759279251,48.7,50.2,55.9,22.4,12.2,23.9,34
2016-01-22,9.13679122924805,9.09865093231201,33.9954948425293,-0.282329976558685,48.7,50.2,55.9,22.4,12.2,23.9,34
2016-01-23,9.43569660186768,9.44164085388184,34.012321472168,0.294550329446793,48.7,50.2,55.9,22.4,12.2,23.9,34
2016-01-24,9.25673770904541,9.23491191864014,33.8411979675293,0.208800300955772,48.7,50.2,55.9,22.4,12.2,23.9,34
2016-01-25,8.33473682403564,8.3367280960083,33.6037788391113,-0.0558907426893711,48.7,50.2,55.9,22.4,12.2,23.9,34
2016-01-26,8.26000690460205,8.27414703369141,33.5470771789551,-0.118338488042355,48.7,50.2,55.9,22.4,12.2,23.9,34
2016-01-27,8.62487411499023,8.62576580047607,33.5781173706055,-0.187819480895996,48.7,50.2,55.9,22.4,12.2,23.9,34
2016-01-28,8.82947826385498,8.64173698425293,33.6081428527832,-0.101246558129787,48.7,50.2,55.9,22.4,12.2,23.9,34
2016-01-29,8.9364767074585,8.6421480178833,33.6040115356445,-0.0399433895945549,48.7,50.2,55.9,22.4,12.2,23.9,34
2016-01-30,8.59375381469727,8.53273582458496,33.5409736633301,-0.211927577853203,48.7,50.2,55.9,22.4,12.2,23.9,34
2016-01-31,8.56911277770996,8.48159027099609,33.5303688049316,-0.188024803996086,48.7,50.2,55.9,22.4,12.2,23.9,34
2016-02-01,9.00815296173096,8.51157569885254,33.5267639160156,-0.179334923624992,48.7,50.2,55.9,22.4,12.2,23.9,34
2016-02-02,9.15965175628662,8.59282493591309,33.4271354675293,-0.263337701559067,48.7,50.2,55.9,22.4,12.2,23.9,34
2016-02-03,8.90150737762451,8.8145866394043,33.4967803955078,-0.211299255490303,48.7,50.2,55.9,22.4,12.2,23.9,34
2016-02-04,8.92211818695068,8.64334011077881,33.2537956237793,-0.138672694563866,48.7,50.2,55.9,22.4,12.2,23.9,34
2016-02-05,8.79207134246826,7.80132818222046,33.1532821655273,-0.201058104634285,48.7,50.2,55.9,22.4,12.2,23.9,34
2016-02-06,8.51659488677979,7.75230550765991,33.3121871948242,-0.26580423116684,48.7,50.2,55.9,22.4,12.2,23.9,34
2016-02-07,8.42701721191406,7.64561080932617,33.3179054260254,-0.155767232179642,48.7,50.2,55.9,22.4,12.2,23.9,34
2016-02-08,8.48514175415039,8.38002777099609,33.5435180664062,0.190132662653923,48.7,50.2,55.9,22.4,12.2,23.9,34
2016-02-09,8.37486743927002,8.37973690032959,33.5472869873047,0.206715151667595,48.7,50.2,55.9,22.4,12.2,23.9,34
2016-02-10,8.29070091247559,8.21305084228516,33.5229072570801,0.0490520745515823,48.7,50.2,55.9,22.4,12.2,23.9,34
2016-02-11,8.33664321899414,8.30450820922852,33.3931541442871,-0.219925567507744,48.7,50.2,55.9,22.4,12.2,23.9,34
2016-02-12,8.30504131317139,8.244704246521,33.4653396606445,-0.319744318723679,48.7,50.2,55.9,22.4,12.2,23.9,34
2016-02-13,8.40220165252686,8.31412982940674,33.5452194213867,-0.30382439494133,48.7,50.2,55.9,22.4,12.2,23.9,34
2016-02-14,6.72904443740845,6.68314123153687,33.6405220031738,-0.493657022714615,48.7,50.2,55.9,22.4,12.2,23.9,34
2016-02-15,6.51797485351562,6.49443435668945,33.6664047241211,-0.35576069355011,48.7,50.2,55.9,22.4,12.2,23.9,34
2016-02-16,6.5469913482666,6.5514349937439,33.6536598205566,-0.129105448722839,48.7,50.2,55.9,22.4,12.2,23.9,34
2016-02-17,7.7936749458313,7.68106460571289,33.5881156921387,-0.262357234954834,48.7,50.2,55.9,22.4,12.2,23.9,34
2016-02-18,7.87525129318237,7.91915702819824,33.6460914611816,-0.359049052000046,48.7,50.2,55.9,22.4,12.2,23.9,34
2016-02-19,7.91654586791992,7.93315649032593,33.6641426086426,-0.334122627973557,48.7,50.2,55.9,22.4,12.2,23.9,34
2016-02-20,7.78528642654419,7.93930435180664,33.5581245422363,-0.23249451816082,48.7,50.2,55.9,22.4,12.2,23.9,34
2016-02-21,7.91492128372192,7.53098726272583,33.3958320617676,-0.205517217516899,48.7,50.2,55.9,22.4,12.2,23.9,34
2016-02-22,7.90385055541992,7.49264764785767,33.2908973693848,-0.202902510762215,48.7,50.2,55.9,22.4,12.2,23.9,34
2016-02-23,8.05406761169434,7.65203332901001,33.6009254455566,-0.119745492935181,48.7,50.2,55.9,22.4,12.2,23.9,34
2016-02-24,7.57115173339844,7.72481679916382,33.659008026123,0.0323080457746983,48.7,50.2,55.9,22.4,12.2,23.9,34
2016-02-25,7.57359457015991,7.45629262924194,33.5327949523926,-0.0236695613712072,48.7,50.2,55.9,22.4,12.2,23.9,34
2016-02-26,9.11583042144775,7.75678634643555,33.1635475158691,-0.363054543733597,48.7,50.2,55.9,22.4,12.2,23.9,34
2016-02-27,9.15504169464111,7.04657125473022,32.9302024841309,-0.372947603464127,48.7,50.2,55.9,22.4,12.2,23.9,34
2016-02-28,8.91907787322998,7.00043535232544,32.9589195251465,-0.323996752500534,48.7,50.2,55.9,22.4,12.2,23.9,34
2016-02-29,8.70999813079834,6.71962738037109,32.894718170166,-0.287532716989517,48.7,50.2,55.9,22.4,12.2,23.9,34
2016-03-01,9.00704479217529,6.57396078109741,32.6801795959473,-0.279304087162018,48.7,50.2,55.9,22.4,12.2,23.9,34
2016-03-02,9.24851512908936,6.9565224647522,32.786247253418,-0.141271099448204,48.7,50.2,55.9,22.4,12.2,23.9,34
2016-03-03,9.75069522857666,7.86399984359741,33.1547775268555,-0.309841185808182,48.7,50.2,55.9,22.4,12.2,23.9,34
2016-03-04,9.65919494628906,8.07550048828125,33.2023506164551,-0.125697448849678,48.7,50.2,55.9,22.4,12.2,23.9,34
2016-03-05,9.00578880310059,8.33343696594238,33.2427787780762,-0.157345965504646,48.7,50.2,55.9,22.4,12.2,23.9,34
2016-03-06,9.21775150299072,8.1696834564209,33.2831115722656,-0.16497491300106,48.7,50.2,55.9,22.4,12.2,23.9,34
2016-03-07,9.20943927764893,8.21260356903076,33.2315673828125,-0.233571484684944,48.7,50.2,55.9,22.4,12.2,23.9,34
2016-03-08,9.40791511535645,8.29620552062988,33.1539573669434,-0.280201315879822,48.7,50.2,55.9,22.4,12.2,23.9,34
2016-03-09,9.42574214935303,8.17122173309326,33.1171646118164,-0.211606130003929,48.7,50.2,55.9,22.4,12.2,23.9,34
2016-03-10,9.5736665725708,8.10541439056396,32.8222694396973,-0.193160161375999,48.7,50.2,55.9,22.4,12.2,23.9,34
2016-03-11,9.78289794921875,8.21376323699951,32.4113082885742,-0.285251408815384,48.7,50.2,55.9,22.4,12.2,23.9,34
2016-03-12,9.97028350830078,9.1089506149292,32.1472930908203,-0.264354079961777,48.7,50.2,55.9,22.4,12.2,23.9,34
2016-03-13,9.7492094039917,9.243239402771,32.0423011779785,-0.232901215553284,48.7,50.2,55.9,22.4,12.2,23.9,34
2016-03-14,9.66341304779053,9.51220703125,32.2248191833496,-0.142861589789391,48.7,50.2,55.9,22.4,12.2,23.9,34
2016-03-15,9.08159160614014,8.69634628295898,31.6660385131836,-0.00299707916565239,48.7,50.2,55.9,22.4,12.2,23.9,34
2016-03-16,8.51759243011475,8.64311408996582,31.7233581542969,-0.0890583395957947,48.7,50.2,55.9,22.4,12.2,23.9,34
2016-03-17,8.39465999603271,8.74877834320068,31.4843883514404,-0.0852319896221161,48.7,50.2,55.9,22.4,12.2,23.9,34
2016-03-18,7.92549467086792,8.90715599060059,31.8254718780518,-0.161339804530144,48.7,50.2,55.9,22.4,12.2,23.9,34
2016-03-19,7.99046850204468,8.96781921386719,32.0519943237305,-0.14479310810566,48.7,50.2,55.9,22.4,12.2,23.9,34
2016-03-20,7.77630472183228,9.09999179840088,33.0447807312012,-0.053527157753706,48.7,50.2,55.9,22.4,12.2,23.9,34
2016-03-21,8.04827785491943,8.1439847946167,33.4227294921875,-0.071739137172699,48.7,50.2,55.9,22.4,12.2,23.9,34
2016-03-22,8.00369739532471,8.00387477874756,33.3792152404785,-0.285658091306686,48.7,50.2,55.9,22.4,12.2,23.9,34
2016-03-23,8.2294397354126,7.94800567626953,33.2171211242676,-0.335844904184341,48.7,50.2,55.9,22.4,12.2,23.9,34
2016-03-24,7.87151575088501,6.85561895370483,32.9154167175293,-0.308371931314468,48.7,50.2,55.9,22.4,12.2,23.9,34
2016-03-25,7.84955644607544,7.10190343856812,32.4230346679688,-0.194112583994865,48.7,50.2,55.9,22.4,12.2,23.9,34
2016-03-26,7.84219598770142,7.43478775024414,32.1135482788086,-0.261244595050812,48.7,50.2,55.9,22.4,12.2,23.9,34
2016-03-27,7.55294752120972,7.91195106506348,32.4706573486328,-0.158684313297272,48.7,50.2,55.9,22.4,12.2,23.9,34
2016-03-28,7.55341911315918,8.323486328125,32.8713569641113,-0.0169993825256824,48.7,50.2,55.9,22.4,12.2,23.9,34
2016-03-29,7.65760183334351,8.2583646774292,32.7526741027832,-0.296288520097733,48.7,50.2,55.9,22.4,12.2,23.9,34
2016-03-30,7.6487135887146,8.14431476593018,32.9019393920898,-0.446732312440872,48.7,50.2,55.9,22.4,12.2,23.9,34
2016-03-31,7.67610168457031,8.33148097991943,32.8214073181152,-0.292813688516617,48.7,50.2,55.9,22.4,12.2,23.9,34
2016-04-01,7.86009550094604,8.71549034118652,32.6297645568848,-0.188050866127014,48.7,50.2,55.9,22.4,12.2,23.9,34
2016-04-02,10.0596876144409,8.63141536712646,32.0887908935547,-0.173163399100304,48.7,50.2,55.9,22.4,12.2,23.9,34
2016-04-03,10.1883563995361,8.98253345489502,32.5721435546875,-0.339181512594223,48.7,50.2,55.9,22.4,12.2,23.9,34
2016-04-04,10.1414632797241,9.44522476196289,33.0571022033691,-0.332275897264481,48.7,50.2,55.9,22.4,12.2,23.9,34
2016-04-05,9.1461591720581,8.63904666900635,32.9391555786133,-0.287535339593887,48.7,50.2,55.9,22.4,12.2,23.9,34
2016-04-06,8.86355686187744,8.41269779205322,33.044864654541,-0.280346602201462,48.7,50.2,55.9,22.4,12.2,23.9,34
2016-04-07,8.75460910797119,8.50028610229492,33.0212364196777,-0.0699182152748108,48.7,50.2,55.9,22.4,12.2,23.9,34
2016-04-08,8.983229637146,9.08277034759521,33.0820579528809,-0.100645802915096,48.7,50.2,55.9,22.4,12.2,23.9,34
2016-04-09,9.10673236846924,9.28223514556885,33.1111335754395,-0.118840157985687,48.7,50.2,55.9,22.4,12.2,23.9,34
2016-04-10,9.14079856872559,9.10946273803711,33.1152763366699,-0.25516140460968,48.7,50.2,55.9,22.4,12.2,23.9,34
2016-04-11,9.82256031036377,8.81069660186768,33.2556228637695,-0.322887241840363,48.7,50.2,55.9,22.4,12.2,23.9,34
2016-04-12,9.90095615386963,9.15076541900635,33.277172088623,-0.22118254005909,48.7,50.2,55.9,22.4,12.2,23.9,34
2016-04-13,9.88321590423584,9.33757591247559,33.3105659484863,-0.202325463294983,48.7,50.2,55.9,22.4,12.2,23.9,34
2016-04-14,8.49523544311523,9.05714797973633,33.3657913208008,-0.209035709500313,48.7,50.2,55.9,22.4,12.2,23.9,34
2016-04-15,8.42858409881592,9.02157306671143,33.3327980041504,-0.171376943588257,48.7,50.2,55.9,22.4,12.2,23.9,34
2016-04-16,8.44481086730957,8.88982677459717,33.237232208252,-0.108687125146389,48.7,50.2,55.9,22.4,12.2,23.9,34
2016-04-17,8.01906871795654,8.73027801513672,33.2178382873535,-0.0161047670990229,48.7,50.2,55.9,22.4,12.2,23.9,34
2016-04-18,7.90688896179199,9.04601001739502,33.2510566711426,-0.02915870398283,48.7,50.2,55.9,22.4,12.2,23.9,34
2016-04-19,7.94308042526245,9.64517307281494,33.2264556884766,-0.0231113340705633,48.7,50.2,55.9,22.4,12.2,23.9,34
2016-04-20,7.88073015213013,9.95648574829102,33.1966514587402,-0.179060086607933,48.7,50.2,55.9,22.4,12.2,23.9,34
2016-04-21,7.8784384727478,10.103777885437,33.2085609436035,-0.131567016243935,48.7,50.2,55.9,22.4,12.2,23.9,34
2016-04-22,7.8978066444397,10.3053512573242,33.1660766601562,-0.121612846851349,48.7,50.2,55.9,22.4,12.2,23.9,34
2016-04-23,7.67863988876343,10.2127342224121,33.0942726135254,-0.0228758603334427,48.7,50.2,55.9,22.4,12.2,23.9,34
2016-04-24,7.6450514793396,10.361741065979,33.0927085876465,-0.0882332623004913,48.7,50.2,55.9,22.4,12.2,23.9,34
2016-04-25,7.63096046447754,10.5070390701294,33.1172065734863,-0.0401732660830021,48.7,50.2,55.9,22.4,12.2,23.9,34
2016-04-26,7.98347663879395,10.3712224960327,33.0582122802734,-0.0239135716110468,48.7,50.2,55.9,22.4,12.2,23.9,34
2016-04-27,8.02509021759033,10.8009386062622,32.951114654541,-0.0018523745238781,48.7,50.2,55.9,22.4,12.2,23.9,34
2016-04-28,7.90392065048218,10.6718626022339,32.998477935791,-0.01739008910954,48.7,50.2,55.9,22.4,12.2,23.9,34
2016-04-29,8.50835704803467,10.8067016601562,32.988826751709,-0.0218607690185308,48.7,50.2,55.9,22.4,12.2,23.9,34
2016-04-30,8.396653175354,10.7641592025757,33.0137596130371,-0.0401185043156147,48.7,50.2,55.9,22.4,12.2,23.9,34
2016-05-01,8.34409713745117,10.8533487319946,33.0542144775391,-0.0747109204530716,48.7,50.2,55.9,22.4,12.2,23.9,34
2016-05-02,8.83038425445557,11.734302520752,32.9394226074219,-0.0357626192271709,48.7,50.2,55.9,22.4,12.2,23.9,34
2016-05-03,8.79971694946289,12.2094831466675,32.7431221008301,-0.0117803066968918,48.7,50.2,55.9,22.4,12.2,23.9,34
2016-05-04,8.73752498626709,12.3943862915039,32.7027320861816,0.0299605149775743,48.7,50.2,55.9,22.4,12.2,23.9,34
2016-05-05,8.56459808349609,11.3049764633179,32.8344268798828,0.0848478004336357,48.7,50.2,55.9,22.4,12.2,23.9,34
2016-05-06,8.29434680938721,10.0319290161133,32.9400444030762,0.0794066861271858,48.7,50.2,55.9,22.4,12.2,23.9,34
2016-05-07,8.09664535522461,10.0159692764282,32.8822402954102,0.0335543416440487,48.7,50.2,55.9,22.4,12.2,23.9,34
2016-05-08,8.21595001220703,10.6794309616089,32.7895355224609,-0.0557914786040783,48.7,50.2,55.9,22.4,12.2,23.9,34
2016-05-09,8.25856399536133,11.0097818374634,32.7441329956055,-0.141913935542107,48.7,50.2,55.9,22.4,12.2,23.9,34
2016-05-10,8.32457447052002,11.5136976242065,32.7191467285156,-0.122958302497864,48.7,50.2,55.9,22.4,12.2,23.9,34
2016-05-11,8.432692527771,11.7835493087769,32.7450370788574,-0.179230019450188,48.7,50.2,55.9,22.4,12.2,23.9,34
2016-05-12,8.4865140914917,12.2488403320312,32.7700614929199,-0.126595661044121,48.7,50.2,55.9,22.4,12.2,23.9,34
2016-05-13,8.52000141143799,12.3807783126831,32.7704658508301,-0.0754663050174713,48.7,50.2,55.9,22.4,12.2,23.9,34
2016-05-14,9.6846284866333,11.8627290725708,32.6418380737305,-0.0315729640424252,48.7,50.2,55.9,22.4,12.2,23.9,34
2016-05-15,9.8092794418335,11.6704416275024,32.617977142334,-0.137006178498268,48.7,50.2,55.9,22.4,12.2,23.9,34
2016-05-16,9.99711608886719,11.3027257919312,32.7061767578125,-0.296737402677536,48.7,50.2,55.9,22.4,12.2,23.9,34
2016-05-17,9.61710929870605,12.275032043457,32.7222099304199,-0.354222655296326,48.7,50.2,55.9,22.4,12.2,23.9,34
2016-05-18,9.52907276153564,12.6989870071411,32.7094306945801,-0.223586365580559,48.7,50.2,55.9,22.4,12.2,23.9,34
2016-05-19,9.57892990112305,12.7443056106567,32.9529991149902,-0.171474635601044,48.7,50.2,55.9,22.4,12.2,23.9,34
2016-05-20,10.1986255645752,12.5278205871582,32.9275321960449,-0.224798440933228,48.7,50.2,55.9,22.4,12.2,23.9,34
2016-05-21,10.258282661438,12.6028671264648,32.914493560791,-0.11476856470108,48.7,50.2,55.9,22.4,12.2,23.9,34
2016-05-22,10.2326507568359,12.2263603210449,32.8517303466797,-0.0375658608973026,48.7,50.2,55.9,22.4,12.2,23.9,34
2016-05-23,10.1994037628174,12.224217414856,32.8069725036621,-0.0584221482276917,48.7,50.2,55.9,22.4,12.2,23.9,34
2016-05-24,10.1886224746704,12.8082618713379,32.7360725402832,-0.0648800805211067,48.7,50.2,55.9,22.4,12.2,23.9,34
2016-05-25,10.199294090271,13.3436965942383,32.6074333190918,-0.0980592370033264,48.7,50.2,55.9,22.4,12.2,23.9,34
2016-05-26,10.3175315856934,13.9878387451172,32.6474227905273,-0.196194127202034,48.7,50.2,55.9,22.4,12.2,23.9,34
2016-05-27,10.3826236724854,14.5863876342773,32.533145904541,-0.197995185852051,48.7,50.2,55.9,22.4,12.2,23.9,34
2016-05-28,10.4451837539673,15.3146619796753,32.337589263916,-0.196783885359764,48.7,50.2,55.9,22.4,12.2,23.9,34
2016-05-29,10.473240852356,17.1427192687988,32.3476715087891,-0.167136251926422,48.7,50.2,55.9,22.4,12.2,23.9,34
2016-05-30,10.471884727478,17.5607624053955,32.2804374694824,-0.0784969255328178,48.7,50.2,55.9,22.4,12.2,23.9,34
2016-05-31,10.4525709152222,18.1356754302979,31.8835010528564,-0.0756582990288734,48.7,50.2,55.9,22.4,12.2,23.9,34
2016-06-01,10.8089284896851,18.8737163543701,31.8459186553955,-0.135363787412643,48.7,50.2,55.9,22.4,12.2,23.9,34
2016-06-02,10.7826194763184,18.9677467346191,31.9809169769287,-0.0772070363163948,48.7,50.2,55.9,22.4,12.2,23.9,34
2016-06-03,10.6536874771118,19.0246295928955,32.097297668457,-0.0258404333144426,48.7,50.2,55.9,22.4,12.2,23.9,34
2016-06-04,10.0884017944336,18.6673164367676,32.0851821899414,-0.0931321084499359,48.7,50.2,55.9,22.4,12.2,23.9,34
2016-06-05,10.0722856521606,18.9326953887939,32.0395469665527,-0.0549997128546238,48.7,50.2,55.9,22.4,12.2,23.9,34
2016-06-06,10.1181163787842,18.9351005554199,31.7015686035156,-0.0141162173822522,48.7,50.2,55.9,22.4,12.2,23.9,34
2016-06-07,11.4201507568359,19.327356338501,31.5344829559326,0.0242765825241804,48.7,50.2,55.9,22.4,12.2,23.9,34
2016-06-08,11.6573028564453,19.4766235351562,31.4474811553955,-0.0258164908736944,48.7,50.2,55.9,22.4,12.2,23.9,34
2016-06-09,11.8726272583008,18.7397403717041,31.6822071075439,-0.117921255528927,48.7,50.2,55.9,22.4,12.2,23.9,34
2016-06-10,11.7775220870972,18.3589382171631,31.7879180908203,-0.154639199376106,48.7,50.2,55.9,22.4,12.2,23.9,34
2016-06-11,11.8299589157104,18.458833694458,31.8005847930908,-0.0789442285895348,48.7,50.2,55.9,22.4,12.2,23.9,34
2016-06-12,11.9188871383667,18.963903427124,31.6764984130859,-0.00680515309795737,48.7,50.2,55.9,22.4,12.2,23.9,34
2016-06-13,12.0252571105957,18.9678478240967,31.7885818481445,-0.0250122305005789,48.7,50.2,55.9,22.4,12.2,23.9,34
2016-06-14,12.025559425354,19.1216659545898,31.913553237915,-0.0610888451337814,48.7,50.2,55.9,22.4,12.2,23.9,34
2016-06-15,12.0600023269653,19.3324584960938,31.9455013275146,-0.0696041136980057,48.7,50.2,55.9,22.4,12.2,23.9,34
2016-06-16,12.4000883102417,18.9656810760498,32.0256690979004,-0.0103723965585232,48.7,50.2,55.9,22.4,12.2,23.9,34
2016-06-17,12.3459024429321,18.4548511505127,32.1435508728027,-0.045597929507494,48.7,50.2,55.9,22.4,12.2,23.9,34
2016-06-18,12.2394752502441,18.3365802764893,32.2089805603027,-0.129093617200851,48.7,50.2,55.9,22.4,12.2,23.9,34
2016-06-19,10.8027181625366,19.3642768859863,32.2581405639648,-0.165449544787407,48.7,50.2,55.9,22.4,12.2,23.9,34
2016-06-20,10.7457304000854,19.963939666748,32.2434501647949,-0.141028374433517,48.7,50.2,55.9,22.4,12.2,23.9,34
2016-06-21,10.8449029922485,20.2625160217285,32.2344779968262,-0.104618348181248,48.7,50.2,55.9,22.4,12.2,23.9,34
2016-06-22,11.7953310012817,20.4737720489502,32.1337394714355,-0.11932510137558,48.7,50.2,55.9,22.4,12.2,23.9,34
2016-06-23,11.9761047363281,20.7692813873291,32.0828437805176,-0.135391145944595,48.7,50.2,55.9,22.4,12.2,23.9,34
2016-06-24,11.9387102127075,20.8886108398438,31.9762496948242,-0.131973400712013,48.7,50.2,55.9,22.4,12.2,23.9,34
2016-06-25,12.281008720398,21.1015090942383,32.043514251709,-0.0870402753353119,48.7,50.2,55.9,22.4,12.2,23.9,34
2016-06-26,11.8476190567017,21.1403713226318,32.0537567138672,-0.126045301556587,48.7,50.2,55.9,22.4,12.2,23.9,34
2016-06-27,11.5183296203613,21.5214233398438,31.9905548095703,-0.084992803633213,48.7,50.2,55.9,22.4,12.2,23.9,34
2016-06-28,12.2585296630859,21.6316585540771,31.8748149871826,-0.0743305832147598,48.7,50.2,55.9,22.4,12.2,23.9,34
2016-06-29,12.378041267395,21.7132873535156,31.6886367797852,-0.0655643865466118,48.7,50.2,55.9,22.4,12.2,23.9,34
2016-06-30,12.4479608535767,22.0228023529053,31.5607471466064,-0.0996512174606323,48.7,50.2,55.9,22.4,12.2,23.9,34
2016-07-01,12.4514780044556,22.5453052520752,31.4884586334229,-0.122684329748154,48.7,50.2,55.9,22.4,12.2,23.9,34
2016-07-02,12.7160730361938,22.6942157745361,31.2145824432373,-0.171222150325775,48.7,50.2,55.9,22.4,12.2,23.9,34
2016-07-03,12.9450254440308,22.8377323150635,31.299108505249,-0.243777811527252,48.7,50.2,55.9,22.4,12.2,23.9,34
2016-07-04,14.112322807312,22.9498157501221,31.3326034545898,-0.221595346927643,48.7,50.2,55.9,22.4,12.2,23.9,34
2016-07-05,14.6940507888794,23.2260417938232,31.4818897247314,-0.151849687099457,48.7,50.2,55.9,22.4,12.2,23.9,34
2016-07-06,15.1896028518677,23.7783069610596,31.4005298614502,-0.150158375501633,48.7,50.2,55.9,22.4,12.2,23.9,34
2016-07-07,15.0381164550781,24.6021823883057,31.4386672973633,-0.078170895576477,48.7,50.2,55.9,22.4,12.2,23.9,34
2016-07-08,14.7170667648315,24.8418045043945,31.3833827972412,-0.0409014038741589,48.7,50.2,55.9,22.4,12.2,23.9,34
2016-07-09,13.6296186447144,25.2573413848877,31.3539752960205,0.0459904223680496,48.7,50.2,55.9,22.4,12.2,23.9,34
2016-07-10,11.7452783584595,24.2361583709717,31.4306163787842,0.0469827950000763,48.7,50.2,55.9,22.4,12.2,23.9,34
2016-07-11,11.1586990356445,24.1493015289307,31.452262878418,-0.0398371182382107,48.7,50.2,55.9,22.4,12.2,23.9,34
2016-07-12,10.8604860305786,24.2669353485107,31.5151309967041,-0.0647086799144745,48.7,50.2,55.9,22.4,12.2,23.9,34
2016-07-13,11.2143430709839,25.0265483856201,31.5077056884766,-0.113715387880802,48.7,50.2,55.9,22.4,12.2,23.9,34
2016-07-14,11.3245000839233,25.5832271575928,31.4962978363037,-0.0947720482945442,48.7,50.2,55.9,22.4,12.2,23.9,34
2016-07-15,11.3029489517212,25.996244430542,31.5160388946533,-0.0912552699446678,48.7,50.2,55.9,22.4,12.2,23.9,34
2016-07-16,12.4138746261597,25.7987461090088,31.5797805786133,-0.168863892555237,48.7,50.2,55.9,22.4,12.2,23.9,34
2016-07-17,12.6967477798462,25.7569484710693,31.5536975860596,-0.163254573941231,48.7,50.2,55.9,22.4,12.2,23.9,34
2016-07-18,12.870171546936,25.9588832855225,31.5187377929688,-0.16515551507473,48.7,50.2,55.9,22.4,12.2,23.9,34
2016-07-19,13.2179269790649,26.2844715118408,31.5773906707764,-0.133199736475945,48.7,50.2,55.9,22.4,12.2,23.9,34
2016-07-20,13.4652070999146,26.8094863891602,31.6389465332031,-0.110073931515217,48.7,50.2,55.9,22.4,12.2,23.9,34
2016-07-21,13.4639167785645,26.9103546142578,31.674280166626,-0.110914967954159,48.7,50.2,55.9,22.4,12.2,23.9,34
2016-07-22,12.8613700866699,26.7470016479492,31.788179397583,-0.105417512357235,48.7,50.2,55.9,22.4,12.2,23.9,34
2016-07-23,13.5825958251953,26.2784976959229,32.2995986938477,-0.0972029343247414,48.7,50.2,55.9,22.4,12.2,23.9,34
2016-07-24,14.0456018447876,26.5358104705811,32.4381904602051,-0.0351748764514923,48.7,50.2,55.9,22.4,12.2,23.9,34
2016-07-25,13.4779920578003,27.4350814819336,32.5234298706055,-0.0140853896737099,48.7,50.2,55.9,22.4,12.2,23.9,34
2016-07-26,13.442759513855,27.1648502349854,32.5224761962891,0.0245185140520334,48.7,50.2,55.9,22.4,12.2,23.9,34
2016-07-27,13.360426902771,27.5839996337891,32.5226707458496,0.033540565520525,48.7,50.2,55.9,22.4,12.2,23.9,34
2016-07-28,13.3566246032715,27.6802959442139,32.5241737365723,0.0294781494885683,48.7,50.2,55.9,22.4,12.2,23.9,34
2016-07-29,12.9053411483765,27.4821605682373,32.4191818237305,0.0598039142787457,48.7,50.2,55.9,22.4,12.2,23.9,34
2016-07-30,12.6332092285156,27.32350730896,32.2718620300293,-0.0166714638471603,48.7,50.2,55.9,22.4,12.2,23.9,34
2016-07-31,12.447751045227,27.30979347229,32.3326301574707,-0.0622425191104412,48.7,50.2,55.9,22.4,12.2,23.9,34
2016-08-01,12.2395868301392,27.2059154510498,32.1455879211426,-0.0452217757701874,48.7,50.2,55.9,22.4,12.2,23.9,34
2016-08-02,12.0936212539673,27.4938793182373,32.1341133117676,-0.0284902080893517,48.7,50.2,55.9,22.4,12.2,23.9,34
2016-08-03,11.6015663146973,27.0978374481201,32.021614074707,-0.0171119775623083,48.7,50.2,55.9,22.4,12.2,23.9,34
2016-08-04,11.5192680358887,26.3779010772705,31.8667621612549,0.00637912005186081,48.7,50.2,55.9,22.4,12.2,23.9,34
2016-08-05,11.5546274185181,26.1807994842529,31.8794727325439,0.0011311968555674,48.7,50.2,55.9,22.4,12.2,23.9,34
2016-08-06,11.587043762207,26.3016605377197,32.0484275817871,-0.0547056831419468,48.7,50.2,55.9,22.4,12.2,23.9,34
2016-08-07,11.6568021774292,26.409309387207,32.1413040161133,-0.0753564611077309,48.7,50.2,55.9,22.4,12.2,23.9,34
2016-08-08,11.6542539596558,26.6542415618896,32.1062965393066,-0.0666013658046722,48.7,50.2,55.9,22.4,12.2,23.9,34
2016-08-09,10.967532157898,26.9570140838623,32.0147743225098,-0.132971972227097,48.7,50.2,55.9,22.4,12.2,23.9,34
2016-08-10,11.0598993301392,27.0639476776123,32.0530662536621,-0.131314665079117,48.7,50.2,55.9,22.4,12.2,23.9,34
2016-08-11,10.9512529373169,27.2021389007568,32.0525207519531,-0.103619150817394,48.7,50.2,55.9,22.4,12.2,23.9,34
2016-08-12,11.1013946533203,27.0657501220703,32.0006904602051,-0.159202560782433,48.7,50.2,55.9,22.4,12.2,23.9,34
2016-08-13,10.8890914916992,27.255859375,32.1471366882324,-0.117866516113281,48.7,50.2,55.9,22.4,12.2,23.9,34
2016-08-14,10.7768983840942,27.6324596405029,32.1422271728516,-0.063462145626545,48.7,50.2,55.9,22.4,12.2,23.9,34
2016-08-15,10.0647211074829,27.7172393798828,32.2345695495605,-0.16173942387104,48.7,50.2,55.9,22.4,12.2,23.9,34
2016-08-16,10.2901763916016,27.8882350921631,32.2415733337402,-0.152601540088654,48.7,50.2,55.9,22.4,12.2,23.9,34
2016-08-17,10.2775621414185,27.4682846069336,32.2342414855957,-0.138856112957001,48.7,50.2,55.9,22.4,12.2,23.9,34
2016-08-18,10.6979026794434,27.2427005767822,32.1636772155762,-0.141411244869232,48.7,50.2,55.9,22.4,12.2,23.9,34
2016-08-19,10.8700723648071,27.2499923706055,32.1448402404785,-0.0672563090920448,48.7,50.2,55.9,22.4,12.2,23.9,34
2016-08-20,10.9135503768921,27.5647449493408,32.1584968566895,0.0237757917493582,48.7,50.2,55.9,22.4,12.2,23.9,34
2016-08-21,12.0866689682007,27.8305072784424,32.0150947570801,0.0659304335713387,48.7,50.2,55.9,22.4,12.2,23.9,34
2016-08-22,12.0239324569702,27.1059398651123,31.9365673065186,0.0651728883385658,48.7,50.2,55.9,22.4,12.2,23.9,34
2016-08-23,12.1000337600708,26.5806522369385,31.8921909332275,0.00398062169551849,48.7,50.2,55.9,22.4,12.2,23.9,34
2016-08-24,11.76868724823,26.2338790893555,32.0169639587402,-0.0919786915183067,48.7,50.2,55.9,22.4,12.2,23.9,34
2016-08-25,11.8059091567993,26.2097835540771,32.0760726928711,-0.0336676947772503,48.7,50.2,55.9,22.4,12.2,23.9,34
2016-08-26,11.9801321029663,25.99098777771,32.2519226074219,0.00965822488069534,48.7,50.2,55.9,22.4,12.2,23.9,34
2016-08-27,13.344952583313,26.2275905609131,32.2841606140137,-0.0392878763377666,48.7,50.2,55.9,22.4,12.2,23.9,34
2016-08-28,13.5097541809082,26.4510555267334,32.2258949279785,-0.00614086538553238,48.7,50.2,55.9,22.4,12.2,23.9,34
2016-08-29,13.4538354873657,26.3815002441406,32.1987190246582,0.0228319372981787,48.7,50.2,55.9,22.4,12.2,23.9,34
2016-08-30,11.3424139022827,26.9307250976562,32.2480201721191,-0.0477786548435688,48.7,50.2,55.9,22.4,12.2,23.9,34
2016-08-31,10.9437942504883,27.0161743164062,32.2897338867188,0.0392988882958889,48.7,50.2,55.9,22.4,12.2,23.9,34
2016-09-01,11.0401802062988,26.8950786590576,32.3126106262207,0.0994799807667732,48.7,50.2,55.9,22.4,12.2,23.9,34
2016-09-02,11.1180925369263,25.9553928375244,32.4347648620605,0.0346463359892368,48.7,50.2,55.9,22.4,12.2,23.9,34
2016-09-03,11.0909070968628,25.0389347076416,32.434814453125,0.13805378973484,48.7,50.2,55.9,22.4,12.2,23.9,34
2016-09-04,11.9835586547852,22.8930377960205,32.5146522521973,0.220732107758522,48.7,50.2,55.9,22.4,12.2,23.9,34
2016-09-05,15.1720418930054,22.6478328704834,32.905948638916,0.229520738124847,48.7,50.2,55.9,22.4,12.2,23.9,34
2016-09-06,15.2913751602173,22.8110446929932,32.8476333618164,0.150591775774956,48.7,50.2,55.9,22.4,12.2,23.9,34
2016-09-07,15.6534652709961,23.1175994873047,32.5500144958496,0.0549737028777599,48.7,50.2,55.9,22.4,12.2,23.9,34
2016-09-08,16.971212387085,23.6968994140625,32.2529067993164,-0.0167747437953949,48.7,50.2,55.9,22.4,12.2,23.9,34
2016-09-09,17.3533935546875,23.8800449371338,32.0633354187012,-0.0537929944694042,48.7,50.2,55.9,22.4,12.2,23.9,34
2016-09-10,17.2730808258057,24.0879650115967,31.9999294281006,-0.073200635612011,48.7,50.2,55.9,22.4,12.2,23.9,34
2016-09-11,15.1983222961426,23.5905055999756,32.1241874694824,-0.0597957819700241,48.7,50.2,55.9,22.4,12.2,23.9,34
2016-09-12,14.9712419509888,23.4263553619385,32.124942779541,-0.0949572548270226,48.7,50.2,55.9,22.4,12.2,23.9,34
2016-09-13,15.1851968765259,23.2382068634033,32.1580581665039,-0.117725312709808,48.7,50.2,55.9,22.4,12.2,23.9,34
2016-09-14,16.1902103424072,23.1240863800049,32.1031188964844,-0.053597629070282,48.7,50.2,55.9,22.4,12.2,23.9,34
2016-09-15,16.5188846588135,23.1181735992432,32.0912742614746,-0.040750291198492,48.7,50.2,55.9,22.4,12.2,23.9,34
2016-09-16,15.8559312820435,22.3541851043701,32.1768531799316,-0.0376648455858231,48.7,50.2,55.9,22.4,12.2,23.9,34
2016-09-17,16.5804061889648,22.2626190185547,32.5507736206055,-0.0518231131136417,48.7,50.2,55.9,22.4,12.2,23.9,34
2016-09-18,16.6355876922607,22.7429809570312,32.5593528747559,-0.0665483623743057,48.7,50.2,55.9,22.4,12.2,23.9,34
2016-09-19,16.7746315002441,23.2146987915039,32.4753150939941,-0.0491188317537308,48.7,50.2,55.9,22.4,12.2,23.9,34
2016-09-20,17.0862445831299,23.0640468597412,32.4513549804688,-0.0100113982334733,48.7,50.2,55.9,22.4,12.2,23.9,34
2016-09-21,17.0638408660889,22.8388538360596,32.474063873291,-0.00563797354698181,48.7,50.2,55.9,22.4,12.2,23.9,34
2016-09-22,16.9211044311523,22.7596664428711,32.5651016235352,0.0192831996828318,48.7,50.2,55.9,22.4,12.2,23.9,34
2016-09-23,17.3059864044189,22.7845458984375,32.6697120666504,0.0240428019315004,48.7,50.2,55.9,22.4,12.2,23.9,34
2016-09-24,17.1714477539062,22.7318286895752,32.5990104675293,0.00434683403000236,48.7,50.2,55.9,22.4,12.2,23.9,34
2016-09-25,17.5308933258057,22.0776081085205,32.4284973144531,-0.0381519459187984,48.7,50.2,55.9,22.4,12.2,23.9,34
2016-09-26,15.9416704177856,21.6004467010498,32.3041572570801,-0.0818595960736275,48.7,50.2,55.9,22.4,12.2,23.9,34
2016-09-27,15.5892362594604,21.4934253692627,32.2703590393066,-0.0333356969058514,48.7,50.2,55.9,22.4,12.2,23.9,34
2016-09-28,15.2549057006836,21.5203266143799,32.1964225769043,-0.00397042417898774,48.7,50.2,55.9,22.4,12.2,23.9,34
2016-09-29,15.4785203933716,22.0202770233154,32.3318099975586,0.105067931115627,48.7,50.2,55.9,22.4,12.2,23.9,34
2016-09-30,16.0381469726562,21.5168476104736,32.4955177307129,0.234406694769859,48.7,50.2,55.9,22.4,12.2,23.9,34
2016-10-01,17.1030750274658,20.8331985473633,32.6318855285645,0.203220501542091,48.7,50.2,55.9,22.4,12.2,23.9,34
2016-10-02,17.0356731414795,20.851957321167,32.7318458557129,0.0794294476509094,48.7,50.2,55.9,22.4,12.2,23.9,34
2016-10-03,17.449857711792,20.8248729705811,32.6124076843262,0.0240446943789721,48.7,50.2,55.9,22.4,12.2,23.9,34
2016-10-04,17.3434886932373,20.4005527496338,32.593318939209,0.048412024974823,48.7,50.2,55.9,22.4,12.2,23.9,34
2016-10-05,19.5906600952148,19.7030353546143,32.6897315979004,0.14120651781559,48.7,50.2,55.9,22.4,12.2,23.9,34
2016-10-06,19.4672050476074,19.5428256988525,32.6551704406738,0.0498806945979595,48.7,50.2,55.9,22.4,12.2,23.9,34
2016-10-07,19.3542518615723,19.5761070251465,32.6917533874512,0.0185918230563402,48.7,50.2,55.9,22.4,12.2,23.9,34
2016-10-08,16.4507064819336,20.6266269683838,32.656909942627,0.0630426555871964,48.7,50.2,55.9,22.4,12.2,23.9,34
2016-10-09,16.7192058563232,19.7449970245361,32.6060600280762,0.129946008324623,48.7,50.2,55.9,22.4,12.2,23.9,34
2016-10-10,18.4665699005127,18.4517688751221,32.6706428527832,0.0830694139003754,48.7,50.2,55.9,22.4,12.2,23.9,34
2016-10-11,18.6157932281494,18.5553913116455,33.0441474914551,-0.0184560175985098,48.7,50.2,55.9,22.4,12.2,23.9,34
2016-10-12,18.5401592254639,18.6391506195068,33.0772399902344,-0.0376359075307846,48.7,50.2,55.9,22.4,12.2,23.9,34
2016-10-13,18.5163879394531,18.7803173065186,33.0890693664551,-0.0226456224918365,48.7,50.2,55.9,22.4,12.2,23.9,34
2016-10-14,18.0582599639893,18.7384471893311,33.1726036071777,-0.0786630511283875,48.7,50.2,55.9,22.4,12.2,23.9,34
2016-10-15,18.0692291259766,18.5139617919922,33.3007850646973,-0.0874092653393745,48.7,50.2,55.9,22.4,12.2,23.9,34
2016-10-16,18.0901203155518,18.4588527679443,33.3456535339355,-0.037416584789753,48.7,50.2,55.9,22.4,12.2,23.9,34
2016-10-17,18.292085647583,18.850549697876,33.2120819091797,-0.0326532572507858,48.7,50.2,55.9,22.4,12.2,23.9,34
2016-10-18,18.338737487793,19.0676441192627,33.0216598510742,0.00630224077031016,48.7,50.2,55.9,22.4,12.2,23.9,34
2016-10-19,18.3026351928711,19.2657127380371,32.7467575073242,0.0402113869786263,48.7,50.2,55.9,22.4,12.2,23.9,34
2016-10-20,18.7699699401855,19.4679775238037,32.5567207336426,0.0689000487327576,48.7,50.2,55.9,22.4,12.2,23.9,34
2016-10-21,18.762243270874,19.6107139587402,32.4977531433105,0.186638712882996,48.7,50.2,55.9,22.4,12.2,23.9,34
2016-10-22,18.6939601898193,19.2611522674561,32.5202407836914,0.0911866724491119,48.7,50.2,55.9,22.4,12.2,23.9,34
2016-10-23,18.5153141021729,18.5748996734619,32.9189949035645,-0.183832004666328,48.7,50.2,55.9,22.4,12.2,23.9,34
2016-10-24,16.5671157836914,18.4924488067627,32.5603866577148,-0.223652645945549,48.7,50.2,55.9,22.4,12.2,23.9,34
2016-10-25,15.411208152771,18.2608623504639,32.7068748474121,-0.25832125544548,48.7,50.2,55.9,22.4,12.2,23.9,34
2016-10-26,15.1670217514038,17.5732574462891,32.9081878662109,-0.216799512505531,48.7,50.2,55.9,22.4,12.2,23.9,34
2016-10-27,15.4991579055786,17.2628574371338,33.0243453979492,-0.197229444980621,48.7,50.2,55.9,22.4,12.2,23.9,34
2016-10-28,15.4956665039062,17.108512878418,33.0223388671875,-0.161100283265114,48.7,50.2,55.9,22.4,12.2,23.9,34
2016-10-29,16.2157669067383,17.6029891967773,33.0418357849121,-0.165339067578316,48.7,50.2,55.9,22.4,12.2,23.9,34
2016-10-30,16.0018520355225,17.6485595703125,33.0005378723145,-0.121295362710953,48.7,50.2,55.9,22.4,12.2,23.9,34
2016-10-31,15.8865661621094,17.6607532501221,32.9842414855957,-0.104960978031158,48.7,50.2,55.9,22.4,12.2,23.9,34
2016-11-01,16.1016120910645,17.4480476379395,33.1236534118652,-0.116037957370281,48.7,50.2,55.9,22.4,12.2,23.9,34
2016-11-02,16.1011562347412,17.4144725799561,33.1167449951172,-0.0927033796906471,48.7,50.2,55.9,22.4,12.2,23.9,34
2016-11-03,16.0107822418213,17.4674701690674,33.0738182067871,-0.0584463737905025,48.7,50.2,55.9,22.4,12.2,23.9,34
2016-11-04,16.4307384490967,17.4102115631104,33.0410346984863,-0.0509204380214214,48.7,50.2,55.9,22.4,12.2,23.9,34
2016-11-05,16.517484664917,17.1504211425781,33.1009216308594,-0.0974386930465698,48.7,50.2,55.9,22.4,12.2,23.9,34
2016-11-06,16.5596351623535,16.9956722259521,33.0911750793457,-0.100202970206738,48.7,50.2,55.9,22.4,12.2,23.9,34
2016-11-07,16.4159412384033,16.926929473877,33.1748161315918,-0.0157192703336477,48.7,50.2,55.9,22.4,12.2,23.9,34
2016-11-08,16.5964584350586,16.6283321380615,33.1524772644043,0.0170004349201918,48.7,50.2,55.9,22.4,12.2,23.9,34
2016-11-09,16.5744876861572,16.46462059021,33.130729675293,0.0459158234298229,48.7,50.2,55.9,22.4,12.2,23.9,34
2016-11-10,16.8145275115967,16.4591064453125,33.0311050415039,0.0225731432437897,48.7,50.2,55.9,22.4,12.2,23.9,34
2016-11-11,16.7144641876221,16.310754776001,33.0719223022461,-0.0654773488640785,48.7,50.2,55.9,22.4,12.2,23.9,34
2016-11-12,16.4478321075439,16.2388458251953,33.1590538024902,-0.175546541810036,48.7,50.2,55.9,22.4,12.2,23.9,34
2016-11-13,15.5801248550415,16.0201301574707,33.2381172180176,-0.186997577548027,48.7,50.2,55.9,22.4,12.2,23.9,34
2016-11-14,15.6340074539185,15.8959054946899,33.2929039001465,-0.202394858002663,48.7,50.2,55.9,22.4,12.2,23.9,34
2016-11-15,15.714503288269,15.8468885421753,33.2968864440918,-0.10338281840086,48.7,50.2,55.9,22.4,12.2,23.9,34
2016-11-16,16.0987014770508,15.697003364563,33.2129669189453,-0.0409083925187588,48.7,50.2,55.9,22.4,12.2,23.9,34
2016-11-17,16.0080165863037,15.6110525131226,33.1798362731934,-0.103728659451008,48.7,50.2,55.9,22.4,12.2,23.9,34
2016-11-18,15.7724885940552,15.5492525100708,33.211986541748,-0.0860321521759033,48.7,50.2,55.9,22.4,12.2,23.9,34
2016-11-19,15.4669370651245,15.4516639709473,33.1494636535645,0.00508647551760077,48.7,50.2,55.9,22.4,12.2,23.9,34
2016-11-20,15.3798866271973,15.3280420303345,33.1755790710449,-0.0960873365402222,48.7,50.2,55.9,22.4,12.2,23.9,34
2016-11-21,15.0447912216187,14.9892082214355,33.2827415466309,-0.34137162566185,48.7,50.2,55.9,22.4,12.2,23.9,34
2016-11-22,15.3349561691284,14.9428606033325,33.5533866882324,-0.402989059686661,48.7,50.2,55.9,22.4,12.2,23.9,34
2016-11-23,15.7038879394531,14.6983766555786,33.6234436035156,-0.331652492284775,48.7,50.2,55.9,22.4,12.2,23.9,34
2016-11-24,15.521969795227,14.5144643783569,33.6338691711426,-0.223503708839417,48.7,50.2,55.9,22.4,12.2,23.9,34
2016-11-25,15.1460008621216,13.8735437393188,33.5095596313477,-0.107798971235752,48.7,50.2,55.9,22.4,12.2,23.9,34
2016-11-26,14.5773210525513,14.0397462844849,33.5311470031738,-0.0495408624410629,48.7,50.2,55.9,22.4,12.2,23.9,34
2016-11-27,14.3915863037109,14.0643224716187,33.6340827941895,-0.0972248688340187,48.7,50.2,55.9,22.4,12.2,23.9,34
2016-11-28,13.9882745742798,13.7184858322144,33.6514549255371,-0.153809651732445,48.7,50.2,55.9,22.4,12.2,23.9,34
2016-11-29,13.8680839538574,13.7444086074829,33.6756324768066,-0.0984344184398651,48.7,50.2,55.9,22.4,12.2,23.9,34
2016-11-30,14.2496757507324,13.7325162887573,33.5618286132812,0.00279066269285977,48.7,50.2,55.9,22.4,12.2,23.9,34
2016-12-01,14.8541059494019,13.9188394546509,33.4213447570801,0.0340319611132145,48.7,50.2,55.9,22.4,12.2,23.9,34
2016-12-02,14.8102350234985,13.858696937561,33.4768333435059,-0.0939869657158852,48.7,50.2,55.9,22.4,12.2,23.9,34
2016-12-03,14.7617034912109,13.7737121582031,33.5593719482422,-0.193785086274147,48.7,50.2,55.9,22.4,12.2,23.9,34
2016-12-04,13.6814489364624,13.3064527511597,33.5213241577148,-0.193625509738922,48.7,50.2,55.9,22.4,12.2,23.9,34
2016-12-05,13.3042373657227,13.052638053894,33.4295997619629,-0.0297936722636223,48.7,50.2,55.9,22.4,12.2,23.9,34
2016-12-06,13.2364053726196,13.1167726516724,33.54345703125,0.0269881393760443,48.7,50.2,55.9,22.4,12.2,23.9,34
2016-12-07,12.9933481216431,13.0503807067871,33.5796241760254,0.137881621718407,48.7,50.2,55.9,22.4,12.2,23.9,34
2016-12-08,12.9119806289673,12.8704719543457,33.5196380615234,0.00793130416423082,48.7,50.2,55.9,22.4,12.2,23.9,34
2016-12-09,12.6991167068481,12.6485404968262,33.5238609313965,-0.148252084851265,48.7,50.2,55.9,22.4,12.2,23.9,34
2016-12-10,12.4432382583618,12.3893327713013,33.4944648742676,-0.280598789453506,48.7,50.2,55.9,22.4,12.2,23.9,34
2016-12-11,12.2753858566284,12.2408647537231,33.524829864502,-0.261489421129227,48.7,50.2,55.9,22.4,12.2,23.9,34
2016-12-12,12.3217124938965,12.2892827987671,33.5758018493652,-0.0614422149956226,48.7,50.2,55.9,22.4,12.2,23.9,34
2016-12-13,12.6280336380005,12.7051038742065,33.6126480102539,-0.189082428812981,48.7,50.2,55.9,22.4,12.2,23.9,34
2016-12-14,12.6910848617554,12.6735582351685,33.659366607666,-0.0853643044829369,48.7,50.2,55.9,22.4,12.2,23.9,34
2016-12-15,12.6277341842651,12.5617074966431,33.7023963928223,-0.171528115868568,48.7,50.2,55.9,22.4,12.2,23.9,34
2016-12-16,12.014705657959,11.9598770141602,33.8110694885254,-0.439979463815689,48.7,50.2,55.9,22.4,12.2,23.9,34
2016-12-17,11.8106260299683,11.7469625473022,33.7483177185059,-0.231911465525627,48.7,50.2,55.9,22.4,12.2,23.9,34
2016-12-18,12.0755462646484,11.4907989501953,33.5909652709961,-0.19920726120472,48.7,50.2,55.9,22.4,12.2,23.9,34
2016-12-19,12.0898160934448,11.5450963973999,33.833797454834,-0.303115129470825,48.7,50.2,55.9,22.4,12.2,23.9,34
2016-12-20,11.8309755325317,11.8498315811157,34.0636024475098,-0.187911197543144,48.7,50.2,55.9,22.4,12.2,23.9,34
2016-12-21,11.7794389724731,11.7321577072144,34.0450172424316,-0.14172337949276,48.7,50.2,55.9,22.4,12.2,23.9,34
2016-12-22,11.9746437072754,11.8821992874146,34.1040306091309,-0.160795852541924,48.7,50.2,55.9,22.4,12.2,23.9,34
2016-12-23,11.7587366104126,11.624119758606,34.0510444641113,-0.310935318470001,48.7,50.2,55.9,22.4,12.2,23.9,34
2016-12-24,11.7482633590698,11.5734987258911,34.0526580810547,-0.223911300301552,48.7,50.2,55.9,22.4,12.2,23.9,34
2016-12-25,11.6000480651855,11.1797828674316,34.0982666015625,-0.362250417470932,48.7,50.2,55.9,22.4,12.2,23.9,34
2016-12-26,11.5228614807129,11.3145065307617,34.1930999755859,-0.256306827068329,48.7,50.2,55.9,22.4,12.2,23.9,34
2016-12-27,11.4727430343628,11.2841339111328,34.1474609375,-0.170691430568695,48.7,50.2,55.9,22.4,12.2,23.9,34
2016-12-28,11.8518686294556,11.1626777648926,34.0010566711426,-0.281923562288284,48.7,50.2,55.9,22.4,12.2,23.9,34
2016-12-29,11.860668182373,11.0956735610962,34.0149116516113,-0.122081153094769,48.7,50.2,55.9,22.4,12.2,23.9,34
2016-12-30,11.9359426498413,10.8573007583618,33.9646034240723,-0.226984620094299,48.7,50.2,55.9,22.4,12.2,23.9,34
2016-12-31,11.8504629135132,11.1631555557251,33.998950958252,-0.365368962287903,48.7,50.2,55.9,22.4,12.2,23.9,34
2017-01-01,12.3292856216431,10.3842916488647,33.7180480957031,-0.353312700986862,48.7,50.2,55.9,22.4,12.2,23.9,34
2017-01-02,12.3014078140259,10.1639566421509,33.6694641113281,-0.222910985350609,48.7,50.2,55.9,22.4,12.2,23.9,34
2017-01-03,11.510139465332,10.662917137146,34.0243263244629,0.0344100184738636,48.7,50.2,55.9,22.4,12.2,23.9,34
2017-01-04,10.9483327865601,10.4230451583862,33.8775444030762,-0.0027734711766243,48.7,50.2,55.9,22.4,12.2,23.9,34
2017-01-05,11.1238670349121,10.2507562637329,33.881103515625,-0.199642404913902,48.7,50.2,55.9,22.4,12.2,23.9,34
2017-01-06,11.184365272522,10.128363609314,33.9878120422363,-0.183332249522209,48.7,50.2,55.9,22.4,12.2,23.9,34
2017-01-07,10.8021440505981,9.99307250976562,33.9746513366699,-0.175790920853615,48.7,50.2,55.9,22.4,12.2,23.9,34
2017-01-08,9.88309478759766,9.82127285003662,33.9572792053223,-0.29312852025032,48.7,50.2,55.9,22.4,12.2,23.9,34
2017-01-09,9.70053768157959,9.65381336212158,34.0177421569824,-0.417948633432388,48.7,50.2,55.9,22.4,12.2,23.9,34
2017-01-10,9.57462692260742,9.55723857879639,34.0223083496094,-0.382887035608292,48.7,50.2,55.9,22.4,12.2,23.9,34
2017-01-11,9.64435863494873,9.55697536468506,34.0099182128906,-0.32753375172615,48.7,50.2,55.9,22.4,12.2,23.9,34
2017-01-12,9.58803462982178,10.7379751205444,33.9402503967285,-0.377093076705933,48.7,50.2,55.9,22.4,12.2,23.9,34
2017-01-13,10.0136461257935,10.0706586837769,33.6572265625,-0.488224864006042,48.7,50.2,55.9,22.4,12.2,23.9,34
2017-01-14,10.0736074447632,9.89788246154785,33.6564178466797,-0.425085037946701,48.7,50.2,55.9,22.4,12.2,23.9,34
2017-01-15,10.1092729568481,9.27632427215576,33.7416954040527,-0.333557218313217,48.7,50.2,55.9,22.4,12.2,23.9,34
2017-01-16,10.163743019104,9.35785961151123,33.8261833190918,-0.293025344610214,48.7,50.2,55.9,22.4,12.2,23.9,34
2017-01-17,10.1632947921753,9.34916591644287,33.8129539489746,-0.210966095328331,48.7,50.2,55.9,22.4,12.2,23.9,34
2017-01-18,10.1467428207397,9.94609069824219,33.744441986084,-0.150830775499344,48.7,50.2,55.9,22.4,12.2,23.9,34
2017-01-19,9.92916965484619,9.97493553161621,33.7163429260254,-0.0967066884040833,48.7,50.2,55.9,22.4,12.2,23.9,34
2017-01-20,9.83252048492432,9.883131980896,33.7332725524902,-0.109898827970028,48.7,50.2,55.9,22.4,12.2,23.9,34
2017-01-21,9.81086158752441,10.2571401596069,33.6500511169434,-0.131827682256699,48.7,50.2,55.9,22.4,12.2,23.9,34
2017-01-22,9.80442428588867,10.4129858016968,33.585147857666,-0.067105732858181,48.7,50.2,55.9,22.4,12.2,23.9,34
2017-01-23,9.66501522064209,10.4591817855835,33.7617149353027,0.205077946186066,48.7,50.2,55.9,22.4,12.2,23.9,34
2017-01-24,8.63479328155518,8.61923313140869,33.767032623291,0.306038230657578,48.7,50.2,55.9,22.4,12.2,23.9,34
2017-01-25,7.93682241439819,7.91818237304688,33.5366477966309,-0.043060127645731,48.7,50.2,55.9,22.4,12.2,23.9,34
2017-01-26,7.85738563537598,7.76474618911743,33.483829498291,-0.0765182748436928,48.7,50.2,55.9,22.4,12.2,23.9,34
2017-01-27,7.84886693954468,8.34228420257568,33.417797088623,-0.307479709386826,48.7,50.2,55.9,22.4,12.2,23.9,34
2017-01-28,8.49346446990967,8.07661724090576,33.2553062438965,-0.409889847040176,48.7,50.2,55.9,22.4,12.2,23.9,34
2017-01-29,9.28371047973633,7.5302882194519,32.9239730834961,-0.301166892051697,48.7,50.2,55.9,22.4,12.2,23.9,34
2017-01-30,9.19757556915283,8.15157413482666,33.0768432617188,-0.228921100497246,48.7,50.2,55.9,22.4,12.2,23.9,34
2017-01-31,9.30931377410889,7.93110704421997,33.1359977722168,-0.287643194198608,48.7,50.2,55.9,22.4,12.2,23.9,34
2017-02-01,9.44444847106934,7.95289468765259,33.211799621582,-0.260842114686966,48.7,50.2,55.9,22.4,12.2,23.9,34
2017-02-02,9.68994235992432,8.9029541015625,33.1061477661133,-0.278005391359329,48.7,50.2,55.9,22.4,12.2,23.9,34
2017-02-03,9.75451564788818,8.77992153167725,33.1373825073242,-0.259923070669174,48.7,50.2,55.9,22.4,12.2,23.9,34
2017-02-04,9.71529197692871,8.46734237670898,33.2346954345703,-0.331198990345001,48.7,50.2,55.9,22.4,12.2,23.9,34
2017-02-05,9.3910026550293,8.26787662506104,33.4576148986816,-0.312783807516098,48.7,50.2,55.9,22.4,12.2,23.9,34
2017-02-06,9.58477878570557,8.30583095550537,33.4791145324707,-0.362197548151016,48.7,50.2,55.9,22.4,12.2,23.9,34
2017-02-07,9.61336517333984,8.3920955657959,33.493579864502,-0.263703286647797,48.7,50.2,55.9,22.4,12.2,23.9,34
2017-02-08,9.5508222579956,7.62223768234253,33.5943717956543,-0.127179503440857,48.7,50.2,55.9,22.4,12.2,23.9,34
2017-02-09,9.4627046585083,7.42039346694946,33.4777183532715,-0.130808845162392,48.7,50.2,55.9,22.4,12.2,23.9,34
2017-02-10,8.74315929412842,7.21247434616089,33.4255981445312,-0.371687740087509,48.7,50.2,55.9,22.4,12.2,23.9,34
2017-02-11,8.53715515136719,7.48583555221558,33.3237037658691,-0.336924821138382,48.7,50.2,55.9,22.4,12.2,23.9,34
2017-02-12,8.83015823364258,7.71428728103638,33.414623260498,-0.134160399436951,48.7,50.2,55.9,22.4,12.2,23.9,34
2017-02-13,8.96773624420166,7.43700265884399,33.3484039306641,-0.206244572997093,48.7,50.2,55.9,22.4,12.2,23.9,34
2017-02-14,7.48550415039062,6.63394212722778,33.6295928955078,-0.247870922088623,48.7,50.2,55.9,22.4,12.2,23.9,34
2017-02-15,6.78441858291626,6.16950750350952,33.4183311462402,0.0247433427721262,48.7,50.2,55.9,22.4,12.2,23.9,34
2017-02-16,7.05340385437012,6.22558975219727,33.4692306518555,-0.152075231075287,48.7,50.2,55.9,22.4,12.2,23.9,34
2017-02-17,6.62187194824219,5.92148351669312,33.5106925964355,-0.223338648676872,48.7,50.2,55.9,22.4,12.2,23.9,34
2017-02-18,6.20230531692505,6.11451482772827,33.6274642944336,-0.242165088653564,48.7,50.2,55.9,22.4,12.2,23.9,34
2017-02-19,6.295654296875,6.4096794128418,33.7085494995117,-0.222212001681328,48.7,50.2,55.9,22.4,12.2,23.9,34
2017-02-20,6.35794448852539,7.46379327774048,33.7275848388672,-0.287472069263458,48.7,50.2,55.9,22.4,12.2,23.9,34
2017-02-21,6.34856653213501,7.49663925170898,33.6931571960449,-0.209096446633339,48.7,50.2,55.9,22.4,12.2,23.9,34
2017-02-22,6.43828582763672,7.57910966873169,33.597957611084,-0.180565550923347,48.7,50.2,55.9,22.4,12.2,23.9,34
2017-02-23,6.43788194656372,7.11861753463745,33.5835189819336,-0.184808805584908,48.7,50.2,55.9,22.4,12.2,23.9,34
2017-02-24,6.49526643753052,7.29063081741333,33.5628623962402,-0.177842974662781,48.7,50.2,55.9,22.4,12.2,23.9,34
2017-02-25,6.48932647705078,7.43427085876465,33.4799537658691,-0.0981959030032158,48.7,50.2,55.9,22.4,12.2,23.9,34
2017-02-26,6.83211278915405,7.11675262451172,33.4537315368652,-0.266377300024033,48.7,50.2,55.9,22.4,12.2,23.9,34
2017-02-27,6.9332423210144,7.00307273864746,33.5075378417969,-0.371153801679611,48.7,50.2,55.9,22.4,12.2,23.9,34
2017-02-28,7.0220103263855,7.29016160964966,33.5280570983887,-0.262721568346024,48.7,50.2,55.9,22.4,12.2,23.9,34
2017-03-01,6.94858503341675,7.88686752319336,33.5698089599609,-0.146560192108154,48.7,50.2,55.9,22.4,12.2,23.9,34
2017-03-02,7.51066160202026,7.8606162071228,33.4636116027832,-0.321138054132462,48.7,50.2,55.9,22.4,12.2,23.9,34
2017-03-03,7.73378705978394,7.65915107727051,33.5124092102051,-0.456636041402817,48.7,50.2,55.9,22.4,12.2,23.9,34
2017-03-04,7.53472757339478,7.14544534683228,33.5244178771973,-0.475512892007828,48.7,50.2,55.9,22.4,12.2,23.9,34
2017-03-05,7.4920392036438,7.0034556388855,33.5660934448242,-0.45187845826149,48.7,50.2,55.9,22.4,12.2,23.9,34
2017-03-06,7.57881546020508,7.04865646362305,33.6678199768066,-0.343775361776352,48.7,50.2,55.9,22.4,12.2,23.9,34
2017-03-07,7.80272626876831,7.64261960983276,33.8549613952637,-0.240769311785698,48.7,50.2,55.9,22.4,12.2,23.9,34
2017-03-08,7.94099378585815,7.59778594970703,33.5700263977051,-0.217355489730835,48.7,50.2,55.9,22.4,12.2,23.9,34
2017-03-09,8.32926082611084,7.59877824783325,33.4849891662598,-0.30867525935173,48.7,50.2,55.9,22.4,12.2,23.9,34
2017-03-10,9.11996555328369,8.12947845458984,33.6163520812988,-0.206233218312263,48.7,50.2,55.9,22.4,12.2,23.9,34
2017-03-11,9.0261116027832,7.93718767166138,33.5824012756348,-0.384490609169006,48.7,50.2,55.9,22.4,12.2,23.9,34
2017-03-12,9.02472972869873,7.92621231079102,33.7192077636719,-0.437865167856216,48.7,50.2,55.9,22.4,12.2,23.9,34
2017-03-13,8.01887607574463,7.94563245773315,33.8945960998535,-0.434589624404907,48.7,50.2,55.9,22.4,12.2,23.9,34
2017-03-14,8.00622081756592,8.00680828094482,33.9110488891602,0.00500133354216814,48.7,50.2,55.9,22.4,12.2,23.9,34
2017-03-15,7.70298957824707,7.64560651779175,33.8379058837891,-0.285438269376755,48.7,50.2,55.9,22.4,12.2,23.9,34
2017-03-16,6.92739629745483,7.06669425964355,33.9620552062988,-0.504075229167938,48.7,50.2,55.9,22.4,12.2,23.9,34
2017-03-17,6.7115912437439,6.70878076553345,33.840274810791,-0.475062280893326,48.7,50.2,55.9,22.4,12.2,23.9,34
2017-03-18,6.90084266662598,6.86053466796875,33.8510131835938,-0.26108929514885,48.7,50.2,55.9,22.4,12.2,23.9,34
2017-03-19,6.75790977478027,6.6746096611023,33.9361915588379,-0.0336033664643764,48.7,50.2,55.9,22.4,12.2,23.9,34
2017-03-20,6.67702102661133,6.72650146484375,33.9622611999512,-0.0814665779471397,48.7,50.2,55.9,22.4,12.2,23.9,34
2017-03-21,6.47585725784302,6.53752517700195,33.9155807495117,-0.107034780085087,48.7,50.2,55.9,22.4,12.2,23.9,34
2017-03-22,5.55521249771118,6.38393259048462,33.9418907165527,-0.19542969763279,48.7,50.2,55.9,22.4,12.2,23.9,34
2017-03-23,5.67575407028198,6.09267854690552,34.0436172485352,-0.395302921533585,48.7,50.2,55.9,22.4,12.2,23.9,34
2017-03-24,6.00236177444458,6.21073341369629,34.0639686584473,-0.392105013132095,48.7,50.2,55.9,22.4,12.2,23.9,34
2017-03-25,6.74485445022583,6.62442970275879,33.8356437683105,-0.378752708435059,48.7,50.2,55.9,22.4,12.2,23.9,34
2017-03-26,6.82019758224487,7.03042984008789,33.7847633361816,-0.318688452243805,48.7,50.2,55.9,22.4,12.2,23.9,34
2017-03-27,6.78801584243774,7.24968528747559,33.902587890625,-0.247781619429588,48.7,50.2,55.9,22.4,12.2,23.9,34
2017-03-28,7.12518167495728,6.9648494720459,33.6916847229004,-0.170565187931061,48.7,50.2,55.9,22.4,12.2,23.9,34
2017-03-29,7.03829717636108,6.91330575942993,33.4553489685059,-0.176820918917656,48.7,50.2,55.9,22.4,12.2,23.9,34
2017-03-30,6.65337944030762,6.93677854537964,33.5241851806641,-0.216836512088776,48.7,50.2,55.9,22.4,12.2,23.9,34
2017-03-31,5.99872398376465,6.89217329025269,33.6106452941895,-0.0752759128808975,48.7,50.2,55.9,22.4,12.2,23.9,34
2017-04-01,5.90417337417603,6.82708501815796,33.3649711608887,0.0282503068447113,48.7,50.2,55.9,22.4,12.2,23.9,34
2017-04-02,5.62832689285278,6.50862073898315,33.4828758239746,-0.0908864215016365,48.7,50.2,55.9,22.4,12.2,23.9,34
2017-04-03,5.42501020431519,6.03938055038452,33.4721527099609,-0.0869137421250343,48.7,50.2,55.9,22.4,12.2,23.9,34
2017-04-04,5.35919618606567,6.34403228759766,33.4001655578613,0.0443102829158306,48.7,50.2,55.9,22.4,12.2,23.9,34
2017-04-05,5.36297845840454,6.72146606445312,33.2686424255371,-0.000542174850124866,48.7,50.2,55.9,22.4,12.2,23.9,34
2017-04-06,6.56048631668091,6.7948727607727,33.2726058959961,0.125038743019104,48.7,50.2,55.9,22.4,12.2,23.9,34
2017-04-07,6.88463830947876,7.14736747741699,33.1052436828613,0.0852729305624962,48.7,50.2,55.9,22.4,12.2,23.9,34
2017-04-08,7.20165395736694,7.33790159225464,33.1020545959473,-0.158502027392387,48.7,50.2,55.9,22.4,12.2,23.9,34
2017-04-09,7.4394211769104,7.30621385574341,33.0802764892578,-0.258623540401459,48.7,50.2,55.9,22.4,12.2,23.9,34
2017-04-10,7.5457501411438,7.67497444152832,33.0174140930176,-0.278899103403091,48.7,50.2,55.9,22.4,12.2,23.9,34
2017-04-11,7.72996664047241,7.95176124572754,32.9094200134277,-0.287218421697617,48.7,50.2,55.9,22.4,12.2,23.9,34
2017-04-12,8.14856147766113,8.60474872589111,32.8481979370117,-0.260996669530869,48.7,50.2,55.9,22.4,12.2,23.9,34
2017-04-13,8.2433557510376,9.07180976867676,32.847225189209,-0.247737348079681,48.7,50.2,55.9,22.4,12.2,23.9,34
2017-04-14,8.14842319488525,9.22960186004639,32.8576774597168,-0.231196776032448,48.7,50.2,55.9,22.4,12.2,23.9,34
2017-04-15,8.16287612915039,9.6690263748169,32.863697052002,-0.227409735321999,48.7,50.2,55.9,22.4,12.2,23.9,34
2017-04-16,8.21747303009033,9.86060428619385,32.893440246582,-0.194928169250488,48.7,50.2,55.9,22.4,12.2,23.9,34
2017-04-17,8.56482791900635,10.5915651321411,32.9317169189453,-0.233492806553841,48.7,50.2,55.9,22.4,12.2,23.9,34
2017-04-18,8.86468982696533,11.0273694992065,32.8995552062988,-0.203756392002106,48.7,50.2,55.9,22.4,12.2,23.9,34
2017-04-19,8.52117252349854,10.9438047409058,32.9148979187012,-0.168237388134003,48.7,50.2,55.9,22.4,12.2,23.9,34
2017-04-20,8.23280239105225,11.2301340103149,32.9143486022949,-0.0922142341732979,48.7,50.2,55.9,22.4,12.2,23.9,34
2017-04-21,8.22982692718506,11.7021436691284,33.0134658813477,-0.0538136959075928,48.7,50.2,55.9,22.4,12.2,23.9,34
2017-04-22,7.80578184127808,11.6172800064087,32.9913940429688,-0.0362219884991646,48.7,50.2,55.9,22.4,12.2,23.9,34
2017-04-23,7.36061716079712,11.4645166397095,32.9280433654785,-0.13894248008728,48.7,50.2,55.9,22.4,12.2,23.9,34
2017-04-24,7.3058910369873,11.5283536911011,32.9512596130371,-0.122868619859219,48.7,50.2,55.9,22.4,12.2,23.9,34
2017-04-25,7.12702226638794,11.4824151992798,33.0460739135742,-0.00824567675590515,48.7,50.2,55.9,22.4,12.2,23.9,34
2017-04-26,7.12121343612671,11.3797760009766,33.098316192627,0.00166131311561912,48.7,50.2,55.9,22.4,12.2,23.9,34
2017-04-27,7.20675611495972,12.2620811462402,33.1165580749512,-0.124444164335728,48.7,50.2,55.9,22.4,12.2,23.9,34
2017-04-28,7.2657961845398,12.4836912155151,32.986759185791,-0.207848608493805,48.7,50.2,55.9,22.4,12.2,23.9,34
2017-04-29,7.29835939407349,12.777174949646,32.7024879455566,-0.223910331726074,48.7,50.2,55.9,22.4,12.2,23.9,34
2017-04-30,7.6747555732727,12.7184362411499,32.1665420532227,-0.198238551616669,48.7,50.2,55.9,22.4,12.2,23.9,34
2017-05-01,7.57564306259155,12.8433179855347,31.8406963348389,-0.124535016715527,48.7,50.2,55.9,22.4,12.2,23.9,34
2017-05-02,7.73273706436157,12.877329826355,31.7101135253906,-0.114105008542538,48.7,50.2,55.9,22.4,12.2,23.9,34
2017-05-03,8.50297451019287,13.1944169998169,31.8516674041748,-0.132343590259552,48.7,50.2,55.9,22.4,12.2,23.9,34
2017-05-04,8.54377460479736,13.5616149902344,31.8812160491943,-0.17610003054142,48.7,50.2,55.9,22.4,12.2,23.9,34
2017-05-05,8.28567695617676,13.7964601516724,31.9117603302002,-0.0174839980900288,48.7,50.2,55.9,22.4,12.2,23.9,34
2017-05-06,8.30935192108154,13.0630264282227,32.1502876281738,0.0483658015727997,48.7,50.2,55.9,22.4,12.2,23.9,34
2017-05-07,8.20239543914795,13.1147375106812,32.2718200683594,-0.0443081595003605,48.7,50.2,55.9,22.4,12.2,23.9,34
2017-05-08,8.06817150115967,13.21337890625,32.3237037658691,-0.129083096981049,48.7,50.2,55.9,22.4,12.2,23.9,34
2017-05-09,7.53299522399902,13.6578493118286,32.464527130127,-0.14630451798439,48.7,50.2,55.9,22.4,12.2,23.9,34
2017-05-10,7.37616014480591,14.0722045898438,32.492488861084,-0.114051163196564,48.7,50.2,55.9,22.4,12.2,23.9,34
2017-05-11,7.22316884994507,14.1240339279175,32.5577392578125,-0.0424727201461792,48.7,50.2,55.9,22.4,12.2,23.9,34
2017-05-12,7.81475400924683,13.4710464477539,32.7089157104492,-0.00574702816084027,48.7,50.2,55.9,22.4,12.2,23.9,34
2017-05-13,7.55426263809204,13.264533996582,32.8302307128906,0.117420397698879,48.7,50.2,55.9,22.4,12.2,23.9,34
2017-05-14,7.32492399215698,12.1815214157104,32.963451385498,0.0945916846394539,48.7,50.2,55.9,22.4,12.2,23.9,34
2017-05-15,7.40463066101074,12.3265562057495,32.9467849731445,-0.0531607568264008,48.7,50.2,55.9,22.4,12.2,23.9,34
2017-05-16,7.50119972229004,12.7999877929688,32.9308090209961,-0.141665682196617,48.7,50.2,55.9,22.4,12.2,23.9,34
2017-05-17,7.54762315750122,13.4064445495605,32.8437919616699,-0.140861853957176,48.7,50.2,55.9,22.4,12.2,23.9,34
2017-05-18,8.02346611022949,14.309100151062,32.7291374206543,-0.158257409930229,48.7,50.2,55.9,22.4,12.2,23.9,34
2017-05-19,8.02272033691406,15.3542623519897,31.8652667999268,-0.179181411862373,48.7,50.2,55.9,22.4,12.2,23.9,34
2017-05-20,8.07910537719727,15.6258354187012,31.7943782806396,-0.135254219174385,48.7,50.2,55.9,22.4,12.2,23.9,34
2017-05-21,7.22354459762573,13.4532670974731,32.8445472717285,-0.174192771315575,48.7,50.2,55.9,22.4,12.2,23.9,34
2017-05-22,7.12895011901855,13.3773908615112,32.9166488647461,-0.147348374128342,48.7,50.2,55.9,22.4,12.2,23.9,34
2017-05-23,7.13705778121948,13.6756067276001,32.8979949951172,-0.0869353786110878,48.7,50.2,55.9,22.4,12.2,23.9,34
2017-05-24,7.80432271957397,13.9508600234985,32.9588317871094,-0.00527395540848374,48.7,50.2,55.9,22.4,12.2,23.9,34
2017-05-25,7.99696779251099,13.885498046875,32.9775810241699,0.0409471169114113,48.7,50.2,55.9,22.4,12.2,23.9,34
2017-05-26,8.16092777252197,14.0826263427734,32.799976348877,-0.0573978461325169,48.7,50.2,55.9,22.4,12.2,23.9,34
2017-05-27,8.38322448730469,14.5746965408325,32.6846199035645,-0.102887056767941,48.7,50.2,55.9,22.4,12.2,23.9,34
2017-05-28,8.45674705505371,15.0581130981445,32.653751373291,-0.0140547631308436,48.7,50.2,55.9,22.4,12.2,23.9,34
2017-05-29,8.51694869995117,15.3474130630493,32.5794486999512,0.0287570301443338,48.7,50.2,55.9,22.4,12.2,23.9,34
2017-05-30,8.71370029449463,15.9635391235352,32.6194114685059,-0.0330956280231476,48.7,50.2,55.9,22.4,12.2,23.9,34
2017-05-31,8.68410205841064,16.0391731262207,32.6754035949707,-0.0221440959721804,48.7,50.2,55.9,22.4,12.2,23.9,34
2017-06-01,8.69506740570068,16.2888927459717,32.5496559143066,-0.0791696980595589,48.7,50.2,55.9,22.4,12.2,23.9,34
2017-06-02,8.3324613571167,16.4676723480225,32.3824653625488,-0.0903652384877205,48.7,50.2,55.9,22.4,12.2,23.9,34
2017-06-03,8.33729648590088,16.6849517822266,32.1852874755859,-0.107771821320057,48.7,50.2,55.9,22.4,12.2,23.9,34
2017-06-04,8.29976081848145,16.8569202423096,32.1218643188477,-0.152842745184898,48.7,50.2,55.9,22.4,12.2,23.9,34
2017-06-05,9.29074001312256,16.7990074157715,31.8363780975342,-0.0424488633871078,48.7,50.2,55.9,22.4,12.2,23.9,34
2017-06-06,9.31239700317383,16.932107925415,31.6021728515625,0.020308481529355,48.7,50.2,55.9,22.4,12.2,23.9,34
2017-06-07,9.04676055908203,16.8628330230713,31.8177795410156,0.0330189801752567,48.7,50.2,55.9,22.4,12.2,23.9,34
2017-06-08,9.61028385162354,15.9698629379272,32.2920150756836,-0.00580395990982652,48.7,50.2,55.9,22.4,12.2,23.9,34
2017-06-09,9.56704807281494,15.935435295105,32.5381546020508,-0.00886369775980711,48.7,50.2,55.9,22.4,12.2,23.9,34
2017-06-10,9.56250476837158,16.5924816131592,32.0468940734863,-0.137500450015068,48.7,50.2,55.9,22.4,12.2,23.9,34
2017-06-11,9.69859027862549,18.1032962799072,31.6313457489014,-0.19054089486599,48.7,50.2,55.9,22.4,12.2,23.9,34
2017-06-12,9.69676303863525,18.7796382904053,31.2691192626953,-0.180330142378807,48.7,50.2,55.9,22.4,12.2,23.9,34
2017-06-13,9.7045259475708,19.4577503204346,30.8989543914795,-0.137432590126991,48.7,50.2,55.9,22.4,12.2,23.9,34
2017-06-14,10.6715726852417,20.5085697174072,30.7231121063232,-0.0601868629455566,48.7,50.2,55.9,22.4,12.2,23.9,34
2017-06-15,10.6874094009399,20.444896697998,30.9775295257568,-0.012911013327539,48.7,50.2,55.9,22.4,12.2,23.9,34
2017-06-16,10.4358749389648,20.4669551849365,31.2278308868408,0.054170984774828,48.7,50.2,55.9,22.4,12.2,23.9,34
2017-06-17,10.1057024002075,20.6994438171387,31.2484436035156,0.0686608552932739,48.7,50.2,55.9,22.4,12.2,23.9,34
2017-06-18,10.0154943466187,20.5127868652344,30.9437885284424,0.0433946661651134,48.7,50.2,55.9,22.4,12.2,23.9,34
2017-06-19,10.0886754989624,20.31272315979,30.7248287200928,-0.00328184477984905,48.7,50.2,55.9,22.4,12.2,23.9,34
2017-06-20,10.8508062362671,21.1843891143799,31.4377193450928,-0.149638682603836,48.7,50.2,55.9,22.4,12.2,23.9,34
2017-06-21,11.018744468689,21.5340709686279,31.5341129302979,-0.154960706830025,48.7,50.2,55.9,22.4,12.2,23.9,34
2017-06-22,11.0485486984253,21.7035064697266,31.5607357025146,-0.144998610019684,48.7,50.2,55.9,22.4,12.2,23.9,34
2017-06-23,11.1443471908569,22.2203731536865,31.6818370819092,-0.137072250247002,48.7,50.2,55.9,22.4,12.2,23.9,34
2017-06-24,11.0105237960815,21.2276039123535,31.978422164917,-0.148218795657158,48.7,50.2,55.9,22.4,12.2,23.9,34
2017-06-25,11.1673498153687,21.1149082183838,32.1028099060059,-0.18642570078373,48.7,50.2,55.9,22.4,12.2,23.9,34
2017-06-26,11.598916053772,22.2670974731445,32.069637298584,-0.156909614801407,48.7,50.2,55.9,22.4,12.2,23.9,34
2017-06-27,11.4675903320312,22.6002902984619,32.0672569274902,-0.114477686583996,48.7,50.2,55.9,22.4,12.2,23.9,34
2017-06-28,11.2687082290649,22.6040744781494,32.0440788269043,-0.106301300227642,48.7,50.2,55.9,22.4,12.2,23.9,34
2017-06-29,10.5309867858887,22.4937572479248,32.1280403137207,-0.130749449133873,48.7,50.2,55.9,22.4,12.2,23.9,34
2017-06-30,10.1690816879272,21.9169178009033,32.3414726257324,-0.14470948278904,48.7,50.2,55.9,22.4,12.2,23.9,34
2017-07-01,9.77349185943604,21.5999660491943,32.4697608947754,-0.118850372731686,48.7,50.2,55.9,22.4,12.2,23.9,34
2017-07-02,9.7535810470581,22.6309032440186,32.6085739135742,-0.0913877561688423,48.7,50.2,55.9,22.4,12.2,23.9,34
2017-07-03,9.89587116241455,23.1109237670898,32.6136131286621,-0.105757661163807,48.7,50.2,55.9,22.4,12.2,23.9,34
2017-07-04,10.0966110229492,23.2210826873779,32.6185035705566,-0.0942648649215698,48.7,50.2,55.9,22.4,12.2,23.9,34
2017-07-05,9.91380310058594,23.9463958740234,32.6709480285645,-0.0859484896063805,48.7,50.2,55.9,22.4,12.2,23.9,34
2017-07-06,9.76692295074463,23.959228515625,32.6543006896973,-0.0893298164010048,48.7,50.2,55.9,22.4,12.2,23.9,34
2017-07-07,9.54283332824707,24.0485210418701,32.6691970825195,0.0176213346421719,48.7,50.2,55.9,22.4,12.2,23.9,34
2017-07-08,9.48929500579834,24.4865264892578,32.820369720459,-0.0872907862067223,48.7,50.2,55.9,22.4,12.2,23.9,34
2017-07-09,9.59815120697021,24.5609874725342,32.8054618835449,-0.117578484117985,48.7,50.2,55.9,22.4,12.2,23.9,34
2017-07-10,9.66675853729248,24.7305164337158,32.781665802002,-0.142560765147209,48.7,50.2,55.9,22.4,12.2,23.9,34
2017-07-11,9.98710346221924,25.1016216278076,32.8292350769043,-0.136416062712669,48.7,50.2,55.9,22.4,12.2,23.9,34
2017-07-12,9.80872249603271,25.2119731903076,32.6923713684082,-0.133368894457817,48.7,50.2,55.9,22.4,12.2,23.9,34
2017-07-13,9.73158836364746,25.5652618408203,32.4038200378418,-0.123899079859257,48.7,50.2,55.9,22.4,12.2,23.9,34
2017-07-14,10.8931427001953,25.8788814544678,31.8512725830078,-0.0559165477752686,48.7,50.2,55.9,22.4,12.2,23.9,34
2017-07-15,10.6350650787354,26.3151187896729,31.7412357330322,-0.045362513512373,48.7,50.2,55.9,22.4,12.2,23.9,34
2017-07-16,10.384181022644,26.5194473266602,31.7878189086914,-0.0388807691633701,48.7,50.2,55.9,22.4,12.2,23.9,34
2017-07-17,10.7654008865356,26.9443645477295,31.9570484161377,-0.0581023059785366,48.7,50.2,55.9,22.4,12.2,23.9,34
2017-07-18,10.6940450668335,26.9639492034912,31.9391994476318,-0.0907544419169426,48.7,50.2,55.9,22.4,12.2,23.9,34
2017-07-19,10.6196165084839,27.1194248199463,31.9551677703857,-0.120363175868988,48.7,50.2,55.9,22.4,12.2,23.9,34
2017-07-20,9.98002910614014,26.6986637115479,32.159122467041,-0.149901539087296,48.7,50.2,55.9,22.4,12.2,23.9,34
2017-07-21,10.0229749679565,26.4586811065674,32.2311134338379,-0.149495080113411,48.7,50.2,55.9,22.4,12.2,23.9,34
2017-07-22,10.0228719711304,26.5755462646484,32.1700592041016,-0.123997688293457,48.7,50.2,55.9,22.4,12.2,23.9,34
2017-07-23,10.5469102859497,26.8466854095459,32.0679168701172,-0.0781598165631294,48.7,50.2,55.9,22.4,12.2,23.9,34
2017-07-24,10.3713855743408,26.4144954681396,31.878044128418,-0.0357619412243366,48.7,50.2,55.9,22.4,12.2,23.9,34
2017-07-25,9.89547634124756,25.5776977539062,31.571891784668,-0.083485372364521,48.7,50.2,55.9,22.4,12.2,23.9,34
2017-07-26,9.9194803237915,25.6972427368164,31.5921421051025,-0.0582635253667831,48.7,50.2,55.9,22.4,12.2,23.9,34
2017-07-27,10.0562400817871,25.5383834838867,31.7679080963135,-0.040288794785738,48.7,50.2,55.9,22.4,12.2,23.9,34
2017-07-28,9.88186359405518,25.2290782928467,31.9183349609375,-0.0148664154112339,48.7,50.2,55.9,22.4,12.2,23.9,34
2017-07-29,11.3004693984985,23.9766445159912,31.6628398895264,0.167662024497986,48.7,50.2,55.9,22.4,12.2,23.9,34
2017-07-30,12.0238304138184,22.3870716094971,32.0081825256348,0.112732790410519,48.7,50.2,55.9,22.4,12.2,23.9,34
2017-07-31,12.3030080795288,22.5520248413086,31.9908237457275,0.0055609904229641,48.7,50.2,55.9,22.4,12.2,23.9,34
2017-08-01,11.1842079162598,23.1793270111084,32.0117797851562,-0.0334874428808689,48.7,50.2,55.9,22.4,12.2,23.9,34
2017-08-02,10.913649559021,23.7199382781982,32.0542030334473,-0.0577789209783077,48.7,50.2,55.9,22.4,12.2,23.9,34
2017-08-03,10.6688776016235,23.7369079589844,32.1054649353027,-0.0300094876438379,48.7,50.2,55.9,22.4,12.2,23.9,34
2017-08-04,10.9454727172852,23.2696704864502,32.1542205810547,-0.029597632586956,48.7,50.2,55.9,22.4,12.2,23.9,34
2017-08-05,11.0677804946899,23.5480499267578,32.1738777160645,0.0123513331636786,48.7,50.2,55.9,22.4,12.2,23.9,34
2017-08-06,11.1129598617554,23.53537940979,32.112678527832,-0.0844790041446686,48.7,50.2,55.9,22.4,12.2,23.9,34
2017-08-07,10.9822807312012,23.5945224761963,32.0736618041992,-0.0950544700026512,48.7,50.2,55.9,22.4,12.2,23.9,34
2017-08-08,11.0482788085938,23.5792255401611,32.0172538757324,-0.026157334446907,48.7,50.2,55.9,22.4,12.2,23.9,34
2017-08-09,11.2639741897583,23.8175258636475,31.9803237915039,-0.131189361214638,48.7,50.2,55.9,22.4,12.2,23.9,34
2017-08-10,11.3991346359253,24.187105178833,32.1116142272949,-0.16013802587986,48.7,50.2,55.9,22.4,12.2,23.9,34
2017-08-11,11.4849100112915,24.2588882446289,32.1442184448242,-0.128418743610382,48.7,50.2,55.9,22.4,12.2,23.9,34
2017-08-12,11.3654088973999,24.3440456390381,32.1514739990234,-0.0483107529580593,48.7,50.2,55.9,22.4,12.2,23.9,34
2017-08-13,11.5045709609985,25.2025661468506,32.2014007568359,-0.0412437357008457,48.7,50.2,55.9,22.4,12.2,23.9,34
2017-08-14,11.5571746826172,25.3671493530273,32.1692008972168,-0.0522830486297607,48.7,50.2,55.9,22.4,12.2,23.9,34
2017-08-15,11.437912940979,25.4933032989502,32.1026573181152,0.0304796025156975,48.7,50.2,55.9,22.4,12.2,23.9,34
2017-08-16,10.3397121429443,25.6075000762939,32.0786552429199,-0.0170716494321823,48.7,50.2,55.9,22.4,12.2,23.9,34
2017-08-17,10.2326536178589,25.5509796142578,31.9655075073242,-0.0540146939456463,48.7,50.2,55.9,22.4,12.2,23.9,34
2017-08-18,9.88953113555908,25.4939365386963,31.9498291015625,-0.00658509880304337,48.7,50.2,55.9,22.4,12.2,23.9,34
2017-08-19,11.1226491928101,25.2460079193115,31.8954639434814,-0.0441134870052338,48.7,50.2,55.9,22.4,12.2,23.9,34
2017-08-20,11.2759132385254,25.3961124420166,31.7885513305664,-0.0903151258826256,48.7,50.2,55.9,22.4,12.2,23.9,34
2017-08-21,11.4698057174683,25.5346527099609,31.7722988128662,-0.126552313566208,48.7,50.2,55.9,22.4,12.2,23.9,34
2017-08-22,11.8255300521851,26.0249938964844,32.0392723083496,-0.105355329811573,48.7,50.2,55.9,22.4,12.2,23.9,34
2017-08-23,11.668662071228,26.1700305938721,32.1638946533203,-0.0430373549461365,48.7,50.2,55.9,22.4,12.2,23.9,34
2017-08-24,11.5322694778442,26.2665939331055,32.0763359069824,-0.00043940544128418,48.7,50.2,55.9,22.4,12.2,23.9,34
2017-08-25,12.6312074661255,25.6503429412842,31.9925537109375,-0.0473184920847416,48.7,50.2,55.9,22.4,12.2,23.9,34
2017-08-26,12.5645980834961,25.4698276519775,31.9098834991455,-0.0775364264845848,48.7,50.2,55.9,22.4,12.2,23.9,34
2017-08-27,12.3792123794556,24.9400653839111,31.8204116821289,-0.0670133754611015,48.7,50.2,55.9,22.4,12.2,23.9,34
2017-08-28,15.006459236145,24.4384899139404,31.6572799682617,0.0158037561923265,48.7,50.2,55.9,22.4,12.2,23.9,34
2017-08-29,14.7994718551636,23.8994998931885,31.5469074249268,0.125086322426796,48.7,50.2,55.9,22.4,12.2,23.9,34
2017-08-30,15.6708002090454,22.2054977416992,31.877233505249,0.17327706515789,48.7,50.2,55.9,22.4,12.2,23.9,34
2017-08-31,14.2591905593872,22.2876071929932,31.8672771453857,0.0348162837326527,48.7,50.2,55.9,22.4,12.2,23.9,34
2017-09-01,13.849570274353,22.9272632598877,31.7751846313477,0.0264987554401159,48.7,50.2,55.9,22.4,12.2,23.9,34
2017-09-02,14.157467842102,22.2320652008057,31.8456115722656,-0.0312996171414852,48.7,50.2,55.9,22.4,12.2,23.9,34
2017-09-03,12.7258024215698,22.0124130249023,31.8943500518799,0.0177401080727577,48.7,50.2,55.9,22.4,12.2,23.9,34
2017-09-04,12.3649826049805,22.0721569061279,31.7790584564209,-0.0259111654013395,48.7,50.2,55.9,22.4,12.2,23.9,34
2017-09-05,12.1371908187866,22.5138683319092,31.6693515777588,-0.051853034645319,48.7,50.2,55.9,22.4,12.2,23.9,34
2017-09-06,13.3337507247925,22.635160446167,31.72509765625,-0.0503280274569988,48.7,50.2,55.9,22.4,12.2,23.9,34
2017-09-07,13.5994987487793,22.4363422393799,31.6884784698486,-0.0402515195310116,48.7,50.2,55.9,22.4,12.2,23.9,34
2017-09-08,13.8214960098267,22.2037258148193,31.6946640014648,-0.173685535788536,48.7,50.2,55.9,22.4,12.2,23.9,34
2017-09-09,13.7974662780762,22.1108074188232,31.7721881866455,-0.115951083600521,48.7,50.2,55.9,22.4,12.2,23.9,34
2017-09-10,13.5784215927124,21.8085403442383,31.7784881591797,-0.0839497819542885,48.7,50.2,55.9,22.4,12.2,23.9,34
2017-09-11,13.1637077331543,21.5983028411865,31.8096485137939,-0.0818092003464699,48.7,50.2,55.9,22.4,12.2,23.9,34
2017-09-12,15.0329999923706,21.8362140655518,31.7582149505615,-0.0340610779821873,48.7,50.2,55.9,22.4,12.2,23.9,34
2017-09-13,14.9157857894897,21.9069519042969,31.674072265625,0.0220713969320059,48.7,50.2,55.9,22.4,12.2,23.9,34
2017-09-14,14.5607805252075,21.9268741607666,31.572473526001,0.00631827488541603,48.7,50.2,55.9,22.4,12.2,23.9,34
2017-09-15,14.6365623474121,22.2383518218994,31.5187225341797,0.0317693501710892,48.7,50.2,55.9,22.4,12.2,23.9,34
2017-09-16,14.6903991699219,22.3495788574219,31.4883403778076,-0.0205890331417322,48.7,50.2,55.9,22.4,12.2,23.9,34
2017-09-17,14.6967849731445,22.3758525848389,31.4762649536133,-0.022692508995533,48.7,50.2,55.9,22.4,12.2,23.9,34
2017-09-18,15.9992551803589,22.5563297271729,31.533353805542,0.0789786130189896,48.7,50.2,55.9,22.4,12.2,23.9,34
2017-09-19,16.2937335968018,22.2717609405518,31.3667507171631,0.253521651029587,48.7,50.2,55.9,22.4,12.2,23.9,34
2017-09-20,16.768575668335,20.8251628875732,31.6204738616943,0.260333210229874,48.7,50.2,55.9,22.4,12.2,23.9,34
2017-09-21,16.4812030792236,20.5954685211182,31.5741424560547,0.123781554400921,48.7,50.2,55.9,22.4,12.2,23.9,34
2017-09-22,16.3239841461182,20.8188934326172,31.4309616088867,0.182719364762306,48.7,50.2,55.9,22.4,12.2,23.9,34
2017-09-23,15.4356994628906,20.9410743713379,31.2798480987549,0.138687953352928,48.7,50.2,55.9,22.4,12.2,23.9,34
2017-09-24,15.7715368270874,20.7592792510986,31.2824249267578,0.0486642904579639,48.7,50.2,55.9,22.4,12.2,23.9,34
2017-09-25,16.00563621521,20.8106937408447,31.2834072113037,0.053335502743721,48.7,50.2,55.9,22.4,12.2,23.9,34
2017-09-26,16.0753650665283,20.7521343231201,31.4094409942627,0.104907415807247,48.7,50.2,55.9,22.4,12.2,23.9,34
2017-09-27,16.8833389282227,21.0887985229492,31.6455135345459,0.195104852318764,48.7,50.2,55.9,22.4,12.2,23.9,34
2017-09-28,17.3598728179932,20.8101596832275,31.9857578277588,0.191854476928711,48.7,50.2,55.9,22.4,12.2,23.9,34
2017-09-29,17.4943447113037,20.5635395050049,32.2322845458984,0.069933719933033,48.7,50.2,55.9,22.4,12.2,23.9,34
2017-09-30,17.5997905731201,20.3853702545166,32.1477012634277,0.0081307552754879,48.7,50.2,55.9,22.4,12.2,23.9,34
2017-10-01,17.8277683258057,19.4337615966797,32.3417129516602,0.00948597770184278,48.7,50.2,55.9,22.4,12.2,23.9,34
2017-10-02,17.9532260894775,19.5892391204834,32.552303314209,-0.0988902226090431,48.7,50.2,55.9,22.4,12.2,23.9,34
2017-10-03,16.3145618438721,19.4548091888428,32.3990821838379,-0.104268275201321,48.7,50.2,55.9,22.4,12.2,23.9,34
2017-10-04,16.6208934783936,19.4331016540527,32.4151611328125,-0.0563338249921799,48.7,50.2,55.9,22.4,12.2,23.9,34
2017-10-05,16.4573879241943,19.6338748931885,32.2941246032715,-0.125122755765915,48.7,50.2,55.9,22.4,12.2,23.9,34
2017-10-06,16.2223453521729,20.7620983123779,31.835729598999,-0.119639508426189,48.7,50.2,55.9,22.4,12.2,23.9,34
2017-10-07,16.1684494018555,21.2306861877441,31.7530345916748,-0.0326078571379185,48.7,50.2,55.9,22.4,12.2,23.9,34
2017-10-08,15.9139518737793,21.5368576049805,31.7185115814209,-0.0331310369074345,48.7,50.2,55.9,22.4,12.2,23.9,34
2017-10-09,15.4092836380005,21.8091144561768,31.6753520965576,-0.0184391271322966,48.7,50.2,55.9,22.4,12.2,23.9,34
2017-10-10,15.1824254989624,22.119384765625,31.5113887786865,-0.0470519177615643,48.7,50.2,55.9,22.4,12.2,23.9,34
2017-10-11,15.0598840713501,22.1186046600342,31.5122394561768,-0.0268556475639343,48.7,50.2,55.9,22.4,12.2,23.9,34
2017-10-12,17.6684417724609,20.6094074249268,31.52121925354,0.186611771583557,48.7,50.2,55.9,22.4,12.2,23.9,34
2017-10-13,18.1388874053955,19.574592590332,31.971342086792,0.153094306588173,48.7,50.2,55.9,22.4,12.2,23.9,34
2017-10-14,18.3090763092041,19.5998306274414,32.0412063598633,0.0588309913873672,48.7,50.2,55.9,22.4,12.2,23.9,34
2017-10-15,18.1538009643555,19.7992286682129,31.9785404205322,0.00960056949406862,48.7,50.2,55.9,22.4,12.2,23.9,34
2017-10-16,18.0555629730225,19.8701114654541,31.8384456634521,-0.0527531951665878,48.7,50.2,55.9,22.4,12.2,23.9,34
2017-10-17,18.0946178436279,19.2126560211182,31.9580326080322,-0.133075535297394,48.7,50.2,55.9,22.4,12.2,23.9,34
2017-10-18,18.0977344512939,19.4204044342041,32.1218223571777,-0.104695163667202,48.7,50.2,55.9,22.4,12.2,23.9,34
2017-10-19,18.1251811981201,19.4204292297363,32.0932426452637,-0.127682909369469,48.7,50.2,55.9,22.4,12.2,23.9,34
2017-10-20,18.183479309082,19.4349822998047,32.0597381591797,-0.182082191109657,48.7,50.2,55.9,22.4,12.2,23.9,34
2017-10-21,17.4867744445801,19.0501613616943,32.1466217041016,-0.169597923755646,48.7,50.2,55.9,22.4,12.2,23.9,34
2017-10-22,17.5044078826904,19.0062313079834,32.1828651428223,-0.15630666911602,48.7,50.2,55.9,22.4,12.2,23.9,34
2017-10-23,17.4814376831055,18.9731349945068,32.1940765380859,-0.0540200658142567,48.7,50.2,55.9,22.4,12.2,23.9,34
2017-10-24,17.1800899505615,19.192720413208,32.2795448303223,0.116153694689274,48.7,50.2,55.9,22.4,12.2,23.9,34
2017-10-25,16.9991512298584,19.2508392333984,32.1116142272949,0.154979795217514,48.7,50.2,55.9,22.4,12.2,23.9,34
2017-10-26,16.9830112457275,18.9971237182617,32.1441993713379,0.114718556404114,48.7,50.2,55.9,22.4,12.2,23.9,34
2017-10-27,17.7003784179688,18.9089641571045,32.2025756835938,-0.0837709829211235,48.7,50.2,55.9,22.4,12.2,23.9,34
2017-10-28,18.1574478149414,18.8180408477783,32.2441291809082,-0.0705506578087807,48.7,50.2,55.9,22.4,12.2,23.9,34
2017-10-29,18.2120342254639,18.8543663024902,32.1031875610352,0.125297635793686,48.7,50.2,55.9,22.4,12.2,23.9,34
2017-10-30,17.5515232086182,19.0435390472412,31.959264755249,0.0919136330485344,48.7,50.2,55.9,22.4,12.2,23.9,34
2017-10-31,18.4937725067139,18.6244335174561,32.2211532592773,-0.223273143172264,48.7,50.2,55.9,22.4,12.2,23.9,34
2017-11-01,18.698314666748,18.5188312530518,32.3384552001953,-0.14516843855381,48.7,50.2,55.9,22.4,12.2,23.9,34
2017-11-02,18.9026432037354,18.4232730865479,32.2724075317383,-0.0682457014918327,48.7,50.2,55.9,22.4,12.2,23.9,34
2017-11-03,18.7624759674072,18.4357128143311,32.2229995727539,-0.0474269799888134,48.7,50.2,55.9,22.4,12.2,23.9,34
2017-11-04,18.7201824188232,18.2669353485107,32.1851463317871,-0.0322802104055882,48.7,50.2,55.9,22.4,12.2,23.9,34
2017-11-05,18.2130451202393,17.9021911621094,32.1733818054199,0.0625305622816086,48.7,50.2,55.9,22.4,12.2,23.9,34
2017-11-06,17.5501480102539,17.7923069000244,32.0338439941406,0.067505843937397,48.7,50.2,55.9,22.4,12.2,23.9,34
2017-11-07,17.6683483123779,17.7150974273682,32.0120658874512,0.0783103480935097,48.7,50.2,55.9,22.4,12.2,23.9,34
2017-11-08,18.5699214935303,17.7111568450928,31.9562358856201,0.189979359507561,48.7,50.2,55.9,22.4,12.2,23.9,34
2017-11-09,18.2178764343262,17.6625137329102,32.2770614624023,0.181025817990303,48.7,50.2,55.9,22.4,12.2,23.9,34
2017-11-10,18.10666847229,17.4921493530273,32.3725662231445,0.0539017766714096,48.7,50.2,55.9,22.4,12.2,23.9,34
2017-11-11,17.9183216094971,17.0158843994141,32.4563941955566,-0.0811448022723198,48.7,50.2,55.9,22.4,12.2,23.9,34
2017-11-12,17.1179695129395,16.8587665557861,32.4584007263184,-0.0996627137064934,48.7,50.2,55.9,22.4,12.2,23.9,34
2017-11-13,17.0239200592041,16.7636280059814,32.4190635681152,-0.030556857585907,48.7,50.2,55.9,22.4,12.2,23.9,34
2017-11-14,15.409049987793,15.7975244522095,32.3920745849609,-0.00656118988990784,48.7,50.2,55.9,22.4,12.2,23.9,34
2017-11-15,15.4271402359009,15.4054756164551,32.5429954528809,0.0699911862611771,48.7,50.2,55.9,22.4,12.2,23.9,34
2017-11-16,15.3186874389648,15.253809928894,32.4715461730957,0.13174270093441,48.7,50.2,55.9,22.4,12.2,23.9,34
2017-11-17,15.6921873092651,15.6842193603516,32.4706039428711,-0.0826183333992958,48.7,50.2,55.9,22.4,12.2,23.9,34
2017-11-18,15.73082447052,15.4988355636597,32.4757347106934,-0.0311950519680977,48.7,50.2,55.9,22.4,12.2,23.9,34
2017-11-19,15.6215715408325,15.4756736755371,32.496639251709,-0.0735249221324921,48.7,50.2,55.9,22.4,12.2,23.9,34
2017-11-20,15.5405035018921,15.4429273605347,32.6424446105957,-0.286052912473679,48.7,50.2,55.9,22.4,12.2,23.9,34
2017-11-21,15.334174156189,15.2776136398315,32.7510261535645,-0.263444781303406,48.7,50.2,55.9,22.4,12.2,23.9,34
2017-11-22,14.535403251648,15.2407531738281,32.7698097229004,-0.110700570046902,48.7,50.2,55.9,22.4,12.2,23.9,34
2017-11-23,14.3598337173462,15.0214586257935,32.9874610900879,-0.11914274841547,48.7,50.2,55.9,22.4,12.2,23.9,34
2017-11-24,14.3236570358276,14.8145551681519,33.0234718322754,-0.105845309793949,48.7,50.2,55.9,22.4,12.2,23.9,34
2017-11-25,14.3412847518921,14.6990175247192,33.020565032959,-0.0276309605687857,48.7,50.2,55.9,22.4,12.2,23.9,34
2017-11-26,13.9354820251465,14.9207525253296,32.9795989990234,-0.0621082969009876,48.7,50.2,55.9,22.4,12.2,23.9,34
2017-11-27,14.0976905822754,14.5707893371582,32.9939727783203,-0.161126390099525,48.7,50.2,55.9,22.4,12.2,23.9,34
2017-11-28,14.3106603622437,14.4379625320435,32.9947471618652,-0.181144341826439,48.7,50.2,55.9,22.4,12.2,23.9,34
2017-11-29,14.3220491409302,14.4947309494019,32.9054908752441,-0.173196375370026,48.7,50.2,55.9,22.4,12.2,23.9,34
2017-11-30,14.4360389709473,14.4285745620728,32.949031829834,-0.137287437915802,48.7,50.2,55.9,22.4,12.2,23.9,34
2017-12-01,14.4313850402832,14.3909711837769,32.9672737121582,-0.0795932188630104,48.7,50.2,55.9,22.4,12.2,23.9,34
2017-12-02,14.188027381897,14.2335920333862,33.101318359375,-0.134802460670471,48.7,50.2,55.9,22.4,12.2,23.9,34
2017-12-03,14.1564035415649,14.1489028930664,33.0970764160156,-0.13601391017437,48.7,50.2,55.9,22.4,12.2,23.9,34
2017-12-04,14.1129274368286,14.120701789856,33.1569900512695,-0.151451781392097,48.7,50.2,55.9,22.4,12.2,23.9,34
2017-12-05,14.1082220077515,14.617693901062,33.2206420898438,-0.088424988090992,48.7,50.2,55.9,22.4,12.2,23.9,34
2017-12-06,14.1053037643433,14.5573692321777,33.1600761413574,-0.0513985641300678,48.7,50.2,55.9,22.4,12.2,23.9,34
2017-12-07,14.1986656188965,14.3737983703613,33.1930656433105,-0.102049730718136,48.7,50.2,55.9,22.4,12.2,23.9,34
2017-12-08,14.0838584899902,13.580174446106,33.2197608947754,-0.0864033028483391,48.7,50.2,55.9,22.4,12.2,23.9,34
2017-12-09,14.1226301193237,13.3389081954956,33.267692565918,0.0435138940811157,48.7,50.2,55.9,22.4,12.2,23.9,34
2017-12-10,14.0592565536499,13.0805253982544,33.2981300354004,0.0354680269956589,48.7,50.2,55.9,22.4,12.2,23.9,34
2017-12-11,14.6743116378784,14.1142854690552,33.3050498962402,-0.143430694937706,48.7,50.2,55.9,22.4,12.2,23.9,34
2017-12-12,14.6545114517212,13.8663244247437,33.3312911987305,-0.038016751408577,48.7,50.2,55.9,22.4,12.2,23.9,34
2017-12-13,14.6118001937866,13.6012468338013,33.4157524108887,-0.142089024186134,48.7,50.2,55.9,22.4,12.2,23.9,34
2017-12-14,13.4058103561401,12.6632385253906,32.9332504272461,-0.264479726552963,48.7,50.2,55.9,22.4,12.2,23.9,34
2017-12-15,13.290322303772,11.8317832946777,32.6858253479004,-0.198394939303398,48.7,50.2,55.9,22.4,12.2,23.9,34
2017-12-16,13.3299932479858,11.7343912124634,32.789966583252,-0.235474482178688,48.7,50.2,55.9,22.4,12.2,23.9,34
2017-12-17,12.7774782180786,11.6429796218872,33.0024681091309,-0.39684447646141,48.7,50.2,55.9,22.4,12.2,23.9,34
2017-12-18,12.7337112426758,11.5817880630493,32.9473991394043,-0.226250693202019,48.7,50.2,55.9,22.4,12.2,23.9,34
2017-12-19,12.6886568069458,11.5700073242188,32.9322547912598,-0.189639046788216,48.7,50.2,55.9,22.4,12.2,23.9,34
2017-12-20,12.7296075820923,12.7697877883911,33.1264343261719,-0.246791824698448,48.7,50.2,55.9,22.4,12.2,23.9,34
2017-12-21,12.8490724563599,12.592230796814,33.1963043212891,-0.239096835255623,48.7,50.2,55.9,22.4,12.2,23.9,34
2017-12-22,12.7646360397339,12.4903345108032,33.1946792602539,-0.157058537006378,48.7,50.2,55.9,22.4,12.2,23.9,34
2017-12-23,12.1995239257812,12.2004709243774,33.1027183532715,-0.106134057044983,48.7,50.2,55.9,22.4,12.2,23.9,34
2017-12-24,12.2125082015991,11.9495248794556,33.1229209899902,-0.14554725587368,48.7,50.2,55.9,22.4,12.2,23.9,34
2017-12-25,12.1250991821289,11.8078002929688,33.1949424743652,-0.169245839118958,48.7,50.2,55.9,22.4,12.2,23.9,34
2017-12-26,12.5550813674927,12.1940851211548,33.3175010681152,-0.460453033447266,48.7,50.2,55.9,22.4,12.2,23.9,34
2017-12-27,12.7969818115234,12.0129442214966,33.2934226989746,-0.468788236379623,48.7,50.2,55.9,22.4,12.2,23.9,34
2017-12-28,12.8520803451538,11.6306657791138,33.361930847168,-0.489567011594772,48.7,50.2,55.9,22.4,12.2,23.9,34
2017-12-29,12.8506021499634,11.3181009292603,33.4435615539551,-0.425742894411087,48.7,50.2,55.9,22.4,12.2,23.9,34
2017-12-30,12.8857803344727,11.0243844985962,33.4704551696777,-0.280267030000687,48.7,50.2,55.9,22.4,12.2,23.9,34
2017-12-31,12.9380521774292,10.5860023498535,33.5241317749023,-0.32153645157814,48.7,50.2,55.9,22.4,12.2,23.9,34
2018-01-01,13.1365060806274,10.0660085678101,33.7254867553711,-0.343103021383286,48.7,50.2,55.9,22.4,12.2,23.9,34
2018-01-02,12.8332290649414,10.299090385437,34.0459403991699,-0.426941841840744,48.7,50.2,55.9,22.4,12.2,23.9,34
2018-01-03,12.2959365844727,10.390477180481,34.1986770629883,-0.296327084302902,48.7,50.2,55.9,22.4,12.2,23.9,34
2018-01-04,10.3755521774292,10.1554689407349,34.3841819763184,0.030887046828866,48.7,50.2,55.9,22.4,12.2,23.9,34
2018-01-05,9.66017532348633,9.61203002929688,34.1842041015625,-0.276136726140976,48.7,50.2,55.9,22.4,12.2,23.9,34
2018-01-06,8.90432643890381,8.83019638061523,34.2249488830566,-0.68925267457962,48.7,50.2,55.9,22.4,12.2,23.9,34
2018-01-07,8.92754077911377,8.84377574920654,34.4652976989746,-0.66802328824997,48.7,50.2,55.9,22.4,12.2,23.9,34
2018-01-08,8.84351825714111,8.67350769042969,34.4418983459473,-0.497125774621964,48.7,50.2,55.9,22.4,12.2,23.9,34
2018-01-09,9.58870220184326,8.4671049118042,34.2195167541504,-0.531838476657867,48.7,50.2,55.9,22.4,12.2,23.9,34
2018-01-10,10.6245355606079,8.97689437866211,34.1176567077637,-0.435916662216187,48.7,50.2,55.9,22.4,12.2,23.9,34
2018-01-11,9.98404407501221,9.03764629364014,34.1940498352051,-0.355392217636108,48.7,50.2,55.9,22.4,12.2,23.9,34
2018-01-12,9.48094654083252,9.1576681137085,34.2485237121582,-0.255755513906479,48.7,50.2,55.9,22.4,12.2,23.9,34
2018-01-13,9.53532314300537,8.70889186859131,33.8096122741699,-0.196108996868134,48.7,50.2,55.9,22.4,12.2,23.9,34
2018-01-14,9.26956653594971,8.75325107574463,34.0583648681641,-0.379324316978455,48.7,50.2,55.9,22.4,12.2,23.9,34
2018-01-15,8.65879440307617,9.06166076660156,34.2342262268066,-0.276945441961288,48.7,50.2,55.9,22.4,12.2,23.9,34
2018-01-16,7.72626113891602,8.44898414611816,34.0206031799316,-0.159202471375465,48.7,50.2,55.9,22.4,12.2,23.9,34
2018-01-17,7.58145475387573,8.07364749908447,33.8613700866699,-0.100372828543186,48.7,50.2,55.9,22.4,12.2,23.9,34
2018-01-18,7.50004816055298,7.51526021957397,34.001594543457,-0.137439057230949,48.7,50.2,55.9,22.4,12.2,23.9,34
2018-01-19,7.43641471862793,7.44697713851929,34.1109046936035,-0.218639209866524,48.7,50.2,55.9,22.4,12.2,23.9,34
2018-01-20,7.58582544326782,7.34084892272949,34.0798530578613,-0.22087699174881,48.7,50.2,55.9,22.4,12.2,23.9,34
2018-01-21,7.80658721923828,7.30506658554077,34.0564231872559,-0.287880003452301,48.7,50.2,55.9,22.4,12.2,23.9,34
2018-01-22,7.63251161575317,7.83531951904297,33.9862251281738,-0.253132373094559,48.7,50.2,55.9,22.4,12.2,23.9,34
2018-01-23,7.65177392959595,7.87598419189453,33.9218673706055,-0.119585514068604,48.7,50.2,55.9,22.4,12.2,23.9,34
2018-01-24,7.7943229675293,7.55854082107544,33.7505035400391,-0.204275920987129,48.7,50.2,55.9,22.4,12.2,23.9,34
2018-01-25,7.50149726867676,7.15923500061035,33.7895240783691,-0.366464734077454,48.7,50.2,55.9,22.4,12.2,23.9,34
2018-01-26,7.42840528488159,7.09380292892456,33.8905181884766,-0.41814923286438,48.7,50.2,55.9,22.4,12.2,23.9,34
2018-01-27,7.45203924179077,7.00612878799438,33.8663368225098,-0.380316704511642,48.7,50.2,55.9,22.4,12.2,23.9,34
2018-01-28,7.87293291091919,6.24703931808472,33.5016899108887,-0.338398367166519,48.7,50.2,55.9,22.4,12.2,23.9,34
2018-01-29,7.99017858505249,6.46122121810913,33.5134429931641,-0.17675156891346,48.7,50.2,55.9,22.4,12.2,23.9,34
2018-01-30,7.50802850723267,7.03979301452637,33.8163108825684,-0.0576381795108318,48.7,50.2,55.9,22.4,12.2,23.9,34
2018-01-31,7.67596387863159,7.65912675857544,33.8924598693848,-0.231458947062492,48.7,50.2,55.9,22.4,12.2,23.9,34
2018-02-01,7.66937255859375,7.64364433288574,33.9060134887695,-0.287275642156601,48.7,50.2,55.9,22.4,12.2,23.9,34
2018-02-02,7.79949951171875,6.94454193115234,33.5318717956543,-0.298080652952194,48.7,50.2,55.9,22.4,12.2,23.9,34
2018-02-03,7.33368444442749,7.02531957626343,33.7548675537109,-0.448787540197372,48.7,50.2,55.9,22.4,12.2,23.9,34
2018-02-04,7.4175009727478,7.04314231872559,33.8800849914551,-0.307198703289032,48.7,50.2,55.9,22.4,12.2,23.9,34
2018-02-05,7.43123483657837,6.9907546043396,33.827262878418,-0.245099067687988,48.7,50.2,55.9,22.4,12.2,23.9,34
2018-02-06,6.80574941635132,7.47738313674927,33.8763275146484,-0.379533678293228,48.7,50.2,55.9,22.4,12.2,23.9,34
2018-02-07,6.72895860671997,7.29910326004028,33.8327903747559,-0.275504231452942,48.7,50.2,55.9,22.4,12.2,23.9,34
2018-02-08,6.8042721748352,6.98254156112671,33.6900520324707,-0.338685363531113,48.7,50.2,55.9,22.4,12.2,23.9,34
2018-02-09,6.553626537323,6.75862073898315,33.8805084228516,-0.40281879901886,48.7,50.2,55.9,22.4,12.2,23.9,34
2018-02-10,6.572265625,6.77246236801147,33.874683380127,-0.305315345525742,48.7,50.2,55.9,22.4,12.2,23.9,34
2018-02-11,6.68393325805664,6.72766494750977,33.768611907959,-0.285672068595886,48.7,50.2,55.9,22.4,12.2,23.9,34
2018-02-12,7.26130247116089,6.51187181472778,33.3624076843262,-0.351763278245926,48.7,50.2,55.9,22.4,12.2,23.9,34
2018-02-13,7.3016848564148,6.70486307144165,33.5123329162598,-0.427273601293564,48.7,50.2,55.9,22.4,12.2,23.9,34
2018-02-14,7.25665044784546,6.80040311813354,33.5829544067383,-0.316928952932358,48.7,50.2,55.9,22.4,12.2,23.9,34
2018-02-15,7.2844295501709,7.08218193054199,33.3672485351562,-0.272232860326767,48.7,50.2,55.9,22.4,12.2,23.9,34
2018-02-16,7.50553131103516,6.87336587905884,33.0824241638184,-0.160925999283791,48.7,50.2,55.9,22.4,12.2,23.9,34
2018-02-17,7.55100965499878,6.86979913711548,33.0547218322754,-0.228836640715599,48.7,50.2,55.9,22.4,12.2,23.9,34
2018-02-18,7.77878904342651,7.14666700363159,33.0926399230957,-0.178038224577904,48.7,50.2,55.9,22.4,12.2,23.9,34
2018-02-19,7.82489442825317,7.19683313369751,33.1158485412598,-0.24068908393383,48.7,50.2,55.9,22.4,12.2,23.9,34
2018-02-20,7.88892412185669,7.25662851333618,32.9932518005371,-0.252198547124863,48.7,50.2,55.9,22.4,12.2,23.9,34
2018-02-21,8.37842082977295,7.24659490585327,32.7707176208496,-0.307139545679092,48.7,50.2,55.9,22.4,12.2,23.9,34
2018-02-22,8.54002666473389,7.30450201034546,32.4703674316406,-0.294304996728897,48.7,50.2,55.9,22.4,12.2,23.9,34
2018-02-23,8.23843860626221,7.60980796813965,32.9202919006348,-0.189599052071571,48.7,50.2,55.9,22.4,12.2,23.9,34
2018-02-24,7.93741178512573,7.56210088729858,32.9425621032715,-0.208775162696838,48.7,50.2,55.9,22.4,12.2,23.9,34
2018-02-25,7.98449850082397,7.55719327926636,32.6781044006348,-0.189887464046478,48.7,50.2,55.9,22.4,12.2,23.9,34
2018-02-26,7.90879964828491,7.39242029190063,32.4703178405762,-0.143842816352844,48.7,50.2,55.9,22.4,12.2,23.9,34
2018-02-27,7.89933824539185,8.19013118743896,32.6495094299316,-0.248624190688133,48.7,50.2,55.9,22.4,12.2,23.9,34
2018-02-28,7.95043706893921,8.21520519256592,32.478931427002,-0.264181882143021,48.7,50.2,55.9,22.4,12.2,23.9,34
2018-03-01,8.1200475692749,8.23154640197754,32.3458709716797,-0.099567286670208,48.7,50.2,55.9,22.4,12.2,23.9,34
2018-03-02,8.86413669586182,8.11807918548584,32.7866249084473,0.0177373234182596,48.7,50.2,55.9,22.4,12.2,23.9,34
2018-03-03,8.29951667785645,8.24057960510254,33.7777137756348,0.134703531861305,48.7,50.2,55.9,22.4,12.2,23.9,34
2018-03-04,7.5342960357666,7.51964807510376,33.4934883117676,0.208246290683746,48.7,50.2,55.9,22.4,12.2,23.9,34
2018-03-05,6.61520147323608,6.71887922286987,33.4240074157715,0.189660683274269,48.7,50.2,55.9,22.4,12.2,23.9,34
2018-03-06,7.13439559936523,7.18610715866089,33.4134330749512,0.190691247582436,48.7,50.2,55.9,22.4,12.2,23.9,34
2018-03-07,7.06120109558105,7.12931442260742,33.3266105651855,0.320879101753235,48.7,50.2,55.9,22.4,12.2,23.9,34
2018-03-08,6.6086597442627,6.58510398864746,33.2469673156738,0.135640069842339,48.7,50.2,55.9,22.4,12.2,23.9,34
2018-03-09,6.63947534561157,6.49738502502441,33.2279853820801,-0.0512131415307522,48.7,50.2,55.9,22.4,12.2,23.9,34
2018-03-10,6.94854211807251,6.5921483039856,33.2833671569824,-0.187441363930702,48.7,50.2,55.9,22.4,12.2,23.9,34
2018-03-11,6.78576278686523,6.33171653747559,33.3542289733887,-0.271483808755875,48.7,50.2,55.9,22.4,12.2,23.9,34
2018-03-12,6.83419466018677,6.30744552612305,33.4018707275391,-0.0886065140366554,48.7,50.2,55.9,22.4,12.2,23.9,34
2018-03-13,6.57442092895508,6.54970598220825,33.4366149902344,0.129928752779961,48.7,50.2,55.9,22.4,12.2,23.9,34
2018-03-14,6.83106994628906,6.7056713104248,33.3905067443848,-0.0761580541729927,48.7,50.2,55.9,22.4,12.2,23.9,34
2018-03-15,6.67737531661987,6.39494514465332,33.2497596740723,-0.296972751617432,48.7,50.2,55.9,22.4,12.2,23.9,34
2018-03-16,6.43928289413452,5.74146270751953,32.5787467956543,-0.308270186185837,48.7,50.2,55.9,22.4,12.2,23.9,34
2018-03-17,6.91944313049316,6.13770055770874,32.8353996276855,-0.321133822202682,48.7,50.2,55.9,22.4,12.2,23.9,34
2018-03-18,7.28722143173218,6.23864698410034,32.8965263366699,-0.252455413341522,48.7,50.2,55.9,22.4,12.2,23.9,34
2018-03-19,7.22868967056274,6.33223104476929,32.8729705810547,-0.212627410888672,48.7,50.2,55.9,22.4,12.2,23.9,34
2018-03-20,6.9284930229187,6.27986860275269,33.0681228637695,-0.00511888274922967,48.7,50.2,55.9,22.4,12.2,23.9,34
2018-03-21,6.57211685180664,6.57008171081543,33.3047752380371,0.215340182185173,48.7,50.2,55.9,22.4,12.2,23.9,34
2018-03-22,6.58661413192749,6.58322191238403,33.2851219177246,0.111017741262913,48.7,50.2,55.9,22.4,12.2,23.9,34
2018-03-23,6.32234525680542,6.29683685302734,33.1651725769043,-0.00931225437670946,48.7,50.2,55.9,22.4,12.2,23.9,34
2018-03-24,6.26876974105835,6.21836853027344,33.1237945556641,-0.15617299079895,48.7,50.2,55.9,22.4,12.2,23.9,34
2018-03-25,6.17877054214478,6.17196893692017,33.1006278991699,-0.14260022342205,48.7,50.2,55.9,22.4,12.2,23.9,34
2018-03-26,6.45870971679688,6.45832109451294,33.0449256896973,-0.0487245731055737,48.7,50.2,55.9,22.4,12.2,23.9,34
2018-03-27,6.44997453689575,6.50740098953247,33.084529876709,-0.0928520560264587,48.7,50.2,55.9,22.4,12.2,23.9,34
2018-03-28,6.52266693115234,6.67177581787109,33.0886077880859,-0.086956299841404,48.7,50.2,55.9,22.4,12.2,23.9,34
2018-03-29,6.07251167297363,6.98329210281372,32.9738807678223,-0.0999307036399841,48.7,50.2,55.9,22.4,12.2,23.9,34
2018-03-30,6.20182466506958,6.85179901123047,32.7936744689941,-0.117636799812317,48.7,50.2,55.9,22.4,12.2,23.9,34
2018-03-31,6.3268723487854,6.79359245300293,32.682300567627,-0.257299572229385,48.7,50.2,55.9,22.4,12.2,23.9,34
2018-04-01,6.51331377029419,6.69013357162476,32.8508033752441,-0.223343655467033,48.7,50.2,55.9,22.4,12.2,23.9,34
2018-04-02,6.55248308181763,6.72359418869019,32.8650550842285,-0.175820767879486,48.7,50.2,55.9,22.4,12.2,23.9,34
2018-04-03,6.49070119857788,6.75352668762207,32.879222869873,-0.152924716472626,48.7,50.2,55.9,22.4,12.2,23.9,34
2018-04-04,6.43143510818481,7.06597709655762,32.7106132507324,-0.0780643671751022,48.7,50.2,55.9,22.4,12.2,23.9,34
2018-04-05,6.39564943313599,6.96357107162476,32.5321235656738,-0.279164373874664,48.7,50.2,55.9,22.4,12.2,23.9,34
2018-04-06,6.29264450073242,7.10979700088501,32.6968727111816,-0.258613854646683,48.7,50.2,55.9,22.4,12.2,23.9,34
2018-04-07,5.85575914382935,7.10678720474243,32.6492195129395,-0.195854380726814,48.7,50.2,55.9,22.4,12.2,23.9,34
2018-04-08,5.86214876174927,7.12942123413086,32.8276863098145,-0.122831553220749,48.7,50.2,55.9,22.4,12.2,23.9,34
2018-04-09,5.9512939453125,7.13543844223022,32.8189735412598,-0.203505858778954,48.7,50.2,55.9,22.4,12.2,23.9,34
2018-04-10,5.49734926223755,7.42522621154785,32.7669334411621,-0.221706286072731,48.7,50.2,55.9,22.4,12.2,23.9,34
2018-04-11,5.45523881912231,7.6344199180603,32.8059043884277,-0.197377681732178,48.7,50.2,55.9,22.4,12.2,23.9,34
2018-04-12,5.56339693069458,7.81310606002808,32.6895332336426,-0.210037872195244,48.7,50.2,55.9,22.4,12.2,23.9,34
2018-04-13,5.10660409927368,7.61180830001831,32.6124725341797,-0.343890100717545,48.7,50.2,55.9,22.4,12.2,23.9,34
2018-04-14,4.68905925750732,8.10297966003418,32.341796875,-0.360221177339554,48.7,50.2,55.9,22.4,12.2,23.9,34
2018-04-15,4.71975994110107,8.38733386993408,32.2524070739746,-0.149196326732635,48.7,50.2,55.9,22.4,12.2,23.9,34
2018-04-16,6.1200156211853,8.31464195251465,32.0592575073242,0.114092327654362,48.7,50.2,55.9,22.4,12.2,23.9,34
2018-04-17,6.43247175216675,8.4005823135376,31.700044631958,-0.0323087684810162,48.7,50.2,55.9,22.4,12.2,23.9,34
2018-04-18,6.43670225143433,8.43991184234619,31.6669406890869,-0.139035761356354,48.7,50.2,55.9,22.4,12.2,23.9,34
2018-04-19,6.9921760559082,8.26284980773926,31.9134063720703,-0.0645095780491829,48.7,50.2,55.9,22.4,12.2,23.9,34
2018-04-20,7.03220415115356,8.03408908843994,31.6861705780029,-0.238555863499641,48.7,50.2,55.9,22.4,12.2,23.9,34
2018-04-21,7.08347320556641,8.11835956573486,31.6375064849854,-0.265402942895889,48.7,50.2,55.9,22.4,12.2,23.9,34
2018-04-22,6.94463872909546,8.22545051574707,31.6763229370117,-0.297640293836594,48.7,50.2,55.9,22.4,12.2,23.9,34
2018-04-23,6.92758417129517,8.50723171234131,31.7054691314697,-0.291269928216934,48.7,50.2,55.9,22.4,12.2,23.9,34
2018-04-24,6.88749694824219,8.8041934967041,31.8543453216553,-0.207210317254066,48.7,50.2,55.9,22.4,12.2,23.9,34
2018-04-25,7.03618812561035,8.68436145782471,31.9991893768311,-0.0435426495969296,48.7,50.2,55.9,22.4,12.2,23.9,34
2018-04-26,7.02938652038574,9.0142126083374,32.0893363952637,-0.0889004394412041,48.7,50.2,55.9,22.4,12.2,23.9,34
2018-04-27,7.03783941268921,9.55056476593018,32.0387001037598,-0.146998792886734,48.7,50.2,55.9,22.4,12.2,23.9,34
2018-04-28,7.59020090103149,9.81003093719482,31.8973999023438,-0.088732622563839,48.7,50.2,55.9,22.4,12.2,23.9,34
2018-04-29,7.58015394210815,9.87879085540771,32.0073738098145,-0.155797049403191,48.7,50.2,55.9,22.4,12.2,23.9,34
2018-04-30,7.58995580673218,9.56145763397217,32.3467826843262,-0.257041335105896,48.7,50.2,55.9,22.4,12.2,23.9,34
2018-05-01,7.11302328109741,9.43727207183838,32.3482284545898,-0.269037961959839,48.7,50.2,55.9,22.4,12.2,23.9,34
2018-05-02,7.08723640441895,9.81976985931396,32.3214263916016,-0.247350171208382,48.7,50.2,55.9,22.4,12.2,23.9,34
2018-05-03,7.08804559707642,10.4440879821777,31.9955387115479,-0.285276472568512,48.7,50.2,55.9,22.4,12.2,23.9,34
2018-05-04,7.14504957199097,10.8795022964478,31.2419509887695,-0.24586047232151,48.7,50.2,55.9,22.4,12.2,23.9,34
2018-05-05,7.20257902145386,11.2576112747192,31.116569519043,-0.275643825531006,48.7,50.2,55.9,22.4,12.2,23.9,34
2018-05-06,7.26486396789551,11.4629249572754,31.1075592041016,-0.16942310333252,48.7,50.2,55.9,22.4,12.2,23.9,34
2018-05-07,7.44233846664429,10.6194696426392,30.9720096588135,-0.133987665176392,48.7,50.2,55.9,22.4,12.2,23.9,34
2018-05-08,7.42714643478394,10.6749353408813,31.1798305511475,-0.167452216148376,48.7,50.2,55.9,22.4,12.2,23.9,34
2018-05-09,7.39791107177734,10.5404977798462,31.6130771636963,-0.160609126091003,48.7,50.2,55.9,22.4,12.2,23.9,34
2018-05-10,7.34479761123657,11.6343765258789,31.7578182220459,-0.141405388712883,48.7,50.2,55.9,22.4,12.2,23.9,34
2018-05-11,7.39995384216309,12.1896390914917,31.4639415740967,-0.157361969351768,48.7,50.2,55.9,22.4,12.2,23.9,34
2018-05-12,7.43432569503784,12.5330114364624,31.4845581054688,-0.179778277873993,48.7,50.2,55.9,22.4,12.2,23.9,34
2018-05-13,7.47264909744263,13.0411806106567,31.4056396484375,-0.17972506582737,48.7,50.2,55.9,22.4,12.2,23.9,34
2018-05-14,7.59900236129761,13.2591829299927,31.4844760894775,-0.145681023597717,48.7,50.2,55.9,22.4,12.2,23.9,34
2018-05-15,7.67133855819702,13.5316934585571,31.4907054901123,-0.158823147416115,48.7,50.2,55.9,22.4,12.2,23.9,34
2018-05-16,7.74430894851685,13.9488878250122,31.2467365264893,-0.160397380590439,48.7,50.2,55.9,22.4,12.2,23.9,34
2018-05-17,7.81511497497559,14.2858438491821,31.3433227539062,-0.0952748879790306,48.7,50.2,55.9,22.4,12.2,23.9,34
2018-05-18,7.90419149398804,14.3075380325317,31.6518001556396,-0.179605916142464,48.7,50.2,55.9,22.4,12.2,23.9,34
2018-05-19,8.56804752349854,13.5099258422852,31.9182205200195,-0.0811457112431526,48.7,50.2,55.9,22.4,12.2,23.9,34
2018-05-20,8.7073335647583,13.7359628677368,31.8196887969971,-0.157979771494865,48.7,50.2,55.9,22.4,12.2,23.9,34
2018-05-21,8.65384006500244,14.4894361495972,31.6556720733643,-0.211241126060486,48.7,50.2,55.9,22.4,12.2,23.9,34
2018-05-22,8.95813465118408,15.4205293655396,31.8488826751709,-0.113130480051041,48.7,50.2,55.9,22.4,12.2,23.9,34
2018-05-23,8.99948978424072,15.963020324707,31.8486938476562,-0.0735299363732338,48.7,50.2,55.9,22.4,12.2,23.9,34
2018-05-24,9.03091335296631,16.6830139160156,31.8917694091797,-0.116075813770294,48.7,50.2,55.9,22.4,12.2,23.9,34
2018-05-25,9.19096279144287,16.9859981536865,31.9631576538086,-0.118860580027103,48.7,50.2,55.9,22.4,12.2,23.9,34
2018-05-26,9.10230255126953,17.4037036895752,31.8330554962158,-0.189975380897522,48.7,50.2,55.9,22.4,12.2,23.9,34
2018-05-27,8.98682689666748,18.3204536437988,31.4257183074951,-0.147998377680779,48.7,50.2,55.9,22.4,12.2,23.9,34
2018-05-28,9.00181579589844,18.0843563079834,31.5656986236572,-0.0838794708251953,48.7,50.2,55.9,22.4,12.2,23.9,34
2018-05-29,8.7848310470581,17.8746128082275,31.698974609375,-0.122075997292995,48.7,50.2,55.9,22.4,12.2,23.9,34
2018-05-30,8.7030725479126,18.0441608428955,31.534460067749,-0.146123304963112,48.7,50.2,55.9,22.4,12.2,23.9,34
2018-05-31,9.35905742645264,20.1864395141602,31.5528335571289,-0.0641171932220459,48.7,50.2,55.9,22.4,12.2,23.9,34
2018-06-01,9.40143489837646,20.6675090789795,31.4487533569336,-0.0450417660176754,48.7,50.2,55.9,22.4,12.2,23.9,34
2018-06-02,9.33971309661865,21.1667175292969,31.3402252197266,-0.00466115633025765,48.7,50.2,55.9,22.4,12.2,23.9,34
2018-06-03,9.74822425842285,19.5861721038818,31.3340702056885,0.101873256266117,48.7,50.2,55.9,22.4,12.2,23.9,34
2018-06-04,9.19621086120605,18.0538635253906,31.5639705657959,0.160637870430946,48.7,50.2,55.9,22.4,12.2,23.9,34
2018-06-05,9.08956527709961,17.6786880493164,31.6768474578857,0.0743721127510071,48.7,50.2,55.9,22.4,12.2,23.9,34
2018-06-06,8.88308620452881,16.2626304626465,31.5250015258789,0.0917095243930817,48.7,50.2,55.9,22.4,12.2,23.9,34
2018-06-07,8.6161699295044,15.9794111251831,31.7729949951172,0.00533256912603974,48.7,50.2,55.9,22.4,12.2,23.9,34
2018-06-08,8.41867065429688,16.0982265472412,31.77268409729,-0.0661755502223969,48.7,50.2,55.9,22.4,12.2,23.9,34
2018-06-09,8.33639240264893,16.809757232666,31.6076126098633,-0.122572392225266,48.7,50.2,55.9,22.4,12.2,23.9,34
2018-06-10,8.2869930267334,17.2049942016602,31.3382263183594,-0.0826815515756607,48.7,50.2,55.9,22.4,12.2,23.9,34
2018-06-11,8.4312801361084,17.0616855621338,31.4975185394287,-0.0385243035852909,48.7,50.2,55.9,22.4,12.2,23.9,34
2018-06-12,8.57008266448975,16.9327335357666,31.8151874542236,-0.124063067138195,48.7,50.2,55.9,22.4,12.2,23.9,34
2018-06-13,8.45353126525879,17.3601322174072,31.7701091766357,-0.106537401676178,48.7,50.2,55.9,22.4,12.2,23.9,34
2018-06-14,8.2537202835083,17.8579807281494,31.5704727172852,-0.12050125002861,48.7,50.2,55.9,22.4,12.2,23.9,34
2018-06-15,8.57474994659424,18.4286422729492,31.5093841552734,-0.118247754871845,48.7,50.2,55.9,22.4,12.2,23.9,34
2018-06-16,8.68442249298096,18.8162593841553,31.527961730957,-0.114689290523529,48.7,50.2,55.9,22.4,12.2,23.9,34
2018-06-17,8.71549701690674,19.3027439117432,31.3961200714111,-0.119317479431629,48.7,50.2,55.9,22.4,12.2,23.9,34
2018-06-18,8.66942119598389,20.8571090698242,31.5701007843018,-0.0880589783191681,48.7,50.2,55.9,22.4,12.2,23.9,34
2018-06-19,8.72060489654541,21.5062732696533,31.0293674468994,-0.056140374392271,48.7,50.2,55.9,22.4,12.2,23.9,34
2018-06-20,8.70448684692383,22.1329669952393,30.8693714141846,-0.00349621474742889,48.7,50.2,55.9,22.4,12.2,23.9,34
2018-06-21,9.5506010055542,22.8450393676758,30.7806797027588,0.0396570153534412,48.7,50.2,55.9,22.4,12.2,23.9,34
2018-06-22,9.69474506378174,22.6071491241455,31.4541625976562,0.0177321564406157,48.7,50.2,55.9,22.4,12.2,23.9,34
2018-06-23,9.7785234451294,22.2027282714844,31.8966007232666,0.0259333346039057,48.7,50.2,55.9,22.4,12.2,23.9,34
2018-06-24,9.91616725921631,21.7273464202881,31.5963668823242,-0.0162443239241838,48.7,50.2,55.9,22.4,12.2,23.9,34
2018-06-25,9.8581371307373,21.8274669647217,31.4043579101562,-0.088878370821476,48.7,50.2,55.9,22.4,12.2,23.9,34
2018-06-26,9.73173713684082,21.9224224090576,31.5265731811523,-0.106267310678959,48.7,50.2,55.9,22.4,12.2,23.9,34
2018-06-27,9.84608268737793,22.2178592681885,31.6303100585938,-0.064716212451458,48.7,50.2,55.9,22.4,12.2,23.9,34
2018-06-28,9.77397155761719,22.4178066253662,31.4809055328369,0.0207626894116402,48.7,50.2,55.9,22.4,12.2,23.9,34
2018-06-29,9.61590671539307,23.0604572296143,31.2223796844482,0.0302426498383284,48.7,50.2,55.9,22.4,12.2,23.9,34
2018-06-30,9.22366142272949,24.0716400146484,31.2457294464111,-0.0667011737823486,48.7,50.2,55.9,22.4,12.2,23.9,34
2018-07-01,9.33329486846924,24.7946319580078,31.2490386962891,-0.0886723026633263,48.7,50.2,55.9,22.4,12.2,23.9,34
2018-07-02,9.26384830474854,25.358606338501,31.0776653289795,-0.0709104463458061,48.7,50.2,55.9,22.4,12.2,23.9,34
2018-07-03,10.3770885467529,25.685884475708,31.0234775543213,-0.0738075375556946,48.7,50.2,55.9,22.4,12.2,23.9,34
2018-07-04,10.4613046646118,25.6756191253662,31.2387447357178,-0.0837850049138069,48.7,50.2,55.9,22.4,12.2,23.9,34
2018-07-05,10.4682054519653,25.9443950653076,31.2445850372314,-0.0891173258423805,48.7,50.2,55.9,22.4,12.2,23.9,34
2018-07-06,10.5954208374023,25.834623336792,30.6845569610596,-0.101918876171112,48.7,50.2,55.9,22.4,12.2,23.9,34
2018-07-07,10.5337686538696,24.7992782592773,30.7452545166016,-0.104798845946789,48.7,50.2,55.9,22.4,12.2,23.9,34
2018-07-08,10.7104873657227,23.0884380340576,31.2580547332764,-0.0835295021533966,48.7,50.2,55.9,22.4,12.2,23.9,34
2018-07-09,11.1390390396118,22.5693836212158,31.3580989837646,-0.120077945291996,48.7,50.2,55.9,22.4,12.2,23.9,34
2018-07-10,11.0520277023315,22.6498718261719,31.3429412841797,-0.146469339728355,48.7,50.2,55.9,22.4,12.2,23.9,34
2018-07-11,10.789511680603,22.9832210540771,31.2817974090576,-0.131364092230797,48.7,50.2,55.9,22.4,12.2,23.9,34
2018-07-12,11.4100332260132,23.0137023925781,31.2139911651611,-0.123203366994858,48.7,50.2,55.9,22.4,12.2,23.9,34
2018-07-13,11.8727912902832,23.053430557251,31.1620006561279,-0.143948569893837,48.7,50.2,55.9,22.4,12.2,23.9,34
2018-07-14,11.7166013717651,23.2576770782471,31.229866027832,-0.115653671324253,48.7,50.2,55.9,22.4,12.2,23.9,34
2018-07-15,11.4535226821899,23.9105052947998,31.401159286499,-0.115147717297077,48.7,50.2,55.9,22.4,12.2,23.9,34
2018-07-16,11.3766584396362,24.2579441070557,31.1398468017578,-0.066101424396038,48.7,50.2,55.9,22.4,12.2,23.9,34
2018-07-17,11.4076309204102,24.6203670501709,30.6095561981201,-0.0239616613835096,48.7,50.2,55.9,22.4,12.2,23.9,34
2018-07-18,11.237401008606,24.1676921844482,30.4986209869385,-0.0215431246906519,48.7,50.2,55.9,22.4,12.2,23.9,34
2018-07-19,11.4268112182617,24.3433666229248,30.6492671966553,-0.0447135381400585,48.7,50.2,55.9,22.4,12.2,23.9,34
2018-07-20,11.6010465621948,24.3186359405518,30.7473297119141,-0.0518131889402866,48.7,50.2,55.9,22.4,12.2,23.9,34
2018-07-21,11.7668180465698,24.28688621521,30.9557704925537,0.00655220681801438,48.7,50.2,55.9,22.4,12.2,23.9,34
2018-07-22,11.8268823623657,23.2196216583252,30.9354991912842,0.0488303191959858,48.7,50.2,55.9,22.4,12.2,23.9,34
2018-07-23,11.7340307235718,23.1136016845703,30.8919277191162,-0.0568126142024994,48.7,50.2,55.9,22.4,12.2,23.9,34
2018-07-24,12.9328546524048,23.41872215271,30.982307434082,-0.0531896948814392,48.7,50.2,55.9,22.4,12.2,23.9,34
2018-07-25,12.826621055603,23.6629543304443,30.9957141876221,-0.0550293326377869,48.7,50.2,55.9,22.4,12.2,23.9,34
2018-07-26,12.6421918869019,23.9270706176758,30.9598445892334,-0.0633103847503662,48.7,50.2,55.9,22.4,12.2,23.9,34
2018-07-27,15.0642366409302,25.0366497039795,30.8744411468506,-0.0966808795928955,48.7,50.2,55.9,22.4,12.2,23.9,34
2018-07-28,14.9925651550293,25.3427715301514,30.8529758453369,-0.0953097119927406,48.7,50.2,55.9,22.4,12.2,23.9,34
2018-07-29,14.9007196426392,25.6031856536865,30.8303852081299,-0.13841025531292,48.7,50.2,55.9,22.4,12.2,23.9,34
2018-07-30,14.7890615463257,25.5108013153076,30.822380065918,-0.109331540763378,48.7,50.2,55.9,22.4,12.2,23.9,34
2018-07-31,13.9482984542847,25.2208614349365,30.7796401977539,-0.0676924511790276,48.7,50.2,55.9,22.4,12.2,23.9,34
2018-08-01,13.2104406356812,25.2740345001221,30.91796875,-0.0579231716692448,48.7,50.2,55.9,22.4,12.2,23.9,34
2018-08-02,13.5026693344116,25.7837886810303,31.2395343780518,-0.0971153751015663,48.7,50.2,55.9,22.4,12.2,23.9,34
2018-08-03,13.084132194519,26.0284729003906,31.3543472290039,-0.0788184478878975,48.7,50.2,55.9,22.4,12.2,23.9,34
2018-08-04,12.4975662231445,26.2506618499756,31.4034938812256,-0.100764513015747,48.7,50.2,55.9,22.4,12.2,23.9,34
2018-08-05,13.5109739303589,26.7397766113281,31.4700336456299,-0.0772780999541283,48.7,50.2,55.9,22.4,12.2,23.9,34
2018-08-06,13.7061166763306,27.0442867279053,31.5192565917969,-0.0560038052499294,48.7,50.2,55.9,22.4,12.2,23.9,34
2018-08-07,13.775520324707,27.0706462860107,31.6413402557373,-0.0540309101343155,48.7,50.2,55.9,22.4,12.2,23.9,34
2018-08-08,14.8280401229858,27.2167110443115,31.888219833374,-0.0329815335571766,48.7,50.2,55.9,22.4,12.2,23.9,34
2018-08-09,14.7962465286255,27.2669982910156,31.9751358032227,-0.0150163201615214,48.7,50.2,55.9,22.4,12.2,23.9,34
2018-08-10,14.8000059127808,27.6454772949219,32.0235328674316,-0.0457015335559845,48.7,50.2,55.9,22.4,12.2,23.9,34
2018-08-11,16.1391773223877,27.8044528961182,32.1219367980957,-0.0525262542068958,48.7,50.2,55.9,22.4,12.2,23.9,34
2018-08-12,15.9400014877319,27.5484466552734,32.1869888305664,-0.0538913905620575,48.7,50.2,55.9,22.4,12.2,23.9,34
2018-08-13,15.5045652389526,27.5586528778076,32.2217063903809,-0.0636777356266975,48.7,50.2,55.9,22.4,12.2,23.9,34
2018-08-14,14.3997468948364,27.1314792633057,32.1662139892578,-0.0778982266783714,48.7,50.2,55.9,22.4,12.2,23.9,34
2018-08-15,14.3941679000854,26.8161544799805,31.7630786895752,-0.0796951204538345,48.7,50.2,55.9,22.4,12.2,23.9,34
2018-08-16,14.492730140686,26.9676971435547,31.38818359375,-0.093966580927372,48.7,50.2,55.9,22.4,12.2,23.9,34
2018-08-17,14.3211431503296,26.98020362854,31.1832981109619,-0.0912759900093079,48.7,50.2,55.9,22.4,12.2,23.9,34
2018-08-18,14.0435371398926,26.5043544769287,31.1644649505615,-0.0328003466129303,48.7,50.2,55.9,22.4,12.2,23.9,34
2018-08-19,13.8537445068359,26.0684108734131,31.2111415863037,-0.035737331956625,48.7,50.2,55.9,22.4,12.2,23.9,34
2018-08-20,13.2116394042969,26.3751602172852,31.3855113983154,0.00565880769863725,48.7,50.2,55.9,22.4,12.2,23.9,34
2018-08-21,12.964427947998,26.1164398193359,31.4027538299561,0.00189050531480461,48.7,50.2,55.9,22.4,12.2,23.9,34
2018-08-22,12.8342771530151,25.8711338043213,31.7031707763672,0.0379941575229168,48.7,50.2,55.9,22.4,12.2,23.9,34
2018-08-23,12.9807615280151,25.4851169586182,32.013614654541,-0.068801186978817,48.7,50.2,55.9,22.4,12.2,23.9,34
2018-08-24,13.3017883300781,25.2886142730713,32.2131652832031,-0.105420343577862,48.7,50.2,55.9,22.4,12.2,23.9,34
2018-08-25,13.2295761108398,25.1645565032959,32.260066986084,-0.109001778066158,48.7,50.2,55.9,22.4,12.2,23.9,34
2018-08-26,13.287353515625,25.1749877929688,32.2631797790527,-0.0598470754921436,48.7,50.2,55.9,22.4,12.2,23.9,34
2018-08-27,12.7703552246094,25.0936908721924,32.2612228393555,-0.0656812191009521,48.7,50.2,55.9,22.4,12.2,23.9,34
2018-08-28,12.4645586013794,25.3963603973389,32.1818656921387,-0.0447321273386478,48.7,50.2,55.9,22.4,12.2,23.9,34
2018-08-29,11.4703025817871,26.4191303253174,31.7932033538818,-0.0742227211594582,48.7,50.2,55.9,22.4,12.2,23.9,34
2018-08-30,11.1544876098633,26.7637042999268,31.4564266204834,-0.0719229578971863,48.7,50.2,55.9,22.4,12.2,23.9,34
2018-08-31,11.3143653869629,27.0605697631836,31.4169940948486,-0.0767410770058632,48.7,50.2,55.9,22.4,12.2,23.9,34
2018-09-01,11.351658821106,25.8982772827148,31.552864074707,-0.00304463622160256,48.7,50.2,55.9,22.4,12.2,23.9,34
2018-09-02,10.8384313583374,25.8632678985596,31.4516372680664,-0.066844530403614,48.7,50.2,55.9,22.4,12.2,23.9,34
2018-09-03,10.8561601638794,26.0684967041016,31.3713779449463,-0.118139117956161,48.7,50.2,55.9,22.4,12.2,23.9,34
2018-09-04,11.7213897705078,26.8311004638672,31.2570953369141,-0.111946694552898,48.7,50.2,55.9,22.4,12.2,23.9,34
2018-09-05,11.4461975097656,27.1208171844482,31.2344207763672,-0.0948272421956062,48.7,50.2,55.9,22.4,12.2,23.9,34
2018-09-06,11.6914796829224,27.2437381744385,31.195291519165,-0.0657760724425316,48.7,50.2,55.9,22.4,12.2,23.9,34
2018-09-07,11.5968198776245,27.4387989044189,31.1824817657471,-0.0376151837408543,48.7,50.2,55.9,22.4,12.2,23.9,34
2018-09-08,11.8080930709839,27.5997905731201,31.1869888305664,0.0101872952654958,48.7,50.2,55.9,22.4,12.2,23.9,34
2018-09-09,12.6798067092896,25.7918090820312,31.4620990753174,0.134469851851463,48.7,50.2,55.9,22.4,12.2,23.9,34
2018-09-10,14.8407211303711,23.2259578704834,31.4950771331787,0.242661476135254,48.7,50.2,55.9,22.4,12.2,23.9,34
2018-09-11,15.7322883605957,23.2392292022705,31.4752502441406,0.146499291062355,48.7,50.2,55.9,22.4,12.2,23.9,34
2018-09-12,15.8383865356445,23.9580154418945,31.4191875457764,0.0677462071180344,48.7,50.2,55.9,22.4,12.2,23.9,34
2018-09-13,17.9577693939209,24.1265735626221,31.57275390625,0.043307464569807,48.7,50.2,55.9,22.4,12.2,23.9,34
2018-09-14,17.8100357055664,23.8795795440674,32.0809516906738,0.0913935676217079,48.7,50.2,55.9,22.4,12.2,23.9,34
2018-09-15,18.3403434753418,23.1492481231689,32.3966102600098,0.0830464065074921,48.7,50.2,55.9,22.4,12.2,23.9,34
2018-09-16,17.6901454925537,22.5309238433838,32.2698707580566,0.023191237822175,48.7,50.2,55.9,22.4,12.2,23.9,34
2018-09-17,16.4132556915283,22.8723125457764,32.3584442138672,0.0178712252527475,48.7,50.2,55.9,22.4,12.2,23.9,34
2018-09-18,15.4932632446289,23.0626850128174,32.2281074523926,0.0512544959783554,48.7,50.2,55.9,22.4,12.2,23.9,34
2018-09-19,15.1692056655884,23.1041870117188,32.0168380737305,0.0434961430728436,48.7,50.2,55.9,22.4,12.2,23.9,34
2018-09-20,15.4201164245605,22.4041843414307,32.2434158325195,0.0873220562934875,48.7,50.2,55.9,22.4,12.2,23.9,34
2018-09-21,15.3862047195435,22.222785949707,32.2428131103516,0.058916624635458,48.7,50.2,55.9,22.4,12.2,23.9,34
2018-09-22,16.4701995849609,22.4278125762939,32.0970649719238,0.00703895464539528,48.7,50.2,55.9,22.4,12.2,23.9,34
2018-09-23,16.4095764160156,22.1771793365479,32.2377128601074,-0.00875499472022057,48.7,50.2,55.9,22.4,12.2,23.9,34
2018-09-24,16.5309886932373,22.01100730896,32.3774909973145,0.0214979518204927,48.7,50.2,55.9,22.4,12.2,23.9,34
2018-09-25,16.970796585083,22.6371326446533,32.4236946105957,0.141433075070381,48.7,50.2,55.9,22.4,12.2,23.9,34
2018-09-26,16.6696681976318,22.6622257232666,32.4899711608887,0.179154872894287,48.7,50.2,55.9,22.4,12.2,23.9,34
2018-09-27,16.367618560791,22.8286228179932,32.3799171447754,0.123739115893841,48.7,50.2,55.9,22.4,12.2,23.9,34
2018-09-28,15.5491714477539,21.9833011627197,32.3207511901855,0.13202191889286,48.7,50.2,55.9,22.4,12.2,23.9,34
2018-09-29,15.7338638305664,21.9610919952393,32.1027641296387,0.0248409807682037,48.7,50.2,55.9,22.4,12.2,23.9,34
2018-09-30,15.5625162124634,22.2243118286133,31.9842128753662,0.0020083908457309,48.7,50.2,55.9,22.4,12.2,23.9,34
2018-10-01,15.2475318908691,22.1439228057861,31.9171371459961,-0.00120153278112411,48.7,50.2,55.9,22.4,12.2,23.9,34
2018-10-02,14.895580291748,22.4295444488525,31.7432327270508,0.00269923848100007,48.7,50.2,55.9,22.4,12.2,23.9,34
2018-10-03,14.490592956543,22.8599624633789,31.4203128814697,0.0646221414208412,48.7,50.2,55.9,22.4,12.2,23.9,34
2018-10-04,14.8890256881714,23.0243682861328,31.2763423919678,0.0675148665904999,48.7,50.2,55.9,22.4,12.2,23.9,34
2018-10-05,15.1142854690552,22.9943771362305,31.0182666778564,0.0360475741326809,48.7,50.2,55.9,22.4,12.2,23.9,34
2018-10-06,15.7488670349121,22.458402633667,30.8112049102783,0.0129135577008128,48.7,50.2,55.9,22.4,12.2,23.9,34
2018-10-07,15.9401016235352,22.3519973754883,30.8051929473877,-0.0664722099900246,48.7,50.2,55.9,22.4,12.2,23.9,34
2018-10-08,15.6534767150879,22.7504425048828,30.7444458007812,-0.0824643969535828,48.7,50.2,55.9,22.4,12.2,23.9,34
2018-10-09,15.890495300293,22.8878955841064,31.0351047515869,-0.0363409630954266,48.7,50.2,55.9,22.4,12.2,23.9,34
2018-10-10,17.2128276824951,23.4232482910156,30.9778594970703,-0.0603973306715488,48.7,50.2,55.9,22.4,12.2,23.9,34
2018-10-11,17.0516719818115,23.5134563446045,30.723014831543,0.0524664632976055,48.7,50.2,55.9,22.4,12.2,23.9,34
2018-10-12,16.8945026397705,22.8291683197021,31.0637035369873,0.216880276799202,48.7,50.2,55.9,22.4,12.2,23.9,34
2018-10-13,17.8024921417236,21.8829708099365,31.5620193481445,0.114013284444809,48.7,50.2,55.9,22.4,12.2,23.9,34
2018-10-14,17.4324512481689,21.3715000152588,31.6253261566162,0.0544736385345459,48.7,50.2,55.9,22.4,12.2,23.9,34
2018-10-15,16.881814956665,21.400541305542,31.1119823455811,0.0708323866128922,48.7,50.2,55.9,22.4,12.2,23.9,34
2018-10-16,15.5043029785156,21.6897678375244,30.8907470703125,-0.0381629839539528,48.7,50.2,55.9,22.4,12.2,23.9,34
2018-10-17,15.1986198425293,21.2733783721924,31.0924911499023,-0.0534872822463512,48.7,50.2,55.9,22.4,12.2,23.9,34
2018-10-18,15.0635223388672,20.875602722168,31.2983493804932,-0.200951889157295,48.7,50.2,55.9,22.4,12.2,23.9,34
2018-10-19,14.9433908462524,20.3753204345703,31.5384883880615,-0.188526406884193,48.7,50.2,55.9,22.4,12.2,23.9,34
2018-10-20,14.972053527832,20.6337184906006,31.6936054229736,-0.0960866287350655,48.7,50.2,55.9,22.4,12.2,23.9,34
2018-10-21,14.7287797927856,20.4542045593262,31.7514801025391,-0.116812609136105,48.7,50.2,55.9,22.4,12.2,23.9,34
2018-10-22,13.4303865432739,19.3424587249756,31.8260898590088,-0.183461084961891,48.7,50.2,55.9,22.4,12.2,23.9,34
2018-10-23,12.9084014892578,18.7963428497314,31.77760887146,-0.073385439813137,48.7,50.2,55.9,22.4,12.2,23.9,34
2018-10-24,12.5562181472778,18.4149379730225,31.7739639282227,-0.0777025446295738,48.7,50.2,55.9,22.4,12.2,23.9,34
2018-10-25,14.3699722290039,17.7216091156006,31.6170043945312,-0.0763399824500084,48.7,50.2,55.9,22.4,12.2,23.9,34
2018-10-26,14.5797815322876,17.3692836761475,31.5971813201904,-0.0958638563752174,48.7,50.2,55.9,22.4,12.2,23.9,34
2018-10-27,14.9356698989868,17.2940826416016,31.7742862701416,0.232186838984489,48.7,50.2,55.9,22.4,12.2,23.9,34
2018-10-28,14.5168867111206,16.7938766479492,31.5618190765381,0.0860720500349998,48.7,50.2,55.9,22.4,12.2,23.9,34
2018-10-29,14.403920173645,16.6787910461426,31.4342288970947,0.00595742976292968,48.7,50.2,55.9,22.4,12.2,23.9,34
2018-10-30,14.4666900634766,16.500524520874,31.4827060699463,-0.0811235681176186,48.7,50.2,55.9,22.4,12.2,23.9,34
2018-10-31,13.8635263442993,16.4757556915283,31.6469058990479,-0.0490775257349014,48.7,50.2,55.9,22.4,12.2,23.9,34
2018-11-01,13.9058532714844,16.497709274292,31.6044445037842,-0.0251728985458612,48.7,50.2,55.9,22.4,12.2,23.9,34
2018-11-02,13.9502267837524,16.572696685791,31.6042575836182,-0.00111552176531404,48.7,50.2,55.9,22.4,12.2,23.9,34
2018-11-03,14.483642578125,17.0397090911865,31.7516384124756,-0.0280894637107849,48.7,50.2,55.9,22.4,12.2,23.9,34
2018-11-04,14.666407585144,16.9752750396729,31.8423080444336,-0.290590733289719,48.7,50.2,55.9,22.4,12.2,23.9,34
2018-11-05,14.8015642166138,16.9838428497314,31.9138412475586,-0.116356790065765,48.7,50.2,55.9,22.4,12.2,23.9,34
2018-11-06,15.2332229614258,16.5879611968994,32.0462265014648,-0.0110005801543593,48.7,50.2,55.9,22.4,12.2,23.9,34
2018-11-07,15.1745729446411,16.6479549407959,32.0016555786133,-0.0914249494671822,48.7,50.2,55.9,22.4,12.2,23.9,34
2018-11-08,15.4161748886108,16.6567573547363,32.0893669128418,-0.133099213242531,48.7,50.2,55.9,22.4,12.2,23.9,34
2018-11-09,15.8133687973022,16.2760410308838,32.1477355957031,-0.0269978363066912,48.7,50.2,55.9,22.4,12.2,23.9,34
2018-11-10,15.6969795227051,16.0817432403564,32.1048011779785,-0.0531567595899105,48.7,50.2,55.9,22.4,12.2,23.9,34
2018-11-11,15.9902267456055,15.6628847122192,32.1467742919922,-0.284737437963486,48.7,50.2,55.9,22.4,12.2,23.9,34
2018-11-12,15.0145673751831,15.0253305435181,32.3235282897949,-0.236023440957069,48.7,50.2,55.9,22.4,12.2,23.9,34
2018-11-13,14.9473695755005,14.8644075393677,32.2601356506348,-0.113291323184967,48.7,50.2,55.9,22.4,12.2,23.9,34
2018-11-14,15.0350799560547,14.4825887680054,32.2474708557129,-0.290395945310593,48.7,50.2,55.9,22.4,12.2,23.9,34
2018-11-15,16.2080955505371,14.7278356552124,32.3505516052246,-0.187266126275063,48.7,50.2,55.9,22.4,12.2,23.9,34
2018-11-16,15.9347610473633,14.7498559951782,32.2938423156738,-0.0349520333111286,48.7,50.2,55.9,22.4,12.2,23.9,34
2018-11-17,15.7795219421387,14.6433687210083,32.4558219909668,-0.264269292354584,48.7,50.2,55.9,22.4,12.2,23.9,34
2018-11-18,15.3706884384155,14.4660329818726,32.4729118347168,-0.241254016757011,48.7,50.2,55.9,22.4,12.2,23.9,34
2018-11-19,14.9286727905273,14.3567047119141,32.4397354125977,-0.073836624622345,48.7,50.2,55.9,22.4,12.2,23.9,34
2018-11-20,14.7381563186646,14.2310523986816,32.3956756591797,-0.0201511923223734,48.7,50.2,55.9,22.4,12.2,23.9,34
2018-11-21,14.8177175521851,14.5731134414673,32.2562065124512,-0.108341388404369,48.7,50.2,55.9,22.4,12.2,23.9,34
2018-11-22,15.3122434616089,14.3774423599243,32.3491096496582,-0.287132650613785,48.7,50.2,55.9,22.4,12.2,23.9,34
2018-11-23,15.415337562561,14.0855340957642,32.500316619873,-0.218696907162666,48.7,50.2,55.9,22.4,12.2,23.9,34
2018-11-24,14.7664251327515,13.5766401290894,32.4982376098633,-0.0611606426537037,48.7,50.2,55.9,22.4,12.2,23.9,34
2018-11-25,14.4916849136353,13.5744733810425,32.5231628417969,0.0424000918865204,48.7,50.2,55.9,22.4,12.2,23.9,34
2018-11-26,14.0770750045776,13.460883140564,32.4027519226074,0.0788657516241074,48.7,50.2,55.9,22.4,12.2,23.9,34
2018-11-27,13.65869140625,13.5672903060913,32.2292213439941,0.114261753857136,48.7,50.2,55.9,22.4,12.2,23.9,34
2018-11-28,13.7375745773315,13.0818948745728,32.2447967529297,-0.0513028092682362,48.7,50.2,55.9,22.4,12.2,23.9,34
2018-11-29,14.0405721664429,12.6734504699707,32.3208045959473,-0.145747780799866,48.7,50.2,55.9,22.4,12.2,23.9,34
2018-11-30,14.7800416946411,13.0608148574829,32.4456367492676,-0.023585757240653,48.7,50.2,55.9,22.4,12.2,23.9,34
2018-12-01,14.5198593139648,12.9835577011108,32.574951171875,0.0188092216849327,48.7,50.2,55.9,22.4,12.2,23.9,34
2018-12-02,13.9912872314453,13.1793737411499,32.7113151550293,0.128184527158737,48.7,50.2,55.9,22.4,12.2,23.9,34
2018-12-03,13.6502733230591,12.674880027771,32.4998245239258,0.0821494683623314,48.7,50.2,55.9,22.4,12.2,23.9,34
2018-12-04,13.7203340530396,12.3803014755249,32.4565162658691,-0.0646754950284958,48.7,50.2,55.9,22.4,12.2,23.9,34
2018-12-05,13.5811433792114,12.1489028930664,32.5940818786621,-0.0499128997325897,48.7,50.2,55.9,22.4,12.2,23.9,34
2018-12-06,13.5291738510132,12.329761505127,32.6705055236816,-0.102345131337643,48.7,50.2,55.9,22.4,12.2,23.9,34
2018-12-07,13.6493406295776,12.1574697494507,32.6730461120605,-0.197047099471092,48.7,50.2,55.9,22.4,12.2,23.9,34
2018-12-08,13.73876953125,12.0347623825073,32.7446365356445,-0.193370595574379,48.7,50.2,55.9,22.4,12.2,23.9,34
2018-12-09,13.6975555419922,11.7233896255493,32.8611946105957,-0.142409652471542,48.7,50.2,55.9,22.4,12.2,23.9,34
2018-12-10,12.8144226074219,11.8286437988281,32.9497413635254,-0.0327188670635223,48.7,50.2,55.9,22.4,12.2,23.9,34
2018-12-11,11.7670850753784,11.7399110794067,32.9400177001953,-0.0585876442492008,48.7,50.2,55.9,22.4,12.2,23.9,34
2018-12-12,11.580849647522,11.6033430099487,32.9828071594238,-0.111968487501144,48.7,50.2,55.9,22.4,12.2,23.9,34
2018-12-13,11.5655717849731,11.4609031677246,32.9786834716797,-0.17227041721344,48.7,50.2,55.9,22.4,12.2,23.9,34
2018-12-14,11.471474647522,11.4021520614624,32.989086151123,-0.0776291191577911,48.7,50.2,55.9,22.4,12.2,23.9,34
2018-12-15,11.2520332336426,11.259596824646,32.9596557617188,-0.0708767622709274,48.7,50.2,55.9,22.4,12.2,23.9,34
2018-12-16,11.240008354187,11.2337961196899,32.9088935852051,0.0891099572181702,48.7,50.2,55.9,22.4,12.2,23.9,34
2018-12-17,11.093150138855,10.7759733200073,32.7400894165039,0.0621032156050205,48.7,50.2,55.9,22.4,12.2,23.9,34
2018-12-18,11.0544919967651,10.9928970336914,32.6721611022949,-0.142499357461929,48.7,50.2,55.9,22.4,12.2,23.9,34
2018-12-19,10.9324331283569,10.8634328842163,32.6830558776855,-0.184762224555016,48.7,50.2,55.9,22.4,12.2,23.9,34
2018-12-20,10.9582433700562,10.8341131210327,32.6997871398926,-0.108300022780895,48.7,50.2,55.9,22.4,12.2,23.9,34
2018-12-21,10.4642992019653,10.7751131057739,32.6009635925293,0.0687153711915016,48.7,50.2,55.9,22.4,12.2,23.9,34
2018-12-22,10.7235269546509,10.3974370956421,32.1107749938965,-0.00642639817669988,48.7,50.2,55.9,22.4,12.2,23.9,34
2018-12-23,10.9678926467896,10.0991315841675,32.0810585021973,-0.265580356121063,48.7,50.2,55.9,22.4,12.2,23.9,34
2018-12-24,11.0593366622925,10.6275796890259,31.9828491210938,-0.187570050358772,48.7,50.2,55.9,22.4,12.2,23.9,34
2018-12-25,11.1276636123657,10.4288024902344,32.030330657959,-0.191053926944733,48.7,50.2,55.9,22.4,12.2,23.9,34
2018-12-26,11.1297922134399,10.2775821685791,32.1216659545898,-0.195763409137726,48.7,50.2,55.9,22.4,12.2,23.9,34
2018-12-27,10.6079206466675,10.0668201446533,32.3198013305664,-0.244548484683037,48.7,50.2,55.9,22.4,12.2,23.9,34
2018-12-28,10.5786600112915,10.1080083847046,32.3860702514648,-0.0931543633341789,48.7,50.2,55.9,22.4,12.2,23.9,34
2018-12-29,10.8120546340942,9.80259990692139,32.0065841674805,-0.106576383113861,48.7,50.2,55.9,22.4,12.2,23.9,34
2018-12-30,10.7101783752441,9.91159248352051,32.2033500671387,-0.198161646723747,48.7,50.2,55.9,22.4,12.2,23.9,34
2018-12-31,10.6397361755371,9.94490146636963,32.3441047668457,-0.111684538424015,48.7,50.2,55.9,22.4,12.2,23.9,34
2019-01-01,10.7264356613159,9.8349609375,32.1137657165527,-0.0524211712181568,48.7,50.2,55.9,22.4,12.2,23.9,34
2019-01-02,10.7112073898315,9.83419513702393,32.192253112793,-0.20780985057354,48.7,50.2,55.9,22.4,12.2,23.9,34
2019-01-03,10.7696580886841,9.82115173339844,32.1833152770996,-0.104159243404865,48.7,50.2,55.9,22.4,12.2,23.9,34
2019-01-04,10.8761825561523,9.7288408279419,32.1926727294922,-0.0726663991808891,48.7,50.2,55.9,22.4,12.2,23.9,34
2019-01-05,11.0498704910278,10.1624050140381,31.9877223968506,0.0992269590497017,48.7,50.2,55.9,22.4,12.2,23.9,34
2019-01-06,11.1503591537476,10.0352849960327,31.701021194458,-0.0458503216505051,48.7,50.2,55.9,22.4,12.2,23.9,34
2019-01-07,11.1325521469116,10.05553150177,31.9326400756836,-0.158448413014412,48.7,50.2,55.9,22.4,12.2,23.9,34
2019-01-08,11.0418901443481,9.86971950531006,32.0558128356934,-0.0195824168622494,48.7,50.2,55.9,22.4,12.2,23.9,34
2019-01-09,11.083179473877,9.46924304962158,31.4201908111572,-0.0219637956470251,48.7,50.2,55.9,22.4,12.2,23.9,34
2019-01-10,11.1322402954102,8.95422458648682,31.1237735748291,-0.208556234836578,48.7,50.2,55.9,22.4,12.2,23.9,34
2019-01-11,11.1732444763184,8.85955047607422,31.4034900665283,-0.199627101421356,48.7,50.2,55.9,22.4,12.2,23.9,34
2019-01-12,11.1671895980835,9.1665678024292,32.4805145263672,-0.241844043135643,48.7,50.2,55.9,22.4,12.2,23.9,34
2019-01-13,11.2088327407837,9.08153629302979,32.616512298584,-0.142524912953377,48.7,50.2,55.9,22.4,12.2,23.9,34
2019-01-14,9.82381343841553,9.28615474700928,33.0575256347656,0.00064392015337944,48.7,50.2,55.9,22.4,12.2,23.9,34
2019-01-15,9.03840732574463,8.91553020477295,32.8329963684082,-0.0648806244134903,48.7,50.2,55.9,22.4,12.2,23.9,34
2019-01-16,9.06096363067627,8.54899883270264,32.7508735656738,-0.127985090017319,48.7,50.2,55.9,22.4,12.2,23.9,34
2019-01-17,9.25508975982666,8.40651988983154,32.705493927002,-0.205786108970642,48.7,50.2,55.9,22.4,12.2,23.9,34
2019-01-18,9.1580057144165,8.41125583648682,32.7258529663086,-0.117918334901333,48.7,50.2,55.9,22.4,12.2,23.9,34
2019-01-19,9.085280418396,8.31355381011963,32.7853889465332,-0.132097572088242,48.7,50.2,55.9,22.4,12.2,23.9,34
2019-01-20,8.95481967926025,8.84518146514893,32.7144050598145,0.0858096182346344,48.7,50.2,55.9,22.4,12.2,23.9,34
2019-01-21,8.99512577056885,8.3722677230835,32.6402969360352,-0.26921620965004,48.7,50.2,55.9,22.4,12.2,23.9,34
2019-01-22,8.44842433929443,8.219069480896,32.7649116516113,-0.543971240520477,48.7,50.2,55.9,22.4,12.2,23.9,34
2019-01-23,8.37021160125732,8.30367851257324,32.7528114318848,-0.345504522323608,48.7,50.2,55.9,22.4,12.2,23.9,34
2019-01-24,8.74514198303223,7.67316007614136,32.1426811218262,-0.156691238284111,48.7,50.2,55.9,22.4,12.2,23.9,34
2019-01-25,8.99207210540771,7.4374623298645,32.0546722412109,-0.276926070451736,48.7,50.2,55.9,22.4,12.2,23.9,34
2019-01-26,8.79663753509521,6.92541646957397,32.1435127258301,-0.327744275331497,48.7,50.2,55.9,22.4,12.2,23.9,34
2019-01-27,8.77989387512207,6.89681816101074,32.1642799377441,-0.147996917366982,48.7,50.2,55.9,22.4,12.2,23.9,34
2019-01-28,8.81590938568115,6.71418142318726,32.1037406921387,-0.0900744125247002,48.7,50.2,55.9,22.4,12.2,23.9,34
2019-01-29,8.72379493713379,7.59320783615112,32.3353805541992,-0.0356175117194653,48.7,50.2,55.9,22.4,12.2,23.9,34
2019-01-30,8.67488765716553,7.78246545791626,32.4894752502441,-0.0614786483347416,48.7,50.2,55.9,22.4,12.2,23.9,34
2019-01-31,8.87365436553955,7.48932838439941,32.557559967041,-0.321926802396774,48.7,50.2,55.9,22.4,12.2,23.9,34
2019-02-01,9.14340782165527,6.91739320755005,32.5099906921387,-0.372665643692017,48.7,50.2,55.9,22.4,12.2,23.9,34
2019-02-02,9.33166599273682,6.93958520889282,32.5628623962402,-0.33186349272728,48.7,50.2,55.9,22.4,12.2,23.9,34
2019-02-03,9.43780040740967,6.96995162963867,32.5836410522461,-0.333783537149429,48.7,50.2,55.9,22.4,12.2,23.9,34
2019-02-04,9.26046943664551,6.73639249801636,32.507007598877,-0.204151347279549,48.7,50.2,55.9,22.4,12.2,23.9,34
2019-02-05,9.27000522613525,6.9457859992981,32.5604286193848,-0.165685072541237,48.7,50.2,55.9,22.4,12.2,23.9,34
2019-02-06,9.26408958435059,7.1339430809021,32.6088523864746,-0.184677913784981,48.7,50.2,55.9,22.4,12.2,23.9,34
2019-02-07,9.70743083953857,8.63131523132324,32.6029090881348,-0.125035002827644,48.7,50.2,55.9,22.4,12.2,23.9,34
2019-02-08,9.39577388763428,8.54025363922119,32.6443748474121,-0.141125932335854,48.7,50.2,55.9,22.4,12.2,23.9,34
2019-02-09,9.41075134277344,8.26167583465576,32.7293128967285,-0.479358911514282,48.7,50.2,55.9,22.4,12.2,23.9,34
2019-02-10,9.01046276092529,7.1774640083313,32.7344703674316,-0.477609902620316,48.7,50.2,55.9,22.4,12.2,23.9,34
2019-02-11,9.01543712615967,7.05798482894897,32.7418594360352,-0.364675790071487,48.7,50.2,55.9,22.4,12.2,23.9,34
2019-02-12,8.77908420562744,7.10756254196167,32.8333740234375,-0.170746803283691,48.7,50.2,55.9,22.4,12.2,23.9,34
2019-02-13,8.27468490600586,7.77474451065063,32.8021583557129,-0.0413378514349461,48.7,50.2,55.9,22.4,12.2,23.9,34
2019-02-14,8.46508884429932,7.71597862243652,32.8187522888184,-0.300120770931244,48.7,50.2,55.9,22.4,12.2,23.9,34
2019-02-15,8.99490451812744,7.65616273880005,32.6419563293457,-0.219409108161926,48.7,50.2,55.9,22.4,12.2,23.9,34
2019-02-16,9.43875980377197,7.69440793991089,32.5346336364746,-0.102047003805637,48.7,50.2,55.9,22.4,12.2,23.9,34
2019-02-17,9.33245372772217,7.7578330039978,32.7967948913574,-0.126687720417976,48.7,50.2,55.9,22.4,12.2,23.9,34
2019-02-18,9.32355308532715,7.7401237487793,32.7083549499512,-0.154981896281242,48.7,50.2,55.9,22.4,12.2,23.9,34
2019-02-19,9.5539960861206,7.52964544296265,32.5675201416016,-0.315363824367523,48.7,50.2,55.9,22.4,12.2,23.9,34
2019-02-20,9.42746829986572,7.3931450843811,32.6242866516113,-0.322136998176575,48.7,50.2,55.9,22.4,12.2,23.9,34
2019-02-21,9.19971466064453,7.40542650222778,32.6107292175293,-0.189753159880638,48.7,50.2,55.9,22.4,12.2,23.9,34
2019-02-22,8.48596572875977,6.42558097839355,32.5572738647461,-0.245417356491089,48.7,50.2,55.9,22.4,12.2,23.9,34
2019-02-23,8.2416410446167,6.48566961288452,32.586597442627,-0.175919130444527,48.7,50.2,55.9,22.4,12.2,23.9,34
2019-02-24,7.87718725204468,6.68463659286499,32.6373863220215,0.0389671213924885,48.7,50.2,55.9,22.4,12.2,23.9,34
2019-02-25,7.78940057754517,7.18670988082886,32.0635795593262,-0.250242322683334,48.7,50.2,55.9,22.4,12.2,23.9,34
2019-02-26,8.23138046264648,7.30414772033691,32.0814437866211,-0.499051570892334,48.7,50.2,55.9,22.4,12.2,23.9,34
2019-02-27,8.67097187042236,7.01893854141235,31.4096145629883,-0.341428190469742,48.7,50.2,55.9,22.4,12.2,23.9,34
2019-02-28,8.25410652160645,6.94363069534302,32.1763610839844,-0.181131049990654,48.7,50.2,55.9,22.4,12.2,23.9,34
2019-03-01,7.90571165084839,7.08965444564819,32.7941780090332,-0.134714916348457,48.7,50.2,55.9,22.4,12.2,23.9,34
2019-03-02,7.71816682815552,7.10695791244507,33.0333061218262,-0.0365765653550625,48.7,50.2,55.9,22.4,12.2,23.9,34
2019-03-03,7.67101430892944,6.93489599227905,32.9126853942871,-0.072174571454525,48.7,50.2,55.9,22.4,12.2,23.9,34
2019-03-04,7.47183561325073,6.70392847061157,32.6183471679688,0.0593948923051357,48.7,50.2,55.9,22.4,12.2,23.9,34
2019-03-05,7.27829790115356,6.24357175827026,32.4885711669922,-0.13991105556488,48.7,50.2,55.9,22.4,12.2,23.9,34
2019-03-06,7.05325746536255,6.1277003288269,32.3213081359863,-0.196660175919533,48.7,50.2,55.9,22.4,12.2,23.9,34
2019-03-07,7.25223159790039,5.88647651672363,32.3625946044922,-0.232135400176048,48.7,50.2,55.9,22.4,12.2,23.9,34
2019-03-08,7.40531587600708,5.83053827285767,32.3799934387207,-0.232176378369331,48.7,50.2,55.9,22.4,12.2,23.9,34
2019-03-09,7.55231714248657,5.99173212051392,32.4332237243652,-0.164774969220161,48.7,50.2,55.9,22.4,12.2,23.9,34
2019-03-10,7.56624841690063,6.11576890945435,32.4938888549805,-0.0818002447485924,48.7,50.2,55.9,22.4,12.2,23.9,34
2019-03-11,7.33911561965942,6.20797204971313,32.4017105102539,-0.107331939041615,48.7,50.2,55.9,22.4,12.2,23.9,34
2019-03-12,7.75607347488403,6.15361738204956,32.353572845459,-0.203630164265633,48.7,50.2,55.9,22.4,12.2,23.9,34
2019-03-13,7.72295618057251,6.20260095596313,32.4863014221191,-0.241569876670837,48.7,50.2,55.9,22.4,12.2,23.9,34
2019-03-14,7.58367919921875,6.23539733886719,32.4839401245117,-0.176213756203651,48.7,50.2,55.9,22.4,12.2,23.9,34
2019-03-15,7.33490514755249,6.32843923568726,31.9299144744873,-0.154750689864159,48.7,50.2,55.9,22.4,12.2,23.9,34
2019-03-16,7.67359161376953,6.62060213088989,30.924352645874,-0.210212230682373,48.7,50.2,55.9,22.4,12.2,23.9,34
2019-03-17,7.78626775741577,6.7187180519104,31.1516571044922,-0.266004264354706,48.7,50.2,55.9,22.4,12.2,23.9,34
2019-03-18,7.86247205734253,6.80522727966309,31.2915287017822,-0.227131232619286,48.7,50.2,55.9,22.4,12.2,23.9,34
2019-03-19,7.88123941421509,6.67304468154907,31.3424549102783,-0.33033087849617,48.7,50.2,55.9,22.4,12.2,23.9,34
2019-03-20,7.87053298950195,6.72482299804688,31.4990978240967,-0.253860324621201,48.7,50.2,55.9,22.4,12.2,23.9,34
2019-03-21,7.97548246383667,7.13488578796387,31.791109085083,-0.0910315215587616,48.7,50.2,55.9,22.4,12.2,23.9,34
2019-03-22,7.95663785934448,7.11217927932739,31.695707321167,0.00504367658868432,48.7,50.2,55.9,22.4,12.2,23.9,34
2019-03-23,8.29587364196777,6.97528696060181,31.7323303222656,-0.31283438205719,48.7,50.2,55.9,22.4,12.2,23.9,34
2019-03-24,8.23698902130127,7.29212522506714,31.7744121551514,-0.400143176317215,48.7,50.2,55.9,22.4,12.2,23.9,34
2019-03-25,8.38912868499756,7.42245101928711,31.749059677124,-0.238842681050301,48.7,50.2,55.9,22.4,12.2,23.9,34
2019-03-26,8.31243228912354,7.44217252731323,31.9293956756592,-0.160267725586891,48.7,50.2,55.9,22.4,12.2,23.9,34
2019-03-27,8.320068359375,7.19784927368164,32.4178466796875,-0.185940802097321,48.7,50.2,55.9,22.4,12.2,23.9,34
2019-03-28,8.12477874755859,7.27725219726562,32.4110260009766,-0.187845334410667,48.7,50.2,55.9,22.4,12.2,23.9,34
2019-03-29,8.27501678466797,7.48778581619263,32.4218101501465,-0.166873887181282,48.7,50.2,55.9,22.4,12.2,23.9,34
2019-03-30,8.76381492614746,7.65345144271851,32.3818244934082,-0.165982022881508,48.7,50.2,55.9,22.4,12.2,23.9,34
2019-03-31,9.0127534866333,7.74707555770874,32.0185127258301,-0.108946643769741,48.7,50.2,55.9,22.4,12.2,23.9,34
2019-04-01,9.26125526428223,7.5497784614563,32.2116012573242,-0.245584949851036,48.7,50.2,55.9,22.4,12.2,23.9,34
2019-04-02,9.36292743682861,7.29407644271851,32.3904838562012,-0.246591433882713,48.7,50.2,55.9,22.4,12.2,23.9,34
2019-04-03,9.02903652191162,7.38201284408569,32.4916572570801,-0.151687651872635,48.7,50.2,55.9,22.4,12.2,23.9,34
2019-04-04,9.04338455200195,7.56367301940918,32.2119560241699,-0.325143605470657,48.7,50.2,55.9,22.4,12.2,23.9,34
2019-04-05,8.80992126464844,7.69069910049438,32.2445869445801,-0.366063147783279,48.7,50.2,55.9,22.4,12.2,23.9,34
2019-04-06,8.76968097686768,7.8185601234436,32.2269630432129,-0.295082300901413,48.7,50.2,55.9,22.4,12.2,23.9,34
2019-04-07,8.74825477600098,7.94322967529297,32.1490783691406,-0.288273185491562,48.7,50.2,55.9,22.4,12.2,23.9,34
2019-04-08,8.51633644104004,8.15647411346436,31.9730167388916,-0.153140231966972,48.7,50.2,55.9,22.4,12.2,23.9,34
2019-04-09,8.49681377410889,8.43613338470459,31.7760715484619,-0.0537773258984089,48.7,50.2,55.9,22.4,12.2,23.9,34
2019-04-10,8.34024143218994,8.82358837127686,32.198413848877,-0.0330449007451534,48.7,50.2,55.9,22.4,12.2,23.9,34
2019-04-11,8.05141353607178,8.69637298583984,32.3377113342285,-0.126467823982239,48.7,50.2,55.9,22.4,12.2,23.9,34
2019-04-12,7.94648361206055,8.90679454803467,32.3627319335938,-0.147735014557838,48.7,50.2,55.9,22.4,12.2,23.9,34
2019-04-13,7.88641977310181,9.23397827148438,32.2062377929688,-0.117960728704929,48.7,50.2,55.9,22.4,12.2,23.9,34
2019-04-14,8.75446796417236,10.1961507797241,32.1067428588867,-0.164575934410095,48.7,50.2,55.9,22.4,12.2,23.9,34
2019-04-15,8.66611385345459,10.225456237793,31.8440723419189,-0.0807559192180634,48.7,50.2,55.9,22.4,12.2,23.9,34
2019-04-16,8.63639736175537,10.2469778060913,31.5543613433838,-0.308147341012955,48.7,50.2,55.9,22.4,12.2,23.9,34
2019-04-17,9.21141242980957,10.1331024169922,31.6316986083984,-0.293004184961319,48.7,50.2,55.9,22.4,12.2,23.9,34
2019-04-18,9.05180072784424,10.1721363067627,31.8495788574219,-0.180172026157379,48.7,50.2,55.9,22.4,12.2,23.9,34
2019-04-19,8.91846370697021,10.6136503219604,31.5532817840576,-0.115198813378811,48.7,50.2,55.9,22.4,12.2,23.9,34
2019-04-20,8.42084407806396,10.910026550293,31.4324245452881,-0.0723201483488083,48.7,50.2,55.9,22.4,12.2,23.9,34
2019-04-21,8.3588171005249,11.274471282959,31.2525081634521,-0.114602275192738,48.7,50.2,55.9,22.4,12.2,23.9,34
2019-04-22,8.21711826324463,11.6046676635742,31.1936416625977,-0.0947434678673744,48.7,50.2,55.9,22.4,12.2,23.9,34
2019-04-23,8.66287708282471,12.2325134277344,31.1588726043701,-0.0419394820928574,48.7,50.2,55.9,22.4,12.2,23.9,34
2019-04-24,8.63575744628906,12.6555604934692,31.1880512237549,-0.0470582358539104,48.7,50.2,55.9,22.4,12.2,23.9,34
2019-04-25,8.58890628814697,13.0561037063599,31.2556819915771,-0.0502209849655628,48.7,50.2,55.9,22.4,12.2,23.9,34
2019-04-26,9.20613670349121,12.2752161026001,31.3302307128906,0.00917353853583336,48.7,50.2,55.9,22.4,12.2,23.9,34
2019-04-27,9.19625568389893,11.9123334884644,31.3969573974609,-0.056704044342041,48.7,50.2,55.9,22.4,12.2,23.9,34
2019-04-28,9.41265678405762,12.004714012146,31.4681930541992,-0.14499394595623,48.7,50.2,55.9,22.4,12.2,23.9,34
2019-04-29,9.09869194030762,11.893551826477,31.6593322753906,-0.215440452098846,48.7,50.2,55.9,22.4,12.2,23.9,34
2019-04-30,8.82122898101807,12.0157136917114,31.7352275848389,-0.216495350003242,48.7,50.2,55.9,22.4,12.2,23.9,34
2019-05-01,8.65972232818604,12.3203191757202,31.7628021240234,-0.201434925198555,48.7,50.2,55.9,22.4,12.2,23.9,34
2019-05-02,8.29085540771484,12.9017362594604,31.8190002441406,-0.199187502264977,48.7,50.2,55.9,22.4,12.2,23.9,34
2019-05-03,8.24730014801025,13.2932767868042,31.7723827362061,-0.136554300785065,48.7,50.2,55.9,22.4,12.2,23.9,34
2019-05-04,8.1312427520752,13.8942575454712,31.5129680633545,-0.0885672867298126,48.7,50.2,55.9,22.4,12.2,23.9,34
2019-05-05,7.82692575454712,13.2828168869019,31.0789031982422,-0.0351262129843235,48.7,50.2,55.9,22.4,12.2,23.9,34
2019-05-06,7.65610837936401,12.0748414993286,31.7901058197021,0.0184367764741182,48.7,50.2,55.9,22.4,12.2,23.9,34
2019-05-07,7.69943571090698,11.8974142074585,31.9411602020264,-0.0850354358553886,48.7,50.2,55.9,22.4,12.2,23.9,34
2019-05-08,7.7403998374939,11.978931427002,31.8937530517578,-0.114566296339035,48.7,50.2,55.9,22.4,12.2,23.9,34
2019-05-09,7.7845664024353,12.3844423294067,31.9240131378174,-0.0976222679018974,48.7,50.2,55.9,22.4,12.2,23.9,34
2019-05-10,7.8557620048523,12.749737739563,31.9237728118896,-0.0683152601122856,48.7,50.2,55.9,22.4,12.2,23.9,34
2019-05-11,8.4233980178833,13.4989061355591,31.7344303131104,-0.109844110906124,48.7,50.2,55.9,22.4,12.2,23.9,34
2019-05-12,8.50721263885498,13.8287649154663,31.7558212280273,0.0159517768770456,48.7,50.2,55.9,22.4,12.2,23.9,34
2019-05-13,8.80035781860352,13.965537071228,32.0053977966309,0.123772591352463,48.7,50.2,55.9,22.4,12.2,23.9,34
2019-05-14,9.09201049804688,12.3386831283569,32.1868438720703,0.122103035449982,48.7,50.2,55.9,22.4,12.2,23.9,34
2019-05-15,8.97344589233398,11.8605728149414,32.1710739135742,0.0399872995913029,48.7,50.2,55.9,22.4,12.2,23.9,34
2019-05-16,9.01457500457764,11.9238748550415,32.0421409606934,-0.0234320666640997,48.7,50.2,55.9,22.4,12.2,23.9,34
2019-05-17,9.44348049163818,12.8802185058594,31.9840698242188,-0.0615102536976337,48.7,50.2,55.9,22.4,12.2,23.9,34
2019-05-18,9.44201755523682,13.4267997741699,31.9547786712646,-0.0854847356677055,48.7,50.2,55.9,22.4,12.2,23.9,34
2019-05-19,9.4139986038208,13.7748517990112,31.9749088287354,-0.0782716944813728,48.7,50.2,55.9,22.4,12.2,23.9,34
2019-05-20,9.08988666534424,14.2539968490601,31.9446926116943,-0.0810722708702087,48.7,50.2,55.9,22.4,12.2,23.9,34
2019-05-21,9.16454792022705,15.2946691513062,31.7283630371094,-0.129328742623329,48.7,50.2,55.9,22.4,12.2,23.9,34
2019-05-22,9.27682209014893,15.6675176620483,31.7537231445312,-0.172130167484283,48.7,50.2,55.9,22.4,12.2,23.9,34
2019-05-23,9.42081642150879,15.9281349182129,31.5927505493164,-0.149221330881119,48.7,50.2,55.9,22.4,12.2,23.9,34
2019-05-24,9.4776029586792,16.2299900054932,31.3290004730225,-0.132295742630959,48.7,50.2,55.9,22.4,12.2,23.9,34
2019-05-25,9.54755783081055,16.6868076324463,31.2376041412354,-0.0970641598105431,48.7,50.2,55.9,22.4,12.2,23.9,34
2019-05-26,8.89242935180664,17.4217929840088,30.9910449981689,-0.050502073019743,48.7,50.2,55.9,22.4,12.2,23.9,34
2019-05-27,8.88682270050049,18.0631580352783,30.8281879425049,-0.0321543999016285,48.7,50.2,55.9,22.4,12.2,23.9,34
2019-05-28,8.93032455444336,17.9106674194336,30.7983112335205,0.021082503721118,48.7,50.2,55.9,22.4,12.2,23.9,34
2019-05-29,8.91050624847412,19.0642910003662,30.8638458251953,0.0342147536575794,48.7,50.2,55.9,22.4,12.2,23.9,34
2019-05-30,9.02654266357422,20.1176662445068,30.7445621490479,0.0288466066122055,48.7,50.2,55.9,22.4,12.2,23.9,34
2019-05-31,9.1902027130127,20.6480560302734,30.7113418579102,0.0392611883580685,48.7,50.2,55.9,22.4,12.2,23.9,34
2019-06-01,9.79410171508789,20.2636547088623,30.8205699920654,0.0189594496041536,48.7,50.2,55.9,22.4,12.2,23.9,34
2019-06-02,9.70652103424072,20.0559997558594,31.0663661956787,0.0752402618527412,48.7,50.2,55.9,22.4,12.2,23.9,34
2019-06-03,9.5660982131958,19.5639533996582,31.1897678375244,-0.00560094555839896,48.7,50.2,55.9,22.4,12.2,23.9,34
2019-06-04,9.00562953948975,19.4986095428467,31.5613994598389,-0.126579955220222,48.7,50.2,55.9,22.4,12.2,23.9,34
2019-06-05,8.70854187011719,19.7301750183105,31.5052337646484,-0.094711571931839,48.7,50.2,55.9,22.4,12.2,23.9,34
2019-06-06,8.3663740158081,20.4018058776855,30.8614635467529,-0.0846463218331337,48.7,50.2,55.9,22.4,12.2,23.9,34
2019-06-07,8.8179292678833,20.5620899200439,30.6127452850342,-0.0576064474880695,48.7,50.2,55.9,22.4,12.2,23.9,34
2019-06-08,8.91329383850098,20.2237987518311,30.8531494140625,-0.0602147579193115,48.7,50.2,55.9,22.4,12.2,23.9,34
2019-06-09,8.78665447235107,19.5661087036133,31.483980178833,-0.0210495498031378,48.7,50.2,55.9,22.4,12.2,23.9,34
2019-06-10,9.07474613189697,18.902458190918,31.6152801513672,-0.0114673944190145,48.7,50.2,55.9,22.4,12.2,23.9,34
2019-06-11,9.10876083374023,19.1478862762451,31.4522075653076,-0.0443413443863392,48.7,50.2,55.9,22.4,12.2,23.9,34
2019-06-12,9.21977615356445,18.8929309844971,31.4232349395752,-0.134541869163513,48.7,50.2,55.9,22.4,12.2,23.9,34
2019-06-13,9.90914440155029,18.8259105682373,31.3293228149414,-0.0192686840891838,48.7,50.2,55.9,22.4,12.2,23.9,34
2019-06-14,9.97582530975342,18.6467723846436,31.2043018341064,-0.148294553160667,48.7,50.2,55.9,22.4,12.2,23.9,34
2019-06-15,9.98423767089844,18.7917785644531,31.2174301147461,-0.240973755717278,48.7,50.2,55.9,22.4,12.2,23.9,34
2019-06-16,10.4775514602661,19.5998477935791,31.3176364898682,-0.180811122059822,48.7,50.2,55.9,22.4,12.2,23.9,34
2019-06-17,10.8880529403687,20.0975074768066,31.2271862030029,-0.14940345287323,48.7,50.2,55.9,22.4,12.2,23.9,34
2019-06-18,10.9839200973511,20.890079498291,31.1756992340088,-0.0852616727352142,48.7,50.2,55.9,22.4,12.2,23.9,34
2019-06-19,12.2632570266724,21.4538192749023,30.9755268096924,-0.0509872548282146,48.7,50.2,55.9,22.4,12.2,23.9,34
2019-06-20,12.3531951904297,21.659704208374,30.9377365112305,0.0350259393453598,48.7,50.2,55.9,22.4,12.2,23.9,34
2019-06-21,12.3408164978027,21.733419418335,30.9371337890625,0.0451196394860744,48.7,50.2,55.9,22.4,12.2,23.9,34
2019-06-22,11.9568252563477,20.8254871368408,31.2872543334961,-0.00430038431659341,48.7,50.2,55.9,22.4,12.2,23.9,34
2019-06-23,11.6397638320923,21.0504131317139,31.4382095336914,-0.0313038006424904,48.7,50.2,55.9,22.4,12.2,23.9,34
2019-06-24,11.472674369812,21.3866806030273,31.4274044036865,-0.0333915576338768,48.7,50.2,55.9,22.4,12.2,23.9,34
2019-06-25,12.4222259521484,22.238862991333,31.3021373748779,0.00018805886793416,48.7,50.2,55.9,22.4,12.2,23.9,34
2019-06-26,12.2326354980469,22.8728160858154,31.2815189361572,-0.0358624309301376,48.7,50.2,55.9,22.4,12.2,23.9,34
2019-06-27,11.8290643692017,23.5596027374268,31.3434925079346,-0.0887502729892731,48.7,50.2,55.9,22.4,12.2,23.9,34
2019-06-28,12.529899597168,24.4033985137939,31.3910350799561,-0.101514130830765,48.7,50.2,55.9,22.4,12.2,23.9,34
2019-06-29,12.5871133804321,24.6981410980225,31.3520221710205,-0.0644671022891998,48.7,50.2,55.9,22.4,12.2,23.9,34
2019-06-30,12.7423105239868,24.7552585601807,31.1853923797607,-0.0413819588720798,48.7,50.2,55.9,22.4,12.2,23.9,34
2019-07-01,12.887523651123,24.5289764404297,31.2636127471924,-0.0197020769119263,48.7,50.2,55.9,22.4,12.2,23.9,34
2019-07-02,12.7622575759888,24.643590927124,31.3367137908936,-0.035204853862524,48.7,50.2,55.9,22.4,12.2,23.9,34
2019-07-03,12.7479104995728,25.1833114624023,31.1640529632568,0.00276264804415405,48.7,50.2,55.9,22.4,12.2,23.9,34
2019-07-04,13.1116056442261,25.6240062713623,31.0213794708252,-0.0340828485786915,48.7,50.2,55.9,22.4,12.2,23.9,34
2019-07-05,13.2739410400391,25.9493350982666,30.9698791503906,-0.081313006579876,48.7,50.2,55.9,22.4,12.2,23.9,34
2019-07-06,13.2012662887573,26.1287860870361,30.6188411712646,-0.0382256396114826,48.7,50.2,55.9,22.4,12.2,23.9,34
2019-07-07,13.1134767532349,25.70627784729,30.0997695922852,-0.0275341421365738,48.7,50.2,55.9,22.4,12.2,23.9,34
2019-07-08,12.986611366272,25.604154586792,30.4588260650635,0.0236908961087465,48.7,50.2,55.9,22.4,12.2,23.9,34
2019-07-09,12.7458267211914,24.81272315979,31.0679492950439,-0.0255839303135872,48.7,50.2,55.9,22.4,12.2,23.9,34
2019-07-10,12.9271507263184,24.8256359100342,31.1449718475342,-0.0666766688227654,48.7,50.2,55.9,22.4,12.2,23.9,34
2019-07-11,12.8009080886841,24.9945678710938,31.0144500732422,-0.0490229688584805,48.7,50.2,55.9,22.4,12.2,23.9,34
2019-07-12,12.7279329299927,24.9583415985107,30.8017444610596,0.000700825185049325,48.7,50.2,55.9,22.4,12.2,23.9,34
2019-07-13,13.1372518539429,25.8734130859375,30.6416320800781,-0.0303672645241022,48.7,50.2,55.9,22.4,12.2,23.9,34
2019-07-14,13.0173978805542,26.1727199554443,30.6147403717041,-0.0404272563755512,48.7,50.2,55.9,22.4,12.2,23.9,34
2019-07-15,12.8555717468262,26.4513912200928,30.6204376220703,-0.0557189472019672,48.7,50.2,55.9,22.4,12.2,23.9,34
2019-07-16,13.1674575805664,26.6157550811768,30.641580581665,-0.0701140239834785,48.7,50.2,55.9,22.4,12.2,23.9,34
2019-07-17,13.1519432067871,26.2836246490479,30.6445236206055,-0.0612308643758297,48.7,50.2,55.9,22.4,12.2,23.9,34
2019-07-18,12.8907804489136,25.7730236053467,30.8529815673828,-0.0538917519152164,48.7,50.2,55.9,22.4,12.2,23.9,34
2019-07-19,13.6342859268188,26.8851375579834,31.1506271362305,-0.0355322323739529,48.7,50.2,55.9,22.4,12.2,23.9,34
2019-07-20,13.7268104553223,27.5582332611084,31.2283554077148,-0.0316448211669922,48.7,50.2,55.9,22.4,12.2,23.9,34
2019-07-21,13.6787452697754,28.2302551269531,31.2989711761475,-0.0555629543960094,48.7,50.2,55.9,22.4,12.2,23.9,34
2019-07-22,14.2195081710815,27.7840709686279,31.3465576171875,-0.0183642450720072,48.7,50.2,55.9,22.4,12.2,23.9,34
2019-07-23,14.0727853775024,26.4885540008545,31.6629180908203,-0.00801391806453466,48.7,50.2,55.9,22.4,12.2,23.9,34
2019-07-24,13.7986822128296,26.0020923614502,31.432502746582,-0.00065920379711315,48.7,50.2,55.9,22.4,12.2,23.9,34
2019-07-25,11.945424079895,25.4842014312744,31.1371612548828,-0.00180263817310333,48.7,50.2,55.9,22.4,12.2,23.9,34
2019-07-26,11.4801940917969,25.5633792877197,31.1523685455322,-0.021990105509758,48.7,50.2,55.9,22.4,12.2,23.9,34
2019-07-27,11.4809637069702,25.5769424438477,31.3214950561523,-0.000775209337007254,48.7,50.2,55.9,22.4,12.2,23.9,34
2019-07-28,10.3896913528442,25.7843418121338,31.7004547119141,-0.0833661928772926,48.7,50.2,55.9,22.4,12.2,23.9,34
2019-07-29,10.5068473815918,25.6663570404053,31.9568023681641,-0.055182158946991,48.7,50.2,55.9,22.4,12.2,23.9,34
2019-07-30,10.6115798950195,25.5073108673096,32.0357818603516,-0.0206032302230597,48.7,50.2,55.9,22.4,12.2,23.9,34
2019-07-31,11.2629556655884,25.7641849517822,31.9705028533936,-0.103220097720623,48.7,50.2,55.9,22.4,12.2,23.9,34
2019-08-01,10.9623575210571,26.1579132080078,31.9376811981201,-0.0334604196250439,48.7,50.2,55.9,22.4,12.2,23.9,34
2019-08-02,11.0172348022461,26.5286655426025,31.9479503631592,-0.00214609131217003,48.7,50.2,55.9,22.4,12.2,23.9,34
2019-08-03,11.7934236526489,26.1681957244873,31.8791427612305,-0.00337051623500884,48.7,50.2,55.9,22.4,12.2,23.9,34
2019-08-04,11.7975730895996,26.3413715362549,31.8722705841064,0.0577468313276768,48.7,50.2,55.9,22.4,12.2,23.9,34
2019-08-05,11.736704826355,26.4740619659424,31.9222259521484,0.0887932851910591,48.7,50.2,55.9,22.4,12.2,23.9,34
2019-08-06,10.3448419570923,26.3583393096924,32.1212959289551,0.0662070587277412,48.7,50.2,55.9,22.4,12.2,23.9,34
2019-08-07,10.5870313644409,26.2578735351562,32.4031562805176,0.0771893560886383,48.7,50.2,55.9,22.4,12.2,23.9,34
2019-08-08,10.5979585647583,26.1443252563477,32.5660972595215,0.122324503958225,48.7,50.2,55.9,22.4,12.2,23.9,34
2019-08-09,11.7487382888794,25.8579082489014,32.6905097961426,0.0843606367707253,48.7,50.2,55.9,22.4,12.2,23.9,34
2019-08-10,11.8711585998535,25.6703720092773,32.6891403198242,0.0431582182645798,48.7,50.2,55.9,22.4,12.2,23.9,34
2019-08-11,11.915412902832,25.4936141967773,32.6951942443848,0.0308170709758997,48.7,50.2,55.9,22.4,12.2,23.9,34
2019-08-12,12.0321769714355,25.6474609375,32.718578338623,-0.0772375464439392,48.7,50.2,55.9,22.4,12.2,23.9,34
2019-08-13,11.8947706222534,25.1851654052734,32.638858795166,-0.0395247749984264,48.7,50.2,55.9,22.4,12.2,23.9,34
2019-08-14,11.8263845443726,25.1331386566162,32.5445289611816,0.0232669170945883,48.7,50.2,55.9,22.4,12.2,23.9,34
2019-08-15,10.1857099533081,25.256856918335,32.3139533996582,0.0338716544210911,48.7,50.2,55.9,22.4,12.2,23.9,34
2019-08-16,10.4925727844238,25.7536334991455,32.3649482727051,0.00479811942204833,48.7,50.2,55.9,22.4,12.2,23.9,34
2019-08-17,10.2011651992798,26.2444972991943,32.1980934143066,0.0428473651409149,48.7,50.2,55.9,22.4,12.2,23.9,34
2019-08-18,10.4856061935425,26.315580368042,31.8535022735596,0.0155527694150805,48.7,50.2,55.9,22.4,12.2,23.9,34
2019-08-19,10.6719255447388,26.5989818572998,31.7894802093506,0.0324795804917812,48.7,50.2,55.9,22.4,12.2,23.9,34
2019-08-20,10.7433938980103,27.1134700775146,31.7511005401611,0.0219388399273157,48.7,50.2,55.9,22.4,12.2,23.9,34
2019-08-21,9.72542476654053,26.9712047576904,31.7052154541016,0.0166407879441977,48.7,50.2,55.9,22.4,12.2,23.9,34
2019-08-22,9.60772705078125,26.3527221679688,31.7634449005127,-0.0157508105039597,48.7,50.2,55.9,22.4,12.2,23.9,34
2019-08-23,9.75902462005615,26.4114475250244,31.8684406280518,-0.0367291569709778,48.7,50.2,55.9,22.4,12.2,23.9,34
2019-08-24,10.274676322937,25.4838943481445,31.7619934082031,-0.0344457440078259,48.7,50.2,55.9,22.4,12.2,23.9,34
2019-08-25,10.2890968322754,24.2846240997314,31.8623027801514,0.0288195479661226,48.7,50.2,55.9,22.4,12.2,23.9,34
2019-08-26,11.4880952835083,23.8059387207031,31.9877853393555,0.134077772498131,48.7,50.2,55.9,22.4,12.2,23.9,34
2019-08-27,13.8760795593262,23.2497329711914,31.6974239349365,0.0783275589346886,48.7,50.2,55.9,22.4,12.2,23.9,34
2019-08-28,13.5201950073242,23.6085605621338,31.5983428955078,0.0627796649932861,48.7,50.2,55.9,22.4,12.2,23.9,34
2019-08-29,12.9447431564331,23.6031341552734,31.6085147857666,0.0265467315912247,48.7,50.2,55.9,22.4,12.2,23.9,34
2019-08-30,12.756573677063,23.8646087646484,31.6177577972412,-0.0523852109909058,48.7,50.2,55.9,22.4,12.2,23.9,34
2019-08-31,12.3680639266968,24.1628360748291,31.6309032440186,-0.105881743133068,48.7,50.2,55.9,22.4,12.2,23.9,34
2019-09-01,12.5769815444946,24.3483905792236,31.6392765045166,-0.0539422146975994,48.7,50.2,55.9,22.4,12.2,23.9,34
2019-09-02,13.3255643844604,24.2581157684326,31.7194385528564,0.0201669279485941,48.7,50.2,55.9,22.4,12.2,23.9,34
2019-09-03,12.5229864120483,24.1900653839111,31.7175598144531,0.00884263683110476,48.7,50.2,55.9,22.4,12.2,23.9,34
2019-09-04,12.0053634643555,24.058219909668,31.7309627532959,0.0522111542522907,48.7,50.2,55.9,22.4,12.2,23.9,34
2019-09-05,13.2090940475464,23.9782314300537,31.7250823974609,0.0810989364981651,48.7,50.2,55.9,22.4,12.2,23.9,34
2019-09-06,13.5288925170898,23.2032642364502,31.4525737762451,0.169456914067268,48.7,50.2,55.9,22.4,12.2,23.9,34
2019-09-07,13.7318143844604,20.4635257720947,31.8104934692383,0.255650371313095,48.7,50.2,55.9,22.4,12.2,23.9,34
2019-09-08,10.6570310592651,21.6372451782227,31.7503261566162,0.0537327416241169,48.7,50.2,55.9,22.4,12.2,23.9,34
2019-09-09,10.0780954360962,22.0527248382568,31.6988201141357,-0.112928859889507,48.7,50.2,55.9,22.4,12.2,23.9,34
2019-09-10,10.0729341506958,22.430513381958,31.8400707244873,-0.0880455300211906,48.7,50.2,55.9,22.4,12.2,23.9,34
2019-09-11,11.1239385604858,22.8581676483154,31.9707565307617,-0.0987564101815224,48.7,50.2,55.9,22.4,12.2,23.9,34
2019-09-12,9.9026460647583,23.3050365447998,31.8470630645752,-0.0809469893574715,48.7,50.2,55.9,22.4,12.2,23.9,34
2019-09-13,10.6229085922241,23.1690235137939,32.037296295166,0.0228648502379656,48.7,50.2,55.9,22.4,12.2,23.9,34
2019-09-14,11.0754661560059,22.0432376861572,32.4759178161621,0.0225943773984909,48.7,50.2,55.9,22.4,12.2,23.9,34
2019-09-15,10.305869102478,22.2774295806885,32.5327186584473,-0.00549125438556075,48.7,50.2,55.9,22.4,12.2,23.9,34
2019-09-16,9.68403339385986,22.6836090087891,32.2128791809082,0.0115976259112358,48.7,50.2,55.9,22.4,12.2,23.9,34
2019-09-17,9.8379430770874,22.0860137939453,32.0378150939941,0.0491111986339092,48.7,50.2,55.9,22.4,12.2,23.9,34
2019-09-18,11.0024900436401,21.0157260894775,32.5820083618164,0.0941921398043633,48.7,50.2,55.9,22.4,12.2,23.9,34
2019-09-19,13.4213399887085,20.142406463623,33.3124122619629,0.15724216401577,48.7,50.2,55.9,22.4,12.2,23.9,34
2019-09-20,13.9815816879272,20.6834659576416,32.8742332458496,0.0406030900776386,48.7,50.2,55.9,22.4,12.2,23.9,34
2019-09-21,13.3059663772583,20.8634281158447,32.6498336791992,-0.0475325100123882,48.7,50.2,55.9,22.4,12.2,23.9,34
2019-09-22,12.6733293533325,21.2649517059326,32.2846069335938,-0.00417414726689458,48.7,50.2,55.9,22.4,12.2,23.9,34
2019-09-23,13.2456893920898,21.6885204315186,31.9792957305908,0.03403215482831,48.7,50.2,55.9,22.4,12.2,23.9,34
2019-09-24,13.6512603759766,22.446569442749,31.5010585784912,-0.00638731708750129,48.7,50.2,55.9,22.4,12.2,23.9,34
2019-09-25,14.2780151367188,22.7132511138916,31.4127445220947,0.0250402670353651,48.7,50.2,55.9,22.4,12.2,23.9,34
2019-09-26,14.6004991531372,22.6442432403564,31.3822345733643,0.0506425090134144,48.7,50.2,55.9,22.4,12.2,23.9,34
2019-09-27,14.184739112854,22.794921875,31.3278827667236,0.00420743227005005,48.7,50.2,55.9,22.4,12.2,23.9,34
2019-09-28,14.2601852416992,22.8494720458984,31.2714920043945,0.00112314522266388,48.7,50.2,55.9,22.4,12.2,23.9,34
2019-09-29,13.2269668579102,23.0163173675537,31.2446212768555,-0.0316954366862774,48.7,50.2,55.9,22.4,12.2,23.9,34
2019-09-30,13.2826623916626,22.6416416168213,31.4467697143555,-0.0118770124390721,48.7,50.2,55.9,22.4,12.2,23.9,34
2019-10-01,13.499135017395,22.510498046875,31.6143093109131,0.0507078170776367,48.7,50.2,55.9,22.4,12.2,23.9,34
2019-10-02,14.3534498214722,22.6828479766846,31.5174083709717,0.00740116322413087,48.7,50.2,55.9,22.4,12.2,23.9,34
2019-10-03,14.6983919143677,22.7523632049561,31.4765148162842,0.116488724946976,48.7,50.2,55.9,22.4,12.2,23.9,34
2019-10-04,14.5722961425781,22.3232250213623,31.6774749755859,0.113723814487457,48.7,50.2,55.9,22.4,12.2,23.9,34
2019-10-05,15.6297597885132,21.9222412109375,31.8805179595947,0.0715017393231392,48.7,50.2,55.9,22.4,12.2,23.9,34
2019-10-06,15.5838994979858,21.5286407470703,31.8859710693359,0.0216981172561646,48.7,50.2,55.9,22.4,12.2,23.9,34
2019-10-07,15.6094942092896,21.4780979156494,31.8650722503662,0.0185207650065422,48.7,50.2,55.9,22.4,12.2,23.9,34
2019-10-08,15.9822854995728,21.2169017791748,32.0097236633301,0.053087130188942,48.7,50.2,55.9,22.4,12.2,23.9,34
2019-10-09,16.5566825866699,20.6167125701904,32.300121307373,0.209671333432198,48.7,50.2,55.9,22.4,12.2,23.9,34
2019-10-10,17.9859180450439,19.7272567749023,32.8285789489746,0.361491292715073,48.7,50.2,55.9,22.4,12.2,23.9,34
2019-10-11,19.1343078613281,19.1140937805176,32.8703727722168,0.558204650878906,48.7,50.2,55.9,22.4,12.2,23.9,34
2019-10-12,19.1413555145264,19.2155704498291,32.9250297546387,0.428789466619492,48.7,50.2,55.9,22.4,12.2,23.9,34
2019-10-13,18.8151912689209,19.3167552947998,32.8106460571289,0.192175045609474,48.7,50.2,55.9,22.4,12.2,23.9,34
2019-10-14,18.8236064910889,19.2009773254395,32.711109161377,0.117198400199413,48.7,50.2,55.9,22.4,12.2,23.9,34
2019-10-15,18.7309894561768,18.9022388458252,32.7664337158203,0.0841867327690125,48.7,50.2,55.9,22.4,12.2,23.9,34
2019-10-16,18.6180820465088,18.7407703399658,32.9184074401855,0.190635070204735,48.7,50.2,55.9,22.4,12.2,23.9,34
2019-10-17,18.4915065765381,18.7101573944092,32.8077735900879,0.0505849570035934,48.7,50.2,55.9,22.4,12.2,23.9,34
2019-10-18,18.6951484680176,18.7614459991455,32.3237800598145,-0.138797700405121,48.7,50.2,55.9,22.4,12.2,23.9,34
2019-10-19,18.7856769561768,18.5534076690674,32.3344612121582,-0.0134248733520508,48.7,50.2,55.9,22.4,12.2,23.9,34
2019-10-20,19.0098896026611,18.0923347473145,32.879711151123,0.0842589735984802,48.7,50.2,55.9,22.4,12.2,23.9,34
2019-10-21,18.5490798950195,17.9013252258301,32.9302825927734,0.117314614355564,48.7,50.2,55.9,22.4,12.2,23.9,34
2019-10-22,17.9381828308105,18.0068626403809,33.1282577514648,0.0924775078892708,48.7,50.2,55.9,22.4,12.2,23.9,34
2019-10-23,17.3978023529053,18.1975688934326,33.0003204345703,0.0451236814260483,48.7,50.2,55.9,22.4,12.2,23.9,34
2019-10-24,17.3998222351074,17.9185047149658,32.9030570983887,-0.0919698774814606,48.7,50.2,55.9,22.4,12.2,23.9,34
2019-10-25,17.4168128967285,17.8288269042969,32.8819274902344,-0.076549768447876,48.7,50.2,55.9,22.4,12.2,23.9,34
2019-10-26,16.4806385040283,17.6998538970947,32.9444541931152,-0.113512061536312,48.7,50.2,55.9,22.4,12.2,23.9,34
2019-10-27,16.4332675933838,17.563985824585,32.9276161193848,0.036137443035841,48.7,50.2,55.9,22.4,12.2,23.9,34
2019-10-28,16.4968357086182,17.4118881225586,32.8661613464355,0.00624153530225158,48.7,50.2,55.9,22.4,12.2,23.9,34
2019-10-29,16.7984657287598,17.6952056884766,32.8322830200195,0.0814548507332802,48.7,50.2,55.9,22.4,12.2,23.9,34
2019-10-30,16.8430194854736,17.7079830169678,32.7643585205078,0.0294916871935129,48.7,50.2,55.9,22.4,12.2,23.9,34
2019-10-31,16.8589057922363,17.7591648101807,32.7287635803223,0.0656660869717598,48.7,50.2,55.9,22.4,12.2,23.9,34
2019-11-01,17.0826187133789,17.6160411834717,32.8424339294434,-0.0873317942023277,48.7,50.2,55.9,22.4,12.2,23.9,34
2019-11-02,17.1092300415039,17.5545101165771,32.9115562438965,-0.105497159063816,48.7,50.2,55.9,22.4,12.2,23.9,34
2019-11-03,17.1411457061768,17.2275733947754,32.9056243896484,-0.0678278282284737,48.7,50.2,55.9,22.4,12.2,23.9,34
2019-11-04,17.5469150543213,17.2815742492676,32.9534606933594,-0.0932248756289482,48.7,50.2,55.9,22.4,12.2,23.9,34
2019-11-05,17.6085224151611,17.2827854156494,32.9563980102539,-0.0312669798731804,48.7,50.2,55.9,22.4,12.2,23.9,34
2019-11-06,17.6607208251953,17.2131538391113,32.9645690917969,-0.0876398980617523,48.7,50.2,55.9,22.4,12.2,23.9,34
2019-11-07,16.934684753418,17.125280380249,33.0619850158691,-0.104849517345428,48.7,50.2,55.9,22.4,12.2,23.9,34
2019-11-08,17.082426071167,16.9237995147705,33.1319923400879,-0.151827901601791,48.7,50.2,55.9,22.4,12.2,23.9,34
2019-11-09,17.1478176116943,16.4818496704102,33.1806373596191,-0.171905994415283,48.7,50.2,55.9,22.4,12.2,23.9,34
2019-11-10,16.5004482269287,16.3437576293945,33.2490539550781,-0.0933941602706909,48.7,50.2,55.9,22.4,12.2,23.9,34
2019-11-11,16.5599498748779,16.2359657287598,33.2921943664551,-0.100857198238373,48.7,50.2,55.9,22.4,12.2,23.9,34
2019-11-12,16.7368183135986,16.1363716125488,33.2807502746582,-0.083958588540554,48.7,50.2,55.9,22.4,12.2,23.9,34
2019-11-13,17.559663772583,15.9033155441284,33.3356246948242,-0.166334256529808,48.7,50.2,55.9,22.4,12.2,23.9,34
2019-11-14,17.5340175628662,15.6830406188965,33.4143104553223,-0.15270958840847,48.7,50.2,55.9,22.4,12.2,23.9,34
2019-11-15,17.4544696807861,15.6041870117188,33.4451789855957,-0.0797254964709282,48.7,50.2,55.9,22.4,12.2,23.9,34
2019-11-16,17.4521465301514,16.2652912139893,33.6280250549316,-0.000643789768218994,48.7,50.2,55.9,22.4,12.2,23.9,34
2019-11-17,16.1936340332031,16.1796875,33.6259117126465,0.222228422760963,48.7,50.2,55.9,22.4,12.2,23.9,34
2019-11-18,15.6614904403687,15.6437759399414,33.4618873596191,0.312946617603302,48.7,50.2,55.9,22.4,12.2,23.9,34
2019-11-19,13.8053026199341,14.9416513442993,33.2389335632324,0.208765104413033,48.7,50.2,55.9,22.4,12.2,23.9,34
2019-11-20,13.7621383666992,14.5616188049316,33.190803527832,0.0588838942348957,48.7,50.2,55.9,22.4,12.2,23.9,34
2019-11-21,13.8013124465942,13.9375839233398,33.1727027893066,0.00748147116973996,48.7,50.2,55.9,22.4,12.2,23.9,34
2019-11-22,14.2823143005371,14.1530466079712,33.2133903503418,-0.00452102115377784,48.7,50.2,55.9,22.4,12.2,23.9,34
2019-11-23,14.5557479858398,14.079701423645,33.2339515686035,-0.125900030136108,48.7,50.2,55.9,22.4,12.2,23.9,34
2019-11-24,14.5926666259766,14.0678977966309,33.2447357177734,-0.0258655194193125,48.7,50.2,55.9,22.4,12.2,23.9,34
2019-11-25,14.5402488708496,14.0299558639526,33.2731742858887,-0.197012901306152,48.7,50.2,55.9,22.4,12.2,23.9,34
2019-11-26,14.6533012390137,13.9404182434082,33.2419166564941,-0.176203608512878,48.7,50.2,55.9,22.4,12.2,23.9,34
2019-11-27,14.6401481628418,13.903244972229,33.2604484558105,-0.0804807022213936,48.7,50.2,55.9,22.4,12.2,23.9,34
2019-11-28,14.5869569778442,13.8565473556519,33.2799606323242,-0.16095994412899,48.7,50.2,55.9,22.4,12.2,23.9,34
2019-11-29,14.4602098464966,13.7170686721802,33.4647102355957,-0.129519060254097,48.7,50.2,55.9,22.4,12.2,23.9,34
2019-11-30,13.6232986450195,13.5902910232544,33.5538291931152,-0.00315040606074035,48.7,50.2,55.9,22.4,12.2,23.9,34
2019-12-01,13.6525526046753,13.6391687393188,33.5938682556152,0.0927253663539886,48.7,50.2,55.9,22.4,12.2,23.9,34
2019-12-02,13.4422101974487,13.412278175354,33.4914398193359,0.244118988513947,48.7,50.2,55.9,22.4,12.2,23.9,34
2019-12-03,12.9178552627563,12.8831815719604,33.2359352111816,0.172436967492104,48.7,50.2,55.9,22.4,12.2,23.9,34
2019-12-04,11.7479591369629,12.2649688720703,33.1172752380371,0.0651475265622139,48.7,50.2,55.9,22.4,12.2,23.9,34
2019-12-05,11.8482933044434,11.9637651443481,33.1179656982422,-0.0803977772593498,48.7,50.2,55.9,22.4,12.2,23.9,34
2019-12-06,12.0350408554077,11.7409906387329,33.1539268493652,-0.156115487217903,48.7,50.2,55.9,22.4,12.2,23.9,34
2019-12-07,12.115592956543,11.9756288528442,33.2953643798828,-0.249313607811928,48.7,50.2,55.9,22.4,12.2,23.9,34
2019-12-08,11.9661989212036,11.7519235610962,33.2929725646973,-0.241497218608856,48.7,50.2,55.9,22.4,12.2,23.9,34
2019-12-09,11.782244682312,11.7558641433716,33.3009872436523,-0.163056582212448,48.7,50.2,55.9,22.4,12.2,23.9,34
2019-12-10,12.2783203125,12.2907066345215,33.284351348877,-0.217016890645027,48.7,50.2,55.9,22.4,12.2,23.9,34
2019-12-11,12.484748840332,12.0559091567993,33.1306648254395,-0.321704626083374,48.7,50.2,55.9,22.4,12.2,23.9,34
2019-12-12,12.5667953491211,12.0027542114258,33.3271026611328,-0.380466014146805,48.7,50.2,55.9,22.4,12.2,23.9,34
2019-12-13,12.1028394699097,12.1799764633179,33.477424621582,-0.15384641289711,48.7,50.2,55.9,22.4,12.2,23.9,34
2019-12-14,12.0256052017212,12.2329263687134,33.349365234375,0.0650205910205841,48.7,50.2,55.9,22.4,12.2,23.9,34
2019-12-15,12.1640138626099,11.9614515304565,33.3495941162109,-0.233512461185455,48.7,50.2,55.9,22.4,12.2,23.9,34
2019-12-16,12.1768188476562,11.9347333908081,33.2825584411621,-0.378933817148209,48.7,50.2,55.9,22.4,12.2,23.9,34
2019-12-17,12.314395904541,11.8169441223145,33.2273445129395,-0.112723328173161,48.7,50.2,55.9,22.4,12.2,23.9,34
2019-12-18,12.2034978866577,11.7993745803833,33.3688201904297,-0.164381325244904,48.7,50.2,55.9,22.4,12.2,23.9,34
2019-12-19,11.9556541442871,11.7635049819946,33.3400001525879,-0.353998094797134,48.7,50.2,55.9,22.4,12.2,23.9,34
2019-12-20,11.624514579773,11.5743865966797,33.3542518615723,-0.425080895423889,48.7,50.2,55.9,22.4,12.2,23.9,34
2019-12-21,11.3993310928345,11.3637266159058,33.3419914245605,-0.281349748373032,48.7,50.2,55.9,22.4,12.2,23.9,34
2019-12-22,10.2691164016724,10.5023555755615,33.342155456543,-0.202294930815697,48.7,50.2,55.9,22.4,12.2,23.9,34
2019-12-23,10.3437242507935,10.2165575027466,33.3390007019043,-0.197739824652672,48.7,50.2,55.9,22.4,12.2,23.9,34
2019-12-24,10.6101865768433,10.143063545227,33.3102340698242,-0.223209261894226,48.7,50.2,55.9,22.4,12.2,23.9,34
2019-12-25,9.6643533706665,10.2282829284668,33.5867347717285,-0.132843032479286,48.7,50.2,55.9,22.4,12.2,23.9,34
2019-12-26,9.62686443328857,10.1079959869385,33.5915908813477,-0.201383337378502,48.7,50.2,55.9,22.4,12.2,23.9,34
2019-12-27,9.59912395477295,10.1379537582397,33.5741806030273,-0.172308459877968,48.7,50.2,55.9,22.4,12.2,23.9,34
2019-12-28,9.71780681610107,10.2641801834106,33.4906120300293,-0.184888944029808,48.7,50.2,55.9,22.4,12.2,23.9,34
2019-12-29,9.84402561187744,10.1253147125244,33.4254875183105,-0.195211827754974,48.7,50.2,55.9,22.4,12.2,23.9,34
2019-12-30,9.89943218231201,10.1702547073364,33.2773399353027,-0.0259101018309593,48.7,50.2,55.9,22.4,12.2,23.9,34
2019-12-31,9.83049774169922,10.2224044799805,32.9971504211426,0.179305553436279,48.7,50.2,55.9,22.4,12.2,23.9,34
2020-01-01,9.82809448242188,9.74289989471436,33.0423774719238,-0.115075081586838,48.7,50.2,55.9,22.4,12.2,23.9,34
2020-01-02,9.96227741241455,9.52613258361816,33.0118713378906,-0.246831893920898,48.7,50.2,55.9,22.4,12.2,23.9,34
2020-01-03,10.1149396896362,10.2987871170044,32.690746307373,-0.167011603713036,48.7,50.2,55.9,22.4,12.2,23.9,34
2020-01-04,10.434591293335,10.4179344177246,32.5261726379395,-0.0101327551528811,48.7,50.2,55.9,22.4,12.2,23.9,34
2020-01-05,10.6645975112915,10.3843364715576,32.7879867553711,-0.202771604061127,48.7,50.2,55.9,22.4,12.2,23.9,34
2020-01-06,10.4762926101685,10.5363931655884,32.9861793518066,-0.224514648318291,48.7,50.2,55.9,22.4,12.2,23.9,34
2020-01-07,10.5015783309937,10.2322397232056,32.9474220275879,-0.0949294790625572,48.7,50.2,55.9,22.4,12.2,23.9,34
2020-01-08,10.5189819335938,9.97099208831787,32.947696685791,-0.146693259477615,48.7,50.2,55.9,22.4,12.2,23.9,34
2020-01-09,10.4280061721802,9.61627006530762,33.0942268371582,-0.473926782608032,48.7,50.2,55.9,22.4,12.2,23.9,34
2020-01-10,10.4572048187256,9.65523338317871,33.1182746887207,-0.362972617149353,48.7,50.2,55.9,22.4,12.2,23.9,34
2020-01-11,10.6077718734741,9.7648229598999,33.0651779174805,-0.250464171171188,48.7,50.2,55.9,22.4,12.2,23.9,34
2020-01-12,10.0478649139404,8.27082061767578,33.0952835083008,-0.28608426451683,48.7,50.2,55.9,22.4,12.2,23.9,34
2020-01-13,10.2860851287842,7.85211420059204,33.0286827087402,-0.198881089687347,48.7,50.2,55.9,22.4,12.2,23.9,34
2020-01-14,10.0921392440796,8.35777378082275,33.146484375,-0.0398312397301197,48.7,50.2,55.9,22.4,12.2,23.9,34
2020-01-15,10.6980466842651,9.89150524139404,33.1232643127441,-0.106889940798283,48.7,50.2,55.9,22.4,12.2,23.9,34
2020-01-16,10.7940101623535,9.9951982498169,33.0894966125488,-0.0703290775418282,48.7,50.2,55.9,22.4,12.2,23.9,34
2020-01-17,10.8677558898926,9.83614635467529,33.1962852478027,-0.30620014667511,48.7,50.2,55.9,22.4,12.2,23.9,34
2020-01-18,10.3558464050293,9.29117107391357,33.2006492614746,-0.0828083083033562,48.7,50.2,55.9,22.4,12.2,23.9,34
2020-01-19,10.5624094009399,9.2827787399292,33.1886940002441,-0.0332418940961361,48.7,50.2,55.9,22.4,12.2,23.9,34
2020-01-20,10.4696979522705,9.12582111358643,33.2672729492188,-0.207066297531128,48.7,50.2,55.9,22.4,12.2,23.9,34
2020-01-21,10.2666397094727,9.3528528213501,33.4339790344238,-0.160805657505989,48.7,50.2,55.9,22.4,12.2,23.9,34
2020-01-22,10.2707185745239,9.47658920288086,33.5675849914551,-0.204294621944427,48.7,50.2,55.9,22.4,12.2,23.9,34
2020-01-23,10.1174898147583,9.46597957611084,33.5884552001953,-0.248069420456886,48.7,50.2,55.9,22.4,12.2,23.9,34
2020-01-24,9.62034034729004,9.61304759979248,33.7045097351074,-0.20906363427639,48.7,50.2,55.9,22.4,12.2,23.9,34
2020-01-25,9.34746265411377,9.37302875518799,33.6685981750488,-0.0398985184729099,48.7,50.2,55.9,22.4,12.2,23.9,34
2020-01-26,9.1571455001831,8.9593563079834,33.5073204040527,-0.0462210364639759,48.7,50.2,55.9,22.4,12.2,23.9,34
2020-01-27,9.43983936309814,9.10499095916748,33.394229888916,-0.147925838828087,48.7,50.2,55.9,22.4,12.2,23.9,34
2020-01-28,9.70399570465088,9.044846534729,33.4226493835449,-0.14531047642231,48.7,50.2,55.9,22.4,12.2,23.9,34
2020-01-29,9.65993976593018,8.84823894500732,33.385498046875,-0.137481868267059,48.7,50.2,55.9,22.4,12.2,23.9,34
2020-01-30,9.38267230987549,8.77255916595459,33.5545387268066,-0.146140828728676,48.7,50.2,55.9,22.4,12.2,23.9,34
2020-01-31,9.08730506896973,8.80671787261963,33.5924377441406,-0.114238820970058,48.7,50.2,55.9,22.4,12.2,23.9,34
2020-02-01,8.80685424804688,8.76467609405518,33.5374412536621,0.00687357177957892,48.7,50.2,55.9,22.4,12.2,23.9,34
2020-02-02,9.01616764068604,8.6448860168457,33.444652557373,-0.020829388871789,48.7,50.2,55.9,22.4,12.2,23.9,34
2020-02-03,9.180739402771,8.59578800201416,33.4141693115234,-0.109534300863743,48.7,50.2,55.9,22.4,12.2,23.9,34
2020-02-04,9.32869529724121,8.7011251449585,33.4302940368652,-0.1276725679636,48.7,50.2,55.9,22.4,12.2,23.9,34
2020-02-05,9.42885303497314,8.92030620574951,33.3765907287598,-0.181632712483406,48.7,50.2,55.9,22.4,12.2,23.9,34
2020-02-06,9.3463830947876,9.08374118804932,33.4118690490723,-0.0404200218617916,48.7,50.2,55.9,22.4,12.2,23.9,34
2020-02-07,9.32926177978516,9.0662031173706,33.3051795959473,-0.0339866690337658,48.7,50.2,55.9,22.4,12.2,23.9,34
2020-02-08,9.45448303222656,9.00441074371338,33.2171478271484,-0.456593424081802,48.7,50.2,55.9,22.4,12.2,23.9,34
2020-02-09,9.54840183258057,8.82039928436279,33.058650970459,-0.406030565500259,48.7,50.2,55.9,22.4,12.2,23.9,34
2020-02-10,9.59530162811279,8.79373073577881,33.0434913635254,-0.215253785252571,48.7,50.2,55.9,22.4,12.2,23.9,34
2020-02-11,9.59470653533936,9.35920143127441,32.9356117248535,-0.176540613174438,48.7,50.2,55.9,22.4,12.2,23.9,34
2020-02-12,9.67391777038574,9.28545093536377,32.8194465637207,-0.22042028605938,48.7,50.2,55.9,22.4,12.2,23.9,34
2020-02-13,9.65652847290039,9.44396209716797,32.7839317321777,-0.0591069348156452,48.7,50.2,55.9,22.4,12.2,23.9,34
2020-02-14,9.67403507232666,8.89484405517578,32.737117767334,-0.228502348065376,48.7,50.2,55.9,22.4,12.2,23.9,34
2020-02-15,9.64202976226807,8.5073766708374,32.8493843078613,-0.236858233809471,48.7,50.2,55.9,22.4,12.2,23.9,34
2020-02-16,9.48861598968506,8.03675365447998,32.6713714599609,-0.18397855758667,48.7,50.2,55.9,22.4,12.2,23.9,34
2020-02-17,9.60149097442627,8.52816772460938,32.8502540588379,-0.197788551449776,48.7,50.2,55.9,22.4,12.2,23.9,34
2020-02-18,9.502272605896,8.72261810302734,32.8885536193848,-0.0857090950012207,48.7,50.2,55.9,22.4,12.2,23.9,34
2020-02-19,9.27262210845947,8.62134838104248,32.6061096191406,-0.128275126218796,48.7,50.2,55.9,22.4,12.2,23.9,34
2020-02-20,8.61326694488525,8.56910419464111,32.6320915222168,-0.249465703964233,48.7,50.2,55.9,22.4,12.2,23.9,34
2020-02-21,8.46077156066895,8.24649810791016,32.8767852783203,-0.285090059041977,48.7,50.2,55.9,22.4,12.2,23.9,34
2020-02-22,8.26790428161621,7.99848318099976,33.0523414611816,-0.31180527806282,48.7,50.2,55.9,22.4,12.2,23.9,34
2020-02-23,8.66811656951904,8.19853496551514,32.9940986633301,-0.278038680553436,48.7,50.2,55.9,22.4,12.2,23.9,34
2020-02-24,8.83425045013428,8.26603507995605,32.9406700134277,-0.183888077735901,48.7,50.2,55.9,22.4,12.2,23.9,34
2020-02-25,8.87633609771729,8.32465839385986,32.7843055725098,-0.0836476609110832,48.7,50.2,55.9,22.4,12.2,23.9,34
2020-02-26,9.02859401702881,8.47819709777832,32.5534248352051,-0.033808458596468,48.7,50.2,55.9,22.4,12.2,23.9,34
2020-02-27,9.12546825408936,8.49087810516357,32.5619697570801,-0.0233431905508041,48.7,50.2,55.9,22.4,12.2,23.9,34
2020-02-28,9.61909103393555,8.294114112854,32.7453804016113,-0.246706053614616,48.7,50.2,55.9,22.4,12.2,23.9,34
2020-02-29,9.32272052764893,7.93162727355957,32.7323112487793,-0.277402520179749,48.7,50.2,55.9,22.4,12.2,23.9,34
2020-03-01,9.3813943862915,7.83329248428345,32.8223609924316,-0.282149940729141,48.7,50.2,55.9,22.4,12.2,23.9,34
2020-03-02,9.464674949646,7.94848489761353,32.8916549682617,-0.180955767631531,48.7,50.2,55.9,22.4,12.2,23.9,34
2020-03-03,9.87136173248291,8.0799150466919,33.017936706543,-0.0918548330664635,48.7,50.2,55.9,22.4,12.2,23.9,34
2020-03-04,10.1234636306763,8.12889862060547,32.9515419006348,-0.171879887580872,48.7,50.2,55.9,22.4,12.2,23.9,34
2020-03-05,10.2965412139893,8.311354637146,32.9914703369141,-0.294091045856476,48.7,50.2,55.9,22.4,12.2,23.9,34
2020-03-06,10.2682704925537,8.10667324066162,33.0779304504395,-0.0565098337829113,48.7,50.2,55.9,22.4,12.2,23.9,34
2020-03-07,9.96885204315186,8.11670303344727,33.0049705505371,-0.0884097218513489,48.7,50.2,55.9,22.4,12.2,23.9,34
2020-03-08,9.05408668518066,8.64540386199951,33.1640281677246,-0.169064164161682,48.7,50.2,55.9,22.4,12.2,23.9,34
2020-03-09,8.81609058380127,8.27944469451904,33.0983238220215,-0.312549859285355,48.7,50.2,55.9,22.4,12.2,23.9,34
2020-03-10,9.20658206939697,8.24570560455322,32.8928642272949,-0.334782123565674,48.7,50.2,55.9,22.4,12.2,23.9,34
2020-03-11,9.558762550354,8.29868221282959,32.3963661193848,-0.299578607082367,48.7,50.2,55.9,22.4,12.2,23.9,34
2020-03-12,9.53691959381104,8.36799049377441,32.5549201965332,-0.170846834778786,48.7,50.2,55.9,22.4,12.2,23.9,34
2020-03-13,9.32530975341797,8.61675071716309,32.3712120056152,-0.0528546087443829,48.7,50.2,55.9,22.4,12.2,23.9,34
2020-03-14,9.30231189727783,8.74860668182373,31.9567413330078,-0.214066728949547,48.7,50.2,55.9,22.4,12.2,23.9,34
2020-03-15,8.79881000518799,9.01295948028564,32.2254333496094,-0.26130798459053,48.7,50.2,55.9,22.4,12.2,23.9,34
2020-03-16,8.70785999298096,8.86497688293457,32.5731315612793,-0.238505482673645,48.7,50.2,55.9,22.4,12.2,23.9,34
2020-03-17,8.4049654006958,8.90248775482178,32.7154579162598,-0.121626108884811,48.7,50.2,55.9,22.4,12.2,23.9,34
2020-03-18,8.73657321929932,8.94886589050293,32.8113212585449,-0.28968545794487,48.7,50.2,55.9,22.4,12.2,23.9,34
2020-03-19,8.82249736785889,9.16328525543213,32.8225288391113,-0.250046938657761,48.7,50.2,55.9,22.4,12.2,23.9,34
2020-03-20,8.86178016662598,9.34341430664062,32.6959953308105,-0.201578497886658,48.7,50.2,55.9,22.4,12.2,23.9,34
2020-03-21,8.78392314910889,9.16689586639404,32.4732475280762,-0.281648367643356,48.7,50.2,55.9,22.4,12.2,23.9,34
2020-03-22,8.68278980255127,9.03884983062744,32.7489585876465,-0.350588947534561,48.7,50.2,55.9,22.4,12.2,23.9,34
2020-03-23,8.29922676086426,8.98313236236572,33.1298484802246,-0.116889536380768,48.7,50.2,55.9,22.4,12.2,23.9,34
2020-03-24,8.00474071502686,8.35908222198486,33.154857635498,-0.107368320226669,48.7,50.2,55.9,22.4,12.2,23.9,34
2020-03-25,7.87809181213379,8.31896305084229,33.1278381347656,-0.0440946519374847,48.7,50.2,55.9,22.4,12.2,23.9,34
2020-03-26,7.77627944946289,8.1261796951294,33.0792922973633,0.0206265281885862,48.7,50.2,55.9,22.4,12.2,23.9,34
2020-03-27,8.28536605834961,8.68663120269775,32.9304313659668,0.0283896997570992,48.7,50.2,55.9,22.4,12.2,23.9,34
2020-03-28,8.3310022354126,9.01431369781494,32.8782997131348,-0.0544761978089809,48.7,50.2,55.9,22.4,12.2,23.9,34
2020-03-29,8.3435468673706,9.06448841094971,32.8536567687988,0.0548324398696423,48.7,50.2,55.9,22.4,12.2,23.9,34
2020-03-30,8.59699630737305,9.21187210083008,32.8074340820312,0.0343167334794998,48.7,50.2,55.9,22.4,12.2,23.9,34
2020-03-31,8.63264751434326,9.42816638946533,32.813777923584,0.0397119037806988,48.7,50.2,55.9,22.4,12.2,23.9,34
2020-04-01,8.73487758636475,8.85721588134766,33.104679107666,0.18539260327816,48.7,50.2,55.9,22.4,12.2,23.9,34
2020-04-02,8.22277545928955,8.23068428039551,32.9755897521973,0.0943971946835518,48.7,50.2,55.9,22.4,12.2,23.9,34
2020-04-03,8.2251033782959,8.23107433319092,32.9645195007324,0.0937851592898369,48.7,50.2,55.9,22.4,12.2,23.9,34
2020-04-04,8.27386093139648,8.27416515350342,33.107063293457,0.19410228729248,48.7,50.2,55.9,22.4,12.2,23.9,34
2020-04-05,8.1076078414917,8.21971797943115,33.286190032959,0.0957613810896873,48.7,50.2,55.9,22.4,12.2,23.9,34
2020-04-06,8.10738658905029,8.62982082366943,33.2291374206543,-0.033197183161974,48.7,50.2,55.9,22.4,12.2,23.9,34
2020-04-07,8.12922096252441,9.00940036773682,33.1641502380371,-0.03601910546422,48.7,50.2,55.9,22.4,12.2,23.9,34
2020-04-08,8.15282344818115,9.11055278778076,32.9295349121094,0.0407680384814739,48.7,50.2,55.9,22.4,12.2,23.9,34
2020-04-09,8.17405796051025,9.74242210388184,32.5892219543457,0.0945461988449097,48.7,50.2,55.9,22.4,12.2,23.9,34
2020-04-10,8.18629169464111,9.07085609436035,32.385814666748,-0.0861747935414314,48.7,50.2,55.9,22.4,12.2,23.9,34
2020-04-11,8.19159889221191,9.08642768859863,32.4663391113281,-0.313865751028061,48.7,50.2,55.9,22.4,12.2,23.9,34
2020-04-12,8.14272880554199,9.35996913909912,32.4291343688965,-0.238071441650391,48.7,50.2,55.9,22.4,12.2,23.9,34
2020-04-13,8.13523387908936,9.57731533050537,32.3932151794434,-0.0513891763985157,48.7,50.2,55.9,22.4,12.2,23.9,34
2020-04-14,8.08304119110107,9.47174644470215,32.3274116516113,-0.178447604179382,48.7,50.2,55.9,22.4,12.2,23.9,34
2020-04-15,8.12184715270996,9.45395755767822,32.3810997009277,-0.135047271847725,48.7,50.2,55.9,22.4,12.2,23.9,34
2020-04-16,8.06420040130615,9.4121675491333,32.4048919677734,-0.187255010008812,48.7,50.2,55.9,22.4,12.2,23.9,34
2020-04-17,7.37627077102661,9.42853832244873,32.4350051879883,-0.214471712708473,48.7,50.2,55.9,22.4,12.2,23.9,34
2020-04-18,7.26058340072632,9.45676326751709,32.4394950866699,-0.0824727714061737,48.7,50.2,55.9,22.4,12.2,23.9,34
2020-04-19,7.2822151184082,9.44528102874756,32.4313163757324,-0.135303273797035,48.7,50.2,55.9,22.4,12.2,23.9,34
2020-04-20,7.66977882385254,9.48434829711914,32.4729080200195,0.0322302393615246,48.7,50.2,55.9,22.4,12.2,23.9,34
2020-04-21,7.75948286056519,9.55734062194824,32.5291481018066,0.00775060057640076,48.7,50.2,55.9,22.4,12.2,23.9,34
2020-04-22,7.78170537948608,9.64235019683838,32.5126838684082,-0.119580030441284,48.7,50.2,55.9,22.4,12.2,23.9,34
2020-04-23,7.71756362915039,9.59453296661377,32.5179252624512,-0.196332454681396,48.7,50.2,55.9,22.4,12.2,23.9,34
2020-04-24,7.75867652893066,9.83019542694092,32.4757919311523,-0.0317537635564804,48.7,50.2,55.9,22.4,12.2,23.9,34
2020-04-25,7.8539867401123,9.85525321960449,32.4455909729004,-0.123246550559998,48.7,50.2,55.9,22.4,12.2,23.9,34
2020-04-26,8.55631637573242,10.239052772522,32.3917198181152,0.00687768682837486,48.7,50.2,55.9,22.4,12.2,23.9,34
2020-04-27,8.52093410491943,10.410756111145,32.4429588317871,0.0157042201608419,48.7,50.2,55.9,22.4,12.2,23.9,34
2020-04-28,8.48639965057373,10.1532258987427,32.597843170166,-0.0878115221858025,48.7,50.2,55.9,22.4,12.2,23.9,34
2020-04-29,7.5971851348877,10.4608144760132,32.6227760314941,-0.130417227745056,48.7,50.2,55.9,22.4,12.2,23.9,34
2020-04-30,7.87735176086426,10.7062826156616,32.7211112976074,0.039250273257494,48.7,50.2,55.9,22.4,12.2,23.9,34
2020-05-01,8.21721363067627,10.8015356063843,32.7915306091309,0.117643058300018,48.7,50.2,55.9,22.4,12.2,23.9,34
2020-05-02,9.14629745483398,10.6611127853394,32.7187004089355,-0.0630159676074982,48.7,50.2,55.9,22.4,12.2,23.9,34
2020-05-03,9.23904418945312,11.0156288146973,32.6749954223633,-0.0574172101914883,48.7,50.2,55.9,22.4,12.2,23.9,34
2020-05-04,9.26272869110107,11.5993776321411,32.5925712585449,-0.0281769316643476,48.7,50.2,55.9,22.4,12.2,23.9,34
2020-05-05,9.38259601593018,10.7145719528198,32.6154289245605,-0.128406912088394,48.7,50.2,55.9,22.4,12.2,23.9,34
2020-05-06,9.39973258972168,10.5862865447998,32.6336631774902,-0.0144489454105496,48.7,50.2,55.9,22.4,12.2,23.9,34
2020-05-07,9.45568752288818,10.4432134628296,32.6748504638672,-0.033742431551218,48.7,50.2,55.9,22.4,12.2,23.9,34
2020-05-08,9.89355278015137,10.8010988235474,32.6064643859863,-0.0612009055912495,48.7,50.2,55.9,22.4,12.2,23.9,34
2020-05-09,9.90604591369629,10.8491163253784,32.5293464660645,-0.132903262972832,48.7,50.2,55.9,22.4,12.2,23.9,34
2020-05-10,9.76539134979248,10.8163766860962,32.4583358764648,-0.308483868837357,48.7,50.2,55.9,22.4,12.2,23.9,34
2020-05-11,9.27022647857666,11.6034440994263,31.6821880340576,-0.241943180561066,48.7,50.2,55.9,22.4,12.2,23.9,34
2020-05-12,9.21755313873291,11.3945741653442,31.7243824005127,-0.21307735145092,48.7,50.2,55.9,22.4,12.2,23.9,34
2020-05-13,9.20494937896729,11.3410720825195,31.8318996429443,-0.241359993815422,48.7,50.2,55.9,22.4,12.2,23.9,34
2020-05-14,9.0273027420044,11.4526014328003,31.9195575714111,-0.282257556915283,48.7,50.2,55.9,22.4,12.2,23.9,34
2020-05-15,9.07760143280029,11.9511022567749,31.8610210418701,-0.257334440946579,48.7,50.2,55.9,22.4,12.2,23.9,34
2020-05-16,9.34406185150146,12.7169036865234,31.7564315795898,-0.337790161371231,48.7,50.2,55.9,22.4,12.2,23.9,34
2020-05-17,10.4687452316284,12.916111946106,31.8303966522217,-0.209225609898567,48.7,50.2,55.9,22.4,12.2,23.9,34
2020-05-18,9.94352436065674,12.7162818908691,31.90891456604,-0.139123842120171,48.7,50.2,55.9,22.4,12.2,23.9,34
2020-05-19,9.9368314743042,11.8071184158325,32.2317695617676,-0.0629505217075348,48.7,50.2,55.9,22.4,12.2,23.9,34
2020-05-20,10.5407276153564,11.1185350418091,32.6567192077637,-0.0366151593625546,48.7,50.2,55.9,22.4,12.2,23.9,34
2020-05-21,10.9824075698853,11.2433815002441,32.7605247497559,-0.132640555500984,48.7,50.2,55.9,22.4,12.2,23.9,34
2020-05-22,10.9114103317261,11.513970375061,32.7235450744629,-0.167836725711823,48.7,50.2,55.9,22.4,12.2,23.9,34
2020-05-23,11.3417701721191,13.1732702255249,32.6809844970703,-0.161406308412552,48.7,50.2,55.9,22.4,12.2,23.9,34
2020-05-24,11.489598274231,13.3253660202026,32.6868476867676,-0.08271474391222,48.7,50.2,55.9,22.4,12.2,23.9,34
2020-05-25,11.4466323852539,13.1222906112671,32.6970138549805,-0.0825676620006561,48.7,50.2,55.9,22.4,12.2,23.9,34
2020-05-26,11.7962255477905,13.7521820068359,32.7427368164062,-0.166737213730812,48.7,50.2,55.9,22.4,12.2,23.9,34
2020-05-27,12.0204467773438,14.1635818481445,32.7141075134277,-0.182404562830925,48.7,50.2,55.9,22.4,12.2,23.9,34
2020-05-28,12.1399412155151,14.234001159668,32.6697425842285,-0.147628083825111,48.7,50.2,55.9,22.4,12.2,23.9,34
2020-05-29,11.9934921264648,13.7442274093628,32.6507606506348,-0.123336471617222,48.7,50.2,55.9,22.4,12.2,23.9,34
2020-05-30,11.8316345214844,14.292064666748,32.5128593444824,-0.127238109707832,48.7,50.2,55.9,22.4,12.2,23.9,34
2020-05-31,11.6737356185913,14.8693494796753,32.4279975891113,-0.149059668183327,48.7,50.2,55.9,22.4,12.2,23.9,34
2020-06-01,11.6760663986206,14.0686674118042,32.446720123291,-0.108578890562057,48.7,50.2,55.9,22.4,12.2,23.9,34
2020-06-02,11.7506856918335,14.184760093689,32.3056945800781,-0.151587575674057,48.7,50.2,55.9,22.4,12.2,23.9,34
2020-06-03,11.5889320373535,15.1198034286499,32.0032997131348,-0.0624566040933132,48.7,50.2,55.9,22.4,12.2,23.9,34
2020-06-04,11.543704032898,17.0915908813477,31.8211193084717,-0.0964833423495293,48.7,50.2,55.9,22.4,12.2,23.9,34
2020-06-05,11.5838918685913,17.7091617584229,31.7508392333984,-0.070398710668087,48.7,50.2,55.9,22.4,12.2,23.9,34
2020-06-06,11.4382181167603,18.5529823303223,31.4685802459717,-0.0192321166396141,48.7,50.2,55.9,22.4,12.2,23.9,34
2020-06-07,11.7716217041016,18.3088817596436,31.3566837310791,-0.0185153111815453,48.7,50.2,55.9,22.4,12.2,23.9,34
2020-06-08,11.9025421142578,18.8614120483398,31.2982025146484,-0.0661733523011208,48.7,50.2,55.9,22.4,12.2,23.9,34
2020-06-09,11.9608945846558,19.2531833648682,31.2303333282471,-0.0756675377488136,48.7,50.2,55.9,22.4,12.2,23.9,34
2020-06-10,12.625241279602,19.4300537109375,31.3778209686279,-0.127154156565666,48.7,50.2,55.9,22.4,12.2,23.9,34
2020-06-11,12.438889503479,19.1164817810059,31.3615951538086,-0.10694146156311,48.7,50.2,55.9,22.4,12.2,23.9,34
2020-06-12,12.0023126602173,19.1816558837891,31.4385089874268,-0.0995705500245094,48.7,50.2,55.9,22.4,12.2,23.9,34
2020-06-13,11.8263206481934,19.0695018768311,31.4604091644287,-0.0947853699326515,48.7,50.2,55.9,22.4,12.2,23.9,34
2020-06-14,12.2338209152222,18.8781509399414,31.3344573974609,-0.115713536739349,48.7,50.2,55.9,22.4,12.2,23.9,34
2020-06-15,12.4741544723511,18.6262950897217,31.2710647583008,-0.0971607863903046,48.7,50.2,55.9,22.4,12.2,23.9,34
2020-06-16,11.3674421310425,18.531644821167,31.6893615722656,-0.0890925005078316,48.7,50.2,55.9,22.4,12.2,23.9,34
2020-06-17,10.8724794387817,18.1341094970703,32.1227416992188,-0.0776601359248161,48.7,50.2,55.9,22.4,12.2,23.9,34
2020-06-18,10.7670755386353,18.4386215209961,32.2936744689941,-0.0897925496101379,48.7,50.2,55.9,22.4,12.2,23.9,34
2020-06-19,11.213812828064,19.2657203674316,32.3012199401855,-0.152181223034859,48.7,50.2,55.9,22.4,12.2,23.9,34
2020-06-20,11.2286348342896,19.6439723968506,32.2891159057617,-0.138989374041557,48.7,50.2,55.9,22.4,12.2,23.9,34
2020-06-21,11.2476234436035,20.1352939605713,32.2784538269043,-0.112214960157871,48.7,50.2,55.9,22.4,12.2,23.9,34
2020-06-22,11.5736703872681,21.3411254882812,32.2354927062988,-0.0912730321288109,48.7,50.2,55.9,22.4,12.2,23.9,34
2020-06-23,11.5783681869507,21.6303558349609,32.1378593444824,-0.0205693952739239,48.7,50.2,55.9,22.4,12.2,23.9,34
2020-06-24,11.4361429214478,22.0487232208252,31.8755645751953,-0.000155920788529329,48.7,50.2,55.9,22.4,12.2,23.9,34
2020-06-25,12.5715675354004,21.5679950714111,31.7194805145264,-0.0133619010448456,48.7,50.2,55.9,22.4,12.2,23.9,34
2020-06-26,12.5456609725952,21.5431976318359,31.7001552581787,0.00763370329514146,48.7,50.2,55.9,22.4,12.2,23.9,34
2020-06-27,12.4494781494141,21.6317501068115,31.5892925262451,0.032498225569725,48.7,50.2,55.9,22.4,12.2,23.9,34
2020-06-28,11.570873260498,22.229850769043,31.4680652618408,0.0250050369650126,48.7,50.2,55.9,22.4,12.2,23.9,34
2020-06-29,11.5315713882446,22.8479022979736,31.4304656982422,0.0273022428154945,48.7,50.2,55.9,22.4,12.2,23.9,34
2020-06-30,11.5885362625122,23.0431156158447,31.4608058929443,0.0174554940313101,48.7,50.2,55.9,22.4,12.2,23.9,34
2020-07-01,11.8300447463989,23.7233753204346,31.5244083404541,0.0214851722121239,48.7,50.2,55.9,22.4,12.2,23.9,34
2020-07-02,11.7605829238892,24.1086292266846,31.4995746612549,0.00541631132364273,48.7,50.2,55.9,22.4,12.2,23.9,34
2020-07-03,11.6615839004517,24.4254474639893,31.4836959838867,0.0158680472522974,48.7,50.2,55.9,22.4,12.2,23.9,34
2020-07-04,12.1620979309082,24.5590209960938,31.496955871582,0.0659225434064865,48.7,50.2,55.9,22.4,12.2,23.9,34
2020-07-05,12.2850198745728,24.4725208282471,31.6046695709229,0.0268945619463921,48.7,50.2,55.9,22.4,12.2,23.9,34
2020-07-06,12.2286605834961,24.4711227416992,31.4956607818604,0.0187057852745056,48.7,50.2,55.9,22.4,12.2,23.9,34
2020-07-07,12.6391763687134,24.4393367767334,31.2042465209961,0.025394007563591,48.7,50.2,55.9,22.4,12.2,23.9,34
2020-07-08,12.6446390151978,24.9630584716797,30.9911594390869,0.0568275861442089,48.7,50.2,55.9,22.4,12.2,23.9,34
2020-07-09,12.7256698608398,25.3471736907959,31.0617828369141,0.0625975057482719,48.7,50.2,55.9,22.4,12.2,23.9,34
2020-07-10,12.2035598754883,24.3947238922119,31.133150100708,0.069097213447094,48.7,50.2,55.9,22.4,12.2,23.9,34
2020-07-11,11.9804639816284,23.8640975952148,30.8791904449463,0.0369921438395977,48.7,50.2,55.9,22.4,12.2,23.9,34
2020-07-12,11.4316663742065,24.6135768890381,30.7527713775635,0.0268731266260147,48.7,50.2,55.9,22.4,12.2,23.9,34
2020-07-13,12.1977376937866,24.7700366973877,30.8421955108643,-0.0286060925573111,48.7,50.2,55.9,22.4,12.2,23.9,34
2020-07-14,12.4386510848999,24.8103332519531,30.8683795928955,-0.0451309941709042,48.7,50.2,55.9,22.4,12.2,23.9,34
2020-07-15,12.6005773544312,24.8387050628662,30.9071445465088,-0.0488783717155457,48.7,50.2,55.9,22.4,12.2,23.9,34
2020-07-16,12.6609916687012,24.6280899047852,31.0881519317627,-0.0908223614096642,48.7,50.2,55.9,22.4,12.2,23.9,34
2020-07-17,12.5928316116333,24.5838088989258,31.1610774993896,-0.043080136179924,48.7,50.2,55.9,22.4,12.2,23.9,34
2020-07-18,12.4505987167358,24.9375152587891,31.1441135406494,-0.0250838939100504,48.7,50.2,55.9,22.4,12.2,23.9,34
2020-07-19,14.0858726501465,26.0891780853271,31.2161540985107,-0.0455977618694305,48.7,50.2,55.9,22.4,12.2,23.9,34
2020-07-20,14.2058753967285,26.5490856170654,31.1782398223877,9.90678836387815e-06,48.7,50.2,55.9,22.4,12.2,23.9,34
2020-07-21,14.2380781173706,27.243688583374,31.0850925445557,0.0244127865880728,48.7,50.2,55.9,22.4,12.2,23.9,34
2020-07-22,15.1795148849487,26.7601833343506,31.0480442047119,0.0245870500802994,48.7,50.2,55.9,22.4,12.2,23.9,34
2020-07-23,15.2066192626953,26.4783458709717,30.9390659332275,0.0384060256183147,48.7,50.2,55.9,22.4,12.2,23.9,34
2020-07-24,14.9696779251099,26.2241382598877,30.8856945037842,0.0477513857185841,48.7,50.2,55.9,22.4,12.2,23.9,34
2020-07-25,15.5692167282104,26.6616897583008,30.8542232513428,0.0476435013115406,48.7,50.2,55.9,22.4,12.2,23.9,34
2020-07-26,15.3298149108887,26.9322528839111,30.9016780853271,0.00979650299996138,48.7,50.2,55.9,22.4,12.2,23.9,34
2020-07-27,14.996771812439,27.1009502410889,31.0519199371338,-0.00755966268479824,48.7,50.2,55.9,22.4,12.2,23.9,34
2020-07-28,13.8203773498535,27.6107082366943,31.4701976776123,-0.0080820806324482,48.7,50.2,55.9,22.4,12.2,23.9,34
2020-07-29,13.7689056396484,27.9272136688232,31.6589126586914,-0.0141678145155311,48.7,50.2,55.9,22.4,12.2,23.9,34
2020-07-30,13.7440538406372,27.7941303253174,31.8547649383545,-0.0338204763829708,48.7,50.2,55.9,22.4,12.2,23.9,34
2020-07-31,13.82581615448,27.4407825469971,31.9418029785156,-0.00932173896580935,48.7,50.2,55.9,22.4,12.2,23.9,34
2020-08-01,13.9271478652954,27.2476406097412,31.8493747711182,-0.0209935922175646,48.7,50.2,55.9,22.4,12.2,23.9,34
2020-08-02,13.6368608474731,27.0398807525635,31.864049911499,-0.0348708033561707,48.7,50.2,55.9,22.4,12.2,23.9,34
2020-08-03,12.9513578414917,26.6744174957275,32.120532989502,-0.0796269848942757,48.7,50.2,55.9,22.4,12.2,23.9,34
2020-08-04,12.8323984146118,25.6546726226807,32.31298828125,-0.0424706004559994,48.7,50.2,55.9,22.4,12.2,23.9,34
2020-08-05,13.1475992202759,23.7922115325928,32.8573684692383,-0.127836689352989,48.7,50.2,55.9,22.4,12.2,23.9,34
2020-08-06,14.4392328262329,23.838586807251,33.0031471252441,-0.0661924481391907,48.7,50.2,55.9,22.4,12.2,23.9,34
2020-08-07,14.3246183395386,23.878870010376,32.9362297058105,-0.0915559604763985,48.7,50.2,55.9,22.4,12.2,23.9,34
2020-08-08,14.3089570999146,24.0574951171875,32.936450958252,-0.0536074601113796,48.7,50.2,55.9,22.4,12.2,23.9,34
2020-08-09,14.1539869308472,24.3296489715576,33.0188026428223,-0.0981199666857719,48.7,50.2,55.9,22.4,12.2,23.9,34
2020-08-10,14.3114471435547,24.2213973999023,33.126049041748,-0.0650757700204849,48.7,50.2,55.9,22.4,12.2,23.9,34
2020-08-11,14.5624761581421,24.2527236938477,33.1923484802246,-0.0441514514386654,48.7,50.2,55.9,22.4,12.2,23.9,34
2020-08-12,14.6046514511108,25.0193500518799,33.4139518737793,-0.0856778249144554,48.7,50.2,55.9,22.4,12.2,23.9,34
2020-08-13,14.8435316085815,25.4286937713623,33.3589324951172,-0.116550020873547,48.7,50.2,55.9,22.4,12.2,23.9,34
2020-08-14,14.1315002441406,25.6815738677979,33.323787689209,-0.0410720966756344,48.7,50.2,55.9,22.4,12.2,23.9,34
2020-08-15,11.3890190124512,24.8463268280029,33.1806411743164,-0.0161531753838062,48.7,50.2,55.9,22.4,12.2,23.9,34
2020-08-16,11.2412919998169,24.3767566680908,32.6788749694824,0.102684773504734,48.7,50.2,55.9,22.4,12.2,23.9,34
2020-08-17,11.7663612365723,24.516242980957,32.2607460021973,0.104770578444004,48.7,50.2,55.9,22.4,12.2,23.9,34
2020-08-18,12.8674020767212,24.7326564788818,32.2526969909668,0.0325628407299519,48.7,50.2,55.9,22.4,12.2,23.9,34
2020-08-19,13.068920135498,24.8571109771729,32.2131042480469,0.0111963571980596,48.7,50.2,55.9,22.4,12.2,23.9,34
2020-08-20,13.2489395141602,24.8615970611572,32.1693382263184,0.0171258915215731,48.7,50.2,55.9,22.4,12.2,23.9,34
2020-08-21,12.8624181747437,25.0073165893555,32.1972541809082,0.0255837589502335,48.7,50.2,55.9,22.4,12.2,23.9,34
2020-08-22,12.6907958984375,25.2484130859375,32.2211608886719,-0.00863996241241693,48.7,50.2,55.9,22.4,12.2,23.9,34
2020-08-23,12.3202428817749,25.4115390777588,32.2692451477051,0.0319521278142929,48.7,50.2,55.9,22.4,12.2,23.9,34
2020-08-24,13.163571357727,25.2461490631104,32.2407379150391,0.019512265920639,48.7,50.2,55.9,22.4,12.2,23.9,34
2020-08-25,13.0532350540161,25.2651138305664,32.1650581359863,0.035241674631834,48.7,50.2,55.9,22.4,12.2,23.9,34
2020-08-26,12.7188596725464,25.4020614624023,32.1066932678223,0.0431784354150295,48.7,50.2,55.9,22.4,12.2,23.9,34
2020-08-27,14.1054916381836,25.6798458099365,32.1224060058594,0.00552335055544972,48.7,50.2,55.9,22.4,12.2,23.9,34
2020-08-28,13.643630027771,25.9775695800781,32.0640602111816,-0.00487564643844962,48.7,50.2,55.9,22.4,12.2,23.9,34
2020-08-29,13.5532560348511,26.1741580963135,32.0140113830566,0.0530050694942474,48.7,50.2,55.9,22.4,12.2,23.9,34
2020-08-30,12.8068475723267,24.9468021392822,31.9687061309814,0.0378457307815552,48.7,50.2,55.9,22.4,12.2,23.9,34
2020-08-31,12.7806806564331,24.6501560211182,32.0225830078125,-0.0291339289397001,48.7,50.2,55.9,22.4,12.2,23.9,34
2020-09-01,12.9856910705566,24.3991298675537,32.0519371032715,0.00765075394883752,48.7,50.2,55.9,22.4,12.2,23.9,34
2020-09-02,13.614649772644,25.3562030792236,32.1758308410645,0.0541812777519226,48.7,50.2,55.9,22.4,12.2,23.9,34
2020-09-03,13.8878784179688,25.7036609649658,32.1659469604492,0.043934840708971,48.7,50.2,55.9,22.4,12.2,23.9,34
2020-09-04,14.0389757156372,25.8494663238525,32.128490447998,0.0427233316004276,48.7,50.2,55.9,22.4,12.2,23.9,34
2020-09-05,14.4816541671753,25.5310497283936,32.2578811645508,-0.0241073276847601,48.7,50.2,55.9,22.4,12.2,23.9,34
2020-09-06,14.7630529403687,25.1725006103516,32.3506164550781,-0.0438400357961655,48.7,50.2,55.9,22.4,12.2,23.9,34
2020-09-07,14.8089017868042,25.0088806152344,32.3620796203613,-0.00735520431771874,48.7,50.2,55.9,22.4,12.2,23.9,34
2020-09-08,14.5057325363159,25.0743350982666,32.340446472168,0.0120137212797999,48.7,50.2,55.9,22.4,12.2,23.9,34
2020-09-09,14.5727462768555,25.03466796875,32.3026885986328,-0.0313571728765965,48.7,50.2,55.9,22.4,12.2,23.9,34
2020-09-10,14.689829826355,25.1657390594482,32.216869354248,-0.0422252230346203,48.7,50.2,55.9,22.4,12.2,23.9,34
2020-09-11,15.9232940673828,25.4219741821289,32.1884651184082,-0.0362629778683186,48.7,50.2,55.9,22.4,12.2,23.9,34
2020-09-12,16.3929176330566,24.8017349243164,32.1047782897949,0.0232747625559568,48.7,50.2,55.9,22.4,12.2,23.9,34
2020-09-13,16.9418201446533,24.3257904052734,32.0672187805176,0.049618873745203,48.7,50.2,55.9,22.4,12.2,23.9,34
2020-09-14,15.9515867233276,23.9765758514404,32.1001243591309,-0.0126625774428248,48.7,50.2,55.9,22.4,12.2,23.9,34
2020-09-15,16.0151748657227,23.1641368865967,32.1623191833496,-0.0401823781430721,48.7,50.2,55.9,22.4,12.2,23.9,34
2020-09-16,16.2473201751709,22.4977397918701,32.192195892334,-0.0195411741733551,48.7,50.2,55.9,22.4,12.2,23.9,34
2020-09-17,18.0036754608154,22.4006118774414,32.1768074035645,0.0105869518592954,48.7,50.2,55.9,22.4,12.2,23.9,34
2020-09-18,17.8313388824463,22.3586196899414,32.3032188415527,0.0897283926606178,48.7,50.2,55.9,22.4,12.2,23.9,34
2020-09-19,18.3765773773193,21.8614864349365,32.3942337036133,0.106547117233276,48.7,50.2,55.9,22.4,12.2,23.9,34
2020-09-20,20.6039257049561,22.2348232269287,32.380558013916,0.130162939429283,48.7,50.2,55.9,22.4,12.2,23.9,34
2020-09-21,21.4077129364014,21.6452159881592,32.2395477294922,0.213750377297401,48.7,50.2,55.9,22.4,12.2,23.9,34
2020-09-22,21.5543880462646,21.5895023345947,32.116771697998,0.199479043483734,48.7,50.2,55.9,22.4,12.2,23.9,34
2020-09-23,19.6286792755127,20.7634620666504,32.1209487915039,0.180236920714378,48.7,50.2,55.9,22.4,12.2,23.9,34
2020-09-24,19.4938983917236,20.6350078582764,32.0850639343262,0.0744627639651299,48.7,50.2,55.9,22.4,12.2,23.9,34
2020-09-25,19.4330615997314,20.7581844329834,32.0696983337402,0.00351497461088002,48.7,50.2,55.9,22.4,12.2,23.9,34
2020-09-26,19.8314037322998,20.889310836792,31.9799900054932,0.0210275575518608,48.7,50.2,55.9,22.4,12.2,23.9,34
2020-09-27,19.9183483123779,20.9711151123047,31.9917011260986,0.0131671195849776,48.7,50.2,55.9,22.4,12.2,23.9,34
2020-09-28,19.9831600189209,21.1558418273926,31.9790172576904,0.0174943413585424,48.7,50.2,55.9,22.4,12.2,23.9,34
2020-09-29,18.6589965820312,21.3557510375977,32.0747337341309,0.0449506640434265,48.7,50.2,55.9,22.4,12.2,23.9,34
2020-09-30,18.3777751922607,21.2252902984619,32.0908966064453,0.0511323809623718,48.7,50.2,55.9,22.4,12.2,23.9,34
2020-10-01,17.9768486022949,21.2101211547852,32.1275367736816,-0.0317655690014362,48.7,50.2,55.9,22.4,12.2,23.9,34
2020-10-02,18.4492721557617,21.1105098724365,32.1484527587891,0.0546719916164875,48.7,50.2,55.9,22.4,12.2,23.9,34
2020-10-03,18.2841377258301,20.5392360687256,32.2139778137207,-0.0105364667251706,48.7,50.2,55.9,22.4,12.2,23.9,34
2020-10-04,18.0238704681396,20.3891544342041,32.2380867004395,0.000435095746070147,48.7,50.2,55.9,22.4,12.2,23.9,34
2020-10-05,17.9166851043701,20.1812229156494,32.2170524597168,0.0315169952809811,48.7,50.2,55.9,22.4,12.2,23.9,34
2020-10-06,18.0379047393799,20.1572437286377,32.1909599304199,0.000850917131174356,48.7,50.2,55.9,22.4,12.2,23.9,34
2020-10-07,17.8892803192139,20.2185554504395,32.2092666625977,0.0397910363972187,48.7,50.2,55.9,22.4,12.2,23.9,34
2020-10-08,17.3429260253906,20.4714641571045,32.3089179992676,-0.0965053215622902,48.7,50.2,55.9,22.4,12.2,23.9,34
2020-10-09,17.0766563415527,20.4368381500244,32.3268928527832,-0.169063925743103,48.7,50.2,55.9,22.4,12.2,23.9,34
2020-10-10,16.7193336486816,20.3881359100342,32.2787895202637,-0.0996322110295296,48.7,50.2,55.9,22.4,12.2,23.9,34
2020-10-11,17.7993907928467,19.9932842254639,32.2370796203613,-0.113580405712128,48.7,50.2,55.9,22.4,12.2,23.9,34
2020-10-12,17.9952583312988,19.8502826690674,32.2675743103027,0.130791813135147,48.7,50.2,55.9,22.4,12.2,23.9,34
2020-10-13,18.8936996459961,19.4250049591064,32.3323783874512,0.207893431186676,48.7,50.2,55.9,22.4,12.2,23.9,34
2020-10-14,18.4795475006104,19.8649272918701,32.2563133239746,0.048998236656189,48.7,50.2,55.9,22.4,12.2,23.9,34
2020-10-15,18.5183982849121,19.8570442199707,32.2221183776855,-0.00318619119934738,48.7,50.2,55.9,22.4,12.2,23.9,34
2020-10-16,18.4235572814941,19.8860664367676,32.2146492004395,0.00476862490177155,48.7,50.2,55.9,22.4,12.2,23.9,34
2020-10-17,16.9973964691162,19.5885620117188,32.3453483581543,0.029145672917366,48.7,50.2,55.9,22.4,12.2,23.9,34
2020-10-18,17.1419162750244,19.2445755004883,32.4440727233887,-0.0628460124135017,48.7,50.2,55.9,22.4,12.2,23.9,34
2020-10-19,17.0075187683105,19.1116600036621,32.4505805969238,0.0211521536111832,48.7,50.2,55.9,22.4,12.2,23.9,34
2020-10-20,15.8194856643677,18.4929122924805,32.4870185852051,-0.00192945695016533,48.7,50.2,55.9,22.4,12.2,23.9,34
2020-10-21,15.6692533493042,18.4880123138428,32.4494514465332,0.0467342846095562,48.7,50.2,55.9,22.4,12.2,23.9,34
2020-10-22,15.5964736938477,18.5549144744873,32.4192581176758,0.0238297060132027,48.7,50.2,55.9,22.4,12.2,23.9,34
2020-10-23,18.2355365753174,18.9864368438721,32.3474884033203,0.0788589194417,48.7,50.2,55.9,22.4,12.2,23.9,34
2020-10-24,18.5044956207275,19.0193576812744,32.2909317016602,0.103781454265118,48.7,50.2,55.9,22.4,12.2,23.9,34
2020-10-25,18.5478115081787,18.8982524871826,32.2597312927246,0.0785688757896423,48.7,50.2,55.9,22.4,12.2,23.9,34
2020-10-26,16.869119644165,17.9852466583252,32.4014625549316,0.126046612858772,48.7,50.2,55.9,22.4,12.2,23.9,34
2020-10-27,16.6287326812744,18.012300491333,32.4048538208008,0.00969817768782377,48.7,50.2,55.9,22.4,12.2,23.9,34
2020-10-28,16.5926933288574,18.0310039520264,32.3930473327637,-0.0434325747191906,48.7,50.2,55.9,22.4,12.2,23.9,34
2020-10-29,16.8211917877197,18.6275405883789,32.4268112182617,0.129667833447456,48.7,50.2,55.9,22.4,12.2,23.9,34
2020-10-30,17.103364944458,18.490104675293,32.3669166564941,0.253760129213333,48.7,50.2,55.9,22.4,12.2,23.9,34
2020-10-31,17.4748687744141,17.494930267334,32.3954391479492,0.124922774732113,48.7,50.2,55.9,22.4,12.2,23.9,34
2020-11-01,17.9970645904541,17.9185123443604,32.5426712036133,0.0809073597192764,48.7,50.2,55.9,22.4,12.2,23.9,34
2020-11-02,18.1203098297119,17.8903865814209,32.5178260803223,-0.0880739018321037,48.7,50.2,55.9,22.4,12.2,23.9,34
2020-11-03,18.0864887237549,17.7165775299072,32.4475517272949,-0.28194585442543,48.7,50.2,55.9,22.4,12.2,23.9,34
2020-11-04,17.0367050170898,17.4871082305908,32.6230888366699,-0.269997239112854,48.7,50.2,55.9,22.4,12.2,23.9,34
2020-11-05,16.8066959381104,17.2993335723877,32.5726623535156,-0.183300569653511,48.7,50.2,55.9,22.4,12.2,23.9,34
2020-11-06,16.6167888641357,17.2307033538818,32.5996971130371,-0.188389539718628,48.7,50.2,55.9,22.4,12.2,23.9,34
2020-11-07,16.9589939117432,16.9925231933594,32.5295143127441,-0.180504277348518,48.7,50.2,55.9,22.4,12.2,23.9,34
2020-11-08,16.6916103363037,17.1678066253662,32.546817779541,-0.14561440050602,48.7,50.2,55.9,22.4,12.2,23.9,34
2020-11-09,16.79762840271,17.2708587646484,32.5420913696289,-0.0890628695487976,48.7,50.2,55.9,22.4,12.2,23.9,34
2020-11-10,16.4550762176514,17.6216297149658,32.6367530822754,-0.120277933776379,48.7,50.2,55.9,22.4,12.2,23.9,34
2020-11-11,16.2045307159424,17.7963981628418,32.5945625305176,-0.0973263755440712,48.7,50.2,55.9,22.4,12.2,23.9,34
2020-11-12,15.9854736328125,17.8811054229736,32.2652549743652,-0.0778465196490288,48.7,50.2,55.9,22.4,12.2,23.9,34
2020-11-13,15.7683687210083,17.9491271972656,32.3028144836426,-0.0135628981515765,48.7,50.2,55.9,22.4,12.2,23.9,34
2020-11-14,15.830906867981,17.52174949646,32.3972816467285,-0.1003243252635,48.7,50.2,55.9,22.4,12.2,23.9,34
2020-11-15,15.7026329040527,17.2266044616699,32.4917907714844,-0.0766258910298347,48.7,50.2,55.9,22.4,12.2,23.9,34
2020-11-16,15.027153968811,17.1762046813965,32.5107002258301,-0.078163780272007,48.7,50.2,55.9,22.4,12.2,23.9,34
2020-11-17,15.0177564620972,16.8090648651123,32.5641632080078,-0.11427053809166,48.7,50.2,55.9,22.4,12.2,23.9,34
2020-11-18,15.0677251815796,16.2874927520752,32.6803550720215,-0.211135521531105,48.7,50.2,55.9,22.4,12.2,23.9,34
2020-11-19,15.0834274291992,15.851634979248,32.815299987793,-0.221516534686089,48.7,50.2,55.9,22.4,12.2,23.9,34
2020-11-20,15.0161409378052,15.678017616272,32.7923851013184,-0.294444024562836,48.7,50.2,55.9,22.4,12.2,23.9,34
2020-11-21,15.0745344161987,15.8297119140625,32.5902137756348,-0.33947828412056,48.7,50.2,55.9,22.4,12.2,23.9,34
2020-11-22,15.2800788879395,16.3847179412842,32.6324729919434,-0.147053971886635,48.7,50.2,55.9,22.4,12.2,23.9,34
2020-11-23,15.4753923416138,16.2191524505615,32.7341804504395,-0.0172774530947208,48.7,50.2,55.9,22.4,12.2,23.9,34
2020-11-24,15.5096063613892,15.9243965148926,32.8740882873535,-0.214672818779945,48.7,50.2,55.9,22.4,12.2,23.9,34
2020-11-25,14.1378059387207,15.233380317688,33.0613670349121,-0.210829064249992,48.7,50.2,55.9,22.4,12.2,23.9,34
2020-11-26,14.0386171340942,15.1453628540039,33.0576286315918,-0.136382386088371,48.7,50.2,55.9,22.4,12.2,23.9,34
2020-11-27,14.049168586731,15.1535186767578,33.033073425293,-0.106062211096287,48.7,50.2,55.9,22.4,12.2,23.9,34
2020-11-28,14.459454536438,15.6202211380005,33.0540885925293,-0.0568421296775341,48.7,50.2,55.9,22.4,12.2,23.9,34
2020-11-29,14.5548477172852,15.5330438613892,33.0854148864746,-0.130974739789963,48.7,50.2,55.9,22.4,12.2,23.9,34
2020-11-30,14.6346044540405,15.4793787002563,33.0955810546875,0.0380756668746471,48.7,50.2,55.9,22.4,12.2,23.9,34
2020-12-01,14.8646507263184,15.2786474227905,33.1609992980957,0.0265036150813103,48.7,50.2,55.9,22.4,12.2,23.9,34
2020-12-02,14.4666471481323,14.9659490585327,33.1462287902832,-0.174698367714882,48.7,50.2,55.9,22.4,12.2,23.9,34
2020-12-03,13.9418182373047,14.7068300247192,33.1282691955566,-0.233698725700378,48.7,50.2,55.9,22.4,12.2,23.9,34
2020-12-04,14.3917322158813,14.5707883834839,32.933292388916,-0.210783317685127,48.7,50.2,55.9,22.4,12.2,23.9,34
2020-12-05,14.073902130127,14.5522804260254,32.8040351867676,0.00442411005496979,48.7,50.2,55.9,22.4,12.2,23.9,34
2020-12-06,14.0024938583374,14.2746305465698,32.9165153503418,-0.278442889451981,48.7,50.2,55.9,22.4,12.2,23.9,34
2020-12-07,15.3510484695435,14.9022827148438,32.5803031921387,-0.140883833169937,48.7,50.2,55.9,22.4,12.2,23.9,34
2020-12-08,15.3424072265625,14.6451978683472,32.6679763793945,-0.0670505836606026,48.7,50.2,55.9,22.4,12.2,23.9,34
2020-12-09,15.1285524368286,14.0705337524414,32.9061012268066,-0.0975205078721046,48.7,50.2,55.9,22.4,12.2,23.9,34
2020-12-10,14.9549407958984,14.0834312438965,33.066104888916,-0.216206610202789,48.7,50.2,55.9,22.4,12.2,23.9,34
2020-12-11,15.0972442626953,13.9860963821411,33.0303001403809,-0.235339403152466,48.7,50.2,55.9,22.4,12.2,23.9,34
2020-12-12,14.9683904647827,13.9444875717163,33.0496559143066,-0.158185556530952,48.7,50.2,55.9,22.4,12.2,23.9,34
2020-12-13,15.4132270812988,14.1533241271973,32.9382667541504,-0.160162568092346,48.7,50.2,55.9,22.4,12.2,23.9,34
2020-12-14,15.337028503418,14.0834350585938,32.9104042053223,-0.0642368271946907,48.7,50.2,55.9,22.4,12.2,23.9,34
2020-12-15,15.3115730285645,13.986611366272,33.0600090026855,-0.226607009768486,48.7,50.2,55.9,22.4,12.2,23.9,34
2020-12-16,15.996823310852,14.0239686965942,33.1556930541992,-0.0975430086255074,48.7,50.2,55.9,22.4,12.2,23.9,34
2020-12-17,14.96178150177,13.941704750061,33.2637405395508,0.0938685014843941,48.7,50.2,55.9,22.4,12.2,23.9,34
2020-12-18,13.6924543380737,13.621940612793,33.5287132263184,-0.0267986357212067,48.7,50.2,55.9,22.4,12.2,23.9,34
2020-12-19,11.973274230957,11.9349336624146,33.5060882568359,-0.0714722350239754,48.7,50.2,55.9,22.4,12.2,23.9,34
2020-12-20,11.6386213302612,11.609974861145,33.4006080627441,-0.0812564045190811,48.7,50.2,55.9,22.4,12.2,23.9,34
2020-12-21,11.5884237289429,11.5291442871094,33.3758010864258,0.0503166615962982,48.7,50.2,55.9,22.4,12.2,23.9,34
2020-12-22,12.1252241134644,12.1226387023926,33.236141204834,-0.0417191237211227,48.7,50.2,55.9,22.4,12.2,23.9,34
2020-12-23,12.0617818832397,11.990177154541,33.2570266723633,-0.243772864341736,48.7,50.2,55.9,22.4,12.2,23.9,34
2020-12-24,12.036979675293,12.0375900268555,33.326000213623,-0.103660494089127,48.7,50.2,55.9,22.4,12.2,23.9,34
2020-12-25,12.3343458175659,12.5525970458984,33.4417495727539,0.0150058651342988,48.7,50.2,55.9,22.4,12.2,23.9,34
2020-12-26,12.7624740600586,11.9986696243286,33.3025703430176,-0.298673540353775,48.7,50.2,55.9,22.4,12.2,23.9,34
2020-12-27,13.1985855102539,11.3992910385132,32.9330863952637,-0.307564795017242,48.7,50.2,55.9,22.4,12.2,23.9,34
2020-12-28,13.5077810287476,11.9838991165161,33.0726547241211,-0.190477415919304,48.7,50.2,55.9,22.4,12.2,23.9,34
2020-12-29,13.6296014785767,11.9575185775757,33.1926078796387,-0.234549507498741,48.7,50.2,55.9,22.4,12.2,23.9,34
2020-12-30,13.5793190002441,11.9174432754517,33.3562164306641,-0.307979375123978,48.7,50.2,55.9,22.4,12.2,23.9,34
2020-12-31,13.3000249862671,11.9145002365112,33.2405853271484,-0.288511753082275,48.7,50.2,55.9,22.4,12.2,23.9,34
2021-01-01,13.2207260131836,11.7647123336792,33.245662689209,-0.261965066194534,48.7,50.2,55.9,22.4,12.2,23.9,34
2021-01-02,13.1226654052734,11.858401298523,33.2788429260254,-0.134850308299065,48.7,50.2,55.9,22.4,12.2,23.9,34
2021-01-03,13.3537216186523,11.6555328369141,33.433422088623,-0.0613860003650188,48.7,50.2,55.9,22.4,12.2,23.9,34
2021-01-04,12.4911422729492,11.6894073486328,33.5574417114258,0.0863558575510979,48.7,50.2,55.9,22.4,12.2,23.9,34
2021-01-05,11.911997795105,11.8846197128296,33.7593955993652,0.08440151065588,48.7,50.2,55.9,22.4,12.2,23.9,34
2021-01-06,12.0797357559204,12.0414609909058,33.6490592956543,0.0588458813726902,48.7,50.2,55.9,22.4,12.2,23.9,34
2021-01-07,11.5707387924194,11.5363302230835,33.483943939209,0.0288462396711111,48.7,50.2,55.9,22.4,12.2,23.9,34
2021-01-08,11.2122259140015,11.1805715560913,33.3574485778809,0.0731085687875748,48.7,50.2,55.9,22.4,12.2,23.9,34
2021-01-09,10.5871496200562,10.5570573806763,33.3347053527832,0.0568720512092113,48.7,50.2,55.9,22.4,12.2,23.9,34
2021-01-10,10.2577180862427,10.2212295532227,33.2605934143066,-0.0692081153392792,48.7,50.2,55.9,22.4,12.2,23.9,34
2021-01-11,10.0823707580566,10.0373363494873,33.2365493774414,-0.102171689271927,48.7,50.2,55.9,22.4,12.2,23.9,34
2021-01-12,10.2615823745728,10.3464765548706,33.1916694641113,-0.163764014840126,48.7,50.2,55.9,22.4,12.2,23.9,34
2021-01-13,10.3118686676025,10.217339515686,33.2063064575195,-0.156291678547859,48.7,50.2,55.9,22.4,12.2,23.9,34
2021-01-14,10.3766527175903,10.1448163986206,33.2050170898438,-0.107521116733551,48.7,50.2,55.9,22.4,12.2,23.9,34
2021-01-15,10.0473775863647,10.1758413314819,33.3401298522949,-0.068614274263382,48.7,50.2,55.9,22.4,12.2,23.9,34
2021-01-16,9.98329544067383,10.0399293899536,33.3115539550781,0.115580223500729,48.7,50.2,55.9,22.4,12.2,23.9,34
2021-01-17,10.2396936416626,9.71003437042236,33.1900215148926,-0.10588601231575,48.7,50.2,55.9,22.4,12.2,23.9,34
2021-01-18,10.0557813644409,9.83260345458984,31.7948169708252,-0.298516899347305,48.7,50.2,55.9,22.4,12.2,23.9,34
2021-01-19,10.3701705932617,9.57868671417236,31.5218753814697,-0.346863597631454,48.7,50.2,55.9,22.4,12.2,23.9,34
2021-01-20,10.6610069274902,9.36877536773682,31.6410980224609,-0.254297703504562,48.7,50.2,55.9,22.4,12.2,23.9,34
2021-01-21,11.4329805374146,9.95705032348633,32.001522064209,-0.138513281941414,48.7,50.2,55.9,22.4,12.2,23.9,34
2021-01-22,11.9564971923828,9.74271297454834,32.0540504455566,-0.120039917528629,48.7,50.2,55.9,22.4,12.2,23.9,34
2021-01-23,12.1291704177856,9.38701725006104,32.214771270752,-0.236314907670021,48.7,50.2,55.9,22.4,12.2,23.9,34
2021-01-24,12.01429271698,9.1788740158081,32.7766151428223,-0.318582862615585,48.7,50.2,55.9,22.4,12.2,23.9,34
2021-01-25,11.8363542556763,9.43935489654541,33.1539077758789,-0.191958829760551,48.7,50.2,55.9,22.4,12.2,23.9,34
2021-01-26,11.2702970504761,10.0993185043335,33.5353355407715,-0.0771352723240852,48.7,50.2,55.9,22.4,12.2,23.9,34
2021-01-27,11.6497201919556,10.0001192092896,33.5926475524902,-0.0952006354928017,48.7,50.2,55.9,22.4,12.2,23.9,34
2021-01-28,10.6617565155029,9.73478603363037,33.5629081726074,-0.0947959646582603,48.7,50.2,55.9,22.4,12.2,23.9,34
2021-01-29,9.26519298553467,9.20727634429932,33.4652557373047,-0.210663974285126,48.7,50.2,55.9,22.4,12.2,23.9,34
2021-01-30,8.78718852996826,8.76144981384277,33.4183578491211,-0.184414103627205,48.7,50.2,55.9,22.4,12.2,23.9,34
2021-01-31,8.08890628814697,8.06125164031982,33.2916526794434,-0.0795324444770813,48.7,50.2,55.9,22.4,12.2,23.9,34
2021-02-01,7.77805089950562,7.78840780258179,33.1843070983887,0.269727408885956,48.7,50.2,55.9,22.4,12.2,23.9,34
2021-02-02,7.65777969360352,7.6386570930481,33.177059173584,0.341968864202499,48.7,50.2,55.9,22.4,12.2,23.9,34
2021-02-03,7.61444997787476,7.58609247207642,33.1321640014648,0.184391856193542,48.7,50.2,55.9,22.4,12.2,23.9,34
2021-02-04,7.83902740478516,7.77636861801147,33.3506278991699,-0.030112037435174,48.7,50.2,55.9,22.4,12.2,23.9,34
2021-02-05,8.11366367340088,7.98808717727661,33.3745536804199,-0.0624709613621235,48.7,50.2,55.9,22.4,12.2,23.9,34
2021-02-06,8.21822738647461,7.7374119758606,33.2234039306641,-0.145430982112885,48.7,50.2,55.9,22.4,12.2,23.9,34
2021-02-07,8.29364681243896,7.7031979560852,33.2165069580078,-0.117457516491413,48.7,50.2,55.9,22.4,12.2,23.9,34
2021-02-08,7.70411157608032,7.62946557998657,33.5112113952637,-0.218205913901329,48.7,50.2,55.9,22.4,12.2,23.9,34
2021-02-09,7.66927528381348,7.61626195907593,33.5304489135742,-0.166329249739647,48.7,50.2,55.9,22.4,12.2,23.9,34
2021-02-10,7.82462072372437,7.81368494033813,33.6036109924316,-0.20036081969738,48.7,50.2,55.9,22.4,12.2,23.9,34
2021-02-11,7.58685684204102,7.56809234619141,33.6805648803711,-0.175259873270988,48.7,50.2,55.9,22.4,12.2,23.9,34
2021-02-12,7.84254503250122,7.8250846862793,33.7971954345703,-0.216484352946281,48.7,50.2,55.9,22.4,12.2,23.9,34
2021-02-13,8.03323364257812,8.02393817901611,33.8565788269043,-0.169202223420143,48.7,50.2,55.9,22.4,12.2,23.9,34
2021-02-14,8.00054264068604,8.00072383880615,33.9323387145996,-0.0824338421225548,48.7,50.2,55.9,22.4,12.2,23.9,34
2021-02-15,8.3003978729248,8.29103183746338,33.9381828308105,-0.0946570709347725,48.7,50.2,55.9,22.4,12.2,23.9,34
2021-02-16,8.286865234375,8.28169250488281,33.8829650878906,-0.0132567388936877,48.7,50.2,55.9,22.4,12.2,23.9,34
2021-02-17,9.16651821136475,9.08908939361572,33.8678855895996,-0.255296587944031,48.7,50.2,55.9,22.4,12.2,23.9,34
2021-02-18,9.14403438568115,9.11648845672607,33.9045715332031,-0.156182453036308,48.7,50.2,55.9,22.4,12.2,23.9,34
2021-02-19,8.83186626434326,8.82081508636475,33.8673210144043,0.0447098761796951,48.7,50.2,55.9,22.4,12.2,23.9,34
2021-02-20,8.74367332458496,8.7104024887085,33.8913383483887,-0.0872504189610481,48.7,50.2,55.9,22.4,12.2,23.9,34
2021-02-21,8.67876243591309,8.63579082489014,33.8763008117676,-0.236595883965492,48.7,50.2,55.9,22.4,12.2,23.9,34
2021-02-22,8.54237270355225,8.52114391326904,33.8606605529785,-0.0856726542115211,48.7,50.2,55.9,22.4,12.2,23.9,34
2021-02-23,8.70724296569824,8.65720653533936,33.7282867431641,-0.135110646486282,48.7,50.2,55.9,22.4,12.2,23.9,34
2021-02-24,9.17232894897461,8.54640007019043,33.7256164550781,-0.219743326306343,48.7,50.2,55.9,22.4,12.2,23.9,34
2021-02-25,9.24849033355713,8.57353401184082,33.7209281921387,-0.25023290514946,48.7,50.2,55.9,22.4,12.2,23.9,34
2021-02-26,8.85173988342285,9.01907634735107,33.8676834106445,-0.321252048015594,48.7,50.2,55.9,22.4,12.2,23.9,34
2021-02-27,8.85781002044678,9.20058155059814,33.9613342285156,-0.208307266235352,48.7,50.2,55.9,22.4,12.2,23.9,34
2021-02-28,8.92490196228027,9.07634830474854,33.9137840270996,-0.200175881385803,48.7,50.2,55.9,22.4,12.2,23.9,34
2021-03-01,8.73572254180908,8.90573406219482,33.7319374084473,-0.108304776251316,48.7,50.2,55.9,22.4,12.2,23.9,34
2021-03-02,8.72509765625,8.52962589263916,33.7256889343262,-0.372208952903748,48.7,50.2,55.9,22.4,12.2,23.9,34
2021-03-03,8.92085933685303,8.55442714691162,33.9328117370605,-0.44520953297615,48.7,50.2,55.9,22.4,12.2,23.9,34
2021-03-04,8.83286476135254,7.60867547988892,33.4233932495117,-0.258470326662064,48.7,50.2,55.9,22.4,12.2,23.9,34
2021-03-05,8.51434993743896,7.82706499099731,33.6981391906738,-0.279802292585373,48.7,50.2,55.9,22.4,12.2,23.9,34
2021-03-06,8.20612907409668,7.95469427108765,33.7316551208496,-0.313843995332718,48.7,50.2,55.9,22.4,12.2,23.9,34
2021-03-07,8.05298042297363,7.53072118759155,33.6781616210938,-0.26392462849617,48.7,50.2,55.9,22.4,12.2,23.9,34
2021-03-08,7.99522018432617,7.47811555862427,33.6960487365723,-0.288251757621765,48.7,50.2,55.9,22.4,12.2,23.9,34
2021-03-09,8.01566219329834,7.29046201705933,33.5908546447754,-0.331343680620193,48.7,50.2,55.9,22.4,12.2,23.9,34
2021-03-10,8.44006156921387,7.54921102523804,33.5464935302734,-0.333154320716858,48.7,50.2,55.9,22.4,12.2,23.9,34
2021-03-11,7.7423243522644,7.3234133720398,33.4600219726562,-0.276985466480255,48.7,50.2,55.9,22.4,12.2,23.9,34
2021-03-12,8.17878437042236,7.36624574661255,33.3294372558594,-0.297601461410522,48.7,50.2,55.9,22.4,12.2,23.9,34
2021-03-13,8.48930549621582,7.74333238601685,33.205379486084,-0.315328121185303,48.7,50.2,55.9,22.4,12.2,23.9,34
2021-03-14,8.90830421447754,8.09127330780029,33.348762512207,-0.286658883094788,48.7,50.2,55.9,22.4,12.2,23.9,34
2021-03-15,9.45465564727783,8.42251300811768,33.5433158874512,-0.3089839220047,48.7,50.2,55.9,22.4,12.2,23.9,34
2021-03-16,9.2820520401001,8.48342800140381,33.7538185119629,-0.176347121596336,48.7,50.2,55.9,22.4,12.2,23.9,34
2021-03-17,8.98464679718018,8.4869794845581,33.7833366394043,-0.12816958129406,48.7,50.2,55.9,22.4,12.2,23.9,34
2021-03-18,8.80133819580078,8.64706134796143,33.8399620056152,-0.0807946249842644,48.7,50.2,55.9,22.4,12.2,23.9,34
2021-03-19,8.54139423370361,8.43042278289795,33.8233604431152,-0.016268664970994,48.7,50.2,55.9,22.4,12.2,23.9,34
2021-03-20,8.01918315887451,8.06482696533203,33.7689514160156,-0.1570153683424,48.7,50.2,55.9,22.4,12.2,23.9,34
2021-03-21,8.0090856552124,8.16784381866455,33.744930267334,-0.278114050626755,48.7,50.2,55.9,22.4,12.2,23.9,34
2021-03-22,7.44568014144897,7.72060203552246,33.7292518615723,-0.273196071386337,48.7,50.2,55.9,22.4,12.2,23.9,34
2021-03-23,7.29341840744019,7.71049690246582,33.7341270446777,-0.20800656080246,48.7,50.2,55.9,22.4,12.2,23.9,34
2021-03-24,7.17238664627075,7.859778881073,33.7525749206543,-0.179189682006836,48.7,50.2,55.9,22.4,12.2,23.9,34
2021-03-25,7.18189382553101,8.29324626922607,33.6700248718262,-0.185366868972778,48.7,50.2,55.9,22.4,12.2,23.9,34
2021-03-26,7.33891820907593,8.47931575775146,33.6458320617676,-0.164980262517929,48.7,50.2,55.9,22.4,12.2,23.9,34
2021-03-27,7.75641679763794,8.50798416137695,33.4736557006836,-0.347833186388016,48.7,50.2,55.9,22.4,12.2,23.9,34
2021-03-28,8.310791015625,9.44962882995605,33.4798812866211,-0.161861628293991,48.7,50.2,55.9,22.4,12.2,23.9,34
2021-03-29,8.52359294891357,9.15756416320801,33.3400917053223,-0.290000826120377,48.7,50.2,55.9,22.4,12.2,23.9,34
2021-03-30,8.76523208618164,9.50573539733887,33.4110336303711,-0.377173691987991,48.7,50.2,55.9,22.4,12.2,23.9,34
2021-03-31,9.6439208984375,9.25733470916748,33.3437080383301,-0.222621560096741,48.7,50.2,55.9,22.4,12.2,23.9,34
2021-04-01,9.66180324554443,9.35277271270752,33.3194007873535,-0.123471967875957,48.7,50.2,55.9,22.4,12.2,23.9,34
2021-04-02,9.70849132537842,9.13163757324219,33.3318405151367,-0.273416727781296,48.7,50.2,55.9,22.4,12.2,23.9,34
2021-04-03,9.7832727432251,9.07830429077148,33.3995628356934,-0.23661857843399,48.7,50.2,55.9,22.4,12.2,23.9,34
2021-04-04,9.7547721862793,9.12705707550049,33.4751930236816,-0.222192838788033,48.7,50.2,55.9,22.4,12.2,23.9,34
2021-04-05,9.76511859893799,9.28936100006104,33.4721717834473,-0.179001092910767,48.7,50.2,55.9,22.4,12.2,23.9,34
2021-04-06,9.59291934967041,9.41604328155518,33.580322265625,-0.108018398284912,48.7,50.2,55.9,22.4,12.2,23.9,34
2021-04-07,9.38753414154053,9.40218639373779,33.4688987731934,-0.10609982162714,48.7,50.2,55.9,22.4,12.2,23.9,34
2021-04-08,9.30091381072998,9.53399562835693,33.4288558959961,-0.124528490006924,48.7,50.2,55.9,22.4,12.2,23.9,34
2021-04-09,8.94764995574951,9.77111911773682,33.423999786377,-0.124411441385746,48.7,50.2,55.9,22.4,12.2,23.9,34
2021-04-10,8.90017032623291,9.99123096466064,33.4237785339355,-0.116668194532394,48.7,50.2,55.9,22.4,12.2,23.9,34
2021-04-11,8.91121006011963,10.3311910629272,33.4311332702637,-0.0195574965327978,48.7,50.2,55.9,22.4,12.2,23.9,34
2021-04-12,9.02926254272461,9.46567058563232,33.1545066833496,0.0193263292312622,48.7,50.2,55.9,22.4,12.2,23.9,34
2021-04-13,8.51424407958984,9.35783386230469,33.135181427002,-0.053865347057581,48.7,50.2,55.9,22.4,12.2,23.9,34
2021-04-14,8.40256595611572,9.42795085906982,33.1487503051758,-0.156700819730759,48.7,50.2,55.9,22.4,12.2,23.9,34
2021-04-15,8.73932552337646,9.47636795043945,33.0386505126953,-0.00673874095082283,48.7,50.2,55.9,22.4,12.2,23.9,34
2021-04-16,8.75632572174072,9.3936128616333,33.047550201416,0.000782401009928435,48.7,50.2,55.9,22.4,12.2,23.9,34
2021-04-17,8.85223865509033,9.69139099121094,33.106201171875,-0.0717581734061241,48.7,50.2,55.9,22.4,12.2,23.9,34
2021-04-18,8.6525354385376,10.0286245346069,32.9988975524902,-0.0456400327384472,48.7,50.2,55.9,22.4,12.2,23.9,34
2021-04-19,8.70917320251465,10.4052267074585,33.0011024475098,-0.07619459182024,48.7,50.2,55.9,22.4,12.2,23.9,34
2021-04-20,8.75328731536865,10.3687601089478,33.0673599243164,-0.114588834345341,48.7,50.2,55.9,22.4,12.2,23.9,34
2021-04-21,9.83903408050537,10.4188795089722,32.8867683410645,-0.0803373903036118,48.7,50.2,55.9,22.4,12.2,23.9,34
2021-04-22,9.90780544281006,10.1026983261108,32.9600067138672,-0.232590615749359,48.7,50.2,55.9,22.4,12.2,23.9,34
2021-04-23,10.0543823242188,10.1390314102173,32.9491081237793,-0.350902408361435,48.7,50.2,55.9,22.4,12.2,23.9,34
2021-04-24,9.73096752166748,10.4591827392578,32.2146530151367,-0.37331485748291,48.7,50.2,55.9,22.4,12.2,23.9,34
2021-04-25,9.79606533050537,10.7765617370605,32.168872833252,-0.102386869490147,48.7,50.2,55.9,22.4,12.2,23.9,34
2021-04-26,9.72095966339111,10.6298751831055,32.7438011169434,-0.191930904984474,48.7,50.2,55.9,22.4,12.2,23.9,34
2021-04-27,9.22344303131104,10.3533554077148,32.9048500061035,-0.232969343662262,48.7,50.2,55.9,22.4,12.2,23.9,34
2021-04-28,9.22041988372803,10.7407636642456,32.6752967834473,-0.167901992797852,48.7,50.2,55.9,22.4,12.2,23.9,34
2021-04-29,9.25754451751709,11.2752723693848,32.2417602539062,-0.0428546108305454,48.7,50.2,55.9,22.4,12.2,23.9,34
2021-04-30,10.7888040542603,11.6885566711426,31.8725185394287,-0.0594227127730846,48.7,50.2,55.9,22.4,12.2,23.9,34
2021-05-01,11.453987121582,11.4747123718262,32.2459297180176,-0.220980241894722,48.7,50.2,55.9,22.4,12.2,23.9,34
2021-05-02,11.7196798324585,11.5200462341309,32.43505859375,-0.146183356642723,48.7,50.2,55.9,22.4,12.2,23.9,34
2021-05-03,11.9879007339478,12.0270414352417,32.4288635253906,-0.139729395508766,48.7,50.2,55.9,22.4,12.2,23.9,34
2021-05-04,11.9888677597046,12.3513326644897,32.3260459899902,-0.0316403172910213,48.7,50.2,55.9,22.4,12.2,23.9,34
2021-05-05,11.9212808609009,12.6891708374023,32.2740516662598,0.0375314205884933,48.7,50.2,55.9,22.4,12.2,23.9,34
2021-05-06,11.9317197799683,12.4498357772827,32.3055534362793,-0.071199469268322,48.7,50.2,55.9,22.4,12.2,23.9,34
2021-05-07,11.8016672134399,12.8133115768433,32.3261375427246,-0.0302034169435501,48.7,50.2,55.9,22.4,12.2,23.9,34
2021-05-08,11.6083745956421,13.1217603683472,32.3166122436523,-0.041882436722517,48.7,50.2,55.9,22.4,12.2,23.9,34
2021-05-09,11.3494272232056,12.8791704177856,32.472297668457,-0.173148617148399,48.7,50.2,55.9,22.4,12.2,23.9,34
2021-05-10,11.3386459350586,12.8910856246948,32.3187141418457,-0.191054716706276,48.7,50.2,55.9,22.4,12.2,23.9,34
2021-05-11,11.3102569580078,13.0195684432983,32.3514213562012,-0.213897630572319,48.7,50.2,55.9,22.4,12.2,23.9,34
2021-05-12,11.4124441146851,12.6262826919556,32.4749031066895,-0.287556380033493,48.7,50.2,55.9,22.4,12.2,23.9,34
2021-05-13,11.4586153030396,12.6742124557495,32.5986976623535,-0.274484246969223,48.7,50.2,55.9,22.4,12.2,23.9,34
2021-05-14,11.4544973373413,13.1898078918457,32.6192283630371,-0.249215081334114,48.7,50.2,55.9,22.4,12.2,23.9,34
2021-05-15,11.4342374801636,14.2331237792969,32.6185684204102,-0.26055771112442,48.7,50.2,55.9,22.4,12.2,23.9,34
2021-05-16,11.4485940933228,14.8687009811401,32.6405258178711,-0.216954588890076,48.7,50.2,55.9,22.4,12.2,23.9,34
2021-05-17,11.4008016586304,15.511528968811,32.6831512451172,-0.196071982383728,48.7,50.2,55.9,22.4,12.2,23.9,34
2021-05-18,11.7115201950073,15.954794883728,32.6676712036133,-0.25468784570694,48.7,50.2,55.9,22.4,12.2,23.9,34
2021-05-19,11.7818994522095,16.285005569458,32.574291229248,-0.309626281261444,48.7,50.2,55.9,22.4,12.2,23.9,34
2021-05-20,11.7635431289673,16.7250270843506,32.5412292480469,-0.27204155921936,48.7,50.2,55.9,22.4,12.2,23.9,34
2021-05-21,11.9520425796509,17.1114101409912,32.62939453125,-0.250301152467728,48.7,50.2,55.9,22.4,12.2,23.9,34
2021-05-22,11.9521646499634,17.269811630249,32.5319786071777,-0.239431843161583,48.7,50.2,55.9,22.4,12.2,23.9,34
2021-05-23,11.9839859008789,17.957878112793,32.295581817627,-0.226513162255287,48.7,50.2,55.9,22.4,12.2,23.9,34
2021-05-24,12.0513229370117,18.195894241333,32.4959983825684,-0.246786460280418,48.7,50.2,55.9,22.4,12.2,23.9,34
2021-05-25,11.9674234390259,17.4971599578857,32.7041130065918,-0.280037254095078,48.7,50.2,55.9,22.4,12.2,23.9,34
2021-05-26,11.8980226516724,17.6649703979492,32.5836753845215,-0.284185498952866,48.7,50.2,55.9,22.4,12.2,23.9,34
2021-05-27,12.4437026977539,17.7996463775635,32.335033416748,-0.265235155820847,48.7,50.2,55.9,22.4,12.2,23.9,34
2021-05-28,12.5447120666504,18.0130100250244,32.3505401611328,-0.192531630396843,48.7,50.2,55.9,22.4,12.2,23.9,34
2021-05-29,12.155348777771,17.4443073272705,32.502872467041,-0.00604875897988677,48.7,50.2,55.9,22.4,12.2,23.9,34
2021-05-30,12.1218175888062,15.4635696411133,32.8289108276367,0.0345606841146946,48.7,50.2,55.9,22.4,12.2,23.9,34
2021-05-31,12.4131879806519,14.9431657791138,32.769100189209,-0.112800158560276,48.7,50.2,55.9,22.4,12.2,23.9,34
2021-06-01,12.4468154907227,14.8274040222168,32.7479553222656,-0.218381002545357,48.7,50.2,55.9,22.4,12.2,23.9,34
2021-06-02,10.9934740066528,14.9047727584839,32.7110252380371,-0.218157827854156,48.7,50.2,55.9,22.4,12.2,23.9,34
2021-06-03,10.9943723678589,15.1180534362793,32.7159004211426,-0.116696663200855,48.7,50.2,55.9,22.4,12.2,23.9,34
2021-06-04,10.9744110107422,15.6370363235474,32.6368675231934,-0.0756610408425331,48.7,50.2,55.9,22.4,12.2,23.9,34
2021-06-05,10.7804145812988,17.6415195465088,32.403621673584,-0.155819818377495,48.7,50.2,55.9,22.4,12.2,23.9,34
2021-06-06,10.735915184021,18.1769962310791,32.2842140197754,-0.187779411673546,48.7,50.2,55.9,22.4,12.2,23.9,34
2021-06-07,10.7815980911255,18.5744609832764,32.2030067443848,-0.156943827867508,48.7,50.2,55.9,22.4,12.2,23.9,34
2021-06-08,11.4331283569336,19.7050285339355,32.1077117919922,-0.129697844386101,48.7,50.2,55.9,22.4,12.2,23.9,34
2021-06-09,11.5109434127808,20.1413516998291,31.9678020477295,-0.119615733623505,48.7,50.2,55.9,22.4,12.2,23.9,34
2021-06-10,11.6359548568726,20.5220718383789,31.9020900726318,-0.11337598413229,48.7,50.2,55.9,22.4,12.2,23.9,34
2021-06-11,12.1038246154785,19.3137874603271,31.8681945800781,0.0398539565503597,48.7,50.2,55.9,22.4,12.2,23.9,34
2021-06-12,11.9329223632812,18.8273067474365,31.9968738555908,0.0596412532031536,48.7,50.2,55.9,22.4,12.2,23.9,34
2021-06-13,11.7466058731079,18.8498668670654,32.1307907104492,-0.00396163994446397,48.7,50.2,55.9,22.4,12.2,23.9,34
2021-06-14,11.3975439071655,20.3216381072998,31.9084300994873,-0.0201699733734131,48.7,50.2,55.9,22.4,12.2,23.9,34
2021-06-15,11.3529272079468,20.7839393615723,31.8736362457275,0.0556101761758327,48.7,50.2,55.9,22.4,12.2,23.9,34
2021-06-16,11.4702835083008,21.2225646972656,31.9005336761475,0.0147345317527652,48.7,50.2,55.9,22.4,12.2,23.9,34
2021-06-17,11.9041814804077,21.0175266265869,31.9437084197998,-0.0542158223688602,48.7,50.2,55.9,22.4,12.2,23.9,34
2021-06-18,12.0930128097534,21.2006149291992,31.9334201812744,-0.112529724836349,48.7,50.2,55.9,22.4,12.2,23.9,34
2021-06-19,12.2220697402954,21.0463733673096,31.9389324188232,-0.10119241476059,48.7,50.2,55.9,22.4,12.2,23.9,34
2021-06-20,12.6687507629395,21.6613712310791,32.0222320556641,-0.142794638872147,48.7,50.2,55.9,22.4,12.2,23.9,34
2021-06-21,12.4538621902466,22.090461730957,32.0062065124512,-0.100317776203156,48.7,50.2,55.9,22.4,12.2,23.9,34
2021-06-22,12.2095594406128,22.5065364837646,32.0036964416504,-0.0551683716475964,48.7,50.2,55.9,22.4,12.2,23.9,34
2021-06-23,12.6052846908569,21.5872402191162,32.0099983215332,-0.168572902679443,48.7,50.2,55.9,22.4,12.2,23.9,34
2021-06-24,12.7253427505493,21.0247440338135,32.119800567627,-0.189582452178001,48.7,50.2,55.9,22.4,12.2,23.9,34
2021-06-25,12.6689596176147,20.6991157531738,32.3045883178711,-0.144423142075539,48.7,50.2,55.9,22.4,12.2,23.9,34
2021-06-26,12.8417272567749,21.9167404174805,32.4355278015137,-0.21334283053875,48.7,50.2,55.9,22.4,12.2,23.9,34
2021-06-27,12.7637701034546,22.1868133544922,32.3965873718262,-0.252169817686081,48.7,50.2,55.9,22.4,12.2,23.9,34
2021-06-28,12.5623865127563,22.4970855712891,32.3390922546387,-0.266093879938126,48.7,50.2,55.9,22.4,12.2,23.9,34
2021-06-29,12.4348411560059,23.908821105957,32.4088249206543,-0.266094624996185,48.7,50.2,55.9,22.4,12.2,23.9,34
2021-06-30,12.1176958084106,24.124490737915,32.3983345031738,-0.216248571872711,48.7,50.2,55.9,22.4,12.2,23.9,34
2021-07-01,11.7517280578613,24.3949375152588,32.3870048522949,-0.139273449778557,48.7,50.2,55.9,22.4,12.2,23.9,34
2021-07-02,11.9288187026978,23.6179027557373,32.2808837890625,-0.0367907211184502,48.7,50.2,55.9,22.4,12.2,23.9,34
2021-07-03,12.0178155899048,23.3510227203369,32.2467002868652,-0.0171356312930584,48.7,50.2,55.9,22.4,12.2,23.9,34
2021-07-04,12.6060037612915,23.4881610870361,32.2254905700684,-0.031960915774107,48.7,50.2,55.9,22.4,12.2,23.9,34
2021-07-05,11.9777307510376,23.690149307251,32.2050094604492,-0.091225691139698,48.7,50.2,55.9,22.4,12.2,23.9,34
2021-07-06,11.7883615493774,24.0059585571289,32.2033195495605,-0.0965170189738274,48.7,50.2,55.9,22.4,12.2,23.9,34
2021-07-07,11.5862693786621,24.0932865142822,32.1959114074707,-0.147412687540054,48.7,50.2,55.9,22.4,12.2,23.9,34
2021-07-08,11.9241790771484,23.7772655487061,32.3049812316895,-0.165670201182365,48.7,50.2,55.9,22.4,12.2,23.9,34
2021-07-09,11.744532585144,23.0265121459961,32.5818138122559,-0.0585919618606567,48.7,50.2,55.9,22.4,12.2,23.9,34
2021-07-10,11.8331460952759,22.7985229492188,32.8030281066895,-0.10354159027338,48.7,50.2,55.9,22.4,12.2,23.9,34
2021-07-11,13.569582939148,23.4909362792969,32.6899871826172,-0.0868295729160309,48.7,50.2,55.9,22.4,12.2,23.9,34
2021-07-12,13.7329406738281,23.5661525726318,32.7320938110352,-0.119285933673382,48.7,50.2,55.9,22.4,12.2,23.9,34
2021-07-13,13.5373268127441,23.7197856903076,32.7866668701172,-0.112736493349075,48.7,50.2,55.9,22.4,12.2,23.9,34
2021-07-14,13.7738304138184,24.3986110687256,32.7768211364746,-0.0834780335426331,48.7,50.2,55.9,22.4,12.2,23.9,34
2021-07-15,13.8207359313965,24.6247158050537,32.7108459472656,-0.082607626914978,48.7,50.2,55.9,22.4,12.2,23.9,34
2021-07-16,13.8125410079956,24.8501815795898,32.6884651184082,-0.0744805783033371,48.7,50.2,55.9,22.4,12.2,23.9,34
2021-07-17,13.7272424697876,25.5554141998291,32.8125,-0.112356148660183,48.7,50.2,55.9,22.4,12.2,23.9,34
2021-07-18,13.561089515686,25.4573802947998,32.7473411560059,-0.120905660092831,48.7,50.2,55.9,22.4,12.2,23.9,34
2021-07-19,13.4587354660034,25.4040832519531,32.6891937255859,-0.120245300233364,48.7,50.2,55.9,22.4,12.2,23.9,34
2021-07-20,13.7997512817383,24.5954113006592,32.5699348449707,-0.0588113218545914,48.7,50.2,55.9,22.4,12.2,23.9,34
2021-07-21,13.8181257247925,24.6614322662354,32.6008110046387,-0.0462336651980877,48.7,50.2,55.9,22.4,12.2,23.9,34
2021-07-22,13.7876014709473,24.5526657104492,32.5490455627441,-0.0637678503990173,48.7,50.2,55.9,22.4,12.2,23.9,34
2021-07-23,14.7629671096802,24.6972122192383,32.5033912658691,-0.0841510891914368,48.7,50.2,55.9,22.4,12.2,23.9,34
2021-07-24,14.8165330886841,24.9522914886475,32.5041389465332,-0.0681583359837532,48.7,50.2,55.9,22.4,12.2,23.9,34
2021-07-25,14.8194227218628,24.6299953460693,32.6023750305176,-0.0340502522885799,48.7,50.2,55.9,22.4,12.2,23.9,34
2021-07-26,12.4706192016602,24.3618335723877,32.5697593688965,-0.0507814027369022,48.7,50.2,55.9,22.4,12.2,23.9,34
2021-07-27,12.1274261474609,24.673698425293,32.124095916748,-0.00587219512090087,48.7,50.2,55.9,22.4,12.2,23.9,34
2021-07-28,11.8481435775757,24.8847808837891,31.9151401519775,0.00712586706504226,48.7,50.2,55.9,22.4,12.2,23.9,34
2021-07-29,9.81136798858643,25.1028842926025,32.1572303771973,0.0073963925242424,48.7,50.2,55.9,22.4,12.2,23.9,34
2021-07-30,9.32709121704102,25.0673770904541,32.1910667419434,0.0122534474357963,48.7,50.2,55.9,22.4,12.2,23.9,34
2021-07-31,9.39692401885986,25.0943546295166,32.2943000793457,-0.0264492575079203,48.7,50.2,55.9,22.4,12.2,23.9,34
2021-08-01,8.78283786773682,24.5576686859131,32.4714775085449,-0.0493669249117374,48.7,50.2,55.9,22.4,12.2,23.9,34
2021-08-02,8.86128520965576,24.377893447876,32.5619277954102,-0.0576224736869335,48.7,50.2,55.9,22.4,12.2,23.9,34
2021-08-03,8.97294521331787,24.4904537200928,32.5480461120605,-0.119094036519527,48.7,50.2,55.9,22.4,12.2,23.9,34
2021-08-04,9.82335567474365,23.5860271453857,32.6290397644043,-0.106380574405193,48.7,50.2,55.9,22.4,12.2,23.9,34
2021-08-05,9.90051174163818,23.34543800354,32.5726699829102,-0.0626037493348122,48.7,50.2,55.9,22.4,12.2,23.9,34
2021-08-06,10.079628944397,23.668701171875,32.5474967956543,-0.132967174053192,48.7,50.2,55.9,22.4,12.2,23.9,34
2021-08-07,10.8827199935913,23.9710922241211,32.5540580749512,-0.0925222039222717,48.7,50.2,55.9,22.4,12.2,23.9,34
2021-08-08,10.863377571106,23.3945026397705,32.4779777526855,-0.0886010155081749,48.7,50.2,55.9,22.4,12.2,23.9,34
2021-08-09,10.9716377258301,23.0452480316162,32.2427787780762,-0.111734054982662,48.7,50.2,55.9,22.4,12.2,23.9,34
2021-08-10,11.1283950805664,24.3455505371094,32.1764183044434,-0.0991274118423462,48.7,50.2,55.9,22.4,12.2,23.9,34
2021-08-11,11.2863855361938,24.6352558135986,32.1347770690918,-0.0682956278324127,48.7,50.2,55.9,22.4,12.2,23.9,34
2021-08-12,11.2795190811157,25.0532531738281,31.7855377197266,-0.0870889350771904,48.7,50.2,55.9,22.4,12.2,23.9,34
2021-08-13,12.8036994934082,25.4350109100342,31.5692749023438,-0.0639943480491638,48.7,50.2,55.9,22.4,12.2,23.9,34
2021-08-14,12.9023523330688,25.6632385253906,31.5502471923828,-0.024958586320281,48.7,50.2,55.9,22.4,12.2,23.9,34
2021-08-15,12.8909454345703,25.8625507354736,31.7588195800781,-0.00995012745261192,48.7,50.2,55.9,22.4,12.2,23.9,34
2021-08-16,12.4496469497681,26.0172901153564,31.956521987915,-0.0267022158950567,48.7,50.2,55.9,22.4,12.2,23.9,34
2021-08-17,12.2082681655884,25.9060726165771,31.9338779449463,-0.0278326403349638,48.7,50.2,55.9,22.4,12.2,23.9,34
2021-08-18,11.9484815597534,26.0712451934814,31.8766174316406,-0.00938313361257315,48.7,50.2,55.9,22.4,12.2,23.9,34
2021-08-19,12.0071363449097,26.1805324554443,31.9856853485107,-0.0538153909146786,48.7,50.2,55.9,22.4,12.2,23.9,34
2021-08-20,11.7174186706543,26.3699169158936,31.9385738372803,-0.0200479719787836,48.7,50.2,55.9,22.4,12.2,23.9,34
2021-08-21,11.8401193618774,26.2771472930908,31.9425144195557,-0.00369312125258148,48.7,50.2,55.9,22.4,12.2,23.9,34
2021-08-22,10.3218793869019,26.1497650146484,31.7875385284424,0.0266514420509338,48.7,50.2,55.9,22.4,12.2,23.9,34
2021-08-23,10.2213382720947,26.1037273406982,31.6633682250977,0.00764921912923455,48.7,50.2,55.9,22.4,12.2,23.9,34
2021-08-24,10.1604061126709,26.019868850708,31.5601940155029,0.023335000500083,48.7,50.2,55.9,22.4,12.2,23.9,34
2021-08-25,10.8098936080933,27.068754196167,31.5571460723877,-0.060160931199789,48.7,50.2,55.9,22.4,12.2,23.9,34
2021-08-26,10.3867025375366,27.47780418396,31.4599170684814,-0.00605302676558495,48.7,50.2,55.9,22.4,12.2,23.9,34
2021-08-27,9.9644718170166,27.6727809906006,31.4092044830322,0.0173962060362101,48.7,50.2,55.9,22.4,12.2,23.9,34
2021-08-28,10.3523578643799,27.4308986663818,31.3739948272705,-0.00854997243732214,48.7,50.2,55.9,22.4,12.2,23.9,34
2021-08-29,9.9374475479126,27.3342666625977,31.2980365753174,0.0860108360648155,48.7,50.2,55.9,22.4,12.2,23.9,34
2021-08-30,9.87431621551514,27.13698387146,31.2583236694336,0.0942007824778557,48.7,50.2,55.9,22.4,12.2,23.9,34
2021-08-31,11.4197969436646,27.2916202545166,31.1031970977783,0.0336596257984638,48.7,50.2,55.9,22.4,12.2,23.9,34
2021-09-01,11.8225564956665,27.3151550292969,31.0425930023193,0.100046180188656,48.7,50.2,55.9,22.4,12.2,23.9,34
2021-09-02,11.8683042526245,25.247579574585,31.3546676635742,0.110732115805149,48.7,50.2,55.9,22.4,12.2,23.9,34
2021-09-03,11.0418691635132,23.5148792266846,31.5464553833008,0.0282357484102249,48.7,50.2,55.9,22.4,12.2,23.9,34
2021-09-04,10.979489326477,23.3207721710205,31.5645236968994,0.00299940747208893,48.7,50.2,55.9,22.4,12.2,23.9,34
2021-09-05,10.6948280334473,23.1616668701172,31.5912628173828,0.0350637882947922,48.7,50.2,55.9,22.4,12.2,23.9,34
2021-09-06,9.53873538970947,23.27760887146,31.5860748291016,0.0270986501127481,48.7,50.2,55.9,22.4,12.2,23.9,34
2021-09-07,9.105224609375,23.6868381500244,31.5386581420898,0.0140822781249881,48.7,50.2,55.9,22.4,12.2,23.9,34
2021-09-08,9.24191665649414,23.894401550293,31.5550842285156,0.066128320991993,48.7,50.2,55.9,22.4,12.2,23.9,34
2021-09-09,10.1509571075439,23.5430507659912,31.8348159790039,0.117026925086975,48.7,50.2,55.9,22.4,12.2,23.9,34
2021-09-10,10.099949836731,22.8712253570557,31.8876190185547,0.028637021780014,48.7,50.2,55.9,22.4,12.2,23.9,34
2021-09-11,10.2619390487671,22.6075305938721,31.8959903717041,-0.0833182707428932,48.7,50.2,55.9,22.4,12.2,23.9,34
2021-09-12,9.4164867401123,22.7504329681396,31.8929443359375,-0.120471127331257,48.7,50.2,55.9,22.4,12.2,23.9,34
2021-09-13,9.65238285064697,23.1354351043701,31.7980175018311,-0.127438768744469,48.7,50.2,55.9,22.4,12.2,23.9,34
2021-09-14,9.73996639251709,23.5630588531494,31.7774562835693,-0.0477084554731846,48.7,50.2,55.9,22.4,12.2,23.9,34
2021-09-15,10.733395576477,23.7550811767578,31.812349319458,-0.0191272590309381,48.7,50.2,55.9,22.4,12.2,23.9,34
2021-09-16,10.3545637130737,23.8469467163086,31.7814407348633,-0.0527008809149265,48.7,50.2,55.9,22.4,12.2,23.9,34
2021-09-17,9.98873615264893,23.8607940673828,31.7385272979736,0.018210805952549,48.7,50.2,55.9,22.4,12.2,23.9,34
2021-09-18,11.0413255691528,23.5841064453125,31.7283916473389,0.0231388118118048,48.7,50.2,55.9,22.4,12.2,23.9,34
2021-09-19,11.7175951004028,23.6126728057861,31.6299591064453,-0.0607989020645618,48.7,50.2,55.9,22.4,12.2,23.9,34
2021-09-20,12.1560411453247,23.6103343963623,31.672233581543,-0.0530027262866497,48.7,50.2,55.9,22.4,12.2,23.9,34
2021-09-21,13.457257270813,23.4910125732422,31.7133235931396,-0.0459738932549953,48.7,50.2,55.9,22.4,12.2,23.9,34
2021-09-22,13.7215204238892,23.5682048797607,31.6990356445312,0.0187106002122164,48.7,50.2,55.9,22.4,12.2,23.9,34
2021-09-23,13.5935888290405,23.6017589569092,31.6789073944092,0.0928375124931335,48.7,50.2,55.9,22.4,12.2,23.9,34
2021-09-24,15.588864326477,23.3793106079102,31.7565326690674,0.0858539417386055,48.7,50.2,55.9,22.4,12.2,23.9,34
2021-09-25,16.0226192474365,23.0556468963623,31.8422622680664,0.0837470293045044,48.7,50.2,55.9,22.4,12.2,23.9,34
2021-09-26,16.1269435882568,22.846305847168,31.7887115478516,0.0361199416220188,48.7,50.2,55.9,22.4,12.2,23.9,34
2021-09-27,14.9117116928101,22.8885345458984,31.7465267181396,-0.0660126805305481,48.7,50.2,55.9,22.4,12.2,23.9,34
2021-09-28,14.2758378982544,22.854154586792,31.9059658050537,-0.0934432819485664,48.7,50.2,55.9,22.4,12.2,23.9,34
2021-09-29,13.8502655029297,22.8165588378906,31.971658706665,-0.0258270408958197,48.7,50.2,55.9,22.4,12.2,23.9,34
2021-09-30,13.9647951126099,22.2748260498047,31.9013290405273,-0.0070509328506887,48.7,50.2,55.9,22.4,12.2,23.9,34
2021-10-01,13.9369840621948,22.0105743408203,31.8326892852783,-0.0433138757944107,48.7,50.2,55.9,22.4,12.2,23.9,34
2021-10-02,13.9034624099731,21.8877277374268,31.830680847168,-0.061083048582077,48.7,50.2,55.9,22.4,12.2,23.9,34
2021-10-03,12.257119178772,22.1852359771729,31.8902072906494,-0.0858379378914833,48.7,50.2,55.9,22.4,12.2,23.9,34
2021-10-04,11.6788787841797,22.280725479126,31.822998046875,-0.0847010686993599,48.7,50.2,55.9,22.4,12.2,23.9,34
2021-10-05,11.7637052536011,22.5035934448242,31.7178802490234,-0.0315946228802204,48.7,50.2,55.9,22.4,12.2,23.9,34
2021-10-06,13.2172813415527,22.2867450714111,31.8084163665771,-0.066814161837101,48.7,50.2,55.9,22.4,12.2,23.9,34
2021-10-07,13.3993253707886,22.0800037384033,31.7978897094727,-0.0252471026033163,48.7,50.2,55.9,22.4,12.2,23.9,34
2021-10-08,13.4148225784302,22.066255569458,31.7826900482178,0.0143577195703983,48.7,50.2,55.9,22.4,12.2,23.9,34
2021-10-09,14.7607002258301,21.4101276397705,31.8205509185791,0.0978208780288696,48.7,50.2,55.9,22.4,12.2,23.9,34
2021-10-10,15.2445907592773,21.1517696380615,31.8431529998779,0.24393866956234,48.7,50.2,55.9,22.4,12.2,23.9,34
2021-10-11,16.38649559021,20.8746013641357,32.130054473877,0.264149397611618,48.7,50.2,55.9,22.4,12.2,23.9,34
2021-10-12,16.6729393005371,21.2067604064941,32.9021415710449,0.1955456584692,48.7,50.2,55.9,22.4,12.2,23.9,34
2021-10-13,17.3545379638672,21.2180690765381,33.1116218566895,0.118437699973583,48.7,50.2,55.9,22.4,12.2,23.9,34
2021-10-14,17.406681060791,21.1712017059326,33.1396636962891,0.0615868680179119,48.7,50.2,55.9,22.4,12.2,23.9,34
2021-10-15,18.6290168762207,21.7726459503174,33.0325355529785,0.0553703866899014,48.7,50.2,55.9,22.4,12.2,23.9,34
2021-10-16,18.5700950622559,21.7581691741943,32.9755554199219,0.0777142569422722,48.7,50.2,55.9,22.4,12.2,23.9,34
2021-10-17,17.8046855926514,20.7471714019775,32.9019241333008,0.0736211463809013,48.7,50.2,55.9,22.4,12.2,23.9,34
2021-10-18,16.7885303497314,20.1710910797119,33.0262985229492,0.000185362994670868,48.7,50.2,55.9,22.4,12.2,23.9,34
2021-10-19,16.5105762481689,19.9293155670166,32.9133338928223,-0.0179834794253111,48.7,50.2,55.9,22.4,12.2,23.9,34
2021-10-20,15.7802801132202,19.8285655975342,32.8537673950195,-0.068723089993,48.7,50.2,55.9,22.4,12.2,23.9,34
2021-10-21,15.4421606063843,19.6324863433838,32.9352073669434,-0.0267239734530449,48.7,50.2,55.9,22.4,12.2,23.9,34
2021-10-22,14.7142572402954,19.7603321075439,32.7077178955078,-0.0105276303365827,48.7,50.2,55.9,22.4,12.2,23.9,34
2021-10-23,14.0767478942871,19.7568130493164,32.7271385192871,0.0366944819688797,48.7,50.2,55.9,22.4,12.2,23.9,34
2021-10-24,14.912353515625,19.8096370697021,32.7966041564941,-0.0696659088134766,48.7,50.2,55.9,22.4,12.2,23.9,34
2021-10-25,14.8322143554688,19.8216915130615,32.7731819152832,0.00275772879831493,48.7,50.2,55.9,22.4,12.2,23.9,34
2021-10-26,14.7014846801758,19.9313697814941,32.7391738891602,0.187784910202026,48.7,50.2,55.9,22.4,12.2,23.9,34
2021-10-27,16.1093425750732,19.0264797210693,32.7204818725586,0.289118617773056,48.7,50.2,55.9,22.4,12.2,23.9,34
2021-10-28,17.3580532073975,18.4502296447754,33.0821495056152,0.346911191940308,48.7,50.2,55.9,22.4,12.2,23.9,34
2021-10-29,18.1969394683838,18.3534107208252,33.2150001525879,0.428908348083496,48.7,50.2,55.9,22.4,12.2,23.9,34
2021-10-30,18.9400882720947,18.7845706939697,33.4103126525879,0.376460194587708,48.7,50.2,55.9,22.4,12.2,23.9,34
2021-10-31,18.9921493530273,18.7727069854736,33.2512512207031,0.256926506757736,48.7,50.2,55.9,22.4,12.2,23.9,34
2021-11-01,19.0197849273682,18.6431217193604,33.2261695861816,0.0584531463682652,48.7,50.2,55.9,22.4,12.2,23.9,34
2021-11-02,18.5737476348877,19.0612163543701,33.2718124389648,-0.0285308882594109,48.7,50.2,55.9,22.4,12.2,23.9,34
2021-11-03,18.5854358673096,18.8581523895264,33.2843322753906,-0.060482669621706,48.7,50.2,55.9,22.4,12.2,23.9,34
2021-11-04,18.5838966369629,18.6042537689209,33.3029594421387,-0.037143137305975,48.7,50.2,55.9,22.4,12.2,23.9,34
2021-11-05,18.4361591339111,18.3868160247803,33.4687347412109,-0.035804059356451,48.7,50.2,55.9,22.4,12.2,23.9,34
2021-11-06,18.164342880249,18.1312274932861,33.6035575866699,0.00302726868540049,48.7,50.2,55.9,22.4,12.2,23.9,34
2021-11-07,17.9317626953125,17.9081039428711,33.6203727722168,0.0650022998452187,48.7,50.2,55.9,22.4,12.2,23.9,34
2021-11-08,17.4472217559814,17.5301342010498,33.5971832275391,0.101797513663769,48.7,50.2,55.9,22.4,12.2,23.9,34
2021-11-09,17.2344875335693,17.2287006378174,33.4913291931152,0.0160548072308302,48.7,50.2,55.9,22.4,12.2,23.9,34
2021-11-10,17.231897354126,17.1703319549561,33.405689239502,-0.00128157937433571,48.7,50.2,55.9,22.4,12.2,23.9,34
2021-11-11,17.1079082489014,17.0119380950928,33.4663887023926,-0.0256162490695715,48.7,50.2,55.9,22.4,12.2,23.9,34
2021-11-12,17.0902767181396,17.0652961730957,33.4376602172852,0.127590671181679,48.7,50.2,55.9,22.4,12.2,23.9,34
2021-11-13,17.0739574432373,17.0379543304443,33.3579597473145,0.170010939240456,48.7,50.2,55.9,22.4,12.2,23.9,34
2021-11-14,15.878758430481,17.2284450531006,33.4152717590332,-0.0347112789750099,48.7,50.2,55.9,22.4,12.2,23.9,34
2021-11-15,15.921820640564,17.024866104126,33.503604888916,-0.0549350380897522,48.7,50.2,55.9,22.4,12.2,23.9,34
2021-11-16,15.9680910110474,16.5962734222412,33.5494766235352,-0.170442119240761,48.7,50.2,55.9,22.4,12.2,23.9,34
2021-11-17,15.7236890792847,16.4177494049072,33.5712776184082,-0.214661061763763,48.7,50.2,55.9,22.4,12.2,23.9,34
2021-11-18,15.7598218917847,16.3549728393555,33.4948501586914,-0.126341417431831,48.7,50.2,55.9,22.4,12.2,23.9,34
2021-11-19,15.7121419906616,16.2323551177979,33.453784942627,-0.176751360297203,48.7,50.2,55.9,22.4,12.2,23.9,34
2021-11-20,15.567099571228,15.9796295166016,33.6546859741211,-0.238844439387321,48.7,50.2,55.9,22.4,12.2,23.9,34
2021-11-21,15.5973501205444,15.8429231643677,33.6275215148926,-0.0987987890839577,48.7,50.2,55.9,22.4,12.2,23.9,34
2021-11-22,15.6217498779297,15.7634897232056,33.6216087341309,0.0591718293726444,48.7,50.2,55.9,22.4,12.2,23.9,34
2021-11-23,15.8552093505859,15.7390489578247,33.681468963623,-0.0278243627399206,48.7,50.2,55.9,22.4,12.2,23.9,34
2021-11-24,15.8602294921875,15.3730840682983,33.7839088439941,-0.0581592619419098,48.7,50.2,55.9,22.4,12.2,23.9,34
2021-11-25,15.797116279602,15.1765518188477,33.8734588623047,-0.0329434387385845,48.7,50.2,55.9,22.4,12.2,23.9,34
2021-11-26,15.0998258590698,15.3432168960571,33.9442138671875,-0.0323738679289818,48.7,50.2,55.9,22.4,12.2,23.9,34
2021-11-27,15.2567529678345,14.7851600646973,33.9583435058594,-0.168295085430145,48.7,50.2,55.9,22.4,12.2,23.9,34
2021-11-28,15.5888023376465,14.5854063034058,33.8661041259766,-0.128387913107872,48.7,50.2,55.9,22.4,12.2,23.9,34
2021-11-29,15.6053552627563,14.5383567810059,33.7250022888184,-0.117418497800827,48.7,50.2,55.9,22.4,12.2,23.9,34
2021-11-30,15.4765968322754,14.2343444824219,33.8567733764648,-0.196189060807228,48.7,50.2,55.9,22.4,12.2,23.9,34
2021-12-01,15.457802772522,13.9809103012085,33.7845001220703,-0.2591373026371,48.7,50.2,55.9,22.4,12.2,23.9,34
2021-12-02,15.0038938522339,14.2215032577515,33.5541381835938,-0.150329917669296,48.7,50.2,55.9,22.4,12.2,23.9,34
2021-12-03,15.0491285324097,13.9714546203613,33.3706092834473,-0.240577235817909,48.7,50.2,55.9,22.4,12.2,23.9,34
2021-12-04,15.1258897781372,13.8274774551392,33.2467079162598,-0.256431639194489,48.7,50.2,55.9,22.4,12.2,23.9,34
2021-12-05,14.9736433029175,14.3252449035645,33.2445297241211,-0.299839943647385,48.7,50.2,55.9,22.4,12.2,23.9,34
2021-12-06,14.9534912109375,14.1467933654785,33.2913246154785,-0.124709121882915,48.7,50.2,55.9,22.4,12.2,23.9,34
2021-12-07,14.9545221328735,13.8187570571899,33.2881202697754,-0.225243017077446,48.7,50.2,55.9,22.4,12.2,23.9,34
2021-12-08,15.0501680374146,13.9356622695923,33.3401145935059,-0.191682815551758,48.7,50.2,55.9,22.4,12.2,23.9,34
2021-12-09,15.0578689575195,13.5508451461792,33.382755279541,-0.224298521876335,48.7,50.2,55.9,22.4,12.2,23.9,34
2021-12-10,14.9824523925781,13.2473878860474,33.5096664428711,-0.157407641410828,48.7,50.2,55.9,22.4,12.2,23.9,34
2021-12-11,14.2159242630005,13.0337076187134,33.4094085693359,-0.170248851180077,48.7,50.2,55.9,22.4,12.2,23.9,34
2021-12-12,14.3495798110962,13.0204725265503,33.3064079284668,-0.388864248991013,48.7,50.2,55.9,22.4,12.2,23.9,34
2021-12-13,14.4212226867676,12.9778289794922,33.4052772521973,-0.472377926111221,48.7,50.2,55.9,22.4,12.2,23.9,34
2021-12-14,14.1925115585327,13.355486869812,33.4259986877441,-0.501009106636047,48.7,50.2,55.9,22.4,12.2,23.9,34
2021-12-15,14.1062822341919,13.1695671081543,33.4545135498047,-0.340367883443832,48.7,50.2,55.9,22.4,12.2,23.9,34
2021-12-16,13.9820394515991,12.9486999511719,33.4107704162598,-0.267993330955505,48.7,50.2,55.9,22.4,12.2,23.9,34
2021-12-17,14.4542198181152,13.5684280395508,33.4538764953613,-0.304689139127731,48.7,50.2,55.9,22.4,12.2,23.9,34
2021-12-18,14.5426893234253,13.6353139877319,33.4923210144043,-0.243208184838295,48.7,50.2,55.9,22.4,12.2,23.9,34
2021-12-19,14.4497289657593,13.4559593200684,33.4371147155762,-0.152125760912895,48.7,50.2,55.9,22.4,12.2,23.9,34
2021-12-20,13.9685907363892,12.1075048446655,33.6222114562988,-0.130226865410805,48.7,50.2,55.9,22.4,12.2,23.9,34
2021-12-21,13.8907022476196,12.4210863113403,33.930046081543,-0.0515526570379734,48.7,50.2,55.9,22.4,12.2,23.9,34
2021-12-22,13.9042663574219,12.6042718887329,34.0328407287598,0.0128072984516621,48.7,50.2,55.9,22.4,12.2,23.9,34
2021-12-23,14.2466239929199,13.0357599258423,34.000804901123,-0.135150283575058,48.7,50.2,55.9,22.4,12.2,23.9,34
2021-12-24,13.9238271713257,13.0011720657349,34.0798492431641,-0.0672021582722664,48.7,50.2,55.9,22.4,12.2,23.9,34
2021-12-25,13.746584892273,12.8776473999023,34.0377578735352,-0.00212131324224174,48.7,50.2,55.9,22.4,12.2,23.9,34
2021-12-26,13.8597459793091,12.9643325805664,33.8994560241699,-0.103053331375122,48.7,50.2,55.9,22.4,12.2,23.9,34
2021-12-27,13.7147607803345,12.911693572998,34.0079879760742,-0.0361914671957493,48.7,50.2,55.9,22.4,12.2,23.9,34
2021-12-28,13.5846643447876,13.0555543899536,34.1514472961426,0.0722847357392311,48.7,50.2,55.9,22.4,12.2,23.9,34
2021-12-29,12.6976089477539,12.6664161682129,34.257640838623,0.0398437604308128,48.7,50.2,55.9,22.4,12.2,23.9,34
2021-12-30,12.6154737472534,12.5865602493286,34.2115287780762,0.0263102296739817,48.7,50.2,55.9,22.4,12.2,23.9,34
2021-12-31,12.5624933242798,12.5213174819946,34.1366996765137,0.0333016663789749,48.7,50.2,55.9,22.4,12.2,23.9,34
2022-01-01,11.9148330688477,11.8310737609863,34.093017578125,0.00857286993414164,48.7,50.2,55.9,22.4,12.2,23.9,34
2022-01-02,11.8728761672974,11.6172971725464,33.9202613830566,0.0147294877097011,48.7,50.2,55.9,22.4,12.2,23.9,34
2022-01-03,11.821515083313,11.5585031509399,33.9330024719238,0.034420020878315,48.7,50.2,55.9,22.4,12.2,23.9,34
2022-01-04,11.5012464523315,11.4560880661011,33.8457679748535,-0.00966922100633383,48.7,50.2,55.9,22.4,12.2,23.9,34
2022-01-05,11.4695501327515,11.481614112854,33.8396453857422,0.0184510443359613,48.7,50.2,55.9,22.4,12.2,23.9,34
2022-01-06,11.5862855911255,11.4536714553833,33.7791404724121,-0.0512032024562359,48.7,50.2,55.9,22.4,12.2,23.9,34
2022-01-07,11.4087266921997,11.3287725448608,33.9753112792969,-0.0372973382472992,48.7,50.2,55.9,22.4,12.2,23.9,34
2022-01-08,11.050347328186,10.9991579055786,33.9410171508789,-0.220048248767853,48.7,50.2,55.9,22.4,12.2,23.9,34
2022-01-09,10.911060333252,10.8867988586426,33.9660758972168,-0.205843687057495,48.7,50.2,55.9,22.4,12.2,23.9,34
2022-01-10,10.9536781311035,10.8900480270386,33.9187965393066,-0.287988811731339,48.7,50.2,55.9,22.4,12.2,23.9,34
2022-01-11,10.5812330245972,10.5296688079834,33.8913726806641,-0.352942824363708,48.7,50.2,55.9,22.4,12.2,23.9,34
2022-01-12,10.387396812439,10.3510074615479,33.9223709106445,-0.205322399735451,48.7,50.2,55.9,22.4,12.2,23.9,34
2022-01-13,10.3243236541748,10.2623167037964,33.9127540588379,-0.156247079372406,48.7,50.2,55.9,22.4,12.2,23.9,34
2022-01-14,10.4023694992065,10.3406209945679,33.970775604248,0.036632314324379,48.7,50.2,55.9,22.4,12.2,23.9,34
2022-01-15,10.4694776535034,10.4307842254639,34.0417137145996,0.0376687832176685,48.7,50.2,55.9,22.4,12.2,23.9,34
2022-01-16,11.0538024902344,11.085578918457,34.2820510864258,-0.0096634216606617,48.7,50.2,55.9,22.4,12.2,23.9,34
2022-01-17,11.0004844665527,10.9876470565796,34.2373123168945,0.116558186709881,48.7,50.2,55.9,22.4,12.2,23.9,34
2022-01-18,10.4374322891235,10.3886270523071,34.1420402526855,-0.271200358867645,48.7,50.2,55.9,22.4,12.2,23.9,34
2022-01-19,9.85843753814697,9.74856472015381,33.8901100158691,-0.339265197515488,48.7,50.2,55.9,22.4,12.2,23.9,34
2022-01-20,10.378680229187,9.20980167388916,33.596607208252,-0.246089026331902,48.7,50.2,55.9,22.4,12.2,23.9,34
2022-01-21,10.3326072692871,9.57628726959229,33.865047454834,-0.145749673247337,48.7,50.2,55.9,22.4,12.2,23.9,34
2022-01-22,9.8526782989502,9.82921028137207,34.1909523010254,-0.0752590149641037,48.7,50.2,55.9,22.4,12.2,23.9,34
2022-01-23,9.93083667755127,9.89716339111328,34.2533302307129,-0.0939494743943214,48.7,50.2,55.9,22.4,12.2,23.9,34
2022-01-24,9.87446308135986,9.81596374511719,34.2759017944336,-0.0923956409096718,48.7,50.2,55.9,22.4,12.2,23.9,34
2022-01-25,9.49810123443604,9.68504428863525,34.2733993530273,-0.104044787585735,48.7,50.2,55.9,22.4,12.2,23.9,34
2022-01-26,9.49971008300781,9.48289108276367,34.2816200256348,-0.157303765416145,48.7,50.2,55.9,22.4,12.2,23.9,34
2022-01-27,9.38382816314697,9.36778545379639,34.2989234924316,-0.218987762928009,48.7,50.2,55.9,22.4,12.2,23.9,34
2022-01-28,8.42086315155029,9.47071743011475,34.3060150146484,-0.137457355856895,48.7,50.2,55.9,22.4,12.2,23.9,34
2022-01-29,8.49644565582275,8.80419063568115,34.2530403137207,0.0940626487135887,48.7,50.2,55.9,22.4,12.2,23.9,34
2022-01-30,7.96635437011719,7.91913366317749,33.8974876403809,-0.0647903010249138,48.7,50.2,55.9,22.4,12.2,23.9,34
2022-01-31,8.0252857208252,8.01269245147705,34.0127754211426,-0.268613040447235,48.7,50.2,55.9,22.4,12.2,23.9,34
2022-02-01,8.02168464660645,8.0117597579956,34.0492324829102,-0.239180967211723,48.7,50.2,55.9,22.4,12.2,23.9,34
2022-02-02,7.88411521911621,7.90351438522339,33.9487419128418,-0.226369619369507,48.7,50.2,55.9,22.4,12.2,23.9,34
2022-02-03,8.03898906707764,7.99843072891235,33.7525749206543,-0.262448936700821,48.7,50.2,55.9,22.4,12.2,23.9,34
2022-02-04,8.12172031402588,8.06620788574219,33.7515640258789,-0.201392218470573,48.7,50.2,55.9,22.4,12.2,23.9,34
2022-02-05,8.16377067565918,8.01770877838135,33.7522125244141,-0.302383631467819,48.7,50.2,55.9,22.4,12.2,23.9,34
2022-02-06,8.18172740936279,8.18563461303711,33.8540153503418,-0.315698593854904,48.7,50.2,55.9,22.4,12.2,23.9,34
2022-02-07,8.11729621887207,8.22995948791504,33.8309669494629,-0.163471937179565,48.7,50.2,55.9,22.4,12.2,23.9,34
2022-02-08,7.94885063171387,8.03332424163818,33.7262382507324,-0.0906486138701439,48.7,50.2,55.9,22.4,12.2,23.9,34
2022-02-09,7.8054986000061,7.67346334457397,33.6706123352051,-0.256570130586624,48.7,50.2,55.9,22.4,12.2,23.9,34
2022-02-10,8.00862121582031,7.80504846572876,33.709644317627,-0.207221671938896,48.7,50.2,55.9,22.4,12.2,23.9,34
2022-02-11,8.30001068115234,7.7806248664856,33.6797943115234,-0.218788132071495,48.7,50.2,55.9,22.4,12.2,23.9,34
2022-02-12,8.23217296600342,8.00316143035889,33.5319862365723,-0.212411284446716,48.7,50.2,55.9,22.4,12.2,23.9,34
2022-02-13,8.40610980987549,8.10034084320068,33.5738868713379,-0.224209681153297,48.7,50.2,55.9,22.4,12.2,23.9,34
2022-02-14,8.13951873779297,8.02218341827393,33.7029304504395,-0.247784242033958,48.7,50.2,55.9,22.4,12.2,23.9,34
2022-02-15,7.98482131958008,7.61866044998169,33.7101249694824,-0.40247705578804,48.7,50.2,55.9,22.4,12.2,23.9,34
2022-02-16,7.8061089515686,7.56574869155884,33.7127342224121,-0.3665991127491,48.7,50.2,55.9,22.4,12.2,23.9,34
2022-02-17,7.79399251937866,7.60637426376343,33.6954917907715,-0.250624358654022,48.7,50.2,55.9,22.4,12.2,23.9,34
2022-02-18,8.47705173492432,8.0458402633667,33.6152191162109,-0.26746654510498,48.7,50.2,55.9,22.4,12.2,23.9,34
2022-02-19,8.603196144104,7.47170972824097,33.4414176940918,-0.339540392160416,48.7,50.2,55.9,22.4,12.2,23.9,34
2022-02-20,7.6808819770813,7.41343307495117,33.4520072937012,-0.386597037315369,48.7,50.2,55.9,22.4,12.2,23.9,34
2022-02-21,7.29940032958984,7.6232762336731,33.4656791687012,-0.350195437669754,48.7,50.2,55.9,22.4,12.2,23.9,34
2022-02-22,7.45612573623657,7.92226982116699,33.5106201171875,-0.247245565056801,48.7,50.2,55.9,22.4,12.2,23.9,34
2022-02-23,7.81580924987793,7.86213445663452,33.4956932067871,-0.224614694714546,48.7,50.2,55.9,22.4,12.2,23.9,34
2022-02-24,8.22717666625977,7.80595636367798,33.6854362487793,-0.28444567322731,48.7,50.2,55.9,22.4,12.2,23.9,34
2022-02-25,7.88252449035645,8.0116777420044,33.766658782959,-0.187217637896538,48.7,50.2,55.9,22.4,12.2,23.9,34
2022-02-26,7.8070330619812,8.03286838531494,33.7362251281738,-0.299248188734055,48.7,50.2,55.9,22.4,12.2,23.9,34
2022-02-27,8.37010955810547,8.33207702636719,33.7391319274902,-0.237757489085197,48.7,50.2,55.9,22.4,12.2,23.9,34
2022-02-28,8.56852054595947,8.31321716308594,33.7613258361816,-0.312808245420456,48.7,50.2,55.9,22.4,12.2,23.9,34
2022-03-01,8.5388298034668,8.5344295501709,33.8416061401367,-0.182654932141304,48.7,50.2,55.9,22.4,12.2,23.9,34
2022-03-02,8.40306949615479,8.68637943267822,33.7690353393555,-0.157451689243317,48.7,50.2,55.9,22.4,12.2,23.9,34
2022-03-03,8.57568454742432,8.79366111755371,33.7850608825684,-0.202660217881203,48.7,50.2,55.9,22.4,12.2,23.9,34
2022-03-04,8.57165145874023,8.66213607788086,33.8429908752441,-0.260414153337479,48.7,50.2,55.9,22.4,12.2,23.9,34
2022-03-05,8.56271457672119,8.57015514373779,33.7937622070312,-0.339720875024796,48.7,50.2,55.9,22.4,12.2,23.9,34
2022-03-06,8.65750885009766,8.56494140625,33.744255065918,-0.270231932401657,48.7,50.2,55.9,22.4,12.2,23.9,34
2022-03-07,9.09033107757568,8.28492259979248,33.412784576416,-0.295452684164047,48.7,50.2,55.9,22.4,12.2,23.9,34
2022-03-08,9.50448513031006,8.28237915039062,32.9770088195801,-0.381128281354904,48.7,50.2,55.9,22.4,12.2,23.9,34
2022-03-09,9.65449333190918,8.5464677810669,33.1722831726074,-0.200745835900307,48.7,50.2,55.9,22.4,12.2,23.9,34
2022-03-10,9.4578447341919,8.86730098724365,33.5109825134277,-0.150667637586594,48.7,50.2,55.9,22.4,12.2,23.9,34
2022-03-11,9.28794002532959,9.44140625,33.6205520629883,-0.116058610379696,48.7,50.2,55.9,22.4,12.2,23.9,34
2022-03-12,9.28253269195557,9.52713012695312,33.638671875,-0.0101620843634009,48.7,50.2,55.9,22.4,12.2,23.9,34
2022-03-13,9.51932525634766,9.10534000396729,33.7425270080566,-0.426037549972534,48.7,50.2,55.9,22.4,12.2,23.9,34
2022-03-14,9.81338405609131,8.60376453399658,33.3912239074707,-0.503543555736542,48.7,50.2,55.9,22.4,12.2,23.9,34
2022-03-15,9.70562362670898,8.3592643737793,33.2072334289551,-0.361210972070694,48.7,50.2,55.9,22.4,12.2,23.9,34
2022-03-16,9.9672269821167,8.67641353607178,33.2061805725098,-0.218609794974327,48.7,50.2,55.9,22.4,12.2,23.9,34
2022-03-17,9.54226875305176,9.14456176757812,33.5006446838379,-0.115361899137497,48.7,50.2,55.9,22.4,12.2,23.9,34
2022-03-18,9.44061470031738,9.38924980163574,33.7316246032715,-0.21503472328186,48.7,50.2,55.9,22.4,12.2,23.9,34
2022-03-19,9.37335681915283,9.45785617828369,33.743480682373,-0.115346990525723,48.7,50.2,55.9,22.4,12.2,23.9,34
2022-03-20,9.25549030303955,9.51044654846191,33.5919075012207,-0.101108647882938,48.7,50.2,55.9,22.4,12.2,23.9,34
2022-03-21,9.26138401031494,9.4714765548706,33.7064895629883,-0.215350672602654,48.7,50.2,55.9,22.4,12.2,23.9,34
2022-03-22,9.22986602783203,9.3873462677002,33.5069847106934,-0.218547567725182,48.7,50.2,55.9,22.4,12.2,23.9,34
2022-03-23,9.47573947906494,9.40389060974121,33.4252433776855,-0.168040707707405,48.7,50.2,55.9,22.4,12.2,23.9,34
2022-03-24,9.22539520263672,9.4753885269165,33.2784309387207,-0.0475312322378159,48.7,50.2,55.9,22.4,12.2,23.9,34
2022-03-25,8.77073764801025,9.22557353973389,32.5904426574707,0.0495751313865185,48.7,50.2,55.9,22.4,12.2,23.9,34
2022-03-26,8.67174816131592,9.17655277252197,32.5431251525879,-0.0120335100218654,48.7,50.2,55.9,22.4,12.2,23.9,34
2022-03-27,8.87893676757812,8.83725166320801,32.6208000183105,-0.0980496183037758,48.7,50.2,55.9,22.4,12.2,23.9,34
2022-03-28,9.17463207244873,8.47600078582764,32.793025970459,-0.174614325165749,48.7,50.2,55.9,22.4,12.2,23.9,34
2022-03-29,9.32487201690674,8.4399881362915,33.0369148254395,-0.279452979564667,48.7,50.2,55.9,22.4,12.2,23.9,34
2022-03-30,9.35708713531494,8.37148952484131,33.1536293029785,-0.306113332509995,48.7,50.2,55.9,22.4,12.2,23.9,34
2022-03-31,9.38704967498779,8.366530418396,33.1028327941895,-0.146166056394577,48.7,50.2,55.9,22.4,12.2,23.9,34
2022-04-01,8.596022605896,8.95918941497803,33.168342590332,-0.158254832029343,48.7,50.2,55.9,22.4,12.2,23.9,34
2022-04-02,8.78565216064453,8.87900543212891,33.1817970275879,-0.283976048231125,48.7,50.2,55.9,22.4,12.2,23.9,34
2022-04-03,8.97892665863037,9.10873699188232,33.1784782409668,-0.155722916126251,48.7,50.2,55.9,22.4,12.2,23.9,34
2022-04-04,9.28362464904785,8.79836940765381,33.1000633239746,-0.159254133701324,48.7,50.2,55.9,22.4,12.2,23.9,34
2022-04-05,9.22955799102783,8.76379871368408,33.0078315734863,-0.170639201998711,48.7,50.2,55.9,22.4,12.2,23.9,34
2022-04-06,9.12840366363525,9.0083532333374,32.7818641662598,-0.0447621680796146,48.7,50.2,55.9,22.4,12.2,23.9,34
2022-04-07,9.02761268615723,9.13143157958984,32.8560981750488,0.00407179025933146,48.7,50.2,55.9,22.4,12.2,23.9,34
2022-04-08,8.6486177444458,9.03523445129395,32.9174690246582,0.031135568395257,48.7,50.2,55.9,22.4,12.2,23.9,34
2022-04-09,8.51923274993896,9.02525901794434,32.9427146911621,-0.031536590307951,48.7,50.2,55.9,22.4,12.2,23.9,34
2022-04-10,8.65030479431152,8.86712169647217,32.9279861450195,-0.0997235178947449,48.7,50.2,55.9,22.4,12.2,23.9,34
2022-04-11,8.81791591644287,8.77867221832275,33.004566192627,-0.213641285896301,48.7,50.2,55.9,22.4,12.2,23.9,34
2022-04-12,8.76823711395264,8.92012023925781,32.9761390686035,-0.165817990899086,48.7,50.2,55.9,22.4,12.2,23.9,34
2022-04-13,8.18089580535889,9.04391098022461,33.0256614685059,-0.190897151827812,48.7,50.2,55.9,22.4,12.2,23.9,34
2022-04-14,8.1731424331665,9.20716381072998,32.9235000610352,-0.123855479061604,48.7,50.2,55.9,22.4,12.2,23.9,34
2022-04-15,8.33901119232178,9.66095542907715,32.7018241882324,-0.193120315670967,48.7,50.2,55.9,22.4,12.2,23.9,34
2022-04-16,8.82649326324463,9.89829349517822,32.6025810241699,-0.191307604312897,48.7,50.2,55.9,22.4,12.2,23.9,34
2022-04-17,8.92748737335205,10.2458219528198,32.4525718688965,-0.187394931912422,48.7,50.2,55.9,22.4,12.2,23.9,34
2022-04-18,8.8132152557373,10.002049446106,32.8571815490723,-0.185640141367912,48.7,50.2,55.9,22.4,12.2,23.9,34
2022-04-19,8.48569583892822,9.4952974319458,33.067455291748,-0.0888820067048073,48.7,50.2,55.9,22.4,12.2,23.9,34
2022-04-20,8.72568416595459,9.34653854370117,33.0494918823242,-0.346545100212097,48.7,50.2,55.9,22.4,12.2,23.9,34
2022-04-21,8.98122882843018,9.67133331298828,33.0388946533203,-0.319338381290436,48.7,50.2,55.9,22.4,12.2,23.9,34
2022-04-22,8.41134452819824,9.94249820709229,33.0051231384277,-0.25211375951767,48.7,50.2,55.9,22.4,12.2,23.9,34
2022-04-23,8.46876811981201,10.2619504928589,33.0005302429199,-0.215436160564423,48.7,50.2,55.9,22.4,12.2,23.9,34
2022-04-24,8.49733352661133,10.5767021179199,32.9668350219727,-0.139918252825737,48.7,50.2,55.9,22.4,12.2,23.9,34
2022-04-25,8.6510820388794,11.3432807922363,33.1568946838379,-0.118629962205887,48.7,50.2,55.9,22.4,12.2,23.9,34
2022-04-26,8.4785680770874,11.3521919250488,33.2159309387207,-0.0755129083991051,48.7,50.2,55.9,22.4,12.2,23.9,34
2022-04-27,8.41196918487549,11.2848920822144,33.1735229492188,-0.0915881991386414,48.7,50.2,55.9,22.4,12.2,23.9,34
2022-04-28,8.6689338684082,10.2570037841797,33.1620483398438,-0.185872420668602,48.7,50.2,55.9,22.4,12.2,23.9,34
2022-04-29,8.7755937576294,10.0365800857544,33.1901397705078,-0.170306161046028,48.7,50.2,55.9,22.4,12.2,23.9,34
2022-04-30,8.8101110458374,10.255784034729,33.187068939209,-0.140538558363914,48.7,50.2,55.9,22.4,12.2,23.9,34
2022-05-01,8.5193510055542,10.7082977294922,33.2731437683105,-0.100375860929489,48.7,50.2,55.9,22.4,12.2,23.9,34
2022-05-02,8.55635356903076,11.2029447555542,33.2300643920898,-0.0477678515017033,48.7,50.2,55.9,22.4,12.2,23.9,34
2022-05-03,8.60155200958252,11.5039319992065,33.246265411377,-0.0478001087903976,48.7,50.2,55.9,22.4,12.2,23.9,34
2022-05-04,8.67855453491211,11.7195234298706,33.281867980957,-0.0336464196443558,48.7,50.2,55.9,22.4,12.2,23.9,34
2022-05-05,8.70665740966797,11.9505262374878,33.2223815917969,-0.11293413490057,48.7,50.2,55.9,22.4,12.2,23.9,34
2022-05-06,8.7374792098999,12.173731803894,33.2411231994629,-0.0685051009058952,48.7,50.2,55.9,22.4,12.2,23.9,34
2022-05-07,10.2664489746094,11.6774597167969,33.1517448425293,0.183706104755402,48.7,50.2,55.9,22.4,12.2,23.9,34
2022-05-08,10.0890636444092,10.299334526062,33.0049247741699,0.287723690271378,48.7,50.2,55.9,22.4,12.2,23.9,34
2022-05-09,10.0216045379639,10.0250549316406,33.1490211486816,0.311056762933731,48.7,50.2,55.9,22.4,12.2,23.9,34
2022-05-10,9.84708976745605,9.8401288986206,33.4542007446289,0.264663070440292,48.7,50.2,55.9,22.4,12.2,23.9,34
2022-05-11,9.6808614730835,9.67936897277832,33.5110359191895,0.155495643615723,48.7,50.2,55.9,22.4,12.2,23.9,34
2022-05-12,9.66081237792969,9.67672252655029,33.4079627990723,0.0329805798828602,48.7,50.2,55.9,22.4,12.2,23.9,34
2022-05-13,10.1078691482544,10.8637781143188,33.4327812194824,-0.0905173048377037,48.7,50.2,55.9,22.4,12.2,23.9,34
2022-05-14,10.2411279678345,11.356388092041,33.3525047302246,-0.131163641810417,48.7,50.2,55.9,22.4,12.2,23.9,34
2022-05-15,10.2831745147705,11.6664457321167,33.2924842834473,-0.0933097824454308,48.7,50.2,55.9,22.4,12.2,23.9,34
2022-05-16,9.95773696899414,12.0384826660156,33.2582473754883,-0.0283434744924307,48.7,50.2,55.9,22.4,12.2,23.9,34
2022-05-17,9.98355484008789,12.534197807312,33.1439056396484,-0.0642404556274414,48.7,50.2,55.9,22.4,12.2,23.9,34
2022-05-18,10.0798177719116,13.2148847579956,32.9159812927246,-0.128514960408211,48.7,50.2,55.9,22.4,12.2,23.9,34
2022-05-19,10.0646982192993,13.4392738342285,32.6101989746094,-0.0747162476181984,48.7,50.2,55.9,22.4,12.2,23.9,34
2022-05-20,10.0724716186523,13.7479104995728,32.3542823791504,-0.052878811955452,48.7,50.2,55.9,22.4,12.2,23.9,34
2022-05-21,10.0503692626953,14.0005197525024,32.1223106384277,-0.043459415435791,48.7,50.2,55.9,22.4,12.2,23.9,34
2022-05-22,10.7957725524902,15.6481561660767,31.7893981933594,-0.0793509036302567,48.7,50.2,55.9,22.4,12.2,23.9,34
2022-05-23,10.8518180847168,16.2529888153076,31.5604705810547,-0.087832011282444,48.7,50.2,55.9,22.4,12.2,23.9,34
2022-05-24,10.7284851074219,15.9996299743652,31.9522399902344,-0.0614108853042126,48.7,50.2,55.9,22.4,12.2,23.9,34
2022-05-25,10.2550344467163,14.4254722595215,32.7148323059082,-0.0860247611999512,48.7,50.2,55.9,22.4,12.2,23.9,34
2022-05-26,10.1847810745239,14.3325471878052,33.0766258239746,-0.0707569047808647,48.7,50.2,55.9,22.4,12.2,23.9,34
2022-05-27,10.1722440719604,14.6227445602417,33.0681533813477,-0.0362702682614326,48.7,50.2,55.9,22.4,12.2,23.9,34
2022-05-28,9.84081935882568,15.655764579773,32.6350555419922,-0.0754790678620338,48.7,50.2,55.9,22.4,12.2,23.9,34
2022-05-29,9.85318470001221,16.4806785583496,32.4607810974121,-0.0876391157507896,48.7,50.2,55.9,22.4,12.2,23.9,34
2022-05-30,9.87945556640625,17.3253765106201,32.4637718200684,-0.0840812548995018,48.7,50.2,55.9,22.4,12.2,23.9,34
2022-05-31,9.47908115386963,18.350414276123,32.0133438110352,-0.159978866577148,48.7,50.2,55.9,22.4,12.2,23.9,34
2022-06-01,9.48111534118652,19.0770397186279,31.5616893768311,-0.0265938136726618,48.7,50.2,55.9,22.4,12.2,23.9,34
2022-06-02,9.56890106201172,19.4813137054443,31.619291305542,0.0398117937147617,48.7,50.2,55.9,22.4,12.2,23.9,34
2022-06-03,10.0871725082397,19.6201343536377,31.3345413208008,0.00955881644040346,48.7,50.2,55.9,22.4,12.2,23.9,34
2022-06-04,10.093599319458,19.9157962799072,31.3477802276611,-0.00132884457707405,48.7,50.2,55.9,22.4,12.2,23.9,34
2022-06-05,10.0483160018921,19.7610530853271,31.5647373199463,-0.00501716881990433,48.7,50.2,55.9,22.4,12.2,23.9,34
2022-06-06,9.866135597229,18.3928127288818,32.384593963623,-0.0165827665477991,48.7,50.2,55.9,22.4,12.2,23.9,34
2022-06-07,9.92952632904053,18.6281147003174,32.3936805725098,-0.0421035997569561,48.7,50.2,55.9,22.4,12.2,23.9,34
2022-06-08,9.95968532562256,18.6254920959473,32.057975769043,-0.00147218687925488,48.7,50.2,55.9,22.4,12.2,23.9,34
2022-06-09,11.004656791687,19.4863471984863,31.7580509185791,0.0286070760339499,48.7,50.2,55.9,22.4,12.2,23.9,34
2022-06-10,11.2045679092407,20.0438327789307,31.5998840332031,-0.0500591807067394,48.7,50.2,55.9,22.4,12.2,23.9,34
2022-06-11,11.2425775527954,20.6474666595459,31.544282913208,-0.0584206692874432,48.7,50.2,55.9,22.4,12.2,23.9,34
2022-06-12,11.6413688659668,21.3560943603516,31.3892269134521,-0.0742936953902245,48.7,50.2,55.9,22.4,12.2,23.9,34
2022-06-13,11.7582159042358,21.7217407226562,31.2794494628906,-0.0867471694946289,48.7,50.2,55.9,22.4,12.2,23.9,34
2022-06-14,11.7509622573853,21.8092346191406,31.2361698150635,-0.067960113286972,48.7,50.2,55.9,22.4,12.2,23.9,34
2022-06-15,11.8617248535156,21.5052509307861,31.6096782684326,-0.088496744632721,48.7,50.2,55.9,22.4,12.2,23.9,34
2022-06-16,11.6710519790649,21.3908023834229,31.7418193817139,-0.0203671175986528,48.7,50.2,55.9,22.4,12.2,23.9,34
2022-06-17,11.459171295166,21.6112518310547,31.5383777618408,0.050716370344162,48.7,50.2,55.9,22.4,12.2,23.9,34
2022-06-18,12.7668924331665,21.5513477325439,31.3555507659912,0.0767199024558067,48.7,50.2,55.9,22.4,12.2,23.9,34
2022-06-19,13.1942148208618,20.5507354736328,31.6949844360352,0.0251957196742296,48.7,50.2,55.9,22.4,12.2,23.9,34
2022-06-20,13.1569671630859,20.0423717498779,32.0478630065918,0.00954753626137972,48.7,50.2,55.9,22.4,12.2,23.9,34
2022-06-21,12.9944801330566,20.316780090332,32.0339241027832,-0.0779774039983749,48.7,50.2,55.9,22.4,12.2,23.9,34
2022-06-22,12.905909538269,20.3358211517334,31.9572448730469,-0.0102525530382991,48.7,50.2,55.9,22.4,12.2,23.9,34
2022-06-23,12.5906801223755,19.8865299224854,31.9095001220703,0.064814604818821,48.7,50.2,55.9,22.4,12.2,23.9,34
2022-06-24,11.4482851028442,20.4638862609863,32.1611747741699,0.0408421456813812,48.7,50.2,55.9,22.4,12.2,23.9,34
2022-06-25,11.3071670532227,20.7390289306641,32.1933250427246,-0.0599105469882488,48.7,50.2,55.9,22.4,12.2,23.9,34
2022-06-26,11.2354536056519,21.0443553924561,32.1366157531738,-0.0838511884212494,48.7,50.2,55.9,22.4,12.2,23.9,34
2022-06-27,10.6728172302246,21.108419418335,32.1191711425781,-0.11244048923254,48.7,50.2,55.9,22.4,12.2,23.9,34
2022-06-28,10.6318197250366,21.3105163574219,32.0778007507324,-0.0929944738745689,48.7,50.2,55.9,22.4,12.2,23.9,34
2022-06-29,10.5660533905029,21.6082935333252,32.1710662841797,-0.106282025575638,48.7,50.2,55.9,22.4,12.2,23.9,34
2022-06-30,10.5663471221924,22.0998001098633,32.212230682373,-0.143659517168999,48.7,50.2,55.9,22.4,12.2,23.9,34
2022-07-01,10.4861030578613,22.4718856811523,32.2054252624512,-0.121782504022121,48.7,50.2,55.9,22.4,12.2,23.9,34
2022-07-02,10.395450592041,22.7556381225586,32.1422805786133,-0.119741789996624,48.7,50.2,55.9,22.4,12.2,23.9,34
2022-07-03,10.2554197311401,23.6541118621826,32.1983375549316,-0.110673643648624,48.7,50.2,55.9,22.4,12.2,23.9,34
2022-07-04,10.3409566879272,23.9008407592773,32.1871147155762,-0.0881953611969948,48.7,50.2,55.9,22.4,12.2,23.9,34
2022-07-05,10.6659679412842,23.9997386932373,32.2210960388184,-0.0801264345645905,48.7,50.2,55.9,22.4,12.2,23.9,34
2022-07-06,11.3990440368652,24.1418552398682,32.0576858520508,-0.0218185130506754,48.7,50.2,55.9,22.4,12.2,23.9,34
2022-07-07,11.3745107650757,24.4318008422852,32.050479888916,-0.000131685912492685,48.7,50.2,55.9,22.4,12.2,23.9,34
2022-07-08,11.5261945724487,24.2985782623291,32.1139602661133,0.010038748383522,48.7,50.2,55.9,22.4,12.2,23.9,34
2022-07-09,13.0582618713379,24.2770252227783,31.9850215911865,-0.0265613943338394,48.7,50.2,55.9,22.4,12.2,23.9,34
2022-07-10,12.7822151184082,24.0725173950195,32.0174903869629,-0.0170131102204323,48.7,50.2,55.9,22.4,12.2,23.9,34
2022-07-11,12.700065612793,24.0470333099365,32.0730133056641,-0.023170055821538,48.7,50.2,55.9,22.4,12.2,23.9,34
2022-07-12,13.4805345535278,24.4560089111328,32.3430786132812,-0.048721194267273,48.7,50.2,55.9,22.4,12.2,23.9,34
2022-07-13,13.5738554000854,24.6010971069336,32.4056434631348,-0.0593945570290089,48.7,50.2,55.9,22.4,12.2,23.9,34
2022-07-14,13.6589040756226,24.7335262298584,32.413257598877,-0.0542481131851673,48.7,50.2,55.9,22.4,12.2,23.9,34
2022-07-15,12.9389038085938,25.0325622558594,32.4651222229004,-0.0760123580694199,48.7,50.2,55.9,22.4,12.2,23.9,34
2022-07-16,12.9139633178711,25.1635456085205,32.4795837402344,-0.0797616615891457,48.7,50.2,55.9,22.4,12.2,23.9,34
2022-07-17,12.8171701431274,25.2698078155518,32.4914474487305,-0.0235034823417664,48.7,50.2,55.9,22.4,12.2,23.9,34
2022-07-18,14.0296773910522,25.5645065307617,32.5224494934082,-0.0439535193145275,48.7,50.2,55.9,22.4,12.2,23.9,34
2022-07-19,14.113353729248,25.6974658966064,32.5009269714355,-0.0429576300084591,48.7,50.2,55.9,22.4,12.2,23.9,34
2022-07-20,14.1132307052612,26.2243633270264,32.4349479675293,-0.0254514068365097,48.7,50.2,55.9,22.4,12.2,23.9,34
2022-07-21,15.9428644180298,26.2645244598389,32.4457054138184,0.0184712558984756,48.7,50.2,55.9,22.4,12.2,23.9,34
2022-07-22,15.9415407180786,26.1205196380615,32.4362449645996,-0.0446188114583492,48.7,50.2,55.9,22.4,12.2,23.9,34
2022-07-23,15.8678550720215,26.2779216766357,32.4435615539551,-0.0415461547672749,48.7,50.2,55.9,22.4,12.2,23.9,34
2022-07-24,15.411810874939,26.2799472808838,32.6719398498535,-0.102017872035503,48.7,50.2,55.9,22.4,12.2,23.9,34
2022-07-25,15.2787981033325,25.5739059448242,32.7122039794922,-0.13884936273098,48.7,50.2,55.9,22.4,12.2,23.9,34
2022-07-26,15.0578298568726,24.9819259643555,32.7631340026855,-0.135762602090836,48.7,50.2,55.9,22.4,12.2,23.9,34
2022-07-27,15.9062604904175,25.5272064208984,32.8469276428223,-0.0608533509075642,48.7,50.2,55.9,22.4,12.2,23.9,34
2022-07-28,15.897216796875,25.7494983673096,32.8823127746582,-0.0471151918172836,48.7,50.2,55.9,22.4,12.2,23.9,34
2022-07-29,15.8460969924927,25.8924999237061,32.9366874694824,-0.0630516931414604,48.7,50.2,55.9,22.4,12.2,23.9,34
2022-07-30,15.3851823806763,25.3113613128662,33.0135688781738,-0.0902289971709251,48.7,50.2,55.9,22.4,12.2,23.9,34
2022-07-31,15.3967943191528,25.2823123931885,33.0754013061523,-0.0665788874030113,48.7,50.2,55.9,22.4,12.2,23.9,34
2022-08-01,15.4253005981445,25.2537746429443,33.0989189147949,-0.00919131934642792,48.7,50.2,55.9,22.4,12.2,23.9,34
2022-08-02,15.5797567367554,26.2703189849854,33.2604789733887,0.0065310918726027,48.7,50.2,55.9,22.4,12.2,23.9,34
2022-08-03,15.6674089431763,26.6915111541748,33.2755432128906,-0.0236369948834181,48.7,50.2,55.9,22.4,12.2,23.9,34
2022-08-04,15.3903617858887,26.9693508148193,33.2702026367188,-0.0431263856589794,48.7,50.2,55.9,22.4,12.2,23.9,34
2022-08-05,14.515552520752,26.7854709625244,33.281623840332,-0.115227252244949,48.7,50.2,55.9,22.4,12.2,23.9,34
2022-08-06,14.3669853210449,26.9597301483154,33.1728324890137,-0.151428043842316,48.7,50.2,55.9,22.4,12.2,23.9,34
2022-08-07,14.3817110061646,27.1641597747803,33.0854339599609,-0.171492636203766,48.7,50.2,55.9,22.4,12.2,23.9,34
2022-08-08,15.4951696395874,27.0670108795166,33.1511993408203,-0.192394614219666,48.7,50.2,55.9,22.4,12.2,23.9,34
2022-08-09,15.0870561599731,26.849494934082,33.2689514160156,-0.155567452311516,48.7,50.2,55.9,22.4,12.2,23.9,34
2022-08-10,14.8105201721191,26.8709106445312,33.3933448791504,-0.14497272670269,48.7,50.2,55.9,22.4,12.2,23.9,34
2022-08-11,16.5673599243164,26.0636196136475,33.263484954834,-0.081911988556385,48.7,50.2,55.9,22.4,12.2,23.9,34
2022-08-12,16.4578113555908,25.5221176147461,33.1473159790039,-0.0424211211502552,48.7,50.2,55.9,22.4,12.2,23.9,34
2022-08-13,16.1496677398682,25.4135303497314,33.184268951416,-0.0135280014947057,48.7,50.2,55.9,22.4,12.2,23.9,34
2022-08-14,15.1078681945801,25.9685516357422,33.26171875,-0.0635642185807228,48.7,50.2,55.9,22.4,12.2,23.9,34
2022-08-15,15.043267250061,25.7315883636475,33.2900047302246,-0.0163481142371893,48.7,50.2,55.9,22.4,12.2,23.9,34
2022-08-16,14.8362302780151,25.2868061065674,33.3234596252441,0.0619032420217991,48.7,50.2,55.9,22.4,12.2,23.9,34
2022-08-17,13.4208745956421,24.8515300750732,33.2884292602539,0.0782199129462242,48.7,50.2,55.9,22.4,12.2,23.9,34
2022-08-18,13.0244140625,25.1226425170898,33.2250862121582,0.0734935104846954,48.7,50.2,55.9,22.4,12.2,23.9,34
2022-08-19,12.9147138595581,25.127311706543,33.2353897094727,-0.0534568876028061,48.7,50.2,55.9,22.4,12.2,23.9,34
2022-08-20,13.0371313095093,25.1950397491455,33.1949615478516,-0.0610788948833942,48.7,50.2,55.9,22.4,12.2,23.9,34
2022-08-21,13.1483736038208,25.2845687866211,33.1543464660645,-0.0104706361889839,48.7,50.2,55.9,22.4,12.2,23.9,34
2022-08-22,13.2047128677368,25.337926864624,33.125789642334,0.0180115140974522,48.7,50.2,55.9,22.4,12.2,23.9,34
2022-08-23,12.1319513320923,25.3485107421875,33.076000213623,-0.0107461139559746,48.7,50.2,55.9,22.4,12.2,23.9,34
2022-08-24,12.031397819519,25.4558029174805,32.9276962280273,-0.0571960471570492,48.7,50.2,55.9,22.4,12.2,23.9,34
2022-08-25,12.1877069473267,25.6771545410156,32.8888816833496,-0.0850451961159706,48.7,50.2,55.9,22.4,12.2,23.9,34
2022-08-26,12.4247789382935,26.0553302764893,32.9347648620605,-0.0733660086989403,48.7,50.2,55.9,22.4,12.2,23.9,34
2022-08-27,12.355959892273,26.1107177734375,32.9106140136719,-0.0382039435207844,48.7,50.2,55.9,22.4,12.2,23.9,34
2022-08-28,12.4584856033325,26.1450634002686,32.9026031494141,-0.0462980717420578,48.7,50.2,55.9,22.4,12.2,23.9,34
2022-08-29,13.6218862533569,26.3206882476807,33.0173988342285,-0.0125652765855193,48.7,50.2,55.9,22.4,12.2,23.9,34
2022-08-30,13.7990007400513,26.4410171508789,33.0015335083008,-0.0042598731815815,48.7,50.2,55.9,22.4,12.2,23.9,34
2022-08-31,13.8729009628296,26.3111476898193,32.9869346618652,0.0177678260952234,48.7,50.2,55.9,22.4,12.2,23.9,34
2022-09-01,13.1762733459473,25.8000392913818,33.0194358825684,-0.0162575133144855,48.7,50.2,55.9,22.4,12.2,23.9,34
2022-09-02,13.2269773483276,25.5854949951172,32.9740867614746,-0.0510848872363567,48.7,50.2,55.9,22.4,12.2,23.9,34
2022-09-03,13.2659683227539,25.697904586792,33.0977897644043,-0.0804286375641823,48.7,50.2,55.9,22.4,12.2,23.9,34
2022-09-04,12.8590316772461,26.2566223144531,33.1737480163574,-0.0867288038134575,48.7,50.2,55.9,22.4,12.2,23.9,34
2022-09-05,12.4763021469116,26.377815246582,33.1805191040039,-0.0561834685504436,48.7,50.2,55.9,22.4,12.2,23.9,34
2022-09-06,12.2069425582886,26.2888793945312,33.1639595031738,0.0368296056985855,48.7,50.2,55.9,22.4,12.2,23.9,34
2022-09-07,15.4990873336792,25.0782527923584,32.8452491760254,0.110428042709827,48.7,50.2,55.9,22.4,12.2,23.9,34
2022-09-08,15.0861778259277,24.0418853759766,32.4776611328125,0.155891671776772,48.7,50.2,55.9,22.4,12.2,23.9,34
2022-09-09,15.6470556259155,23.1038761138916,32.5606803894043,0.128079175949097,48.7,50.2,55.9,22.4,12.2,23.9,34
2022-09-10,16.2691860198975,23.486780166626,32.7996101379395,-0.0172108747065067,48.7,50.2,55.9,22.4,12.2,23.9,34
2022-09-11,16.4130191802979,23.450325012207,32.7834968566895,0.00322629022412002,48.7,50.2,55.9,22.4,12.2,23.9,34
2022-09-12,16.4004192352295,23.3605823516846,32.7655067443848,0.0863339677453041,48.7,50.2,55.9,22.4,12.2,23.9,34
2022-09-13,17.3003902435303,24.0886611938477,32.7561798095703,0.105907864868641,48.7,50.2,55.9,22.4,12.2,23.9,34
2022-09-14,17.3951053619385,23.9253215789795,32.7196998596191,0.0992521047592163,48.7,50.2,55.9,22.4,12.2,23.9,34
2022-09-15,17.2129039764404,23.7740955352783,32.7031135559082,0.0503012426197529,48.7,50.2,55.9,22.4,12.2,23.9,34
2022-09-16,15.4581441879272,23.5531387329102,32.8032531738281,-0.0405025593936443,48.7,50.2,55.9,22.4,12.2,23.9,34
2022-09-17,15.0422353744507,23.5516300201416,32.8118019104004,-0.0625697299838066,48.7,50.2,55.9,22.4,12.2,23.9,34
2022-09-18,15.0124177932739,23.6442413330078,32.7897262573242,-0.0642405673861504,48.7,50.2,55.9,22.4,12.2,23.9,34
2022-09-19,14.5459480285645,23.8456344604492,32.8127822875977,-0.0718102976679802,48.7,50.2,55.9,22.4,12.2,23.9,34
2022-09-20,13.9986486434937,23.8748188018799,32.8243026733398,0.0258177369832993,48.7,50.2,55.9,22.4,12.2,23.9,34
2022-09-21,14.8739585876465,24.0548496246338,32.7171936035156,0.0165034476667643,48.7,50.2,55.9,22.4,12.2,23.9,34
2022-09-22,15.6248970031738,24.0456829071045,32.6782722473145,0.095469743013382,48.7,50.2,55.9,22.4,12.2,23.9,34
2022-09-23,15.2415466308594,23.3553409576416,32.6806831359863,0.0758884996175766,48.7,50.2,55.9,22.4,12.2,23.9,34
2022-09-24,15.9354429244995,22.7314758300781,32.6827583312988,0.0197918955236673,48.7,50.2,55.9,22.4,12.2,23.9,34
2022-09-25,13.9448862075806,22.0324096679688,32.6440162658691,-0.0528428517282009,48.7,50.2,55.9,22.4,12.2,23.9,34
2022-09-26,12.9177589416504,21.8718204498291,32.6829109191895,0.0160706862807274,48.7,50.2,55.9,22.4,12.2,23.9,34
2022-09-27,12.4624395370483,21.8397979736328,32.6746788024902,0.0150352343916893,48.7,50.2,55.9,22.4,12.2,23.9,34
2022-09-28,12.4271955490112,21.6098346710205,32.6264152526855,-0.0385329127311707,48.7,50.2,55.9,22.4,12.2,23.9,34
2022-09-29,12.6388969421387,21.27174949646,32.6036224365234,-0.0512729398906231,48.7,50.2,55.9,22.4,12.2,23.9,34
2022-09-30,13.9964628219604,20.8196277618408,32.8176536560059,0.0459000170230865,48.7,50.2,55.9,22.4,12.2,23.9,34
2022-10-01,15.5101699829102,20.1057109832764,33.0893440246582,0.18109518289566,48.7,50.2,55.9,22.4,12.2,23.9,34
2022-10-02,15.9719848632812,20.0066242218018,33.0874977111816,0.229255676269531,48.7,50.2,55.9,22.4,12.2,23.9,34
2022-10-03,19.1833457946777,19.2067432403564,32.918830871582,0.475435972213745,48.7,50.2,55.9,22.4,12.2,23.9,34
2022-10-04,19.2570095062256,19.2377452850342,33.1232109069824,0.3550925552845,48.7,50.2,55.9,22.4,12.2,23.9,34
2022-10-05,18.7919387817383,18.7943153381348,33.3920021057129,0.164269596338272,48.7,50.2,55.9,22.4,12.2,23.9,34
2022-10-06,18.7094745635986,18.7663288116455,33.5194358825684,0.0309244841337204,48.7,50.2,55.9,22.4,12.2,23.9,34
2022-10-07,18.4344100952148,18.6756610870361,33.4542579650879,-0.0266846939921379,48.7,50.2,55.9,22.4,12.2,23.9,34
2022-10-08,18.3957366943359,18.5555267333984,33.4009666442871,-0.0173528101295233,48.7,50.2,55.9,22.4,12.2,23.9,34
2022-10-09,18.3528461456299,18.1404247283936,33.3846893310547,-0.0529324300587177,48.7,50.2,55.9,22.4,12.2,23.9,34
2022-10-10,17.7097187042236,17.9930248260498,33.4280433654785,-0.085094265639782,48.7,50.2,55.9,22.4,12.2,23.9,34
2022-10-11,17.6828670501709,17.9745235443115,33.460033416748,-0.113133817911148,48.7,50.2,55.9,22.4,12.2,23.9,34
2022-10-12,17.6955699920654,18.0248165130615,33.4623603820801,-0.0731385499238968,48.7,50.2,55.9,22.4,12.2,23.9,34
2022-10-13,17.3552532196045,18.3300113677979,33.463924407959,0.0206101033836603,48.7,50.2,55.9,22.4,12.2,23.9,34
2022-10-14,17.2992496490479,18.1830234527588,33.3627586364746,0.082606315612793,48.7,50.2,55.9,22.4,12.2,23.9,34
2022-10-15,17.2335834503174,18.0540237426758,33.2805824279785,-0.00557461613789201,48.7,50.2,55.9,22.4,12.2,23.9,34
2022-10-16,17.5784397125244,17.9311809539795,33.2205657958984,0.0195533651858568,48.7,50.2,55.9,22.4,12.2,23.9,34
2022-10-17,17.5187301635742,18.0270099639893,33.1662330627441,0.086386613547802,48.7,50.2,55.9,22.4,12.2,23.9,34
2022-10-18,17.560583114624,17.8537731170654,33.1162796020508,0.120688535273075,48.7,50.2,55.9,22.4,12.2,23.9,34
2022-10-19,16.7545604705811,17.6725063323975,33.2238006591797,-0.0175741743296385,48.7,50.2,55.9,22.4,12.2,23.9,34
2022-10-20,16.6775798797607,17.3602638244629,33.2374725341797,-0.0785752236843109,48.7,50.2,55.9,22.4,12.2,23.9,34
2022-10-21,16.5481033325195,17.2977123260498,33.2760581970215,-0.104210942983627,48.7,50.2,55.9,22.4,12.2,23.9,34
2022-10-22,15.9415969848633,17.2691287994385,33.3538475036621,-0.0724532082676888,48.7,50.2,55.9,22.4,12.2,23.9,34
2022-10-23,16.0679798126221,17.2996006011963,33.3663368225098,-0.0163894966244698,48.7,50.2,55.9,22.4,12.2,23.9,34
2022-10-24,16.1648044586182,17.3798198699951,33.4238090515137,0.0372232683002949,48.7,50.2,55.9,22.4,12.2,23.9,34
2022-10-25,16.0134811401367,17.450288772583,33.4527320861816,-0.0330951064825058,48.7,50.2,55.9,22.4,12.2,23.9,34
2022-10-26,16.0314350128174,17.5759925842285,33.4933204650879,-0.0144653646275401,48.7,50.2,55.9,22.4,12.2,23.9,34
2022-10-27,16.0878009796143,17.5410499572754,33.5430450439453,-0.0406762734055519,48.7,50.2,55.9,22.4,12.2,23.9,34
2022-10-28,17.2549076080322,17.3420429229736,33.6285552978516,-0.0167905110865831,48.7,50.2,55.9,22.4,12.2,23.9,34
2022-10-29,17.1761646270752,17.2519760131836,33.6612586975098,0.0433229990303516,48.7,50.2,55.9,22.4,12.2,23.9,34
2022-10-30,17.1439342498779,17.131477355957,33.6258811950684,-0.00768727296963334,48.7,50.2,55.9,22.4,12.2,23.9,34
2022-10-31,17.2855014801025,17.2713184356689,33.6980323791504,0.0412986129522324,48.7,50.2,55.9,22.4,12.2,23.9,34
2022-11-01,17.3070583343506,17.3128604888916,33.6602821350098,0.0533601753413677,48.7,50.2,55.9,22.4,12.2,23.9,34
2022-11-02,17.3525218963623,17.2775020599365,33.6676902770996,-0.0176231916993856,48.7,50.2,55.9,22.4,12.2,23.9,34
2022-11-03,17.048038482666,17.0970993041992,33.6139640808105,0.00488629937171936,48.7,50.2,55.9,22.4,12.2,23.9,34
2022-11-04,17.0848388671875,17.1844120025635,33.6201820373535,-0.0475273691117764,48.7,50.2,55.9,22.4,12.2,23.9,34
2022-11-05,17.1408805847168,17.3422069549561,33.602409362793,-0.0951283499598503,48.7,50.2,55.9,22.4,12.2,23.9,34
2022-11-06,17.6601886749268,17.8066387176514,33.5918617248535,-0.0753976032137871,48.7,50.2,55.9,22.4,12.2,23.9,34
2022-11-07,17.7493553161621,18.0141448974609,33.5718994140625,-0.106123127043247,48.7,50.2,55.9,22.4,12.2,23.9,34
2022-11-08,17.7799854278564,17.8473567962646,33.614200592041,-0.138949438929558,48.7,50.2,55.9,22.4,12.2,23.9,34
2022-11-09,17.1714954376221,17.4073276519775,33.714111328125,-0.0588056556880474,48.7,50.2,55.9,22.4,12.2,23.9,34
2022-11-10,17.2383251190186,17.2964782714844,33.679744720459,-0.0517294220626354,48.7,50.2,55.9,22.4,12.2,23.9,34
2022-11-11,17.2511310577393,17.3713550567627,33.6908721923828,-0.0289381686598063,48.7,50.2,55.9,22.4,12.2,23.9,34
2022-11-12,17.3657093048096,17.4230823516846,33.5314979553223,0.0449420362710953,48.7,50.2,55.9,22.4,12.2,23.9,34
2022-11-13,17.4367961883545,17.3980331420898,33.5470771789551,-0.0474978722631931,48.7,50.2,55.9,22.4,12.2,23.9,34
2022-11-14,17.1581630706787,17.1131820678711,33.586296081543,-0.167523041367531,48.7,50.2,55.9,22.4,12.2,23.9,34
2022-11-15,17.0290775299072,17.0462627410889,33.5424118041992,-0.142783001065254,48.7,50.2,55.9,22.4,12.2,23.9,34
2022-11-16,17.0066242218018,16.9826602935791,33.5086441040039,0.0262792650610209,48.7,50.2,55.9,22.4,12.2,23.9,34
2022-11-17,16.8250827789307,16.7784328460693,33.4904747009277,-0.0926249697804451,48.7,50.2,55.9,22.4,12.2,23.9,34
2022-11-18,16.0034866333008,16.5009784698486,33.6435623168945,-0.207869663834572,48.7,50.2,55.9,22.4,12.2,23.9,34
2022-11-19,16.1455345153809,16.1234149932861,33.7753105163574,-0.197919771075249,48.7,50.2,55.9,22.4,12.2,23.9,34
2022-11-20,15.9588966369629,15.9103670120239,33.8342323303223,-0.198761716485023,48.7,50.2,55.9,22.4,12.2,23.9,34
2022-11-21,15.6694221496582,15.625786781311,33.9729919433594,-0.30996185541153,48.7,50.2,55.9,22.4,12.2,23.9,34
2022-11-22,15.4793748855591,15.4564390182495,34.0533676147461,-0.343093246221542,48.7,50.2,55.9,22.4,12.2,23.9,34
2022-11-23,15.4501676559448,15.2362022399902,34.0166549682617,-0.285141438245773,48.7,50.2,55.9,22.4,12.2,23.9,34
2022-11-24,15.4133138656616,15.3997421264648,34.0986595153809,-0.163514092564583,48.7,50.2,55.9,22.4,12.2,23.9,34
2022-11-25,15.4036588668823,15.3415460586548,34.0572547912598,-0.0657782033085823,48.7,50.2,55.9,22.4,12.2,23.9,34
2022-11-26,15.3157615661621,15.1805009841919,34.0591850280762,-0.123704262077808,48.7,50.2,55.9,22.4,12.2,23.9,34
2022-11-27,15.0956430435181,15.0806264877319,34.081111907959,-0.0693833902478218,48.7,50.2,55.9,22.4,12.2,23.9,34
2022-11-28,15.1508255004883,15.1148614883423,34.1378364562988,-0.037076573818922,48.7,50.2,55.9,22.4,12.2,23.9,34
2022-11-29,15.0718050003052,15.0321531295776,34.1634864807129,-0.095684714615345,48.7,50.2,55.9,22.4,12.2,23.9,34
2022-11-30,14.8918304443359,14.9164590835571,33.9305229187012,0.0418897159397602,48.7,50.2,55.9,22.4,12.2,23.9,34
2022-12-01,14.7786684036255,14.7184019088745,33.9246978759766,-0.138855800032616,48.7,50.2,55.9,22.4,12.2,23.9,34
2022-12-02,14.5679216384888,14.5433740615845,34.0200614929199,-0.228011265397072,48.7,50.2,55.9,22.4,12.2,23.9,34
2022-12-03,14.36900806427,14.5435266494751,34.0647850036621,-0.198335155844688,48.7,50.2,55.9,22.4,12.2,23.9,34
2022-12-04,14.4865493774414,14.213864326477,34.0032005310059,-0.237437561154366,48.7,50.2,55.9,22.4,12.2,23.9,34
2022-12-05,14.4043264389038,14.1911849975586,34.0888862609863,-0.145632162690163,48.7,50.2,55.9,22.4,12.2,23.9,34
2022-12-06,13.947624206543,14.1082582473755,34.0758247375488,-0.119831629097462,48.7,50.2,55.9,22.4,12.2,23.9,34
2022-12-07,13.9369773864746,14.0800628662109,34.0312309265137,-0.0379338525235653,48.7,50.2,55.9,22.4,12.2,23.9,34
2022-12-08,13.9586868286133,14.016526222229,33.9927101135254,-0.0989844426512718,48.7,50.2,55.9,22.4,12.2,23.9,34
2022-12-09,14.199390411377,14.0675020217896,33.9802207946777,-0.0193939208984375,48.7,50.2,55.9,22.4,12.2,23.9,34
2022-12-10,13.9594383239746,13.9355735778809,34.0052909851074,0.0537491478025913,48.7,50.2,55.9,22.4,12.2,23.9,34
2022-12-11,13.8722562789917,13.8650388717651,34.0134391784668,0.175403162837029,48.7,50.2,55.9,22.4,12.2,23.9,34
2022-12-12,13.677788734436,13.6475629806519,34.0019950866699,0.113936126232147,48.7,50.2,55.9,22.4,12.2,23.9,34
2022-12-13,13.5382537841797,13.5027284622192,33.9904670715332,0.0743033960461617,48.7,50.2,55.9,22.4,12.2,23.9,34
2022-12-14,13.2584276199341,13.2195091247559,33.9200325012207,-0.00682071596384048,48.7,50.2,55.9,22.4,12.2,23.9,34
2022-12-15,13.1086416244507,13.089674949646,33.9384269714355,0.102443844079971,48.7,50.2,55.9,22.4,12.2,23.9,34
2022-12-16,13.0972032546997,13.0945739746094,33.777042388916,0.361486196517944,48.7,50.2,55.9,22.4,12.2,23.9,34
2022-12-17,12.9536581039429,12.9211263656616,33.6739196777344,0.153484955430031,48.7,50.2,55.9,22.4,12.2,23.9,34
2022-12-18,12.3490533828735,12.6971025466919,33.702709197998,0.018001900985837,48.7,50.2,55.9,22.4,12.2,23.9,34
2022-12-19,12.3400468826294,12.3278131484985,33.6945762634277,-0.0396105870604515,48.7,50.2,55.9,22.4,12.2,23.9,34
2022-12-20,12.1585121154785,12.1188049316406,33.7234535217285,-0.151070848107338,48.7,50.2,55.9,22.4,12.2,23.9,34
2022-12-21,11.8766975402832,11.9379053115845,33.7794075012207,-0.122323654592037,48.7,50.2,55.9,22.4,12.2,23.9,34
2022-12-22,11.8621759414673,11.8651781082153,33.7498359680176,-0.0243245754390955,48.7,50.2,55.9,22.4,12.2,23.9,34
2022-12-23,11.8419179916382,11.8499116897583,33.752872467041,0.12388077378273,48.7,50.2,55.9,22.4,12.2,23.9,34
2022-12-24,11.4050941467285,11.4145622253418,33.8198509216309,-0.3196861743927,48.7,50.2,55.9,22.4,12.2,23.9,34
2022-12-25,11.4589767456055,11.3552665710449,33.8452796936035,-0.359979897737503,48.7,50.2,55.9,22.4,12.2,23.9,34
2022-12-26,12.4762449264526,11.4410552978516,34.034122467041,-0.33617028594017,48.7,50.2,55.9,22.4,12.2,23.9,34
2022-12-27,12.6071653366089,11.5019912719727,34.0875129699707,-0.269925624132156,48.7,50.2,55.9,22.4,12.2,23.9,34
2022-12-28,12.6543588638306,11.3363952636719,34.0781211853027,-0.264682739973068,48.7,50.2,55.9,22.4,12.2,23.9,34
2022-12-29,12.6316785812378,11.2665414810181,34.0749435424805,-0.255424350500107,48.7,50.2,55.9,22.4,12.2,23.9,34
2022-12-30,12.8422994613647,11.1615285873413,34.0406837463379,-0.249801158905029,48.7,50.2,55.9,22.4,12.2,23.9,34
2022-12-31,12.7705888748169,11.1701765060425,34.0189628601074,-0.0956826582551003,48.7,50.2,55.9,22.4,12.2,23.9,34
2023-01-01,12.7210540771484,11.1321096420288,33.862133026123,-0.106617219746113,48.7,50.2,55.9,22.4,12.2,23.9,34
2023-01-02,12.4316482543945,10.6764516830444,33.7429656982422,-0.216116562485695,48.7,50.2,55.9,22.4,12.2,23.9,34
2023-01-03,12.3200311660767,10.4581384658813,33.6886291503906,-0.16379252076149,48.7,50.2,55.9,22.4,12.2,23.9,34
2023-01-04,12.3328714370728,9.95475101470947,33.4562873840332,-0.162702679634094,48.7,50.2,55.9,22.4,12.2,23.9,34
2023-01-05,12.309139251709,10.4741983413696,33.288703918457,-0.0908233299851418,48.7,50.2,55.9,22.4,12.2,23.9,34
2023-01-06,12.2018423080444,10.4814577102661,33.1724243164062,-0.0523226596415043,48.7,50.2,55.9,22.4,12.2,23.9,34
2023-01-07,12.1399011611938,10.1452131271362,33.0688896179199,-0.100407384335995,48.7,50.2,55.9,22.4,12.2,23.9,34
2023-01-08,12.2820100784302,10.5850191116333,33.0937995910645,-0.117773503065109,48.7,50.2,55.9,22.4,12.2,23.9,34
2023-01-09,12.275933265686,10.432147026062,33.0039215087891,-0.0365370698273182,48.7,50.2,55.9,22.4,12.2,23.9,34
2023-01-10,12.3042221069336,10.4082880020142,33.1668434143066,-0.101350151002407,48.7,50.2,55.9,22.4,12.2,23.9,34
2023-01-11,12.2546539306641,10.4179925918579,33.2927055358887,-0.0787931606173515,48.7,50.2,55.9,22.4,12.2,23.9,34
2023-01-12,11.9551019668579,10.4164552688599,33.3104438781738,-0.020553519949317,48.7,50.2,55.9,22.4,12.2,23.9,34
2023-01-13,11.8616600036621,10.2537021636963,33.0047836303711,0.0534784384071827,48.7,50.2,55.9,22.4,12.2,23.9,34
2023-01-14,12.1921730041504,9.99316596984863,32.9742012023926,0.0314334072172642,48.7,50.2,55.9,22.4,12.2,23.9,34
2023-01-15,12.0953874588013,10.2919292449951,33.4115943908691,0.052502516657114,48.7,50.2,55.9,22.4,12.2,23.9,34
2023-01-16,10.7217836380005,10.2169141769409,33.6407127380371,0.127253100275993,48.7,50.2,55.9,22.4,12.2,23.9,34
2023-01-17,9.96950817108154,9.93422317504883,33.6120796203613,0.0240363907068968,48.7,50.2,55.9,22.4,12.2,23.9,34
2023-01-18,10.0572557449341,9.81958198547363,33.6018867492676,-0.135379984974861,48.7,50.2,55.9,22.4,12.2,23.9,34
2023-01-19,10.2344131469727,9.81923484802246,33.6197776794434,-0.144368037581444,48.7,50.2,55.9,22.4,12.2,23.9,34
2023-01-20,9.7790584564209,9.89051723480225,33.3585548400879,-0.122833333909512,48.7,50.2,55.9,22.4,12.2,23.9,34
2023-01-21,9.79127407073975,9.46476459503174,33.252857208252,-0.264691263437271,48.7,50.2,55.9,22.4,12.2,23.9,34
2023-01-22,9.55235195159912,9.21120357513428,33.2093544006348,-0.154804244637489,48.7,50.2,55.9,22.4,12.2,23.9,34
2023-01-23,9.38639736175537,9.29851055145264,33.13671875,-0.058140579611063,48.7,50.2,55.9,22.4,12.2,23.9,34
2023-01-24,9.55073833465576,8.95649719238281,33.1076164245605,-0.31116047501564,48.7,50.2,55.9,22.4,12.2,23.9,34
2023-01-25,9.6587553024292,8.92156410217285,33.1368026733398,-0.184792712330818,48.7,50.2,55.9,22.4,12.2,23.9,34
2023-01-26,8.81115627288818,9.31312084197998,33.1953086853027,-0.0409901216626167,48.7,50.2,55.9,22.4,12.2,23.9,34
2023-01-27,8.94826984405518,9.07218933105469,33.2439002990723,-0.26485213637352,48.7,50.2,55.9,22.4,12.2,23.9,34
2023-01-28,9.17063236236572,9.1306095123291,33.2881851196289,-0.245101287961006,48.7,50.2,55.9,22.4,12.2,23.9,34
2023-01-29,9.8550500869751,9.01025199890137,33.3826637268066,-0.269878536462784,48.7,50.2,55.9,22.4,12.2,23.9,34
2023-01-30,9.79970932006836,8.9730749130249,33.3595161437988,-0.227019742131233,48.7,50.2,55.9,22.4,12.2,23.9,34
2023-01-31,9.8818998336792,8.91605472564697,33.3485679626465,-0.19089275598526,48.7,50.2,55.9,22.4,12.2,23.9,34
2023-02-01,9.43847942352295,9.15974140167236,33.3644676208496,-0.131011366844177,48.7,50.2,55.9,22.4,12.2,23.9,34
2023-02-02,9.05640697479248,8.8591947555542,33.3179893493652,-0.13495709002018,48.7,50.2,55.9,22.4,12.2,23.9,34
2023-02-03,9.02021598815918,8.71663188934326,33.3069915771484,-0.197654619812965,48.7,50.2,55.9,22.4,12.2,23.9,34
2023-02-04,7.98314666748047,8.37057971954346,33.397518157959,-0.458122700452805,48.7,50.2,55.9,22.4,12.2,23.9,34
2023-02-05,8.555344581604,8.18588161468506,33.3281173706055,-0.431024938821793,48.7,50.2,55.9,22.4,12.2,23.9,34
2023-02-06,8.99883556365967,7.71290445327759,32.976879119873,-0.239314749836922,48.7,50.2,55.9,22.4,12.2,23.9,34
2023-02-07,8.9826192855835,8.44197750091553,33.4034538269043,-0.185938820242882,48.7,50.2,55.9,22.4,12.2,23.9,34
2023-02-08,8.46970462799072,8.43288421630859,33.4123802185059,-0.127645179629326,48.7,50.2,55.9,22.4,12.2,23.9,34
2023-02-09,8.33399963378906,8.28586673736572,33.3259963989258,-0.180005177855492,48.7,50.2,55.9,22.4,12.2,23.9,34
2023-02-10,8.24305057525635,8.26254177093506,33.0903511047363,-0.12119846791029,48.7,50.2,55.9,22.4,12.2,23.9,34
2023-02-11,8.30274772644043,8.12650394439697,33.0447731018066,-0.234722852706909,48.7,50.2,55.9,22.4,12.2,23.9,34
2023-02-12,8.32481670379639,8.11839199066162,33.1467971801758,-0.134966596961021,48.7,50.2,55.9,22.4,12.2,23.9,34
2023-02-13,8.39303207397461,8.32392597198486,33.1642227172852,0.10824241489172,48.7,50.2,55.9,22.4,12.2,23.9,34
2023-02-14,8.44017505645752,8.27073192596436,33.1578025817871,-0.0778395906090736,48.7,50.2,55.9,22.4,12.2,23.9,34
2023-02-15,8.3876256942749,8.25221061706543,33.1413726806641,-0.131099030375481,48.7,50.2,55.9,22.4,12.2,23.9,34
2023-02-16,8.11695766448975,8.23940086364746,32.9532508850098,-0.170772477984428,48.7,50.2,55.9,22.4,12.2,23.9,34
2023-02-17,8.341233253479,8.3672571182251,32.8432846069336,-0.117026954889297,48.7,50.2,55.9,22.4,12.2,23.9,34
2023-02-18,8.51278591156006,8.25830745697021,32.864200592041,-0.255608320236206,48.7,50.2,55.9,22.4,12.2,23.9,34
2023-02-19,8.04478931427002,8.11635684967041,33.0003929138184,-0.286346048116684,48.7,50.2,55.9,22.4,12.2,23.9,34
2023-02-20,8.1244707107544,8.09780788421631,32.9164657592773,-0.154062286019325,48.7,50.2,55.9,22.4,12.2,23.9,34
2023-02-21,8.26790904998779,8.16143894195557,32.8352317810059,-0.0869677737355232,48.7,50.2,55.9,22.4,12.2,23.9,34
2023-02-22,8.51006412506104,8.42993640899658,32.8983955383301,-0.116890519857407,48.7,50.2,55.9,22.4,12.2,23.9,34
2023-02-23,8.5187406539917,8.57076454162598,32.8694610595703,-0.078079380095005,48.7,50.2,55.9,22.4,12.2,23.9,34
2023-02-24,8.4447832107544,8.56829643249512,32.8405723571777,-0.153454571962357,48.7,50.2,55.9,22.4,12.2,23.9,34
2023-02-25,8.64302158355713,7.97473859786987,32.9274787902832,-0.191655039787292,48.7,50.2,55.9,22.4,12.2,23.9,34
2023-02-26,8.39901065826416,8.09548664093018,32.9812660217285,-0.0928239598870277,48.7,50.2,55.9,22.4,12.2,23.9,34
2023-02-27,8.55965900421143,8.07061576843262,32.9802131652832,-0.0802906081080437,48.7,50.2,55.9,22.4,12.2,23.9,34
2023-02-28,8.59221172332764,8.16685676574707,32.9010200500488,0.17165644466877,48.7,50.2,55.9,22.4,12.2,23.9,34
2023-03-01,8.28999996185303,8.17106914520264,32.940128326416,0.0171011742204428,48.7,50.2,55.9,22.4,12.2,23.9,34
2023-03-02,8.23295879364014,8.23965454101562,32.9205436706543,0.0612793080508709,48.7,50.2,55.9,22.4,12.2,23.9,34
2023-03-03,8.26406574249268,8.0580358505249,32.8971405029297,-0.0310427155345678,48.7,50.2,55.9,22.4,12.2,23.9,34
2023-03-04,8.13955402374268,8.13194561004639,32.8575019836426,0.126407042145729,48.7,50.2,55.9,22.4,12.2,23.9,34
2023-03-05,8.10150909423828,8.12779140472412,32.815845489502,0.0282783135771751,48.7,50.2,55.9,22.4,12.2,23.9,34
2023-03-06,8.09948253631592,8.1325511932373,32.7445487976074,-0.0549291037023067,48.7,50.2,55.9,22.4,12.2,23.9,34
2023-03-07,8.21594619750977,8.17345714569092,32.7395210266113,-0.00724456226453185,48.7,50.2,55.9,22.4,12.2,23.9,34
2023-03-08,8.11641597747803,8.09144973754883,32.8012809753418,0.0187124069780111,48.7,50.2,55.9,22.4,12.2,23.9,34
2023-03-09,8.18584537506104,8.18831825256348,32.9758796691895,0.0440659523010254,48.7,50.2,55.9,22.4,12.2,23.9,34
2023-03-10,8.41098690032959,8.42383670806885,33.0589714050293,0.0940302014350891,48.7,50.2,55.9,22.4,12.2,23.9,34
2023-03-11,8.34130001068115,8.24932384490967,32.9840316772461,0.177928224205971,48.7,50.2,55.9,22.4,12.2,23.9,34
2023-03-12,8.15592002868652,8.16846942901611,32.9989356994629,0.19040048122406,48.7,50.2,55.9,22.4,12.2,23.9,34
2023-03-13,8.15434646606445,8.15329933166504,32.9969749450684,0.252134829759598,48.7,50.2,55.9,22.4,12.2,23.9,34
2023-03-14,8.05016422271729,7.9911937713623,32.9799575805664,0.127204447984695,48.7,50.2,55.9,22.4,12.2,23.9,34
2023-03-15,8.09852695465088,8.04691791534424,32.9418601989746,-0.145233020186424,48.7,50.2,55.9,22.4,12.2,23.9,34
2023-03-16,7.97587013244629,7.88015508651733,32.8313789367676,-0.107636295258999,48.7,50.2,55.9,22.4,12.2,23.9,34
2023-03-17,7.97691011428833,7.78189992904663,32.717716217041,-0.002447459846735,48.7,50.2,55.9,22.4,12.2,23.9,34
2023-03-18,8.02221012115479,7.69540786743164,32.6439018249512,-0.0160661619156599,48.7,50.2,55.9,22.4,12.2,23.9,34
2023-03-19,8.00884532928467,7.48531341552734,32.551456451416,-0.107744961977005,48.7,50.2,55.9,22.4,12.2,23.9,34
2023-03-20,8.07774829864502,7.52976369857788,32.6657218933105,-0.228039264678955,48.7,50.2,55.9,22.4,12.2,23.9,34
2023-03-21,7.89886856079102,7.60868453979492,32.7126350402832,-0.31217685341835,48.7,50.2,55.9,22.4,12.2,23.9,34
2023-03-22,7.9260401725769,7.8632664680481,32.755989074707,-0.307080924510956,48.7,50.2,55.9,22.4,12.2,23.9,34
2023-03-23,8.00080966949463,7.96840715408325,32.7341537475586,-0.152315407991409,48.7,50.2,55.9,22.4,12.2,23.9,34
2023-03-24,8.51150608062744,8.51173400878906,32.6050796508789,-0.145875260233879,48.7,50.2,55.9,22.4,12.2,23.9,34
2023-03-25,8.54881858825684,8.5383996963501,32.6878623962402,-0.0274088811129332,48.7,50.2,55.9,22.4,12.2,23.9,34
2023-03-26,8.68410587310791,8.63639259338379,32.5618362426758,-0.0240056570619345,48.7,50.2,55.9,22.4,12.2,23.9,34
2023-03-27,7.9082236289978,8.46261882781982,32.564998626709,-0.0929773151874542,48.7,50.2,55.9,22.4,12.2,23.9,34
2023-03-28,7.78897142410278,8.48285007476807,32.4948387145996,-0.0743050500750542,48.7,50.2,55.9,22.4,12.2,23.9,34
2023-03-29,7.58420515060425,8.62607860565186,32.6323051452637,-0.106003783643246,48.7,50.2,55.9,22.4,12.2,23.9,34
2023-03-30,7.55173492431641,8.2809419631958,32.6974830627441,-0.170131340622902,48.7,50.2,55.9,22.4,12.2,23.9,34
2023-03-31,7.63212013244629,8.22228050231934,32.7341651916504,-0.197253152728081,48.7,50.2,55.9,22.4,12.2,23.9,34
2023-04-01,7.85068368911743,8.3753776550293,32.5002708435059,-0.106767229735851,48.7,50.2,55.9,22.4,12.2,23.9,34
2023-04-02,8.54862022399902,8.61846923828125,32.2917747497559,-0.17296427488327,48.7,50.2,55.9,22.4,12.2,23.9,34
2023-04-03,8.61885356903076,8.79779148101807,32.388858795166,-0.124932624399662,48.7,50.2,55.9,22.4,12.2,23.9,34
2023-04-04,8.58973026275635,9.14076042175293,32.1933326721191,-0.121437035501003,48.7,50.2,55.9,22.4,12.2,23.9,34
2023-04-05,8.78853893280029,9.00639629364014,32.0652542114258,-0.13225145637989,48.7,50.2,55.9,22.4,12.2,23.9,34
2023-04-06,8.61018657684326,9.17020511627197,32.0010032653809,-0.100317589938641,48.7,50.2,55.9,22.4,12.2,23.9,34
2023-04-07,8.57453060150146,9.33841228485107,31.8921356201172,-0.197328045964241,48.7,50.2,55.9,22.4,12.2,23.9,34
2023-04-08,8.68076229095459,9.490478515625,32.1044960021973,-0.189963981509209,48.7,50.2,55.9,22.4,12.2,23.9,34
2023-04-09,8.51358509063721,9.32793521881104,32.455249786377,-0.166610106825829,48.7,50.2,55.9,22.4,12.2,23.9,34
2023-04-10,8.42838382720947,9.46352005004883,32.6807670593262,-0.150333628058434,48.7,50.2,55.9,22.4,12.2,23.9,34
2023-04-11,7.98355674743652,9.68717002868652,32.6599082946777,-0.176765605807304,48.7,50.2,55.9,22.4,12.2,23.9,34
2023-04-12,7.97565031051636,10.0421772003174,32.3457565307617,-0.158335849642754,48.7,50.2,55.9,22.4,12.2,23.9,34
2023-04-13,8.07878875732422,10.6689882278442,32.1825981140137,-0.0854536071419716,48.7,50.2,55.9,22.4,12.2,23.9,34
2023-04-14,9.27624416351318,10.9291334152222,32.0501976013184,-0.0776949897408485,48.7,50.2,55.9,22.4,12.2,23.9,34
2023-04-15,9.5925703048706,11.3080625534058,31.9194641113281,-0.0274575185030699,48.7,50.2,55.9,22.4,12.2,23.9,34
2023-04-16,9.51760005950928,11.5490255355835,31.7785491943359,0.0111647052690387,48.7,50.2,55.9,22.4,12.2,23.9,34
2023-04-17,9.43715572357178,11.9770936965942,31.6366481781006,0.0282495152205229,48.7,50.2,55.9,22.4,12.2,23.9,34
2023-04-18,9.35364437103271,12.2501230239868,31.5425891876221,-0.0171661917120218,48.7,50.2,55.9,22.4,12.2,23.9,34
2023-04-19,9.36653137207031,12.4390306472778,31.6616802215576,-0.085155688226223,48.7,50.2,55.9,22.4,12.2,23.9,34
2023-04-20,9.25012493133545,12.445309638977,31.657564163208,-0.147451654076576,48.7,50.2,55.9,22.4,12.2,23.9,34
2023-04-21,9.27029037475586,13.0062627792358,31.5915660858154,-0.114288009703159,48.7,50.2,55.9,22.4,12.2,23.9,34
2023-04-22,9.18212985992432,13.1375350952148,31.4781131744385,-0.0153663763776422,48.7,50.2,55.9,22.4,12.2,23.9,34
2023-04-23,9.25950717926025,13.3066444396973,31.2914733886719,0.015142354182899,48.7,50.2,55.9,22.4,12.2,23.9,34
2023-04-24,9.20169925689697,13.1470375061035,31.4776515960693,-0.0551375411450863,48.7,50.2,55.9,22.4,12.2,23.9,34
2023-04-25,9.22004985809326,12.8078346252441,31.8103847503662,-0.0711327269673347,48.7,50.2,55.9,22.4,12.2,23.9,34
2023-04-26,9.12210559844971,12.5513801574707,32.0777397155762,-0.0576810501515865,48.7,50.2,55.9,22.4,12.2,23.9,34
2023-04-27,9.24298763275146,12.7499542236328,32.2350578308105,-0.0464406050741673,48.7,50.2,55.9,22.4,12.2,23.9,34
2023-04-28,9.37150192260742,12.4844627380371,32.4150695800781,0.0489575900137424,48.7,50.2,55.9,22.4,12.2,23.9,34
2023-04-29,9.97026920318604,11.975640296936,32.6167030334473,0.159256830811501,48.7,50.2,55.9,22.4,12.2,23.9,34
2023-04-30,10.0797939300537,11.9824876785278,32.5018196105957,0.189806088805199,48.7,50.2,55.9,22.4,12.2,23.9,34
2023-05-01,10.0797185897827,12.2220125198364,32.2827835083008,0.0984912738204002,48.7,50.2,55.9,22.4,12.2,23.9,34
2023-05-02,10.3950910568237,12.4551429748535,32.0364952087402,0.0642911270260811,48.7,50.2,55.9,22.4,12.2,23.9,34
2023-05-03,10.3885288238525,12.5783243179321,32.0932350158691,0.0542788505554199,48.7,50.2,55.9,22.4,12.2,23.9,34
2023-05-04,10.3996448516846,12.4483613967896,32.1785163879395,0.0146263325586915,48.7,50.2,55.9,22.4,12.2,23.9,34
2023-05-05,10.5610675811768,12.5633745193481,32.2571754455566,-0.0505547039210796,48.7,50.2,55.9,22.4,12.2,23.9,34
2023-05-06,10.5199337005615,13.0052223205566,32.2687568664551,-0.0928147658705711,48.7,50.2,55.9,22.4,12.2,23.9,34
2023-05-07,10.5150566101074,13.1555643081665,32.2496604919434,-0.089482806622982,48.7,50.2,55.9,22.4,12.2,23.9,34
2023-05-08,10.3456087112427,14.0133399963379,32.124210357666,-0.0228674169629812,48.7,50.2,55.9,22.4,12.2,23.9,34
2023-05-09,10.4189586639404,14.250057220459,32.111400604248,-0.0188988521695137,48.7,50.2,55.9,22.4,12.2,23.9,34
2023-05-10,10.400993347168,14.0998201370239,32.2438621520996,-0.066810630261898,48.7,50.2,55.9,22.4,12.2,23.9,34
2023-05-11,10.0332832336426,14.3419618606567,32.2220230102539,-0.153258696198463,48.7,50.2,55.9,22.4,12.2,23.9,34
2023-05-12,10.1101369857788,14.7404794692993,32.0825462341309,-0.129083141684532,48.7,50.2,55.9,22.4,12.2,23.9,34
2023-05-13,10.1402349472046,15.1549348831177,31.7947330474854,-0.104978553950787,48.7,50.2,55.9,22.4,12.2,23.9,34
2023-05-14,10.492959022522,15.2693548202515,31.6137065887451,-0.102726697921753,48.7,50.2,55.9,22.4,12.2,23.9,34
2023-05-15,10.333836555481,15.1630020141602,31.838134765625,-0.134571626782417,48.7,50.2,55.9,22.4,12.2,23.9,34
2023-05-16,10.3274049758911,15.3394250869751,31.5237789154053,-0.144312635064125,48.7,50.2,55.9,22.4,12.2,23.9,34
2023-05-17,11.2553777694702,15.1600656509399,31.2413921356201,-0.0922430977225304,48.7,50.2,55.9,22.4,12.2,23.9,34
2023-05-18,10.9810552597046,15.3230447769165,31.3153820037842,-0.119017668068409,48.7,50.2,55.9,22.4,12.2,23.9,34
2023-05-19,10.6161727905273,14.9975481033325,31.5034313201904,-0.159189730882645,48.7,50.2,55.9,22.4,12.2,23.9,34
2023-05-20,10.1448268890381,14.9591054916382,31.7720489501953,-0.0974075868725777,48.7,50.2,55.9,22.4,12.2,23.9,34
2023-05-21,10.0566072463989,15.2851152420044,31.6156234741211,-0.0945132598280907,48.7,50.2,55.9,22.4,12.2,23.9,34
2023-05-22,10.1259822845459,15.6369829177856,31.651252746582,-0.122780837118626,48.7,50.2,55.9,22.4,12.2,23.9,34
2023-05-23,10.742847442627,15.5309324264526,31.8531131744385,-0.0548026226460934,48.7,50.2,55.9,22.4,12.2,23.9,34
2023-05-24,10.520037651062,15.3629369735718,32.1772956848145,0.00351908919401467,48.7,50.2,55.9,22.4,12.2,23.9,34
2023-05-25,10.4534130096436,15.2380561828613,32.3067245483398,-0.0252473335713148,48.7,50.2,55.9,22.4,12.2,23.9,34
2023-05-26,10.4199132919312,15.2059593200684,32.4971733093262,-0.0987952649593353,48.7,50.2,55.9,22.4,12.2,23.9,34
2023-05-27,10.4762163162231,15.1887979507446,32.5602989196777,-0.132249429821968,48.7,50.2,55.9,22.4,12.2,23.9,34
2023-05-28,10.5521259307861,15.0848455429077,32.6647491455078,-0.142221584916115,48.7,50.2,55.9,22.4,12.2,23.9,34
2023-05-29,10.7924652099609,15.6399087905884,32.681510925293,-0.0907736197113991,48.7,50.2,55.9,22.4,12.2,23.9,34
2023-05-30,11.0405435562134,15.601658821106,32.6277122497559,-0.0444959588348866,48.7,50.2,55.9,22.4,12.2,23.9,34
2023-05-31,10.730881690979,15.4541578292847,32.7102127075195,-0.0932705998420715,48.7,50.2,55.9,22.4,12.2,23.9,34
2023-06-01,11.1259336471558,16.115629196167,32.6238441467285,-0.095313586294651,48.7,50.2,55.9,22.4,12.2,23.9,34
2023-06-02,11.2047567367554,16.2522220611572,32.5489616394043,-0.0649118348956108,48.7,50.2,55.9,22.4,12.2,23.9,34
2023-06-03,11.2837419509888,16.2697887420654,32.4624481201172,-0.0167340114712715,48.7,50.2,55.9,22.4,12.2,23.9,34
2023-06-04,11.3584451675415,15.2634229660034,32.5876197814941,0.0862804651260376,48.7,50.2,55.9,22.4,12.2,23.9,34
2023-06-05,10.8197526931763,15.3015127182007,32.5734100341797,0.0410482212901115,48.7,50.2,55.9,22.4,12.2,23.9,34
2023-06-06,10.8083038330078,15.7323541641235,32.4282722473145,0.0310919564217329,48.7,50.2,55.9,22.4,12.2,23.9,34
2023-06-07,10.7719011306763,15.8609895706177,32.4157028198242,0.0388046391308308,48.7,50.2,55.9,22.4,12.2,23.9,34
2023-06-08,10.6564683914185,16.2488536834717,32.351146697998,0.0733099952340126,48.7,50.2,55.9,22.4,12.2,23.9,34
2023-06-09,10.6876077651978,16.2542629241943,32.2169570922852,0.083677314221859,48.7,50.2,55.9,22.4,12.2,23.9,34
2023-06-10,11.3926935195923,16.2630424499512,32.0991249084473,0.0374795980751514,48.7,50.2,55.9,22.4,12.2,23.9,34
2023-06-11,11.2005834579468,17.0486087799072,31.842248916626,0.00544349104166031,48.7,50.2,55.9,22.4,12.2,23.9,34
2023-06-12,10.8720350265503,17.5045185089111,31.6938877105713,0.055886086076498,48.7,50.2,55.9,22.4,12.2,23.9,34
2023-06-13,10.8453216552734,17.8336372375488,31.5806503295898,0.0271206051111221,48.7,50.2,55.9,22.4,12.2,23.9,34
2023-06-14,10.7290000915527,18.1690044403076,31.5443286895752,0.0335858352482319,48.7,50.2,55.9,22.4,12.2,23.9,34
2023-06-15,10.6099300384521,18.5482540130615,31.4389362335205,0.0455674715340137,48.7,50.2,55.9,22.4,12.2,23.9,34
2023-06-16,10.994158744812,18.8790683746338,31.4738388061523,0.0543992072343826,48.7,50.2,55.9,22.4,12.2,23.9,34
2023-06-17,11.0705604553223,19.1069774627686,31.4288883209229,0.0816372334957123,48.7,50.2,55.9,22.4,12.2,23.9,34
2023-06-18,11.2651319503784,19.5502891540527,31.4731903076172,0.00693195918574929,48.7,50.2,55.9,22.4,12.2,23.9,34
2023-06-19,11.9534177780151,19.9877643585205,31.5450820922852,0.018968990072608,48.7,50.2,55.9,22.4,12.2,23.9,34
2023-06-20,12.0339307785034,20.2564582824707,31.5867786407471,0.012685127556324,48.7,50.2,55.9,22.4,12.2,23.9,34
2023-06-21,11.999885559082,19.6438484191895,32.005916595459,0.04689596965909,48.7,50.2,55.9,22.4,12.2,23.9,34
2023-06-22,12.503249168396,18.6316452026367,32.4255294799805,0.0442410446703434,48.7,50.2,55.9,22.4,12.2,23.9,34
2023-06-23,12.8655080795288,18.9272480010986,32.298770904541,-0.0279312562197447,48.7,50.2,55.9,22.4,12.2,23.9,34
2023-06-24,12.7592420578003,19.3390979766846,32.1233940124512,-0.0242649968713522,48.7,50.2,55.9,22.4,12.2,23.9,34
2023-06-25,13.1781301498413,20.0761108398438,31.9925403594971,-0.00907295104116201,48.7,50.2,55.9,22.4,12.2,23.9,34
2023-06-26,13.119439125061,20.400598526001,31.8553142547607,0.0352944321930408,48.7,50.2,55.9,22.4,12.2,23.9,34
2023-06-27,12.9304971694946,20.692045211792,31.5440540313721,0.0860374793410301,48.7,50.2,55.9,22.4,12.2,23.9,34
2023-06-28,12.6009826660156,20.820011138916,31.3638229370117,0.0106264492496848,48.7,50.2,55.9,22.4,12.2,23.9,34
2023-06-29,12.5696611404419,21.3801956176758,31.2944240570068,-0.0189512614160776,48.7,50.2,55.9,22.4,12.2,23.9,34
2023-06-30,12.2679319381714,21.6840877532959,31.359884262085,-0.0315573699772358,48.7,50.2,55.9,22.4,12.2,23.9,34
2023-07-01,12.8794584274292,22.1747417449951,31.4719085693359,-0.0617842674255371,48.7,50.2,55.9,22.4,12.2,23.9,34
2023-07-02,12.718653678894,22.4957809448242,31.4808101654053,-0.0135151045396924,48.7,50.2,55.9,22.4,12.2,23.9,34
2023-07-03,12.5476064682007,23.0009250640869,31.2016696929932,-0.0280484557151794,48.7,50.2,55.9,22.4,12.2,23.9,34
2023-07-04,12.137598991394,23.7539615631104,31.0779724121094,-0.040911216288805,48.7,50.2,55.9,22.4,12.2,23.9,34
2023-07-05,12.1741971969604,24.2681369781494,30.9937992095947,-0.0318543501198292,48.7,50.2,55.9,22.4,12.2,23.9,34
2023-07-06,12.2863426208496,24.6777801513672,30.9608554840088,-0.0425888746976852,48.7,50.2,55.9,22.4,12.2,23.9,34
2023-07-07,12.1374502182007,25.4885864257812,31.0844039916992,0.0606590993702412,48.7,50.2,55.9,22.4,12.2,23.9,34
2023-07-08,12.2739191055298,25.7662982940674,31.085355758667,0.0869546756148338,48.7,50.2,55.9,22.4,12.2,23.9,34
2023-07-09,12.2856407165527,25.8094310760498,31.0695724487305,0.114907957613468,48.7,50.2,55.9,22.4,12.2,23.9,34
2023-07-10,12.1786956787109,25.5306167602539,31.0433406829834,0.0940998122096062,48.7,50.2,55.9,22.4,12.2,23.9,34
2023-07-11,12.160304069519,25.7927494049072,31.0039978027344,0.0381803661584854,48.7,50.2,55.9,22.4,12.2,23.9,34
2023-07-12,12.0784025192261,26.1023559570312,30.9778652191162,-0.010909914970398,48.7,50.2,55.9,22.4,12.2,23.9,34
2023-07-13,12.4446516036987,26.1165161132812,31.1029033660889,0.0122238090261817,48.7,50.2,55.9,22.4,12.2,23.9,34
2023-07-14,12.3694906234741,25.7715606689453,31.2170124053955,-0.0223131384700537,48.7,50.2,55.9,22.4,12.2,23.9,34
2023-07-15,12.2269353866577,25.6075077056885,31.1519603729248,-0.0162982251495123,48.7,50.2,55.9,22.4,12.2,23.9,34
2023-07-16,11.5295934677124,25.8363189697266,31.2240161895752,-0.0062259784899652,48.7,50.2,55.9,22.4,12.2,23.9,34
2023-07-17,11.4292831420898,25.7317371368408,31.2961673736572,-0.0317655466496944,48.7,50.2,55.9,22.4,12.2,23.9,34
2023-07-18,11.3068208694458,25.800537109375,31.2892971038818,-0.0228641573339701,48.7,50.2,55.9,22.4,12.2,23.9,34
2023-07-19,12.6894569396973,26.0664958953857,31.318696975708,-0.000659501180052757,48.7,50.2,55.9,22.4,12.2,23.9,34
2023-07-20,12.898003578186,26.3449382781982,31.2384128570557,0.000106117920950055,48.7,50.2,55.9,22.4,12.2,23.9,34
2023-07-21,13.0037221908569,26.3591232299805,31.1912937164307,0.0429262258112431,48.7,50.2,55.9,22.4,12.2,23.9,34
2023-07-22,12.0703420639038,26.1370792388916,30.9409637451172,0.0585619062185287,48.7,50.2,55.9,22.4,12.2,23.9,34
2023-07-23,11.5998659133911,25.9460430145264,30.7761306762695,0.0191249251365662,48.7,50.2,55.9,22.4,12.2,23.9,34
2023-07-24,11.2511358261108,25.8728733062744,30.7738552093506,-0.00564615428447723,48.7,50.2,55.9,22.4,12.2,23.9,34
2023-07-25,9.33294296264648,25.9207515716553,30.9330387115479,-0.0464311353862286,48.7,50.2,55.9,22.4,12.2,23.9,34
2023-07-26,9.50014209747314,26.4568309783936,31.0024166107178,-0.0704130828380585,48.7,50.2,55.9,22.4,12.2,23.9,34
2023-07-27,9.70767116546631,26.2968616485596,30.9651699066162,-0.0795235931873322,48.7,50.2,55.9,22.4,12.2,23.9,34
2023-07-28,10.5167217254639,26.1047821044922,30.573335647583,-0.136356011033058,48.7,50.2,55.9,22.4,12.2,23.9,34
2023-07-29,10.4547262191772,26.2265300750732,30.6687545776367,-0.0955345407128334,48.7,50.2,55.9,22.4,12.2,23.9,34
2023-07-30,10.4797620773315,25.4960689544678,31.0651187896729,-0.0769551023840904,48.7,50.2,55.9,22.4,12.2,23.9,34
2023-07-31,12.0334920883179,24.5007190704346,30.9009227752686,-0.0218653474003077,48.7,50.2,55.9,22.4,12.2,23.9,34
2023-08-01,12.1480026245117,24.0248050689697,30.898530960083,-0.044192973524332,48.7,50.2,55.9,22.4,12.2,23.9,34
2023-08-02,12.1716623306274,24.1922206878662,30.912015914917,-0.0642500445246696,48.7,50.2,55.9,22.4,12.2,23.9,34
2023-08-03,10.9912347793579,24.3549747467041,31.0231456756592,-0.0537143051624298,48.7,50.2,55.9,22.4,12.2,23.9,34
2023-08-04,11.0348386764526,24.00022315979,31.0759449005127,0.0111803486943245,48.7,50.2,55.9,22.4,12.2,23.9,34
2023-08-05,11.0269775390625,23.6956539154053,31.1184024810791,0.0545422583818436,48.7,50.2,55.9,22.4,12.2,23.9,34
2023-08-06,11.8566904067993,24.7394275665283,31.235502243042,0.0505563803017139,48.7,50.2,55.9,22.4,12.2,23.9,34
2023-08-07,12.122428894043,24.8444004058838,31.2350635528564,0.0481234155595303,48.7,50.2,55.9,22.4,12.2,23.9,34
2023-08-08,12.1172113418579,24.6592788696289,31.2596740722656,0.0803690478205681,48.7,50.2,55.9,22.4,12.2,23.9,34
2023-08-09,13.4525947570801,24.4444122314453,31.2871475219727,0.0299068111926317,48.7,50.2,55.9,22.4,12.2,23.9,34
2023-08-10,13.4648485183716,24.3031692504883,31.3096160888672,0.0195833053439856,48.7,50.2,55.9,22.4,12.2,23.9,34
2023-08-11,13.3936958312988,24.0035839080811,31.1372814178467,0.0286299139261246,48.7,50.2,55.9,22.4,12.2,23.9,34
2023-08-12,15.2120094299316,24.4972743988037,31.1173801422119,-0.0201049968600273,48.7,50.2,55.9,22.4,12.2,23.9,34
2023-08-13,15.2967119216919,24.7120571136475,31.185884475708,0.0195116754621267,48.7,50.2,55.9,22.4,12.2,23.9,34
2023-08-14,15.3768701553345,25.1447296142578,31.2375736236572,-0.0294273272156715,48.7,50.2,55.9,22.4,12.2,23.9,34
2023-08-15,15.6392164230347,26.0159702301025,31.5923919677734,0.0199930220842361,48.7,50.2,55.9,22.4,12.2,23.9,34
2023-08-16,15.7233228683472,25.8991317749023,31.8361206054688,0.0100826835259795,48.7,50.2,55.9,22.4,12.2,23.9,34
2023-08-17,15.630955696106,26.1132335662842,31.763650894165,0.0253920126706362,48.7,50.2,55.9,22.4,12.2,23.9,34
2023-08-18,16.1606063842773,25.6697483062744,31.8912982940674,0.0613625757396221,48.7,50.2,55.9,22.4,12.2,23.9,34
2023-08-19,16.3320865631104,25.5134944915771,31.8405151367188,-0.00726234680041671,48.7,50.2,55.9,22.4,12.2,23.9,34
2023-08-20,16.6393489837646,25.379545211792,31.8757247924805,-0.0471589602530003,48.7,50.2,55.9,22.4,12.2,23.9,34
2023-08-21,16.9835758209229,25.480447769165,31.9521484375,-0.0183863509446383,48.7,50.2,55.9,22.4,12.2,23.9,34
2023-08-22,17.1842460632324,25.5851440429688,31.9417705535889,0.00977744162082672,48.7,50.2,55.9,22.4,12.2,23.9,34
2023-08-23,17.1201763153076,25.1987133026123,31.8257884979248,0.0316082388162613,48.7,50.2,55.9,22.4,12.2,23.9,34
2023-08-24,16.7254791259766,25.2680034637451,31.8278064727783,0.0259307716041803,48.7,50.2,55.9,22.4,12.2,23.9,34
2023-08-25,16.6737995147705,24.9828815460205,31.9872989654541,0.0235615987330675,48.7,50.2,55.9,22.4,12.2,23.9,34
2023-08-26,16.66921043396,24.981237411499,32.1678276062012,0.0854965820908546,48.7,50.2,55.9,22.4,12.2,23.9,34
2023-08-27,16.7852401733398,24.8872394561768,32.1501083374023,0.0230740364640951,48.7,50.2,55.9,22.4,12.2,23.9,34
2023-08-28,16.7658519744873,24.8092784881592,32.0509071350098,0.0690701082348824,48.7,50.2,55.9,22.4,12.2,23.9,34
2023-08-29,16.5951080322266,24.6239852905273,31.9744415283203,0.0717836916446686,48.7,50.2,55.9,22.4,12.2,23.9,34
2023-08-30,17.505033493042,24.7442398071289,32.0031394958496,0.0569439046084881,48.7,50.2,55.9,22.4,12.2,23.9,34
2023-08-31,17.6511936187744,24.4490146636963,31.9908580780029,0.0688551887869835,48.7,50.2,55.9,22.4,12.2,23.9,34
2023-09-01,17.5297088623047,23.7206249237061,31.9161510467529,0.0537241101264954,48.7,50.2,55.9,22.4,12.2,23.9,34
2023-09-02,15.4150085449219,23.6302623748779,32.0071449279785,-0.0092201940715313,48.7,50.2,55.9,22.4,12.2,23.9,34
2023-09-03,14.832709312439,23.6351680755615,31.9982967376709,-0.0222221687436104,48.7,50.2,55.9,22.4,12.2,23.9,34
2023-09-04,14.8706007003784,23.9397449493408,31.9893283843994,0.0219615455716848,48.7,50.2,55.9,22.4,12.2,23.9,34
2023-09-05,15.3817625045776,24.258810043335,32.0823020935059,0.0788029357790947,48.7,50.2,55.9,22.4,12.2,23.9,34
2023-09-06,15.7218294143677,24.6499710083008,32.0308723449707,0.0791886448860168,48.7,50.2,55.9,22.4,12.2,23.9,34
2023-09-07,15.3795576095581,24.9671268463135,31.9451599121094,0.0952341258525848,48.7,50.2,55.9,22.4,12.2,23.9,34
2023-09-08,16.0839252471924,25.1313304901123,31.9704990386963,0.0805138200521469,48.7,50.2,55.9,22.4,12.2,23.9,34
2023-09-09,15.8533182144165,25.3623561859131,31.9792385101318,0.0199406500905752,48.7,50.2,55.9,22.4,12.2,23.9,34
2023-09-10,15.5411596298218,25.5202808380127,31.9646282196045,0.0222337078303099,48.7,50.2,55.9,22.4,12.2,23.9,34
2023-09-11,15.0528593063354,25.9529819488525,32.0376930236816,0.00729496637359262,48.7,50.2,55.9,22.4,12.2,23.9,34
2023-09-12,15.2630643844604,25.9832286834717,31.982177734375,0.0226158965379,48.7,50.2,55.9,22.4,12.2,23.9,34
2023-09-13,15.6276426315308,25.8227291107178,31.9210643768311,0.0629889145493507,48.7,50.2,55.9,22.4,12.2,23.9,34
2023-09-14,15.7125625610352,25.2055206298828,32.0377464294434,0.0851384177803993,48.7,50.2,55.9,22.4,12.2,23.9,34
2023-09-15,15.7750968933105,24.4380512237549,32.0189476013184,0.147684946656227,48.7,50.2,55.9,22.4,12.2,23.9,34
2023-09-16,16.0793571472168,23.839599609375,31.6907978057861,0.138479754328728,48.7,50.2,55.9,22.4,12.2,23.9,34
2023-09-17,16.4509906768799,23.203742980957,31.3842391967773,0.0639695897698402,48.7,50.2,55.9,22.4,12.2,23.9,34
2023-09-18,16.2700290679932,23.1583690643311,31.2429714202881,0.108698576688766,48.7,50.2,55.9,22.4,12.2,23.9,34
2023-09-19,16.3713092803955,22.7985591888428,31.090799331665,0.0390852503478527,48.7,50.2,55.9,22.4,12.2,23.9,34
2023-09-20,16.3160419464111,22.4479198455811,31.0528812408447,-0.0250598639249802,48.7,50.2,55.9,22.4,12.2,23.9,34
2023-09-21,16.2712707519531,22.3906536102295,30.9752407073975,-0.00882568582892418,48.7,50.2,55.9,22.4,12.2,23.9,34
2023-09-22,16.6540451049805,22.0089321136475,30.9962387084961,0.0890026390552521,48.7,50.2,55.9,22.4,12.2,23.9,34
2023-09-23,17.2036361694336,21.80881690979,31.4174861907959,0.296233028173447,48.7,50.2,55.9,22.4,12.2,23.9,34
2023-09-24,17.625768661499,21.2883281707764,31.2862148284912,0.216100588440895,48.7,50.2,55.9,22.4,12.2,23.9,34
2023-09-25,18.0624713897705,20.8059196472168,31.1939907073975,0.0812715739011765,48.7,50.2,55.9,22.4,12.2,23.9,34
2023-09-26,16.2943744659424,20.1181507110596,31.7028503417969,0.169652983546257,48.7,50.2,55.9,22.4,12.2,23.9,34
2023-09-27,19.2085571289062,19.3251914978027,32.2024269104004,0.17199619114399,48.7,50.2,55.9,22.4,12.2,23.9,34
2023-09-28,19.7897357940674,19.8001117706299,32.3599662780762,0.140893936157227,48.7,50.2,55.9,22.4,12.2,23.9,34
2023-09-29,19.1109066009521,19.3339710235596,32.2476387023926,0.145693346858025,48.7,50.2,55.9,22.4,12.2,23.9,34
2023-09-30,18.9768657684326,19.0115261077881,32.3658180236816,0.135520592331886,48.7,50.2,55.9,22.4,12.2,23.9,34
2023-10-01,19.0343532562256,19.0310497283936,32.6876487731934,0.158510103821754,48.7,50.2,55.9,22.4,12.2,23.9,34
2023-10-02,19.4236812591553,19.4398212432861,32.7162551879883,0.136561319231987,48.7,50.2,55.9,22.4,12.2,23.9,34
2023-10-03,19.4187602996826,19.4787120819092,32.6945838928223,0.10881058126688,48.7,50.2,55.9,22.4,12.2,23.9,34
2023-10-04,19.3889827728271,19.5476036071777,32.6971588134766,0.0558289438486099,48.7,50.2,55.9,22.4,12.2,23.9,34
2023-10-05,17.4951343536377,20.017635345459,32.5554389953613,0.0340850539505482,48.7,50.2,55.9,22.4,12.2,23.9,34
2023-10-06,17.4282665252686,20.2769756317139,32.5431175231934,0.109898053109646,48.7,50.2,55.9,22.4,12.2,23.9,34
2023-10-07,17.438684463501,20.4490394592285,32.5649909973145,0.204098954796791,48.7,50.2,55.9,22.4,12.2,23.9,34
2023-10-08,19.3254718780518,20.0311336517334,32.3640441894531,0.164247095584869,48.7,50.2,55.9,22.4,12.2,23.9,34
2023-10-09,19.4850921630859,20.09885597229,32.4646072387695,0.102366529405117,48.7,50.2,55.9,22.4,12.2,23.9,34
2023-10-10,18.9053039550781,20.4314155578613,32.644718170166,0.128574505448341,48.7,50.2,55.9,22.4,12.2,23.9,34
2023-10-11,17.9800853729248,20.5933074951172,32.8608894348145,0.0984848141670227,48.7,50.2,55.9,22.4,12.2,23.9,34
2023-10-12,18.0297374725342,20.4168167114258,32.8332557678223,0.121266037225723,48.7,50.2,55.9,22.4,12.2,23.9,34
2023-10-13,18.3540573120117,20.0872535705566,32.746940612793,0.135548532009125,48.7,50.2,55.9,22.4,12.2,23.9,34
2023-10-14,18.7536716461182,19.7162780761719,32.9098968505859,0.204387918114662,48.7,50.2,55.9,22.4,12.2,23.9,34
2023-10-15,18.7350940704346,19.2323722839355,32.7062492370605,0.317520618438721,48.7,50.2,55.9,22.4,12.2,23.9,34
2023-10-16,18.8180656433105,18.7855930328369,32.555606842041,0.224693194031715,48.7,50.2,55.9,22.4,12.2,23.9,34
2023-10-17,17.7919292449951,18.6523628234863,32.4878578186035,0.196019425988197,48.7,50.2,55.9,22.4,12.2,23.9,34
2023-10-18,17.65354347229,18.4661502838135,32.4132118225098,0.111545227468014,48.7,50.2,55.9,22.4,12.2,23.9,34
2023-10-19,17.6209964752197,18.3410205841064,32.3341903686523,0.0783798918128014,48.7,50.2,55.9,22.4,12.2,23.9,34
2023-10-20,17.7765922546387,18.5818195343018,32.3082847595215,0.170094177126884,48.7,50.2,55.9,22.4,12.2,23.9,34
2023-10-21,17.7714233398438,18.5330638885498,32.2795372009277,0.273621588945389,48.7,50.2,55.9,22.4,12.2,23.9,34
2023-10-22,18.0251293182373,18.2694225311279,32.3259162902832,0.039638739079237,48.7,50.2,55.9,22.4,12.2,23.9,34
2023-10-23,18.9123439788818,17.8215312957764,32.7518043518066,-0.114249996840954,48.7,50.2,55.9,22.4,12.2,23.9,34
2023-10-24,18.4324932098389,17.8034553527832,32.6249008178711,-0.0414129793643951,48.7,50.2,55.9,22.4,12.2,23.9,34
2023-10-25,18.2376041412354,17.8568630218506,32.5842475891113,-0.0854387059807777,48.7,50.2,55.9,22.4,12.2,23.9,34
2023-10-26,17.2841606140137,17.9913082122803,32.5229988098145,-0.147091567516327,48.7,50.2,55.9,22.4,12.2,23.9,34
2023-10-27,17.5957984924316,18.1624431610107,32.5028381347656,-0.0856563821434975,48.7,50.2,55.9,22.4,12.2,23.9,34
2023-10-28,17.7908344268799,18.4114265441895,32.3103675842285,-0.0333524160087109,48.7,50.2,55.9,22.4,12.2,23.9,34
2023-10-29,18.6255931854248,18.5596485137939,32.1530570983887,-0.0243047308176756,48.7,50.2,55.9,22.4,12.2,23.9,34
2023-10-30,18.4531116485596,18.5523452758789,32.050235748291,0.0956725776195526,48.7,50.2,55.9,22.4,12.2,23.9,34
2023-10-31,18.3247375488281,18.2639560699463,32.224422454834,0.0279318001121283,48.7,50.2,55.9,22.4,12.2,23.9,34
2023-11-01,17.1724948883057,17.2745056152344,32.228199005127,0.134605124592781,48.7,50.2,55.9,22.4,12.2,23.9,34
2023-11-02,16.8638935089111,17.1640491485596,32.4403495788574,0.0507853217422962,48.7,50.2,55.9,22.4,12.2,23.9,34
2023-11-03,16.6945629119873,17.1377487182617,32.5187644958496,-0.0118902325630188,48.7,50.2,55.9,22.4,12.2,23.9,34
2023-11-04,16.4190273284912,16.8360538482666,32.4826202392578,-0.0507818572223186,48.7,50.2,55.9,22.4,12.2,23.9,34
2023-11-05,16.4768619537354,16.803258895874,32.4742622375488,0.0148093299940228,48.7,50.2,55.9,22.4,12.2,23.9,34
2023-11-06,16.5074710845947,16.6877307891846,32.5237731933594,0.0575601421296597,48.7,50.2,55.9,22.4,12.2,23.9,34
2023-11-07,16.7371006011963,16.91481590271,32.4597206115723,0.0836945548653603,48.7,50.2,55.9,22.4,12.2,23.9,34
2023-11-08,16.6365222930908,16.7637557983398,32.4510192871094,0.0231826771050692,48.7,50.2,55.9,22.4,12.2,23.9,34
2023-11-09,16.6499252319336,16.6205730438232,32.4729194641113,0.0454203151166439,48.7,50.2,55.9,22.4,12.2,23.9,34
2023-11-10,15.5918493270874,16.9620227813721,32.5171585083008,0.00723631912842393,48.7,50.2,55.9,22.4,12.2,23.9,34
2023-11-11,15.7122831344604,16.5723323822021,32.5692253112793,-0.106819599866867,48.7,50.2,55.9,22.4,12.2,23.9,34
2023-11-12,15.8189315795898,15.9799661636353,32.555248260498,-0.108904935419559,48.7,50.2,55.9,22.4,12.2,23.9,34
2023-11-13,15.2028436660767,16.1642551422119,32.4459838867188,0.0285632368177176,48.7,50.2,55.9,22.4,12.2,23.9,34
2023-11-14,15.2357873916626,15.9465942382812,32.3894081115723,-0.0116046378389001,48.7,50.2,55.9,22.4,12.2,23.9,34
2023-11-15,15.3559160232544,15.6687211990356,32.352123260498,-0.0338208861649036,48.7,50.2,55.9,22.4,12.2,23.9,34
2023-11-16,14.9252243041992,15.7826375961304,32.3188209533691,-0.0572720915079117,48.7,50.2,55.9,22.4,12.2,23.9,34
2023-11-17,14.6498565673828,15.6997575759888,32.3513450622559,0.0169197209179401,48.7,50.2,55.9,22.4,12.2,23.9,34
2023-11-18,14.479832649231,15.678412437439,32.372013092041,0.166223958134651,48.7,50.2,55.9,22.4,12.2,23.9,34
2023-11-19,15.0847978591919,15.3381309509277,32.3767204284668,0.0827824473381042,48.7,50.2,55.9,22.4,12.2,23.9,34
2023-11-20,15.1183090209961,15.0723352432251,32.3716201782227,0.00771937146782875,48.7,50.2,55.9,22.4,12.2,23.9,34
2023-11-21,14.875485420227,14.8491468429565,32.331169128418,0.0484563820064068,48.7,50.2,55.9,22.4,12.2,23.9,34
2023-11-22,14.8428468704224,14.9102907180786,32.290771484375,0.204015359282494,48.7,50.2,55.9,22.4,12.2,23.9,34
2023-11-23,14.9049110412598,14.9059257507324,32.2309341430664,0.0742818936705589,48.7,50.2,55.9,22.4,12.2,23.9,34
2023-11-24,14.8379058837891,14.8172006607056,32.2200508117676,0.00940832495689392,48.7,50.2,55.9,22.4,12.2,23.9,34
2023-11-25,14.5692205429077,14.5510206222534,32.2343597412109,0.0191929861903191,48.7,50.2,55.9,22.4,12.2,23.9,34
2023-11-26,14.3653612136841,14.3450126647949,32.2565269470215,0.0396949499845505,48.7,50.2,55.9,22.4,12.2,23.9,34
2023-11-27,14.2802209854126,14.2648134231567,32.2629852294922,0.0945215150713921,48.7,50.2,55.9,22.4,12.2,23.9,34
2023-11-28,13.6202325820923,14.0682420730591,32.2933616638184,-0.032977357506752,48.7,50.2,55.9,22.4,12.2,23.9,34
2023-11-29,13.5707817077637,13.6051139831543,32.3277015686035,-0.159466311335564,48.7,50.2,55.9,22.4,12.2,23.9,34
2023-11-30,13.4671983718872,13.3954420089722,32.3689231872559,-0.123700797557831,48.7,50.2,55.9,22.4,12.2,23.9,34
2023-12-01,13.0857162475586,12.9816884994507,32.456901550293,-0.0980612635612488,48.7,50.2,55.9,22.4,12.2,23.9,34
2023-12-02,13.0770330429077,13.0500907897949,32.4482307434082,-0.0667030736804008,48.7,50.2,55.9,22.4,12.2,23.9,34
2023-12-03,13.0645761489868,13.0788869857788,32.3863296508789,0.0306352991610765,48.7,50.2,55.9,22.4,12.2,23.9,34
2023-12-04,13.109486579895,13.1841955184937,32.3201179504395,0.0702149495482445,48.7,50.2,55.9,22.4,12.2,23.9,34
2023-12-05,13.1259536743164,13.110842704773,32.3011817932129,-0.0372577123343945,48.7,50.2,55.9,22.4,12.2,23.9,34
2023-12-06,13.0879468917847,13.0112419128418,32.2616920471191,0.0358650460839272,48.7,50.2,55.9,22.4,12.2,23.9,34
2023-12-07,12.9137525558472,12.8538856506348,32.294864654541,0.0220123622566462,48.7,50.2,55.9,22.4,12.2,23.9,34
2023-12-08,12.855523109436,12.7727279663086,32.3082656860352,-0.0296559799462557,48.7,50.2,55.9,22.4,12.2,23.9,34
2023-12-09,12.8304471969604,12.7614145278931,32.3135566711426,-0.0115002132952213,48.7,50.2,55.9,22.4,12.2,23.9,34
2023-12-10,12.5460252761841,12.7480916976929,32.2459526062012,-0.0209071431308985,48.7,50.2,55.9,22.4,12.2,23.9,34
2023-12-11,12.5638113021851,12.6876249313354,32.1953125,0.0239506904035807,48.7,50.2,55.9,22.4,12.2,23.9,34
2023-12-12,12.5303993225098,12.4156045913696,32.2245292663574,-0.249540612101555,48.7,50.2,55.9,22.4,12.2,23.9,34
2023-12-13,12.5193529129028,12.4201440811157,32.3191566467285,-0.286607593297958,48.7,50.2,55.9,22.4,12.2,23.9,34
2023-12-14,12.3821220397949,12.2561521530151,32.3657913208008,-0.317819774150848,48.7,50.2,55.9,22.4,12.2,23.9,34
2023-12-15,12.216869354248,12.1240530014038,32.3703651428223,-0.255345702171326,48.7,50.2,55.9,22.4,12.2,23.9,34
2023-12-16,12.1513519287109,12.072018623352,32.4323921203613,-0.230010628700256,48.7,50.2,55.9,22.4,12.2,23.9,34
2023-12-17,12.0888137817383,12.0669860839844,32.4409217834473,-0.0214729849249125,48.7,50.2,55.9,22.4,12.2,23.9,34
2023-12-18,12.0413427352905,12.0440301895142,32.3442497253418,0.304345965385437,48.7,50.2,55.9,22.4,12.2,23.9,34
2023-12-19,11.8451414108276,11.8195877075195,32.3314247131348,-0.0766075924038887,48.7,50.2,55.9,22.4,12.2,23.9,34
2023-12-20,11.6556272506714,11.612135887146,32.3393173217773,-0.0575144439935684,48.7,50.2,55.9,22.4,12.2,23.9,34
2023-12-21,11.50865650177,11.4818506240845,32.3231468200684,-0.0349468104541302,48.7,50.2,55.9,22.4,12.2,23.9,34
2023-12-22,11.3824586868286,11.4164924621582,32.3693161010742,-0.00377615168690681,48.7,50.2,55.9,22.4,12.2,23.9,34
2023-12-23,11.2749929428101,11.2597417831421,32.2897071838379,-0.00949278846383095,48.7,50.2,55.9,22.4,12.2,23.9,34
2023-12-24,11.1951293945312,11.2114839553833,32.2611999511719,-0.0295985247939825,48.7,50.2,55.9,22.4,12.2,23.9,34
2023-12-25,11.0667963027954,11.0412864685059,32.3365364074707,-0.0980438813567162,48.7,50.2,55.9,22.4,12.2,23.9,34
2023-12-26,11.0506715774536,11.0396318435669,32.3701362609863,-0.0457882471382618,48.7,50.2,55.9,22.4,12.2,23.9,34
2023-12-27,11.046534538269,11.0519638061523,32.3895378112793,0.0489032082259655,48.7,50.2,55.9,22.4,12.2,23.9,34
2023-12-28,10.7676820755005,11.0726079940796,32.3242645263672,0.148176416754723,48.7,50.2,55.9,22.4,12.2,23.9,34
2023-12-29,10.8133955001831,11.0424337387085,32.293041229248,0.130939289927483,48.7,50.2,55.9,22.4,12.2,23.9,34
2023-12-30,10.8760251998901,10.9692344665527,32.2481956481934,0.110679738223553,48.7,50.2,55.9,22.4,12.2,23.9,34
2023-12-31,10.4047803878784,11.0425863265991,32.3335151672363,-0.0932502374053001,48.7,50.2,55.9,22.4,12.2,23.9,34
2024-01-01,10.4296627044678,10.8342485427856,32.3486289978027,-0.0608092397451401,48.7,50.2,55.9,22.4,12.2,23.9,34
2024-01-02,10.4190187454224,10.6129484176636,32.3248558044434,0.00447126338258386,48.7,50.2,55.9,22.4,12.2,23.9,34
2024-01-03,10.3763122558594,10.4454956054688,32.0816841125488,-0.0153938131406903,48.7,50.2,55.9,22.4,12.2,23.9,34
2024-01-04,10.379397392273,10.2910747528076,32.0881996154785,0.0176696460694075,48.7,50.2,55.9,22.4,12.2,23.9,34
2024-01-05,10.3187532424927,10.1989068984985,32.2074241638184,-0.104533709585667,48.7,50.2,55.9,22.4,12.2,23.9,34
2024-01-06,10.1626844406128,10.1116743087769,32.2244300842285,-0.0693606659770012,48.7,50.2,55.9,22.4,12.2,23.9,34
2024-01-07,10.0714883804321,10.0344095230103,32.1752967834473,0.147095918655396,48.7,50.2,55.9,22.4,12.2,23.9,34
2024-01-08,9.790114402771,9.73829555511475,32.0942077636719,-0.0604637861251831,48.7,50.2,55.9,22.4,12.2,23.9,34
2024-01-09,9.61620330810547,9.66232395172119,31.9161205291748,0.0453729815781116,48.7,50.2,55.9,22.4,12.2,23.9,34
2024-01-10,9.6692476272583,9.60159778594971,31.8338413238525,0.168212532997131,48.7,50.2,55.9,22.4,12.2,23.9,34
2024-01-11,9.6972541809082,9.49894618988037,31.8256893157959,-0.0476825684309006,48.7,50.2,55.9,22.4,12.2,23.9,34
2024-01-12,9.69889450073242,9.65919780731201,31.916482925415,-0.071053110063076,48.7,50.2,55.9,22.4,12.2,23.9,34
2024-01-13,9.74948883056641,9.73351573944092,31.9697570800781,0.163391068577766,48.7,50.2,55.9,22.4,12.2,23.9,34
2024-01-14,10.0335988998413,9.61443042755127,31.9912509918213,-0.147767215967178,48.7,50.2,55.9,22.4,12.2,23.9,34
2024-01-15,10.0465250015259,9.24922370910645,31.7185955047607,-0.171816512942314,48.7,50.2,55.9,22.4,12.2,23.9,34
2024-01-16,10.0516958236694,9.32858180999756,31.874059677124,0.0748781859874725,48.7,50.2,55.9,22.4,12.2,23.9,34
2024-01-17,10.0174884796143,9.29482936859131,32.0933418273926,-0.024495080113411,48.7,50.2,55.9,22.4,12.2,23.9,34
2024-01-18,9.78165435791016,8.91161060333252,32.0270843505859,-0.250470042228699,48.7,50.2,55.9,22.4,12.2,23.9,34
2024-01-19,9.86566352844238,8.65278148651123,31.8781147003174,-0.0758032277226448,48.7,50.2,55.9,22.4,12.2,23.9,34
2024-01-20,9.8615026473999,8.57544994354248,31.9921112060547,-0.160422131419182,48.7,50.2,55.9,22.4,12.2,23.9,34
2024-01-21,9.8045711517334,8.8034725189209,32.0533180236816,-0.251073151826859,48.7,50.2,55.9,22.4,12.2,23.9,34
2024-01-22,9.7210807800293,8.63062381744385,32.133228302002,-0.250393778085709,48.7,50.2,55.9,22.4,12.2,23.9,34
2024-01-23,9.7635669708252,8.41654777526855,32.0875549316406,-0.29400560259819,48.7,50.2,55.9,22.4,12.2,23.9,34
2024-01-24,9.34939193725586,7.95627403259277,32.0052528381348,-0.261336952447891,48.7,50.2,55.9,22.4,12.2,23.9,34
2024-01-25,9.18970489501953,7.8781247138977,31.7713947296143,-0.140346750617027,48.7,50.2,55.9,22.4,12.2,23.9,34
2024-01-26,9.17373085021973,7.49009275436401,30.7533798217773,-0.0724460259079933,48.7,50.2,55.9,22.4,12.2,23.9,34
2024-01-27,9.04589557647705,7.91248178482056,30.3384647369385,-0.0113229900598526,48.7,50.2,55.9,22.4,12.2,23.9,34
2024-01-28,8.70960521697998,8.39227771759033,31.0882949829102,0.160804152488708,48.7,50.2,55.9,22.4,12.2,23.9,34
2024-01-29,8.3953046798706,8.32270336151123,31.4582996368408,0.184905037283897,48.7,50.2,55.9,22.4,12.2,23.9,34
2024-01-30,8.15908908843994,7.51043558120728,31.5859756469727,0.140956655144691,48.7,50.2,55.9,22.4,12.2,23.9,34
2024-01-31,7.97650146484375,7.5575737953186,31.7449359893799,0.147826418280602,48.7,50.2,55.9,22.4,12.2,23.9,34
2024-02-01,8.09666442871094,8.0782060623169,32.114185333252,0.10430596023798,48.7,50.2,55.9,22.4,12.2,23.9,34
2024-02-02,8.01076698303223,7.77750396728516,31.9343204498291,0.0665322691202164,48.7,50.2,55.9,22.4,12.2,23.9,34
2024-02-03,7.89734077453613,7.81935882568359,32.0034828186035,0.096971683204174,48.7,50.2,55.9,22.4,12.2,23.9,34
2024-02-04,7.89103507995605,7.86931800842285,32.0986709594727,0.150414407253265,48.7,50.2,55.9,22.4,12.2,23.9,34
2024-02-05,7.60925340652466,7.68398904800415,32.0949974060059,0.186237677931786,48.7,50.2,55.9,22.4,12.2,23.9,34
2024-02-06,7.57713508605957,7.57147359848022,32.1028251647949,0.216283857822418,48.7,50.2,55.9,22.4,12.2,23.9,34
2024-02-07,7.65134859085083,7.64178895950317,32.127498626709,0.146157249808311,48.7,50.2,55.9,22.4,12.2,23.9,34
2024-02-08,7.5936770439148,7.636962890625,32.1333045959473,0.053628470748663,48.7,50.2,55.9,22.4,12.2,23.9,34
2024-02-09,7.64139556884766,7.71735525131226,32.0961151123047,0.041892409324646,48.7,50.2,55.9,22.4,12.2,23.9,34
2024-02-10,7.73580932617188,7.44317102432251,31.8141555786133,0.0901154205203056,48.7,50.2,55.9,22.4,12.2,23.9,34
2024-02-11,7.97844076156616,7.26049089431763,31.3157176971436,0.033722635358572,48.7,50.2,55.9,22.4,12.2,23.9,34
2024-02-12,7.98682832717896,7.40023422241211,31.3951416015625,0.0484551191329956,48.7,50.2,55.9,22.4,12.2,23.9,34
2024-02-13,7.94268226623535,7.60367202758789,31.8157367706299,0.206477299332619,48.7,50.2,55.9,22.4,12.2,23.9,34
2024-02-14,7.4876880645752,7.41920804977417,32.0336418151855,0.0290788784623146,48.7,50.2,55.9,22.4,12.2,23.9,34
2024-02-15,7.36677122116089,7.32949686050415,32.040153503418,-0.0651042386889458,48.7,50.2,55.9,22.4,12.2,23.9,34
2024-02-16,7.47456216812134,7.31527948379517,32.0462799072266,-0.0274539738893509,48.7,50.2,55.9,22.4,12.2,23.9,34
2024-02-17,7.57027959823608,7.28652334213257,32.0149269104004,0.0608577020466328,48.7,50.2,55.9,22.4,12.2,23.9,34
2024-02-18,7.31224584579468,7.18757581710815,32.0224113464355,-0.0275095533579588,48.7,50.2,55.9,22.4,12.2,23.9,34
2024-02-19,7.39009475708008,7.2043833732605,32.073314666748,-0.232820883393288,48.7,50.2,55.9,22.4,12.2,23.9,34
2024-02-20,7.03594064712524,7.05548286437988,32.1161918640137,-0.13297988474369,48.7,50.2,55.9,22.4,12.2,23.9,34
2024-02-21,6.99886894226074,7.02989721298218,32.1969146728516,-0.0854624733328819,48.7,50.2,55.9,22.4,12.2,23.9,34
2024-02-22,6.99301671981812,7.00884580612183,32.181396484375,-0.030374413356185,48.7,50.2,55.9,22.4,12.2,23.9,34
2024-02-23,6.54266738891602,6.92904138565063,32.1128005981445,0.0810788422822952,48.7,50.2,55.9,22.4,12.2,23.9,34
2024-02-24,6.59887504577637,6.82117605209351,31.9149780273438,0.0730563774704933,48.7,50.2,55.9,22.4,12.2,23.9,34
2024-02-25,6.66574287414551,6.694091796875,32.0345458984375,-0.0130137382075191,48.7,50.2,55.9,22.4,12.2,23.9,34
2024-02-26,6.40875291824341,6.81344747543335,32.033576965332,-0.113299250602722,48.7,50.2,55.9,22.4,12.2,23.9,34
2024-02-27,6.4122371673584,6.81903982162476,31.7753810882568,-0.0935460031032562,48.7,50.2,55.9,22.4,12.2,23.9,34
2024-02-28,6.55876159667969,6.89554405212402,31.1167736053467,-0.0188259519636631,48.7,50.2,55.9,22.4,12.2,23.9,34
2024-02-29,6.75620222091675,6.72721290588379,31.2518405914307,-0.293110638856888,48.7,50.2,55.9,22.4,12.2,23.9,34
2024-03-01,6.99775695800781,6.70463800430298,31.3088970184326,-0.383635252714157,48.7,50.2,55.9,22.4,12.2,23.9,34
2024-03-02,7.16888093948364,6.91805648803711,31.1980800628662,-0.223908245563507,48.7,50.2,55.9,22.4,12.2,23.9,34
2024-03-03,7.32427024841309,7.53750038146973,31.2419452667236,-0.194665536284447,48.7,50.2,55.9,22.4,12.2,23.9,34
2024-03-04,7.28799962997437,7.55590677261353,31.2537784576416,-0.231375396251678,48.7,50.2,55.9,22.4,12.2,23.9,34
2024-03-05,7.06595993041992,7.60202932357788,31.4764404296875,-0.042045596987009,48.7,50.2,55.9,22.4,12.2,23.9,34
2024-03-06,7.21730470657349,7.65744590759277,31.4580707550049,-0.0422969199717045,48.7,50.2,55.9,22.4,12.2,23.9,34
2024-03-07,7.25018739700317,7.7137942314148,31.3404979705811,-0.0156595874577761,48.7,50.2,55.9,22.4,12.2,23.9,34
2024-03-08,7.13856363296509,7.57960653305054,31.1592922210693,-0.0347663387656212,48.7,50.2,55.9,22.4,12.2,23.9,34
2024-03-09,7.27056646347046,7.59249258041382,31.4944934844971,0.0531219206750393,48.7,50.2,55.9,22.4,12.2,23.9,34
2024-03-10,7.29280042648315,7.72122049331665,31.7165622711182,0.132059648633003,48.7,50.2,55.9,22.4,12.2,23.9,34
2024-03-11,7.42357063293457,7.55626678466797,31.6050777435303,-0.214527830481529,48.7,50.2,55.9,22.4,12.2,23.9,34
2024-03-12,7.61995697021484,7.68562507629395,31.5262699127197,-0.247064009308815,48.7,50.2,55.9,22.4,12.2,23.9,34
2024-03-13,7.66607236862183,7.95687103271484,31.4759750366211,-0.119832254946232,48.7,50.2,55.9,22.4,12.2,23.9,34
2024-03-14,7.64795684814453,8.31044292449951,31.5658931732178,-0.0350615940988064,48.7,50.2,55.9,22.4,12.2,23.9,34
2024-03-15,7.7132077217102,8.53923988342285,31.5250453948975,0.0141175398603082,48.7,50.2,55.9,22.4,12.2,23.9,34
2024-03-16,7.75655555725098,8.71831512451172,31.5265598297119,0.0387957654893398,48.7,50.2,55.9,22.4,12.2,23.9,34
2024-03-17,7.77771949768066,8.83755970001221,31.5076274871826,0.103622503578663,48.7,50.2,55.9,22.4,12.2,23.9,34
2024-03-18,8.32610702514648,8.65283489227295,31.5166931152344,0.0708949491381645,48.7,50.2,55.9,22.4,12.2,23.9,34
2024-03-19,8.38312244415283,8.33657932281494,31.7904987335205,-0.038406390696764,48.7,50.2,55.9,22.4,12.2,23.9,34
2024-03-20,8.53674030303955,8.31130313873291,31.7216949462891,-0.0370358340442181,48.7,50.2,55.9,22.4,12.2,23.9,34
2024-03-21,8.54359531402588,8.05801105499268,31.5826320648193,-0.148646712303162,48.7,50.2,55.9,22.4,12.2,23.9,34
2024-03-22,8.65135669708252,8.0028657913208,31.6175746917725,-0.271932750940323,48.7,50.2,55.9,22.4,12.2,23.9,34
2024-03-23,8.74511051177979,8.17294406890869,31.4186248779297,-0.0489631146192551,48.7,50.2,55.9,22.4,12.2,23.9,34
2024-03-24,8.98172855377197,8.10886478424072,31.646728515625,-0.02482452057302,48.7,50.2,55.9,22.4,12.2,23.9,34
2024-03-25,8.17502593994141,8.13787460327148,32.047191619873,0.0186745654791594,48.7,50.2,55.9,22.4,12.2,23.9,34
2024-03-26,7.93282461166382,7.92670011520386,32.0441856384277,0.210163414478302,48.7,50.2,55.9,22.4,12.2,23.9,34
2024-03-27,7.65204238891602,7.70706415176392,31.8808422088623,0.112774699926376,48.7,50.2,55.9,22.4,12.2,23.9,34
2024-03-28,7.65020179748535,7.72153234481812,31.8314571380615,0.050966415554285,48.7,50.2,55.9,22.4,12.2,23.9,34
2024-03-29,7.67431688308716,7.72221422195435,31.7594757080078,0.026655912399292,48.7,50.2,55.9,22.4,12.2,23.9,34
2024-03-30,7.6602668762207,7.92759704589844,31.7187442779541,-0.079922117292881,48.7,50.2,55.9,22.4,12.2,23.9,34
2024-03-31,7.88537216186523,8.21241855621338,31.8391246795654,-0.100979208946228,48.7,50.2,55.9,22.4,12.2,23.9,34
2024-04-01,7.92332887649536,8.3064546585083,31.8696842193604,-0.00751157244667411,48.7,50.2,55.9,22.4,12.2,23.9,34
2024-04-02,7.74095916748047,8.1334981918335,31.9423656463623,0.0383557826280594,48.7,50.2,55.9,22.4,12.2,23.9,34
2024-04-03,7.73048543930054,8.07103061676025,31.9016933441162,0.209859117865562,48.7,50.2,55.9,22.4,12.2,23.9,34
2024-04-04,7.77462911605835,8.04044437408447,31.8449478149414,0.287699013948441,48.7,50.2,55.9,22.4,12.2,23.9,34
2024-04-05,7.44828414916992,7.8046703338623,31.5961742401123,0.0576103739440441,48.7,50.2,55.9,22.4,12.2,23.9,34
2024-04-06,7.45447540283203,7.73667860031128,31.4713077545166,-0.0327506959438324,48.7,50.2,55.9,22.4,12.2,23.9,34
2024-04-07,7.46239519119263,7.79171419143677,31.4854125976562,-0.00169830769300461,48.7,50.2,55.9,22.4,12.2,23.9,34
2024-04-08,7.60148191452026,7.94178819656372,31.6431579589844,-0.0319903641939163,48.7,50.2,55.9,22.4,12.2,23.9,34
2024-04-09,7.53657484054565,8.22058200836182,31.5566329956055,-0.0239739511162043,48.7,50.2,55.9,22.4,12.2,23.9,34
2024-04-10,7.53656053543091,8.63255023956299,31.5176792144775,-0.000726259604562074,48.7,50.2,55.9,22.4,12.2,23.9,34
2024-04-11,7.58322525024414,8.48222255706787,31.2767200469971,0.0318774804472923,48.7,50.2,55.9,22.4,12.2,23.9,34
2024-04-12,7.52657556533813,8.90057563781738,30.5124034881592,0.137618348002434,48.7,50.2,55.9,22.4,12.2,23.9,34
2024-04-13,7.43980979919434,8.90837383270264,30.5451965332031,-0.0201390758156776,48.7,50.2,55.9,22.4,12.2,23.9,34
2024-04-14,7.18601751327515,9.31136417388916,30.5828876495361,-0.118691094219685,48.7,50.2,55.9,22.4,12.2,23.9,34
2024-04-15,7.03134727478027,9.58710193634033,30.6650409698486,-0.039459191262722,48.7,50.2,55.9,22.4,12.2,23.9,34
2024-04-16,6.9781699180603,10.3192090988159,30.5848369598389,-0.0338477231562138,48.7,50.2,55.9,22.4,12.2,23.9,34
2024-04-17,7.32587766647339,10.2696504592896,30.646390914917,-0.0744283273816109,48.7,50.2,55.9,22.4,12.2,23.9,34
2024-04-18,7.39788007736206,10.3498096466064,30.5305480957031,0.0213619563728571,48.7,50.2,55.9,22.4,12.2,23.9,34
2024-04-19,7.40688943862915,9.78698062896729,30.6836929321289,0.0597295127809048,48.7,50.2,55.9,22.4,12.2,23.9,34
2024-04-20,7.57382392883301,9.7192850112915,30.8989028930664,-0.00457604974508286,48.7,50.2,55.9,22.4,12.2,23.9,34
2024-04-21,7.58612012863159,9.55487537384033,31.0400524139404,-0.0204969998449087,48.7,50.2,55.9,22.4,12.2,23.9,34
2024-04-22,7.62351560592651,9.31608295440674,31.1541652679443,-0.0646340399980545,48.7,50.2,55.9,22.4,12.2,23.9,34
2024-04-23,7.50362014770508,9.38436794281006,31.2460384368896,-0.0487226657569408,48.7,50.2,55.9,22.4,12.2,23.9,34
2024-04-24,7.49562311172485,9.47697830200195,31.2188320159912,-0.0146677633747458,48.7,50.2,55.9,22.4,12.2,23.9,34
2024-04-25,7.49986028671265,9.54106140136719,31.1883716583252,-0.0411130636930466,48.7,50.2,55.9,22.4,12.2,23.9,34
2024-04-26,7.24730253219604,9.3779182434082,31.4263916015625,-0.150508716702461,48.7,50.2,55.9,22.4,12.2,23.9,34
2024-04-27,7.27082300186157,9.45971584320068,31.4753093719482,-0.174963608384132,48.7,50.2,55.9,22.4,12.2,23.9,34
2024-04-28,7.25106763839722,9.6333417892456,31.4867496490479,-0.0979503393173218,48.7,50.2,55.9,22.4,12.2,23.9,34
2024-04-29,7.60924339294434,10.4687604904175,31.3613986968994,-0.0136459851637483,48.7,50.2,55.9,22.4,12.2,23.9,34
2024-04-30,7.68189573287964,11.2027215957642,31.2376041412354,0.0520081333816051,48.7,50.2,55.9,22.4,12.2,23.9,34
2024-05-01,7.76140642166138,11.9645662307739,30.7438945770264,0.0865083634853363,48.7,50.2,55.9,22.4,12.2,23.9,34
2024-05-02,8.2446928024292,12.7228088378906,30.6301498413086,0.0482925586402416,48.7,50.2,55.9,22.4,12.2,23.9,34
2024-05-03,8.39150619506836,12.6961355209351,30.4919490814209,0.0310839712619781,48.7,50.2,55.9,22.4,12.2,23.9,34
2024-05-04,8.49516773223877,11.9901151657104,31.1879043579102,0.00635747471824288,48.7,50.2,55.9,22.4,12.2,23.9,34
2024-05-05,8.77867794036865,11.4573183059692,31.387601852417,-0.0211549326777458,48.7,50.2,55.9,22.4,12.2,23.9,34
2024-05-06,8.72271251678467,11.7782707214355,31.2751483917236,-0.0494192726910114,48.7,50.2,55.9,22.4,12.2,23.9,34
2024-05-07,8.76027202606201,12.3324613571167,30.9264659881592,-0.0355463363230228,48.7,50.2,55.9,22.4,12.2,23.9,34
2024-05-08,7.99937009811401,13.1281442642212,30.8396091461182,-0.0117967128753662,48.7,50.2,55.9,22.4,12.2,23.9,34
2024-05-09,7.98761129379272,13.5814237594604,30.5104846954346,0.0288295745849609,48.7,50.2,55.9,22.4,12.2,23.9,34
2024-05-10,7.9864387512207,13.0873708724976,31.0054702758789,0.152033567428589,48.7,50.2,55.9,22.4,12.2,23.9,34
2024-05-11,8.22288608551025,11.8633003234863,31.5885391235352,0.166235968470573,48.7,50.2,55.9,22.4,12.2,23.9,34
2024-05-12,8.18065738677979,11.4281339645386,31.6844959259033,0.0822600796818733,48.7,50.2,55.9,22.4,12.2,23.9,34
2024-05-13,8.16665267944336,11.4402236938477,31.6269454956055,-0.0177520867437124,48.7,50.2,55.9,22.4,12.2,23.9,34
2024-05-14,8.35601615905762,11.2060670852661,31.5002689361572,-0.0609942637383938,48.7,50.2,55.9,22.4,12.2,23.9,34
2024-05-15,8.46413516998291,11.1767740249634,31.4202671051025,0.033745538443327,48.7,50.2,55.9,22.4,12.2,23.9,34
2024-05-16,8.42972469329834,10.9779672622681,31.2294902801514,0.0789457783102989,48.7,50.2,55.9,22.4,12.2,23.9,34
2024-05-17,9.24287223815918,11.3660011291504,31.4432601928711,0.0898603722453117,48.7,50.2,55.9,22.4,12.2,23.9,34
2024-05-18,9.37155628204346,11.3073968887329,31.5782413482666,0.0589609928429127,48.7,50.2,55.9,22.4,12.2,23.9,34
2024-05-19,9.40902423858643,11.5248565673828,31.7724514007568,0.0694478377699852,48.7,50.2,55.9,22.4,12.2,23.9,34
2024-05-20,10.6618223190308,11.1101713180542,31.6104679107666,0.0301619973033667,48.7,50.2,55.9,22.4,12.2,23.9,34
2024-05-21,10.8275156021118,11.1848421096802,31.5765705108643,0.000444717705249786,48.7,50.2,55.9,22.4,12.2,23.9,34
2024-05-22,10.5645370483398,11.5977277755737,31.5420017242432,-0.0339565984904766,48.7,50.2,55.9,22.4,12.2,23.9,34
2024-05-23,10.3941230773926,12.9939031600952,31.2335643768311,-0.087062768638134,48.7,50.2,55.9,22.4,12.2,23.9,34
2024-05-24,10.1740026473999,14.2556867599487,30.7382297515869,-0.0133211826905608,48.7,50.2,55.9,22.4,12.2,23.9,34
2024-05-25,10.2452306747437,14.9206209182739,30.4811325073242,-0.0073123793117702,48.7,50.2,55.9,22.4,12.2,23.9,34
2024-05-26,10.3712205886841,15.8855638504028,30.4743099212646,-0.00286795385181904,48.7,50.2,55.9,22.4,12.2,23.9,34
2024-05-27,10.369909286499,16.0780010223389,30.3485126495361,0.0656228438019753,48.7,50.2,55.9,22.4,12.2,23.9,34
2024-05-28,10.3648538589478,16.7448120117188,29.8314380645752,0.105385534465313,48.7,50.2,55.9,22.4,12.2,23.9,34
2024-05-29,10.5405149459839,17.1511421203613,29.7206439971924,0.0516980402171612,48.7,50.2,55.9,22.4,12.2,23.9,34
2024-05-30,10.5929937362671,17.4524688720703,29.5848484039307,0.0152828106656671,48.7,50.2,55.9,22.4,12.2,23.9,34
2024-05-31,10.645676612854,17.3644313812256,29.5305480957031,-0.00228575919754803,48.7,50.2,55.9,22.4,12.2,23.9,34
2024-06-01,10.8265647888184,17.2696132659912,29.3340244293213,-0.0510751269757748,48.7,50.2,55.9,22.4,12.2,23.9,34
2024-06-02,10.7995824813843,17.7918739318848,29.0822601318359,-0.033805925399065,48.7,50.2,55.9,22.4,12.2,23.9,34
2024-06-03,10.7054147720337,18.193826675415,28.8503322601318,-0.0265667364001274,48.7,50.2,55.9,22.4,12.2,23.9,34
2024-06-04,10.7694969177246,18.5559902191162,28.6017360687256,0.00090152770280838,48.7,50.2,55.9,22.4,12.2,23.9,34
2024-06-05,10.8181457519531,18.6026649475098,28.5620346069336,-0.00381694734096527,48.7,50.2,55.9,22.4,12.2,23.9,34
2024-06-06,10.7227439880371,18.2109909057617,28.5778903961182,0.0142203466966748,48.7,50.2,55.9,22.4,12.2,23.9,34
2024-06-07,10.721489906311,18.834981918335,28.8420162200928,0.0462919473648071,48.7,50.2,55.9,22.4,12.2,23.9,34
2024-06-08,10.7163820266724,19.5622539520264,28.77126121521,0.0244532208889723,48.7,50.2,55.9,22.4,12.2,23.9,34
2024-06-09,10.61496925354,19.8662052154541,28.8552646636963,0.0174005553126335,48.7,50.2,55.9,22.4,12.2,23.9,34
2024-06-10,9.782057762146,20.0699062347412,28.9962768554688,0.038474578410387,48.7,50.2,55.9,22.4,12.2,23.9,34
2024-06-11,9.82620620727539,20.2708263397217,29.0926151275635,0.0215164851397276,48.7,50.2,55.9,22.4,12.2,23.9,34
2024-06-12,9.91265773773193,20.4712505340576,29.046422958374,-0.0184388551861048,48.7,50.2,55.9,22.4,12.2,23.9,34
2024-06-13,9.6491641998291,20.9220600128174,29.1157836914062,-0.0709428042173386,48.7,50.2,55.9,22.4,12.2,23.9,34
2024-06-14,9.42016124725342,20.951566696167,29.3461360931396,-0.0497869104146957,48.7,50.2,55.9,22.4,12.2,23.9,34
2024-06-15,9.3977746963501,21.4374485015869,29.4209213256836,-0.0212087947875261,48.7,50.2,55.9,22.4,12.2,23.9,34
2024-06-16,9.57034301757812,21.7254409790039,29.3574752807617,-0.0422575660049915,48.7,50.2,55.9,22.4,12.2,23.9,34
2024-06-17,9.63441944122314,21.9662246704102,29.3820953369141,-0.0967034697532654,48.7,50.2,55.9,22.4,12.2,23.9,34
2024-06-18,9.39659595489502,21.7846851348877,29.5454921722412,-0.124974220991135,48.7,50.2,55.9,22.4,12.2,23.9,34
2024-06-19,10.0049991607666,22.3465557098389,29.6775226593018,-0.191464558243752,48.7,50.2,55.9,22.4,12.2,23.9,34
2024-06-20,10.0254030227661,23.1982040405273,29.6868762969971,-0.20384056866169,48.7,50.2,55.9,22.4,12.2,23.9,34
2024-06-21,9.52428531646729,23.4257106781006,29.7398471832275,-0.228667259216309,48.7,50.2,55.9,22.4,12.2,23.9,34
2024-06-22,10.1572017669678,23.9046401977539,30.1012401580811,-0.138579413294792,48.7,50.2,55.9,22.4,12.2,23.9,34
2024-06-23,9.95597839355469,23.9455490112305,30.4308338165283,-0.0922359526157379,48.7,50.2,55.9,22.4,12.2,23.9,34
2024-06-24,9.73712062835693,23.0401515960693,30.7103881835938,-0.114580191671848,48.7,50.2,55.9,22.4,12.2,23.9,34
2024-06-25,10.7992525100708,22.6689357757568,30.6221618652344,-0.0900670289993286,48.7,50.2,55.9,22.4,12.2,23.9,34
2024-06-26,10.7123184204102,22.5392456054688,30.7132339477539,-0.0464297831058502,48.7,50.2,55.9,22.4,12.2,23.9,34
2024-06-27,10.2621812820435,22.5778121948242,30.8523788452148,-7.47069716453552e-05,48.7,50.2,55.9,22.4,12.2,23.9,34
2024-06-28,10.8273153305054,22.4939956665039,30.9882755279541,-0.0010740632424131,48.7,50.2,55.9,22.4,12.2,23.9,34
2024-06-29,11.3062868118286,22.6267547607422,30.9766254425049,-0.0347982905805111,48.7,50.2,55.9,22.4,12.2,23.9,34
2024-06-30,11.2209062576294,22.2826919555664,31.0941638946533,-0.0254689007997513,48.7,50.2,55.9,22.4,12.2,23.9,34
2024-07-01,11.2765378952026,22.3079376220703,31.2378692626953,-0.039949357509613,48.7,50.2,55.9,22.4,12.2,23.9,34
2024-07-02,11.4192876815796,22.7696743011475,31.167200088501,-0.0566152893006802,48.7,50.2,55.9,22.4,12.2,23.9,34
2024-07-03,11.5931396484375,23.0038471221924,31.1358699798584,-0.0427796691656113,48.7,50.2,55.9,22.4,12.2,23.9,34
2024-07-04,11.4881753921509,23.2445373535156,31.3454265594482,-0.065263457596302,48.7,50.2,55.9,22.4,12.2,23.9,34
2024-07-05,11.2922563552856,23.3402557373047,31.5020771026611,-0.0527656637132168,48.7,50.2,55.9,22.4,12.2,23.9,34
2024-07-06,11.0544691085815,23.2447071075439,31.6861724853516,-0.0344295427203178,48.7,50.2,55.9,22.4,12.2,23.9,34
2024-07-07,10.9334373474121,23.9499988555908,31.792236328125,-0.0414068698883057,48.7,50.2,55.9,22.4,12.2,23.9,34
2024-07-08,10.942177772522,24.3553943634033,31.7892322540283,-0.0146625926718116,48.7,50.2,55.9,22.4,12.2,23.9,34
2024-07-09,10.6540765762329,24.4443283081055,31.7755126953125,-0.0311164408922195,48.7,50.2,55.9,22.4,12.2,23.9,34
2024-07-10,10.9375267028809,24.9360179901123,31.9072265625,-0.0448947846889496,48.7,50.2,55.9,22.4,12.2,23.9,34
2024-07-11,10.7552995681763,24.8237934112549,32.0633201599121,-0.0890762209892273,48.7,50.2,55.9,22.4,12.2,23.9,34
2024-07-12,10.7265253067017,24.86496925354,32.0717926025391,-0.091765433549881,48.7,50.2,55.9,22.4,12.2,23.9,34
2024-07-13,11.7367324829102,24.7032527923584,32.1317710876465,-0.142707839608192,48.7,50.2,55.9,22.4,12.2,23.9,34
2024-07-14,11.9945335388184,24.6295013427734,32.0631561279297,-0.103795625269413,48.7,50.2,55.9,22.4,12.2,23.9,34
2024-07-15,12.037693977356,24.63791847229,32.056266784668,-0.0283393487334251,48.7,50.2,55.9,22.4,12.2,23.9,34
2024-07-16,12.2787809371948,24.9116230010986,32.0857124328613,-0.0518154464662075,48.7,50.2,55.9,22.4,12.2,23.9,34
2024-07-17,12.1458778381348,24.5984363555908,32.1156578063965,-0.084999792277813,48.7,50.2,55.9,22.4,12.2,23.9,34
2024-07-18,12.041506767273,24.1313190460205,32.2517929077148,-0.12558813393116,48.7,50.2,55.9,22.4,12.2,23.9,34
2024-07-19,11.1026964187622,23.6000747680664,32.287670135498,-0.110491596162319,48.7,50.2,55.9,22.4,12.2,23.9,34
2024-07-20,10.2767448425293,23.9456100463867,32.214672088623,-0.0790934786200523,48.7,50.2,55.9,22.4,12.2,23.9,34
2024-07-21,9.81838703155518,24.213529586792,32.2011451721191,-0.0296287890523672,48.7,50.2,55.9,22.4,12.2,23.9,34
2024-07-22,9.68745136260986,25.0533962249756,32.2819862365723,-0.0791589170694351,48.7,50.2,55.9,22.4,12.2,23.9,34
2024-07-23,9.68559169769287,24.7817859649658,32.3404960632324,-0.0693424269556999,48.7,50.2,55.9,22.4,12.2,23.9,34
2024-07-24,9.58909702301025,24.9282836914062,32.2699203491211,-0.0463435538113117,48.7,50.2,55.9,22.4,12.2,23.9,34
2024-07-25,9.25450038909912,24.6002559661865,32.0447959899902,-0.0369719564914703,48.7,50.2,55.9,22.4,12.2,23.9,34
2024-07-26,9.10268497467041,24.5283107757568,31.886079788208,-0.0421373508870602,48.7,50.2,55.9,22.4,12.2,23.9,34
2024-07-27,8.85047245025635,25.0687637329102,32.2818145751953,0.0204537082463503,48.7,50.2,55.9,22.4,12.2,23.9,34
2024-07-28,9.66742992401123,25.1144542694092,32.1255760192871,0.0199101399630308,48.7,50.2,55.9,22.4,12.2,23.9,34
2024-07-29,9.71854114532471,24.9453029632568,32.0798530578613,0.0410546995699406,48.7,50.2,55.9,22.4,12.2,23.9,34
2024-07-30,9.81582546234131,24.6485824584961,32.144157409668,-0.0358762331306934,48.7,50.2,55.9,22.4,12.2,23.9,34
2024-07-31,11.3541765213013,24.7238464355469,32.0284538269043,-0.0545154251158237,48.7,50.2,55.9,22.4,12.2,23.9,34
2024-08-01,11.426570892334,24.8995800018311,31.9271335601807,-0.062294214963913,48.7,50.2,55.9,22.4,12.2,23.9,34
2024-08-02,11.289605140686,24.952428817749,31.9434604644775,-0.079830139875412,48.7,50.2,55.9,22.4,12.2,23.9,34
2024-08-03,10.6908578872681,24.5855102539062,32.2101860046387,-0.0828952193260193,48.7,50.2,55.9,22.4,12.2,23.9,34
2024-08-04,10.9185495376587,24.2144565582275,32.3292198181152,-0.128229901194572,48.7,50.2,55.9,22.4,12.2,23.9,34
2024-08-05,11.2514638900757,23.8937225341797,32.4775276184082,-0.140048310160637,48.7,50.2,55.9,22.4,12.2,23.9,34
2024-08-06,13.9068565368652,23.7390308380127,32.5065803527832,-0.105524867773056,48.7,50.2,55.9,22.4,12.2,23.9,34
2024-08-07,14.1252403259277,23.7627277374268,32.5063095092773,-0.0442301817238331,48.7,50.2,55.9,22.4,12.2,23.9,34
2024-08-08,13.1756353378296,24.1145095825195,32.2967720031738,0.0538013763725758,48.7,50.2,55.9,22.4,12.2,23.9,34
2024-08-09,14.5416479110718,24.1113758087158,32.1107978820801,0.0392385572195053,48.7,50.2,55.9,22.4,12.2,23.9,34
2024-08-10,14.498574256897,23.1341190338135,32.2497215270996,-0.0468755811452866,48.7,50.2,55.9,22.4,12.2,23.9,34
2024-08-11,14.6670799255371,23.3193588256836,32.2363471984863,-0.051202829927206,48.7,50.2,55.9,22.4,12.2,23.9,34
2024-08-12,9.84022521972656,23.4304637908936,31.3197231292725,-0.0166840869933367,48.7,50.2,55.9,22.4,12.2,23.9,34
2024-08-13,10.108136177063,23.1847820281982,31.2913990020752,-0.0532156974077225,48.7,50.2,55.9,22.4,12.2,23.9,34
2024-08-14,9.86191082000732,22.7262725830078,31.1834850311279,-0.0509430058300495,48.7,50.2,55.9,22.4,12.2,23.9,34
2024-08-15,8.07036876678467,23.1637592315674,31.2682189941406,-0.0438110046088696,48.7,50.2,55.9,22.4,12.2,23.9,34
2024-08-16,7.74959754943848,23.5510349273682,31.2569217681885,-0.000714913010597229,48.7,50.2,55.9,22.4,12.2,23.9,34
2024-08-17,7.78310966491699,23.7945728302002,31.2336959838867,0.0564169585704803,48.7,50.2,55.9,22.4,12.2,23.9,34
2024-08-18,8.92103576660156,23.5664978027344,31.070333480835,0.0659925192594528,48.7,50.2,55.9,22.4,12.2,23.9,34
2024-08-19,9.25351524353027,23.423828125,31.019136428833,0.116337724030018,48.7,50.2,55.9,22.4,12.2,23.9,34
2024-08-20,9.43430614471436,22.8903579711914,30.9573802947998,0.0482418201863766,48.7,50.2,55.9,22.4,12.2,23.9,34
2024-08-21,8.80872344970703,22.0588245391846,30.9722213745117,-0.0101544335484505,48.7,50.2,55.9,22.4,12.2,23.9,34
2024-08-22,8.85064315795898,21.7698135375977,31.0072021484375,-0.0519650541245937,48.7,50.2,55.9,22.4,12.2,23.9,34
2024-08-23,8.91778945922852,21.9456119537354,31.0231914520264,-0.059488445520401,48.7,50.2,55.9,22.4,12.2,23.9,34
2024-08-24,9.37395477294922,22.0691833496094,31.0606861114502,-0.0515860803425312,48.7,50.2,55.9,22.4,12.2,23.9,34
2024-08-25,9.37516117095947,22.4715251922607,31.0739307403564,-0.0525822527706623,48.7,50.2,55.9,22.4,12.2,23.9,34
2024-08-26,9.42054176330566,22.4073276519775,31.0153522491455,-0.0574350841343403,48.7,50.2,55.9,22.4,12.2,23.9,34
2024-08-27,9.11550426483154,22.8487224578857,30.9342041015625,-0.0173982810229063,48.7,50.2,55.9,22.4,12.2,23.9,34
2024-08-28,9.1366777420044,23.074369430542,30.9255428314209,-0.00844251830130816,48.7,50.2,55.9,22.4,12.2,23.9,34
2024-08-29,9.21976184844971,23.2237911224365,30.8636608123779,-0.00964254885911942,48.7,50.2,55.9,22.4,12.2,23.9,34
2024-08-30,9.53738498687744,23.4066772460938,30.9418125152588,0.0380259566009045,48.7,50.2,55.9,22.4,12.2,23.9,34
2024-08-31,9.10246276855469,23.5780582427979,30.8578929901123,0.0357888415455818,48.7,50.2,55.9,22.4,12.2,23.9,34
2024-09-01,8.97018909454346,23.5804653167725,30.8465728759766,0.0330948419868946,48.7,50.2,55.9,22.4,12.2,23.9,34
2024-09-02,9.79320240020752,23.3535537719727,30.8107299804688,0.0137289864942431,48.7,50.2,55.9,22.4,12.2,23.9,34
2024-09-03,10.081503868103,23.1176242828369,31.0045642852783,0.030652454122901,48.7,50.2,55.9,22.4,12.2,23.9,34
2024-09-04,9.95339488983154,22.7058162689209,31.2463073730469,-0.0318084247410297,48.7,50.2,55.9,22.4,12.2,23.9,34
2024-09-05,10.3904666900635,21.9321384429932,31.3811264038086,-0.0082695921882987,48.7,50.2,55.9,22.4,12.2,23.9,34
2024-09-06,10.6912078857422,21.8243656158447,31.476770401001,0.0767715498805046,48.7,50.2,55.9,22.4,12.2,23.9,34
2024-09-07,10.6443510055542,21.7062683105469,31.4105529785156,0.129823550581932,48.7,50.2,55.9,22.4,12.2,23.9,34
2024-09-08,10.2351856231689,21.6386947631836,31.2855434417725,0.112677186727524,48.7,50.2,55.9,22.4,12.2,23.9,34
2024-09-09,9.81979751586914,21.4611587524414,31.3354358673096,-0.0346003584563732,48.7,50.2,55.9,22.4,12.2,23.9,34
2024-09-10,9.37672328948975,21.4627475738525,31.299560546875,-0.0372941941022873,48.7,50.2,55.9,22.4,12.2,23.9,34
2024-09-11,11.0882873535156,21.5846843719482,31.2851810455322,-0.00362207111902535,48.7,50.2,55.9,22.4,12.2,23.9,34
2024-09-12,11.356427192688,21.5159664154053,31.30344581604,-0.00897431746125221,48.7,50.2,55.9,22.4,12.2,23.9,34
2024-09-13,11.7350234985352,21.4426422119141,31.2893962860107,-0.00289086624979973,48.7,50.2,55.9,22.4,12.2,23.9,34
2024-09-14,10.6149473190308,21.4859161376953,31.4152050018311,-0.0214476585388184,48.7,50.2,55.9,22.4,12.2,23.9,34
2024-09-15,10.4886054992676,21.5009307861328,31.468240737915,0.0045393705368042,48.7,50.2,55.9,22.4,12.2,23.9,34
2024-09-16,10.7690534591675,21.34592628479,31.4718399047852,0.0311525147408247,48.7,50.2,55.9,22.4,12.2,23.9,34
2024-09-17,11.9953765869141,21.7971630096436,31.4636535644531,0.0441514067351818,48.7,50.2,55.9,22.4,12.2,23.9,34
2024-09-18,12.1342506408691,21.8085308074951,31.4718799591064,0.146327242255211,48.7,50.2,55.9,22.4,12.2,23.9,34
2024-09-19,12.2167806625366,21.5682392120361,31.7396869659424,0.199575066566467,48.7,50.2,55.9,22.4,12.2,23.9,34
2024-09-20,13.2908735275269,21.6086654663086,32.1066017150879,0.199706628918648,48.7,50.2,55.9,22.4,12.2,23.9,34
2024-09-21,13.906210899353,21.6076374053955,32.6107902526855,0.28528019785881,48.7,50.2,55.9,22.4,12.2,23.9,34
2024-09-22,14.2139625549316,21.5355205535889,32.7872352600098,0.263480097055435,48.7,50.2,55.9,22.4,12.2,23.9,34
2024-09-23,13.3190698623657,21.8831787109375,32.9003143310547,0.284836739301682,48.7,50.2,55.9,22.4,12.2,23.9,34
2024-09-24,13.7458343505859,20.9329166412354,32.753101348877,0.265452176332474,48.7,50.2,55.9,22.4,12.2,23.9,34
2024-09-25,14.809645652771,20.2789325714111,32.5435447692871,0.22868587076664,48.7,50.2,55.9,22.4,12.2,23.9,34
2024-09-26,16.2829856872559,20.8549709320068,32.495246887207,0.197809338569641,48.7,50.2,55.9,22.4,12.2,23.9,34
2024-09-27,16.0810298919678,21.473424911499,32.6026496887207,0.182766541838646,48.7,50.2,55.9,22.4,12.2,23.9,34
2024-09-28,16.3337955474854,21.6552124023438,32.5671730041504,0.208921983838081,48.7,50.2,55.9,22.4,12.2,23.9,34
2024-09-29,16.3662338256836,21.5870189666748,32.2406883239746,0.221531569957733,48.7,50.2,55.9,22.4,12.2,23.9,34
2024-09-30,16.3262538909912,21.4469966888428,32.2214622497559,0.201689764857292,48.7,50.2,55.9,22.4,12.2,23.9,34
2024-10-01,17.2517604827881,21.1761264801025,32.3935203552246,0.233102723956108,48.7,50.2,55.9,22.4,12.2,23.9,34
2024-10-02,17.6000652313232,21.1811962127686,32.7249717712402,0.275387525558472,48.7,50.2,55.9,22.4,12.2,23.9,34
2024-10-03,17.6682434082031,21.2112693786621,33.0782318115234,0.179332390427589,48.7,50.2,55.9,22.4,12.2,23.9,34
2024-10-04,17.4287929534912,21.1511135101318,33.0997047424316,0.100421160459518,48.7,50.2,55.9,22.4,12.2,23.9,34
2024-10-05,16.6647472381592,20.8355731964111,32.8965110778809,0.0920287892222404,48.7,50.2,55.9,22.4,12.2,23.9,34
2024-10-06,16.6527690887451,20.8180370330811,32.8667678833008,0.112522833049297,48.7,50.2,55.9,22.4,12.2,23.9,34
2024-10-07,16.4612522125244,20.6794605255127,32.6399192810059,0.146360471844673,48.7,50.2,55.9,22.4,12.2,23.9,34
2024-10-08,16.4146251678467,20.4751510620117,32.6685752868652,0.147591114044189,48.7,50.2,55.9,22.4,12.2,23.9,34
2024-10-09,16.4014263153076,20.3904781341553,32.6772422790527,0.104675330221653,48.7,50.2,55.9,22.4,12.2,23.9,34
2024-10-10,16.4002380371094,20.2099170684814,32.7479019165039,0.119251362979412,48.7,50.2,55.9,22.4,12.2,23.9,34
2024-10-11,16.73069190979,20.0607395172119,32.788143157959,0.05199159309268,48.7,50.2,55.9,22.4,12.2,23.9,34
2024-10-12,16.4273471832275,19.8802070617676,32.6852264404297,-0.0391994528472424,48.7,50.2,55.9,22.4,12.2,23.9,34
2024-10-13,14.9601850509644,20.0243434906006,32.6298637390137,-0.0384253598749638,48.7,50.2,55.9,22.4,12.2,23.9,34
2024-10-14,13.4079360961914,19.9828281402588,32.2284355163574,-0.0177111811935902,48.7,50.2,55.9,22.4,12.2,23.9,34
2024-10-15,12.7050561904907,19.4843654632568,32.5194549560547,-0.0434006117284298,48.7,50.2,55.9,22.4,12.2,23.9,34
2024-10-16,12.7153434753418,19.1003398895264,32.721866607666,-0.0969199538230896,48.7,50.2,55.9,22.4,12.2,23.9,34
2024-10-17,12.9303636550903,18.8793792724609,32.9758758544922,-0.115200154483318,48.7,50.2,55.9,22.4,12.2,23.9,34
2024-10-18,15.0049743652344,18.6013889312744,32.9867897033691,0.0169859807938337,48.7,50.2,55.9,22.4,12.2,23.9,34
2024-10-19,16.2029705047607,18.4153480529785,32.7878303527832,0.00173203239683062,48.7,50.2,55.9,22.4,12.2,23.9,34
2024-10-20,16.8717002868652,18.2643756866455,32.7834854125977,-0.0476935096085072,48.7,50.2,55.9,22.4,12.2,23.9,34
2024-10-21,16.706205368042,18.2461280822754,32.8161506652832,-0.079188160598278,48.7,50.2,55.9,22.4,12.2,23.9,34
2024-10-22,16.5733394622803,18.3401966094971,32.7894706726074,-0.0562005341053009,48.7,50.2,55.9,22.4,12.2,23.9,34
2024-10-23,16.8519134521484,18.3698348999023,32.6040382385254,0.0128422128036618,48.7,50.2,55.9,22.4,12.2,23.9,34
2024-10-24,16.905345916748,18.3360233306885,32.4984016418457,0.0743514224886894,48.7,50.2,55.9,22.4,12.2,23.9,34
2024-10-25,16.9144248962402,18.0867900848389,32.4411277770996,0.0481379926204681,48.7,50.2,55.9,22.4,12.2,23.9,34
2024-10-26,15.826132774353,17.8969612121582,32.3440971374512,-0.00430086441338062,48.7,50.2,55.9,22.4,12.2,23.9,34
2024-10-27,15.885048866272,17.5462131500244,32.5280799865723,-0.0568276196718216,48.7,50.2,55.9,22.4,12.2,23.9,34
2024-10-28,15.6907606124878,17.3965435028076,32.7051467895508,-0.117518335580826,48.7,50.2,55.9,22.4,12.2,23.9,34
2024-10-29,15.6507520675659,17.5865421295166,32.877384185791,-0.0818033218383789,48.7,50.2,55.9,22.4,12.2,23.9,34
2024-10-30,15.6615896224976,17.5926761627197,32.8137245178223,-0.058283131569624,48.7,50.2,55.9,22.4,12.2,23.9,34
2024-10-31,15.5744161605835,17.6767978668213,32.4898414611816,-0.115885503590107,48.7,50.2,55.9,22.4,12.2,23.9,34
2024-11-01,16.2562389373779,17.8714828491211,32.3130950927734,-0.132551297545433,48.7,50.2,55.9,22.4,12.2,23.9,34
2024-11-02,16.3607501983643,17.8819408416748,32.1996650695801,-0.125490948557854,48.7,50.2,55.9,22.4,12.2,23.9,34
2024-11-03,16.3797454833984,17.5926265716553,32.4058151245117,-0.0551987327635288,48.7,50.2,55.9,22.4,12.2,23.9,34
2024-11-04,16.6185512542725,17.5835666656494,32.5779228210449,-0.0372206307947636,48.7,50.2,55.9,22.4,12.2,23.9,34
2024-11-05,16.6420249938965,17.6108703613281,32.5624618530273,-0.0659701749682426,48.7,50.2,55.9,22.4,12.2,23.9,34
2024-11-06,16.5486698150635,17.6861419677734,32.504264831543,-0.0888189077377319,48.7,50.2,55.9,22.4,12.2,23.9,34
2024-11-07,16.7294654846191,17.8583126068115,32.4363975524902,-0.0962905511260033,48.7,50.2,55.9,22.4,12.2,23.9,34
2024-11-08,16.6152858734131,17.8809642791748,32.4558181762695,0.0115095302462578,48.7,50.2,55.9,22.4,12.2,23.9,34
2024-11-09,16.5867900848389,17.6868648529053,32.696964263916,-0.0527175180613995,48.7,50.2,55.9,22.4,12.2,23.9,34
2024-11-10,16.4960193634033,17.1648120880127,32.8385314941406,-0.0535283535718918,48.7,50.2,55.9,22.4,12.2,23.9,34
2024-11-11,16.4979476928711,17.1281108856201,32.8056411743164,-0.0118148000910878,48.7,50.2,55.9,22.4,12.2,23.9,34
2024-11-12,16.3240184783936,17.0950241088867,32.8174896240234,-0.0580490231513977,48.7,50.2,55.9,22.4,12.2,23.9,34
2024-11-13,16.859582901001,17.1226978302002,32.9207191467285,0.0290982332080603,48.7,50.2,55.9,22.4,12.2,23.9,34
2024-11-14,17.0036296844482,16.8847408294678,32.8074035644531,0.136765822768211,48.7,50.2,55.9,22.4,12.2,23.9,34
2024-11-15,16.9814186096191,16.5877246856689,32.6307106018066,0.209467694163322,48.7,50.2,55.9,22.4,12.2,23.9,34
2024-11-16,16.8556041717529,16.4148120880127,32.6067237854004,0.186823144555092,48.7,50.2,55.9,22.4,12.2,23.9,34
2024-11-17,16.3853206634521,16.3362865447998,32.6189155578613,0.0622870326042175,48.7,50.2,55.9,22.4,12.2,23.9,34
2024-11-18,16.4395160675049,16.2956409454346,32.7071495056152,0.0628312900662422,48.7,50.2,55.9,22.4,12.2,23.9,34
2024-11-19,16.1312007904053,16.015172958374,32.938060760498,0.0863766744732857,48.7,50.2,55.9,22.4,12.2,23.9,34
2024-11-20,16.1136074066162,16.0289440155029,32.9386405944824,0.101303368806839,48.7,50.2,55.9,22.4,12.2,23.9,34
2024-11-21,16.1011829376221,15.9110994338989,32.8657722473145,0.184812441468239,48.7,50.2,55.9,22.4,12.2,23.9,34
2024-11-22,15.3463430404663,15.7142992019653,32.8880653381348,0.132606565952301,48.7,50.2,55.9,22.4,12.2,23.9,34
2024-11-23,15.5830764770508,15.3141469955444,32.8475189208984,0.0645273774862289,48.7,50.2,55.9,22.4,12.2,23.9,34
2024-11-24,15.6173973083496,15.0890731811523,32.9534530639648,-0.150160580873489,48.7,50.2,55.9,22.4,12.2,23.9,34
2024-11-25,15.6761932373047,15.0769853591919,32.8704261779785,-0.249282523989677,48.7,50.2,55.9,22.4,12.2,23.9,34
2024-11-26,15.9460487365723,14.8887929916382,32.7899055480957,-0.140715688467026,48.7,50.2,55.9,22.4,12.2,23.9,34
2024-11-27,15.8640012741089,14.9671869277954,32.9494132995605,-0.0331908501684666,48.7,50.2,55.9,22.4,12.2,23.9,34
2024-11-28,15.631329536438,15.174729347229,33.035774230957,0.0364952683448792,48.7,50.2,55.9,22.4,12.2,23.9,34
2024-11-29,15.7676162719727,15.0043382644653,33.0710296630859,-0.0629066452383995,48.7,50.2,55.9,22.4,12.2,23.9,34
2024-11-30,15.8015279769897,14.7264280319214,33.1340026855469,-0.123551659286022,48.7,50.2,55.9,22.4,12.2,23.9,34
2024-12-01,15.4781770706177,14.6356010437012,33.3076667785645,-0.165043830871582,48.7,50.2,55.9,22.4,12.2,23.9,34
2024-12-02,15.0810775756836,14.3847246170044,33.3231239318848,-0.199636399745941,48.7,50.2,55.9,22.4,12.2,23.9,34
2024-12-03,15.138988494873,14.1242551803589,33.3452415466309,-0.157274499535561,48.7,50.2,55.9,22.4,12.2,23.9,34
2024-12-04,14.4650421142578,14.152606010437,33.4704513549805,-0.16631056368351,48.7,50.2,55.9,22.4,12.2,23.9,34
2024-12-05,14.1536073684692,13.7976884841919,33.4923515319824,-0.277461498975754,48.7,50.2,55.9,22.4,12.2,23.9,34
2024-12-06,13.9419927597046,13.2481927871704,33.6629066467285,-0.367284268140793,48.7,50.2,55.9,22.4,12.2,23.9,34
2024-12-07,13.6808042526245,13.0290946960449,33.7256126403809,-0.262493073940277,48.7,50.2,55.9,22.4,12.2,23.9,34
2024-12-08,13.7092885971069,12.739387512207,33.6968193054199,-0.221201717853546,48.7,50.2,55.9,22.4,12.2,23.9,34
2024-12-09,13.6635780334473,12.4060974121094,33.3979072570801,-0.190770044922829,48.7,50.2,55.9,22.4,12.2,23.9,34
2024-12-10,13.3538198471069,12.840521812439,33.6849937438965,-0.11716303229332,48.7,50.2,55.9,22.4,12.2,23.9,34
2024-12-11,13.3620290756226,12.983642578125,33.7230110168457,0.00276232627220452,48.7,50.2,55.9,22.4,12.2,23.9,34
2024-12-12,13.328971862793,12.6430578231812,33.6452980041504,-0.223643288016319,48.7,50.2,55.9,22.4,12.2,23.9,34
2024-12-13,13.5473289489746,12.4485816955566,33.6732902526855,-0.422409176826477,48.7,50.2,55.9,22.4,12.2,23.9,34
2024-12-14,13.5219306945801,12.3833322525024,33.7325325012207,-0.352274984121323,48.7,50.2,55.9,22.4,12.2,23.9,34
2024-12-15,13.3897514343262,12.5736436843872,33.826000213623,-0.317975491285324,48.7,50.2,55.9,22.4,12.2,23.9,34
2024-12-16,12.9169645309448,12.7040672302246,33.8741149902344,-0.202738389372826,48.7,50.2,55.9,22.4,12.2,23.9,34
2024-12-17,12.9440841674805,12.6582984924316,33.8048553466797,-0.20623517036438,48.7,50.2,55.9,22.4,12.2,23.9,34
2024-12-18,12.9782562255859,12.5935668945312,33.7910614013672,-0.232955679297447,48.7,50.2,55.9,22.4,12.2,23.9,34
2024-12-19,12.8736181259155,12.5271425247192,33.8520088195801,-0.156818449497223,48.7,50.2,55.9,22.4,12.2,23.9,34
2024-12-20,12.7479906082153,12.5208864212036,33.8964920043945,-0.0572847984731197,48.7,50.2,55.9,22.4,12.2,23.9,34
2024-12-21,12.572585105896,12.3775024414062,33.8153038024902,0.024148166179657,48.7,50.2,55.9,22.4,12.2,23.9,34
2024-12-22,11.5908079147339,11.5233001708984,33.7388572692871,-0.122059993445873,48.7,50.2,55.9,22.4,12.2,23.9,34
2024-12-23,11.3751573562622,11.3366270065308,33.7494926452637,-0.277093380689621,48.7,50.2,55.9,22.4,12.2,23.9,34
2024-12-24,11.3516387939453,11.3154296875,33.7741470336914,-0.247071072459221,48.7,50.2,55.9,22.4,12.2,23.9,34
2024-12-25,11.1004285812378,11.0686874389648,33.83203125,-0.229573979973793,48.7,50.2,55.9,22.4,12.2,23.9,34
2024-12-26,10.9136056900024,10.8880624771118,33.8053817749023,-0.155735686421394,48.7,50.2,55.9,22.4,12.2,23.9,34
2024-12-27,10.8614912033081,10.8703050613403,33.7720336914062,-0.115969568490982,48.7,50.2,55.9,22.4,12.2,23.9,34
2024-12-28,10.7852249145508,10.7991151809692,33.7662582397461,-0.144412621855736,48.7,50.2,55.9,22.4,12.2,23.9,34
2024-12-29,10.8234395980835,10.840916633606,33.7600212097168,-0.128683045506477,48.7,50.2,55.9,22.4,12.2,23.9,34
2024-12-30,10.9163551330566,10.9085626602173,33.7764434814453,-0.0283219311386347,48.7,50.2,55.9,22.4,12.2,23.9,34
2024-12-31,11.0539398193359,10.9248676300049,33.7985649108887,0.291842699050903,48.7,50.2,55.9,22.4,12.2,23.9,34
