date,bottom_temp,sst,sss,stratification,zeta,dist_shore_km,dist_OC_km,dist_200m_km,dist_MO_km,dist_RTWB_km,dist_NB_km,depth_m,datetime,daily_occurrence,site,device_type
11/3/14,16.4925499,16.43383789,32.90654755,-0.002446334,-0.110582888,21.4,23.1,83.3,5.3,16.3,13.5,24,11/3/14,0,A2M,Archival
11/4/14,16.02432823,15.92700291,32.55921555,-0.004055222,-0.356263012,21.4,23.1,83.3,5.3,16.3,13.5,24,11/4/14,0,A2M,Archival
11/5/14,16.32988548,15.80409908,32.3469429,-0.021907767,-0.205422685,21.4,23.1,83.3,5.3,16.3,13.5,24,11/5/14,0,A2M,Archival
11/6/14,16.34029961,15.7760725,32.29893112,-0.023509463,-0.076590754,21.4,23.1,83.3,5.3,16.3,13.5,24,11/6/14,0,A2M,Archival
11/7/14,16.45645714,15.6833868,32.33805466,-0.032211264,-0.129388049,21.4,23.1,83.3,5.3,16.3,13.5,24,11/7/14,0,A2M,Archival
11/8/14,15.63700485,15.52437592,32.58738327,-0.004692872,-0.225771546,21.4,23.1,83.3,5.3,16.3,13.5,24,11/8/14,0,A2M,Archival
11/9/14,15.28074741,15.20081234,32.53186417,-0.003330628,-0.200505435,21.4,23.1,83.3,5.3,16.3,13.5,24,11/9/14,0,A2M,Archival
11/10/14,15.25925732,15.20026493,32.53087234,-0.002458016,-0.148500368,21.4,23.1,83.3,5.3,16.3,13.5,24,11/10/14,0,A2M,Archival
11/11/14,15.24327087,15.24630356,32.55493546,0.000126362,-0.03768849,21.4,23.1,83.3,5.3,16.3,13.5,24,11/11/14,0,A2M,Archival
11/12/14,14.8901968,15.07221222,32.47682571,0.007583976,-0.012938271,21.4,23.1,83.3,5.3,16.3,13.5,24,11/12/14,0,A2M,Archival
11/13/14,14.84725094,14.79335499,32.51567078,-0.002245665,-0.021058714,21.4,23.1,83.3,5.3,16.3,13.5,24,11/13/14,0,A2M,Archival
11/14/14,14.77358913,14.73119736,32.68873215,-0.001766324,-0.047414288,21.4,23.1,83.3,5.3,16.3,13.5,24,11/14/14,0,A2M,Archival
11/15/14,14.27637005,14.22855282,32.84965897,-0.001992385,-0.188916042,21.4,23.1,83.3,5.3,16.3,13.5,24,11/15/14,0,A2M,Archival
11/16/14,14.07507992,14.02302551,32.86891174,-0.002168934,-0.195796788,21.4,23.1,83.3,5.3,16.3,13.5,24,11/16/14,1,A2M,Archival
11/17/14,14.05742931,13.95228863,32.85571289,-0.004380862,-0.03236581,21.4,23.1,83.3,5.3,16.3,13.5,24,11/17/14,0,A2M,Archival
11/18/14,13.87953472,13.81498623,32.80046463,-0.002689521,-0.24056232,21.4,23.1,83.3,5.3,16.3,13.5,24,11/18/14,0,A2M,Archival
11/19/14,12.92495251,12.86138153,32.62042999,-0.002648791,-0.460240334,21.4,23.1,83.3,5.3,16.3,13.5,24,11/19/14,0,A2M,Archival
11/20/14,12.75076008,12.71579742,32.69365311,-0.001456777,-0.326896489,21.4,23.1,83.3,5.3,16.3,13.5,24,11/20/14,0,A2M,Archival
11/21/14,12.32106495,12.29723835,32.670681,-0.000992775,-0.370037794,21.4,23.1,83.3,5.3,16.3,13.5,24,11/21/14,1,A2M,Archival
11/22/14,12.01072216,11.96282673,32.7273674,-0.001995643,-0.28600046,21.4,23.1,83.3,5.3,16.3,13.5,24,11/22/14,0,A2M,Archival
11/23/14,11.62566376,11.59489059,32.6627388,-0.001282215,-0.341394216,21.4,23.1,83.3,5.3,16.3,13.5,24,11/23/14,0,A2M,Archival
11/24/14,11.82083988,11.85510921,32.75384521,0.001427889,-0.079126649,21.4,23.1,83.3,5.3,16.3,13.5,24,11/24/14,0,A2M,Archival
11/25/14,12.48041916,11.81202984,32.66988373,-0.027849555,-0.081903458,21.4,23.1,83.3,5.3,16.3,13.5,24,11/25/14,1,A2M,Archival
11/26/14,12.4050951,11.80388165,32.69384384,-0.025050561,0.049722876,21.4,23.1,83.3,5.3,16.3,13.5,24,11/26/14,1,A2M,Archival
11/27/14,12.63719559,12.56090927,32.64952087,-0.003178596,0.094523512,21.4,23.1,83.3,5.3,16.3,13.5,24,11/27/14,0,A2M,Archival
11/28/14,12.2303648,12.16676044,32.57269669,-0.002650181,-0.139544204,21.4,23.1,83.3,5.3,16.3,13.5,24,11/28/14,0,A2M,Archival
11/29/14,11.88003063,11.81094074,32.54992294,-0.002878745,-0.119042434,21.4,23.1,83.3,5.3,16.3,13.5,24,11/29/14,0,A2M,Archival
11/30/14,12.23011208,11.92028713,32.59485245,-0.012909373,-0.599330544,21.4,23.1,83.3,5.3,16.3,13.5,24,11/30/14,0,A2M,Archival
12/1/14,12.17416,10.706604,32.45827866,-0.061148167,-0.160110161,21.4,23.1,83.3,5.3,16.3,13.5,24,12/1/14,1,A2M,Archival
12/2/14,11.73861313,10.9911623,32.63151932,-0.031143785,-0.079089634,21.4,23.1,83.3,5.3,16.3,13.5,24,12/2/14,0,A2M,Archival
12/3/14,11.74658966,11.69361591,32.79713058,-0.002207239,0.029161507,21.4,23.1,83.3,5.3,16.3,13.5,24,12/3/14,1,A2M,Archival
12/4/14,11.55383205,11.37957764,32.6469841,-0.007260601,-0.199337527,21.4,23.1,83.3,5.3,16.3,13.5,24,12/4/14,1,A2M,Archival
12/5/14,11.33845997,11.32437897,32.65818787,-0.000586708,-0.12811631,21.4,23.1,83.3,5.3,16.3,13.5,24,12/5/14,0,A2M,Archival
12/6/14,10.91016102,11.16014481,32.66716766,0.010415991,0.047938883,21.4,23.1,83.3,5.3,16.3,13.5,24,12/6/14,0,A2M,Archival
12/7/14,11.02572727,10.90809345,32.6506691,-0.004901409,0.088670611,21.4,23.1,83.3,5.3,16.3,13.5,24,12/7/14,1,A2M,Archival
12/8/14,10.76690006,10.75285435,32.90098953,-0.000585238,0.30728063,21.4,23.1,83.3,5.3,16.3,13.5,24,12/8/14,1,A2M,Archival
12/9/14,10.46155071,10.46627045,32.78046417,0.000196656,0.501197636,21.4,23.1,83.3,5.3,16.3,13.5,24,12/9/14,0,A2M,Archival
12/10/14,10.06611538,10.01855183,32.6041832,-0.001981815,0.125669912,21.4,23.1,83.3,5.3,16.3,13.5,24,12/10/14,0,A2M,Archival
12/11/14,9.716723442,9.489689827,32.41358566,-0.009459734,-0.150712222,21.4,23.1,83.3,5.3,16.3,13.5,24,12/11/14,0,A2M,Archival
12/12/14,9.258767128,8.335939407,31.94328308,-0.038451155,-0.208684444,21.4,23.1,83.3,5.3,16.3,13.5,24,12/12/14,1,A2M,Archival
12/13/14,9.055390358,8.284562111,32.0127182,-0.032117844,-0.134330824,21.4,23.1,83.3,5.3,16.3,13.5,24,12/13/14,1,A2M,Archival
12/14/14,8.749025345,8.229460716,32.08140945,-0.021648526,-0.108108938,21.4,23.1,83.3,5.3,16.3,13.5,24,12/14/14,1,A2M,Archival
12/15/14,8.623585701,8.454828262,32.39656448,-0.00703156,-0.165634453,21.4,23.1,83.3,5.3,16.3,13.5,24,12/15/14,0,A2M,Archival
12/16/14,8.811715126,7.744379044,31.76911926,-0.044472337,-0.078859374,21.4,23.1,83.3,5.3,16.3,13.5,24,12/16/14,0,A2M,Archival
12/17/14,8.978931427,7.438848972,31.10185432,-0.064170102,-0.067565642,21.4,23.1,83.3,5.3,16.3,13.5,24,12/17/14,0,A2M,Archival
12/18/14,9.002141953,8.073124886,31.17064476,-0.038709044,-0.232226908,21.4,23.1,83.3,5.3,16.3,13.5,24,12/18/14,0,A2M,Archival
12/19/14,9.244888306,7.837533474,31.42285347,-0.058639785,-0.268987805,21.4,23.1,83.3,5.3,16.3,13.5,24,12/19/14,0,A2M,Archival
12/20/14,9.332486153,7.969879627,31.72700691,-0.056775272,-0.252844006,21.4,23.1,83.3,5.3,16.3,13.5,24,12/20/14,0,A2M,Archival
12/21/14,9.568483353,7.83300972,31.79074097,-0.072311401,-0.212449476,21.4,23.1,83.3,5.3,16.3,13.5,24,12/21/14,0,A2M,Archival
12/22/14,9.368339539,7.795322418,31.812006,-0.06554238,-0.189550281,21.4,23.1,83.3,5.3,16.3,13.5,24,12/22/14,0,A2M,Archival
12/23/14,9.070614815,8.152918816,31.87101555,-0.038237333,-0.047965232,21.4,23.1,83.3,5.3,16.3,13.5,24,12/23/14,1,A2M,Archival
12/24/14,8.150471687,8.326952934,31.88394928,0.007353385,-0.028811624,21.4,23.1,83.3,5.3,16.3,13.5,24,12/24/14,1,A2M,Archival
12/25/14,8.312094688,7.907812595,31.21440697,-0.016845087,-0.157487929,21.4,23.1,83.3,5.3,16.3,13.5,24,12/25/14,1,A2M,Archival
12/26/14,8.207554817,7.759672165,31.12458229,-0.018661777,-0.380897969,21.4,23.1,83.3,5.3,16.3,13.5,24,12/26/14,1,A2M,Archival
12/27/14,8.227033615,7.396219254,31.03432274,-0.034617265,-0.309574336,21.4,23.1,83.3,5.3,16.3,13.5,24,12/27/14,1,A2M,Archival
12/28/14,8.384654045,7.33138895,30.98380089,-0.043886046,-0.21385543,21.4,23.1,83.3,5.3,16.3,13.5,24,12/28/14,0,A2M,Archival
12/29/14,8.493309021,7.551199436,30.99225044,-0.039254566,-0.209731936,21.4,23.1,83.3,5.3,16.3,13.5,24,12/29/14,1,A2M,Archival
12/30/14,8.775434494,8.289767265,31.42672539,-0.020236135,-0.168229163,21.4,23.1,83.3,5.3,16.3,13.5,24,12/30/14,1,A2M,Archival
12/31/14,8.705228806,8.405553818,31.71736336,-0.012486458,-0.588873565,21.4,23.1,83.3,5.3,16.3,13.5,24,12/31/14,0,A2M,Archival
1/1/15,8.888795853,7.702716827,31.42320251,-0.049419959,-0.283611268,21.4,23.1,83.3,5.3,16.3,13.5,24,1/1/15,0,A2M,Archival
1/2/15,8.718148232,7.019706249,31.03174591,-0.070768416,-0.45541501,21.4,23.1,83.3,5.3,16.3,13.5,24,1/2/15,0,A2M,Archival
1/3/15,8.642323494,7.081113338,31.34606171,-0.065050423,-0.359774917,21.4,23.1,83.3,5.3,16.3,13.5,24,1/3/15,0,A2M,Archival
1/4/15,8.851614952,7.376598358,31.51552773,-0.061459025,-0.177098751,21.4,23.1,83.3,5.3,16.3,13.5,24,1/4/15,0,A2M,Archival
1/5/15,9.075302124,7.755336761,31.94635963,-0.054998557,-0.458118826,21.4,23.1,83.3,5.3,16.3,13.5,24,1/5/15,0,A2M,Archival
1/6/15,9.055640221,7.877408504,32.19408798,-0.049092988,-0.470445663,21.4,23.1,83.3,5.3,16.3,13.5,24,1/6/15,0,A2M,Archival
1/7/15,9.057929039,7.706859112,32.21216202,-0.05629458,-0.405506164,21.4,23.1,83.3,5.3,16.3,13.5,24,1/7/15,0,A2M,Archival
1/8/15,7.248227596,6.725749969,32.52329636,-0.021769901,-0.494720608,21.4,23.1,83.3,5.3,16.3,13.5,24,1/8/15,0,A2M,Archival
1/9/15,6.335152149,6.273834705,32.50553894,-0.002554893,-0.483511716,21.4,23.1,83.3,5.3,16.3,13.5,24,1/9/15,0,A2M,Archival
1/10/15,6.462524891,6.370258808,32.59634018,-0.00384442,-0.579429567,21.4,23.1,83.3,5.3,16.3,13.5,24,1/10/15,0,A2M,Archival
1/11/15,5.253763676,5.024240017,32.4848938,-0.009563486,-0.489806533,21.4,23.1,83.3,5.3,16.3,13.5,24,1/11/15,0,A2M,Archival
1/12/15,5.522773743,5.09840107,32.48114777,-0.017682195,-0.337242991,21.4,23.1,83.3,5.3,16.3,13.5,24,1/12/15,0,A2M,Archival
1/13/15,5.584529877,5.157898426,32.46513748,-0.01777631,-0.319049925,21.4,23.1,83.3,5.3,16.3,13.5,24,1/13/15,0,A2M,Archival
1/14/15,6.726593018,6.711004257,32.73028946,-0.000649532,-0.082320757,21.4,23.1,83.3,5.3,16.3,13.5,24,1/14/15,0,A2M,Archival
1/15/15,6.087212086,6.074514389,32.44827271,-0.000529071,-0.128020093,21.4,23.1,83.3,5.3,16.3,13.5,24,1/15/15,1,A2M,Archival
1/16/15,6.190900803,5.296208858,31.99127007,-0.037278831,-0.326228827,21.4,23.1,83.3,5.3,16.3,13.5,24,1/16/15,0,A2M,Archival
1/17/15,6.403542995,5.430990219,31.84929657,-0.040523032,-0.404647976,21.4,23.1,83.3,5.3,16.3,13.5,24,1/17/15,1,A2M,Archival
1/18/15,6.663190365,5.253205776,31.73014259,-0.058749358,-0.236529827,21.4,23.1,83.3,5.3,16.3,13.5,24,1/18/15,1,A2M,Archival
1/19/15,6.921973705,5.06259203,31.47964287,-0.077474236,-0.289076746,21.4,23.1,83.3,5.3,16.3,13.5,24,1/19/15,0,A2M,Archival
1/20/15,6.438997746,4.676812172,31.57740974,-0.073424399,-0.352308124,21.4,23.1,83.3,5.3,16.3,13.5,24,1/20/15,1,A2M,Archival
1/21/15,6.149303436,4.991802216,31.82202148,-0.048229218,-0.32648775,21.4,23.1,83.3,5.3,16.3,13.5,24,1/21/15,1,A2M,Archival
1/22/15,6.062145233,5.452448368,32.27196121,-0.025404036,-0.278356165,21.4,23.1,83.3,5.3,16.3,13.5,24,1/22/15,1,A2M,Archival
1/23/15,6.042144299,5.785772324,32.22063446,-0.010682166,-0.238059938,21.4,23.1,83.3,5.3,16.3,13.5,24,1/23/15,1,A2M,Archival
1/24/15,5.945291042,5.855687618,32.26603317,-0.003733476,-0.047656178,21.4,23.1,83.3,5.3,16.3,13.5,24,1/24/15,1,A2M,Archival
1/25/15,6.106948853,5.419267178,32.13844681,-0.028653403,-0.271255195,21.4,23.1,83.3,5.3,16.3,13.5,24,1/25/15,0,A2M,Archival
1/26/15,5.68274498,4.531405926,31.60725403,-0.047972461,-0.007433275,21.4,23.1,83.3,5.3,16.3,13.5,24,1/26/15,1,A2M,Archival
1/27/15,5.131607533,5.107966423,32.47993088,-0.000985046,0.274413139,21.4,23.1,83.3,5.3,16.3,13.5,24,1/27/15,0,A2M,Archival
1/28/15,4.645436764,4.597482204,32.59155655,-0.001998107,-0.011347927,21.4,23.1,83.3,5.3,16.3,13.5,24,1/28/15,0,A2M,Archival
1/29/15,4.231934547,4.043807983,32.50722122,-0.007838607,-0.19185096,21.4,23.1,83.3,5.3,16.3,13.5,24,1/29/15,1,A2M,Archival
1/30/15,4.553076267,3.578696489,31.76076698,-0.040599157,-0.153263316,21.4,23.1,83.3,5.3,16.3,13.5,24,1/30/15,0,A2M,Archival
1/31/15,4.033964634,3.774843454,32.39351273,-0.010796716,-0.400499105,21.4,23.1,83.3,5.3,16.3,13.5,24,1/31/15,0,A2M,Archival
2/1/15,3.884947777,3.371398211,32.0777092,-0.021397899,-0.328339279,21.4,23.1,83.3,5.3,16.3,13.5,24,2/1/15,0,A2M,Archival
2/2/15,4.381896496,3.217849493,31.68109703,-0.048501958,-0.145303607,21.4,23.1,83.3,5.3,16.3,13.5,24,2/2/15,1,A2M,Archival
2/3/15,4.235535145,3.651288033,32.19594193,-0.02434363,-0.401223987,21.4,23.1,83.3,5.3,16.3,13.5,24,2/3/15,0,A2M,Archival
2/4/15,3.445123434,3.93683815,32.22842789,0.020488113,-0.354434878,21.4,23.1,83.3,5.3,16.3,13.5,24,2/4/15,0,A2M,Archival
2/5/15,4.066011906,3.415090561,31.76343536,-0.027121723,-0.302342862,21.4,23.1,83.3,5.3,16.3,13.5,24,2/5/15,1,A2M,Archival
2/6/15,4.058386326,3.853657961,32.70685577,-0.008530349,-0.380172104,21.4,23.1,83.3,5.3,16.3,13.5,24,2/6/15,1,A2M,Archival
2/7/15,4.117304325,3.116049767,32.16700363,-0.04171894,-0.365992904,21.4,23.1,83.3,5.3,16.3,13.5,24,2/7/15,1,A2M,Archival
2/8/15,4.303992748,3.087372065,31.99711418,-0.050692528,-0.174033642,21.4,23.1,83.3,5.3,16.3,13.5,24,2/8/15,1,A2M,Archival
2/9/15,4.301859379,3.353339911,32.08095932,-0.039521645,0.025499115,21.4,23.1,83.3,5.3,16.3,13.5,24,2/9/15,0,A2M,Archival
2/10/15,2.778069735,2.773556471,32.66698456,-0.000188053,0.213167146,21.4,23.1,83.3,5.3,16.3,13.5,24,2/10/15,0,A2M,Archival
2/11/15,2.905186653,2.900257349,32.94037628,-0.000205388,0.217396483,21.4,23.1,83.3,5.3,16.3,13.5,24,2/11/15,0,A2M,Archival
2/12/15,3.114911795,2.790849924,32.7889328,-0.013502578,0.073680826,21.4,23.1,83.3,5.3,16.3,13.5,24,2/12/15,0,A2M,Archival
2/13/15,3.083199739,2.711965561,32.60567856,-0.015468091,-0.194525301,21.4,23.1,83.3,5.3,16.3,13.5,24,2/13/15,0,A2M,Archival
2/14/15,2.97879982,2.432417154,32.55758286,-0.022765944,-0.114476226,21.4,23.1,83.3,5.3,16.3,13.5,24,2/14/15,0,A2M,Archival
2/15/15,3.108803749,2.633969307,32.65281296,-0.019784768,-0.279269248,21.4,23.1,83.3,5.3,16.3,13.5,24,2/15/15,0,A2M,Archival
2/16/15,1.873573899,1.811011434,32.79728317,-0.002606769,-0.397259623,21.4,23.1,83.3,5.3,16.3,13.5,24,2/16/15,1,A2M,Archival
2/17/15,1.621559978,1.155951142,32.51057434,-0.019400368,-0.239434168,21.4,23.1,83.3,5.3,16.3,13.5,24,2/17/15,1,A2M,Archival
2/18/15,1.692340374,1.33144033,32.66358566,-0.015037502,-0.119976819,21.4,23.1,83.3,5.3,16.3,13.5,24,2/18/15,1,A2M,Archival
2/19/15,1.895852566,1.515203595,32.6436348,-0.015860374,-0.261864215,21.4,23.1,83.3,5.3,16.3,13.5,24,2/19/15,0,A2M,Archival
2/20/15,1.091655374,0.890977621,32.44452286,-0.008361573,-0.547845364,21.4,23.1,83.3,5.3,16.3,13.5,24,2/20/15,0,A2M,Archival
2/21/15,1.253876328,0.550389588,32.2910347,-0.029311948,-0.493035704,21.4,23.1,83.3,5.3,16.3,13.5,24,2/21/15,0,A2M,Archival
2/22/15,2.06743288,1.958621979,32.37691116,-0.004533788,-0.280996293,21.4,23.1,83.3,5.3,16.3,13.5,24,2/22/15,1,A2M,Archival
2/23/15,2.066001177,1.812693954,32.26710129,-0.010554468,-0.354272872,21.4,23.1,83.3,5.3,16.3,13.5,24,2/23/15,0,A2M,Archival
2/24/15,1.800101638,1.576072693,32.54732132,-0.009334539,-0.342712849,21.4,23.1,83.3,5.3,16.3,13.5,24,2/24/15,1,A2M,Archival
2/25/15,1.92428875,1.457068086,32.2713356,-0.019467528,-0.214159355,21.4,23.1,83.3,5.3,16.3,13.5,24,2/25/15,0,A2M,Archival
2/26/15,2.072308779,1.653070331,32.3535614,-0.017468269,-0.193482161,21.4,23.1,83.3,5.3,16.3,13.5,24,2/26/15,0,A2M,Archival
2/27/15,2.370513201,2.0112257,32.58716202,-0.014970313,-0.337137192,21.4,23.1,83.3,5.3,16.3,13.5,24,2/27/15,0,A2M,Archival
2/28/15,1.703623652,1.407455802,32.18567276,-0.012340327,-0.476301759,21.4,23.1,83.3,5.3,16.3,13.5,24,2/28/15,0,A2M,Archival
3/1/15,1.755865693,1.526966691,32.36954117,-0.009537458,-0.369469434,21.4,23.1,83.3,5.3,16.3,13.5,24,3/1/15,0,A2M,Archival
3/2/15,1.875554204,1.531142354,32.01888275,-0.014350494,-0.357616305,21.4,23.1,83.3,5.3,16.3,13.5,24,3/2/15,0,A2M,Archival
3/3/15,2.938190222,2.189525843,31.64227867,-0.031194349,-0.38449946,21.4,23.1,83.3,5.3,16.3,13.5,24,3/3/15,0,A2M,Archival
3/4/15,3.210131645,2.328055143,31.43099213,-0.036753188,-0.250233382,21.4,23.1,83.3,5.3,16.3,13.5,24,3/4/15,1,A2M,Archival
3/5/15,3.360076666,2.355703354,31.32531166,-0.041848888,-0.313161612,21.4,23.1,83.3,5.3,16.3,13.5,24,3/5/15,1,A2M,Archival
3/6/15,2.479105711,1.992974162,32.52225876,-0.020255481,-0.353925914,21.4,23.1,83.3,5.3,16.3,13.5,24,3/6/15,1,A2M,Archival
3/7/15,2.057829142,1.399610043,32.24904251,-0.027425796,-0.359960705,21.4,23.1,83.3,5.3,16.3,13.5,24,3/7/15,1,A2M,Archival
3/8/15,2.364384174,1.64969337,31.38745689,-0.029778784,-0.456839114,21.4,23.1,83.3,5.3,16.3,13.5,24,3/8/15,0,A2M,Archival
3/9/15,2.90080142,3.021277666,31.22610474,0.005019844,-0.362571329,21.4,23.1,83.3,5.3,16.3,13.5,24,3/9/15,0,A2M,Archival
3/10/15,3.086946487,3.463365316,31.18852234,0.015684118,-0.316591531,21.4,23.1,83.3,5.3,16.3,13.5,24,3/10/15,1,A2M,Archival
3/11/15,3.222383738,3.903027296,31.05947876,0.028360148,-0.292740196,21.4,23.1,83.3,5.3,16.3,13.5,24,3/11/15,0,A2M,Archival
3/12/15,2.461586475,2.360766411,31.20988655,-0.004200836,-0.513940513,21.4,23.1,83.3,5.3,16.3,13.5,24,3/12/15,1,A2M,Archival
3/13/15,2.560713053,2.460804224,31.40668297,-0.004162868,-0.3793706,21.4,23.1,83.3,5.3,16.3,13.5,24,3/13/15,1,A2M,Archival
3/14/15,2.545591593,2.643637896,31.60857391,0.004085263,-0.171214581,21.4,23.1,83.3,5.3,16.3,13.5,24,3/14/15,1,A2M,Archival
3/15/15,2.748039484,2.635885954,31.61374474,-0.004673064,-0.246944368,21.4,23.1,83.3,5.3,16.3,13.5,24,3/15/15,0,A2M,Archival
3/16/15,2.928539276,3.197285891,31.7805233,0.011197776,-0.297662169,21.4,23.1,83.3,5.3,16.3,13.5,24,3/16/15,0,A2M,Archival
3/17/15,3.275441885,3.491358519,31.86313057,0.008996526,-0.113571532,21.4,23.1,83.3,5.3,16.3,13.5,24,3/17/15,0,A2M,Archival
3/18/15,2.958438635,3.295714378,31.99490547,0.014053156,-0.356086135,21.4,23.1,83.3,5.3,16.3,13.5,24,3/18/15,0,A2M,Archival
3/19/15,2.804250479,3.156811953,32.06634521,0.014690061,-0.432341218,21.4,23.1,83.3,5.3,16.3,13.5,24,3/19/15,0,A2M,Archival
3/20/15,2.97773242,3.276227713,32.15545273,0.012437304,-0.243158892,21.4,23.1,83.3,5.3,16.3,13.5,24,3/20/15,1,A2M,Archival
3/21/15,2.690829515,3.460577965,32.43244553,0.032072852,-0.067820586,21.4,23.1,83.3,5.3,16.3,13.5,24,3/21/15,0,A2M,Archival
3/22/15,3.014950991,3.465081215,31.21647072,0.018755426,-0.227103993,21.4,23.1,83.3,5.3,16.3,13.5,24,3/22/15,0,A2M,Archival
3/23/15,3.042604208,3.731892347,31.57364082,0.028720339,-0.256299168,21.4,23.1,83.3,5.3,16.3,13.5,24,3/23/15,0,A2M,Archival
3/24/15,3.587090731,3.785016775,31.72282219,0.008246919,-0.378687501,21.4,23.1,83.3,5.3,16.3,13.5,24,3/24/15,0,A2M,Archival
3/25/15,3.768261194,4.084747314,32.08895111,0.013186922,-0.32121253,21.4,23.1,83.3,5.3,16.3,13.5,24,3/25/15,0,A2M,Archival
3/26/15,3.93219018,4.69067049,31.41029167,0.031603346,-0.188917622,21.4,23.1,83.3,5.3,16.3,13.5,24,3/26/15,0,A2M,Archival
3/27/15,4.525445461,5.035930157,31.14167595,0.021270196,-0.151415065,21.4,23.1,83.3,5.3,16.3,13.5,24,3/27/15,0,A2M,Archival
3/28/15,4.605467319,5.148551464,31.59198761,0.022628506,-0.198757708,21.4,23.1,83.3,5.3,16.3,13.5,24,3/28/15,0,A2M,Archival
3/29/15,4.602587223,4.882240295,31.94256592,0.011652211,-0.225240216,21.4,23.1,83.3,5.3,16.3,13.5,24,3/29/15,1,A2M,Archival
3/30/15,3.193213701,3.740359068,31.86772919,0.022797724,-0.20444788,21.4,23.1,83.3,5.3,16.3,13.5,24,3/30/15,0,A2M,Archival
3/31/15,3.443934441,3.80669713,31.41644859,0.015115112,-0.190420821,21.4,23.1,83.3,5.3,16.3,13.5,24,3/31/15,0,A2M,Archival
4/1/15,3.556231499,4.205748558,31.54487038,0.027063211,-0.220321834,21.4,23.1,83.3,5.3,16.3,13.5,24,4/1/15,0,A2M,Archival
4/2/15,2.972731352,4.411782742,31.62510109,0.059960475,-0.265233219,21.4,23.1,83.3,5.3,16.3,13.5,24,4/2/15,0,A2M,Archival
4/3/15,3.297088861,4.219376087,31.59275246,0.038428634,-0.312347144,21.4,23.1,83.3,5.3,16.3,13.5,24,4/3/15,0,A2M,Archival
4/4/15,3.800706625,4.799228191,31.83265114,0.041605065,-0.34933421,21.4,23.1,83.3,5.3,16.3,13.5,24,4/4/15,0,A2M,Archival
4/5/15,4.206660748,5.303362846,31.89582825,0.045695921,-0.432847291,21.4,23.1,83.3,5.3,16.3,13.5,24,4/5/15,0,A2M,Archival
4/6/15,4.466274261,5.599714756,31.78709221,0.047226687,-0.414600253,21.4,23.1,83.3,5.3,16.3,13.5,24,4/6/15,0,A2M,Archival
4/7/15,4.748339176,5.94874239,31.87308693,0.050016801,-0.312004179,21.4,23.1,83.3,5.3,16.3,13.5,24,4/7/15,0,A2M,Archival
4/8/15,5.115983486,6.644704819,31.75974464,0.063696722,-0.152199909,21.4,23.1,83.3,5.3,16.3,13.5,24,4/8/15,0,A2M,Archival
4/9/15,4.341175079,6.980669022,31.34552193,0.109978914,-0.057848364,21.4,23.1,83.3,5.3,16.3,13.5,24,4/9/15,0,A2M,Archival
4/10/15,4.582798958,6.968486786,31.56456757,0.09940366,-0.028297769,21.4,23.1,83.3,5.3,16.3,13.5,24,4/10/15,0,A2M,Archival
4/11/15,4.075437546,6.390103817,31.61183929,0.096444428,-0.2277935,21.4,23.1,83.3,5.3,16.3,13.5,24,4/11/15,0,A2M,Archival
4/12/15,4.1438241,6.725737095,31.61716652,0.107579708,-0.362065792,21.4,23.1,83.3,5.3,16.3,13.5,24,4/12/15,0,A2M,Archival
4/13/15,4.319020748,7.181734562,31.55062675,0.119279742,-0.280000508,21.4,23.1,83.3,5.3,16.3,13.5,24,4/13/15,0,A2M,Archival
4/14/15,4.328182697,7.227277756,31.34238243,0.120795627,-0.264438093,21.4,23.1,83.3,5.3,16.3,13.5,24,4/14/15,0,A2M,Archival
4/15/15,4.392079353,7.54972887,31.51719856,0.13156873,-0.298329085,21.4,23.1,83.3,5.3,16.3,13.5,24,4/15/15,0,A2M,Archival
4/16/15,4.516767502,8.103837013,31.55762672,0.14946123,-0.330740809,21.4,23.1,83.3,5.3,16.3,13.5,24,4/16/15,0,A2M,Archival
4/17/15,4.873972893,8.787478447,31.50325203,0.163062731,-0.248936012,21.4,23.1,83.3,5.3,16.3,13.5,24,4/17/15,0,A2M,Archival
4/18/15,5.005340099,9.339165688,31.41581726,0.180576066,-0.302537739,21.4,23.1,83.3,5.3,16.3,13.5,24,4/18/15,0,A2M,Archival
4/19/15,5.104121685,9.600991249,31.48472404,0.187369565,-0.236516312,21.4,23.1,83.3,5.3,16.3,13.5,24,4/19/15,0,A2M,Archival
4/20/15,3.965912819,8.46877861,31.61923218,0.187619408,-0.033581022,21.4,23.1,83.3,5.3,16.3,13.5,24,4/20/15,0,A2M,Archival
4/21/15,3.989660978,8.682718277,31.18643761,0.195544054,-0.067332841,21.4,23.1,83.3,5.3,16.3,13.5,24,4/21/15,0,A2M,Archival
4/22/15,4.118341446,9.212407112,30.97729492,0.212252736,-0.1168231,21.4,23.1,83.3,5.3,16.3,13.5,24,4/22/15,0,A2M,Archival
4/23/15,5.350572109,9.319672585,31.28496552,0.165379186,-0.15305984,21.4,23.1,83.3,5.3,16.3,13.5,24,4/23/15,0,A2M,Archival
4/24/15,5.684269428,9.094733238,31.50769234,0.142102659,-0.235168993,21.4,23.1,83.3,5.3,16.3,13.5,24,4/24/15,0,A2M,Archival
4/25/15,5.940167904,9.064033508,31.74176788,0.130161067,-0.155852169,21.4,23.1,83.3,5.3,16.3,13.5,24,4/25/15,0,A2M,Archival
4/26/15,5.698293686,8.784386635,31.83081627,0.128587206,-0.060175683,21.4,23.1,83.3,5.3,16.3,13.5,24,4/26/15,0,A2M,Archival
4/27/15,5.831499577,9.157201767,31.80738831,0.138570925,-0.061926927,21.4,23.1,83.3,5.3,16.3,13.5,24,4/27/15,0,A2M,Archival
4/28/15,6.075647354,9.437569618,31.72466278,0.140080094,-0.13875623,21.4,23.1,83.3,5.3,16.3,13.5,24,4/28/15,0,A2M,Archival
4/29/15,6.37326622,10.3336935,31.2346859,0.165017804,-0.105553426,21.4,23.1,83.3,5.3,16.3,13.5,24,4/29/15,0,A2M,Archival
4/30/15,6.493196487,11.51294327,29.05264282,0.209156116,-0.035705704,21.4,23.1,83.3,5.3,16.3,13.5,24,4/30/15,0,A2M,Archival
5/1/15,6.467536449,11.44043255,30.05997658,0.207204004,-0.008851501,21.4,23.1,83.3,5.3,16.3,13.5,24,5/1/15,0,A2M,Archival
5/2/15,5.557697296,9.452124596,31.97649574,0.162267804,-0.04966471,21.4,23.1,83.3,5.3,16.3,13.5,24,5/2/15,0,A2M,Archival
5/3/15,5.605321407,10.36566639,31.02805901,0.198347708,-0.172550395,21.4,23.1,83.3,5.3,16.3,13.5,24,5/3/15,0,A2M,Archival
5/4/15,5.91736412,11.6661768,29.6863575,0.239533861,-0.255571574,21.4,23.1,83.3,5.3,16.3,13.5,24,5/4/15,0,A2M,Archival
5/5/15,6.267374516,12.16618347,29.83609009,0.245783707,-0.316052467,21.4,23.1,83.3,5.3,16.3,13.5,24,5/5/15,0,A2M,Archival
5/6/15,6.721119404,12.66027164,30.41797447,0.247464677,-0.31500712,21.4,23.1,83.3,5.3,16.3,13.5,24,5/6/15,0,A2M,Archival
5/7/15,6.70606041,13.22488403,30.58452797,0.271617651,-0.255658507,21.4,23.1,83.3,5.3,16.3,13.5,24,5/7/15,0,A2M,Archival
5/8/15,6.735914707,14.4648056,30.77681732,0.322037121,-0.242348298,21.4,23.1,83.3,5.3,16.3,13.5,24,5/8/15,0,A2M,Archival
5/9/15,6.677615643,14.9811058,30.80371284,0.345978757,-0.174924359,21.4,23.1,83.3,5.3,16.3,13.5,24,5/9/15,0,A2M,Archival
5/10/15,6.37134409,15.39043427,30.72133636,0.375795424,-0.149208352,21.4,23.1,83.3,5.3,16.3,13.5,24,5/10/15,0,A2M,Archival
5/11/15,7.173273563,16.0219574,30.47979927,0.36869516,-0.157435909,21.4,23.1,83.3,5.3,16.3,13.5,24,5/11/15,0,A2M,Archival
5/12/15,7.271835804,16.52935219,30.91564178,0.385729849,-0.117934316,21.4,23.1,83.3,5.3,16.3,13.5,24,5/12/15,0,A2M,Archival
5/13/15,7.363076687,14.12616825,31.34686279,0.281795482,-0.284854114,21.4,23.1,83.3,5.3,16.3,13.5,24,5/13/15,0,A2M,Archival
5/14/15,7.20228529,12.97984314,31.55423164,0.240731577,-0.2842426,21.4,23.1,83.3,5.3,16.3,13.5,24,5/14/15,0,A2M,Archival
5/15/15,6.791640759,13.40159512,31.62456512,0.275414765,-0.290118903,21.4,23.1,83.3,5.3,16.3,13.5,24,5/15/15,0,A2M,Archival
5/16/15,6.734695435,13.92526627,31.76868439,0.299607118,-0.232926726,21.4,23.1,83.3,5.3,16.3,13.5,24,5/16/15,0,A2M,Archival
5/17/15,7.723798752,15.45841694,31.59428215,0.322275758,-0.255034655,21.4,23.1,83.3,5.3,16.3,13.5,24,5/17/15,0,A2M,Archival
5/18/15,7.913363934,16.03447533,31.57434082,0.338379641,-0.192747772,21.4,23.1,83.3,5.3,16.3,13.5,24,5/18/15,0,A2M,Archival
5/19/15,7.840557098,16.68185616,31.60856056,0.368387461,-0.073934026,21.4,23.1,83.3,5.3,16.3,13.5,24,5/19/15,0,A2M,Archival
5/20/15,9.386995316,16.32330132,31.70271873,0.28901275,-0.116897292,21.4,23.1,83.3,5.3,16.3,13.5,24,5/20/15,0,A2M,Archival
5/21/15,9.660917282,15.57931423,31.84606361,0.246599873,-0.114013612,21.4,23.1,83.3,5.3,16.3,13.5,24,5/21/15,0,A2M,Archival
5/22/15,9.780591011,14.85657215,32.05818176,0.211499214,-0.120474957,21.4,23.1,83.3,5.3,16.3,13.5,24,5/22/15,0,A2M,Archival
5/23/15,10.54943466,14.7208643,32.50290298,0.173809568,-0.294228107,21.4,23.1,83.3,5.3,16.3,13.5,24,5/23/15,0,A2M,Archival
5/24/15,10.5305872,15.04837704,32.38777161,0.188241243,-0.319636524,21.4,23.1,83.3,5.3,16.3,13.5,24,5/24/15,0,A2M,Archival
5/25/15,10.80840588,16.11390495,32.05625916,0.221062462,-0.34734261,21.4,23.1,83.3,5.3,16.3,13.5,24,5/25/15,0,A2M,Archival
5/26/15,11.06509495,16.66950226,32.1237793,0.233516971,-0.332159579,21.4,23.1,83.3,5.3,16.3,13.5,24,5/26/15,0,A2M,Archival
5/27/15,11.35791779,16.9967823,32.0344429,0.234952688,-0.32003662,21.4,23.1,83.3,5.3,16.3,13.5,24,5/27/15,0,A2M,Archival
5/28/15,11.7360878,16.81837082,32.2925148,0.211761793,-0.289343268,21.4,23.1,83.3,5.3,16.3,13.5,24,5/28/15,0,A2M,Archival
5/29/15,12.92943192,17.92270088,32.38273621,0.208052874,-0.32048431,21.4,23.1,83.3,5.3,16.3,13.5,24,5/29/15,0,A2M,Archival
5/30/15,13.09128284,18.55448151,32.47745132,0.227633278,-0.270287454,21.4,23.1,83.3,5.3,16.3,13.5,24,5/30/15,0,A2M,Archival
5/31/15,13.07337093,18.21909904,32.66411591,0.214405338,-0.267794311,21.4,23.1,83.3,5.3,16.3,13.5,24,5/31/15,0,A2M,Archival
6/1/15,13.66303921,18.4222641,32.71483994,0.198301037,-0.247332111,21.4,23.1,83.3,5.3,16.3,13.5,24,6/1/15,0,A2M,Archival
6/2/15,13.60374355,18.58587837,32.79943466,0.207588951,-0.108855613,21.4,23.1,83.3,5.3,16.3,13.5,24,6/2/15,0,A2M,Archival
6/3/15,13.45130634,18.7576313,32.63603592,0.221096873,-0.003186315,21.4,23.1,83.3,5.3,16.3,13.5,24,6/3/15,0,A2M,Archival
6/4/15,14.24872684,17.61165428,32.38586426,0.140121977,-0.015950343,21.4,23.1,83.3,5.3,16.3,13.5,24,6/4/15,0,A2M,Archival
6/5/15,15.53822613,17.61500359,32.14096451,0.086532394,-0.00511565,21.4,23.1,83.3,5.3,16.3,13.5,24,6/5/15,0,A2M,Archival
6/6/15,15.91910839,17.26680946,32.05508041,0.056154211,-0.049297553,21.4,23.1,83.3,5.3,16.3,13.5,24,6/6/15,0,A2M,Archival
6/7/15,15.31163883,17.2888813,32.0762825,0.082385103,-0.107859969,21.4,23.1,83.3,5.3,16.3,13.5,24,6/7/15,0,A2M,Archival
6/8/15,14.46159267,17.60435677,32.12731552,0.130948504,-0.113553546,21.4,23.1,83.3,5.3,16.3,13.5,24,6/8/15,0,A2M,Archival
6/9/15,13.04772568,17.82393456,32.31062317,0.199008703,-0.134241536,21.4,23.1,83.3,5.3,16.3,13.5,24,6/9/15,0,A2M,Archival
6/10/15,12.0091629,18.53633308,32.38196182,0.271965424,-0.104536615,21.4,23.1,83.3,5.3,16.3,13.5,24,6/10/15,0,A2M,Archival
6/11/15,11.94381046,18.83430862,32.25992966,0.28710409,-0.133824587,21.4,23.1,83.3,5.3,16.3,13.5,24,6/11/15,0,A2M,Archival
6/12/15,12.06102467,18.85993004,32.1866684,0.283287724,-0.187971652,21.4,23.1,83.3,5.3,16.3,13.5,24,6/12/15,0,A2M,Archival
6/13/15,13.2392664,19.51987076,32.03123474,0.261691848,-0.198401347,21.4,23.1,83.3,5.3,16.3,13.5,24,6/13/15,0,A2M,Archival
6/14/15,13.35025311,20.65013695,32.09147644,0.304161827,-0.199040487,21.4,23.1,83.3,5.3,16.3,13.5,24,6/14/15,0,A2M,Archival
6/15/15,13.2105484,20.76721382,32.06663895,0.314861059,-0.143340513,21.4,23.1,83.3,5.3,16.3,13.5,24,6/15/15,0,A2M,Archival
6/16/15,13.30695248,21.12323189,32.02371216,0.325678309,-0.116933703,21.4,23.1,83.3,5.3,16.3,13.5,24,6/16/15,0,A2M,Archival
6/17/15,13.32106304,21.92501259,31.91739082,0.358497898,-0.176690087,21.4,23.1,83.3,5.3,16.3,13.5,24,6/17/15,0,A2M,Archival
6/18/15,13.17125416,21.77346802,31.95675087,0.358425577,-0.146811575,21.4,23.1,83.3,5.3,16.3,13.5,24,6/18/15,0,A2M,Archival
6/19/15,13.71180248,22.02563667,31.80237389,0.346409758,-0.120994426,21.4,23.1,83.3,5.3,16.3,13.5,24,6/19/15,0,A2M,Archival
6/20/15,13.69252682,22.76611137,31.67286491,0.378066023,-0.116556428,21.4,23.1,83.3,5.3,16.3,13.5,24,6/20/15,0,A2M,Archival
6/21/15,13.39037704,22.22409821,31.5939846,0.368071715,-0.060881987,21.4,23.1,83.3,5.3,16.3,13.5,24,6/21/15,0,A2M,Archival
6/22/15,12.93284225,22.69640541,31.42384911,0.406815132,-0.180519462,21.4,23.1,83.3,5.3,16.3,13.5,24,6/22/15,0,A2M,Archival
6/23/15,12.5518198,22.44119835,31.41102028,0.412057439,-0.157613441,21.4,23.1,83.3,5.3,16.3,13.5,24,6/23/15,1,A2M,Archival
6/24/15,12.33874512,22.21769714,31.68391609,0.411623001,-0.163648352,21.4,23.1,83.3,5.3,16.3,13.5,24,6/24/15,1,A2M,Archival
6/25/15,12.70441341,22.47769928,31.53595543,0.407220244,-0.158887342,21.4,23.1,83.3,5.3,16.3,13.5,24,6/25/15,0,A2M,Archival
6/26/15,12.53296947,22.88568306,31.24434662,0.431363066,-0.075474985,21.4,23.1,83.3,5.3,16.3,13.5,24,6/26/15,0,A2M,Archival
6/27/15,12.51923656,22.43437767,31.37414742,0.413130879,-0.020666635,21.4,23.1,83.3,5.3,16.3,13.5,24,6/27/15,0,A2M,Archival
6/28/15,12.11332989,21.71435547,31.24632263,0.400042733,0.040483098,21.4,23.1,83.3,5.3,16.3,13.5,24,6/28/15,0,A2M,Archival
6/29/15,12.19166088,22.35206413,30.80389404,0.423350135,-0.133012041,21.4,23.1,83.3,5.3,16.3,13.5,24,6/29/15,0,A2M,Archival
6/30/15,12.08646393,22.66051674,30.93881416,0.440585534,-0.10860011,21.4,23.1,83.3,5.3,16.3,13.5,24,6/30/15,0,A2M,Archival
7/1/15,13.10490036,22.24624634,31.19763374,0.380889416,-0.074710332,21.4,23.1,83.3,5.3,16.3,13.5,24,7/1/15,0,A2M,Archival
7/2/15,13.0539856,22.13033867,31.41098213,0.378181378,-0.098505534,21.4,23.1,83.3,5.3,16.3,13.5,24,7/2/15,0,A2M,Archival
7/3/15,13.10847759,22.59101295,31.25336647,0.39510564,-0.065006189,21.4,23.1,83.3,5.3,16.3,13.5,24,7/3/15,0,A2M,Archival
7/4/15,13.3650856,22.53184319,31.11907387,0.381948233,-0.044872101,21.4,23.1,83.3,5.3,16.3,13.5,24,7/4/15,0,A2M,Archival
7/5/15,13.27990818,22.45585442,30.90492249,0.382331093,-0.099427052,21.4,23.1,83.3,5.3,16.3,13.5,24,7/5/15,0,A2M,Archival
7/6/15,13.30800343,22.32909203,30.71170044,0.375878692,-0.123405784,21.4,23.1,83.3,5.3,16.3,13.5,24,7/6/15,0,A2M,Archival
7/7/15,13.7061224,23.01378059,30.73320961,0.387819091,-0.097171001,21.4,23.1,83.3,5.3,16.3,13.5,24,7/7/15,0,A2M,Archival
7/8/15,13.42387676,23.35973167,31.02163696,0.413993955,-0.11272683,21.4,23.1,83.3,5.3,16.3,13.5,24,7/8/15,0,A2M,Archival
7/9/15,13.03714466,23.41867065,31.26403618,0.432563583,-0.074387424,21.4,23.1,83.3,5.3,16.3,13.5,24,7/9/15,0,A2M,Archival
7/10/15,14.01296902,23.60526466,31.30489159,0.399678985,-0.037304662,21.4,23.1,83.3,5.3,16.3,13.5,24,7/10/15,0,A2M,Archival
7/11/15,14.15985012,23.79579926,31.38146782,0.401497881,-0.061967388,21.4,23.1,83.3,5.3,16.3,13.5,24,7/11/15,0,A2M,Archival
7/12/15,14.05376053,23.88726044,31.36064339,0.409729163,-0.073535889,21.4,23.1,83.3,5.3,16.3,13.5,24,7/12/15,0,A2M,Archival
7/13/15,14.07152843,24.3054142,31.41320992,0.426411907,-0.044509053,21.4,23.1,83.3,5.3,16.3,13.5,24,7/13/15,0,A2M,Archival
7/14/15,13.82478333,24.27747536,31.44463539,0.435528835,-0.010240343,21.4,23.1,83.3,5.3,16.3,13.5,24,7/14/15,0,A2M,Archival
7/15/15,13.63421345,23.92897987,31.50111198,0.428948601,0.01359442,21.4,23.1,83.3,5.3,16.3,13.5,24,7/15/15,0,A2M,Archival
7/16/15,15.4429512,23.94244385,31.50345421,0.354145527,0.019605195,21.4,23.1,83.3,5.3,16.3,13.5,24,7/16/15,0,A2M,Archival
7/17/15,15.73269272,23.43510628,31.65319824,0.320933898,-0.053391803,21.4,23.1,83.3,5.3,16.3,13.5,24,7/17/15,0,A2M,Archival
7/18/15,15.35559368,23.87923431,31.41752052,0.355151693,-0.035992973,21.4,23.1,83.3,5.3,16.3,13.5,24,7/18/15,0,A2M,Archival
7/19/15,15.48684788,24.95056725,31.35753441,0.39432164,-0.063578717,21.4,23.1,83.3,5.3,16.3,13.5,24,7/19/15,0,A2M,Archival
7/20/15,15.21142578,25.4280014,31.43741417,0.425690651,-0.046257485,21.4,23.1,83.3,5.3,16.3,13.5,24,7/20/15,0,A2M,Archival
7/21/15,15.07122135,25.73239708,31.50317574,0.444215655,0.014324221,21.4,23.1,83.3,5.3,16.3,13.5,24,7/21/15,0,A2M,Archival
7/22/15,15.47375107,25.02750206,31.40679169,0.398072958,-0.010192896,21.4,23.1,83.3,5.3,16.3,13.5,24,7/22/15,0,A2M,Archival
7/23/15,15.40779209,24.95999336,31.45922852,0.398008386,-0.069409221,21.4,23.1,83.3,5.3,16.3,13.5,24,7/23/15,0,A2M,Archival
7/24/15,15.57013798,25.07025337,31.5127697,0.395838141,-0.051478665,21.4,23.1,83.3,5.3,16.3,13.5,24,7/24/15,0,A2M,Archival
7/25/15,15.91142178,25.21554565,31.71460915,0.387671828,-0.051785227,21.4,23.1,83.3,5.3,16.3,13.5,24,7/25/15,0,A2M,Archival
7/26/15,15.87936115,24.88671875,31.65278053,0.375306567,-0.051665187,21.4,23.1,83.3,5.3,16.3,13.5,24,7/26/15,0,A2M,Archival
7/27/15,15.66439533,24.87552071,31.58844948,0.383796891,-0.049807116,21.4,23.1,83.3,5.3,16.3,13.5,24,7/27/15,0,A2M,Archival
7/28/15,17.94295692,25.07383919,31.65504265,0.297120094,-0.084167629,21.4,23.1,83.3,5.3,16.3,13.5,24,7/28/15,0,A2M,Archival
7/29/15,17.9103508,25.24066925,31.73451042,0.305429935,-0.125025138,21.4,23.1,83.3,5.3,16.3,13.5,24,7/29/15,0,A2M,Archival
7/30/15,17.80935097,24.7674408,31.9154644,0.28992041,-0.14428924,21.4,23.1,83.3,5.3,16.3,13.5,24,7/30/15,0,A2M,Archival
7/31/15,19.02412224,25.25027275,32.30845642,0.259422938,-0.091729291,21.4,23.1,83.3,5.3,16.3,13.5,24,7/31/15,1,A2M,Archival
8/1/15,19.40590096,25.54990387,32.48339844,0.256000121,-0.110499538,21.4,23.1,83.3,5.3,16.3,13.5,24,8/1/15,0,A2M,Archival
8/2/15,19.31628036,25.43721199,32.61310196,0.255038818,-0.10577596,21.4,23.1,83.3,5.3,16.3,13.5,24,8/2/15,0,A2M,Archival
8/3/15,20.38399315,25.7941227,32.63862991,0.225422064,-0.075248957,21.4,23.1,83.3,5.3,16.3,13.5,24,8/3/15,0,A2M,Archival
8/4/15,19.98176384,25.07320404,32.43163681,0.212143342,-0.149238154,21.4,23.1,83.3,5.3,16.3,13.5,24,8/4/15,0,A2M,Archival
8/5/15,19.89420128,24.76499367,33.10259247,0.202949683,-0.133516133,21.4,23.1,83.3,5.3,16.3,13.5,24,8/5/15,0,A2M,Archival
8/6/15,21.81880379,26.19976807,33.0354805,0.182540178,-0.063853562,21.4,23.1,83.3,5.3,16.3,13.5,24,8/6/15,0,A2M,Archival
8/7/15,22.00887871,26.60703087,33.05806351,0.191589673,-0.014699227,21.4,23.1,83.3,5.3,16.3,13.5,24,8/7/15,0,A2M,Archival
8/8/15,21.8856678,26.68366432,33.13783264,0.199916522,0.067722231,21.4,23.1,83.3,5.3,16.3,13.5,24,8/8/15,0,A2M,Archival
8/9/15,19.46339989,24.89928627,32.78274536,0.226495266,0.074071273,21.4,23.1,83.3,5.3,16.3,13.5,24,8/9/15,0,A2M,Archival
8/10/15,19.34869003,24.53314781,32.49424362,0.216019074,0.020413319,21.4,23.1,83.3,5.3,16.3,13.5,24,8/10/15,0,A2M,Archival
8/11/15,18.59399986,24.12703896,32.2691803,0.230543296,-0.012695447,21.4,23.1,83.3,5.3,16.3,13.5,24,8/11/15,0,A2M,Archival
8/12/15,17.40828323,23.96751595,32.1782074,0.273301363,-0.035586279,21.4,23.1,83.3,5.3,16.3,13.5,24,8/12/15,0,A2M,Archival
8/13/15,17.14699364,24.44223022,32.19543457,0.303968191,-0.087809525,21.4,23.1,83.3,5.3,16.3,13.5,24,8/13/15,0,A2M,Archival
8/14/15,17.06154442,24.55573463,32.17945862,0.312257926,-0.114025556,21.4,23.1,83.3,5.3,16.3,13.5,24,8/14/15,0,A2M,Archival
8/15/15,16.86600685,24.57000732,32.34893417,0.32100002,-0.14031738,21.4,23.1,83.3,5.3,16.3,13.5,24,8/15/15,0,A2M,Archival
8/16/15,16.64529228,24.79765129,32.26294708,0.339681625,-0.139254645,21.4,23.1,83.3,5.3,16.3,13.5,24,8/16/15,0,A2M,Archival
8/17/15,16.27744484,25.00001717,32.2419014,0.363440514,-0.129200205,21.4,23.1,83.3,5.3,16.3,13.5,24,8/17/15,0,A2M,Archival
8/18/15,14.98020649,25.24790001,32.47980881,0.427820563,-0.122174077,21.4,23.1,83.3,5.3,16.3,13.5,24,8/18/15,0,A2M,Archival
8/19/15,14.69617081,25.69087982,32.50780487,0.458112876,-0.10844586,21.4,23.1,83.3,5.3,16.3,13.5,24,8/19/15,0,A2M,Archival
8/20/15,15.20250225,25.90637398,32.54260254,0.445994655,-0.061695296,21.4,23.1,83.3,5.3,16.3,13.5,24,8/20/15,0,A2M,Archival
8/21/15,14.63531494,25.55936432,32.65785217,0.455168724,-0.059289742,21.4,23.1,83.3,5.3,16.3,13.5,24,8/21/15,0,A2M,Archival
8/22/15,15.11109829,25.76805115,32.66112518,0.444039702,-0.100532956,21.4,23.1,83.3,5.3,16.3,13.5,24,8/22/15,0,A2M,Archival
8/23/15,15.62578201,25.5608654,32.6579628,0.413961808,-0.095582902,21.4,23.1,83.3,5.3,16.3,13.5,24,8/23/15,0,A2M,Archival
9/19/15,15.90361404,23.90969086,32.18168259,0.333586534,0.039743949,21.4,23.1,83.3,5.3,16.3,13.5,24,9/19/15,0,A2M,Archival
9/20/15,16.7299614,24.52934265,32.17348862,0.324974219,0.070940599,21.4,23.1,83.3,5.3,16.3,13.5,24,9/20/15,0,A2M,Archival
9/21/15,18.80719757,24.00431633,32.01062775,0.216546615,0.072252735,21.4,23.1,83.3,5.3,16.3,13.5,24,9/21/15,0,A2M,Archival
9/22/15,21.18258476,23.30395699,31.66296959,0.088390509,0.176383391,21.4,23.1,83.3,5.3,16.3,13.5,24,9/22/15,0,A2M,Archival
9/23/15,21.08448792,21.5043335,31.46809959,0.017493566,0.131591946,21.4,23.1,83.3,5.3,16.3,13.5,24,9/23/15,0,A2M,Archival
9/24/15,21.15439796,21.1406765,31.6530323,-0.000571728,0.056192596,21.4,23.1,83.3,5.3,16.3,13.5,24,9/24/15,0,A2M,Archival
9/25/15,21.40881157,21.40821266,31.8309536,-2.49545E-05,0.111243568,21.4,23.1,83.3,5.3,16.3,13.5,24,9/25/15,0,A2M,Archival
9/26/15,22.12185478,22.11739159,31.93551064,-0.000185966,0.13098608,21.4,23.1,83.3,5.3,16.3,13.5,24,9/26/15,0,A2M,Archival
9/27/15,22.10405731,22.11827278,32.02400589,0.000592311,0.091434993,21.4,23.1,83.3,5.3,16.3,13.5,24,9/27/15,0,A2M,Archival
9/28/15,22.08833313,22.21687889,32.04081726,0.005356073,-0.00877871,21.4,23.1,83.3,5.3,16.3,13.5,24,9/28/15,0,A2M,Archival
9/29/15,21.95963287,22.63620949,31.95223427,0.028190692,-0.063479722,21.4,23.1,83.3,5.3,16.3,13.5,24,9/29/15,0,A2M,Archival
9/30/15,22.00786781,22.63520241,31.76241875,0.026138941,0.034526307,21.4,23.1,83.3,5.3,16.3,13.5,24,9/30/15,0,A2M,Archival
10/1/15,22.10744476,22.33383369,31.81570625,0.009432872,0.205626145,21.4,23.1,83.3,5.3,16.3,13.5,24,10/1/15,0,A2M,Archival
10/2/15,20.46566391,20.57421875,31.90854836,0.004523118,0.475723237,21.4,23.1,83.3,5.3,16.3,13.5,24,10/2/15,0,A2M,Archival
10/3/15,20.0770359,20.07242775,32.19219208,-0.000192006,0.587811053,21.4,23.1,83.3,5.3,16.3,13.5,24,10/3/15,0,A2M,Archival
10/4/15,19.80384636,19.806036,32.36930466,9.12348E-05,0.601883292,21.4,23.1,83.3,5.3,16.3,13.5,24,10/4/15,0,A2M,Archival
10/5/15,19.43945694,19.4623127,32.39704514,0.000952323,0.465273052,21.4,23.1,83.3,5.3,16.3,13.5,24,10/5/15,0,A2M,Archival
10/6/15,19.11666298,19.1202755,32.24963379,0.000150522,0.256286293,21.4,23.1,83.3,5.3,16.3,13.5,24,10/6/15,0,A2M,Archival
10/7/15,19.03920937,19.07509995,32.25259781,0.001495441,0.137552157,21.4,23.1,83.3,5.3,16.3,13.5,24,10/7/15,0,A2M,Archival
10/8/15,18.90206528,18.98996353,31.94171906,0.003662427,0.002773527,21.4,23.1,83.3,5.3,16.3,13.5,24,10/8/15,0,A2M,Archival
10/9/15,18.90197945,19.03613472,31.90457916,0.005589803,0.038437933,21.4,23.1,83.3,5.3,16.3,13.5,24,10/9/15,0,A2M,Archival
10/10/15,18.90926933,19.00889397,31.94236183,0.004151026,0.043307304,21.4,23.1,83.3,5.3,16.3,13.5,24,10/10/15,0,A2M,Archival
10/11/15,18.93498802,18.86995888,32.21616745,-0.002709548,0.048986156,21.4,23.1,83.3,5.3,16.3,13.5,24,10/11/15,0,A2M,Archival
10/12/15,18.97229958,18.94537163,32.17101669,-0.001121998,0.035660338,21.4,23.1,83.3,5.3,16.3,13.5,24,10/12/15,0,A2M,Archival
10/13/15,18.98177719,19.04596138,31.92011452,0.002674341,0.086519152,21.4,23.1,83.3,5.3,16.3,13.5,24,10/13/15,0,A2M,Archival
10/14/15,19.04400253,18.80953407,31.72490501,-0.009769519,0.00681279,21.4,23.1,83.3,5.3,16.3,13.5,24,10/14/15,0,A2M,Archival
10/15/15,19.09808922,18.68280983,31.81346321,-0.017303308,-0.079332419,21.4,23.1,83.3,5.3,16.3,13.5,24,10/15/15,0,A2M,Archival
10/16/15,19.12623405,18.54074287,31.84317589,-0.024395466,-0.120036334,21.4,23.1,83.3,5.3,16.3,13.5,24,10/16/15,0,A2M,Archival
10/17/15,18.5310421,18.07492638,31.84448051,-0.019004822,-0.12110287,21.4,23.1,83.3,5.3,16.3,13.5,24,10/17/15,0,A2M,Archival
10/18/15,18.51950264,17.70817375,31.96320534,-0.03380537,-0.178998306,21.4,23.1,83.3,5.3,16.3,13.5,24,10/18/15,0,A2M,Archival
10/19/15,18.40755844,17.40475655,32.22504425,-0.041783412,-0.184004009,21.4,23.1,83.3,5.3,16.3,13.5,24,10/19/15,0,A2M,Archival
10/20/15,18.01699638,17.49204063,32.23367691,-0.021873156,-0.276905805,21.4,23.1,83.3,5.3,16.3,13.5,24,10/20/15,0,A2M,Archival
10/21/15,18.09644508,17.62766075,32.09272003,-0.019532681,-0.333542019,21.4,23.1,83.3,5.3,16.3,13.5,24,10/21/15,0,A2M,Archival
10/22/15,18.15019226,17.77367973,32.17541122,-0.015688022,-0.157684103,21.4,23.1,83.3,5.3,16.3,13.5,24,10/22/15,0,A2M,Archival
10/23/15,17.15934944,17.38835907,32.19371033,0.009542068,-0.118397899,21.4,23.1,83.3,5.3,16.3,13.5,24,10/23/15,0,A2M,Archival
10/24/15,17.21940804,17.12298012,32.31370544,-0.00401783,-0.067711219,21.4,23.1,83.3,5.3,16.3,13.5,24,10/24/15,0,A2M,Archival
10/25/15,17.22999382,16.91947174,32.32963181,-0.01293842,-0.044514161,21.4,23.1,83.3,5.3,16.3,13.5,24,10/25/15,0,A2M,Archival
10/26/15,17.76108742,16.92284775,32.36194992,-0.034926653,-0.121995069,21.4,23.1,83.3,5.3,16.3,13.5,24,10/26/15,0,A2M,Archival
10/27/15,17.43254852,16.90886116,32.49842072,-0.021820307,-0.108152688,21.4,23.1,83.3,5.3,16.3,13.5,24,10/27/15,0,A2M,Archival
10/28/15,17.14389038,17.11403275,32.55212784,-0.001244068,0.110839605,21.4,23.1,83.3,5.3,16.3,13.5,24,10/28/15,0,A2M,Archival
10/29/15,16.8576889,17.01895332,32.36712646,0.006719351,0.070471585,21.4,23.1,83.3,5.3,16.3,13.5,24,10/29/15,0,A2M,Archival
10/30/15,17.02882385,16.93003464,32.19552994,-0.004116217,-0.162817419,21.4,23.1,83.3,5.3,16.3,13.5,24,10/30/15,0,A2M,Archival
10/31/15,17.09966087,16.73521614,32.33462143,-0.015185197,-0.14272581,21.4,23.1,83.3,5.3,16.3,13.5,24,10/31/15,1,A2M,Archival
11/1/15,16.85671043,16.46409798,32.20524979,-0.016358852,-0.116384387,21.4,23.1,83.3,5.3,16.3,13.5,24,11/1/15,0,A2M,Archival
11/2/15,16.8305912,16.45215225,32.16142273,-0.01576829,-0.145021856,21.4,23.1,83.3,5.3,16.3,13.5,24,11/2/15,0,A2M,Archival
11/3/15,16.85035896,16.45103836,32.21025848,-0.016638358,-0.163484648,21.4,23.1,83.3,5.3,16.3,13.5,24,11/3/15,0,A2M,Archival
11/4/15,17.05414963,16.6930542,32.20203781,-0.015045643,-0.117034167,21.4,23.1,83.3,5.3,16.3,13.5,24,11/4/15,0,A2M,Archival
11/5/15,17.1134758,16.88218117,32.21811295,-0.009637276,-0.088191263,21.4,23.1,83.3,5.3,16.3,13.5,24,11/5/15,0,A2M,Archival
11/6/15,17.13977623,17.08251381,32.2345314,-0.002385934,-0.096464567,21.4,23.1,83.3,5.3,16.3,13.5,24,11/6/15,0,A2M,Archival
11/7/15,17.33917809,17.32836151,32.11668396,-0.000450691,-0.170879975,21.4,23.1,83.3,5.3,16.3,13.5,24,11/7/15,0,A2M,Archival
11/8/15,17.40156746,17.03419304,32.25841141,-0.015307268,-0.269741178,21.4,23.1,83.3,5.3,16.3,13.5,24,11/8/15,0,A2M,Archival
11/9/15,17.46444511,16.83611298,32.39806366,-0.026180506,-0.201522663,21.4,23.1,83.3,5.3,16.3,13.5,24,11/9/15,0,A2M,Archival
11/10/15,17.28704071,16.76970673,32.21778488,-0.021555583,0.04197849,21.4,23.1,83.3,5.3,16.3,13.5,24,11/10/15,0,A2M,Archival
11/11/15,17.14599419,16.57497597,32.15924072,-0.023792426,0.0195513,21.4,23.1,83.3,5.3,16.3,13.5,24,11/11/15,0,A2M,Archival
11/12/15,17.05728722,16.19831848,32.01307297,-0.035790364,0.036847729,21.4,23.1,83.3,5.3,16.3,13.5,24,11/12/15,0,A2M,Archival
11/13/15,17.06320572,15.95697498,32.14572525,-0.046092947,-0.119312108,21.4,23.1,83.3,5.3,16.3,13.5,24,11/13/15,0,A2M,Archival
11/14/15,17.26551819,16.11823845,32.74007797,-0.047803322,-0.399607033,21.4,23.1,83.3,5.3,16.3,13.5,24,11/14/15,0,A2M,Archival
11/15/15,17.12162971,15.8690691,33.0637207,-0.052190026,-0.300311774,21.4,23.1,83.3,5.3,16.3,13.5,24,11/15/15,0,A2M,Archival
11/16/15,16.4023056,15.38617325,33.04779434,-0.042338848,-0.304687351,21.4,23.1,83.3,5.3,16.3,13.5,24,11/16/15,0,A2M,Archival
11/17/15,16.43343544,15.28520966,33.01527786,-0.047842741,-0.196725294,21.4,23.1,83.3,5.3,16.3,13.5,24,11/17/15,0,A2M,Archival
11/18/15,15.56145191,15.32214451,33.09549332,-0.009971142,-0.160062924,21.4,23.1,83.3,5.3,16.3,13.5,24,11/18/15,0,A2M,Archival
11/19/15,15.29790497,15.24289799,33.0587883,-0.002291958,-0.071727969,21.4,23.1,83.3,5.3,16.3,13.5,24,11/19/15,0,A2M,Archival
11/20/15,15.27396774,15.15753269,32.99127579,-0.00485146,-0.131315216,21.4,23.1,83.3,5.3,16.3,13.5,24,11/20/15,0,A2M,Archival
11/21/15,14.90693188,14.87880611,33.08740234,-0.001171907,-0.168681428,21.4,23.1,83.3,5.3,16.3,13.5,24,11/21/15,0,A2M,Archival
11/22/15,14.78337479,14.78012466,33.0635643,-0.000135422,-0.026787499,21.4,23.1,83.3,5.3,16.3,13.5,24,11/22/15,0,A2M,Archival
11/23/15,14.48315716,14.43796539,33.04891968,-0.00188299,-0.145666838,21.4,23.1,83.3,5.3,16.3,13.5,24,11/23/15,0,A2M,Archival
11/24/15,14.19176579,14.14382553,33.06638718,-0.001997511,-0.317724288,21.4,23.1,83.3,5.3,16.3,13.5,24,11/24/15,0,A2M,Archival
11/25/15,14.00321579,13.96767807,32.93528366,-0.001480738,-0.399179786,21.4,23.1,83.3,5.3,16.3,13.5,24,11/25/15,1,A2M,Archival
11/26/15,13.90320301,13.90606308,32.94277573,0.00011917,-0.319520801,21.4,23.1,83.3,5.3,16.3,13.5,24,11/26/15,1,A2M,Archival
11/27/15,13.85817814,13.82030869,32.89976883,-0.001577894,-0.28466177,21.4,23.1,83.3,5.3,16.3,13.5,24,11/27/15,1,A2M,Archival
11/28/15,13.80417728,13.73520184,32.88919449,-0.002873977,-0.23959595,21.4,23.1,83.3,5.3,16.3,13.5,24,11/28/15,1,A2M,Archival
11/29/15,13.83517456,13.72376251,32.90345383,-0.004642169,-0.145600855,21.4,23.1,83.3,5.3,16.3,13.5,24,11/29/15,1,A2M,Archival
11/30/15,13.95602417,13.94465923,33.03147125,-0.000473539,-0.045380007,21.4,23.1,83.3,5.3,16.3,13.5,24,11/30/15,1,A2M,Archival
12/1/15,13.45789719,13.46957397,32.82950974,0.000486533,0.004901305,21.4,23.1,83.3,5.3,16.3,13.5,24,12/1/15,1,A2M,Archival
12/2/15,13.30491352,13.20919418,32.59801102,-0.003988306,-0.042324547,21.4,23.1,83.3,5.3,16.3,13.5,24,12/2/15,0,A2M,Archival
12/3/15,13.55802917,13.19848919,32.57075882,-0.014980833,-0.252835244,21.4,23.1,83.3,5.3,16.3,13.5,24,12/3/15,1,A2M,Archival
12/4/15,13.01689816,12.82457256,32.73991013,-0.008013566,-0.415590405,21.4,23.1,83.3,5.3,16.3,13.5,24,12/4/15,0,A2M,Archival
12/5/15,12.89698124,12.78858185,32.84196472,-0.004516641,-0.339505106,21.4,23.1,83.3,5.3,16.3,13.5,24,12/5/15,1,A2M,Archival
12/6/15,12.854846,12.80913258,32.89689636,-0.001904726,-0.313711405,21.4,23.1,83.3,5.3,16.3,13.5,24,12/6/15,1,A2M,Archival
12/7/15,12.85552883,12.90277863,32.59218216,0.001968741,-0.198341265,21.4,23.1,83.3,5.3,16.3,13.5,24,12/7/15,1,A2M,Archival
12/8/15,13.0676651,12.81118011,32.62799454,-0.010686874,-0.192181051,21.4,23.1,83.3,5.3,16.3,13.5,24,12/8/15,1,A2M,Archival
12/9/15,13.19289494,12.82536602,32.75279999,-0.015313705,-0.09691108,21.4,23.1,83.3,5.3,16.3,13.5,24,12/9/15,1,A2M,Archival
12/10/15,12.98492813,12.42142868,32.53471756,-0.023479144,-0.024804242,21.4,23.1,83.3,5.3,16.3,13.5,24,12/10/15,1,A2M,Archival
12/11/15,12.99188614,12.27477169,32.41814041,-0.029879769,-0.07095594,21.4,23.1,83.3,5.3,16.3,13.5,24,12/11/15,1,A2M,Archival
12/12/15,13.09429169,12.16474628,32.41840744,-0.038731058,-0.107850581,21.4,23.1,83.3,5.3,16.3,13.5,24,12/12/15,1,A2M,Archival
12/13/15,12.53299236,12.48840237,32.50703812,-0.001857917,-0.121967621,21.4,23.1,83.3,5.3,16.3,13.5,24,12/13/15,0,A2M,Archival
12/14/15,12.5923605,12.68458176,32.57889557,0.003842553,-0.029710671,21.4,23.1,83.3,5.3,16.3,13.5,24,12/14/15,0,A2M,Archival
12/15/15,12.84180737,12.62531281,32.74087143,-0.009020607,-0.043520089,21.4,23.1,83.3,5.3,16.3,13.5,24,12/15/15,0,A2M,Archival
12/16/15,12.82283497,12.59566784,32.74042892,-0.009465297,-0.172976211,21.4,23.1,83.3,5.3,16.3,13.5,24,12/16/15,1,A2M,Archival
12/17/15,12.8119173,12.73442554,32.71777725,-0.003228823,0.121450238,21.4,23.1,83.3,5.3,16.3,13.5,24,12/17/15,0,A2M,Archival
12/18/15,12.75886822,12.78743267,32.6215477,0.001190186,0.064232893,21.4,23.1,83.3,5.3,16.3,13.5,24,12/18/15,0,A2M,Archival
12/19/15,13.13201046,12.437253,32.58562851,-0.028948228,-0.301545769,21.4,23.1,83.3,5.3,16.3,13.5,24,12/19/15,0,A2M,Archival
12/20/15,13.06978512,12.27558422,32.91864395,-0.033091704,-0.41541931,21.4,23.1,83.3,5.3,16.3,13.5,24,12/20/15,0,A2M,Archival
12/21/15,12.82030869,12.48616505,33.14110947,-0.013922652,-0.338515669,21.4,23.1,83.3,5.3,16.3,13.5,24,12/21/15,0,A2M,Archival
12/22/15,13.51626205,13.31680298,33.05687714,-0.008310795,-0.249224082,21.4,23.1,83.3,5.3,16.3,13.5,24,12/22/15,0,A2M,Archival
12/23/15,13.73205948,13.42231083,32.82901764,-0.012906194,-0.236763358,21.4,23.1,83.3,5.3,16.3,13.5,24,12/23/15,0,A2M,Archival
12/24/15,13.91483307,13.37089062,32.8331871,-0.022664269,-0.223613262,21.4,23.1,83.3,5.3,16.3,13.5,24,12/24/15,0,A2M,Archival
12/25/15,13.58562756,12.55244827,32.65789413,-0.043049137,-0.243025079,21.4,23.1,83.3,5.3,16.3,13.5,24,12/25/15,0,A2M,Archival
12/26/15,13.57052994,12.57098103,32.67469406,-0.041647871,-0.173537314,21.4,23.1,83.3,5.3,16.3,13.5,24,12/26/15,0,A2M,Archival
12/27/15,12.97876835,12.56147289,32.76241684,-0.017387311,-0.109064482,21.4,23.1,83.3,5.3,16.3,13.5,24,12/27/15,0,A2M,Archival
12/28/15,13.54455662,13.10038471,32.65837097,-0.018507163,-0.229499519,21.4,23.1,83.3,5.3,16.3,13.5,24,12/28/15,1,A2M,Archival
12/29/15,12.93018627,12.94935894,32.77173233,0.000798861,0.048475515,21.4,23.1,83.3,5.3,16.3,13.5,24,12/29/15,1,A2M,Archival
12/30/15,12.57348728,12.49528885,32.49444199,-0.003258268,-0.112559497,21.4,23.1,83.3,5.3,16.3,13.5,24,12/30/15,1,A2M,Archival
12/31/15,11.82075977,12.14123821,32.39344406,0.013353268,-0.020554295,21.4,23.1,83.3,5.3,16.3,13.5,24,12/31/15,1,A2M,Archival
1/1/16,11.84463215,11.61731434,32.39916229,-0.009471575,-0.166562378,21.4,23.1,83.3,5.3,16.3,13.5,24,1/1/16,1,A2M,Archival
1/2/16,12.05064392,11.26258564,32.41126633,-0.032835762,-0.234097913,21.4,23.1,83.3,5.3,16.3,13.5,24,1/2/16,1,A2M,Archival
1/3/16,11.87167072,10.6753397,32.09038162,-0.049847126,-0.14649038,21.4,23.1,83.3,5.3,16.3,13.5,24,1/3/16,1,A2M,Archival
1/4/16,12.32215977,10.62215519,32.33298874,-0.070833524,-0.159718379,21.4,23.1,83.3,5.3,16.3,13.5,24,1/4/16,0,A2M,Archival
1/5/16,11.52074909,11.08312511,32.97140503,-0.018234332,-0.158794895,21.4,23.1,83.3,5.3,16.3,13.5,24,1/5/16,0,A2M,Archival
1/6/16,11.86949635,10.93776035,32.96219635,-0.038822333,-0.194691882,21.4,23.1,83.3,5.3,16.3,13.5,24,1/6/16,1,A2M,Archival
1/7/16,11.45936871,9.146184921,31.05327034,-0.096382658,-0.207465485,21.4,23.1,83.3,5.3,16.3,13.5,24,1/7/16,0,A2M,Archival
1/8/16,11.24916172,10.10337543,32.28475952,-0.047741095,-0.116445959,21.4,23.1,83.3,5.3,16.3,13.5,24,1/8/16,0,A2M,Archival
1/9/16,11.00220108,10.57313347,33.18241119,-0.017877817,0.023948168,21.4,23.1,83.3,5.3,16.3,13.5,24,1/9/16,0,A2M,Archival
1/10/16,10.66314411,10.58432579,33.04393387,-0.003284097,0.143986672,21.4,23.1,83.3,5.3,16.3,13.5,24,1/10/16,0,A2M,Archival
1/11/16,10.84004974,9.314282417,31.13240242,-0.063573639,-0.177105606,21.4,23.1,83.3,5.3,16.3,13.5,24,1/11/16,1,A2M,Archival
1/12/16,10.47755718,8.621259689,31.37849617,-0.077345729,-0.223548904,21.4,23.1,83.3,5.3,16.3,13.5,24,1/12/16,0,A2M,Archival
1/13/16,10.74201965,8.936789513,32.23906708,-0.075217923,-0.336418748,21.4,23.1,83.3,5.3,16.3,13.5,24,1/13/16,0,A2M,Archival
1/14/16,10.0645113,8.77500248,32.49693298,-0.053729534,-0.281391531,21.4,23.1,83.3,5.3,16.3,13.5,24,1/14/16,0,A2M,Archival
1/15/16,10.25497341,9.546455383,32.72985077,-0.029521585,-0.156400338,21.4,23.1,83.3,5.3,16.3,13.5,24,1/15/16,1,A2M,Archival
1/16/16,10.24371815,9.745081902,32.76341629,-0.02077651,0.09065333,21.4,23.1,83.3,5.3,16.3,13.5,24,1/16/16,1,A2M,Archival
1/17/16,10.15085793,9.626472473,32.84567642,-0.021849394,-0.033393983,21.4,23.1,83.3,5.3,16.3,13.5,24,1/17/16,1,A2M,Archival
1/18/16,8.948379517,8.633133888,32.94378662,-0.013135235,-0.137060642,21.4,23.1,83.3,5.3,16.3,13.5,24,1/18/16,1,A2M,Archival
1/19/16,7.905375957,7.821525574,32.84112167,-0.003493766,-0.527974308,21.4,23.1,83.3,5.3,16.3,13.5,24,1/19/16,0,A2M,Archival
1/20/16,7.414161682,7.364639759,32.8976326,-0.002063413,-0.55954963,21.4,23.1,83.3,5.3,16.3,13.5,24,1/20/16,0,A2M,Archival
1/21/16,7.105577469,7.050228119,32.91978455,-0.002306223,-0.316588223,21.4,23.1,83.3,5.3,16.3,13.5,24,1/21/16,0,A2M,Archival
1/22/16,7.129512787,7.085929394,32.98851395,-0.001815975,-0.274313182,21.4,23.1,83.3,5.3,16.3,13.5,24,1/22/16,0,A2M,Archival
1/23/16,7.208238602,7.210277081,32.97045135,8.49366E-05,0.517767489,21.4,23.1,83.3,5.3,16.3,13.5,24,1/23/16,0,A2M,Archival
1/24/16,6.159053802,6.134000301,32.81460953,-0.001043896,0.379643291,21.4,23.1,83.3,5.3,16.3,13.5,24,1/24/16,0,A2M,Archival
1/25/16,5.663194656,5.60401535,32.85793686,-0.002465804,-0.011267089,21.4,23.1,83.3,5.3,16.3,13.5,24,1/25/16,1,A2M,Archival
1/26/16,5.880878448,4.829489231,32.34269333,-0.043807884,-0.142784879,21.4,23.1,83.3,5.3,16.3,13.5,24,1/26/16,1,A2M,Archival
1/27/16,6.873542786,5.653176785,31.85227203,-0.050848583,-0.226437747,21.4,23.1,83.3,5.3,16.3,13.5,24,1/27/16,1,A2M,Archival
1/28/16,7.024198532,5.82302618,32.05598831,-0.050048848,-0.110995613,21.4,23.1,83.3,5.3,16.3,13.5,24,1/28/16,1,A2M,Archival
1/29/16,7.184875965,5.979135513,32.13690567,-0.050239185,-0.042671043,21.4,23.1,83.3,5.3,16.3,13.5,24,1/29/16,1,A2M,Archival
1/30/16,6.708534241,5.890666485,32.34276962,-0.034077823,-0.216769934,21.4,23.1,83.3,5.3,16.3,13.5,24,1/30/16,1,A2M,Archival
1/31/16,6.600809574,5.866022587,32.3782959,-0.030616124,-0.217884302,21.4,23.1,83.3,5.3,16.3,13.5,24,1/31/16,1,A2M,Archival
2/1/16,7.123172283,6.283555984,32.47027588,-0.034984012,-0.211143017,21.4,23.1,83.3,5.3,16.3,13.5,24,2/1/16,1,A2M,Archival
2/2/16,7.025402546,6.504971981,32.3522377,-0.021684607,-0.24655056,21.4,23.1,83.3,5.3,16.3,13.5,24,2/2/16,1,A2M,Archival
2/3/16,6.991109371,6.570810795,32.39838791,-0.017512441,-0.185797632,21.4,23.1,83.3,5.3,16.3,13.5,24,2/3/16,1,A2M,Archival
2/4/16,7.281919003,6.700032711,32.2560997,-0.024245262,-0.139893338,21.4,23.1,83.3,5.3,16.3,13.5,24,2/4/16,1,A2M,Archival
2/5/16,6.759455204,6.268728256,32.20878983,-0.020446956,-0.190679133,21.4,23.1,83.3,5.3,16.3,13.5,24,2/5/16,1,A2M,Archival
2/6/16,6.637182713,6.281518936,32.34848785,-0.014819324,-0.2505835,21.4,23.1,83.3,5.3,16.3,13.5,24,2/6/16,1,A2M,Archival
2/7/16,6.823029995,6.031551361,32.13763809,-0.032978276,-0.159883276,21.4,23.1,83.3,5.3,16.3,13.5,24,2/7/16,1,A2M,Archival
2/8/16,6.969189167,6.778678894,32.54960251,-0.007937928,0.280850589,21.4,23.1,83.3,5.3,16.3,13.5,24,2/8/16,1,A2M,Archival
2/9/16,6.812505245,6.838342667,32.37350082,0.001076559,0.291376978,21.4,23.1,83.3,5.3,16.3,13.5,24,2/9/16,1,A2M,Archival
2/10/16,6.833479404,6.378966808,31.30970192,-0.018938025,0.064478733,21.4,23.1,83.3,5.3,16.3,13.5,24,2/10/16,0,A2M,Archival
2/11/16,6.58509016,5.833932877,31.18233299,-0.03129822,-0.264338762,21.4,23.1,83.3,5.3,16.3,13.5,24,2/11/16,0,A2M,Archival
2/12/16,6.717698574,5.530498981,31.5809021,-0.04946665,-0.35642913,21.4,23.1,83.3,5.3,16.3,13.5,24,2/12/16,1,A2M,Archival
2/13/16,6.741685867,5.473409176,31.82683372,-0.052844862,-0.328168303,21.4,23.1,83.3,5.3,16.3,13.5,24,2/13/16,0,A2M,Archival
2/14/16,4.445146084,4.189389229,32.08641815,-0.010656536,-0.511134148,21.4,23.1,83.3,5.3,16.3,13.5,24,2/14/16,0,A2M,Archival
2/15/16,4.634617329,4.006364346,32.18907166,-0.026177208,-0.330246359,21.4,23.1,83.3,5.3,16.3,13.5,24,2/15/16,1,A2M,Archival
2/16/16,4.967006207,4.004640102,32.02233505,-0.040098588,-0.112011172,21.4,23.1,83.3,5.3,16.3,13.5,24,2/16/16,1,A2M,Archival
2/17/16,6.282478333,4.981582642,32.11815643,-0.054203987,-0.26117897,21.4,23.1,83.3,5.3,16.3,13.5,24,2/17/16,0,A2M,Archival
2/18/16,6.228069305,5.115481853,32.15420151,-0.04635781,-0.371786863,21.4,23.1,83.3,5.3,16.3,13.5,24,2/18/16,1,A2M,Archival
2/19/16,5.836077213,5.372876644,32.37230301,-0.019300024,-0.294787884,21.4,23.1,83.3,5.3,16.3,13.5,24,2/19/16,0,A2M,Archival
2/20/16,5.528907299,5.247276783,32.14928055,-0.011734605,-0.228977725,21.4,23.1,83.3,5.3,16.3,13.5,24,2/20/16,0,A2M,Archival
2/21/16,5.904859066,4.711680889,31.81507111,-0.049715757,-0.226864815,21.4,23.1,83.3,5.3,16.3,13.5,24,2/21/16,1,A2M,Archival
2/22/16,6.007259369,5.101457119,31.88714027,-0.03774176,-0.167697147,21.4,23.1,83.3,5.3,16.3,13.5,24,2/22/16,0,A2M,Archival
2/23/16,5.173507214,5.195937634,32.13681412,0.000934601,-0.066988662,21.4,23.1,83.3,5.3,16.3,13.5,24,2/23/16,0,A2M,Archival
2/24/16,4.589217663,5.310695171,31.90373802,0.030061563,0.116529673,21.4,23.1,83.3,5.3,16.3,13.5,24,2/24/16,0,A2M,Archival
2/25/16,5.044476986,5.088530064,31.59235382,0.001835545,-0.049287241,21.4,23.1,83.3,5.3,16.3,13.5,24,2/25/16,1,A2M,Archival
2/26/16,6.461379528,5.755680084,32.10678864,-0.029404143,-0.464230865,21.4,23.1,83.3,5.3,16.3,13.5,24,2/26/16,0,A2M,Archival
2/27/16,6.402992725,5.841262817,32.28138351,-0.023405413,-0.385244101,21.4,23.1,83.3,5.3,16.3,13.5,24,2/27/16,1,A2M,Archival
2/28/16,6.625721455,5.76981163,31.98610497,-0.035662909,-0.337707132,21.4,23.1,83.3,5.3,16.3,13.5,24,2/28/16,1,A2M,Archival
3/1/16,6.21749258,5.239510059,31.86354828,-0.040749272,-0.268275797,21.4,23.1,83.3,5.3,16.3,13.5,24,3/1/16,0,A2M,Archival
3/2/16,6.804913044,5.580518723,32.11163712,-0.05101643,-0.144539759,21.4,23.1,83.3,5.3,16.3,13.5,24,3/2/16,1,A2M,Archival
3/3/16,6.725907803,5.857691288,31.95053673,-0.036175688,-0.323792309,21.4,23.1,83.3,5.3,16.3,13.5,24,3/3/16,1,A2M,Archival
3/4/16,6.800551891,6.173972607,32.10097122,-0.02610747,-0.098590642,21.4,23.1,83.3,5.3,16.3,13.5,24,3/4/16,1,A2M,Archival
3/5/16,6.551919937,6.218111515,31.87261772,-0.013908684,-0.087961726,21.4,23.1,83.3,5.3,16.3,13.5,24,3/5/16,1,A2M,Archival
3/6/16,6.6751194,5.873841763,30.95535278,-0.033386568,-0.108266085,21.4,23.1,83.3,5.3,16.3,13.5,24,3/6/16,0,A2M,Archival
3/7/16,6.768962383,6.061896801,30.94735146,-0.029461066,-0.228948787,21.4,23.1,83.3,5.3,16.3,13.5,24,3/7/16,1,A2M,Archival
3/8/16,7.007750988,6.468078613,30.92050743,-0.022486349,-0.289997905,21.4,23.1,83.3,5.3,16.3,13.5,24,3/8/16,1,A2M,Archival
3/9/16,7.093158722,6.573715687,30.94252968,-0.02164346,-0.187447563,21.4,23.1,83.3,5.3,16.3,13.5,24,3/9/16,1,A2M,Archival
3/10/16,7.39993906,7.011663914,30.96420288,-0.016178131,-0.201204851,21.4,23.1,83.3,5.3,16.3,13.5,24,3/10/16,0,A2M,Archival
3/11/16,7.669261932,7.683582306,31.13254356,0.000596682,-0.294750065,21.4,23.1,83.3,5.3,16.3,13.5,24,3/11/16,1,A2M,Archival
3/12/16,7.868248463,8.241488457,30.81963158,0.015551666,-0.220870659,21.4,23.1,83.3,5.3,16.3,13.5,24,3/12/16,1,A2M,Archival
3/13/16,7.773390293,8.400761604,30.64737892,0.026140471,-0.215379521,21.4,23.1,83.3,5.3,16.3,13.5,24,3/13/16,0,A2M,Archival
3/14/16,7.710772991,8.441140175,30.81591988,0.030431966,-0.100533821,21.4,23.1,83.3,5.3,16.3,13.5,24,3/14/16,1,A2M,Archival
3/15/16,6.703250885,6.875268936,30.64028358,0.007167419,0.072128884,21.4,23.1,83.3,5.3,16.3,13.5,24,3/15/16,1,A2M,Archival
3/16/16,6.343626022,6.889448643,30.77544594,0.022742609,-0.071085185,21.4,23.1,83.3,5.3,16.3,13.5,24,3/16/16,1,A2M,Archival
3/17/16,6.416324615,7.283548832,30.91161919,0.036134342,-0.052143112,21.4,23.1,83.3,5.3,16.3,13.5,24,3/17/16,1,A2M,Archival
3/18/16,6.347563267,7.653982162,30.93490601,0.054434121,-0.131176919,21.4,23.1,83.3,5.3,16.3,13.5,24,3/18/16,1,A2M,Archival
3/19/16,6.501001358,7.74971962,31.01777649,0.052029928,-0.128172129,21.4,23.1,83.3,5.3,16.3,13.5,24,3/19/16,1,A2M,Archival
3/20/16,6.526452541,7.567193508,31.78916168,0.043364207,-0.001496534,21.4,23.1,83.3,5.3,16.3,13.5,24,3/20/16,0,A2M,Archival
3/21/16,6.768308163,6.767289639,32.23832321,-4.24385E-05,0.004979886,21.4,23.1,83.3,5.3,16.3,13.5,24,3/21/16,1,A2M,Archival
3/22/16,6.789274693,6.703237534,31.93916893,-0.003584882,-0.286525697,21.4,23.1,83.3,5.3,16.3,13.5,24,3/22/16,1,A2M,Archival
3/23/16,6.926021099,7.128082752,31.1479702,0.008419236,-0.387726635,21.4,23.1,83.3,5.3,16.3,13.5,24,3/23/16,1,A2M,Archival
3/24/16,6.768215179,6.843911648,31.21897888,0.00315402,-0.292509049,21.4,23.1,83.3,5.3,16.3,13.5,24,3/24/16,0,A2M,Archival
3/25/16,6.945150852,7.269291401,31.45984459,0.013505856,-0.17946516,21.4,23.1,83.3,5.3,16.3,13.5,24,3/25/16,0,A2M,Archival
3/26/16,7.021270275,7.677688122,31.58394623,0.027350744,-0.235645115,21.4,23.1,83.3,5.3,16.3,13.5,24,3/26/16,1,A2M,Archival
3/27/16,6.468393326,7.529844284,31.44325447,0.044227123,-0.094735093,21.4,23.1,83.3,5.3,16.3,13.5,24,3/27/16,1,A2M,Archival
3/28/16,6.390622616,8.025425911,31.32517242,0.068116804,0.012750763,21.4,23.1,83.3,5.3,16.3,13.5,24,3/28/16,0,A2M,Archival
3/29/16,6.514863968,7.795714855,31.24354744,0.053368787,-0.340552062,21.4,23.1,83.3,5.3,16.3,13.5,24,3/29/16,0,A2M,Archival
3/30/16,6.926385403,7.769765377,31.50830269,0.035140832,-0.42792964,21.4,23.1,83.3,5.3,16.3,13.5,24,3/30/16,0,A2M,Archival
3/31/16,6.970941544,8.019838333,31.4779892,0.043704033,-0.274500579,21.4,23.1,83.3,5.3,16.3,13.5,24,3/31/16,0,A2M,Archival
4/1/16,7.148408413,8.691888809,31.61255836,0.064311683,-0.228580713,21.4,23.1,83.3,5.3,16.3,13.5,24,4/1/16,0,A2M,Archival
4/2/16,8.878060341,8.807351112,31.60897064,-0.002946218,-0.224039242,21.4,23.1,83.3,5.3,16.3,13.5,24,4/2/16,0,A2M,Archival
4/3/16,9.186930656,8.818572044,32.32193375,-0.015348276,-0.407734245,21.4,23.1,83.3,5.3,16.3,13.5,24,4/3/16,1,A2M,Archival
4/4/16,9.444788933,8.854704857,32.74219894,-0.024586836,-0.387440056,21.4,23.1,83.3,5.3,16.3,13.5,24,4/4/16,0,A2M,Archival
4/5/16,8.562884331,8.621687889,32.85034561,0.002450148,-0.246579587,21.4,23.1,83.3,5.3,16.3,13.5,24,4/5/16,0,A2M,Archival
4/6/16,8.486474037,8.421015739,32.74172974,-0.002727429,-0.236769274,21.4,23.1,83.3,5.3,16.3,13.5,24,4/6/16,0,A2M,Archival
4/7/16,8.507538795,8.642400742,32.43965912,0.005619248,-0.082770057,21.4,23.1,83.3,5.3,16.3,13.5,24,4/7/16,0,A2M,Archival
4/8/16,8.697974205,8.831906319,32.59905243,0.005580505,-0.116434216,21.4,23.1,83.3,5.3,16.3,13.5,24,4/8/16,0,A2M,Archival
4/9/16,8.871357918,9.013449669,32.62918472,0.00592049,-0.142067254,21.4,23.1,83.3,5.3,16.3,13.5,24,4/9/16,0,A2M,Archival
4/10/16,8.864527702,8.942489624,32.76031113,0.003248413,-0.213569045,21.4,23.1,83.3,5.3,16.3,13.5,24,4/10/16,0,A2M,Archival
4/11/16,8.70811367,8.745757103,32.58233643,0.001568476,-0.334052116,21.4,23.1,83.3,5.3,16.3,13.5,24,4/11/16,0,A2M,Archival
4/12/16,8.868807793,9.046851158,32.75969696,0.007418474,-0.271293253,21.4,23.1,83.3,5.3,16.3,13.5,24,4/12/16,0,A2M,Archival
4/13/16,9.020939827,9.131877899,32.91703415,0.00462242,-0.182974458,21.4,23.1,83.3,5.3,16.3,13.5,24,4/13/16,0,A2M,Archival
4/14/16,8.278419495,8.888073921,33.10118866,0.025402268,-0.18642576,21.4,23.1,83.3,5.3,16.3,13.5,24,4/14/16,0,A2M,Archival
4/15/16,8.43142128,9.052859306,33.10179138,0.025893251,-0.14400287,21.4,23.1,83.3,5.3,16.3,13.5,24,4/15/16,0,A2M,Archival
4/16/16,8.644174576,9.17258358,33.03260422,0.022017042,-0.059882417,21.4,23.1,83.3,5.3,16.3,13.5,24,4/16/16,0,A2M,Archival
4/17/16,8.591088295,9.158107758,32.68083572,0.023625811,0.03965823,21.4,23.1,83.3,5.3,16.3,13.5,24,4/17/16,0,A2M,Archival
4/18/16,8.867855072,9.58325386,32.56820297,0.029808283,-0.026618594,21.4,23.1,83.3,5.3,16.3,13.5,24,4/18/16,0,A2M,Archival
4/19/16,8.991269112,10.40930271,32.40967178,0.059084733,-0.029643124,21.4,23.1,83.3,5.3,16.3,13.5,24,4/19/16,0,A2M,Archival
4/20/16,8.773022652,10.546422,32.41422653,0.07389164,-0.172692522,21.4,23.1,83.3,5.3,16.3,13.5,24,4/20/16,0,A2M,Archival
4/21/16,8.770524025,10.58155632,32.36147308,0.075459679,-0.123163603,21.4,23.1,83.3,5.3,16.3,13.5,24,4/21/16,0,A2M,Archival
4/22/16,8.804049492,11.23140621,32.2626915,0.101139863,-0.150777712,21.4,23.1,83.3,5.3,16.3,13.5,24,4/22/16,0,A2M,Archival
4/23/16,8.402074814,11.50580502,32.16673279,0.129322092,-0.004563311,21.4,23.1,83.3,5.3,16.3,13.5,24,4/23/16,0,A2M,Archival
4/24/16,8.382629395,11.43804073,32.15982819,0.127308806,-0.064852409,21.4,23.1,83.3,5.3,16.3,13.5,24,4/24/16,0,A2M,Archival
4/25/16,8.305815697,11.42574406,31.94282532,0.129997015,-0.038089521,21.4,23.1,83.3,5.3,16.3,13.5,24,4/25/16,0,A2M,Archival
4/26/16,8.621397972,11.70131397,31.9688282,0.128329833,-0.04463217,21.4,23.1,83.3,5.3,16.3,13.5,24,4/26/16,0,A2M,Archival
4/27/16,8.675425529,11.94044113,32.14687729,0.136042317,0.044388514,21.4,23.1,83.3,5.3,16.3,13.5,24,4/27/16,0,A2M,Archival
4/28/16,8.4696064,11.70559692,32.06058121,0.134832939,0.016933493,21.4,23.1,83.3,5.3,16.3,13.5,24,4/28/16,0,A2M,Archival
4/29/16,9.159318924,11.69494724,32.10728836,0.10565118,0.033406314,21.4,23.1,83.3,5.3,16.3,13.5,24,4/29/16,0,A2M,Archival
4/30/16,9.655026436,11.31833553,31.97417259,0.069304546,0.019647315,21.4,23.1,83.3,5.3,16.3,13.5,24,4/30/16,0,A2M,Archival
5/1/16,10.01428986,11.50568676,31.89589882,0.062141538,-0.048085693,21.4,23.1,83.3,5.3,16.3,13.5,24,5/1/16,0,A2M,Archival
5/2/16,10.35301971,12.40126705,31.57563591,0.085343639,0.012510446,21.4,23.1,83.3,5.3,16.3,13.5,24,5/2/16,0,A2M,Archival
5/3/16,10.19382,12.98386383,31.24316216,0.116251826,0.015937543,21.4,23.1,83.3,5.3,16.3,13.5,24,5/3/16,0,A2M,Archival
5/4/16,10.26522541,12.92790699,31.43388176,0.110945066,0.08676634,21.4,23.1,83.3,5.3,16.3,13.5,24,5/4/16,0,A2M,Archival
5/5/16,10.60663128,11.64315891,32.21968842,0.043188651,0.159363762,21.4,23.1,83.3,5.3,16.3,13.5,24,5/5/16,0,A2M,Archival
5/6/16,10.74932098,10.77024078,32.61263657,0.000871658,0.155081466,21.4,23.1,83.3,5.3,16.3,13.5,24,5/6/16,0,A2M,Archival
5/7/16,10.58222103,11.20066071,32.39779663,0.02576832,0.074888177,21.4,23.1,83.3,5.3,16.3,13.5,24,5/7/16,0,A2M,Archival
5/8/16,10.27815723,12.03594971,31.76851845,0.073241353,-0.036018528,21.4,23.1,83.3,5.3,16.3,13.5,24,5/8/16,0,A2M,Archival
5/9/16,10.29641914,12.28107548,31.7845974,0.082694014,-0.128144294,21.4,23.1,83.3,5.3,16.3,13.5,24,5/9/16,0,A2M,Archival
5/10/16,10.36712646,12.84511662,31.67365074,0.10324959,-0.116825439,21.4,23.1,83.3,5.3,16.3,13.5,24,5/10/16,0,A2M,Archival
5/11/16,10.60342121,12.89959049,31.57180786,0.09567372,-0.160517663,21.4,23.1,83.3,5.3,16.3,13.5,24,5/11/16,0,A2M,Archival
5/12/16,10.52879524,13.23295498,31.60830879,0.112673322,-0.112510182,21.4,23.1,83.3,5.3,16.3,13.5,24,5/12/16,0,A2M,Archival
5/13/16,10.39977074,13.3917284,31.53092957,0.124664903,-0.062995173,21.4,23.1,83.3,5.3,16.3,13.5,24,5/13/16,0,A2M,Archival
5/14/16,11.58369732,13.40056324,31.25863838,0.075702747,-0.025751987,21.4,23.1,83.3,5.3,16.3,13.5,24,5/14/16,0,A2M,Archival
5/15/16,11.49886703,13.34086514,31.36992836,0.076749921,-0.159219816,21.4,23.1,83.3,5.3,16.3,13.5,24,5/15/16,0,A2M,Archival
5/16/16,11.34463978,13.0270195,31.5240345,0.070099155,-0.345830351,21.4,23.1,83.3,5.3,16.3,13.5,24,5/16/16,0,A2M,Archival
5/17/16,10.7874527,13.30295658,31.38619423,0.104812662,-0.371718287,21.4,23.1,83.3,5.3,16.3,13.5,24,5/17/16,0,A2M,Archival
5/18/16,10.61874104,13.56242752,31.43015099,0.122653604,-0.193706334,21.4,23.1,83.3,5.3,16.3,13.5,24,5/18/16,0,A2M,Archival
5/19/16,10.78208923,13.2620821,31.71363831,0.103333036,-0.125161633,21.4,23.1,83.3,5.3,16.3,13.5,24,5/19/16,0,A2M,Archival
5/20/16,11.07470608,13.3668623,31.55382538,0.095506509,-0.200065494,21.4,23.1,83.3,5.3,16.3,13.5,24,5/20/16,0,A2M,Archival
5/21/16,11.0123558,13.37141323,31.59025764,0.098294059,-0.092994958,21.4,23.1,83.3,5.3,16.3,13.5,24,5/21/16,0,A2M,Archival
5/22/16,11.69160843,12.23352432,31.84249687,0.022579829,0.017060941,21.4,23.1,83.3,5.3,16.3,13.5,24,5/22/16,0,A2M,Archival
5/23/16,11.85623169,12.5366478,31.73715401,0.028350671,-0.010547857,21.4,23.1,83.3,5.3,16.3,13.5,24,5/23/16,0,A2M,Archival
5/24/16,11.99812794,13.49570942,31.23283195,0.062399228,-0.044058133,21.4,23.1,83.3,5.3,16.3,13.5,24,5/24/16,0,A2M,Archival
5/25/16,11.87483311,14.35734177,30.49718285,0.103437861,-0.074901164,21.4,23.1,83.3,5.3,16.3,13.5,24,5/25/16,0,A2M,Archival
5/26/16,12.05603027,15.04992676,30.49353981,0.124745687,-0.186381623,21.4,23.1,83.3,5.3,16.3,13.5,24,5/26/16,0,A2M,Archival
5/27/16,11.9548378,15.55528259,30.25588417,0.150018533,-0.176165581,21.4,23.1,83.3,5.3,16.3,13.5,24,5/27/16,0,A2M,Archival
5/28/16,11.75758743,15.79008389,30.74019623,0.168020686,-0.192868352,21.4,23.1,83.3,5.3,16.3,13.5,24,5/28/16,0,A2M,Archival
5/29/16,12.06040478,17.45396042,30.94125175,0.224731485,-0.174706936,21.4,23.1,83.3,5.3,16.3,13.5,24,5/29/16,0,A2M,Archival
5/30/16,11.92509842,17.95810509,31.03330803,0.251375278,-0.061376497,21.4,23.1,83.3,5.3,16.3,13.5,24,5/30/16,0,A2M,Archival
5/31/16,11.92648983,18.3902874,30.89538765,0.269324899,-0.074194036,21.4,23.1,83.3,5.3,16.3,13.5,24,5/31/16,0,A2M,Archival
6/1/16,12.05504513,18.89869118,30.94646645,0.285151919,-0.129899755,21.4,23.1,83.3,5.3,16.3,13.5,24,6/1/16,0,A2M,Archival
6/2/16,12.00392818,19.22313881,31.01438141,0.300800443,-0.048124462,21.4,23.1,83.3,5.3,16.3,13.5,24,6/2/16,0,A2M,Archival
6/3/16,12.28509998,19.47607994,31.00133705,0.299624165,0.010420871,21.4,23.1,83.3,5.3,16.3,13.5,24,6/3/16,0,A2M,Archival
6/4/16,11.97283459,19.27778435,30.9337368,0.304372907,-0.070937596,21.4,23.1,83.3,5.3,16.3,13.5,24,6/4/16,0,A2M,Archival
6/5/16,11.78116131,19.49053764,30.86878204,0.321224014,-0.041475903,21.4,23.1,83.3,5.3,16.3,13.5,24,6/5/16,0,A2M,Archival
6/6/16,11.54526043,18.88201523,30.85036659,0.305698117,-0.005441839,21.4,23.1,83.3,5.3,16.3,13.5,24,6/6/16,0,A2M,Archival
6/7/16,12.84154224,19.20497322,30.88947105,0.265142957,0.026653444,21.4,23.1,83.3,5.3,16.3,13.5,24,6/7/16,0,A2M,Archival
6/8/16,12.98780918,19.38498688,30.80011177,0.266549071,-0.040787395,21.4,23.1,83.3,5.3,16.3,13.5,24,6/8/16,0,A2M,Archival
6/9/16,13.4414072,18.03150558,31.23402214,0.191254099,-0.142021522,21.4,23.1,83.3,5.3,16.3,13.5,24,6/9/16,0,A2M,Archival
6/10/16,13.04387951,18.21952248,31.24661827,0.21565179,-0.153141081,21.4,23.1,83.3,5.3,16.3,13.5,24,6/10/16,0,A2M,Archival
6/11/16,12.77654362,18.42994499,31.30876732,0.235558391,-0.068312414,21.4,23.1,83.3,5.3,16.3,13.5,24,6/11/16,0,A2M,Archival
6/12/16,12.5575304,19.0039196,31.30700684,0.26859955,-0.02648952,21.4,23.1,83.3,5.3,16.3,13.5,24,6/12/16,0,A2M,Archival
6/13/16,12.82179642,19.13184547,31.25505257,0.262918711,-0.012567717,21.4,23.1,83.3,5.3,16.3,13.5,24,6/13/16,0,A2M,Archival
6/14/16,12.83616257,19.35629463,31.3320694,0.271672169,-0.051937237,21.4,23.1,83.3,5.3,16.3,13.5,24,6/14/16,0,A2M,Archival
6/15/16,12.81485462,19.46712494,31.30197716,0.27717793,-0.063220344,21.4,23.1,83.3,5.3,16.3,13.5,24,6/15/16,0,A2M,Archival
6/16/16,12.85700989,19.59186745,31.23402977,0.280619065,0.006566456,21.4,23.1,83.3,5.3,16.3,13.5,24,6/16/16,0,A2M,Archival
6/17/16,13.07318783,19.12938499,31.57179451,0.252341549,-0.003582266,21.4,23.1,83.3,5.3,16.3,13.5,24,6/17/16,0,A2M,Archival
6/18/16,13.29766178,18.94593811,31.80796242,0.235344847,-0.094922476,21.4,23.1,83.3,5.3,16.3,13.5,24,6/18/16,0,A2M,Archival
6/19/16,12.47565556,19.77375221,31.82783699,0.304087361,-0.15006353,21.4,23.1,83.3,5.3,16.3,13.5,24,6/19/16,0,A2M,Archival
6/20/16,12.2979784,20.4109726,31.39362526,0.338041425,-0.139553443,21.4,23.1,83.3,5.3,16.3,13.5,24,6/20/16,0,A2M,Archival
6/21/16,12.17751408,20.60347557,31.22866631,0.351081729,-0.115239091,21.4,23.1,83.3,5.3,16.3,13.5,24,6/21/16,0,A2M,Archival
6/22/16,12.79341125,20.74476433,31.08299065,0.331306378,-0.118222088,21.4,23.1,83.3,5.3,16.3,13.5,24,6/22/16,0,A2M,Archival
6/23/16,12.78815079,20.96310043,31.15058708,0.340622902,-0.117715269,21.4,23.1,83.3,5.3,16.3,13.5,24,6/23/16,0,A2M,Archival
6/24/16,12.82830048,20.92662239,31.10927773,0.33743008,-0.103508033,21.4,23.1,83.3,5.3,16.3,13.5,24,6/24/16,0,A2M,Archival
6/25/16,13.37080002,21.22031212,31.03502083,0.327063004,-0.043365847,21.4,23.1,83.3,5.3,16.3,13.5,24,6/25/16,0,A2M,Archival
6/26/16,13.44839954,21.34051323,30.9524765,0.32883807,-0.090008385,21.4,23.1,83.3,5.3,16.3,13.5,24,6/26/16,0,A2M,Archival
6/27/16,13.46393967,21.82775116,30.81204224,0.348492146,-0.066106059,21.4,23.1,83.3,5.3,16.3,13.5,24,6/27/16,0,A2M,Archival
6/28/16,14.05781651,21.80977821,30.68410492,0.322998405,-0.073061787,21.4,23.1,83.3,5.3,16.3,13.5,24,6/28/16,0,A2M,Archival
6/29/16,13.98009205,21.69391441,30.88629723,0.321409265,-0.0682467,21.4,23.1,83.3,5.3,16.3,13.5,24,6/29/16,0,A2M,Archival
6/30/16,14.00828266,21.96053123,30.94984627,0.331343691,-0.101361722,21.4,23.1,83.3,5.3,16.3,13.5,24,6/30/16,0,A2M,Archival
7/1/16,14.21807194,22.22920799,30.94429207,0.333797336,-0.116102569,21.4,23.1,83.3,5.3,16.3,13.5,24,7/1/16,0,A2M,Archival
7/2/16,14.15604877,21.77128029,31.09378815,0.317301313,-0.184898838,21.4,23.1,83.3,5.3,16.3,13.5,24,7/2/16,0,A2M,Archival
7/3/16,14.44480801,22.08287239,31.19427299,0.318252683,-0.249275863,21.4,23.1,83.3,5.3,16.3,13.5,24,7/3/16,0,A2M,Archival
7/4/16,15.8373518,22.75315285,31.26264191,0.288158377,-0.234553531,21.4,23.1,83.3,5.3,16.3,13.5,24,7/4/16,0,A2M,Archival
7/5/16,15.91908169,23.34176064,31.30610847,0.309278289,-0.16921331,21.4,23.1,83.3,5.3,16.3,13.5,24,7/5/16,0,A2M,Archival
7/6/16,16.13752556,24.02355194,31.36734009,0.328584433,-0.14644298,21.4,23.1,83.3,5.3,16.3,13.5,24,7/6/16,0,A2M,Archival
7/7/16,16.07837677,24.12995338,31.45290565,0.335482359,-0.061235394,21.4,23.1,83.3,5.3,16.3,13.5,24,7/7/16,0,A2M,Archival
7/8/16,15.98921299,24.18176079,31.48915672,0.341356158,-0.029310688,21.4,23.1,83.3,5.3,16.3,13.5,24,7/8/16,0,A2M,Archival
7/9/16,15.70040989,24.86401939,31.33575439,0.381817063,0.083412625,21.4,23.1,83.3,5.3,16.3,13.5,24,7/9/16,0,A2M,Archival
7/10/16,14.68828106,24.00997925,31.19669914,0.388404091,0.081881501,21.4,23.1,83.3,5.3,16.3,13.5,24,7/10/16,0,A2M,Archival
7/11/16,14.54292965,23.38714409,31.21636963,0.368508935,-0.015753416,21.4,23.1,83.3,5.3,16.3,13.5,24,7/11/16,0,A2M,Archival
7/12/16,14.29345322,23.57256889,31.30971527,0.38662982,-0.045445994,21.4,23.1,83.3,5.3,16.3,13.5,24,7/12/16,0,A2M,Archival
7/13/16,15.16034985,24.26251411,31.23069572,0.379256845,-0.122573443,21.4,23.1,83.3,5.3,16.3,13.5,24,7/13/16,0,A2M,Archival
7/14/16,15.11845493,25.09929466,31.1044445,0.415868322,-0.093139328,21.4,23.1,83.3,5.3,16.3,13.5,24,7/14/16,0,A2M,Archival
7/15/16,14.89953613,25.52420616,31.25119019,0.442694585,-0.111841917,21.4,23.1,83.3,5.3,16.3,13.5,24,7/15/16,0,A2M,Archival
7/16/16,15.78825665,25.03909492,31.30377769,0.385451595,-0.186530456,21.4,23.1,83.3,5.3,16.3,13.5,24,7/16/16,0,A2M,Archival
7/17/16,15.42439651,24.18713951,31.41295624,0.365114292,-0.171318278,21.4,23.1,83.3,5.3,16.3,13.5,24,7/17/16,0,A2M,Archival
7/25/16,15.21284103,25.51907921,31.31184196,0.429426591,-0.007589584,21.4,23.1,83.3,5.3,16.3,13.5,24,7/25/16,0,A2M,Archival
7/26/16,15.24851227,24.66787148,31.17379189,0.3924733,0.01704298,21.4,23.1,83.3,5.3,16.3,13.5,24,7/26/16,0,A2M,Archival
7/27/16,15.08302975,25.4489212,31.18836975,0.431912144,0.030166326,21.4,23.1,83.3,5.3,16.3,13.5,24,7/27/16,0,A2M,Archival
7/28/16,15.55623913,25.94505501,31.2940731,0.432867328,0.042070102,21.4,23.1,83.3,5.3,16.3,13.5,24,7/28/16,0,A2M,Archival
7/29/16,15.41981411,25.73482704,31.42534637,0.429792205,0.070406221,21.4,23.1,83.3,5.3,16.3,13.5,24,7/29/16,0,A2M,Archival
7/30/16,15.38142872,25.19208717,31.71430779,0.408777436,-0.001703252,21.4,23.1,83.3,5.3,16.3,13.5,24,7/30/16,0,A2M,Archival
7/31/16,15.40797901,25.06334496,31.68245506,0.402306914,-0.044542044,21.4,23.1,83.3,5.3,16.3,13.5,24,7/31/16,0,A2M,Archival
8/1/16,15.23393154,25.11963654,31.7113266,0.411904375,-0.032129329,21.4,23.1,83.3,5.3,16.3,13.5,24,8/1/16,0,A2M,Archival
8/2/16,15.41397762,25.37893486,31.72535706,0.415206552,-0.00038187,21.4,23.1,83.3,5.3,16.3,13.5,24,8/2/16,0,A2M,Archival
8/3/16,15.34287262,25.65849113,31.83065224,0.429817438,0.020865269,21.4,23.1,83.3,5.3,16.3,13.5,24,8/3/16,0,A2M,Archival
8/4/16,15.88513565,25.71833611,31.9559803,0.409716686,0.031078793,21.4,23.1,83.3,5.3,16.3,13.5,24,8/4/16,0,A2M,Archival
8/5/16,16.05712128,25.42358208,31.96151543,0.3902692,0.003509083,21.4,23.1,83.3,5.3,16.3,13.5,24,8/5/16,0,A2M,Archival
8/6/16,15.19757462,24.95830345,31.62790489,0.406697035,-0.06764213,21.4,23.1,83.3,5.3,16.3,13.5,24,8/6/16,0,A2M,Archival
8/7/16,14.68612385,25.19676399,31.51467133,0.437943339,-0.078437269,21.4,23.1,83.3,5.3,16.3,13.5,24,8/7/16,0,A2M,Archival
8/8/16,14.26453686,25.59988403,31.55560112,0.472306132,-0.053742643,21.4,23.1,83.3,5.3,16.3,13.5,24,8/8/16,0,A2M,Archival
8/9/16,15.31480694,26.14498901,31.52473259,0.451257586,-0.125341758,21.4,23.1,83.3,5.3,16.3,13.5,24,8/9/16,0,A2M,Archival
8/10/16,15.16418552,26.24776268,31.48911858,0.461815715,-0.124731772,21.4,23.1,83.3,5.3,16.3,13.5,24,8/10/16,0,A2M,Archival
8/11/16,14.54815769,26.29517555,31.57201958,0.489459078,-0.128023908,21.4,23.1,83.3,5.3,16.3,13.5,24,8/11/16,0,A2M,Archival
8/12/16,16.05547905,26.3148098,31.83453941,0.427472115,-0.195681944,21.4,23.1,83.3,5.3,16.3,13.5,24,8/12/16,0,A2M,Archival
8/13/16,15.27461147,25.77112007,31.99382973,0.437354525,-0.152615368,21.4,23.1,83.3,5.3,16.3,13.5,24,8/13/16,0,A2M,Archival
8/14/16,14.65100002,25.50474548,32.07899857,0.452239394,-0.086597264,21.4,23.1,83.3,5.3,16.3,13.5,24,8/14/16,0,A2M,Archival
8/15/16,15.36545849,26.43790436,32.13386536,0.461351911,-0.167841062,21.4,23.1,83.3,5.3,16.3,13.5,24,8/15/16,0,A2M,Archival
8/16/16,15.82473755,26.92646027,32.16336441,0.46257178,-0.156433508,21.4,23.1,83.3,5.3,16.3,13.5,24,8/16/16,0,A2M,Archival
8/17/16,15.53314304,25.32089043,32.09266663,0.407822808,-0.177282766,21.4,23.1,83.3,5.3,16.3,13.5,24,8/17/16,0,A2M,Archival
8/18/16,15.23349094,25.35436058,32.02305984,0.421702902,-0.158462286,21.4,23.1,83.3,5.3,16.3,13.5,24,8/18/16,0,A2M,Archival
8/19/16,15.16754913,25.72260475,31.96844482,0.439793984,-0.068034321,21.4,23.1,83.3,5.3,16.3,13.5,24,8/19/16,0,A2M,Archival
8/20/16,15.51551056,26.05144691,31.8957386,0.438997348,0.015632028,21.4,23.1,83.3,5.3,16.3,13.5,24,8/20/16,0,A2M,Archival
8/21/16,16.08615685,26.06337166,31.87053108,0.415717284,0.072257854,21.4,23.1,83.3,5.3,16.3,13.5,24,8/21/16,0,A2M,Archival
8/22/16,16.15458488,25.25756073,31.81477356,0.37929066,0.046305347,21.4,23.1,83.3,5.3,16.3,13.5,24,8/22/16,0,A2M,Archival
8/23/16,16.84206581,25.19875336,31.99284554,0.348195314,-0.004800277,21.4,23.1,83.3,5.3,16.3,13.5,24,8/23/16,0,A2M,Archival
8/24/16,16.70209503,24.97587585,32.07263565,0.344740868,-0.100079,21.4,23.1,83.3,5.3,16.3,13.5,24,8/24/16,0,A2M,Archival
8/25/16,16.67435265,24.41365814,31.84222603,0.322471062,-0.061652731,21.4,23.1,83.3,5.3,16.3,13.5,24,8/25/16,0,A2M,Archival
8/26/16,16.24795341,24.18154335,31.99297333,0.330566247,-0.038045015,21.4,23.1,83.3,5.3,16.3,13.5,24,8/26/16,0,A2M,Archival
8/27/16,16.79044342,24.7030468,32.15660477,0.329691807,-0.046994749,21.4,23.1,83.3,5.3,16.3,13.5,24,8/27/16,0,A2M,Archival
8/28/16,16.9930687,24.97504234,32.16979218,0.332582235,0.002426893,21.4,23.1,83.3,5.3,16.3,13.5,24,8/28/16,0,A2M,Archival
8/29/16,17.18233299,24.95823479,32.11838531,0.323995908,0.022972772,21.4,23.1,83.3,5.3,16.3,13.5,24,8/29/16,0,A2M,Archival
8/30/16,15.81694126,25.27638817,31.95132446,0.394143621,-0.047532003,21.4,23.1,83.3,5.3,16.3,13.5,24,8/30/16,0,A2M,Archival
8/31/16,15.71418858,25.32125664,31.74813843,0.400294503,0.032526191,21.4,23.1,83.3,5.3,16.3,13.5,24,8/31/16,0,A2M,Archival
9/1/16,15.64212513,25.20531654,31.67630196,0.398466309,0.084519833,21.4,23.1,83.3,5.3,16.3,13.5,24,9/1/16,0,A2M,Archival
9/2/16,15.3303957,24.27071381,31.64733315,0.372513254,0.05903976,21.4,23.1,83.3,5.3,16.3,13.5,24,9/2/16,0,A2M,Archival
9/3/16,16.39450264,23.3992672,31.97985077,0.29186519,0.222815692,21.4,23.1,83.3,5.3,16.3,13.5,24,9/3/16,0,A2M,Archival
9/4/16,21.67172241,22.27448082,32.28598404,0.025114934,0.334152699,21.4,23.1,83.3,5.3,16.3,13.5,24,9/4/16,0,A2M,Archival
9/5/16,22.8882122,23.00710297,32.36597061,0.004953782,0.344913363,21.4,23.1,83.3,5.3,16.3,13.5,24,9/5/16,0,A2M,Archival
9/6/16,22.80386353,22.94016457,32.21789551,0.00567921,0.219492316,21.4,23.1,83.3,5.3,16.3,13.5,24,9/6/16,0,A2M,Archival
9/7/16,22.81562233,23.11252403,32.14646149,0.012370904,0.0809815,21.4,23.1,83.3,5.3,16.3,13.5,24,9/7/16,0,A2M,Archival
9/8/16,23.43091393,23.66368675,31.90205193,0.009698868,0.009291339,21.4,23.1,83.3,5.3,16.3,13.5,24,9/8/16,0,A2M,Archival
9/9/16,23.43216705,24.11625099,31.82398224,0.028503497,-0.037269596,21.4,23.1,83.3,5.3,16.3,13.5,24,9/9/16,0,A2M,Archival
9/10/16,23.27687073,24.31255913,31.84758949,0.043153683,-0.075451382,21.4,23.1,83.3,5.3,16.3,13.5,24,9/10/16,0,A2M,Archival
9/11/16,21.57117653,23.90334892,31.85838318,0.09717385,-0.076842837,21.4,23.1,83.3,5.3,16.3,13.5,24,9/11/16,0,A2M,Archival
9/12/16,21.23674583,23.730093,31.93363953,0.103889465,-0.079184674,21.4,23.1,83.3,5.3,16.3,13.5,24,9/12/16,0,A2M,Archival
9/13/16,21.04472923,23.49497986,31.95613098,0.102093776,-0.119677357,21.4,23.1,83.3,5.3,16.3,13.5,24,9/13/16,0,A2M,Archival
9/14/16,20.52392387,23.20095253,31.84274864,0.111542861,-0.053957816,21.4,23.1,83.3,5.3,16.3,13.5,24,9/14/16,0,A2M,Archival
9/15/16,20.36515236,23.20607948,31.87161827,0.118371964,-0.011883688,21.4,23.1,83.3,5.3,16.3,13.5,24,9/15/16,0,A2M,Archival
9/16/16,20.82859612,22.70013428,31.91234398,0.077980757,0.001477523,21.4,23.1,83.3,5.3,16.3,13.5,24,9/16/16,0,A2M,Archival
9/17/16,21.88385963,22.57487488,32.23207474,0.028792302,-0.025027448,21.4,23.1,83.3,5.3,16.3,13.5,24,9/17/16,0,A2M,Archival
9/18/16,21.68748665,23.05410957,32.15340042,0.056942622,-0.070987672,21.4,23.1,83.3,5.3,16.3,13.5,24,9/18/16,0,A2M,Archival
9/19/16,21.06914139,23.56797791,32.05833817,0.104118188,-0.042079121,21.4,23.1,83.3,5.3,16.3,13.5,24,9/19/16,0,A2M,Archival
9/20/16,21.47658348,23.59110451,31.89434052,0.088105043,0.014583032,21.4,23.1,83.3,5.3,16.3,13.5,24,9/20/16,0,A2M,Archival
9/21/16,21.62779999,23.47464561,31.93148994,0.076951901,0.029001044,21.4,23.1,83.3,5.3,16.3,13.5,24,9/21/16,0,A2M,Archival
9/22/16,21.91926765,23.28002357,32.02578354,0.056698163,0.05858627,21.4,23.1,83.3,5.3,16.3,13.5,24,9/22/16,0,A2M,Archival
9/23/16,21.72432518,23.17636681,31.94081306,0.060501734,0.07265076,21.4,23.1,83.3,5.3,16.3,13.5,24,9/23/16,0,A2M,Archival
9/24/16,21.58330727,23.16998482,31.84702492,0.066111565,0.03919391,21.4,23.1,83.3,5.3,16.3,13.5,24,9/24/16,0,A2M,Archival
9/25/16,22.05356789,22.48592186,31.71528435,0.018014749,0.012577622,21.4,23.1,83.3,5.3,16.3,13.5,24,9/25/16,0,A2M,Archival
9/26/16,20.18551064,21.30308723,31.6364193,0.046565692,-0.064500183,21.4,23.1,83.3,5.3,16.3,13.5,24,9/26/16,0,A2M,Archival
9/27/16,19.51196098,21.310812,31.59304047,0.074952126,-0.041548163,21.4,23.1,83.3,5.3,16.3,13.5,24,9/27/16,0,A2M,Archival
9/28/16,19.17489243,21.36013222,31.61104774,0.091051658,0.014460281,21.4,23.1,83.3,5.3,16.3,13.5,24,9/28/16,0,A2M,Archival
9/29/16,20.52956581,21.54173851,31.68748283,0.042173862,0.237518147,21.4,23.1,83.3,5.3,16.3,13.5,24,9/29/16,0,A2M,Archival
9/30/16,21.68997002,21.78272247,31.81508064,0.003864686,0.39027527,21.4,23.1,83.3,5.3,16.3,13.5,24,9/30/16,0,A2M,Archival
10/1/16,22.13216972,22.25520325,31.85194588,0.005126397,0.306650728,21.4,23.1,83.3,5.3,16.3,13.5,24,10/1/16,0,A2M,Archival
10/2/16,20.76788521,22.0178299,31.80834961,0.052081029,0.130611211,21.4,23.1,83.3,5.3,16.3,13.5,24,10/2/16,0,A2M,Archival
10/3/16,20.71886253,21.93397713,31.7681427,0.050629775,0.073414572,21.4,23.1,83.3,5.3,16.3,13.5,24,10/3/16,0,A2M,Archival
10/4/16,20.65020943,21.56773949,31.71241188,0.038230419,0.111153357,21.4,23.1,83.3,5.3,16.3,13.5,24,10/4/16,0,A2M,Archival
10/5/16,20.74941635,20.73801422,31.56222343,-0.000475089,0.243753329,21.4,23.1,83.3,5.3,16.3,13.5,24,10/5/16,0,A2M,Archival
10/6/16,20.40270042,20.40768242,31.51076317,0.000207583,0.099498041,21.4,23.1,83.3,5.3,16.3,13.5,24,10/6/16,0,A2M,Archival
10/7/16,20.35137367,20.38421822,31.52099419,0.001368523,0.043300252,21.4,23.1,83.3,5.3,16.3,13.5,24,10/7/16,0,A2M,Archival
10/8/16,19.15704536,20.85544395,31.43282127,0.070766608,0.104173951,21.4,23.1,83.3,5.3,16.3,13.5,24,10/8/16,0,A2M,Archival
10/9/16,19.81301308,20.33682823,31.34106255,0.021825631,0.20676887,21.4,23.1,83.3,5.3,16.3,13.5,24,10/9/16,0,A2M,Archival
10/10/16,19.4246006,19.39119148,31.69894218,-0.001392047,0.176398978,21.4,23.1,83.3,5.3,16.3,13.5,24,10/10/16,0,A2M,Archival
10/11/16,18.80684471,18.83257103,31.992136,0.00107193,0.034660161,21.4,23.1,83.3,5.3,16.3,13.5,24,10/11/16,0,A2M,Archival
10/12/16,18.80033112,18.8941288,31.99462318,0.003908237,-0.002319625,21.4,23.1,83.3,5.3,16.3,13.5,24,10/12/16,0,A2M,Archival
10/13/16,18.84545898,19.08897209,31.97066307,0.010146379,0.001671337,21.4,23.1,83.3,5.3,16.3,13.5,24,10/13/16,0,A2M,Archival
10/14/16,18.64424896,18.96393013,32.0123291,0.013320049,-0.05158703,21.4,23.1,83.3,5.3,16.3,13.5,24,10/14/16,0,A2M,Archival
10/15/16,18.68764687,18.68898582,32.17366028,5.57899E-05,-0.039897904,21.4,23.1,83.3,5.3,16.3,13.5,24,10/15/16,0,A2M,Archival
10/16/16,18.60845375,18.66364861,32.1086235,0.002299786,-0.010895126,21.4,23.1,83.3,5.3,16.3,13.5,24,10/16/16,0,A2M,Archival
10/17/16,19.04037476,19.06707191,31.65100288,0.001112382,-0.036710382,21.4,23.1,83.3,5.3,16.3,13.5,24,10/17/16,0,A2M,Archival
10/18/16,19.09924316,19.31723976,31.40924644,0.009083192,0.015270573,21.4,23.1,83.3,5.3,16.3,13.5,24,10/18/16,0,A2M,Archival
10/19/16,19.10103989,19.47988129,31.42141914,0.015785058,0.031481557,21.4,23.1,83.3,5.3,16.3,13.5,24,10/19/16,0,A2M,Archival
10/20/16,19.18273354,19.56316376,31.36715698,0.015851259,0.076151282,21.4,23.1,83.3,5.3,16.3,13.5,24,10/20/16,0,A2M,Archival
10/21/16,19.16308022,19.6384182,31.46816063,0.019805749,0.20806326,21.4,23.1,83.3,5.3,16.3,13.5,24,10/21/16,0,A2M,Archival
10/22/16,19.14084816,19.26436424,31.87193871,0.005146503,0.068178244,21.4,23.1,83.3,5.3,16.3,13.5,24,10/22/16,0,A2M,Archival
10/23/16,18.96901512,18.66699982,32.37197495,-0.012583971,-0.293390065,21.4,23.1,83.3,5.3,16.3,13.5,24,10/23/16,0,A2M,Archival
10/24/16,18.83168221,18.62487221,32.41537857,-0.008617083,-0.295537591,21.4,23.1,83.3,5.3,16.3,13.5,24,10/24/16,0,A2M,Archival
10/25/16,18.75257874,18.29183388,32.43865967,-0.019197702,-0.253582329,21.4,23.1,83.3,5.3,16.3,13.5,24,10/25/16,0,A2M,Archival
10/26/16,17.62945557,17.47514153,32.44825745,-0.006429752,-0.204493448,21.4,23.1,83.3,5.3,16.3,13.5,24,10/26/16,0,A2M,Archival
10/27/16,17.50662041,17.2009964,32.49559402,-0.012734334,-0.169824764,21.4,23.1,83.3,5.3,16.3,13.5,24,10/27/16,0,A2M,Archival
10/28/16,17.34313774,17.14398384,32.51576233,-0.008298079,-0.173682392,21.4,23.1,83.3,5.3,16.3,13.5,24,10/28/16,0,A2M,Archival
10/29/16,17.73410225,17.58980942,32.42748642,-0.006012201,-0.168406025,21.4,23.1,83.3,5.3,16.3,13.5,24,10/29/16,0,A2M,Archival
10/30/16,17.75620651,17.65182686,32.40196228,-0.004349152,-0.140677735,21.4,23.1,83.3,5.3,16.3,13.5,24,10/30/16,0,A2M,Archival
10/31/16,17.75332832,17.6592865,32.44298553,-0.003918409,-0.074591629,21.4,23.1,83.3,5.3,16.3,13.5,24,10/31/16,0,A2M,Archival
11/1/16,17.4301815,17.39544487,32.51761627,-0.00144736,-0.084379017,21.4,23.1,83.3,5.3,16.3,13.5,24,11/1/16,0,A2M,Archival
11/2/16,17.41362381,17.37361717,32.49420929,-0.001666943,-0.064949222,21.4,23.1,83.3,5.3,16.3,13.5,24,11/2/16,0,A2M,Archival
11/3/16,17.40880966,17.36796761,32.42777634,-0.001701752,-0.068492927,21.4,23.1,83.3,5.3,16.3,13.5,24,11/3/16,0,A2M,Archival
11/4/16,17.42720032,17.30387878,32.32606888,-0.005138397,-0.035199434,21.4,23.1,83.3,5.3,16.3,13.5,24,11/4/16,0,A2M,Archival
11/5/16,17.18726158,17.1260643,32.45680618,-0.002549887,-0.073386841,21.4,23.1,83.3,5.3,16.3,13.5,24,11/5/16,0,A2M,Archival
11/6/16,17.00006676,16.95004272,32.46207809,-0.002084335,-0.09388417,21.4,23.1,83.3,5.3,16.3,13.5,24,11/6/16,0,A2M,Archival
11/7/16,16.75542259,16.74925232,32.47669601,-0.000257095,0.052209705,21.4,23.1,83.3,5.3,16.3,13.5,24,11/7/16,0,A2M,Archival
11/8/16,16.50133133,16.48120308,32.40696716,-0.000838677,0.064134426,21.4,23.1,83.3,5.3,16.3,13.5,24,11/8/16,0,A2M,Archival
11/9/16,16.42444229,16.20561409,32.28978729,-0.009117842,0.039111894,21.4,23.1,83.3,5.3,16.3,13.5,24,11/9/16,0,A2M,Archival
11/10/16,16.36353111,16.15388107,32.2991066,-0.008735418,0.029419517,21.4,23.1,83.3,5.3,16.3,13.5,24,11/10/16,0,A2M,Archival
11/11/16,15.97164059,15.91957474,32.32409286,-0.00216941,-0.115923397,21.4,23.1,83.3,5.3,16.3,13.5,24,11/11/16,0,A2M,Archival
11/12/16,15.68561459,15.64291859,32.35174179,-0.001779,-0.171317682,21.4,23.1,83.3,5.3,16.3,13.5,24,11/12/16,0,A2M,Archival
11/13/16,15.46506882,15.40535259,32.45939255,-0.002488176,-0.199864909,21.4,23.1,83.3,5.3,16.3,13.5,24,11/13/16,0,A2M,Archival
11/14/16,15.30179214,14.91854763,32.24147034,-0.015968521,-0.235729709,21.4,23.1,83.3,5.3,16.3,13.5,24,11/14/16,0,A2M,Archival
11/15/16,15.18581295,15.03922272,32.37582779,-0.006107926,-0.072362073,21.4,23.1,83.3,5.3,16.3,13.5,24,11/15/16,0,A2M,Archival
11/16/16,15.18988895,15.12993717,32.55791855,-0.002497991,-0.017992293,21.4,23.1,83.3,5.3,16.3,13.5,24,11/16/16,0,A2M,Archival
11/17/16,15.09211636,14.80656147,32.40218735,-0.01189812,-0.102983594,21.4,23.1,83.3,5.3,16.3,13.5,24,11/17/16,0,A2M,Archival
11/18/16,14.94196224,14.92288494,32.57037735,-0.000794888,-0.049653899,21.4,23.1,83.3,5.3,16.3,13.5,24,11/18/16,0,A2M,Archival
11/19/16,14.65215588,14.64130402,32.5245018,-0.000452161,0.039405007,21.4,23.1,83.3,5.3,16.3,13.5,24,11/19/16,0,A2M,Archival
11/20/16,14.33127689,14.28259754,32.48514175,-0.002028306,-0.188679218,21.4,23.1,83.3,5.3,16.3,13.5,24,11/20/16,1,A2M,Archival
11/21/16,13.66634083,13.61343384,32.52057266,-0.002204458,-0.512109637,21.4,23.1,83.3,5.3,16.3,13.5,24,11/21/16,1,A2M,Archival
11/22/16,12.93386745,12.89134598,32.5911293,-0.001771728,-0.50331831,21.4,23.1,83.3,5.3,16.3,13.5,24,11/22/16,0,A2M,Archival
11/23/16,12.62144852,12.58061981,32.63202286,-0.001701196,-0.331309795,21.4,23.1,83.3,5.3,16.3,13.5,24,11/23/16,0,A2M,Archival
11/24/16,12.4807024,12.44923019,32.64494705,-0.001311342,-0.212880328,21.4,23.1,83.3,5.3,16.3,13.5,24,11/24/16,0,A2M,Archival
11/25/16,12.34102154,12.37003231,32.51128769,0.001208782,-0.079577208,21.4,23.1,83.3,5.3,16.3,13.5,24,11/25/16,0,A2M,Archival
11/26/16,12.70847607,12.70934582,32.55464935,3.62396E-05,-0.026877353,21.4,23.1,83.3,5.3,16.3,13.5,24,11/26/16,0,A2M,Archival
11/27/16,12.72977066,12.68752766,32.5827179,-0.001760125,-0.081402503,21.4,23.1,83.3,5.3,16.3,13.5,24,11/27/16,0,A2M,Archival
11/28/16,12.35089588,12.22883511,32.56935501,-0.005085866,-0.120538853,21.4,23.1,83.3,5.3,16.3,13.5,24,11/28/16,1,A2M,Archival
11/29/16,12.40771198,12.04570484,32.49409866,-0.015083631,-0.116849482,21.4,23.1,83.3,5.3,16.3,13.5,24,11/29/16,0,A2M,Archival
11/30/16,12.69881439,12.20297718,32.52513123,-0.020659884,-0.00343471,21.4,23.1,83.3,5.3,16.3,13.5,24,11/30/16,0,A2M,Archival
12/2/16,13.16320896,12.32271194,32.51974869,-0.035020709,-0.120253079,21.4,23.1,83.3,5.3,16.3,13.5,24,12/2/16,1,A2M,Archival
12/3/16,12.40843201,12.07989597,32.61008835,-0.013689001,-0.252580374,21.4,23.1,83.3,5.3,16.3,13.5,24,12/3/16,1,A2M,Archival
12/4/16,11.62739563,11.51929092,32.61512375,-0.004504363,-0.182769641,21.4,23.1,83.3,5.3,16.3,13.5,24,12/4/16,0,A2M,Archival
12/5/16,11.75315571,11.57142258,32.65206528,-0.007572214,-0.009314381,21.4,23.1,83.3,5.3,16.3,13.5,24,12/5/16,1,A2M,Archival
12/6/16,11.66471195,11.55967045,32.70133591,-0.004376729,0.042220231,21.4,23.1,83.3,5.3,16.3,13.5,24,12/6/16,0,A2M,Archival
12/7/16,11.58294392,11.59486771,32.62145996,0.000496825,0.204762936,21.4,23.1,83.3,5.3,16.3,13.5,24,12/7/16,0,A2M,Archival
12/8/16,11.53574085,11.47761631,32.49723816,-0.002421856,0.019076256,21.4,23.1,83.3,5.3,16.3,13.5,24,12/8/16,0,A2M,Archival
12/9/16,11.06036472,11.00825977,32.44682693,-0.00217104,-0.188534543,21.4,23.1,83.3,5.3,16.3,13.5,24,12/9/16,0,A2M,Archival
12/10/16,10.46172523,10.40586185,32.3614502,-0.002327641,-0.305291414,21.4,23.1,83.3,5.3,16.3,13.5,24,12/10/16,0,A2M,Archival
12/11/16,10.25381756,10.22402287,32.41576385,-0.001241446,-0.267838717,21.4,23.1,83.3,5.3,16.3,13.5,24,12/11/16,0,A2M,Archival
12/12/16,10.16671753,10.0839386,32.39190292,-0.003449122,-0.085312448,21.4,23.1,83.3,5.3,16.3,13.5,24,12/12/16,0,A2M,Archival
12/13/16,10.31084919,10.23953724,32.32450485,-0.002971331,-0.197750255,21.4,23.1,83.3,5.3,16.3,13.5,24,12/13/16,0,A2M,Archival
12/14/16,10.44543171,10.41538334,32.45163727,-0.001252015,-0.085397393,21.4,23.1,83.3,5.3,16.3,13.5,24,12/14/16,1,A2M,Archival
12/15/16,10.35248566,10.17370701,32.47825241,-0.00744911,-0.229341343,21.4,23.1,83.3,5.3,16.3,13.5,24,12/15/16,1,A2M,Archival
12/16/16,9.284082413,9.214953423,32.50102234,-0.002880375,-0.504906654,21.4,23.1,83.3,5.3,16.3,13.5,24,12/16/16,0,A2M,Archival
12/17/16,9.278018951,9.258444786,32.62811661,-0.00081559,-0.258564889,21.4,23.1,83.3,5.3,16.3,13.5,24,12/17/16,0,A2M,Archival
12/18/16,9.531966209,9.536183357,32.70072174,0.000175714,-0.24873428,21.4,23.1,83.3,5.3,16.3,13.5,24,12/18/16,0,A2M,Archival
12/19/16,9.163321495,9.126581192,32.7239151,-0.001530846,-0.28170228,21.4,23.1,83.3,5.3,16.3,13.5,24,12/19/16,0,A2M,Archival
12/20/16,9.082634926,9.046800613,32.75313568,-0.001493096,-0.144951582,21.4,23.1,83.3,5.3,16.3,13.5,24,12/20/16,1,A2M,Archival
12/21/16,8.853790283,8.783400536,32.67517471,-0.002932906,-0.13406536,21.4,23.1,83.3,5.3,16.3,13.5,24,12/21/16,0,A2M,Archival
12/22/16,9.195710182,8.865359306,32.49095535,-0.01376462,-0.17580159,21.4,23.1,83.3,5.3,16.3,13.5,24,12/22/16,0,A2M,Archival
12/23/16,9.111976624,8.808220863,32.55812073,-0.01265649,-0.30635795,21.4,23.1,83.3,5.3,16.3,13.5,24,12/23/16,0,A2M,Archival
12/24/16,9.263068199,8.440268517,32.45574188,-0.03428332,-0.226868823,21.4,23.1,83.3,5.3,16.3,13.5,24,12/24/16,1,A2M,Archival
12/25/16,9.056752205,7.966758728,32.2611351,-0.045416395,-0.365381926,21.4,23.1,83.3,5.3,16.3,13.5,24,12/25/16,1,A2M,Archival
12/26/16,9.137937546,8.319930077,32.48019028,-0.034083645,-0.224097684,21.4,23.1,83.3,5.3,16.3,13.5,24,12/26/16,0,A2M,Archival
12/27/16,9.569581032,8.238615036,32.41238022,-0.055456916,-0.192980886,21.4,23.1,83.3,5.3,16.3,13.5,24,12/27/16,0,A2M,Archival
12/28/16,9.622239113,8.137450218,32.47046661,-0.061866204,-0.31089294,21.4,23.1,83.3,5.3,16.3,13.5,24,12/28/16,1,A2M,Archival
12/29/16,9.563189507,8.307196617,32.55366516,-0.052333037,-0.108908422,21.4,23.1,83.3,5.3,16.3,13.5,24,12/29/16,1,A2M,Archival
12/30/16,10.07734966,8.377071381,32.65696716,-0.070844928,-0.267730743,21.4,23.1,83.3,5.3,16.3,13.5,24,12/30/16,0,A2M,Archival
12/31/16,9.453539848,8.948342323,33.07753372,-0.021049897,-0.417963147,21.4,23.1,83.3,5.3,16.3,13.5,24,12/31/16,0,A2M,Archival
1/1/17,9.376703262,9.129183769,33.26207352,-0.010313312,-0.422827482,21.4,23.1,83.3,5.3,16.3,13.5,24,1/1/17,1,A2M,Archival
1/2/17,9.861317635,9.261405945,33.35631943,-0.02499632,-0.187647775,21.4,23.1,83.3,5.3,16.3,13.5,24,1/2/17,1,A2M,Archival
1/3/17,8.991398811,8.989314079,33.26111984,-8.68638E-05,0.103144765,21.4,23.1,83.3,5.3,16.3,13.5,24,1/3/17,1,A2M,Archival
1/4/17,8.920636177,8.448648453,32.78770828,-0.019666155,0.013951677,21.4,23.1,83.3,5.3,16.3,13.5,24,1/4/17,1,A2M,Archival
1/5/17,8.897284508,8.158909798,32.80727005,-0.030765613,-0.232662842,21.4,23.1,83.3,5.3,16.3,13.5,24,1/5/17,1,A2M,Archival
1/6/17,8.108534813,7.360128403,32.70156479,-0.0311836,-0.185856387,21.4,23.1,83.3,5.3,16.3,13.5,24,1/6/17,1,A2M,Archival
1/7/17,7.903364658,7.829500675,32.97047806,-0.003077666,-0.141371146,21.4,23.1,83.3,5.3,16.3,13.5,24,1/7/17,0,A2M,Archival
1/8/17,7.401815891,7.337454319,32.75665665,-0.002681732,-0.278679609,21.4,23.1,83.3,5.3,16.3,13.5,24,1/8/17,1,A2M,Archival
1/9/17,7.137176514,7.044534206,32.79095078,-0.003860096,-0.415987998,21.4,23.1,83.3,5.3,16.3,13.5,24,1/9/17,0,A2M,Archival
1/10/17,7.23380661,6.225305557,32.54248428,-0.042020877,-0.379955739,21.4,23.1,83.3,5.3,16.3,13.5,24,1/10/17,0,A2M,Archival
1/11/17,7.577812195,6.009273052,32.36471558,-0.065355798,-0.340260834,21.4,23.1,83.3,5.3,16.3,13.5,24,1/11/17,0,A2M,Archival
1/12/17,7.967630863,7.418069839,32.51190186,-0.022898376,-0.39839828,21.4,23.1,83.3,5.3,16.3,13.5,24,1/12/17,0,A2M,Archival
1/13/17,8.207192421,7.309058666,32.65121841,-0.03742224,-0.518174708,21.4,23.1,83.3,5.3,16.3,13.5,24,1/13/17,0,A2M,Archival
1/14/17,8.100535393,7.508595943,32.73181534,-0.024664144,-0.40282312,21.4,23.1,83.3,5.3,16.3,13.5,24,1/14/17,1,A2M,Archival
1/15/17,7.876878262,6.544922352,32.54171371,-0.055498163,-0.327154666,21.4,23.1,83.3,5.3,16.3,13.5,24,1/15/17,1,A2M,Archival
1/16/17,7.711872578,6.423627377,32.52078247,-0.053676883,-0.280107945,21.4,23.1,83.3,5.3,16.3,13.5,24,1/16/17,1,A2M,Archival
1/17/17,7.840952396,6.527519226,32.48944473,-0.054726382,-0.221325099,21.4,23.1,83.3,5.3,16.3,13.5,24,1/17/17,1,A2M,Archival
1/18/17,7.817484379,6.921703815,32.48220444,-0.03732419,-0.148636609,21.4,23.1,83.3,5.3,16.3,13.5,24,1/18/17,0,A2M,Archival
1/19/17,7.898442745,7.293692112,32.52077866,-0.025197943,-0.034512777,21.4,23.1,83.3,5.3,16.3,13.5,24,1/19/17,0,A2M,Archival
1/20/17,7.940288544,7.240594864,32.36404419,-0.029153903,-0.091985829,21.4,23.1,83.3,5.3,16.3,13.5,24,1/20/17,0,A2M,Archival
1/21/17,8.018191338,7.781838894,32.22603607,-0.009848018,-0.109665744,21.4,23.1,83.3,5.3,16.3,13.5,24,1/21/17,0,A2M,Archival
1/22/17,8.205188751,7.98840189,32.22116852,-0.009032786,-0.070028238,21.4,23.1,83.3,5.3,16.3,13.5,24,1/22/17,0,A2M,Archival
1/23/17,8.114356995,8.201386452,32.62423706,0.003626227,0.348268718,21.4,23.1,83.3,5.3,16.3,13.5,24,1/23/17,0,A2M,Archival
1/24/17,6.609138966,6.586061954,32.6975708,-0.000961542,0.432628423,21.4,23.1,83.3,5.3,16.3,13.5,24,1/24/17,0,A2M,Archival
1/25/17,6.362140179,6.094091415,32.81725693,-0.011168698,-0.033041116,21.4,23.1,83.3,5.3,16.3,13.5,24,1/25/17,0,A2M,Archival
1/26/17,6.450376987,6.109329224,31.75383759,-0.014210323,-0.091180056,21.4,23.1,83.3,5.3,16.3,13.5,24,1/26/17,0,A2M,Archival
1/27/17,6.582471371,6.737432003,31.87526512,0.006456693,-0.359063536,21.4,23.1,83.3,5.3,16.3,13.5,24,1/27/17,0,A2M,Archival
1/28/17,7.100081921,6.70408392,32.24168777,-0.016499917,-0.492986441,21.4,23.1,83.3,5.3,16.3,13.5,24,1/28/17,0,A2M,Archival
1/29/17,7.50012207,6.621464252,32.5475769,-0.036610742,-0.34409073,21.4,23.1,83.3,5.3,16.3,13.5,24,1/29/17,1,A2M,Archival
1/30/17,6.893106937,6.271651745,32.65478897,-0.025893966,-0.235921875,21.4,23.1,83.3,5.3,16.3,13.5,24,1/30/17,0,A2M,Archival
1/31/17,6.856323242,5.971109867,32.66713715,-0.036883891,-0.297393024,21.4,23.1,83.3,5.3,16.3,13.5,24,1/31/17,0,A2M,Archival
2/1/17,7.146223545,6.020767689,32.7265358,-0.046893994,-0.248111561,21.4,23.1,83.3,5.3,16.3,13.5,24,2/1/17,0,A2M,Archival
2/2/17,7.10255003,6.220582962,32.49560928,-0.036748628,-0.291309148,21.4,23.1,83.3,5.3,16.3,13.5,24,2/2/17,0,A2M,Archival
2/3/17,7.121454239,6.216964722,32.51680374,-0.037687063,-0.25865832,21.4,23.1,83.3,5.3,16.3,13.5,24,2/3/17,0,A2M,Archival
2/4/17,6.899964809,6.309356689,32.60557175,-0.024608672,-0.336594731,21.4,23.1,83.3,5.3,16.3,13.5,24,2/4/17,0,A2M,Archival
2/5/17,6.658818722,5.739974499,32.18677521,-0.038285176,-0.325004488,21.4,23.1,83.3,5.3,16.3,13.5,24,2/5/17,0,A2M,Archival
2/6/17,6.876758099,5.701137543,32.03966904,-0.04898419,-0.374577731,21.4,23.1,83.3,5.3,16.3,13.5,24,2/6/17,0,A2M,Archival
2/7/17,7.329046726,5.597457886,32.02859116,-0.072149535,-0.25945434,21.4,23.1,83.3,5.3,16.3,13.5,24,2/7/17,0,A2M,Archival
2/8/17,6.873334885,4.899859428,32.38563538,-0.082228144,-0.150651738,21.4,23.1,83.3,5.3,16.3,13.5,24,2/8/17,0,A2M,Archival
2/9/17,6.859737873,5.232179642,32.41496658,-0.067814926,-0.106609099,21.4,23.1,83.3,5.3,16.3,13.5,24,2/9/17,0,A2M,Archival
2/10/17,5.796781063,5.588484287,32.69841766,-0.008679032,-0.356949776,21.4,23.1,83.3,5.3,16.3,13.5,24,2/10/17,0,A2M,Archival
2/11/17,6.194420338,6.037906647,32.73057175,-0.006521404,-0.376143366,21.4,23.1,83.3,5.3,16.3,13.5,24,2/11/17,0,A2M,Archival
2/12/17,6.602440357,6.063846111,32.72924042,-0.022441427,-0.11141289,21.4,23.1,83.3,5.3,16.3,13.5,24,2/12/17,0,A2M,Archival
2/13/17,6.885213852,6.240225315,32.81877136,-0.026874522,-0.23415257,21.4,23.1,83.3,5.3,16.3,13.5,24,2/13/17,0,A2M,Archival
2/14/17,5.290910244,5.269795895,32.82847977,-0.000879765,-0.237019062,21.4,23.1,83.3,5.3,16.3,13.5,24,2/14/17,0,A2M,Archival
2/15/17,5.714623928,5.336452007,32.89417648,-0.015757163,0.052826166,21.4,23.1,83.3,5.3,16.3,13.5,24,2/15/17,0,A2M,Archival
2/16/17,5.760303497,5.028150558,32.80779648,-0.030506372,-0.208661556,21.4,23.1,83.3,5.3,16.3,13.5,24,2/16/17,0,A2M,Archival
2/17/17,5.057276249,4.94170332,32.73533249,-0.004815539,-0.241287813,21.4,23.1,83.3,5.3,16.3,13.5,24,2/17/17,0,A2M,Archival
2/18/17,5.157317638,5.145791531,32.83123398,-0.000480254,-0.272258818,21.4,23.1,83.3,5.3,16.3,13.5,24,2/18/17,0,A2M,Archival
2/19/17,5.426240444,5.531945705,32.89822006,0.004404386,-0.228359163,21.4,23.1,83.3,5.3,16.3,13.5,24,2/19/17,0,A2M,Archival
2/20/17,5.417365551,6.460424423,32.87232971,0.043460786,-0.268190384,21.4,23.1,83.3,5.3,16.3,13.5,24,2/20/17,0,A2M,Archival
2/21/17,5.521922588,6.665870667,32.89944458,0.047664503,-0.161055401,21.4,23.1,83.3,5.3,16.3,13.5,24,2/21/17,0,A2M,Archival
2/22/17,5.662205219,6.90463829,32.79256821,0.051768045,-0.158234045,21.4,23.1,83.3,5.3,16.3,13.5,24,2/22/17,0,A2M,Archival
2/23/17,5.508955002,6.389750004,32.70334244,0.036699792,-0.181215331,21.4,23.1,83.3,5.3,16.3,13.5,24,2/23/17,0,A2M,Archival
2/24/17,5.58319664,6.494174957,32.58925247,0.03795743,-0.166587174,21.4,23.1,83.3,5.3,16.3,13.5,24,2/24/17,0,A2M,Archival
2/25/17,5.628931046,6.883480549,32.52292633,0.052272896,-0.077354938,21.4,23.1,83.3,5.3,16.3,13.5,24,2/25/17,0,A2M,Archival
2/26/17,6.172739029,6.468559265,32.52817154,0.012325843,-0.275098115,21.4,23.1,83.3,5.3,16.3,13.5,24,2/26/17,0,A2M,Archival
2/27/17,6.205509186,6.243500233,32.51419449,0.00158296,-0.387599021,21.4,23.1,83.3,5.3,16.3,13.5,24,2/27/17,0,A2M,Archival
2/28/17,6.276060104,6.52269125,32.5778923,0.010276298,-0.260860205,21.4,23.1,83.3,5.3,16.3,13.5,24,2/28/17,0,A2M,Archival
3/1/17,6.264570713,6.733401775,32.53772354,0.019534628,-0.153672352,21.4,23.1,83.3,5.3,16.3,13.5,24,3/1/17,0,A2M,Archival
3/2/17,6.526086807,6.836069584,33.02057648,0.012915949,-0.407159418,21.4,23.1,83.3,5.3,16.3,13.5,24,3/2/17,0,A2M,Archival
3/3/17,6.841413975,6.820699692,33.32374191,-0.000863095,-0.501413047,21.4,23.1,83.3,5.3,16.3,13.5,24,3/3/17,0,A2M,Archival
3/4/17,6.515501499,6.396054745,33.20788193,-0.004976948,-0.479720473,21.4,23.1,83.3,5.3,16.3,13.5,24,3/4/17,0,A2M,Archival
3/5/17,6.298792362,6.202044964,33.07254791,-0.004031142,-0.434345365,21.4,23.1,83.3,5.3,16.3,13.5,24,3/5/17,0,A2M,Archival
3/6/17,6.256730556,6.111707211,32.93945313,-0.006042639,-0.310819536,21.4,23.1,83.3,5.3,16.3,13.5,24,3/6/17,0,A2M,Archival
3/7/17,6.571304321,6.576435089,32.88780594,0.000213782,-0.214173675,21.4,23.1,83.3,5.3,16.3,13.5,24,3/7/17,1,A2M,Archival
3/8/17,6.743471146,6.868091106,32.9515686,0.005192498,-0.248884276,21.4,23.1,83.3,5.3,16.3,13.5,24,3/8/17,0,A2M,Archival
3/9/17,6.975193024,6.983534336,33.11040115,0.000347555,-0.357734948,21.4,23.1,83.3,5.3,16.3,13.5,24,3/9/17,0,A2M,Archival
3/10/17,7.703496456,7.597972393,33.22964859,-0.004396836,-0.204335645,21.4,23.1,83.3,5.3,16.3,13.5,24,3/10/17,0,A2M,Archival
3/11/17,7.534628391,7.410940647,33.06769943,-0.005153656,-0.388127327,21.4,23.1,83.3,5.3,16.3,13.5,24,3/11/17,0,A2M,Archival
3/12/17,7.267323017,7.183454037,32.9728241,-0.003494541,-0.465051293,21.4,23.1,83.3,5.3,16.3,13.5,24,3/12/17,0,A2M,Archival
3/13/17,6.595569611,6.575013638,32.83485031,-0.000856499,-0.453483969,21.4,23.1,83.3,5.3,16.3,13.5,24,3/13/17,1,A2M,Archival
3/14/17,6.750795841,6.750677109,32.94005585,-4.94719E-06,0.075506717,21.4,23.1,83.3,5.3,16.3,13.5,24,3/14/17,0,A2M,Archival
3/15/17,6.572601318,6.524302959,32.82283401,-0.002012432,-0.354045004,21.4,23.1,83.3,5.3,16.3,13.5,24,3/15/17,0,A2M,Archival
3/16/17,5.661551952,5.637934208,32.88457108,-0.000984073,-0.600052714,21.4,23.1,83.3,5.3,16.3,13.5,24,3/16/17,0,A2M,Archival
3/17/17,5.66038084,5.603870392,33.06353378,-0.002354602,-0.488329202,21.4,23.1,83.3,5.3,16.3,13.5,24,3/17/17,0,A2M,Archival
3/18/17,5.782922745,5.809997082,33.12562561,0.001128097,-0.239288345,21.4,23.1,83.3,5.3,16.3,13.5,24,3/18/17,0,A2M,Archival
3/19/17,5.945370197,5.813818455,32.96373367,-0.005481323,0.074536122,21.4,23.1,83.3,5.3,16.3,13.5,24,3/19/17,0,A2M,Archival
3/20/17,5.619407654,5.679962158,32.72593689,0.002523104,-0.008062971,21.4,23.1,83.3,5.3,16.3,13.5,24,3/20/17,0,A2M,Archival
3/21/17,5.443319321,5.811714649,32.5461235,0.015349805,-0.072566248,21.4,23.1,83.3,5.3,16.3,13.5,24,3/21/17,0,A2M,Archival
3/22/17,4.784189701,5.727226734,32.45300293,0.03929321,-0.189392745,21.4,23.1,83.3,5.3,16.3,13.5,24,3/22/17,1,A2M,Archival
3/23/17,5.031456947,5.049029827,32.8362999,0.000732203,-0.370240897,21.4,23.1,83.3,5.3,16.3,13.5,24,3/23/17,0,A2M,Archival
3/24/17,5.076944351,4.986824512,32.41976166,-0.003754993,-0.402524203,21.4,23.1,83.3,5.3,16.3,13.5,24,3/24/17,0,A2M,Archival
3/25/17,5.856205463,6.028679371,32.07022476,0.007186413,-0.384168118,21.4,23.1,83.3,5.3,16.3,13.5,24,3/25/17,0,A2M,Archival
3/26/17,5.951190472,6.463728428,32.13464737,0.021355748,-0.264648825,21.4,23.1,83.3,5.3,16.3,13.5,24,3/26/17,0,A2M,Archival
3/27/17,5.768726826,6.434381008,32.11132431,0.027735591,-0.202045202,21.4,23.1,83.3,5.3,16.3,13.5,24,3/27/17,0,A2M,Archival
3/28/17,5.537202358,6.148211002,31.86429787,0.025458694,-0.153373733,21.4,23.1,83.3,5.3,16.3,13.5,24,3/28/17,0,A2M,Archival
3/29/17,5.540631771,6.562740803,31.59148216,0.042587876,-0.133002564,21.4,23.1,83.3,5.3,16.3,13.5,24,3/29/17,0,A2M,Archival
3/30/17,5.45288229,6.596206665,31.45375061,0.047638516,-0.167141184,21.4,23.1,83.3,5.3,16.3,13.5,24,3/30/17,1,A2M,Archival
3/31/17,4.61456871,5.983829021,31.33110046,0.057052513,-0.032299701,21.4,23.1,83.3,5.3,16.3,13.5,24,3/31/17,0,A2M,Archival
4/1/17,4.570625782,5.923192501,31.58158875,0.056356947,0.094073616,21.4,23.1,83.3,5.3,16.3,13.5,24,4/1/17,0,A2M,Archival
4/2/17,4.464528561,6.149345398,32.19063187,0.070200702,-0.042616975,21.4,23.1,83.3,5.3,16.3,13.5,24,4/2/17,0,A2M,Archival
4/3/17,4.879572868,6.331923008,32.18360519,0.060514589,-0.057522763,21.4,23.1,83.3,5.3,16.3,13.5,24,4/3/17,0,A2M,Archival
4/4/17,4.968929768,6.688303471,32.02120209,0.071640571,0.060614605,21.4,23.1,83.3,5.3,16.3,13.5,24,4/4/17,0,A2M,Archival
4/5/17,5.054299831,7.390132904,31.9779377,0.097326378,0.033843298,21.4,23.1,83.3,5.3,16.3,13.5,24,4/5/17,0,A2M,Archival
4/6/17,6.475996017,7.82342577,32.08302689,0.056142906,0.179171503,21.4,23.1,83.3,5.3,16.3,13.5,24,4/6/17,0,A2M,Archival
4/7/17,6.454778194,7.651966572,32.11258316,0.049882849,0.068246938,21.4,23.1,83.3,5.3,16.3,13.5,24,4/7/17,0,A2M,Archival
4/8/17,6.710538864,7.383111954,32.40160751,0.028023879,-0.209066495,21.4,23.1,83.3,5.3,16.3,13.5,24,4/8/17,0,A2M,Archival
4/9/17,6.890043259,7.375354767,32.55601883,0.020221313,-0.259255052,21.4,23.1,83.3,5.3,16.3,13.5,24,4/9/17,0,A2M,Archival
4/10/17,6.928732395,7.700378418,32.65739822,0.032151918,-0.283511758,21.4,23.1,83.3,5.3,16.3,13.5,24,4/10/17,0,A2M,Archival
4/11/17,7.10484314,8.119208336,32.78583145,0.042265217,-0.313975155,21.4,23.1,83.3,5.3,16.3,13.5,24,4/11/17,0,A2M,Archival
4/12/17,7.359006882,8.796806335,32.72840881,0.059908311,-0.285446197,21.4,23.1,83.3,5.3,16.3,13.5,24,4/12/17,0,A2M,Archival
4/13/17,7.441955566,9.428894997,32.72841263,0.082789143,-0.233797848,21.4,23.1,83.3,5.3,16.3,13.5,24,4/13/17,0,A2M,Archival
4/14/17,7.483335018,9.742548943,32.74108887,0.094133914,-0.228667036,21.4,23.1,83.3,5.3,16.3,13.5,24,4/14/17,0,A2M,Archival
4/15/17,7.874415874,10.10451984,32.81694412,0.092920999,-0.215681553,21.4,23.1,83.3,5.3,16.3,13.5,24,4/15/17,0,A2M,Archival
4/16/17,7.97494173,10.04779243,32.90021896,0.086368779,-0.22440052,21.4,23.1,83.3,5.3,16.3,13.5,24,4/16/17,0,A2M,Archival
4/17/17,8.254361153,10.97495747,32.94927597,0.11335818,-0.261997372,21.4,23.1,83.3,5.3,16.3,13.5,24,4/17/17,0,A2M,Archival
4/18/17,8.099108696,11.05888271,32.79291916,0.123323917,-0.1871057,21.4,23.1,83.3,5.3,16.3,13.5,24,4/18/17,0,A2M,Archival
4/19/17,7.783559322,10.62442207,32.90123749,0.118369281,-0.1276467,21.4,23.1,83.3,5.3,16.3,13.5,24,4/19/17,0,A2M,Archival
4/20/17,7.641284943,10.95200062,32.66672516,0.137946486,-0.093099542,21.4,23.1,83.3,5.3,16.3,13.5,24,4/20/17,0,A2M,Archival
4/21/17,7.939098358,11.55430317,32.23299026,0.150633534,-0.042528916,21.4,23.1,83.3,5.3,16.3,13.5,24,4/21/17,0,A2M,Archival
4/22/17,7.653699875,11.85109997,32.04816818,0.174891671,0.000787714,21.4,23.1,83.3,5.3,16.3,13.5,24,4/22/17,0,A2M,Archival
4/23/17,7.434842587,11.56503677,32.03429031,0.172091424,-0.105270036,21.4,23.1,83.3,5.3,16.3,13.5,24,4/23/17,0,A2M,Archival
4/24/17,7.513893127,11.52100468,32.13307953,0.166962981,-0.076242648,21.4,23.1,83.3,5.3,16.3,13.5,24,4/24/17,0,A2M,Archival
4/25/17,7.673749447,10.79776001,32.56233597,0.130167107,0.053797185,21.4,23.1,83.3,5.3,16.3,13.5,24,4/25/17,0,A2M,Archival
4/26/17,8.983045578,10.70335388,32.02484512,0.071679513,0.056618314,21.4,23.1,83.3,5.3,16.3,13.5,24,4/26/17,0,A2M,Archival
4/27/17,9.393233299,12.51678181,31.18862724,0.130147854,-0.084043644,21.4,23.1,83.3,5.3,16.3,13.5,24,4/27/17,0,A2M,Archival
4/28/17,8.909211159,12.87942219,30.48894501,0.16542546,-0.186226562,21.4,23.1,83.3,5.3,16.3,13.5,24,4/28/17,0,A2M,Archival
4/29/17,8.543382645,13.24896336,30.68354225,0.196065863,-0.210946321,21.4,23.1,83.3,5.3,16.3,13.5,24,4/29/17,0,A2M,Archival
4/30/17,8.517821312,13.25627041,30.87092781,0.197435379,-0.174838856,21.4,23.1,83.3,5.3,16.3,13.5,24,4/30/17,0,A2M,Archival
5/1/17,8.335459709,13.18291473,31.18938637,0.201977293,-0.09592247,21.4,23.1,83.3,5.3,16.3,13.5,24,5/1/17,0,A2M,Archival
5/2/17,8.063641548,11.75760365,31.93452263,0.153915087,-0.153173268,21.4,23.1,83.3,5.3,16.3,13.5,24,5/2/17,0,A2M,Archival
5/3/17,8.766225815,12.67444134,31.76983643,0.162842313,-0.142265901,21.4,23.1,83.3,5.3,16.3,13.5,24,5/3/17,0,A2M,Archival
5/4/17,8.905470848,13.00790882,31.84500694,0.170934916,-0.158783704,21.4,23.1,83.3,5.3,16.3,13.5,24,5/4/17,0,A2M,Archival
5/5/17,8.926527977,13.22742748,31.90249825,0.179204146,0.024021029,21.4,23.1,83.3,5.3,16.3,13.5,24,5/5/17,0,A2M,Archival
5/6/17,9.567687035,13.11160564,32.11706161,0.147663275,0.053736281,21.4,23.1,83.3,5.3,16.3,13.5,24,5/6/17,0,A2M,Archival
5/7/17,9.621144295,13.32771397,32.22377777,0.154440403,-0.054096822,21.4,23.1,83.3,5.3,16.3,13.5,24,5/7/17,0,A2M,Archival
5/8/17,9.682671547,13.47458649,32.28978729,0.157996456,-0.123354726,21.4,23.1,83.3,5.3,16.3,13.5,24,5/8/17,0,A2M,Archival
5/9/17,9.693246841,13.78405285,32.36572647,0.17045025,-0.130292147,21.4,23.1,83.3,5.3,16.3,13.5,24,5/9/17,0,A2M,Archival
5/10/17,9.618965149,14.22237492,32.27726364,0.19180874,-0.080879025,21.4,23.1,83.3,5.3,16.3,13.5,24,5/10/17,0,A2M,Archival
5/11/17,9.564940453,14.43376827,32.16008759,0.202867826,-0.01104007,21.4,23.1,83.3,5.3,16.3,13.5,24,5/11/17,0,A2M,Archival
5/12/17,10.0838604,13.80288696,32.13348007,0.15495944,0.049160067,21.4,23.1,83.3,5.3,16.3,13.5,24,5/12/17,0,A2M,Archival
5/13/17,10.23469448,13.45686436,32.13308334,0.134257078,0.183553889,21.4,23.1,83.3,5.3,16.3,13.5,24,5/13/17,0,A2M,Archival
5/14/17,10.47101593,12.38614941,32.07062912,0.079797228,0.155247241,21.4,23.1,83.3,5.3,16.3,13.5,24,5/14/17,0,A2M,Archival
5/15/17,10.73788166,13.20198536,31.65506935,0.102670987,-0.055830527,21.4,23.1,83.3,5.3,16.3,13.5,24,5/15/17,0,A2M,Archival
5/16/17,10.75065136,13.42156601,31.48785973,0.11128811,-0.113285393,21.4,23.1,83.3,5.3,16.3,13.5,24,5/16/17,0,A2M,Archival
5/17/17,10.39261818,14.38620281,30.17253876,0.16639936,-0.121881641,21.4,23.1,83.3,5.3,16.3,13.5,24,5/17/17,0,A2M,Archival
5/18/17,10.85173416,15.32812977,30.62818718,0.186516484,-0.152120665,21.4,23.1,83.3,5.3,16.3,13.5,24,5/18/17,0,A2M,Archival
5/19/17,10.61415958,16.1878891,30.72278404,0.23223873,-0.18835409,21.4,23.1,83.3,5.3,16.3,13.5,24,5/19/17,0,A2M,Archival
5/20/17,10.58978176,16.38398933,31.02363014,0.241425316,-0.086642437,21.4,23.1,83.3,5.3,16.3,13.5,24,5/20/17,0,A2M,Archival
5/21/17,9.98589325,14.00891399,31.78191566,0.167625864,-0.125203311,21.4,23.1,83.3,5.3,16.3,13.5,24,5/21/17,0,A2M,Archival
5/22/17,10.29738903,14.02663326,31.57925606,0.155385176,-0.120991379,21.4,23.1,83.3,5.3,16.3,13.5,24,5/22/17,0,A2M,Archival
5/23/17,10.21573925,14.18700123,31.25119972,0.165469249,-0.04834203,21.4,23.1,83.3,5.3,16.3,13.5,24,5/23/17,0,A2M,Archival
5/24/17,11.84358692,14.51604557,31.71896172,0.111352444,0.046630263,21.4,23.1,83.3,5.3,16.3,13.5,24,5/24/17,0,A2M,Archival
5/25/17,12.53006268,14.40376568,31.76420593,0.078070958,0.102918468,21.4,23.1,83.3,5.3,16.3,13.5,24,5/25/17,0,A2M,Archival
5/26/17,12.39651775,15.31638336,31.32565308,0.121661067,-0.029742355,21.4,23.1,83.3,5.3,16.3,13.5,24,5/26/17,0,A2M,Archival
5/27/17,11.87609005,15.93511868,31.15440941,0.169126193,-0.062356878,21.4,23.1,83.3,5.3,16.3,13.5,24,5/27/17,0,A2M,Archival
5/28/17,11.86597157,16.48748207,31.03563118,0.192562938,0.036404215,21.4,23.1,83.3,5.3,16.3,13.5,24,5/28/17,0,A2M,Archival
5/29/17,12.10479641,16.40208244,31.44570732,0.179053585,0.097935475,21.4,23.1,83.3,5.3,16.3,13.5,24,5/29/17,0,A2M,Archival
5/30/17,12.86861038,15.96677303,31.90323639,0.12909011,0.028936053,21.4,23.1,83.3,5.3,16.3,13.5,24,5/30/17,0,A2M,Archival
5/31/17,13.12907791,16.09000969,31.8039856,0.123372157,0.012553583,21.4,23.1,83.3,5.3,16.3,13.5,24,5/31/17,0,A2M,Archival
6/1/17,12.92972279,16.5805912,31.56453896,0.152119517,-0.056426287,21.4,23.1,83.3,5.3,16.3,13.5,24,6/1/17,0,A2M,Archival
6/2/17,12.00407124,16.99792099,31.33157921,0.208077073,-0.067300037,21.4,23.1,83.3,5.3,16.3,13.5,24,6/2/17,0,A2M,Archival
6/3/17,11.59139347,16.95690346,31.4510746,0.223562916,-0.076456569,21.4,23.1,83.3,5.3,16.3,13.5,24,6/3/17,0,A2M,Archival
6/4/17,11.38114834,16.93113899,31.50014305,0.231249611,-0.135259554,21.4,23.1,83.3,5.3,16.3,13.5,24,6/4/17,0,A2M,Archival
6/5/17,11.44602871,17.53804779,31.12966156,0.253834128,-0.030365488,21.4,23.1,83.3,5.3,16.3,13.5,24,6/5/17,0,A2M,Archival
6/6/17,11.2532959,17.80373192,30.98158073,0.272934834,0.065354221,21.4,23.1,83.3,5.3,16.3,13.5,24,6/6/17,0,A2M,Archival
6/7/17,12.09582806,17.53221893,30.96675301,0.226516287,0.125183031,21.4,23.1,83.3,5.3,16.3,13.5,24,6/7/17,0,A2M,Archival
6/8/17,12.92888546,16.93949127,30.99196815,0.167108576,0.05143401,21.4,23.1,83.3,5.3,16.3,13.5,24,6/8/17,0,A2M,Archival
6/9/17,12.69787693,17.01106834,30.90687752,0.179716309,0.026131919,21.4,23.1,83.3,5.3,16.3,13.5,24,6/9/17,0,A2M,Archival
6/10/17,12.34083843,17.98957062,30.27619743,0.235363841,-0.114602856,21.4,23.1,83.3,5.3,16.3,13.5,24,6/10/17,0,A2M,Archival
6/11/17,12.31786346,19.04742813,30.04577637,0.280398528,-0.181394219,21.4,23.1,83.3,5.3,16.3,13.5,24,6/11/17,0,A2M,Archival
6/12/17,12.10500717,19.77466774,30.409729,0.31956919,-0.187585101,21.4,23.1,83.3,5.3,16.3,13.5,24,6/12/17,0,A2M,Archival
6/13/17,11.97668743,20.43211746,30.59914207,0.352309585,-0.129638806,21.4,23.1,83.3,5.3,16.3,13.5,24,6/13/17,0,A2M,Archival
6/14/17,12.29956532,20.76177979,30.4282074,0.35259227,-0.043683153,21.4,23.1,83.3,5.3,16.3,13.5,24,6/14/17,0,A2M,Archival
6/15/17,12.5316,20.36392593,30.51635742,0.326346914,0.026689431,21.4,23.1,83.3,5.3,16.3,13.5,24,6/15/17,0,A2M,Archival
6/16/17,12.45114899,20.23662758,30.47058105,0.324394941,0.096184336,21.4,23.1,83.3,5.3,16.3,13.5,24,6/16/17,1,A2M,Archival
6/17/17,12.29628372,20.35455513,30.00743675,0.335761309,0.099664666,21.4,23.1,83.3,5.3,16.3,13.5,24,6/17/17,0,A2M,Archival
6/18/17,12.15478134,20.24966431,29.80354881,0.33728679,0.045396153,21.4,23.1,83.3,5.3,16.3,13.5,24,6/18/17,0,A2M,Archival
6/19/17,11.98592091,19.47550774,30.73928642,0.312066118,-0.051434994,21.4,23.1,83.3,5.3,16.3,13.5,24,6/19/17,0,A2M,Archival
6/20/17,12.75882339,19.9998455,31.33569145,0.301709255,-0.185396194,21.4,23.1,83.3,5.3,16.3,13.5,24,6/20/17,0,A2M,Archival
6/21/17,12.62026691,20.01169205,31.41205597,0.307976047,-0.174793437,21.4,23.1,83.3,5.3,16.3,13.5,24,6/21/17,0,A2M,Archival
6/22/17,12.69438934,19.41068459,31.72049522,0.279845635,-0.166180521,21.4,23.1,83.3,5.3,16.3,13.5,24,6/22/17,0,A2M,Archival
6/23/17,13.16508389,19.2209034,31.81118584,0.252325813,-0.13919045,21.4,23.1,83.3,5.3,16.3,13.5,24,6/23/17,0,A2M,Archival
6/24/17,13.24086857,17.74892616,31.97063446,0.187835733,-0.200486854,21.4,23.1,83.3,5.3,16.3,13.5,24,6/24/17,0,A2M,Archival
6/25/17,13.41972733,18.61950111,32.03425217,0.216657241,-0.183255181,21.4,23.1,83.3,5.3,16.3,13.5,24,6/25/17,0,A2M,Archival
6/26/17,13.85481167,20.52623749,31.70705223,0.277976076,-0.143799722,21.4,23.1,83.3,5.3,16.3,13.5,24,6/26/17,0,A2M,Archival
6/27/17,13.85773182,20.94526482,31.42729378,0.295313875,-0.108023174,21.4,23.1,83.3,5.3,16.3,13.5,24,6/27/17,0,A2M,Archival
6/28/17,13.91837788,20.94585228,31.15290833,0.292811433,-0.100053161,21.4,23.1,83.3,5.3,16.3,13.5,24,6/28/17,0,A2M,Archival
6/29/17,14.10762119,20.31233788,31.14118958,0.258529862,-0.124595307,21.4,23.1,83.3,5.3,16.3,13.5,24,6/29/17,0,A2M,Archival
6/30/17,13.90338802,19.86076546,31.63576698,0.24822406,-0.177320287,21.4,23.1,83.3,5.3,16.3,13.5,24,6/30/17,0,A2M,Archival
7/1/17,13.85127926,19.88280487,32.37273788,0.251313567,-0.159001872,21.4,23.1,83.3,5.3,16.3,13.5,24,7/1/17,0,A2M,Archival
7/2/17,14.22179508,20.95281029,32.49766159,0.280458967,-0.107341833,21.4,23.1,83.3,5.3,16.3,13.5,24,7/2/17,0,A2M,Archival
7/3/17,14.06068325,21.33933067,32.52042007,0.303276976,-0.111830682,21.4,23.1,83.3,5.3,16.3,13.5,24,7/3/17,0,A2M,Archival
7/4/17,13.77999115,21.43331146,32.48384094,0.318888346,-0.096862018,21.4,23.1,83.3,5.3,16.3,13.5,24,7/4/17,0,A2M,Archival
7/5/17,13.60850048,21.94164467,32.42962265,0.347214341,-0.070635498,21.4,23.1,83.3,5.3,16.3,13.5,24,7/5/17,0,A2M,Archival
7/6/17,13.80767727,21.97316933,32.48948669,0.340228836,-0.081170142,21.4,23.1,83.3,5.3,16.3,13.5,24,7/6/17,0,A2M,Archival
7/7/17,13.56470966,21.84597206,32.28582764,0.3450526,0.017997583,21.4,23.1,83.3,5.3,16.3,13.5,24,7/7/17,0,A2M,Archival
7/8/17,14.18649578,22.67131996,31.64012909,0.353534341,-0.077970125,21.4,23.1,83.3,5.3,16.3,13.5,24,7/8/17,0,A2M,Archival
7/9/17,14.0171051,23.02994347,30.79849243,0.375534932,-0.110833794,21.4,23.1,83.3,5.3,16.3,13.5,24,7/9/17,0,A2M,Archival
7/10/17,13.81054783,23.12296486,31.03265953,0.388017376,-0.123193063,21.4,23.1,83.3,5.3,16.3,13.5,24,7/10/17,0,A2M,Archival
7/11/17,13.78938007,23.32535553,30.92019463,0.397332311,-0.123824984,21.4,23.1,83.3,5.3,16.3,13.5,24,7/11/17,0,A2M,Archival
7/12/17,13.27743053,23.14023018,31.30727959,0.410949985,-0.13426061,21.4,23.1,83.3,5.3,16.3,13.5,24,7/12/17,0,A2M,Archival
7/13/17,12.94969654,23.69270134,31.50638008,0.4476252,-0.129420549,21.4,23.1,83.3,5.3,16.3,13.5,24,7/13/17,0,A2M,Archival
7/14/17,13.49476242,23.77784729,31.51491356,0.42846187,-0.044596344,21.4,23.1,83.3,5.3,16.3,13.5,24,7/14/17,0,A2M,Archival
7/15/17,13.53367996,24.43764496,31.28383827,0.454331875,-0.044373881,21.4,23.1,83.3,5.3,16.3,13.5,24,7/15/17,0,A2M,Archival
7/16/17,13.60590363,24.55493927,31.21234894,0.456209819,-0.038890988,21.4,23.1,83.3,5.3,16.3,13.5,24,7/16/17,0,A2M,Archival
7/17/17,14.8017664,25.09643555,31.07863426,0.428944548,-0.056069911,21.4,23.1,83.3,5.3,16.3,13.5,24,7/17/17,0,A2M,Archival
7/18/17,14.75460339,24.66970253,30.81852913,0.413129131,-0.095444299,21.4,23.1,83.3,5.3,16.3,13.5,24,7/18/17,0,A2M,Archival
7/19/17,14.58062744,24.91336632,31.00204659,0.430530787,-0.1357999,21.4,23.1,83.3,5.3,16.3,13.5,24,7/19/17,0,A2M,Archival
7/20/17,14.27104855,24.33706665,31.13939095,0.419417421,-0.158085972,21.4,23.1,83.3,5.3,16.3,13.5,24,7/20/17,0,A2M,Archival
7/21/17,13.78353214,23.76725578,31.3518219,0.415988485,-0.159174576,21.4,23.1,83.3,5.3,16.3,13.5,24,7/21/17,0,A2M,Archival
7/22/17,13.60743713,24.29830933,31.33688354,0.445453008,-0.12009117,21.4,23.1,83.3,5.3,16.3,13.5,24,7/22/17,0,A2M,Archival
7/23/17,13.9467392,25.06934929,30.76503181,0.463442087,-0.077524327,21.4,23.1,83.3,5.3,16.3,13.5,24,7/23/17,0,A2M,Archival
7/24/17,13.76733017,24.67635345,30.50315857,0.454542637,-0.001059098,21.4,23.1,83.3,5.3,16.3,13.5,24,7/24/17,0,A2M,Archival
7/25/17,13.63943195,23.36569214,31.13172722,0.405260841,-0.049511913,21.4,23.1,83.3,5.3,16.3,13.5,24,7/25/17,0,A2M,Archival
7/26/17,15.39501286,23.24606895,31.77686501,0.327127337,-0.000482167,21.4,23.1,83.3,5.3,16.3,13.5,24,7/26/17,0,A2M,Archival
7/27/17,15.96387959,23.66573334,31.94928932,0.320910573,-0.01614305,21.4,23.1,83.3,5.3,16.3,13.5,24,7/27/17,0,A2M,Archival
7/28/17,15.23345184,23.56651306,31.74328041,0.347210884,-0.006447403,21.4,23.1,83.3,5.3,16.3,13.5,24,7/28/17,0,A2M,Archival
7/29/17,16.01037216,23.4930706,31.50676727,0.311779102,0.210745871,21.4,23.1,83.3,5.3,16.3,13.5,24,7/29/17,0,A2M,Archival
7/30/17,20.42640114,21.54730797,32.32646561,0.046704451,0.20905374,21.4,23.1,83.3,5.3,16.3,13.5,24,7/30/17,0,A2M,Archival
7/31/17,21.60134315,22.39031029,32.14422226,0.032873631,0.040270686,21.4,23.1,83.3,5.3,16.3,13.5,24,7/31/17,0,A2M,Archival
8/1/17,19.91760063,23.34140205,32.18293381,0.142658393,-0.019714685,21.4,23.1,83.3,5.3,16.3,13.5,24,8/1/17,0,A2M,Archival
8/2/17,18.61372185,23.88240051,31.95338249,0.219528278,-0.053696271,21.4,23.1,83.3,5.3,16.3,13.5,24,8/2/17,0,A2M,Archival
8/3/17,17.40507317,23.9222641,31.77297211,0.271549622,-0.023159916,21.4,23.1,83.3,5.3,16.3,13.5,24,8/3/17,0,A2M,Archival
8/4/17,17.92068672,23.57583427,31.84724617,0.235631148,-0.029316681,21.4,23.1,83.3,5.3,16.3,13.5,24,8/4/17,0,A2M,Archival
8/5/17,17.33356285,23.64853668,31.79512787,0.26312391,0.01439095,21.4,23.1,83.3,5.3,16.3,13.5,24,8/5/17,0,A2M,Archival
8/6/17,17.3727932,23.63828087,31.9202137,0.261061986,-0.09247636,21.4,23.1,83.3,5.3,16.3,13.5,24,8/6/17,0,A2M,Archival
8/7/17,17.00456047,23.60577393,31.89535332,0.275050561,-0.091610305,21.4,23.1,83.3,5.3,16.3,13.5,24,8/7/17,0,A2M,Archival
8/8/17,15.91722012,23.24513435,31.71405983,0.30532976,-0.018972633,21.4,23.1,83.3,5.3,16.3,13.5,24,8/8/17,0,A2M,Archival
8/9/17,16.73893356,23.5326252,31.7403717,0.283070485,-0.12312609,21.4,23.1,83.3,5.3,16.3,13.5,24,8/9/17,0,A2M,Archival
8/10/17,17.82575989,24.05861855,31.81435394,0.259702444,-0.15575777,21.4,23.1,83.3,5.3,16.3,13.5,24,8/10/17,0,A2M,Archival
8/11/17,18.08759117,24.09078217,31.81272125,0.250132958,-0.117288418,21.4,23.1,83.3,5.3,16.3,13.5,24,8/11/17,0,A2M,Archival
8/12/17,17.5669117,24.19955444,31.75285339,0.276360114,-0.037986685,21.4,23.1,83.3,5.3,16.3,13.5,24,8/12/17,0,A2M,Archival
8/13/17,18.08687782,24.87265205,31.62406921,0.282740593,-0.028815299,21.4,23.1,83.3,5.3,16.3,13.5,24,8/13/17,0,A2M,Archival
8/14/17,17.87553406,25.15055275,31.68367004,0.303125779,-0.037139747,21.4,23.1,83.3,5.3,16.3,13.5,24,8/14/17,0,A2M,Archival
8/15/17,17.51226044,25.3774662,31.71270943,0.327716907,0.043062702,21.4,23.1,83.3,5.3,16.3,13.5,24,8/15/17,0,A2M,Archival
8/16/17,16.31216812,25.31969261,31.6950531,0.37531352,-0.005330617,21.4,23.1,83.3,5.3,16.3,13.5,24,8/16/17,0,A2M,Archival
8/17/17,16.29103279,25.22216606,31.69473076,0.372130553,-0.036012486,21.4,23.1,83.3,5.3,16.3,13.5,24,8/17/17,0,A2M,Archival
8/18/17,15.87815571,24.99649239,31.73301888,0.379930695,-0.015978927,21.4,23.1,83.3,5.3,16.3,13.5,24,8/18/17,0,A2M,Archival
8/19/17,16.70232391,24.98706818,31.65564156,0.345197678,-0.057421912,21.4,23.1,83.3,5.3,16.3,13.5,24,8/19/17,0,A2M,Archival
8/20/17,16.79460716,25.28851318,31.75635529,0.353912751,-0.092491187,21.4,23.1,83.3,5.3,16.3,13.5,24,8/20/17,0,A2M,Archival
8/21/17,17.25012207,25.34586906,31.83461761,0.337322791,-0.123066038,21.4,23.1,83.3,5.3,16.3,13.5,24,8/21/17,0,A2M,Archival
8/22/17,17.69182205,25.58532143,31.99556732,0.328895807,-0.105097629,21.4,23.1,83.3,5.3,16.3,13.5,24,8/22/17,0,A2M,Archival
8/23/17,16.67748451,25.49977112,32.18177795,0.367595275,-0.068339512,21.4,23.1,83.3,5.3,16.3,13.5,24,8/23/17,0,A2M,Archival
8/24/17,16.74995995,26.00086021,32.23491287,0.385454178,-0.000327524,21.4,23.1,83.3,5.3,16.3,13.5,24,8/24/17,0,A2M,Archival
8/25/17,18.07021523,25.42875671,32.22146225,0.306605895,-0.02771833,21.4,23.1,83.3,5.3,16.3,13.5,24,8/25/17,0,A2M,Archival
8/26/17,18.41769981,25.26435852,32.23610306,0.285277446,-0.063093372,21.4,23.1,83.3,5.3,16.3,13.5,24,8/26/17,0,A2M,Archival
8/27/17,18.59613228,24.83216858,32.25374985,0.259834846,-0.03934763,21.4,23.1,83.3,5.3,16.3,13.5,24,8/27/17,0,A2M,Archival
8/28/17,20.57360649,24.27801514,32.08359146,0.15435036,0.070773236,21.4,23.1,83.3,5.3,16.3,13.5,24,8/28/17,0,A2M,Archival
8/29/17,21.1571331,23.82034111,31.90617561,0.110967,0.202005222,21.4,23.1,83.3,5.3,16.3,13.5,24,8/29/17,0,A2M,Archival
8/30/17,22.76634979,22.88517189,31.64351463,0.004950921,0.287860543,21.4,23.1,83.3,5.3,16.3,13.5,24,8/30/17,0,A2M,Archival
8/31/17,21.99904442,23.36302757,31.6339283,0.056832631,0.063525409,21.4,23.1,83.3,5.3,16.3,13.5,24,8/31/17,0,A2M,Archival
9/1/17,22.1271534,23.53964996,31.57014465,0.058854024,0.051680412,21.4,23.1,83.3,5.3,16.3,13.5,24,9/1/17,0,A2M,Archival
9/2/17,22.15043831,23.0948925,31.63317108,0.039352258,0.003944541,21.4,23.1,83.3,5.3,16.3,13.5,24,9/2/17,0,A2M,Archival
9/3/17,20.89585304,22.64532661,31.49810219,0.072894732,0.055092949,21.4,23.1,83.3,5.3,16.3,13.5,24,9/3/17,0,A2M,Archival
9/4/17,20.48553276,22.62486076,31.44704628,0.089138667,-0.023929099,21.4,23.1,83.3,5.3,16.3,13.5,24,9/4/17,0,A2M,Archival
9/5/17,19.18771935,22.84017181,31.25604057,0.15218552,-0.094896205,21.4,23.1,83.3,5.3,16.3,13.5,24,9/5/17,0,A2M,Archival
9/6/17,17.26675987,22.71037865,31.19455147,0.226817449,-0.066012956,21.4,23.1,83.3,5.3,16.3,13.5,24,9/6/17,0,A2M,Archival
9/7/17,16.94229698,22.55654335,31.18906212,0.233926932,-0.036858656,21.4,23.1,83.3,5.3,16.3,13.5,24,9/7/17,0,A2M,Archival
9/8/17,17.33688927,22.33760262,31.16994667,0.208363056,-0.179039776,21.4,23.1,83.3,5.3,16.3,13.5,24,9/8/17,0,A2M,Archival
9/9/17,17.23585129,22.25852013,31.2176075,0.209277868,-0.098782293,21.4,23.1,83.3,5.3,16.3,13.5,24,9/9/17,0,A2M,Archival
9/10/17,18.10170937,22.0940876,31.3596859,0.166349093,-0.039642446,21.4,23.1,83.3,5.3,16.3,13.5,24,9/10/17,0,A2M,Archival
9/11/17,19.16715813,21.9046917,31.44369698,0.114063899,-0.035394352,21.4,23.1,83.3,5.3,16.3,13.5,24,9/11/17,0,A2M,Archival
9/12/17,20.52900696,21.94165993,31.22659111,0.05886054,0.00728515,21.4,23.1,83.3,5.3,16.3,13.5,24,9/12/17,0,A2M,Archival
9/13/17,20.05900002,21.97562408,31.14352989,0.079859336,0.055885538,21.4,23.1,83.3,5.3,16.3,13.5,24,9/13/17,0,A2M,Archival
9/14/17,19.34483147,22.14560699,30.93847847,0.11669898,0.020440234,21.4,23.1,83.3,5.3,16.3,13.5,24,9/14/17,0,A2M,Archival
9/15/17,18.94069099,22.52693748,30.83305931,0.149426937,0.042774711,21.4,23.1,83.3,5.3,16.3,13.5,24,9/15/17,0,A2M,Archival
9/16/17,18.71921349,22.62774658,30.90334511,0.162855546,-0.018267952,21.4,23.1,83.3,5.3,16.3,13.5,24,9/16/17,0,A2M,Archival
9/17/17,18.67240143,22.57563019,30.99276543,0.162634532,-0.006076994,21.4,23.1,83.3,5.3,16.3,13.5,24,9/17/17,0,A2M,Archival
9/18/17,19.69379425,22.74048805,31.05164337,0.126945575,0.087347351,21.4,23.1,83.3,5.3,16.3,13.5,24,9/18/17,0,A2M,Archival
9/19/17,21.31935692,22.39250755,31.17795372,0.04471461,0.332911283,21.4,23.1,83.3,5.3,16.3,13.5,24,9/19/17,0,A2M,Archival
9/20/17,21.68426514,21.74223137,31.27815056,0.00241526,0.357859999,21.4,23.1,83.3,5.3,16.3,13.5,24,9/20/17,0,A2M,Archival
9/21/17,20.65662956,22.0402298,31.19618034,0.05765001,0.148909941,21.4,23.1,83.3,5.3,16.3,13.5,24,9/21/17,0,A2M,Archival
9/22/17,20.72574615,22.37493324,31.13626289,0.068716129,0.246795282,21.4,23.1,83.3,5.3,16.3,13.5,24,9/22/17,0,A2M,Archival
9/23/17,20.83507347,22.32341003,31.21510506,0.062014023,0.164431483,21.4,23.1,83.3,5.3,16.3,13.5,24,9/23/17,0,A2M,Archival
9/24/17,20.58658791,22.33821678,30.98955536,0.072984536,0.051267505,21.4,23.1,83.3,5.3,16.3,13.5,24,9/24/17,0,A2M,Archival
9/25/17,20.47456169,22.15802574,30.98592567,0.070144335,0.077021636,21.4,23.1,83.3,5.3,16.3,13.5,24,9/25/17,0,A2M,Archival
9/26/17,20.4732151,21.72405815,31.15143585,0.05211846,0.133305058,21.4,23.1,83.3,5.3,16.3,13.5,24,9/26/17,0,A2M,Archival
9/27/17,21.7461853,21.98274422,31.22177315,0.009856621,0.2233091,21.4,23.1,83.3,5.3,16.3,13.5,24,9/27/17,0,A2M,Archival
9/28/17,21.93925285,21.96412849,31.26876068,0.001036485,0.225842595,21.4,23.1,83.3,5.3,16.3,13.5,24,9/28/17,0,A2M,Archival
9/29/17,22.04519463,22.08629036,31.35737419,0.001712322,0.112333827,21.4,23.1,83.3,5.3,16.3,13.5,24,9/29/17,0,A2M,Archival
9/30/17,21.30120468,21.8863163,31.33353424,0.024379651,0.020615101,21.4,23.1,83.3,5.3,16.3,13.5,24,9/30/17,0,A2M,Archival
10/1/17,21.33105278,21.3296032,31.35420036,-6.03994E-05,0.080743842,21.4,23.1,83.3,5.3,16.3,13.5,24,10/1/17,0,A2M,Archival
10/2/17,21.16915703,21.20245934,31.38961029,0.001387596,-0.06388624,21.4,23.1,83.3,5.3,16.3,13.5,24,10/2/17,0,A2M,Archival
10/3/17,19.92933273,20.90570068,31.2693634,0.040681998,-0.053797156,21.4,23.1,83.3,5.3,16.3,13.5,24,10/3/17,0,A2M,Archival
10/4/17,19.96819496,20.7328701,31.23990822,0.031861464,-0.028321316,21.4,23.1,83.3,5.3,16.3,13.5,24,10/4/17,0,A2M,Archival
10/5/17,20.01125336,20.75471306,31.20586586,0.030977488,-0.17465961,21.4,23.1,83.3,5.3,16.3,13.5,24,10/5/17,0,A2M,Archival
10/6/17,20.05773354,21.33654594,31.18393135,0.05328385,-0.143651396,21.4,23.1,83.3,5.3,16.3,13.5,24,10/6/17,0,A2M,Archival
10/7/17,19.38960266,21.7285614,31.11421204,0.097456614,-0.024398655,21.4,23.1,83.3,5.3,16.3,13.5,24,10/7/17,0,A2M,Archival
10/8/17,19.02444077,22.05748177,31.06224823,0.126376708,-0.049511712,21.4,23.1,83.3,5.3,16.3,13.5,24,10/8/17,0,A2M,Archival
10/9/17,19.2329464,22.28390503,31.08817291,0.127123276,-0.033296771,21.4,23.1,83.3,5.3,16.3,13.5,24,10/9/17,0,A2M,Archival
10/10/17,18.79710197,22.30638313,31.15011024,0.146220048,-0.086133957,21.4,23.1,83.3,5.3,16.3,13.5,24,10/10/17,0,A2M,Archival
10/11/17,18.55986214,22.39011955,31.20817757,0.159594059,-0.027597809,21.4,23.1,83.3,5.3,16.3,13.5,24,10/11/17,0,A2M,Archival
10/12/17,19.29025078,21.26755333,31.25210762,0.082387606,0.279708833,21.4,23.1,83.3,5.3,16.3,13.5,24,10/12/17,0,A2M,Archival
10/13/17,20.57312202,20.57858467,31.25732613,0.00022761,0.267631263,21.4,23.1,83.3,5.3,16.3,13.5,24,10/13/17,0,A2M,Archival
10/14/17,20.67917824,20.75547981,31.12883759,0.003179232,0.106463112,21.4,23.1,83.3,5.3,16.3,13.5,24,10/14/17,0,A2M,Archival
10/15/17,19.9742775,20.5873394,31.00121307,0.025544246,0.016438473,21.4,23.1,83.3,5.3,16.3,13.5,24,10/15/17,0,A2M,Archival
10/16/17,19.90584755,20.70893669,30.77198601,0.033462048,-0.082679629,21.4,23.1,83.3,5.3,16.3,13.5,24,10/16/17,0,A2M,Archival
10/17/17,19.90183449,19.908741,31.09728241,0.000287771,-0.095589928,21.4,23.1,83.3,5.3,16.3,13.5,24,10/17/17,0,A2M,Archival
10/18/17,19.89348221,19.91389465,31.21567535,0.000850519,-0.078476749,21.4,23.1,83.3,5.3,16.3,13.5,24,10/18/17,0,A2M,Archival
10/19/17,19.8985157,19.82785225,31.01346588,-0.002944311,-0.140182838,21.4,23.1,83.3,5.3,16.3,13.5,24,10/19/17,0,A2M,Archival
10/20/17,19.88646889,19.75038338,30.84976006,-0.00567023,-0.193425015,21.4,23.1,83.3,5.3,16.3,13.5,24,10/20/17,0,A2M,Archival
10/21/17,18.90328026,19.34808159,30.90605927,0.018533389,-0.15811497,21.4,23.1,83.3,5.3,16.3,13.5,24,10/21/17,0,A2M,Archival
10/22/17,18.80051422,19.32562637,30.9169445,0.021879673,-0.139404967,21.4,23.1,83.3,5.3,16.3,13.5,24,10/22/17,0,A2M,Archival
10/23/17,18.68712616,19.31437874,30.99928093,0.026135524,-0.012967196,21.4,23.1,83.3,5.3,16.3,13.5,24,10/23/17,0,A2M,Archival
10/24/17,18.54889679,19.57299232,31.0841465,0.042670647,0.144226208,21.4,23.1,83.3,5.3,16.3,13.5,24,10/24/17,0,A2M,Archival
10/25/17,18.42473793,19.63697624,31.13715935,0.05050993,0.16753751,21.4,23.1,83.3,5.3,16.3,13.5,24,10/25/17,0,A2M,Archival
10/26/17,18.59387779,19.22493362,31.23968506,0.026293993,0.124578714,21.4,23.1,83.3,5.3,16.3,13.5,24,10/26/17,0,A2M,Archival
10/27/17,19.2082653,19.19492149,31.26986122,-0.000555992,-0.080942474,21.4,23.1,83.3,5.3,16.3,13.5,24,10/27/17,0,A2M,Archival
10/28/17,19.19506073,19.03111839,31.2183094,-0.006830931,-0.085433662,21.4,23.1,83.3,5.3,16.3,13.5,24,10/28/17,0,A2M,Archival
10/29/17,19.02049255,19.10178185,31.23119354,0.003387054,0.145245597,21.4,23.1,83.3,5.3,16.3,13.5,24,10/29/17,0,A2M,Archival
10/30/17,18.80130196,18.99152184,31.2715168,0.007925828,0.087320603,21.4,23.1,83.3,5.3,16.3,13.5,24,10/30/17,0,A2M,Archival
10/31/17,18.95626259,18.60130119,31.68543816,-0.014790058,-0.300367177,21.4,23.1,83.3,5.3,16.3,13.5,24,10/31/17,0,A2M,Archival
11/1/17,19.01906013,18.41590691,31.87684441,-0.025131385,-0.126180619,21.4,23.1,83.3,5.3,16.3,13.5,24,11/1/17,0,A2M,Archival
11/2/17,18.73710442,18.29316902,31.81668091,-0.018497308,-0.055967256,21.4,23.1,83.3,5.3,16.3,13.5,24,11/2/17,0,A2M,Archival
11/3/17,18.67946243,18.33852577,31.79659081,-0.014205694,-0.05369186,21.4,23.1,83.3,5.3,16.3,13.5,24,11/3/17,0,A2M,Archival
11/4/17,18.57664108,18.18773651,31.82421112,-0.016204357,0.003849377,21.4,23.1,83.3,5.3,16.3,13.5,24,11/4/17,0,A2M,Archival
11/5/17,18.17828941,18.05137253,31.78082085,-0.005288204,0.114405572,21.4,23.1,83.3,5.3,16.3,13.5,24,11/5/17,0,A2M,Archival
11/6/17,18.04970169,18.03416252,31.59501839,-0.000647465,0.077664278,21.4,23.1,83.3,5.3,16.3,13.5,24,11/6/17,0,A2M,Archival
11/7/17,18.05552864,17.92220879,31.56173706,-0.005554994,0.097029455,21.4,23.1,83.3,5.3,16.3,13.5,24,11/7/17,0,A2M,Archival
11/8/17,17.86754227,17.812994,31.60304832,-0.002272844,0.268619865,21.4,23.1,83.3,5.3,16.3,13.5,24,11/8/17,0,A2M,Archival
11/9/17,17.42541695,17.40319824,31.54427338,-0.000925779,0.246094748,21.4,23.1,83.3,5.3,16.3,13.5,24,11/9/17,0,A2M,Archival
11/10/17,17.16512108,17.06933784,31.48931313,-0.003990968,0.046743516,21.4,23.1,83.3,5.3,16.3,13.5,24,11/10/17,0,A2M,Archival
11/11/17,16.62415886,16.56854057,31.58312988,-0.002317429,-0.065390937,21.4,23.1,83.3,5.3,16.3,13.5,24,11/11/17,0,A2M,Archival
11/12/17,16.39721107,16.35709,31.61602783,-0.001671712,-0.097721703,21.4,23.1,83.3,5.3,16.3,13.5,24,11/12/17,0,A2M,Archival
11/13/17,16.31945419,16.18073082,31.54956055,-0.005780141,-0.020976221,21.4,23.1,83.3,5.3,16.3,13.5,24,11/13/17,0,A2M,Archival
11/14/17,14.97439289,15.29433727,31.68492889,0.013331016,0.025986983,21.4,23.1,83.3,5.3,16.3,13.5,24,11/14/17,0,A2M,Archival
11/15/17,14.82877636,14.79987431,31.63554955,-0.001204252,0.131888241,21.4,23.1,83.3,5.3,16.3,13.5,24,11/15/17,0,A2M,Archival
11/16/17,14.45203114,14.36533737,31.5176487,-0.00361224,0.147046298,21.4,23.1,83.3,5.3,16.3,13.5,24,11/16/17,0,A2M,Archival
11/17/17,14.6523428,14.56785107,31.46059608,-0.003520489,-0.106905162,21.4,23.1,83.3,5.3,16.3,13.5,24,11/17/17,0,A2M,Archival
11/18/17,14.3582983,14.30947876,31.41533089,-0.002034148,-0.042690713,21.4,23.1,83.3,5.3,16.3,13.5,24,11/18/17,0,A2M,Archival
11/19/17,14.58283901,14.57147503,31.56837463,-0.000473499,-0.178357899,21.4,23.1,83.3,5.3,16.3,13.5,24,11/19/17,0,A2M,Archival
11/20/17,14.46811008,14.39273834,31.58918762,-0.003140489,-0.337987185,21.4,23.1,83.3,5.3,16.3,13.5,24,11/20/17,0,A2M,Archival
11/21/17,14.23181534,13.96062469,31.53012085,-0.01129961,-0.291642815,21.4,23.1,83.3,5.3,16.3,13.5,24,11/21/17,0,A2M,Archival
11/22/17,14.77200794,14.21369267,31.75263405,-0.023263137,-0.117434658,21.4,23.1,83.3,5.3,16.3,13.5,24,11/22/17,0,A2M,Archival
11/23/17,14.35922623,13.65419102,31.83188629,-0.029376467,-0.106402852,21.4,23.1,83.3,5.3,16.3,13.5,24,11/23/17,0,A2M,Archival
4/20/23,9.618132591,12.85407543,30.79036522,0.134830952,-0.142856896,21.4,23.1,83.3,5.3,16.3,13.5,24,4/20/23,0,A2M,Archival
4/21/23,9.641329765,13.18695545,30.69754219,0.147734404,-0.097083449,21.4,23.1,83.3,5.3,16.3,13.5,24,4/21/23,0,A2M,Archival
4/22/23,9.491726875,12.91782284,30.65930939,0.142753998,0.029414216,21.4,23.1,83.3,5.3,16.3,13.5,24,4/22/23,0,A2M,Archival
4/23/23,10.00093555,13.35600758,30.66734123,0.139794668,0.056885008,21.4,23.1,83.3,5.3,16.3,13.5,24,4/23/23,0,A2M,Archival
4/24/23,10.03476715,13.24052525,30.97453499,0.133573254,-0.014757126,21.4,23.1,83.3,5.3,16.3,13.5,24,4/24/23,0,A2M,Archival
4/25/23,10.00329018,12.71232891,31.25999451,0.112876614,-0.037518766,21.4,23.1,83.3,5.3,16.3,13.5,24,4/25/23,0,A2M,Archival
4/26/23,9.957852364,12.47659683,31.39570808,0.104947686,-0.021641886,21.4,23.1,83.3,5.3,16.3,13.5,24,4/26/23,0,A2M,Archival
4/27/23,9.966435432,12.8621521,31.40600395,0.120654861,-0.006338164,21.4,23.1,83.3,5.3,16.3,13.5,24,4/27/23,0,A2M,Archival
4/28/23,10.05335903,12.74509048,31.50747871,0.112155477,0.113872908,21.4,23.1,83.3,5.3,16.3,13.5,24,4/28/23,0,A2M,Archival
4/29/23,11.02362728,12.51251888,31.54011726,0.06203715,0.229140759,21.4,23.1,83.3,5.3,16.3,13.5,24,4/29/23,0,A2M,Archival
4/30/23,11.85114765,12.61806488,31.38177681,0.031954885,0.237625673,21.4,23.1,83.3,5.3,16.3,13.5,24,4/30/23,0,A2M,Archival
5/1/23,11.43784046,12.85647869,31.1026535,0.059109926,0.087686606,21.4,23.1,83.3,5.3,16.3,13.5,24,5/1/23,0,A2M,Archival
5/2/23,11.46146297,13.03040981,31.16407967,0.065372785,0.070158459,21.4,23.1,83.3,5.3,16.3,13.5,24,5/2/23,0,A2M,Archival
5/3/23,11.33438206,13.11064911,31.21505547,0.074011127,0.05080089,21.4,23.1,83.3,5.3,16.3,13.5,24,5/3/23,0,A2M,Archival
5/4/23,11.51195145,13.021842,31.24746132,0.062912107,0.046998825,21.4,23.1,83.3,5.3,16.3,13.5,24,5/4/23,0,A2M,Archival
5/5/23,11.62709522,12.99357319,31.1015625,0.056936582,-0.005852526,21.4,23.1,83.3,5.3,16.3,13.5,24,5/5/23,0,A2M,Archival
5/6/23,11.69716549,13.59853745,30.97984314,0.079223831,-0.068606861,21.4,23.1,83.3,5.3,16.3,13.5,24,5/6/23,0,A2M,Archival
5/7/23,11.58364773,13.88906097,30.90318489,0.096058885,-0.098118804,21.4,23.1,83.3,5.3,16.3,13.5,24,5/7/23,0,A2M,Archival
5/8/23,11.45466232,14.56124496,30.83042908,0.129440943,-0.032364812,21.4,23.1,83.3,5.3,16.3,13.5,24,5/8/23,0,A2M,Archival
5/9/23,11.4717226,14.77361774,30.89484215,0.137578964,-0.000668584,21.4,23.1,83.3,5.3,16.3,13.5,24,5/9/23,0,A2M,Archival
5/10/23,11.76082516,14.47826672,30.93337822,0.113226732,-0.045449048,21.4,23.1,83.3,5.3,16.3,13.5,24,5/10/23,0,A2M,Archival
5/11/23,11.53250504,14.81988144,30.51439667,0.136974017,-0.154113486,21.4,23.1,83.3,5.3,16.3,13.5,24,5/11/23,0,A2M,Archival
5/12/23,11.30770969,15.48353291,30.15762901,0.173992634,-0.123656392,21.4,23.1,83.3,5.3,16.3,13.5,24,5/12/23,0,A2M,Archival
5/13/23,11.08517933,15.73173618,30.28046608,0.193606536,-0.10109774,21.4,23.1,83.3,5.3,16.3,13.5,24,5/13/23,0,A2M,Archival
5/14/23,11.52425385,15.77067089,30.21025848,0.176934044,-0.062091347,21.4,23.1,83.3,5.3,16.3,13.5,24,5/14/23,0,A2M,Archival
5/15/23,11.62338543,15.45751953,30.33333015,0.159755588,-0.102272905,21.4,23.1,83.3,5.3,16.3,13.5,24,5/15/23,0,A2M,Archival
5/16/23,11.68758678,15.79637527,29.80260468,0.17119952,-0.169217423,21.4,23.1,83.3,5.3,16.3,13.5,24,5/16/23,0,A2M,Archival
5/17/23,12.05759811,15.63715458,29.8075695,0.149148186,-0.091660313,21.4,23.1,83.3,5.3,16.3,13.5,24,5/17/23,0,A2M,Archival
5/18/23,11.89482784,15.48412037,29.78692436,0.149553855,-0.064001009,21.4,23.1,83.3,5.3,16.3,13.5,24,5/18/23,0,A2M,Archival
5/19/23,11.78181458,15.22280025,29.92977142,0.143374403,-0.126649424,21.4,23.1,83.3,5.3,16.3,13.5,24,5/19/23,0,A2M,Archival
5/20/23,11.67205524,15.38979626,30.06378174,0.154905876,-0.080724888,21.4,23.1,83.3,5.3,16.3,13.5,24,5/20/23,0,A2M,Archival
5/21/23,11.64982891,15.78977966,29.84568024,0.172497948,-0.083248027,21.4,23.1,83.3,5.3,16.3,13.5,24,5/21/23,0,A2M,Archival
5/22/23,11.82987976,16.22890282,29.81371307,0.183292627,-0.105828799,21.4,23.1,83.3,5.3,16.3,13.5,24,5/22/23,0,A2M,Archival
5/23/23,12.34410954,16.07403374,29.99516869,0.155413508,0.020997943,21.4,23.1,83.3,5.3,16.3,13.5,24,5/23/23,0,A2M,Archival
5/24/23,12.62783718,15.45597363,30.80439949,0.117839019,0.059018593,21.4,23.1,83.3,5.3,16.3,13.5,24,5/24/23,0,A2M,Archival
5/25/23,13.0364275,15.73320389,31.12819481,0.112365683,0.019954711,21.4,23.1,83.3,5.3,16.3,13.5,24,5/25/23,0,A2M,Archival
5/26/23,13.89123535,15.57770061,31.46759033,0.070269386,-0.056552112,21.4,23.1,83.3,5.3,16.3,13.5,24,5/26/23,0,A2M,Archival
5/27/23,14.18812466,15.73239994,31.51907158,0.064344803,-0.107742794,21.4,23.1,83.3,5.3,16.3,13.5,24,5/27/23,0,A2M,Archival
5/28/23,14.49786377,15.70673847,31.5632267,0.050369779,-0.124127857,21.4,23.1,83.3,5.3,16.3,13.5,24,5/28/23,0,A2M,Archival
5/29/23,14.97541046,15.99876499,31.60838318,0.042639772,-0.067025393,21.4,23.1,83.3,5.3,16.3,13.5,24,5/29/23,0,A2M,Archival
5/30/23,15.6734581,15.88738155,31.64726257,0.008913477,0.058180436,21.4,23.1,83.3,5.3,16.3,13.5,24,5/30/23,0,A2M,Archival
5/31/23,15.87397861,15.87216187,31.62577057,-7.56979E-05,-0.014675655,21.4,23.1,83.3,5.3,16.3,13.5,24,5/31/23,0,A2M,Archival
6/1/23,16.34976768,16.35752106,31.38158607,0.000323057,-0.058495745,21.4,23.1,83.3,5.3,16.3,13.5,24,6/1/23,0,A2M,Archival
6/2/23,16.43742752,16.7472744,31.29931831,0.012910287,-0.049617726,21.4,23.1,83.3,5.3,16.3,13.5,24,6/2/23,0,A2M,Archival
6/3/23,16.41246414,17.13018608,31.28181648,0.029905081,0.038829438,21.4,23.1,83.3,5.3,16.3,13.5,24,6/3/23,0,A2M,Archival
6/4/23,16.25673485,16.32799339,31.39512634,0.002969106,0.2065496,21.4,23.1,83.3,5.3,16.3,13.5,24,6/4/23,0,A2M,Archival
6/5/23,16.35536766,16.76902199,31.32059479,0.017235597,0.091906793,21.4,23.1,83.3,5.3,16.3,13.5,24,6/5/23,0,A2M,Archival
6/6/23,16.43255234,17.7216053,31.15966034,0.05371054,0.070723042,21.4,23.1,83.3,5.3,16.3,13.5,24,6/6/23,0,A2M,Archival
6/7/23,15.93882465,17.63362312,31.12224007,0.070616603,0.0724499,21.4,23.1,83.3,5.3,16.3,13.5,24,6/7/23,0,A2M,Archival
6/8/23,15.66196823,17.8847332,30.99965668,0.092615207,0.103615642,21.4,23.1,83.3,5.3,16.3,13.5,24,6/8/23,0,A2M,Archival
6/9/23,15.44468212,17.83238029,31.02765465,0.099487424,0.121208154,21.4,23.1,83.3,5.3,16.3,13.5,24,6/9/23,0,A2M,Archival
6/10/23,16.55585289,17.84136963,31.05491829,0.053563197,0.068734504,21.4,23.1,83.3,5.3,16.3,13.5,24,6/10/23,0,A2M,Archival
6/11/23,16.25755501,18.566185,30.91673851,0.096192916,0.02615892,21.4,23.1,83.3,5.3,16.3,13.5,24,6/11/23,0,A2M,Archival
6/12/23,15.76817036,18.77914619,30.94135857,0.125457327,0.061567873,21.4,23.1,83.3,5.3,16.3,13.5,24,6/12/23,0,A2M,Archival
6/13/23,15.57976437,18.79550171,31.0659008,0.133989056,0.040288679,21.4,23.1,83.3,5.3,16.3,13.5,24,6/13/23,0,A2M,Archival
6/14/23,15.29791355,18.96484184,31.08493614,0.152788679,0.026027741,21.4,23.1,83.3,5.3,16.3,13.5,24,6/14/23,0,A2M,Archival
6/15/23,14.98676205,19.20606804,31.05692482,0.175804416,0.045337517,21.4,23.1,83.3,5.3,16.3,13.5,24,6/15/23,0,A2M,Archival
6/16/23,15.59162903,19.38184166,31.02766418,0.157925526,0.0591156,21.4,23.1,83.3,5.3,16.3,13.5,24,6/16/23,0,A2M,Archival
6/17/23,15.49303436,19.49936485,31.10221672,0.166930437,0.094401114,21.4,23.1,83.3,5.3,16.3,13.5,24,6/17/23,0,A2M,Archival
6/18/23,15.49804592,20.08215714,31.1331768,0.191004634,0.029686935,21.4,23.1,83.3,5.3,16.3,13.5,24,6/18/23,0,A2M,Archival
6/19/23,16.00446129,20.26402283,31.23136711,0.177481731,0.03484226,21.4,23.1,83.3,5.3,16.3,13.5,24,6/19/23,0,A2M,Archival
6/20/23,16.00816536,20.4051075,31.20417976,0.183205922,0.051799517,21.4,23.1,83.3,5.3,16.3,13.5,24,6/20/23,0,A2M,Archival
6/21/23,16.61793327,19.68527794,31.37145805,0.127806028,0.150078446,21.4,23.1,83.3,5.3,16.3,13.5,24,6/21/23,0,A2M,Archival
6/22/23,18.56463051,18.68044472,31.27408409,0.004825592,0.154974282,21.4,23.1,83.3,5.3,16.3,13.5,24,6/22/23,0,A2M,Archival
6/23/23,18.74168587,18.95507622,31.03644562,0.008891265,0.035998818,21.4,23.1,83.3,5.3,16.3,13.5,24,6/23/23,0,A2M,Archival
6/24/23,18.43283272,19.99715042,30.58725166,0.065179904,0.012346755,21.4,23.1,83.3,5.3,16.3,13.5,24,6/24/23,0,A2M,Archival
6/25/23,17.96212196,20.69109535,30.37398529,0.113707225,0.016549088,21.4,23.1,83.3,5.3,16.3,13.5,24,6/25/23,0,A2M,Archival
6/26/23,17.38002396,20.98007393,30.36024666,0.150002082,0.05465636,21.4,23.1,83.3,5.3,16.3,13.5,24,6/26/23,0,A2M,Archival
6/27/23,16.55824089,21.04014015,30.52124214,0.186745803,0.095308758,21.4,23.1,83.3,5.3,16.3,13.5,24,6/27/23,0,A2M,Archival
6/28/23,16.13794708,21.31838417,30.54596519,0.215851545,0.032400232,21.4,23.1,83.3,5.3,16.3,13.5,24,6/28/23,0,A2M,Archival
6/29/23,16.04523468,21.86726189,30.56666756,0.242584467,0.003745833,21.4,23.1,83.3,5.3,16.3,13.5,24,6/29/23,0,A2M,Archival
6/30/23,16.06643295,22.04106712,30.59910393,0.24894309,-0.000419689,21.4,23.1,83.3,5.3,16.3,13.5,24,6/30/23,0,A2M,Archival
7/1/23,17.57052994,22.36309052,30.58542061,0.199690024,-0.032916617,21.4,23.1,83.3,5.3,16.3,13.5,24,7/1/23,0,A2M,Archival
7/2/23,17.38817024,22.55298805,30.61149788,0.215200742,0.002282366,21.4,23.1,83.3,5.3,16.3,13.5,24,7/2/23,0,A2M,Archival
7/3/23,16.86738205,23.08511353,30.81896782,0.259072145,-0.039024711,21.4,23.1,83.3,5.3,16.3,13.5,24,7/3/23,0,A2M,Archival
7/4/23,16.67517281,23.39474297,30.78274536,0.27998209,-0.041752052,21.4,23.1,83.3,5.3,16.3,13.5,24,7/4/23,0,A2M,Archival
7/5/23,16.31515312,24.0361805,30.77315331,0.321709474,-0.018434456,21.4,23.1,83.3,5.3,16.3,13.5,24,7/5/23,0,A2M,Archival
7/6/23,16.26193047,24.51804352,30.76986885,0.344004711,-0.022233667,21.4,23.1,83.3,5.3,16.3,13.5,24,7/6/23,0,A2M,Archival
7/7/23,16.53802299,24.98051262,30.83067513,0.351770401,0.082427777,21.4,23.1,83.3,5.3,16.3,13.5,24,7/7/23,0,A2M,Archival
7/8/23,16.64985847,25.15490723,30.78783989,0.354377031,0.105947532,21.4,23.1,83.3,5.3,16.3,13.5,24,7/8/23,0,A2M,Archival
7/9/23,16.42901421,25.02868462,30.71522522,0.3583196,0.135184526,21.4,23.1,83.3,5.3,16.3,13.5,24,7/9/23,0,A2M,Archival
7/10/23,16.3436985,24.84391212,30.60425758,0.354175568,0.124436826,21.4,23.1,83.3,5.3,16.3,13.5,24,7/10/23,0,A2M,Archival
7/11/23,16.4598217,25.16567993,30.53429604,0.362744093,0.065261208,21.4,23.1,83.3,5.3,16.3,13.5,24,7/11/23,0,A2M,Archival
7/12/23,16.48545647,25.46247101,30.53745079,0.374042273,0.004577024,21.4,23.1,83.3,5.3,16.3,13.5,24,7/12/23,0,A2M,Archival
7/13/23,17.22783852,25.36261749,30.67355156,0.338949124,0.011521041,21.4,23.1,83.3,5.3,16.3,13.5,24,7/13/23,0,A2M,Archival
7/14/23,16.50780487,24.85824585,31.0144825,0.347935041,-0.030547356,21.4,23.1,83.3,5.3,16.3,13.5,24,7/14/23,0,A2M,Archival
7/15/23,15.92848301,24.56666756,31.12405586,0.359924356,-0.015257793,21.4,23.1,83.3,5.3,16.3,13.5,24,7/15/23,0,A2M,Archival
7/16/23,16.3281517,24.5184803,31.15318108,0.341263692,-0.001807911,21.4,23.1,83.3,5.3,16.3,13.5,24,7/16/23,0,A2M,Archival
7/17/23,16.05242348,24.35727882,31.1428833,0.346035639,-0.03023974,21.4,23.1,83.3,5.3,16.3,13.5,24,7/17/23,0,A2M,Archival
7/18/23,15.79459858,24.69558144,31.10692596,0.370874286,-0.014022821,21.4,23.1,83.3,5.3,16.3,13.5,24,7/18/23,0,A2M,Archival
7/19/23,17.3963623,25.00308037,30.80848122,0.316946586,0.010492315,21.4,23.1,83.3,5.3,16.3,13.5,24,7/19/23,0,A2M,Archival
7/20/23,17.31501007,25.27742767,30.62405396,0.3317674,0.013922647,21.4,23.1,83.3,5.3,16.3,13.5,24,7/20/23,0,A2M,Archival
7/21/23,17.19381905,25.18105316,30.50595093,0.332801421,0.069806166,21.4,23.1,83.3,5.3,16.3,13.5,24,7/21/23,0,A2M,Archival
7/22/23,16.32546043,25.07259941,30.06886864,0.364464124,0.088743307,21.4,23.1,83.3,5.3,16.3,13.5,24,7/22/23,0,A2M,Archival
7/23/23,16.28006935,25.16416931,29.88451195,0.370170832,0.044710115,21.4,23.1,83.3,5.3,16.3,13.5,24,7/23/23,0,A2M,Archival
7/24/23,16.1329689,25.18563652,29.75516319,0.377194484,0.018271297,21.4,23.1,83.3,5.3,16.3,13.5,24,7/24/23,0,A2M,Archival
7/25/23,15.32702732,25.14923096,29.68955231,0.409258485,-0.022198834,21.4,23.1,83.3,5.3,16.3,13.5,24,7/25/23,0,A2M,Archival
7/26/23,15.11322498,25.4010334,29.59123421,0.428658684,-0.045264263,21.4,23.1,83.3,5.3,16.3,13.5,24,7/26/23,0,A2M,Archival
7/27/23,14.76890659,25.09853554,29.9349308,0.430401206,-0.072233759,21.4,23.1,83.3,5.3,16.3,13.5,24,7/27/23,0,A2M,Archival
7/28/23,15.60561275,24.99337959,31.24839973,0.391156952,-0.17612648,21.4,23.1,83.3,5.3,16.3,13.5,24,7/28/23,0,A2M,Archival
7/29/23,14.82301426,25.18201447,31.54574394,0.431625009,-0.113218747,21.4,23.1,83.3,5.3,16.3,13.5,24,7/29/23,0,A2M,Archival
7/30/23,14.11626339,24.92288208,31.35697746,0.450275779,-0.071419455,21.4,23.1,83.3,5.3,16.3,13.5,24,7/30/23,0,A2M,Archival
7/31/23,14.45854473,23.66113281,30.85165596,0.38344117,-0.003922676,21.4,23.1,83.3,5.3,16.3,13.5,24,7/31/23,0,A2M,Archival
8/1/23,14.46329021,23.35275459,30.45023155,0.370394349,-0.036983758,21.4,23.1,83.3,5.3,16.3,13.5,24,8/1/23,0,A2M,Archival
8/2/23,14.75705338,22.70568848,30.71265221,0.331193129,-0.040379431,21.4,23.1,83.3,5.3,16.3,13.5,24,8/2/23,0,A2M,Archival
8/3/23,13.0515976,22.47607994,30.77266121,0.392686764,-0.040158037,21.4,23.1,83.3,5.3,16.3,13.5,24,8/3/23,0,A2M,Archival
8/4/23,12.69897366,22.41658974,30.43893242,0.40490067,0.003907729,21.4,23.1,83.3,5.3,16.3,13.5,24,8/4/23,0,A2M,Archival
8/5/23,12.43381119,22.22060204,30.17111778,0.407782952,0.057319582,21.4,23.1,83.3,5.3,16.3,13.5,24,8/5/23,0,A2M,Archival
8/6/23,14.51815414,22.85173988,30.44185638,0.347232739,0.072498538,21.4,23.1,83.3,5.3,16.3,13.5,24,8/6/23,0,A2M,Archival
8/7/23,14.61802387,22.92611694,30.35902405,0.346170545,0.06002897,21.4,23.1,83.3,5.3,16.3,13.5,24,8/7/23,0,A2M,Archival
8/8/23,14.20731258,22.95557594,30.64350891,0.364510973,0.075515546,21.4,23.1,83.3,5.3,16.3,13.5,24,8/8/23,0,A2M,Archival
8/9/23,15.95567226,23.22734833,31.01860046,0.302986503,-0.009462141,21.4,23.1,83.3,5.3,16.3,13.5,24,8/9/23,0,A2M,Archival
8/10/23,15.94675064,23.41814423,31.23169899,0.311308066,0.001788358,21.4,23.1,83.3,5.3,16.3,13.5,24,8/10/23,0,A2M,Archival
8/11/23,15.33914089,22.54451942,31.46149635,0.300224106,0.006683266,21.4,23.1,83.3,5.3,16.3,13.5,24,8/11/23,0,A2M,Archival
8/12/23,17.6822052,22.99627113,31.61548424,0.221419414,-0.033034835,21.4,23.1,83.3,5.3,16.3,13.5,24,8/12/23,0,A2M,Archival
8/13/23,17.62143898,23.24662018,31.79791069,0.23438255,0.005014176,21.4,23.1,83.3,5.3,16.3,13.5,24,8/13/23,0,A2M,Archival
8/14/23,17.79192162,24.01012993,31.89562035,0.259092013,-0.037250582,21.4,23.1,83.3,5.3,16.3,13.5,24,8/14/23,0,A2M,Archival
8/15/23,17.35559273,24.47345543,31.94104767,0.296577613,0.016655827,21.4,23.1,83.3,5.3,16.3,13.5,24,8/15/23,0,A2M,Archival
8/16/23,17.2444973,24.54678345,31.53543663,0.304261923,0.025372028,21.4,23.1,83.3,5.3,16.3,13.5,24,8/16/23,0,A2M,Archival
8/17/23,17.06489563,24.5480423,31.08189583,0.311797778,0.039960261,21.4,23.1,83.3,5.3,16.3,13.5,24,8/17/23,0,A2M,Archival
8/18/23,18.45472145,24.23282623,30.71865654,0.240754366,0.070672177,21.4,23.1,83.3,5.3,16.3,13.5,24,8/18/23,0,A2M,Archival
8/19/23,18.84436607,24.14745903,30.79210472,0.220962207,-0.01684265,21.4,23.1,83.3,5.3,16.3,13.5,24,8/19/23,0,A2M,Archival
8/20/23,19.10537148,23.9450779,30.86489105,0.201654434,-0.058641691,21.4,23.1,83.3,5.3,16.3,13.5,24,8/20/23,0,A2M,Archival
8/21/23,18.99627304,23.96122169,30.80177116,0.206872861,-0.022531042,21.4,23.1,83.3,5.3,16.3,13.5,24,8/21/23,0,A2M,Archival
8/22/23,19.08315849,24.07568932,30.9908905,0.208022118,0.016443854,21.4,23.1,83.3,5.3,16.3,13.5,24,8/22/23,0,A2M,Archival
8/23/23,19.46213341,23.91683388,31.63235474,0.18561252,0.059690785,21.4,23.1,83.3,5.3,16.3,13.5,24,8/23/23,0,A2M,Archival
8/24/23,19.36836815,24.02811432,31.75060844,0.19415609,0.0367078,21.4,23.1,83.3,5.3,16.3,13.5,24,8/24/23,0,A2M,Archival
8/25/23,19.0801239,23.45505333,31.32164764,0.182288726,-0.002673389,21.4,23.1,83.3,5.3,16.3,13.5,24,8/25/23,0,A2M,Archival
8/26/23,18.90681267,24.11264992,31.81482506,0.216909885,0.05403715,21.4,23.1,83.3,5.3,16.3,13.5,24,8/26/23,0,A2M,Archival
8/27/23,19.1968708,24.18396568,31.80685234,0.20779562,0.03455916,21.4,23.1,83.3,5.3,16.3,13.5,24,8/27/23,0,A2M,Archival
8/28/23,19.15425682,23.88703918,31.80798531,0.197199265,0.085487999,21.4,23.1,83.3,5.3,16.3,13.5,24,8/28/23,0,A2M,Archival
8/29/23,19.27786064,23.5532856,31.79478645,0.178142707,0.088849187,21.4,23.1,83.3,5.3,16.3,13.5,24,8/29/23,0,A2M,Archival
8/30/23,19.52642059,23.52462769,31.66086388,0.166591962,0.05362545,21.4,23.1,83.3,5.3,16.3,13.5,24,8/30/23,0,A2M,Archival
8/31/23,19.83394432,23.15281487,31.57326698,0.138286273,0.110552251,21.4,23.1,83.3,5.3,16.3,13.5,24,8/31/23,0,A2M,Archival
9/1/23,21.58197784,22.40830231,31.67243385,0.034430186,0.110760279,21.4,23.1,83.3,5.3,16.3,13.5,24,9/1/23,0,A2M,Archival
9/2/23,21.59396362,22.90184021,31.63177299,0.054494858,0.0219808,21.4,23.1,83.3,5.3,16.3,13.5,24,9/2/23,0,A2M,Archival
9/3/23,21.15992737,22.86448479,31.39547539,0.071023226,-0.038459588,21.4,23.1,83.3,5.3,16.3,13.5,24,9/3/23,0,A2M,Archival
9/4/23,20.64546204,23.1855526,31.10818291,0.105837107,0.023764685,21.4,23.1,83.3,5.3,16.3,13.5,24,9/4/23,0,A2M,Archival
9/5/23,20.71904564,23.83872986,31.25790596,0.129986842,0.091541648,21.4,23.1,83.3,5.3,16.3,13.5,24,9/5/23,0,A2M,Archival
9/6/23,20.58875465,24.29358101,31.21597481,0.154367765,0.102664493,21.4,23.1,83.3,5.3,16.3,13.5,24,9/6/23,0,A2M,Archival
9/7/23,20.37979126,24.72266388,31.27425957,0.180953026,0.116909407,21.4,23.1,83.3,5.3,16.3,13.5,24,9/7/23,0,A2M,Archival
9/8/23,20.95880318,24.97705269,31.28391838,0.167427063,0.088821381,21.4,23.1,83.3,5.3,16.3,13.5,24,9/8/23,0,A2M,Archival
9/9/23,20.73271751,25.10948181,31.20148468,0.182365179,0.026298849,21.4,23.1,83.3,5.3,16.3,13.5,24,9/9/23,0,A2M,Archival
9/10/23,20.81056404,25.34918785,31.25301552,0.189109325,0.019765086,21.4,23.1,83.3,5.3,16.3,13.5,24,9/10/23,0,A2M,Archival
9/11/23,20.48603821,25.53692436,31.29234123,0.21045359,0.012450824,21.4,23.1,83.3,5.3,16.3,13.5,24,9/11/23,0,A2M,Archival
9/12/23,20.42920685,25.47478294,31.32073402,0.210232337,0.022212541,21.4,23.1,83.3,5.3,16.3,13.5,24,9/12/23,0,A2M,Archival
9/13/23,20.38239861,25.21769524,31.3351593,0.201470693,0.065801598,21.4,23.1,83.3,5.3,16.3,13.5,24,9/13/23,0,A2M,Archival
9/14/23,20.26856422,24.88791847,31.38866234,0.192473094,0.107140504,21.4,23.1,83.3,5.3,16.3,13.5,24,9/14/23,0,A2M,Archival
9/15/23,22.04407692,24.30447197,31.72777367,0.094183127,0.206683815,21.4,23.1,83.3,5.3,16.3,13.5,24,9/15/23,0,A2M,Archival
9/16/23,23.65971184,23.83168602,31.76377106,0.007165591,0.192724779,21.4,23.1,83.3,5.3,16.3,13.5,24,9/16/23,0,A2M,Archival
9/17/23,23.64574623,23.51753235,31.35480309,-0.005342245,0.074181244,21.4,23.1,83.3,5.3,16.3,13.5,24,9/17/23,0,A2M,Archival
9/18/23,23.44018555,23.71432495,30.8615818,0.011422475,0.089144669,21.4,23.1,83.3,5.3,16.3,13.5,24,9/18/23,0,A2M,Archival
9/19/23,23.15133858,23.47437096,31.08543587,0.013459682,0.049766187,21.4,23.1,83.3,5.3,16.3,13.5,24,9/19/23,0,A2M,Archival
9/20/23,22.75714874,23.18958473,31.06867027,0.018018166,-0.019424794,21.4,23.1,83.3,5.3,16.3,13.5,24,9/20/23,0,A2M,Archival
9/21/23,22.39573669,23.13208199,31.01620293,0.030681054,-0.006372664,21.4,23.1,83.3,5.3,16.3,13.5,24,9/21/23,0,A2M,Archival
9/22/23,22.55627251,22.84960175,31.1379528,0.012222052,0.147774741,21.4,23.1,83.3,5.3,16.3,13.5,24,9/22/23,0,A2M,Archival
9/23/23,22.38148308,22.41885567,31.16937828,0.001557191,0.469661921,21.4,23.1,83.3,5.3,16.3,13.5,24,9/23/23,0,A2M,Archival
9/24/23,22.49957848,22.49382782,30.81151581,-0.000239611,0.303303152,21.4,23.1,83.3,5.3,16.3,13.5,24,9/24/23,0,A2M,Archival
9/25/23,22.36958504,22.33965111,30.78096962,-0.001247247,0.117426015,21.4,23.1,83.3,5.3,16.3,13.5,24,9/25/23,0,A2M,Archival
9/26/23,19.66073799,21.09817505,30.97958565,0.059893211,0.311091989,21.4,23.1,83.3,5.3,16.3,13.5,24,9/26/23,0,A2M,Archival
9/27/23,19.65756989,19.63690376,31.10810661,-0.000861088,0.300774574,21.4,23.1,83.3,5.3,16.3,13.5,24,9/27/23,0,A2M,Archival
9/28/23,19.47332191,19.46299744,31.01911354,-0.000430187,0.223798767,21.4,23.1,83.3,5.3,16.3,13.5,24,9/28/23,0,A2M,Archival
9/29/23,19.72337914,19.82223701,30.85823822,0.004119078,0.210901186,21.4,23.1,83.3,5.3,16.3,13.5,24,9/29/23,0,A2M,Archival
9/30/23,19.73575211,19.74003983,31.04553413,0.000178655,0.20840998,21.4,23.1,83.3,5.3,16.3,13.5,24,9/30/23,0,A2M,Archival
10/1/23,19.69688225,19.69546318,31.33956909,-5.91278E-05,0.235218868,21.4,23.1,83.3,5.3,16.3,13.5,24,10/1/23,0,A2M,Archival
10/2/23,19.66354179,19.6703949,31.38129997,0.000285546,0.172931924,21.4,23.1,83.3,5.3,16.3,13.5,24,10/2/23,0,A2M,Archival
10/3/23,19.69728279,19.76857185,31.33383751,0.002970378,0.127547637,21.4,23.1,83.3,5.3,16.3,13.5,24,10/3/23,0,A2M,Archival
10/4/23,19.71020317,19.96863174,31.1182003,0.010767857,0.058884025,21.4,23.1,83.3,5.3,16.3,13.5,24,10/4/23,0,A2M,Archival
10/5/23,18.82813454,20.08839607,31.12943268,0.052510897,0.067349233,21.4,23.1,83.3,5.3,16.3,13.5,24,10/5/23,0,A2M,Archival
10/6/23,18.67831993,20.26840401,31.18830299,0.066253503,0.138592169,21.4,23.1,83.3,5.3,16.3,13.5,24,10/6/23,0,A2M,Archival
10/7/23,18.73821449,20.28947067,31.26101112,0.064635674,0.221642479,21.4,23.1,83.3,5.3,16.3,13.5,24,10/7/23,0,A2M,Archival
10/8/23,19.49191284,19.5901947,31.40744209,0.004095078,0.15495266,21.4,23.1,83.3,5.3,16.3,13.5,24,10/8/23,0,A2M,Archival
10/9/23,19.54548645,19.43398285,30.95230103,-0.004645983,0.06355726,21.4,23.1,83.3,5.3,16.3,13.5,24,10/9/23,0,A2M,Archival
10/10/23,19.52487755,19.27408028,30.87896919,-0.010449886,0.131560802,21.4,23.1,83.3,5.3,16.3,13.5,24,10/10/23,0,A2M,Archival
10/11/23,19.11122894,19.1060276,30.91631889,-0.000216722,0.134106755,21.4,23.1,83.3,5.3,16.3,13.5,24,10/11/23,0,A2M,Archival
10/12/23,19.06984329,19.19185829,31.00315666,0.005083958,0.151691154,21.4,23.1,83.3,5.3,16.3,13.5,24,10/12/23,0,A2M,Archival
10/13/23,19.04514122,19.04086876,31.14644051,-0.000178019,0.177801311,21.4,23.1,83.3,5.3,16.3,13.5,24,10/13/23,0,A2M,Archival
10/14/23,19.04944801,18.59730339,31.05693626,-0.018839359,0.236587629,21.4,23.1,83.3,5.3,16.3,13.5,24,10/14/23,0,A2M,Archival
10/15/23,18.84390068,18.67490959,31.49168968,-0.007041295,0.389289945,21.4,23.1,83.3,5.3,16.3,13.5,24,10/15/23,0,A2M,Archival
10/16/23,18.6414547,18.5033474,31.81598663,-0.005754471,0.253380269,21.4,23.1,83.3,5.3,16.3,13.5,24,10/16/23,0,A2M,Archival
10/17/23,18.3536396,18.34068489,31.64173698,-0.00053978,0.229450405,21.4,23.1,83.3,5.3,16.3,13.5,24,10/17/23,0,A2M,Archival
10/18/23,18.39443588,18.12391281,31.57702637,-0.011271795,0.131402329,21.4,23.1,83.3,5.3,16.3,13.5,24,10/18/23,0,A2M,Archival
10/19/23,18.28455925,17.96411514,31.23847198,-0.013351838,0.087783419,21.4,23.1,83.3,5.3,16.3,13.5,24,10/19/23,0,A2M,Archival
10/20/23,18.2509861,18.141922,29.94219398,-0.004544338,0.175846472,21.4,23.1,83.3,5.3,16.3,13.5,24,10/20/23,0,A2M,Archival
10/21/23,18.24482918,18.15060997,30.07053566,-0.0039258,0.277570456,21.4,23.1,83.3,5.3,16.3,13.5,24,10/21/23,0,A2M,Archival
10/22/23,18.27921104,17.89090919,30.64251518,-0.016179244,-0.017665302,21.4,23.1,83.3,5.3,16.3,13.5,24,10/22/23,0,A2M,Archival
10/23/23,18.17069054,17.56214714,30.7457962,-0.025355975,-0.100787677,21.4,23.1,83.3,5.3,16.3,13.5,24,10/23/23,0,A2M,Archival
10/24/23,17.90690422,17.59222412,31.40596962,-0.013111671,0.018146336,21.4,23.1,83.3,5.3,16.3,13.5,24,10/24/23,0,A2M,Archival
10/25/23,17.71049118,17.61507034,31.2673645,-0.003975868,-0.075184032,21.4,23.1,83.3,5.3,16.3,13.5,24,10/25/23,0,A2M,Archival
10/26/23,17.53706932,18.01926231,30.9415226,0.020091375,-0.165438697,21.4,23.1,83.3,5.3,16.3,13.5,24,10/26/23,0,A2M,Archival
10/27/23,17.7039547,18.14523506,30.90302467,0.018386682,-0.080364764,21.4,23.1,83.3,5.3,16.3,13.5,24,10/27/23,0,A2M,Archival
10/28/23,17.73166466,18.45626259,30.94606972,0.03019158,-0.025880558,21.4,23.1,83.3,5.3,16.3,13.5,24,10/28/23,0,A2M,Archival
10/29/23,17.85096169,18.59902191,30.94589233,0.031169176,-0.00019366,21.4,23.1,83.3,5.3,16.3,13.5,24,10/29/23,0,A2M,Archival
10/30/23,17.74661827,18.447155,31.02534294,0.02918903,0.120611168,21.4,23.1,83.3,5.3,16.3,13.5,24,10/30/23,0,A2M,Archival
10/31/23,17.8141346,18.07343102,31.41329956,0.010804017,0.067715213,21.4,23.1,83.3,5.3,16.3,13.5,24,10/31/23,0,A2M,Archival
11/1/23,17.6496048,17.44330025,31.62204552,-0.008596023,0.197054043,21.4,23.1,83.3,5.3,16.3,13.5,24,11/1/23,0,A2M,Archival
11/2/23,17.18059349,17.1346283,31.57901001,-0.001915216,0.109909296,21.4,23.1,83.3,5.3,16.3,13.5,24,11/2/23,0,A2M,Archival
11/3/23,16.98719215,16.98999405,31.62107849,0.000116746,0.026043184,21.4,23.1,83.3,5.3,16.3,13.5,24,11/3/23,0,A2M,Archival
11/4/23,16.56767845,16.61886024,31.56024742,0.002132575,-0.058443438,21.4,23.1,83.3,5.3,16.3,13.5,24,11/4/23,0,A2M,Archival
11/5/23,16.62745857,16.53719711,31.44835091,-0.003760894,0.021385139,21.4,23.1,83.3,5.3,16.3,13.5,24,11/5/23,0,A2M,Archival
11/6/23,16.64754295,16.51045227,31.5530777,-0.005712112,0.087323926,21.4,23.1,83.3,5.3,16.3,13.5,24,11/6/23,0,A2M,Archival
11/7/23,16.57169151,16.44904137,31.56575775,-0.005110423,0.081241429,21.4,23.1,83.3,5.3,16.3,13.5,24,11/7/23,0,A2M,Archival
11/8/23,16.55160904,16.34385872,31.48820305,-0.008656263,0.022850975,21.4,23.1,83.3,5.3,16.3,13.5,24,11/8/23,0,A2M,Archival
11/9/23,16.58694077,16.32758331,31.64179802,-0.010806561,0.059641566,21.4,23.1,83.3,5.3,16.3,13.5,24,11/9/23,0,A2M,Archival
11/10/23,16.40210724,16.35814667,31.52397346,-0.00183169,0.041030165,21.4,23.1,83.3,5.3,16.3,13.5,24,11/10/23,0,A2M,Archival
11/11/23,16.18274689,16.1454792,31.69317055,-0.00155282,-0.08289668,21.4,23.1,83.3,5.3,16.3,13.5,24,11/11/23,0,A2M,Archival
11/12/23,16.01493645,15.98593235,31.7148304,-0.001208504,-0.055531953,21.4,23.1,83.3,5.3,16.3,13.5,24,11/12/23,0,A2M,Archival
11/13/23,15.84051418,15.89595509,31.56561089,0.002310038,0.062025074,21.4,23.1,83.3,5.3,16.3,13.5,24,11/13/23,0,A2M,Archival
11/14/23,15.69881439,15.6210022,31.49479103,-0.003242175,-0.008199262,21.4,23.1,83.3,5.3,16.3,13.5,24,11/14/23,0,A2M,Archival
11/15/23,15.47408199,15.41908169,31.51985168,-0.002291679,0.000122873,21.4,23.1,83.3,5.3,16.3,13.5,24,11/15/23,0,A2M,Archival
11/16/23,15.41257191,15.04145908,31.09045982,-0.015463034,-0.061911345,21.4,23.1,83.3,5.3,16.3,13.5,24,11/16/23,0,A2M,Archival
11/17/23,15.42194271,14.77991199,30.87315178,-0.02675128,0.008731621,21.4,23.1,83.3,5.3,16.3,13.5,24,11/17/23,0,A2M,Archival
11/18/23,15.4179945,14.9691534,31.03485107,-0.018701712,0.182479098,21.4,23.1,83.3,5.3,16.3,13.5,24,11/18/23,1,A2M,Archival
11/19/23,15.44709301,15.26897526,31.5536499,-0.007421573,0.112093754,21.4,23.1,83.3,5.3,16.3,13.5,24,11/19/23,1,A2M,Archival
11/20/23,15.3418951,14.95158768,31.47447395,-0.016262809,0.007976964,21.4,23.1,83.3,5.3,16.3,13.5,24,11/20/23,1,A2M,Archival
11/21/23,15.05677319,15.03628445,31.74854279,-0.000853697,0.110182792,21.4,23.1,83.3,5.3,16.3,13.5,24,11/21/23,0,A2M,Archival
11/22/23,15.00481129,14.96699238,31.55822563,-0.001575788,0.255564392,21.4,23.1,83.3,5.3,16.3,13.5,24,11/22/23,0,A2M,Archival
11/23/23,14.70697784,14.65225887,31.41898537,-0.002279957,0.076537542,21.4,23.1,83.3,5.3,16.3,13.5,24,11/23/23,0,A2M,Archival
11/24/23,14.45110989,14.39049625,31.37241364,-0.002525568,0.017880376,21.4,23.1,83.3,5.3,16.3,13.5,24,11/24/23,0,A2M,Archival
11/25/23,14.13454723,14.09763432,31.5433712,-0.001538038,0.068051718,21.4,23.1,83.3,5.3,16.3,13.5,24,11/25/23,0,A2M,Archival
11/26/23,13.7934103,13.77320576,31.56145287,-0.000841856,0.067185804,21.4,23.1,83.3,5.3,16.3,13.5,24,11/26/23,0,A2M,Archival
11/27/23,13.63877487,13.58731174,31.50681496,-0.002144297,0.079479642,21.4,23.1,83.3,5.3,16.3,13.5,24,11/27/23,0,A2M,Archival
11/28/23,13.27316284,13.21650028,31.51553535,-0.00236094,-0.07388074,21.4,23.1,83.3,5.3,16.3,13.5,24,11/28/23,0,A2M,Archival
11/29/23,12.60366154,12.52909946,31.40690804,-0.003106753,-0.20840387,21.4,23.1,83.3,5.3,16.3,13.5,24,11/29/23,0,A2M,Archival
11/30/23,12.35401058,12.2715044,31.43215752,-0.003437757,-0.141707152,21.4,23.1,83.3,5.3,16.3,13.5,24,11/30/23,0,A2M,Archival
12/1/23,12.58187866,12.27274418,31.72419167,-0.012880603,-0.132253394,21.4,23.1,83.3,5.3,16.3,13.5,24,12/1/23,1,A2M,Archival
12/2/23,12.8220911,12.50694561,31.72826576,-0.013131062,-0.07094425,21.4,23.1,83.3,5.3,16.3,13.5,24,12/2/23,1,A2M,Archival
12/3/23,12.80777264,12.39312077,31.64492798,-0.017277161,0.050384507,21.4,23.1,83.3,5.3,16.3,13.5,24,12/3/23,1,A2M,Archival
12/4/23,12.94283676,12.30366421,31.43411827,-0.02663219,0.097812168,21.4,23.1,83.3,5.3,16.3,13.5,24,12/4/23,0,A2M,Archival
12/5/23,12.87634563,12.13912964,31.46311951,-0.030717333,-0.037195954,21.4,23.1,83.3,5.3,16.3,13.5,24,12/5/23,0,A2M,Archival
12/6/23,12.79717922,12.23810101,31.65335083,-0.023294926,0.070371017,21.4,23.1,83.3,5.3,16.3,13.5,24,12/6/23,1,A2M,Archival
12/7/23,12.18797016,12.09743023,31.81035805,-0.003772497,0.055197153,21.4,23.1,83.3,5.3,16.3,13.5,24,12/7/23,0,A2M,Archival
12/8/23,12.09248447,11.5076828,31.56844902,-0.024366736,-0.041199617,21.4,23.1,83.3,5.3,16.3,13.5,24,12/8/23,1,A2M,Archival
12/9/23,12.07673168,11.27970886,31.41661835,-0.033209284,-0.022925215,21.4,23.1,83.3,5.3,16.3,13.5,24,12/9/23,0,A2M,Archival
12/10/23,11.79695892,11.27309322,31.13087463,-0.021827737,-0.009729081,21.4,23.1,83.3,5.3,16.3,13.5,24,12/10/23,0,A2M,Archival
12/11/23,11.97771168,11.34508038,31.07965279,-0.026359638,-0.00370575,21.4,23.1,83.3,5.3,16.3,13.5,24,12/11/23,0,A2M,Archival
12/12/23,11.71708965,10.93685818,31.17652702,-0.032509645,-0.281461865,21.4,23.1,83.3,5.3,16.3,13.5,24,12/12/23,1,A2M,Archival
12/13/23,11.69612598,10.98881149,31.18546104,-0.029471437,-0.311216563,21.4,23.1,83.3,5.3,16.3,13.5,24,12/13/23,1,A2M,Archival
12/14/23,11.45272446,10.8839035,31.2922287,-0.023700873,-0.306368917,21.4,23.1,83.3,5.3,16.3,13.5,24,12/14/23,0,A2M,Archival
12/15/23,11.00623417,10.79109955,31.34140205,-0.008963943,-0.266945541,21.4,23.1,83.3,5.3,16.3,13.5,24,12/15/23,0,A2M,Archival
12/16/23,10.87952709,10.56282711,31.2716198,-0.013195833,-0.238356337,21.4,23.1,83.3,5.3,16.3,13.5,24,12/16/23,0,A2M,Archival
12/17/23,10.88570118,10.78639126,31.39958763,-0.004137913,0.02641668,21.4,23.1,83.3,5.3,16.3,13.5,24,12/17/23,0,A2M,Archival
12/18/23,11.22977543,11.2159462,31.50834465,-0.000576218,0.351353794,21.4,23.1,83.3,5.3,16.3,13.5,24,12/18/23,0,A2M,Archival
12/19/23,10.84807682,10.7696867,31.43117332,-0.003266255,-0.126452893,21.4,23.1,83.3,5.3,16.3,13.5,24,12/19/23,0,A2M,Archival
12/20/23,10.59658813,10.55595303,31.50946617,-0.00169313,-0.025628723,21.4,23.1,83.3,5.3,16.3,13.5,24,12/20/23,0,A2M,Archival
12/21/23,10.54135513,10.50166798,31.50102997,-0.001653632,0.009002809,21.4,23.1,83.3,5.3,16.3,13.5,24,12/21/23,0,A2M,Archival
12/22/23,10.31500721,10.30528355,31.31128502,-0.000405153,0.05732334,21.4,23.1,83.3,5.3,16.3,13.5,24,12/22/23,0,A2M,Archival
12/23/23,10.29345608,10.28409004,31.27776337,-0.000390251,0.02431119,21.4,23.1,83.3,5.3,16.3,13.5,24,12/23/23,0,A2M,Archival
12/24/23,10.30646229,10.18018436,31.15716743,-0.00526158,-0.015365671,21.4,23.1,83.3,5.3,16.3,13.5,24,12/24/23,1,A2M,Archival
12/25/23,10.27025795,9.791966438,30.66673088,-0.019928813,-0.076545559,21.4,23.1,83.3,5.3,16.3,13.5,24,12/25/23,1,A2M,Archival
12/26/23,10.26096058,9.765946388,30.51701546,-0.020625591,-0.016660161,21.4,23.1,83.3,5.3,16.3,13.5,24,12/26/23,1,A2M,Archival
12/27/23,10.34180832,9.758069038,30.37308502,-0.02432247,0.064209521,21.4,23.1,83.3,5.3,16.3,13.5,24,12/27/23,1,A2M,Archival
12/28/23,10.13466358,9.482037544,29.787117,-0.027192752,0.182729319,21.4,23.1,83.3,5.3,16.3,13.5,24,12/28/23,1,A2M,Archival
12/29/23,10.25425529,9.540408134,29.01984978,-0.029743632,0.16530098,21.4,23.1,83.3,5.3,16.3,13.5,24,12/29/23,1,A2M,Archival
12/30/23,10.30817509,9.141425133,28.34786415,-0.048614581,0.111789562,21.4,23.1,83.3,5.3,16.3,13.5,24,12/30/23,1,A2M,Archival
12/31/23,10.00420284,9.216547966,28.78694344,-0.032818953,-0.116048701,21.4,23.1,83.3,5.3,16.3,13.5,24,12/31/23,1,A2M,Archival
1/1/24,10.09868336,9.175065994,29.24810982,-0.038484057,-0.035636928,21.4,23.1,83.3,5.3,16.3,13.5,24,1/1/24,1,A2M,Archival
1/2/24,10.0877676,9.337724686,30.22059059,-0.031251788,0.05140337,21.4,23.1,83.3,5.3,16.3,13.5,24,1/2/24,1,A2M,Archival
1/3/24,9.968512535,8.961852074,30.2095623,-0.041944186,-0.006877507,21.4,23.1,83.3,5.3,16.3,13.5,24,1/3/24,1,A2M,Archival
1/4/24,10.029706,8.474058151,29.6207943,-0.06481866,0.033812407,21.4,23.1,83.3,5.3,16.3,13.5,24,1/4/24,1,A2M,Archival
1/5/24,9.909482002,9.11398983,31.49978447,-0.033145507,-0.076104432,21.4,23.1,83.3,5.3,16.3,13.5,24,1/5/24,1,A2M,Archival
1/6/24,9.539175987,7.727479458,29.71522331,-0.075487355,-0.051271126,21.4,23.1,83.3,5.3,16.3,13.5,24,1/6/24,1,A2M,Archival
1/7/24,9.338387489,8.456942558,30.31428337,-0.036726872,0.20483458,21.4,23.1,83.3,5.3,16.3,13.5,24,1/7/24,0,A2M,Archival
1/8/24,9.258257866,7.927335262,29.96615601,-0.055455108,-0.025426442,21.4,23.1,83.3,5.3,16.3,13.5,24,1/8/24,0,A2M,Archival
1/9/24,8.933084488,8.187684059,31.02094841,-0.031058351,0.117131211,21.4,23.1,83.3,5.3,16.3,13.5,24,1/9/24,0,A2M,Archival
1/10/24,8.995545387,8.651608467,30.74375153,-0.014330705,0.157679677,21.4,23.1,83.3,5.3,16.3,13.5,24,1/10/24,0,A2M,Archival
1/11/24,9.138088226,7.941429138,29.38426208,-0.049860795,-0.073639728,21.4,23.1,83.3,5.3,16.3,13.5,24,1/11/24,1,A2M,Archival
1/12/24,9.169136047,7.973619461,29.17016411,-0.049813191,-0.058436323,21.4,23.1,83.3,5.3,16.3,13.5,24,1/12/24,0,A2M,Archival
1/13/24,9.176383018,8.6020298,29.91010475,-0.023931384,0.179815233,21.4,23.1,83.3,5.3,16.3,13.5,24,1/13/24,0,A2M,Archival
1/14/24,9.37292099,8.489129066,29.94692039,-0.036824663,-0.222751901,21.4,23.1,83.3,5.3,16.3,13.5,24,1/14/24,0,A2M,Archival
1/15/24,9.084188461,7.957223892,30.17991447,-0.046956857,-0.193009034,21.4,23.1,83.3,5.3,16.3,13.5,24,1/15/24,1,A2M,Archival
1/16/24,8.991628647,7.970692158,30.25859642,-0.04253902,0.114068992,21.4,23.1,83.3,5.3,16.3,13.5,24,1/16/24,0,A2M,Archival
1/17/24,8.767551422,7.835343838,30.56752205,-0.038841983,-0.020865357,21.4,23.1,83.3,5.3,16.3,13.5,24,1/17/24,0,A2M,Archival
1/18/24,7.994186878,7.341888905,30.58489418,-0.027179082,-0.306775361,21.4,23.1,83.3,5.3,16.3,13.5,24,1/18/24,0,A2M,Archival
1/19/24,8.08853054,7.308917999,30.67630959,-0.032483856,-0.077239431,21.4,23.1,83.3,5.3,16.3,13.5,24,1/19/24,0,A2M,Archival
1/20/24,8.213126183,7.10295248,30.69753075,-0.046257238,-0.148630485,21.4,23.1,83.3,5.3,16.3,13.5,24,1/20/24,0,A2M,Archival
1/21/24,7.260314465,6.855278015,30.63222313,-0.016876519,-0.264265686,21.4,23.1,83.3,5.3,16.3,13.5,24,1/21/24,1,A2M,Archival
1/22/24,7.452922821,7.022932053,30.91483307,-0.017916282,-0.22751011,21.4,23.1,83.3,5.3,16.3,13.5,24,1/22/24,0,A2M,Archival
1/23/24,7.35161972,5.668771267,28.66283417,-0.070118686,-0.318692893,21.4,23.1,83.3,5.3,16.3,13.5,24,1/23/24,0,A2M,Archival
1/24/24,6.501895428,5.697532177,29.16097069,-0.033515135,-0.226700142,21.4,23.1,83.3,5.3,16.3,13.5,24,1/24/24,1,A2M,Archival
1/25/24,6.926640987,5.826368809,28.52881622,-0.045844674,-0.101449572,21.4,23.1,83.3,5.3,16.3,13.5,24,1/25/24,1,A2M,Archival
1/26/24,7.115383625,5.999731541,29.14977455,-0.046485504,-0.045500401,21.4,23.1,83.3,5.3,16.3,13.5,24,1/26/24,1,A2M,Archival
1/27/24,6.930443287,6.362554073,29.34358215,-0.023662051,0.038097274,21.4,23.1,83.3,5.3,16.3,13.5,24,1/27/24,1,A2M,Archival
1/28/24,6.739579678,6.819812775,29.73139763,0.003343046,0.225159764,21.4,23.1,83.3,5.3,16.3,13.5,24,1/28/24,1,A2M,Archival
1/29/24,6.381202698,6.754990101,29.72506142,0.015574475,0.24202925,21.4,23.1,83.3,5.3,16.3,13.5,24,1/29/24,1,A2M,Archival
1/30/24,6.25624609,6.605961323,30.37375832,0.014571468,0.217936352,21.4,23.1,83.3,5.3,16.3,13.5,24,1/30/24,1,A2M,Archival
1/31/24,6.45990181,6.599622726,30.56729126,0.005821705,0.212009385,21.4,23.1,83.3,5.3,16.3,13.5,24,1/31/24,1,A2M,Archival
2/1/24,6.580400944,6.612123013,30.68645668,0.001321753,0.115254067,21.4,23.1,83.3,5.3,16.3,13.5,24,2/1/24,1,A2M,Archival
2/2/24,6.707355976,6.581016064,29.71755219,-0.005264163,0.081081025,21.4,23.1,83.3,5.3,16.3,13.5,24,2/2/24,0,A2M,Archival
2/3/24,6.793518066,6.877120972,30.97945404,0.003483454,0.149067491,21.4,23.1,83.3,5.3,16.3,13.5,24,2/3/24,1,A2M,Archival
2/4/24,6.848651886,6.536752224,31.29241943,-0.012995819,0.206316337,21.4,23.1,83.3,5.3,16.3,13.5,24,2/4/24,0,A2M,Archival
2/5/24,6.623206615,6.473043919,30.8901577,-0.006256779,0.229184747,21.4,23.1,83.3,5.3,16.3,13.5,24,2/5/24,0,A2M,Archival
2/6/24,6.504096985,6.388844013,30.98135376,-0.004802207,0.293625534,21.4,23.1,83.3,5.3,16.3,13.5,24,2/6/24,0,A2M,Archival
2/7/24,6.171243668,6.129529953,31.42492104,-0.001738071,0.221465662,21.4,23.1,83.3,5.3,16.3,13.5,24,2/7/24,1,A2M,Archival
2/8/24,6.196574688,5.947371006,30.45794106,-0.010383487,0.085644782,21.4,23.1,83.3,5.3,16.3,13.5,24,2/8/24,0,A2M,Archival
2/9/24,6.148796558,6.117116928,28.05377197,-0.001319985,0.05329901,21.4,23.1,83.3,5.3,16.3,13.5,24,2/9/24,0,A2M,Archival
2/10/24,6.251702785,6.31662941,27.66277313,0.002705276,0.110418029,21.4,23.1,83.3,5.3,16.3,13.5,24,2/10/24,1,A2M,Archival
2/11/24,6.502727985,6.81701088,28.04903603,0.013095121,0.04945023,21.4,23.1,83.3,5.3,16.3,13.5,24,2/11/24,0,A2M,Archival
2/12/24,6.54447031,6.797410965,28.10359383,0.010539194,0.06327381,21.4,23.1,83.3,5.3,16.3,13.5,24,2/12/24,1,A2M,Archival
2/13/24,6.480730057,6.544668674,29.05889893,0.002664109,0.265082031,21.4,23.1,83.3,5.3,16.3,13.5,24,2/13/24,1,A2M,Archival
2/14/24,6.131765366,6.070549488,30.70294189,-0.002550662,0.044036776,21.4,23.1,83.3,5.3,16.3,13.5,24,2/14/24,1,A2M,Archival
2/15/24,6.226944447,5.937757015,30.56178856,-0.012049476,-0.08082483,21.4,23.1,83.3,5.3,16.3,13.5,24,2/15/24,1,A2M,Archival
2/16/24,6.346664906,5.873111725,30.00364876,-0.019731383,-0.052037824,21.4,23.1,83.3,5.3,16.3,13.5,24,2/16/24,1,A2M,Archival
2/17/24,6.076142788,5.671976089,29.89191246,-0.016840279,0.078489356,21.4,23.1,83.3,5.3,16.3,13.5,24,2/17/24,1,A2M,Archival
2/18/24,6.106557369,5.622751713,30.16847801,-0.020158569,-0.05106619,21.4,23.1,83.3,5.3,16.3,13.5,24,2/18/24,0,A2M,Archival
2/19/24,6.162488937,5.632719517,30.20139313,-0.022073726,-0.283975244,21.4,23.1,83.3,5.3,16.3,13.5,24,2/19/24,0,A2M,Archival
2/20/24,5.804571152,5.650772572,30.22233391,-0.006408274,-0.091967314,21.4,23.1,83.3,5.3,16.3,13.5,24,2/20/24,0,A2M,Archival
2/21/24,5.865488529,5.840480328,30.60855293,-0.001042008,-0.028224593,21.4,23.1,83.3,5.3,16.3,13.5,24,2/21/24,1,A2M,Archival
2/22/24,5.927164078,5.765405178,30.44912148,-0.006739954,0.001431828,21.4,23.1,83.3,5.3,16.3,13.5,24,2/22/24,0,A2M,Archival
2/23/24,6.07142067,5.953744411,29.75741768,-0.004903177,0.082334243,21.4,23.1,83.3,5.3,16.3,13.5,24,2/23/24,0,A2M,Archival
2/24/24,6.246440411,6.043327332,29.55851746,-0.008463045,0.096587837,21.4,23.1,83.3,5.3,16.3,13.5,24,2/24/24,0,A2M,Archival
2/25/24,6.221094608,5.82600975,29.91372681,-0.016461869,0.031350095,21.4,23.1,83.3,5.3,16.3,13.5,24,2/25/24,0,A2M,Archival
2/26/24,5.963998318,5.759218693,29.73988533,-0.008532484,-0.114924073,21.4,23.1,83.3,5.3,16.3,13.5,24,2/26/24,0,A2M,Archival
2/27/24,6.04255867,5.917836666,29.52034569,-0.00519675,-0.082258284,21.4,23.1,83.3,5.3,16.3,13.5,24,2/27/24,0,A2M,Archival
2/28/24,6.125227451,6.17696619,30.03833008,0.002155781,-0.055301007,21.4,23.1,83.3,5.3,16.3,13.5,24,2/28/24,0,A2M,Archival
2/29/24,6.385551453,6.295904636,30.94079399,-0.003735284,-0.361301929,21.4,23.1,83.3,5.3,16.3,13.5,24,2/29/24,0,A2M,Archival
3/1/24,6.487134457,6.278057098,31.19256783,-0.008711557,-0.418658733,21.4,23.1,83.3,5.3,16.3,13.5,24,3/1/24,0,A2M,Archival
3/2/24,6.597948551,6.5514431,31.11900139,-0.001937727,-0.230275393,21.4,23.1,83.3,5.3,16.3,13.5,24,3/2/24,0,A2M,Archival
3/3/24,6.996780872,7.333381653,31.1119709,0.014025033,-0.185835198,21.4,23.1,83.3,5.3,16.3,13.5,24,3/3/24,0,A2M,Archival
3/4/24,7.0402565,7.444448471,31.06021118,0.016841332,-0.217502043,21.4,23.1,83.3,5.3,16.3,13.5,24,3/4/24,0,A2M,Archival
3/5/24,7.055753231,7.40567255,31.0332737,0.014579972,0.040539172,21.4,23.1,83.3,5.3,16.3,13.5,24,3/5/24,0,A2M,Archival
3/6/24,6.812801361,6.984760761,30.74980354,0.007164975,-0.019116784,21.4,23.1,83.3,5.3,16.3,13.5,24,3/6/24,0,A2M,Archival
3/7/24,6.808616161,7.008871078,30.4421711,0.008343955,-0.002869666,21.4,23.1,83.3,5.3,16.3,13.5,24,3/7/24,0,A2M,Archival
3/8/24,6.73446846,7.074361324,30.74590302,0.014162203,0.04133546,21.4,23.1,83.3,5.3,16.3,13.5,24,3/8/24,0,A2M,Archival
3/9/24,6.834934235,7.341024876,30.91057777,0.02108711,0.135258853,21.4,23.1,83.3,5.3,16.3,13.5,24,3/9/24,0,A2M,Archival
3/10/24,6.960722446,7.554415226,30.26025963,0.024737199,0.153047547,21.4,23.1,83.3,5.3,16.3,13.5,24,3/10/24,0,A2M,Archival
3/11/24,7.09124136,7.275510788,30.12876892,0.007677893,-0.329962134,21.4,23.1,83.3,5.3,16.3,13.5,24,3/11/24,0,A2M,Archival
3/12/24,7.205129623,7.429464817,30.76688385,0.0093473,-0.288760185,21.4,23.1,83.3,5.3,16.3,13.5,24,3/12/24,0,A2M,Archival
3/13/24,7.273214817,7.857198238,30.70380592,0.024332643,-0.086611658,21.4,23.1,83.3,5.3,16.3,13.5,24,3/13/24,0,A2M,Archival
3/14/24,7.347486496,8.384274483,30.50063896,0.043199499,0.008813144,21.4,23.1,83.3,5.3,16.3,13.5,24,3/14/24,1,A2M,Archival
3/15/24,7.403180599,8.583514214,30.23634338,0.049180567,0.019217432,21.4,23.1,83.3,5.3,16.3,13.5,24,3/15/24,1,A2M,Archival
3/16/24,7.461733341,8.902899742,30.14271736,0.0600486,0.069309428,21.4,23.1,83.3,5.3,16.3,13.5,24,3/16/24,0,A2M,Archival
3/17/24,7.489124298,8.875927925,30.13072205,0.057783484,0.094683528,21.4,23.1,83.3,5.3,16.3,13.5,24,3/17/24,0,A2M,Archival
3/18/24,8.046883583,8.811483383,30.12232208,0.031858325,0.073522359,21.4,23.1,83.3,5.3,16.3,13.5,24,3/18/24,0,A2M,Archival
3/19/24,8.116793633,8.428030968,30.19275665,0.012968222,-0.05227891,21.4,23.1,83.3,5.3,16.3,13.5,24,3/19/24,0,A2M,Archival
3/20/24,8.171898842,8.434165001,28.80163002,0.010927757,-0.065190308,21.4,23.1,83.3,5.3,16.3,13.5,24,3/20/24,1,A2M,Archival
3/21/24,8.214489937,8.207686424,29.17317772,-0.00028348,-0.141285807,21.4,23.1,83.3,5.3,16.3,13.5,24,3/21/24,0,A2M,Archival
3/22/24,8.264716148,8.080944061,29.03732109,-0.00765717,-0.288132221,21.4,23.1,83.3,5.3,16.3,13.5,24,3/22/24,0,A2M,Archival
3/23/24,8.32177639,8.337017059,29.60240936,0.000635028,-0.027171135,21.4,23.1,83.3,5.3,16.3,13.5,24,3/23/24,1,A2M,Archival
3/24/24,8.389683723,8.198943138,30.36679077,-0.007947524,0.028749339,21.4,23.1,83.3,5.3,16.3,13.5,24,3/24/24,0,A2M,Archival
3/25/24,8.115733147,8.089335442,30.91205406,-0.001099904,0.143371448,21.4,23.1,83.3,5.3,16.3,13.5,24,3/25/24,0,A2M,Archival
3/26/24,7.925641537,7.917081833,30.86273003,-0.000356654,0.356258512,21.4,23.1,83.3,5.3,16.3,13.5,24,3/26/24,0,A2M,Archival
3/27/24,7.746563435,7.834339142,30.75205231,0.003657321,0.170105293,21.4,23.1,83.3,5.3,16.3,13.5,24,3/27/24,0,A2M,Archival
3/28/24,7.76801157,8.02504158,30.44867516,0.010709584,0.059350546,21.4,23.1,83.3,5.3,16.3,13.5,24,3/28/24,0,A2M,Archival
3/29/24,7.80539465,7.870195866,30.75011253,0.002700051,0.033389803,21.4,23.1,83.3,5.3,16.3,13.5,24,3/29/24,0,A2M,Archival
3/30/24,8.079442978,8.195356369,30.30918884,0.004829725,-0.09844055,21.4,23.1,83.3,5.3,16.3,13.5,24,3/30/24,0,A2M,Archival
3/31/24,8.13541317,8.663596153,29.39299011,0.022007624,-0.106671534,21.4,23.1,83.3,5.3,16.3,13.5,24,3/31/24,0,A2M,Archival
4/1/24,8.041102409,8.768174171,29.48519135,0.030294657,0.033501651,21.4,23.1,83.3,5.3,16.3,13.5,24,4/1/24,0,A2M,Archival
4/2/24,7.88325882,8.50947094,30.39687347,0.026092172,0.075711899,21.4,23.1,83.3,5.3,16.3,13.5,24,4/2/24,0,A2M,Archival
4/3/24,7.974366665,8.231967926,31.03417778,0.010733386,0.289882928,21.4,23.1,83.3,5.3,16.3,13.5,24,4/3/24,0,A2M,Archival
4/4/24,8.069267273,8.588831902,29.81507301,0.021648526,0.36540392,21.4,23.1,83.3,5.3,16.3,13.5,24,4/4/24,0,A2M,Archival
4/5/24,7.724345684,8.607271194,28.58165169,0.036788563,0.069128342,21.4,23.1,83.3,5.3,16.3,13.5,24,4/5/24,0,A2M,Archival
4/6/24,7.806961536,8.409644127,29.320364,0.025111775,-0.015451158,21.4,23.1,83.3,5.3,16.3,13.5,24,4/6/24,0,A2M,Archival
4/7/24,7.856172562,8.144274712,30.36685753,0.012004256,0.064012915,21.4,23.1,83.3,5.3,16.3,13.5,24,4/7/24,0,A2M,Archival
4/8/24,7.946487427,8.732633591,29.23111725,0.03275609,0.013462809,21.4,23.1,83.3,5.3,16.3,13.5,24,4/8/24,0,A2M,Archival
4/9/24,7.991518021,9.473032951,27.29446602,0.061729789,0.006277523,21.4,23.1,83.3,5.3,16.3,13.5,24,4/9/24,0,A2M,Archival
4/10/24,8.028008461,10.08163166,27.40135765,0.085567633,0.030135909,21.4,23.1,83.3,5.3,16.3,13.5,24,4/10/24,0,A2M,Archival
4/11/24,8.500767708,9.962937355,27.55427742,0.060923735,0.073325358,21.4,23.1,83.3,5.3,16.3,13.5,24,4/11/24,0,A2M,Archival
4/12/24,8.293228149,9.225318909,29.49477577,0.038837115,0.136457101,21.4,23.1,83.3,5.3,16.3,13.5,24,4/12/24,0,A2M,Archival
4/13/24,8.110654831,9.687063217,29.70891762,0.065683683,-0.052140921,21.4,23.1,83.3,5.3,16.3,13.5,24,4/13/24,0,A2M,Archival
4/14/24,7.837833405,9.848930359,29.7696228,0.083795706,-0.137286976,21.4,23.1,83.3,5.3,16.3,13.5,24,4/14/24,0,A2M,Archival
4/15/24,7.799657345,9.999670982,30.26004601,0.091667235,-0.079762578,21.4,23.1,83.3,5.3,16.3,13.5,24,4/15/24,0,A2M,Archival
4/16/24,7.814733505,10.6920042,30.31090546,0.119886279,-0.016665565,21.4,23.1,83.3,5.3,16.3,13.5,24,4/16/24,0,A2M,Archival
4/17/24,7.998988628,10.62736797,30.36867714,0.109515806,-0.051116411,21.4,23.1,83.3,5.3,16.3,13.5,24,4/17/24,0,A2M,Archival