date,bottom_temp,sst,sss,stratification,zeta,dist_shore_km,dist_OC_km,dist_200m_km,dist_MO_km,dist_RTWB_km,dist_NB_km,depth_m,datetime,daily_occurrence,site,device_type
11/3/14,16.91793251,16.87615967,33.03092575,-0.00119,-0.106515564,36,37.6,67.9,10.4,0.7,17.8,35,11/3/14,0,A7M,Archival
11/4/14,16.84503365,16.84281349,33.11154556,-0.00006,-0.323222369,36,37.6,67.9,10.4,0.7,17.8,35,11/4/14,0,A7M,Archival
11/5/14,16.98687172,16.81905174,33.12878418,-0.00479,-0.202420115,36,37.6,67.9,10.4,0.7,17.8,35,11/5/14,0,A7M,Archival
11/6/14,16.74902916,16.62037849,33.03252792,-0.00368,-0.077373877,36,37.6,67.9,10.4,0.7,17.8,35,11/6/14,0,A7M,Archival
11/7/14,16.86900139,16.26542282,32.85651779,-0.01725,-0.118493922,36,37.6,67.9,10.4,0.7,17.8,35,11/7/14,0,A7M,Archival
11/8/14,16.58244896,16.31879616,33.11541748,-0.00753,-0.217558667,36,37.6,67.9,10.4,0.7,17.8,35,11/8/14,0,A7M,Archival
11/9/14,16.36804962,16.00760651,32.98054886,-0.0103,-0.178218171,36,37.6,67.9,10.4,0.7,17.8,35,11/9/14,0,A7M,Archival
11/10/14,16.50218773,15.95578003,32.93701553,-0.01561,-0.153305694,36,37.6,67.9,10.4,0.7,17.8,35,11/10/14,0,A7M,Archival
11/11/14,16.16749382,16.06166267,33.01822662,-0.00302,-0.045538884,36,37.6,67.9,10.4,0.7,17.8,35,11/11/14,0,A7M,Archival
11/12/14,15.66253757,15.7323103,32.95685196,0.00199,-0.004235309,36,37.6,67.9,10.4,0.7,17.8,35,11/12/14,0,A7M,Archival
11/13/14,15.68872547,15.47542667,32.97117615,-0.00609,-0.031594727,36,37.6,67.9,10.4,0.7,17.8,35,11/13/14,0,A7M,Archival
11/14/14,15.28936005,15.24718761,33.01845551,-0.0012,-0.054129858,36,37.6,67.9,10.4,0.7,17.8,35,11/14/14,0,A7M,Archival
11/15/14,14.74410534,14.65748501,33.23304367,-0.00247,-0.200323224,36,37.6,67.9,10.4,0.7,17.8,35,11/15/14,0,A7M,Archival
11/16/14,14.54911137,14.5112114,33.26235962,-0.00108,-0.197949454,36,37.6,67.9,10.4,0.7,17.8,35,11/16/14,0,A7M,Archival
11/17/14,14.56861496,14.53654385,33.2821312,-0.00092,-0.032167118,36,37.6,67.9,10.4,0.7,17.8,35,11/17/14,0,A7M,Archival
11/18/14,14.86179733,14.76117802,33.40190125,-0.00287,-0.216925979,36,37.6,67.9,10.4,0.7,17.8,35,11/18/14,0,A7M,Archival
11/19/14,14.44583416,14.37602615,33.44716644,-0.00199,-0.419453472,36,37.6,67.9,10.4,0.7,17.8,35,11/19/14,0,A7M,Archival
11/20/14,14.10967922,13.66660023,33.0863266,-0.01266,-0.284706205,36,37.6,67.9,10.4,0.7,17.8,35,11/20/14,0,A7M,Archival
11/21/14,14.70169163,13.58441925,33.08285522,-0.03192,-0.352243692,36,37.6,67.9,10.4,0.7,17.8,35,11/21/14,0,A7M,Archival
11/22/14,14.2977066,13.55612946,33.29066467,-0.02119,-0.28057012,36,37.6,67.9,10.4,0.7,17.8,35,11/22/14,0,A7M,Archival
11/23/14,14.21908283,13.63579845,33.32749939,-0.01667,-0.301130205,36,37.6,67.9,10.4,0.7,17.8,35,11/23/14,1,A7M,Archival
11/24/14,14.82942486,13.6210556,33.39256668,-0.03452,-0.082120232,36,37.6,67.9,10.4,0.7,17.8,35,11/24/14,1,A7M,Archival
11/25/14,15.01779842,13.12340069,33.12991333,-0.05413,-0.077401221,36,37.6,67.9,10.4,0.7,17.8,35,11/25/14,1,A7M,Archival
11/26/14,14.86476135,13.3272543,33.30564499,-0.04393,0.031931791,36,37.6,67.9,10.4,0.7,17.8,35,11/26/14,1,A7M,Archival
11/27/14,14.16009521,14.09157562,33.4002533,-0.00196,0.07223282,36,37.6,67.9,10.4,0.7,17.8,35,11/27/14,1,A7M,Archival
11/28/14,13.98616409,13.92995453,33.40974808,-0.00161,-0.127851322,36,37.6,67.9,10.4,0.7,17.8,35,11/28/14,0,A7M,Archival
11/29/14,13.83499908,13.79306889,33.45633316,-0.0012,-0.12454202,36,37.6,67.9,10.4,0.7,17.8,35,11/29/14,0,A7M,Archival
11/30/14,13.83517075,13.73203278,33.46611786,-0.00295,-0.594989717,36,37.6,67.9,10.4,0.7,17.8,35,11/30/14,0,A7M,Archival
12/1/14,13.10361576,11.82746983,33.05302048,-0.03646,-0.135761797,36,37.6,67.9,10.4,0.7,17.8,35,12/1/14,0,A7M,Archival
12/2/14,13.21417904,12.00448513,33.1778717,-0.03456,-0.100597672,36,37.6,67.9,10.4,0.7,17.8,35,12/2/14,0,A7M,Archival
12/3/14,13.07955837,12.56185627,33.24888229,-0.01479,0.010410928,36,37.6,67.9,10.4,0.7,17.8,35,12/3/14,0,A7M,Archival
12/4/14,13.1291647,12.43030643,33.21416092,-0.01997,-0.187047258,36,37.6,67.9,10.4,0.7,17.8,35,12/4/14,0,A7M,Archival
12/5/14,13.17783833,12.60929394,33.33411026,-0.01624,-0.136962995,36,37.6,67.9,10.4,0.7,17.8,35,12/5/14,0,A7M,Archival
12/6/14,11.97698307,12.36837006,33.35746765,0.01118,0.034607895,36,37.6,67.9,10.4,0.7,17.8,35,12/6/14,1,A7M,Archival
12/7/14,12.00718594,12.0515337,33.38020325,0.00127,0.055606123,36,37.6,67.9,10.4,0.7,17.8,35,12/7/14,1,A7M,Archival
12/8/14,11.64934254,11.6366663,33.53770447,-0.00036,0.230833367,36,37.6,67.9,10.4,0.7,17.8,35,12/8/14,1,A7M,Archival
12/9/14,11.51355267,11.52527714,33.281353,0.00033,0.428585857,36,37.6,67.9,10.4,0.7,17.8,35,12/9/14,1,A7M,Archival
12/10/14,11.01316452,10.97848225,32.85571289,-0.00099,0.118388236,36,37.6,67.9,10.4,0.7,17.8,35,12/10/14,1,A7M,Archival
12/11/14,10.78295803,10.73918247,32.83405304,-0.00125,-0.122381568,36,37.6,67.9,10.4,0.7,17.8,35,12/11/14,0,A7M,Archival
12/12/14,10.27189159,10.17807198,32.81713486,-0.00268,-0.190896794,36,37.6,67.9,10.4,0.7,17.8,35,12/12/14,1,A7M,Archival
12/13/14,10.34595871,10.22108746,32.89564896,-0.00357,-0.13194713,36,37.6,67.9,10.4,0.7,17.8,35,12/13/14,1,A7M,Archival
12/14/14,10.16612339,10.0909586,32.88657761,-0.00215,-0.107149333,36,37.6,67.9,10.4,0.7,17.8,35,12/14/14,1,A7M,Archival
12/15/14,9.615743637,9.568255424,32.90100479,-0.00136,-0.170485377,36,37.6,67.9,10.4,0.7,17.8,35,12/15/14,1,A7M,Archival
12/16/14,9.604681969,9.485258102,32.88585663,-0.00341,-0.085722089,36,37.6,67.9,10.4,0.7,17.8,35,12/16/14,0,A7M,Archival
12/17/14,9.796830177,9.499289513,32.85129547,-0.0085,-0.061865207,36,37.6,67.9,10.4,0.7,17.8,35,12/17/14,0,A7M,Archival
12/18/14,9.71325779,9.965144157,32.7282486,0.0072,-0.20878078,36,37.6,67.9,10.4,0.7,17.8,35,12/18/14,0,A7M,Archival
12/19/14,10.12931347,9.808473587,32.84658813,-0.00917,-0.257997632,36,37.6,67.9,10.4,0.7,17.8,35,12/19/14,0,A7M,Archival
12/20/14,10.28385639,9.536610603,32.85634995,-0.02135,-0.2569547,36,37.6,67.9,10.4,0.7,17.8,35,12/20/14,0,A7M,Archival
12/21/14,10.5189352,8.806860924,32.63524246,-0.04892,-0.228527591,36,37.6,67.9,10.4,0.7,17.8,35,12/21/14,0,A7M,Archival
12/22/14,10.36634827,8.686743736,32.5789299,-0.04799,-0.198763013,36,37.6,67.9,10.4,0.7,17.8,35,12/22/14,1,A7M,Archival
12/23/14,10.17658329,9.062795639,32.62615585,-0.03182,-0.072578534,36,37.6,67.9,10.4,0.7,17.8,35,12/23/14,1,A7M,Archival
12/24/14,9.116113663,9.070006371,32.50001907,-0.00132,-0.055248108,36,37.6,67.9,10.4,0.7,17.8,35,12/24/14,1,A7M,Archival
12/25/14,9.047572136,8.752526283,32.07622147,-0.00843,-0.155682877,36,37.6,67.9,10.4,0.7,17.8,35,12/25/14,1,A7M,Archival
12/26/14,9.182656288,8.831293106,32.36135864,-0.01004,-0.374282926,36,37.6,67.9,10.4,0.7,17.8,35,12/26/14,1,A7M,Archival
12/27/14,9.274740219,8.654402733,32.31644821,-0.01772,-0.309214324,36,37.6,67.9,10.4,0.7,17.8,35,12/27/14,1,A7M,Archival
12/28/14,9.369715691,8.529222488,32.1451683,-0.02401,-0.211207435,36,37.6,67.9,10.4,0.7,17.8,35,12/28/14,0,A7M,Archival
12/29/14,9.443616867,8.581377983,31.99360657,-0.02464,-0.209002316,36,37.6,67.9,10.4,0.7,17.8,35,12/29/14,1,A7M,Archival
12/30/14,9.913012505,9.163590431,32.4838562,-0.02141,-0.186195478,36,37.6,67.9,10.4,0.7,17.8,35,12/30/14,1,A7M,Archival
12/31/14,9.793796539,9.290097237,32.65409851,-0.01439,-0.615656316,36,37.6,67.9,10.4,0.7,17.8,35,12/31/14,0,A7M,Archival
1/1/15,9.954031944,9.064038277,32.7908287,-0.02543,-0.27047208,36,37.6,67.9,10.4,0.7,17.8,35,1/1/15,0,A7M,Archival
1/2/15,9.826498985,8.162489891,32.34206772,-0.04754,-0.428609014,36,37.6,67.9,10.4,0.7,17.8,35,1/2/15,0,A7M,Archival
1/3/15,9.819680214,8.157338142,32.50659943,-0.0475,-0.36207816,36,37.6,67.9,10.4,0.7,17.8,35,1/3/15,0,A7M,Archival
1/4/15,9.938768387,8.251378059,32.45006943,-0.04821,-0.179215863,36,37.6,67.9,10.4,0.7,17.8,35,1/4/15,0,A7M,Archival
1/5/15,10.31052876,8.276772499,32.171978,-0.05811,-0.415038317,36,37.6,67.9,10.4,0.7,17.8,35,1/5/15,1,A7M,Archival
1/6/15,10.37697124,8.394267082,32.34252548,-0.05665,-0.442544848,36,37.6,67.9,10.4,0.7,17.8,35,1/6/15,0,A7M,Archival
1/7/15,10.80375385,8.264882088,32.32745361,-0.07254,-0.383599132,36,37.6,67.9,10.4,0.7,17.8,35,1/7/15,0,A7M,Archival
1/8/15,10.39766693,7.896013737,32.75941849,-0.07148,-0.476157635,36,37.6,67.9,10.4,0.7,17.8,35,1/8/15,1,A7M,Archival
1/9/15,9.904031754,7.960147381,32.911129,-0.05554,-0.434547186,36,37.6,67.9,10.4,0.7,17.8,35,1/9/15,1,A7M,Archival
1/10/15,9.846423149,8.125971794,33.03164673,-0.04916,-0.555584729,36,37.6,67.9,10.4,0.7,17.8,35,1/10/15,0,A7M,Archival
1/11/15,8.477211952,7.099174023,33.18498993,-0.03937,-0.493655205,36,37.6,67.9,10.4,0.7,17.8,35,1/11/15,1,A7M,Archival
1/12/15,8.475419044,7.195850849,33.22451401,-0.03656,-0.339160889,36,37.6,67.9,10.4,0.7,17.8,35,1/12/15,1,A7M,Archival
1/13/15,8.18550396,7.21431303,33.20456314,-0.02775,-0.333844513,36,37.6,67.9,10.4,0.7,17.8,35,1/13/15,0,A7M,Archival
1/14/15,7.415980816,7.393568039,33.17301941,-0.00064,-0.119301856,36,37.6,67.9,10.4,0.7,17.8,35,1/14/15,1,A7M,Archival
1/15/15,7.260536671,7.192914486,33.04066086,-0.00193,-0.147195905,36,37.6,67.9,10.4,0.7,17.8,35,1/15/15,1,A7M,Archival
1/16/15,7.718461514,7.084600925,33.01697922,-0.01811,-0.304251939,36,37.6,67.9,10.4,0.7,17.8,35,1/16/15,1,A7M,Archival
1/17/15,7.766405106,7.087385178,33.10799789,-0.0194,-0.405323863,36,37.6,67.9,10.4,0.7,17.8,35,1/17/15,1,A7M,Archival
1/18/15,7.819134235,7.145185471,33.16725159,-0.01926,-0.244047508,36,37.6,67.9,10.4,0.7,17.8,35,1/18/15,1,A7M,Archival
1/19/15,7.901025772,6.71665144,32.83871078,-0.03384,-0.282783002,36,37.6,67.9,10.4,0.7,17.8,35,1/19/15,1,A7M,Archival
1/20/15,7.859876633,6.584674835,32.95621109,-0.03643,-0.345567912,36,37.6,67.9,10.4,0.7,17.8,35,1/20/15,1,A7M,Archival
1/21/15,8.059561729,6.867619038,33.14761353,-0.03406,-0.331064284,36,37.6,67.9,10.4,0.7,17.8,35,1/21/15,1,A7M,Archival
1/22/15,7.960661411,6.88860321,33.22787094,-0.03063,-0.296163857,36,37.6,67.9,10.4,0.7,17.8,35,1/22/15,1,A7M,Archival
1/23/15,7.270765781,6.885501385,33.08050537,-0.01101,-0.248862162,36,37.6,67.9,10.4,0.7,17.8,35,1/23/15,1,A7M,Archival
1/24/15,7.106721401,6.552379131,33.00082016,-0.01584,-0.059510697,36,37.6,67.9,10.4,0.7,17.8,35,1/24/15,1,A7M,Archival
1/25/15,7.165785313,6.231805801,32.98141098,-0.02669,-0.264913738,36,37.6,67.9,10.4,0.7,17.8,35,1/25/15,1,A7M,Archival
1/26/15,6.935445309,5.743789673,33.07065201,-0.03405,-0.03259385,36,37.6,67.9,10.4,0.7,17.8,35,1/26/15,1,A7M,Archival
1/27/15,5.742795944,5.661474705,33.22490311,-0.00232,0.208739564,36,37.6,67.9,10.4,0.7,17.8,35,1/27/15,0,A7M,Archival
1/28/15,5.666812897,5.628428936,33.3674736,-0.0011,-0.035397589,36,37.6,67.9,10.4,0.7,17.8,35,1/28/15,0,A7M,Archival
1/29/15,5.427241802,5.393660069,33.28784561,-0.00096,-0.204113707,36,37.6,67.9,10.4,0.7,17.8,35,1/29/15,1,A7M,Archival
1/30/15,5.6614151,5.296054363,33.23398209,-0.01044,-0.150606737,36,37.6,67.9,10.4,0.7,17.8,35,1/30/15,0,A7M,Archival
1/31/15,5.339672565,5.214969158,33.32658768,-0.00356,-0.38114801,36,37.6,67.9,10.4,0.7,17.8,35,1/31/15,0,A7M,Archival
2/1/15,5.31359005,5.445747852,33.29663086,0.00378,-0.330044597,36,37.6,67.9,10.4,0.7,17.8,35,2/1/15,0,A7M,Archival
2/2/15,5.497594357,5.076854229,32.95607376,-0.01202,-0.140888646,36,37.6,67.9,10.4,0.7,17.8,35,2/2/15,1,A7M,Archival
2/3/15,6.020282745,5.120655537,33.10091019,-0.0257,-0.398678929,36,37.6,67.9,10.4,0.7,17.8,35,2/3/15,1,A7M,Archival
2/4/15,4.636408329,5.324095249,33.26652908,0.01965,-0.360714555,36,37.6,67.9,10.4,0.7,17.8,35,2/4/15,0,A7M,Archival
2/5/15,4.734344006,5.070834637,33.16178894,0.00961,-0.297159076,36,37.6,67.9,10.4,0.7,17.8,35,2/5/15,0,A7M,Archival
2/6/15,4.651713848,4.497283459,33.27138138,-0.00441,-0.390415758,36,37.6,67.9,10.4,0.7,17.8,35,2/6/15,1,A7M,Archival
2/7/15,4.735197544,4.458031178,33.24287033,-0.00792,-0.359281272,36,37.6,67.9,10.4,0.7,17.8,35,2/7/15,0,A7M,Archival
2/8/15,4.986430645,4.611172199,33.22126007,-0.01072,-0.186806247,36,37.6,67.9,10.4,0.7,17.8,35,2/8/15,1,A7M,Archival
2/9/15,5.344997883,4.399406433,32.9915657,-0.02702,-0.010641415,36,37.6,67.9,10.4,0.7,17.8,35,2/9/15,1,A7M,Archival
2/10/15,4.042438984,3.573050499,33.20236588,-0.01341,0.153383523,36,37.6,67.9,10.4,0.7,17.8,35,2/10/15,0,A7M,Archival
2/11/15,4.01602602,4.01570797,33.44851685,-0.00001,0.165821716,36,37.6,67.9,10.4,0.7,17.8,35,2/11/15,0,A7M,Archival
2/12/15,4.179875851,4.102017879,33.37288284,-0.00222,0.07107459,36,37.6,67.9,10.4,0.7,17.8,35,2/12/15,0,A7M,Archival
2/13/15,4.179318905,4.03661108,33.34931564,-0.00408,-0.180364177,36,37.6,67.9,10.4,0.7,17.8,35,2/13/15,0,A7M,Archival
2/14/15,4.165631771,3.925149202,33.38055801,-0.00687,-0.098545283,36,37.6,67.9,10.4,0.7,17.8,35,2/14/15,1,A7M,Archival
2/15/15,3.922147036,3.301854134,33.13262177,-0.01772,-0.234375402,36,37.6,67.9,10.4,0.7,17.8,35,2/15/15,1,A7M,Archival
2/16/15,2.824462891,2.750480413,33.28738403,-0.00211,-0.379137248,36,37.6,67.9,10.4,0.7,17.8,35,2/16/15,0,A7M,Archival
2/17/15,2.973609924,2.727070093,33.2999115,-0.00704,-0.227877721,36,37.6,67.9,10.4,0.7,17.8,35,2/17/15,1,A7M,Archival
2/18/15,3.013964653,2.671792746,33.32387161,-0.00978,-0.130011529,36,37.6,67.9,10.4,0.7,17.8,35,2/18/15,1,A7M,Archival
2/19/15,3.131171227,2.780438662,33.20944595,-0.01002,-0.248491928,36,37.6,67.9,10.4,0.7,17.8,35,2/19/15,1,A7M,Archival
2/20/15,2.979835272,2.744475126,33.27695465,-0.00672,-0.511234701,36,37.6,67.9,10.4,0.7,17.8,35,2/20/15,0,A7M,Archival
2/21/15,3.429022074,2.424035311,33.21241379,-0.02871,-0.479288101,36,37.6,67.9,10.4,0.7,17.8,35,2/21/15,1,A7M,Archival
2/22/15,3.702733278,2.096875429,32.5827179,-0.04588,-0.280905455,36,37.6,67.9,10.4,0.7,17.8,35,2/22/15,0,A7M,Archival
2/23/15,3.715656519,2.53840661,32.81598282,-0.03364,-0.356337041,36,37.6,67.9,10.4,0.7,17.8,35,2/23/15,0,A7M,Archival
2/24/15,3.653114319,3.440662622,33.4344101,-0.00607,-0.346740037,36,37.6,67.9,10.4,0.7,17.8,35,2/24/15,0,A7M,Archival
2/25/15,3.766964912,3.316960335,33.32550812,-0.01286,-0.218442276,36,37.6,67.9,10.4,0.7,17.8,35,2/25/15,1,A7M,Archival
2/26/15,3.84903121,3.409326315,33.36171341,-0.01256,-0.210276082,36,37.6,67.9,10.4,0.7,17.8,35,2/26/15,1,A7M,Archival
2/27/15,3.411526918,3.318815947,33.30009079,-0.00265,-0.348271132,36,37.6,67.9,10.4,0.7,17.8,35,2/27/15,0,A7M,Archival
2/28/15,2.644042969,2.320469379,33.13251877,-0.00924,-0.492915183,36,37.6,67.9,10.4,0.7,17.8,35,2/28/15,0,A7M,Archival
3/1/15,2.494809628,2.339403152,33.18400955,-0.00444,-0.379050523,36,37.6,67.9,10.4,0.7,17.8,35,3/1/15,0,A7M,Archival
3/2/15,2.710827589,2.467314959,33.17020798,-0.00696,-0.35588482,36,37.6,67.9,10.4,0.7,17.8,35,3/2/15,0,A7M,Archival
3/3/15,3.792663574,3.359227419,33.21385574,-0.01238,-0.394277692,36,37.6,67.9,10.4,0.7,17.8,35,3/3/15,0,A7M,Archival
3/4/15,3.950124979,3.484784842,33.10279465,-0.0133,-0.261623502,36,37.6,67.9,10.4,0.7,17.8,35,3/4/15,1,A7M,Archival
3/5/15,4.208459854,3.480324984,32.94524002,-0.0208,-0.319498241,36,37.6,67.9,10.4,0.7,17.8,35,3/5/15,1,A7M,Archival
3/6/15,3.312948465,2.002487421,33.0945549,-0.03744,-0.372819513,36,37.6,67.9,10.4,0.7,17.8,35,3/6/15,1,A7M,Archival
3/7/15,3.119778872,1.835044742,33.05711746,-0.03671,-0.359858364,36,37.6,67.9,10.4,0.7,17.8,35,3/7/15,1,A7M,Archival
3/8/15,3.368297338,1.954550624,32.64831161,-0.04039,-0.435471505,36,37.6,67.9,10.4,0.7,17.8,35,3/8/15,0,A7M,Archival
3/9/15,3.873817444,3.3792696,32.44906235,-0.01413,-0.379250407,36,37.6,67.9,10.4,0.7,17.8,35,3/9/15,0,A7M,Archival
3/10/15,3.957659483,3.934529305,32.41358566,-0.00066,-0.332190841,36,37.6,67.9,10.4,0.7,17.8,35,3/10/15,0,A7M,Archival
3/11/15,4.027141094,4.318020344,32.0326004,0.00831,-0.300806582,36,37.6,67.9,10.4,0.7,17.8,35,3/11/15,0,A7M,Archival
3/12/15,3.684464216,3.374498606,32.03353119,-0.00886,-0.514083385,36,37.6,67.9,10.4,0.7,17.8,35,3/12/15,0,A7M,Archival
3/13/15,3.763512373,3.570825815,32.52629471,-0.00551,-0.39896062,36,37.6,67.9,10.4,0.7,17.8,35,3/13/15,1,A7M,Archival
3/14/15,3.679294825,3.828067064,32.75996399,0.00425,-0.185393453,36,37.6,67.9,10.4,0.7,17.8,35,3/14/15,1,A7M,Archival
3/15/15,4.278223038,3.871029854,32.82814026,-0.01163,-0.241255835,36,37.6,67.9,10.4,0.7,17.8,35,3/15/15,0,A7M,Archival
3/16/15,4.359270573,4.299866199,32.97311401,-0.0017,-0.300498992,36,37.6,67.9,10.4,0.7,17.8,35,3/16/15,1,A7M,Archival
3/17/15,4.553209782,4.598491192,32.89558411,0.00129,-0.12194518,36,37.6,67.9,10.4,0.7,17.8,35,3/17/15,0,A7M,Archival
3/18/15,4.29741621,4.363069534,32.8678894,0.00188,-0.340574354,36,37.6,67.9,10.4,0.7,17.8,35,3/18/15,0,A7M,Archival
3/19/15,4.215762615,4.477228165,33.12263107,0.00747,-0.427841634,36,37.6,67.9,10.4,0.7,17.8,35,3/19/15,1,A7M,Archival
3/20/15,4.254720211,4.546172619,33.16858292,0.00833,-0.261956632,36,37.6,67.9,10.4,0.7,17.8,35,3/20/15,1,A7M,Archival
3/21/15,3.590023756,4.399902821,33.04870224,0.02314,-0.093150169,36,37.6,67.9,10.4,0.7,17.8,35,3/21/15,1,A7M,Archival
3/22/15,3.528222799,4.276202679,32.81285477,0.02137,-0.228255451,36,37.6,67.9,10.4,0.7,17.8,35,3/22/15,0,A7M,Archival
3/23/15,3.688728571,4.524442673,33.00294495,0.02388,-0.257878095,36,37.6,67.9,10.4,0.7,17.8,35,3/23/15,0,A7M,Archival
3/24/15,4.516798973,5.000401497,33.34589767,0.01382,-0.387915999,36,37.6,67.9,10.4,0.7,17.8,35,3/24/15,0,A7M,Archival
3/25/15,4.581889153,5.22962141,33.37322617,0.01851,-0.342565089,36,37.6,67.9,10.4,0.7,17.8,35,3/25/15,0,A7M,Archival
3/26/15,4.648570538,5.423621655,33.18544388,0.02214,-0.200263515,36,37.6,67.9,10.4,0.7,17.8,35,3/26/15,0,A7M,Archival
3/27/15,5.239170551,5.674559116,32.26590347,0.01244,-0.14719981,36,37.6,67.9,10.4,0.7,17.8,35,3/27/15,0,A7M,Archival
3/28/15,5.37979269,5.787527084,33.01431656,0.01165,-0.202713311,36,37.6,67.9,10.4,0.7,17.8,35,3/28/15,0,A7M,Archival
3/29/15,5.423180103,5.371089935,32.98469543,-0.00149,-0.24195838,36,37.6,67.9,10.4,0.7,17.8,35,3/29/15,0,A7M,Archival
3/30/15,3.970268488,4.112091541,32.79610825,0.00405,-0.20081912,36,37.6,67.9,10.4,0.7,17.8,35,3/30/15,0,A7M,Archival
3/31/15,4.25294733,4.338875294,32.69325638,0.00246,-0.184421465,36,37.6,67.9,10.4,0.7,17.8,35,3/31/15,0,A7M,Archival
4/1/15,4.504945755,4.541719913,32.38539124,0.00105,-0.226496801,36,37.6,67.9,10.4,0.7,17.8,35,4/1/15,0,A7M,Archival
4/2/15,3.976083994,4.814677715,32.63879776,0.02396,-0.282297283,36,37.6,67.9,10.4,0.7,17.8,35,4/2/15,0,A7M,Archival
4/3/15,4.425779343,4.958172321,32.19923019,0.01521,-0.285456628,36,37.6,67.9,10.4,0.7,17.8,35,4/3/15,0,A7M,Archival
4/4/15,5.154065609,5.299572468,32.0005722,0.00416,-0.334797978,36,37.6,67.9,10.4,0.7,17.8,35,4/4/15,0,A7M,Archival
4/5/15,5.614801884,5.778392315,32.23028183,0.00467,-0.434114069,36,37.6,67.9,10.4,0.7,17.8,35,4/5/15,0,A7M,Archival
4/6/15,5.865419388,6.097186565,32.19364548,0.00662,-0.402888983,36,37.6,67.9,10.4,0.7,17.8,35,4/6/15,0,A7M,Archival
4/7/15,6.080479145,6.534036636,32.11723709,0.01296,-0.308274359,36,37.6,67.9,10.4,0.7,17.8,35,4/7/15,0,A7M,Archival
4/8/15,6.440776825,7.011840343,31.96069336,0.01632,-0.180839434,36,37.6,67.9,10.4,0.7,17.8,35,4/8/15,0,A7M,Archival
4/9/15,5.815573215,7.099662781,31.55755806,0.03669,-0.104085706,36,37.6,67.9,10.4,0.7,17.8,35,4/9/15,0,A7M,Archival
4/10/15,5.752668858,7.142892838,31.86042023,0.03972,-0.056267321,36,37.6,67.9,10.4,0.7,17.8,35,4/10/15,0,A7M,Archival
4/11/15,5.208457947,6.220644474,32.0420723,0.02892,-0.228248462,36,37.6,67.9,10.4,0.7,17.8,35,4/11/15,0,A7M,Archival
4/12/15,5.442153931,6.630556583,32.04557419,0.03395,-0.358866185,36,37.6,67.9,10.4,0.7,17.8,35,4/12/15,0,A7M,Archival
4/13/15,5.643514156,7.284883499,32.0614357,0.0469,-0.284566998,36,37.6,67.9,10.4,0.7,17.8,35,4/13/15,0,A7M,Archival
4/14/15,5.507980347,7.614259243,31.98052406,0.06018,-0.265906721,36,37.6,67.9,10.4,0.7,17.8,35,4/14/15,0,A7M,Archival
4/15/15,5.485826492,7.953938007,32.10297775,0.07052,-0.305144459,36,37.6,67.9,10.4,0.7,17.8,35,4/15/15,0,A7M,Archival
4/16/15,5.510740757,8.486581802,32.21424484,0.08502,-0.338001996,36,37.6,67.9,10.4,0.7,17.8,35,4/16/15,0,A7M,Archival
4/17/15,5.561691284,9.189551353,32.2447319,0.10365,-0.258114785,36,37.6,67.9,10.4,0.7,17.8,35,4/17/15,0,A7M,Archival
4/18/15,5.699878693,9.64495182,32.06236649,0.11272,-0.299378604,36,37.6,67.9,10.4,0.7,17.8,35,4/18/15,0,A7M,Archival
4/19/15,5.76261282,10.01819229,32.08817673,0.12159,-0.254063278,36,37.6,67.9,10.4,0.7,17.8,35,4/19/15,0,A7M,Archival
4/20/15,4.63381958,8.712788582,32.35909271,0.11654,-0.065763809,36,37.6,67.9,10.4,0.7,17.8,35,4/20/15,0,A7M,Archival
4/21/15,4.546285152,8.714632034,31.97732735,0.1191,-0.075529426,36,37.6,67.9,10.4,0.7,17.8,35,4/21/15,0,A7M,Archival
4/22/15,4.612556934,9.105827332,31.78910637,0.12838,-0.124422021,36,37.6,67.9,10.4,0.7,17.8,35,4/22/15,0,A7M,Archival
4/23/15,5.886135101,9.383899689,31.58838463,0.09994,-0.142576978,36,37.6,67.9,10.4,0.7,17.8,35,4/23/15,0,A7M,Archival
4/24/15,6.271636486,9.157406807,31.79301453,0.08245,-0.219830021,36,37.6,67.9,10.4,0.7,17.8,35,4/24/15,0,A7M,Archival
4/25/15,6.422044754,9.01670742,32.0707283,0.07413,-0.159804001,36,37.6,67.9,10.4,0.7,17.8,35,4/25/15,0,A7M,Archival
4/26/15,6.428864956,8.801282883,32.10082626,0.06778,-0.055803463,36,37.6,67.9,10.4,0.7,17.8,35,4/26/15,0,A7M,Archival
4/27/15,6.448925018,9.142271996,32.14156342,0.07695,-0.060063463,36,37.6,67.9,10.4,0.7,17.8,35,4/27/15,0,A7M,Archival
4/28/15,6.643884182,9.276402473,32.12712479,0.07521,-0.132046431,36,37.6,67.9,10.4,0.7,17.8,35,4/28/15,0,A7M,Archival
4/29/15,6.938676834,9.66529274,32.13080597,0.0779,-0.112465791,36,37.6,67.9,10.4,0.7,17.8,35,4/29/15,1,A7M,Archival
4/30/15,7.06440115,10.43799973,31.95713043,0.09639,-0.045632463,36,37.6,67.9,10.4,0.7,17.8,35,4/30/15,0,A7M,Archival
5/1/15,6.895735264,10.68200302,32.04519272,0.10818,-0.037159536,36,37.6,67.9,10.4,0.7,17.8,35,5/1/15,0,A7M,Archival
5/2/15,5.90123558,9.129782677,32.43645477,0.09224,-0.069320314,36,37.6,67.9,10.4,0.7,17.8,35,5/2/15,0,A7M,Archival
5/3/15,5.719600677,9.563541412,32.41791916,0.10983,-0.176465586,36,37.6,67.9,10.4,0.7,17.8,35,5/3/15,0,A7M,Archival
5/4/15,5.99865675,10.5373621,31.85614204,0.12968,-0.262013286,36,37.6,67.9,10.4,0.7,17.8,35,5/4/15,0,A7M,Archival
5/5/15,6.280448437,11.75071335,30.59200096,0.15629,-0.313805073,36,37.6,67.9,10.4,0.7,17.8,35,5/5/15,0,A7M,Archival
5/6/15,6.658075333,12.60329437,30.30529976,0.16986,-0.307794243,36,37.6,67.9,10.4,0.7,17.8,35,5/6/15,0,A7M,Archival
5/7/15,6.730008602,13.22532272,30.35547447,0.18558,-0.261278421,36,37.6,67.9,10.4,0.7,17.8,35,5/7/15,0,A7M,Archival
5/8/15,6.538354397,14.58442783,30.50387001,0.22989,-0.243583202,36,37.6,67.9,10.4,0.7,17.8,35,5/8/15,0,A7M,Archival
5/9/15,6.451368809,15.0557394,30.6118145,0.24584,-0.184275523,36,37.6,67.9,10.4,0.7,17.8,35,5/9/15,0,A7M,Archival
5/10/15,6.064397812,15.49861622,30.69498253,0.26955,-0.155191645,36,37.6,67.9,10.4,0.7,17.8,35,5/10/15,0,A7M,Archival
5/11/15,6.645764828,16.10101128,30.75982094,0.27015,-0.161079198,36,37.6,67.9,10.4,0.7,17.8,35,5/11/15,0,A7M,Archival
5/12/15,6.762750149,16.33143806,30.87409401,0.27339,-0.117572539,36,37.6,67.9,10.4,0.7,17.8,35,5/12/15,0,A7M,Archival
5/13/15,6.983091831,15.19328976,31.11374092,0.23458,-0.277176797,36,37.6,67.9,10.4,0.7,17.8,35,5/13/15,0,A7M,Archival
5/14/15,6.796348572,13.46918011,31.43998146,0.19065,-0.299406558,36,37.6,67.9,10.4,0.7,17.8,35,5/14/15,0,A7M,Archival
5/15/15,6.46282053,13.64795208,31.55508423,0.20529,-0.294044495,36,37.6,67.9,10.4,0.7,17.8,35,5/15/15,0,A7M,Archival
5/16/15,6.432397842,14.09963989,31.57523155,0.21906,-0.233847484,36,37.6,67.9,10.4,0.7,17.8,35,5/16/15,0,A7M,Archival
5/17/15,7.03766489,15.78151703,31.57470894,0.24982,-0.250718623,36,37.6,67.9,10.4,0.7,17.8,35,5/17/15,0,A7M,Archival
5/18/15,7.180524349,16.37269783,31.62286568,0.26263,-0.197101608,36,37.6,67.9,10.4,0.7,17.8,35,5/18/15,0,A7M,Archival
5/19/15,6.984308243,16.77528763,31.75707436,0.27974,-0.084566467,36,37.6,67.9,10.4,0.7,17.8,35,5/19/15,0,A7M,Archival
5/20/15,8.27890873,16.10650444,31.92560768,0.22365,-0.115876622,36,37.6,67.9,10.4,0.7,17.8,35,5/20/15,0,A7M,Archival
5/21/15,8.552269936,15.64256573,32.16040421,0.20258,-0.120716371,36,37.6,67.9,10.4,0.7,17.8,35,5/21/15,0,A7M,Archival
5/22/15,8.595558167,15.02465057,32.43099213,0.18369,-0.130869612,36,37.6,67.9,10.4,0.7,17.8,35,5/22/15,0,A7M,Archival
5/23/15,9.233569145,14.60835648,33.00549698,0.15357,-0.297039121,36,37.6,67.9,10.4,0.7,17.8,35,5/23/15,0,A7M,Archival
5/24/15,9.37003994,14.76385498,33.05673599,0.15411,-0.316725075,36,37.6,67.9,10.4,0.7,17.8,35,5/24/15,1,A7M,Archival
5/25/15,9.782011986,15.5004158,32.72011185,0.16338,-0.331513435,36,37.6,67.9,10.4,0.7,17.8,35,5/25/15,0,A7M,Archival
5/26/15,10.25587177,16.74967003,32.62504959,0.18554,-0.318608105,36,37.6,67.9,10.4,0.7,17.8,35,5/26/15,0,A7M,Archival
5/27/15,10.61907959,17.12827682,32.29462051,0.18598,-0.29345867,36,37.6,67.9,10.4,0.7,17.8,35,5/27/15,0,A7M,Archival
5/28/15,11.15160275,17.47027397,32.18232346,0.18053,-0.260731578,36,37.6,67.9,10.4,0.7,17.8,35,5/28/15,0,A7M,Archival
5/29/15,12.26263714,18.65964317,32.41939926,0.18277,-0.306039244,36,37.6,67.9,10.4,0.7,17.8,35,5/29/15,0,A7M,Archival
5/30/15,12.36528873,19.39020538,32.44418716,0.20071,-0.267518371,36,37.6,67.9,10.4,0.7,17.8,35,5/30/15,0,A7M,Archival
5/31/15,12.38823414,19.51602936,32.47225189,0.20365,-0.257348061,36,37.6,67.9,10.4,0.7,17.8,35,5/31/15,0,A7M,Archival
6/1/15,12.94987011,19.48927689,32.50969696,0.18684,-0.243646026,36,37.6,67.9,10.4,0.7,17.8,35,6/1/15,0,A7M,Archival
6/2/15,12.90509796,19.77662086,32.53738403,0.19633,-0.122796051,36,37.6,67.9,10.4,0.7,17.8,35,6/2/15,0,A7M,Archival
6/3/15,12.86163425,19.5285244,32.37375259,0.19048,-0.050084103,36,37.6,67.9,10.4,0.7,17.8,35,6/3/15,0,A7M,Archival
6/4/15,12.38491917,17.30185318,32.50577927,0.14048,-0.054013748,36,37.6,67.9,10.4,0.7,17.8,35,6/4/15,0,A7M,Archival
6/5/15,11.99832153,17.13556862,32.35863113,0.14678,-0.036741797,36,37.6,67.9,10.4,0.7,17.8,35,6/5/15,0,A7M,Archival
6/6/15,11.68857574,17.01743126,32.31747055,0.15225,-0.06988892,36,37.6,67.9,10.4,0.7,17.8,35,6/6/15,0,A7M,Archival
6/7/15,11.44114208,17.00484467,32.36766434,0.15896,-0.125826791,36,37.6,67.9,10.4,0.7,17.8,35,6/7/15,0,A7M,Archival
6/8/15,11.36289692,17.30831337,32.34987259,0.16987,-0.116326846,36,37.6,67.9,10.4,0.7,17.8,35,6/8/15,0,A7M,Archival
6/9/15,11.34931183,17.66737747,32.22903824,0.18052,-0.107115395,36,37.6,67.9,10.4,0.7,17.8,35,6/9/15,0,A7M,Archival
6/10/15,10.95927334,18.55135536,32.33420181,0.21692,-0.098092645,36,37.6,67.9,10.4,0.7,17.8,35,6/10/15,0,A7M,Archival
6/11/15,11.01182175,18.95300293,32.36218643,0.22689,-0.129091427,36,37.6,67.9,10.4,0.7,17.8,35,6/11/15,0,A7M,Archival
6/12/15,11.17503834,19.20994377,32.39346695,0.22957,-0.173178315,36,37.6,67.9,10.4,0.7,17.8,35,6/12/15,0,A7M,Archival
6/13/15,12.12269974,20.30545044,32.36862564,0.23379,-0.18800348,36,37.6,67.9,10.4,0.7,17.8,35,6/13/15,0,A7M,Archival
6/14/15,12.26713276,21.0948925,32.34534073,0.25222,-0.204218552,36,37.6,67.9,10.4,0.7,17.8,35,6/14/15,0,A7M,Archival
6/15/15,12.21246052,21.40217781,32.2453804,0.26256,-0.147611693,36,37.6,67.9,10.4,0.7,17.8,35,6/15/15,0,A7M,Archival
6/16/15,11.96374607,21.7194767,32.241436,0.27874,-0.123146079,36,37.6,67.9,10.4,0.7,17.8,35,6/16/15,0,A7M,Archival
6/17/15,11.84023952,22.05060005,32.14179993,0.29172,-0.19047679,36,37.6,67.9,10.4,0.7,17.8,35,6/17/15,0,A7M,Archival
6/18/15,11.56496525,22.0558033,32.20770645,0.29974,-0.16290243,36,37.6,67.9,10.4,0.7,17.8,35,6/18/15,0,A7M,Archival
6/19/15,11.90414906,22.26119995,32.11814499,0.29592,-0.129377097,36,37.6,67.9,10.4,0.7,17.8,35,6/19/15,0,A7M,Archival
6/20/15,11.74419308,22.84887886,32.05857468,0.31728,-0.127523556,36,37.6,67.9,10.4,0.7,17.8,35,6/20/15,0,A7M,Archival
6/21/15,11.55923748,22.53009224,31.94303894,0.31345,-0.066975169,36,37.6,67.9,10.4,0.7,17.8,35,6/21/15,0,A7M,Archival
6/22/15,11.01422405,23.09914398,31.83714294,0.34528,-0.19029665,36,37.6,67.9,10.4,0.7,17.8,35,6/22/15,0,A7M,Archival
6/23/15,10.83118153,23.34009361,31.73013306,0.3574,-0.158205956,36,37.6,67.9,10.4,0.7,17.8,35,6/23/15,1,A7M,Archival
6/24/15,10.6482029,23.33449364,31.65502167,0.36247,-0.161347434,36,37.6,67.9,10.4,0.7,17.8,35,6/24/15,1,A7M,Archival
6/25/15,11.05301666,23.05710793,31.6408844,0.34297,-0.161562726,36,37.6,67.9,10.4,0.7,17.8,35,6/25/15,0,A7M,Archival
6/26/15,11.05096149,23.11938286,31.50975037,0.34481,-0.084872834,36,37.6,67.9,10.4,0.7,17.8,35,6/26/15,0,A7M,Archival
6/27/15,11.08901978,22.70733833,31.70567322,0.33195,-0.037417118,36,37.6,67.9,10.4,0.7,17.8,35,6/27/15,0,A7M,Archival
6/28/15,10.54911137,22.09458923,31.7914257,0.32987,0.024422413,36,37.6,67.9,10.4,0.7,17.8,35,6/28/15,0,A7M,Archival
6/29/15,10.23909283,21.95784187,31.72974205,0.33482,-0.129141107,36,37.6,67.9,10.4,0.7,17.8,35,6/29/15,0,A7M,Archival
6/30/15,10.01619816,22.34855843,31.64999962,0.35235,-0.108154707,36,37.6,67.9,10.4,0.7,17.8,35,6/30/15,0,A7M,Archival
7/1/15,11.09943867,22.73153877,31.38526726,0.33235,-0.079130977,36,37.6,67.9,10.4,0.7,17.8,35,7/1/15,0,A7M,Archival
7/2/15,11.04910183,23.10323906,31.21158791,0.3444,-0.092490695,36,37.6,67.9,10.4,0.7,17.8,35,7/2/15,0,A7M,Archival
7/3/15,11.10611057,23.24146271,31.16840172,0.34672,-0.072990179,36,37.6,67.9,10.4,0.7,17.8,35,7/3/15,0,A7M,Archival
7/4/15,11.57052898,23.10029411,31.22623253,0.32942,-0.059417844,36,37.6,67.9,10.4,0.7,17.8,35,7/4/15,0,A7M,Archival
7/5/15,11.50542068,22.89933968,31.18601227,0.32554,-0.120068364,36,37.6,67.9,10.4,0.7,17.8,35,7/5/15,0,A7M,Archival
7/6/15,11.47715282,23.15479469,31.22513771,0.33365,-0.136184037,36,37.6,67.9,10.4,0.7,17.8,35,7/6/15,0,A7M,Archival
7/7/15,11.63757324,23.64785004,31.23938179,0.34315,-0.112859182,36,37.6,67.9,10.4,0.7,17.8,35,7/7/15,0,A7M,Archival
7/8/15,11.21307373,23.56893158,31.13233948,0.35302,-0.106904119,36,37.6,67.9,10.4,0.7,17.8,35,7/8/15,0,A7M,Archival
7/9/15,10.80937195,24.13712883,31.06566048,0.38079,-0.070334159,36,37.6,67.9,10.4,0.7,17.8,35,7/9/15,0,A7M,Archival
7/10/15,11.8897295,24.16013908,31.22684669,0.35058,-0.03232488,36,37.6,67.9,10.4,0.7,17.8,35,7/10/15,0,A7M,Archival
7/11/15,11.97780228,24.14118385,31.43345833,0.34753,-0.063977517,36,37.6,67.9,10.4,0.7,17.8,35,7/11/15,0,A7M,Archival
7/12/15,11.94336796,24.13288879,31.47200775,0.34827,-0.072258167,36,37.6,67.9,10.4,0.7,17.8,35,7/12/15,0,A7M,Archival
7/13/15,12.07029247,24.66297722,31.4942379,0.35979,-0.046612758,36,37.6,67.9,10.4,0.7,17.8,35,7/13/15,0,A7M,Archival
7/14/15,12.034729,24.50127411,31.54543877,0.35619,-0.008152592,36,37.6,67.9,10.4,0.7,17.8,35,7/14/15,0,A7M,Archival
7/15/15,12.00486279,24.44082451,31.52062988,0.35531,0.018561544,36,37.6,67.9,10.4,0.7,17.8,35,7/15/15,0,A7M,Archival
7/16/15,13.05031109,24.0568409,31.78473854,0.31447,-0.006526003,36,37.6,67.9,10.4,0.7,17.8,35,7/16/15,0,A7M,Archival
7/17/15,13.41991043,23.87583923,31.96860504,0.29874,-0.066418581,36,37.6,67.9,10.4,0.7,17.8,35,7/17/15,0,A7M,Archival
7/18/15,13.21956348,24.03209496,31.96942139,0.30893,-0.039668173,36,37.6,67.9,10.4,0.7,17.8,35,7/18/15,0,A7M,Archival
7/19/15,13.34592056,24.73098755,31.95884895,0.32529,-0.066376515,36,37.6,67.9,10.4,0.7,17.8,35,7/19/15,0,A7M,Archival
7/20/15,13.1472702,25.35803795,31.77761269,0.34888,-0.045528907,36,37.6,67.9,10.4,0.7,17.8,35,7/20/15,0,A7M,Archival
7/21/15,12.99822521,25.90757179,31.63624573,0.36884,0.01428922,36,37.6,67.9,10.4,0.7,17.8,35,7/21/15,0,A7M,Archival
7/22/15,13.26454639,25.20300865,31.42477226,0.3411,-0.01415944,36,37.6,67.9,10.4,0.7,17.8,35,7/22/15,0,A7M,Archival
7/23/15,13.23630047,25.02660561,31.54357147,0.33687,-0.065302342,36,37.6,67.9,10.4,0.7,17.8,35,7/23/15,0,A7M,Archival
7/24/15,13.206707,25.07088661,31.68886566,0.33898,-0.042978372,36,37.6,67.9,10.4,0.7,17.8,35,7/24/15,1,A7M,Archival
7/25/15,13.57497311,25.45444489,31.92436981,0.33941,-0.051110908,36,37.6,67.9,10.4,0.7,17.8,35,7/25/15,0,A7M,Archival
7/26/15,13.68680477,25.44172859,31.88612175,0.33585,-0.051456135,36,37.6,67.9,10.4,0.7,17.8,35,7/26/15,0,A7M,Archival
7/27/15,13.6754427,25.44293785,31.82704926,0.33621,-0.040544733,36,37.6,67.9,10.4,0.7,17.8,35,7/27/15,0,A7M,Archival
7/28/15,15.58618069,25.20523834,31.8112812,0.27483,-0.08283294,36,37.6,67.9,10.4,0.7,17.8,35,7/28/15,0,A7M,Archival
7/29/15,15.60677814,25.43133545,31.78234863,0.2807,-0.119256526,36,37.6,67.9,10.4,0.7,17.8,35,7/29/15,0,A7M,Archival
7/30/15,15.57083416,25.63865089,31.86065102,0.28765,-0.12724553,36,37.6,67.9,10.4,0.7,17.8,35,7/30/15,0,A7M,Archival
7/31/15,16.55709457,26.12502289,32.15444946,0.27337,-0.084105015,36,37.6,67.9,10.4,0.7,17.8,35,7/31/15,0,A7M,Archival
8/1/15,16.81999016,26.23758698,32.25348282,0.26907,-0.09833511,36,37.6,67.9,10.4,0.7,17.8,35,8/1/15,0,A7M,Archival
8/2/15,17.01678085,26.20293427,32.46476364,0.26246,-0.096085817,36,37.6,67.9,10.4,0.7,17.8,35,8/2/15,0,A7M,Archival
8/3/15,17.95573997,26.37195778,32.6317482,0.24046,-0.078038126,36,37.6,67.9,10.4,0.7,17.8,35,8/3/15,0,A7M,Archival
8/4/15,17.95311928,25.80618286,32.92969131,0.22437,-0.131324515,36,37.6,67.9,10.4,0.7,17.8,35,8/4/15,0,A7M,Archival
8/5/15,18.09593964,25.59645844,33.21000671,0.2143,-0.116174169,36,37.6,67.9,10.4,0.7,17.8,35,8/5/15,0,A7M,Archival
8/6/15,19.45804977,26.81194878,33.32201767,0.21011,-0.070629902,36,37.6,67.9,10.4,0.7,17.8,35,8/6/15,0,A7M,Archival
8/7/15,19.80819511,26.98742676,33.29526901,0.20512,-0.030559769,36,37.6,67.9,10.4,0.7,17.8,35,8/7/15,0,A7M,Archival
8/8/15,19.35388184,26.73653603,33.05273056,0.21093,0.035451915,36,37.6,67.9,10.4,0.7,17.8,35,8/8/15,0,A7M,Archival
8/9/15,16.01562881,24.65585518,32.7663002,0.24686,0.051422164,36,37.6,67.9,10.4,0.7,17.8,35,8/9/15,0,A7M,Archival
8/10/15,15.58506393,24.42420006,32.44871521,0.25255,-0.000415562,36,37.6,67.9,10.4,0.7,17.8,35,8/10/15,0,A7M,Archival
8/11/15,14.9891634,24.38019753,32.35844803,0.26832,-0.008973859,36,37.6,67.9,10.4,0.7,17.8,35,8/11/15,0,A7M,Archival
8/12/15,13.96918869,24.56284332,32.42212296,0.30268,-0.035058469,36,37.6,67.9,10.4,0.7,17.8,35,8/12/15,0,A7M,Archival
8/13/15,13.86264896,24.98483276,32.31566238,0.31778,-0.089772664,36,37.6,67.9,10.4,0.7,17.8,35,8/13/15,0,A7M,Archival
8/14/15,13.76312923,25.18173409,32.22355652,0.32625,-0.110021114,36,37.6,67.9,10.4,0.7,17.8,35,8/14/15,0,A7M,Archival
8/15/15,12.90492725,25.3035202,32.4209404,0.35425,-0.145261839,36,37.6,67.9,10.4,0.7,17.8,35,8/15/15,0,A7M,Archival
8/16/15,12.77680492,25.62365532,32.45610046,0.36705,-0.135576263,36,37.6,67.9,10.4,0.7,17.8,35,8/16/15,0,A7M,Archival
8/17/15,12.45198822,25.7262249,32.47805405,0.37926,-0.120784424,36,37.6,67.9,10.4,0.7,17.8,35,8/17/15,0,A7M,Archival
8/18/15,11.35039234,25.68475533,32.64326096,0.40955,-0.118215293,36,37.6,67.9,10.4,0.7,17.8,35,8/18/15,0,A7M,Archival
8/19/15,11.34511471,25.93414497,32.6746788,0.41683,-0.10820061,36,37.6,67.9,10.4,0.7,17.8,35,8/19/15,0,A7M,Archival
8/20/15,11.69316101,26.24599648,32.66589737,0.4158,-0.06511987,36,37.6,67.9,10.4,0.7,17.8,35,8/20/15,0,A7M,Archival
8/21/15,11.465065,26.11632538,32.67907333,0.41861,-0.058663514,36,37.6,67.9,10.4,0.7,17.8,35,8/21/15,0,A7M,Archival
8/22/15,11.61484909,26.11245728,32.55553818,0.41422,-0.103919648,36,37.6,67.9,10.4,0.7,17.8,35,8/22/15,0,A7M,Archival
8/23/15,11.65663433,25.68531799,32.402771,0.40082,-0.099053949,36,37.6,67.9,10.4,0.7,17.8,35,8/23/15,0,A7M,Archival
8/24/15,10.77791309,25.90244484,32.41677094,0.43213,-0.054108907,36,37.6,67.9,10.4,0.7,17.8,35,8/24/15,0,A7M,Archival
8/25/15,10.67175198,25.82767677,32.43750381,0.43303,-0.021606514,36,37.6,67.9,10.4,0.7,17.8,35,8/25/15,0,A7M,Archival
8/26/15,10.57666302,25.89698792,32.39616776,0.43772,-0.026129365,36,37.6,67.9,10.4,0.7,17.8,35,8/26/15,0,A7M,Archival
8/27/15,11.37527466,25.22840118,32.22114182,0.3958,-0.118672498,36,37.6,67.9,10.4,0.7,17.8,35,8/27/15,0,A7M,Archival
8/28/15,11.50236893,24.80203438,32.20220566,0.37999,-0.142267004,36,37.6,67.9,10.4,0.7,17.8,35,8/28/15,0,A7M,Archival
8/29/15,11.52994251,24.62448692,32.20958328,0.37413,-0.130001575,36,37.6,67.9,10.4,0.7,17.8,35,8/29/15,0,A7M,Archival
8/30/15,12.13642406,25.39637756,32.38428116,0.37886,-0.095930003,36,37.6,67.9,10.4,0.7,17.8,35,8/30/15,0,A7M,Archival
8/31/15,11.96978378,25.6037426,32.43790054,0.38954,-0.057865098,36,37.6,67.9,10.4,0.7,17.8,35,8/31/15,0,A7M,Archival
9/1/15,11.3918047,25.78075218,32.44736862,0.41111,0.001948984,36,37.6,67.9,10.4,0.7,17.8,35,9/1/15,0,A7M,Archival
9/2/15,10.21625614,25.95981598,32.4345932,0.44982,0.03676511,36,37.6,67.9,10.4,0.7,17.8,35,9/2/15,0,A7M,Archival
9/3/15,10.87179661,26.12518501,32.43937302,0.43581,0.087132372,36,37.6,67.9,10.4,0.7,17.8,35,9/3/15,0,A7M,Archival
9/4/15,11.23790836,26.28145027,32.43045807,0.42982,0.104548968,36,37.6,67.9,10.4,0.7,17.8,35,9/4/15,0,A7M,Archival
9/5/15,14.53808975,25.6267395,32.19969559,0.31682,0.117299139,36,37.6,67.9,10.4,0.7,17.8,35,9/5/15,0,A7M,Archival
9/6/15,15.95832539,25.20554924,32.11333084,0.26421,0.053955954,36,37.6,67.9,10.4,0.7,17.8,35,9/6/15,0,A7M,Archival
9/7/15,15.30657864,25.12936592,32.07152939,0.28065,-0.005390648,36,37.6,67.9,10.4,0.7,17.8,35,9/7/15,0,A7M,Archival
9/8/15,14.2921629,25.34791565,32.26327515,0.31588,-0.084816583,36,37.6,67.9,10.4,0.7,17.8,35,9/8/15,0,A7M,Archival
9/9/15,13.32925892,25.69207001,32.25194168,0.35322,-0.045462113,36,37.6,67.9,10.4,0.7,17.8,35,9/9/15,0,A7M,Archival
9/10/15,12.77933598,25.72385406,32.07322693,0.36984,0.02572334,36,37.6,67.9,10.4,0.7,17.8,35,9/10/15,0,A7M,Archival
9/11/15,12.96246338,25.33170509,31.86237144,0.35341,0.035204768,36,37.6,67.9,10.4,0.7,17.8,35,9/11/15,0,A7M,Archival
9/12/15,13.06070042,24.90863228,31.84653664,0.33851,0.060182389,36,37.6,67.9,10.4,0.7,17.8,35,9/12/15,0,A7M,Archival
9/13/15,13.10834503,24.68287086,31.78113365,0.3307,0.108848572,36,37.6,67.9,10.4,0.7,17.8,35,9/13/15,0,A7M,Archival
9/14/15,12.9973402,23.56736755,31.77375603,0.302,-0.007279806,36,37.6,67.9,10.4,0.7,17.8,35,9/14/15,0,A7M,Archival
9/15/15,12.61851501,23.36026955,31.84586334,0.30691,-0.042550821,36,37.6,67.9,10.4,0.7,17.8,35,9/15/15,0,A7M,Archival
9/16/15,12.38938236,23.67656898,31.89365196,0.32249,0.030700155,36,37.6,67.9,10.4,0.7,17.8,35,9/16/15,0,A7M,Archival
9/17/15,11.54709339,23.60696983,32.02455902,0.34457,-0.027640117,36,37.6,67.9,10.4,0.7,17.8,35,9/17/15,0,A7M,Archival
9/18/15,11.90442181,23.55024529,32.01166153,0.33274,0.024433717,36,37.6,67.9,10.4,0.7,17.8,35,9/18/15,0,A7M,Archival
9/19/15,12.03770065,23.8808136,32.04629135,0.33837,0.04754426,36,37.6,67.9,10.4,0.7,17.8,35,9/19/15,0,A7M,Archival
9/20/15,12.19556808,24.48108673,32.11057663,0.35101,0.062582217,36,37.6,67.9,10.4,0.7,17.8,35,9/20/15,0,A7M,Archival
9/21/15,13.52780437,23.89553642,32.12719345,0.29622,0.034538176,36,37.6,67.9,10.4,0.7,17.8,35,9/21/15,0,A7M,Archival
9/22/15,16.30032158,23.66816521,32.28519821,0.21051,0.120299168,36,37.6,67.9,10.4,0.7,17.8,35,9/22/15,0,A7M,Archival
9/23/15,17.24607277,22.585989,32.56221008,0.15257,0.094837509,36,37.6,67.9,10.4,0.7,17.8,35,9/23/15,0,A7M,Archival
9/24/15,18.03864288,21.87067223,32.58204269,0.10949,0.026148027,36,37.6,67.9,10.4,0.7,17.8,35,9/24/15,0,A7M,Archival
9/25/15,19.62444496,21.76662445,32.64822006,0.06121,0.071649253,36,37.6,67.9,10.4,0.7,17.8,35,9/25/15,0,A7M,Archival
9/26/15,22.00675201,22.01523399,32.58924866,0.00024,0.079069115,36,37.6,67.9,10.4,0.7,17.8,35,9/26/15,0,A7M,Archival
9/27/15,22.03935051,22.06859779,32.48958969,0.00084,0.049310993,36,37.6,67.9,10.4,0.7,17.8,35,9/27/15,0,A7M,Archival
9/28/15,22.04537964,22.18564415,32.39191818,0.00401,-0.018675825,36,37.6,67.9,10.4,0.7,17.8,35,9/28/15,0,A7M,Archival
9/29/15,21.95221519,22.74546814,32.55400467,0.02266,-0.064964063,36,37.6,67.9,10.4,0.7,17.8,35,9/29/15,0,A7M,Archival
9/30/15,21.81926918,22.89109993,32.48830795,0.03062,0.022925891,36,37.6,67.9,10.4,0.7,17.8,35,9/30/15,0,A7M,Archival
10/1/15,21.84941101,22.37722206,32.52239227,0.01508,0.156245351,36,37.6,67.9,10.4,0.7,17.8,35,10/1/15,0,A7M,Archival
10/2/15,20.34615326,20.48806763,32.41776657,0.00405,0.38288793,36,37.6,67.9,10.4,0.7,17.8,35,10/2/15,0,A7M,Archival
10/3/15,20.00344276,20.00085258,32.45508957,-0.00007,0.475590616,36,37.6,67.9,10.4,0.7,17.8,35,10/3/15,0,A7M,Archival
10/4/15,19.92038345,19.92207718,32.508255,0.00005,0.499625802,36,37.6,67.9,10.4,0.7,17.8,35,10/4/15,0,A7M,Archival
10/5/15,19.83085251,19.83363342,32.66835403,0.00008,0.403095931,36,37.6,67.9,10.4,0.7,17.8,35,10/5/15,0,A7M,Archival
10/6/15,19.50837135,19.51742744,32.82698441,0.00026,0.228163078,36,37.6,67.9,10.4,0.7,17.8,35,10/6/15,0,A7M,Archival
10/7/15,19.5835743,19.51406479,32.85429764,-0.00199,0.135331199,36,37.6,67.9,10.4,0.7,17.8,35,10/7/15,0,A7M,Archival
10/8/15,19.01255226,19.36481667,32.81694412,0.01006,0.00057457,36,37.6,67.9,10.4,0.7,17.8,35,10/8/15,0,A7M,Archival
10/9/15,18.90709496,19.32758904,32.67799759,0.01201,0.037514541,36,37.6,67.9,10.4,0.7,17.8,35,10/9/15,0,A7M,Archival
10/10/15,18.70534706,19.23760223,32.61441422,0.01521,0.037075263,36,37.6,67.9,10.4,0.7,17.8,35,10/10/15,0,A7M,Archival
10/11/15,18.65018463,19.00704384,33.12118912,0.0102,0.03503504,36,37.6,67.9,10.4,0.7,17.8,35,10/11/15,0,A7M,Archival
10/12/15,18.57312012,19.083395,33.14751434,0.01458,0.033709396,36,37.6,67.9,10.4,0.7,17.8,35,10/12/15,0,A7M,Archival
10/13/15,18.35362625,19.24532318,32.8323555,0.02548,0.085820206,36,37.6,67.9,10.4,0.7,17.8,35,10/13/15,0,A7M,Archival
10/14/15,18.67144775,19.0433712,32.41572571,0.01063,0.010631303,36,37.6,67.9,10.4,0.7,17.8,35,10/14/15,0,A7M,Archival
10/15/15,18.71324348,18.86344528,32.70217896,0.00429,-0.0779581,36,37.6,67.9,10.4,0.7,17.8,35,10/15/15,0,A7M,Archival
10/16/15,18.78015518,18.69104004,32.48440933,-0.00255,-0.106496245,36,37.6,67.9,10.4,0.7,17.8,35,10/16/15,0,A7M,Archival
10/17/15,18.31376839,18.20534325,32.4088974,-0.0031,-0.118884176,36,37.6,67.9,10.4,0.7,17.8,35,10/17/15,0,A7M,Archival
10/18/15,18.37246132,17.87303734,32.74785995,-0.01427,-0.183565736,36,37.6,67.9,10.4,0.7,17.8,35,10/18/15,0,A7M,Archival
10/19/15,18.38715935,17.56702995,32.95802307,-0.02343,-0.196822718,36,37.6,67.9,10.4,0.7,17.8,35,10/19/15,0,A7M,Archival
10/20/15,17.71261024,17.90901947,33.09814835,0.00561,-0.258608043,36,37.6,67.9,10.4,0.7,17.8,35,10/20/15,0,A7M,Archival
10/21/15,17.88643646,17.71053314,32.5850029,-0.00503,-0.309521496,36,37.6,67.9,10.4,0.7,17.8,35,10/21/15,0,A7M,Archival
10/22/15,17.83354568,17.76992416,32.50320435,-0.00182,-0.15217866,36,37.6,67.9,10.4,0.7,17.8,35,10/22/15,0,A7M,Archival
10/23/15,16.78416634,17.50375748,32.49168777,0.02056,-0.109092385,36,37.6,67.9,10.4,0.7,17.8,35,10/23/15,0,A7M,Archival
10/24/15,16.78494453,17.33612251,32.86525726,0.01575,-0.082103513,36,37.6,67.9,10.4,0.7,17.8,35,10/24/15,0,A7M,Archival
10/25/15,16.89896965,17.1564312,32.81360626,0.00736,-0.046606824,36,37.6,67.9,10.4,0.7,17.8,35,10/25/15,0,A7M,Archival
10/26/15,17.93360519,17.23984528,32.8986702,-0.01982,-0.131770208,36,37.6,67.9,10.4,0.7,17.8,35,10/26/15,0,A7M,Archival
10/27/15,18.01462746,17.36531639,33.08975601,-0.01855,-0.125742987,36,37.6,67.9,10.4,0.7,17.8,35,10/27/15,0,A7M,Archival
10/28/15,18.02252197,17.49481392,33.10616684,-0.01508,0.078652315,36,37.6,67.9,10.4,0.7,17.8,35,10/28/15,0,A7M,Archival
10/29/15,17.42993736,17.38918877,32.89253616,-0.00116,0.064956851,36,37.6,67.9,10.4,0.7,17.8,35,10/29/15,0,A7M,Archival
10/30/15,17.45883179,17.28639603,32.79701614,-0.00493,-0.156479076,36,37.6,67.9,10.4,0.7,17.8,35,10/30/15,0,A7M,Archival
10/31/15,17.50852966,17.12822533,32.9819603,-0.01087,-0.147481143,36,37.6,67.9,10.4,0.7,17.8,35,10/31/15,0,A7M,Archival
11/1/15,16.97194862,16.94559479,32.95834351,-0.00075,-0.118088663,36,37.6,67.9,10.4,0.7,17.8,35,11/1/15,0,A7M,Archival
11/2/15,16.88817215,16.86948967,32.86384201,-0.00053,-0.142203256,36,37.6,67.9,10.4,0.7,17.8,35,11/2/15,0,A7M,Archival
11/3/15,16.86250496,16.870821,32.88748932,0.00024,-0.162301496,36,37.6,67.9,10.4,0.7,17.8,35,11/3/15,0,A7M,Archival
11/4/15,17.15609932,17.03408241,32.87620544,-0.00349,-0.127055332,36,37.6,67.9,10.4,0.7,17.8,35,11/4/15,0,A7M,Archival
11/5/15,17.20570374,17.18490601,32.81959152,-0.00059,-0.094207376,36,37.6,67.9,10.4,0.7,17.8,35,11/5/15,0,A7M,Archival
11/6/15,17.24069786,17.31736755,32.65713501,0.00219,-0.089892484,36,37.6,67.9,10.4,0.7,17.8,35,11/6/15,0,A7M,Archival
11/7/15,17.69870949,17.52593613,32.49417114,-0.00494,-0.153032899,36,37.6,67.9,10.4,0.7,17.8,35,11/7/15,0,A7M,Archival
11/8/15,17.91538048,17.30580139,32.73773193,-0.01742,-0.261760205,36,37.6,67.9,10.4,0.7,17.8,35,11/8/15,0,A7M,Archival
11/9/15,18.01905632,17.24862099,33.03539658,-0.02201,-0.203254744,36,37.6,67.9,10.4,0.7,17.8,35,11/9/15,0,A7M,Archival
11/10/15,17.97506142,17.29897881,32.93983078,-0.01932,0.024912851,36,37.6,67.9,10.4,0.7,17.8,35,11/10/15,0,A7M,Archival
11/11/15,17.81038284,17.00196266,32.65117645,-0.0231,0.00588093,36,37.6,67.9,10.4,0.7,17.8,35,11/11/15,1,A7M,Archival
11/12/15,17.71581841,16.68023109,32.5017128,-0.02959,0.01791428,36,37.6,67.9,10.4,0.7,17.8,35,11/12/15,0,A7M,Archival
11/13/15,17.58787346,16.58066368,32.64452744,-0.02878,-0.087880917,36,37.6,67.9,10.4,0.7,17.8,35,11/13/15,1,A7M,Archival
11/14/15,17.94914436,16.51863098,32.90844727,-0.04087,-0.341745019,36,37.6,67.9,10.4,0.7,17.8,35,11/14/15,0,A7M,Archival
11/15/15,17.72360802,16.28106117,33.14651871,-0.04122,-0.284328461,36,37.6,67.9,10.4,0.7,17.8,35,11/15/15,0,A7M,Archival
11/16/15,16.93696785,15.91040134,33.13071442,-0.02933,-0.288188666,36,37.6,67.9,10.4,0.7,17.8,35,11/16/15,0,A7M,Archival
11/17/15,16.9362545,15.85571289,33.19436646,-0.03087,-0.21980463,36,37.6,67.9,10.4,0.7,17.8,35,11/17/15,0,A7M,Archival
11/18/15,16.77902412,15.79989243,33.29468918,-0.02798,-0.187459484,36,37.6,67.9,10.4,0.7,17.8,35,11/18/15,0,A7M,Archival
11/19/15,16.92928505,15.76371479,33.22010422,-0.0333,-0.082811497,36,37.6,67.9,10.4,0.7,17.8,35,11/19/15,0,A7M,Archival
11/20/15,16.87914848,15.63984203,33.13866806,-0.03541,-0.130922839,36,37.6,67.9,10.4,0.7,17.8,35,11/20/15,0,A7M,Archival
11/21/15,16.41407585,15.6166029,33.32722092,-0.02278,-0.182101011,36,37.6,67.9,10.4,0.7,17.8,35,11/21/15,0,A7M,Archival
11/22/15,15.70597935,15.3701086,33.28329849,-0.0096,-0.031044988,36,37.6,67.9,10.4,0.7,17.8,35,11/22/15,0,A7M,Archival
11/23/15,15.46957397,15.03119183,33.28396225,-0.01253,-0.144337937,36,37.6,67.9,10.4,0.7,17.8,35,11/23/15,0,A7M,Archival
11/24/15,14.80542755,14.71784687,33.28345871,-0.0025,-0.31824863,36,37.6,67.9,10.4,0.7,17.8,35,11/24/15,0,A7M,Archival
11/25/15,14.4202795,14.45150375,33.27218246,0.00089,-0.401254535,36,37.6,67.9,10.4,0.7,17.8,35,11/25/15,0,A7M,Archival
11/26/15,14.3448,14.33236599,33.28742599,-0.00036,-0.327368736,36,37.6,67.9,10.4,0.7,17.8,35,11/26/15,1,A7M,Archival
11/27/15,14.42115498,14.30880737,33.28295898,-0.00321,-0.279378742,36,37.6,67.9,10.4,0.7,17.8,35,11/27/15,0,A7M,Archival
11/28/15,14.8243742,14.6446619,33.41245651,-0.00513,-0.22581327,36,37.6,67.9,10.4,0.7,17.8,35,11/28/15,1,A7M,Archival
11/29/15,14.94863987,14.65724182,33.43883896,-0.00833,-0.156432763,36,37.6,67.9,10.4,0.7,17.8,35,11/29/15,1,A7M,Archival
11/30/15,14.68696213,14.64568424,33.43845367,-0.00118,-0.07743828,36,37.6,67.9,10.4,0.7,17.8,35,11/30/15,1,A7M,Archival
12/1/15,14.14891338,14.16058826,33.26549911,0.00033,-0.019742226,36,37.6,67.9,10.4,0.7,17.8,35,12/1/15,0,A7M,Archival
12/2/15,14.17964458,13.93450451,33.13425064,-0.007,-0.044803124,36,37.6,67.9,10.4,0.7,17.8,35,12/2/15,1,A7M,Archival
12/3/15,14.53491211,14.04002094,33.15578842,-0.01414,-0.227567196,36,37.6,67.9,10.4,0.7,17.8,35,12/3/15,0,A7M,Archival
12/4/15,13.9393301,13.80915737,33.40218353,-0.00372,-0.403285593,36,37.6,67.9,10.4,0.7,17.8,35,12/4/15,0,A7M,Archival
12/5/15,13.95324802,13.65872288,33.4656868,-0.00842,-0.354886979,36,37.6,67.9,10.4,0.7,17.8,35,12/5/15,0,A7M,Archival
12/6/15,13.69077778,13.45559978,33.4094696,-0.00672,-0.311815232,36,37.6,67.9,10.4,0.7,17.8,35,12/6/15,1,A7M,Archival
12/7/15,13.56875992,13.75645351,33.38818359,0.00536,-0.204773188,36,37.6,67.9,10.4,0.7,17.8,35,12/7/15,1,A7M,Archival
12/8/15,13.80107403,13.75100994,33.43702316,-0.00143,-0.188811466,36,37.6,67.9,10.4,0.7,17.8,35,12/8/15,1,A7M,Archival
12/9/15,13.8615427,13.65180111,33.4426918,-0.00599,-0.114552528,36,37.6,67.9,10.4,0.7,17.8,35,12/9/15,1,A7M,Archival
12/10/15,13.42165375,13.18369675,33.34964371,-0.0068,-0.038455103,36,37.6,67.9,10.4,0.7,17.8,35,12/10/15,1,A7M,Archival
12/11/15,13.49451065,13.1622057,33.30862808,-0.00949,-0.06901446,36,37.6,67.9,10.4,0.7,17.8,35,12/11/15,0,A7M,Archival
12/12/15,13.63571835,13.07267284,33.1944809,-0.01609,-0.104736537,36,37.6,67.9,10.4,0.7,17.8,35,12/12/15,1,A7M,Archival
12/13/15,13.01225376,13.40781784,33.10656357,0.0113,-0.121007346,36,37.6,67.9,10.4,0.7,17.8,35,12/13/15,0,A7M,Archival
12/14/15,13.16522694,13.58947372,33.07885361,0.01212,-0.026226396,36,37.6,67.9,10.4,0.7,17.8,35,12/14/15,0,A7M,Archival
12/15/15,13.45731831,13.33206844,33.00647736,-0.00358,-0.025236873,36,37.6,67.9,10.4,0.7,17.8,35,12/15/15,0,A7M,Archival
12/16/15,13.49747944,13.52022266,33.13706589,0.00065,-0.166165978,36,37.6,67.9,10.4,0.7,17.8,35,12/16/15,0,A7M,Archival
12/17/15,13.43438721,13.47261524,33.05859375,0.00109,0.094452925,36,37.6,67.9,10.4,0.7,17.8,35,12/17/15,0,A7M,Archival
12/18/15,13.30843258,13.45760727,32.9174118,0.00426,0.068330757,36,37.6,67.9,10.4,0.7,17.8,35,12/18/15,0,A7M,Archival
12/19/15,13.65702534,13.1594286,33.08234787,-0.01422,-0.268947542,36,37.6,67.9,10.4,0.7,17.8,35,12/19/15,0,A7M,Archival
12/20/15,14.04671574,12.9860611,33.35781479,-0.0303,-0.387449622,36,37.6,67.9,10.4,0.7,17.8,35,12/20/15,0,A7M,Archival
12/21/15,14.49386501,13.17409134,33.50030136,-0.03771,-0.313656479,36,37.6,67.9,10.4,0.7,17.8,35,12/21/15,0,A7M,Archival
12/22/15,14.92570496,13.44719028,33.40699387,-0.04224,-0.234395251,36,37.6,67.9,10.4,0.7,17.8,35,12/22/15,0,A7M,Archival
12/23/15,15.0300684,13.62814331,33.26016617,-0.04006,-0.239959538,36,37.6,67.9,10.4,0.7,17.8,35,12/23/15,0,A7M,Archival
12/24/15,14.94747829,13.68337345,33.20210648,-0.03612,-0.21982187,36,37.6,67.9,10.4,0.7,17.8,35,12/24/15,0,A7M,Archival
12/25/15,14.78234577,13.19915676,33.04029465,-0.04523,-0.237060651,36,37.6,67.9,10.4,0.7,17.8,35,12/25/15,0,A7M,Archival
12/26/15,14.69381714,13.07980633,32.96634293,-0.04611,-0.193174481,36,37.6,67.9,10.4,0.7,17.8,35,12/26/15,0,A7M,Archival
12/27/15,13.95324326,12.9228735,33.05130386,-0.02944,-0.122696884,36,37.6,67.9,10.4,0.7,17.8,35,12/27/15,0,A7M,Archival
12/28/15,14.59919834,13.35899067,32.85041809,-0.03543,-0.225854352,36,37.6,67.9,10.4,0.7,17.8,35,12/28/15,0,A7M,Archival
12/29/15,13.95046616,13.43571377,33.04630661,-0.01471,0.009661364,36,37.6,67.9,10.4,0.7,17.8,35,12/29/15,0,A7M,Archival
12/30/15,13.6366806,13.24966431,32.95874405,-0.01106,-0.124771439,36,37.6,67.9,10.4,0.7,17.8,35,12/30/15,1,A7M,Archival
12/31/15,12.93669605,13.18360233,32.99576187,0.00705,-0.033233032,36,37.6,67.9,10.4,0.7,17.8,35,12/31/15,1,A7M,Archival
1/1/16,13.06080246,12.83512878,33.05161285,-0.00645,-0.158165216,36,37.6,67.9,10.4,0.7,17.8,35,1/1/16,1,A7M,Archival
1/2/16,13.40753651,12.4993372,33.09562302,-0.02595,-0.214312598,36,37.6,67.9,10.4,0.7,17.8,35,1/2/16,0,A7M,Archival
1/3/16,13.312397,11.93923092,32.98616409,-0.03923,-0.132854193,36,37.6,67.9,10.4,0.7,17.8,35,1/3/16,1,A7M,Archival
1/4/16,13.83666229,11.95249176,33.15680313,-0.05383,-0.154779732,36,37.6,67.9,10.4,0.7,17.8,35,1/4/16,0,A7M,Archival
1/5/16,13.80968475,11.62718296,33.31576157,-0.06236,-0.178475454,36,37.6,67.9,10.4,0.7,17.8,35,1/5/16,1,A7M,Archival
1/6/16,13.07733154,11.24677181,33.36251831,-0.0523,-0.188746393,36,37.6,67.9,10.4,0.7,17.8,35,1/6/16,1,A7M,Archival
1/7/16,13.35844803,11.34453487,33.461689,-0.05754,-0.201989591,36,37.6,67.9,10.4,0.7,17.8,35,1/7/16,1,A7M,Archival
1/8/16,13.21768951,11.73897076,33.63245773,-0.04225,-0.134654433,36,37.6,67.9,10.4,0.7,17.8,35,1/8/16,0,A7M,Archival
1/9/16,11.28907394,11.02364063,33.56100082,-0.00758,-0.009356341,36,37.6,67.9,10.4,0.7,17.8,35,1/9/16,0,A7M,Archival
1/10/16,10.72671986,10.72445774,33.44213486,-0.00006,0.124996789,36,37.6,67.9,10.4,0.7,17.8,35,1/10/16,0,A7M,Archival
1/11/16,10.93010426,10.45272923,33.37051773,-0.01364,-0.157688364,36,37.6,67.9,10.4,0.7,17.8,35,1/11/16,1,A7M,Archival
1/12/16,10.68235779,10.23909664,33.27601242,-0.01266,-0.21140337,36,37.6,67.9,10.4,0.7,17.8,35,1/12/16,1,A7M,Archival
1/13/16,11.18761349,9.570775032,32.71982193,-0.0462,-0.301956981,36,37.6,67.9,10.4,0.7,17.8,35,1/13/16,0,A7M,Archival
1/14/16,11.42688084,9.612443924,33.0682106,-0.05184,-0.260224193,36,37.6,67.9,10.4,0.7,17.8,35,1/14/16,0,A7M,Archival
1/15/16,11.87994289,10.65639591,33.13929749,-0.03496,-0.145051315,36,37.6,67.9,10.4,0.7,17.8,35,1/15/16,0,A7M,Archival
1/16/16,11.75480652,10.68766308,33.07057571,-0.03049,0.072864346,36,37.6,67.9,10.4,0.7,17.8,35,1/16/16,1,A7M,Archival
1/17/16,11.58194351,10.32946682,33.01582336,-0.03579,-0.039379165,36,37.6,67.9,10.4,0.7,17.8,35,1/17/16,1,A7M,Archival
1/18/16,10.69362354,8.962076187,33.06135559,-0.04947,-0.123362452,36,37.6,67.9,10.4,0.7,17.8,35,1/18/16,0,A7M,Archival
1/19/16,10.84522152,8.898864746,33.30334854,-0.05561,-0.461755395,36,37.6,67.9,10.4,0.7,17.8,35,1/19/16,0,A7M,Archival
1/20/16,9.00545311,8.933213234,33.5664978,-0.00206,-0.517882645,36,37.6,67.9,10.4,0.7,17.8,35,1/20/16,0,A7M,Archival
1/21/16,8.393284798,8.355934143,33.54738235,-0.00107,-0.324388891,36,37.6,67.9,10.4,0.7,17.8,35,1/21/16,0,A7M,Archival
1/22/16,8.477787971,8.440188408,33.64044189,-0.00107,-0.279517263,36,37.6,67.9,10.4,0.7,17.8,35,1/22/16,0,A7M,Archival
1/23/16,8.168728828,8.171347618,33.4853363,0.00007,0.395316243,36,37.6,67.9,10.4,0.7,17.8,35,1/23/16,0,A7M,Archival
1/24/16,7.712385178,7.688587666,33.41654205,-0.00068,0.298683733,36,37.6,67.9,10.4,0.7,17.8,35,1/24/16,1,A7M,Archival
1/25/16,7.102697372,7.088449478,33.34713745,-0.00041,-0.030330477,36,37.6,67.9,10.4,0.7,17.8,35,1/25/16,1,A7M,Archival
1/26/16,7.24119997,6.923316956,33.27135849,-0.00908,-0.127948418,36,37.6,67.9,10.4,0.7,17.8,35,1/26/16,1,A7M,Archival
1/27/16,7.795341969,7.230007648,32.98391342,-0.01615,-0.210018918,36,37.6,67.9,10.4,0.7,17.8,35,1/27/16,1,A7M,Archival
1/28/16,8.066911697,7.547162533,33.14627457,-0.01485,-0.108839013,36,37.6,67.9,10.4,0.7,17.8,35,1/28/16,1,A7M,Archival
1/29/16,8.223479271,7.512343884,33.1061554,-0.02032,-0.042758614,36,37.6,67.9,10.4,0.7,17.8,35,1/29/16,1,A7M,Archival
1/30/16,8.178192139,7.263988018,33.0520668,-0.02612,-0.21360606,36,37.6,67.9,10.4,0.7,17.8,35,1/30/16,1,A7M,Archival
1/31/16,8.107338905,7.051949978,32.97030258,-0.03015,-0.19991456,36,37.6,67.9,10.4,0.7,17.8,35,1/31/16,1,A7M,Archival
2/1/16,8.453932762,6.682472229,32.72302628,-0.05061,-0.193622455,36,37.6,67.9,10.4,0.7,17.8,35,2/1/16,1,A7M,Archival
2/2/16,8.463321686,7.080460072,32.75255585,-0.03951,-0.252120525,36,37.6,67.9,10.4,0.7,17.8,35,2/2/16,1,A7M,Archival
2/3/16,8.250733376,7.325029373,32.86029434,-0.02645,-0.198059037,36,37.6,67.9,10.4,0.7,17.8,35,2/3/16,1,A7M,Archival
2/4/16,8.2224617,7.218051434,32.59166336,-0.0287,-0.135891035,36,37.6,67.9,10.4,0.7,17.8,35,2/4/16,1,A7M,Archival
2/5/16,8.013665199,6.774007797,32.5999794,-0.03542,-0.192987993,36,37.6,67.9,10.4,0.7,17.8,35,2/5/16,1,A7M,Archival
2/6/16,7.838472366,6.960515499,32.93720245,-0.02508,-0.256629467,36,37.6,67.9,10.4,0.7,17.8,35,2/6/16,1,A7M,Archival
2/7/16,7.844753742,6.913424969,32.95193863,-0.02661,-0.156836733,36,37.6,67.9,10.4,0.7,17.8,35,2/7/16,1,A7M,Archival
2/8/16,7.811517715,7.395942688,33.07004547,-0.01187,0.236889839,36,37.6,67.9,10.4,0.7,17.8,35,2/8/16,1,A7M,Archival
2/9/16,7.337145329,7.340652943,32.9779892,0.0001,0.252061754,36,37.6,67.9,10.4,0.7,17.8,35,2/9/16,1,A7M,Archival
2/10/16,7.462766647,7.12663126,32.99387741,-0.0096,0.057216227,36,37.6,67.9,10.4,0.7,17.8,35,2/10/16,1,A7M,Archival
2/11/16,7.473325253,7.063154697,32.88478851,-0.01172,-0.242777362,36,37.6,67.9,10.4,0.7,17.8,35,2/11/16,1,A7M,Archival
2/12/16,7.773265839,6.883849621,32.89684677,-0.02541,-0.34004578,36,37.6,67.9,10.4,0.7,17.8,35,2/12/16,1,A7M,Archival
2/13/16,7.872600079,6.866727829,32.93538284,-0.02874,-0.316460848,36,37.6,67.9,10.4,0.7,17.8,35,2/13/16,0,A7M,Archival
2/14/16,6.091646194,5.583202362,33.14314651,-0.01453,-0.502799094,36,37.6,67.9,10.4,0.7,17.8,35,2/14/16,0,A7M,Archival
2/15/16,5.974050045,5.363934994,33.1867485,-0.01743,-0.346006721,36,37.6,67.9,10.4,0.7,17.8,35,2/15/16,1,A7M,Archival
2/16/16,5.671327591,5.275942326,33.037323,-0.0113,-0.118483521,36,37.6,67.9,10.4,0.7,17.8,35,2/16/16,0,A7M,Archival
2/17/16,7.127290249,5.89274168,32.69172668,-0.03527,-0.25778684,36,37.6,67.9,10.4,0.7,17.8,35,2/17/16,0,A7M,Archival
2/18/16,7.321439743,6.483219147,33.00109863,-0.02395,-0.363074064,36,37.6,67.9,10.4,0.7,17.8,35,2/18/16,1,A7M,Archival
2/19/16,7.282176971,6.651559353,33.12490082,-0.01802,-0.316188186,36,37.6,67.9,10.4,0.7,17.8,35,2/19/16,0,A7M,Archival
2/20/16,6.555777073,6.461771011,32.97943878,-0.00269,-0.223959669,36,37.6,67.9,10.4,0.7,17.8,35,2/20/16,0,A7M,Archival
2/21/16,6.803883076,5.87426424,32.55158234,-0.02656,-0.215043858,36,37.6,67.9,10.4,0.7,17.8,35,2/21/16,0,A7M,Archival
2/22/16,6.928328991,6.048507214,32.50242615,-0.02514,-0.185403407,36,37.6,67.9,10.4,0.7,17.8,35,2/22/16,0,A7M,Archival
2/23/16,6.474596024,6.269175053,32.99938965,-0.00587,-0.093205594,36,37.6,67.9,10.4,0.7,17.8,35,2/23/16,1,A7M,Archival
2/24/16,6.003461361,6.10260582,32.82142639,0.00283,0.075274803,36,37.6,67.9,10.4,0.7,17.8,35,2/24/16,1,A7M,Archival
2/25/16,6.433172703,5.991416931,32.77511597,-0.01262,-0.033233579,36,37.6,67.9,10.4,0.7,17.8,35,2/25/16,1,A7M,Archival
2/26/16,7.875589371,6.736438751,32.73535156,-0.03255,-0.41263631,36,37.6,67.9,10.4,0.7,17.8,35,2/26/16,0,A7M,Archival
2/27/16,8.107162476,6.637419224,32.66348648,-0.04199,-0.384521484,36,37.6,67.9,10.4,0.7,17.8,35,2/27/16,0,A7M,Archival
2/28/16,8.190545082,6.524152756,32.52474976,-0.04761,-0.330065966,36,37.6,67.9,10.4,0.7,17.8,35,2/28/16,1,A7M,Archival
2/29/16,7.488955975,6.012104511,32.54137421,-0.0422,-0.304784745,36,37.6,67.9,10.4,0.7,17.8,35,3/1/16,0,A7M,Archival
3/1/16,7.986009121,6.043404102,32.49104691,-0.0555,-0.275295466,36,37.6,67.9,10.4,0.7,17.8,35,3/2/16,0,A7M,Archival
3/2/16,8.19699955,6.253227234,32.49868011,-0.05554,-0.138137087,36,37.6,67.9,10.4,0.7,17.8,35,3/3/16,1,A7M,Archival
3/3/16,8.727109909,6.617206573,32.4344902,-0.06028,-0.309174597,36,37.6,67.9,10.4,0.7,17.8,35,3/4/16,1,A7M,Archival
3/4/16,8.742136955,6.939706326,32.59906769,-0.0515,-0.113534093,36,37.6,67.9,10.4,0.7,17.8,35,3/5/16,1,A7M,Archival
3/5/16,7.807079792,7.057163239,32.48827362,-0.02143,-0.121847846,36,37.6,67.9,10.4,0.7,17.8,35,3/6/16,1,A7M,Archival
3/6/16,7.699853897,6.951721668,32.26541519,-0.02138,-0.132377595,36,37.6,67.9,10.4,0.7,17.8,35,3/7/16,1,A7M,Archival
3/7/16,7.872823715,6.991445065,32.27999496,-0.02518,-0.226504728,36,37.6,67.9,10.4,0.7,17.8,35,3/8/16,1,A7M,Archival
3/8/16,8.452843666,7.291715145,32.24455643,-0.03318,-0.28394857,36,37.6,67.9,10.4,0.7,17.8,35,3/9/16,1,A7M,Archival
3/9/16,8.610836029,7.224869251,32.10190964,-0.0396,-0.197014019,36,37.6,67.9,10.4,0.7,17.8,35,3/10/16,0,A7M,Archival
3/10/16,8.840605736,7.278544903,31.57961082,-0.04463,-0.194506824,36,37.6,67.9,10.4,0.7,17.8,35,3/11/16,1,A7M,Archival
3/11/16,9.063593864,7.674293041,31.4139328,-0.03969,-0.288441807,36,37.6,67.9,10.4,0.7,17.8,35,3/12/16,1,A7M,Archival
3/12/16,9.221071243,8.468446732,31.31540871,-0.0215,-0.239650413,36,37.6,67.9,10.4,0.7,17.8,35,3/13/16,0,A7M,Archival
3/13/16,9.024046898,8.552987099,31.20145226,-0.01346,-0.221844509,36,37.6,67.9,10.4,0.7,17.8,35,3/14/16,1,A7M,Archival
3/14/16,8.996958733,8.724328041,31.25638008,-0.00779,-0.121916234,36,37.6,67.9,10.4,0.7,17.8,35,3/15/16,1,A7M,Archival
3/15/16,8.177670479,7.70149231,30.6417141,-0.01361,0.044421732,36,37.6,67.9,10.4,0.7,17.8,35,3/16/16,1,A7M,Archival
3/16/16,7.593305588,7.799480915,30.6966877,0.00589,-0.076455958,36,37.6,67.9,10.4,0.7,17.8,35,3/17/16,1,A7M,Archival
3/17/16,7.559561253,7.955932617,30.83291435,0.01132,-0.068443127,36,37.6,67.9,10.4,0.7,17.8,35,3/18/16,1,A7M,Archival
3/18/16,7.118247509,8.160851479,31.12219238,0.02979,-0.142032757,36,37.6,67.9,10.4,0.7,17.8,35,3/19/16,1,A7M,Archival
3/19/16,7.237830639,8.23883152,31.36723518,0.0286,-0.137195423,36,37.6,67.9,10.4,0.7,17.8,35,3/20/16,0,A7M,Archival
3/20/16,7.032758713,8.283845901,32.24204636,0.03575,-0.029904051,36,37.6,67.9,10.4,0.7,17.8,35,3/21/16,1,A7M,Archival
3/21/16,7.096130848,7.202868938,32.82154846,0.00305,-0.035954002,36,37.6,67.9,10.4,0.7,17.8,35,3/22/16,1,A7M,Archival
3/22/16,7.187137127,7.151153564,32.85004044,-0.00103,-0.284570485,36,37.6,67.9,10.4,0.7,17.8,35,3/23/16,1,A7M,Archival
3/23/16,7.497400761,7.195373535,32.19738007,-0.00863,-0.358721763,36,37.6,67.9,10.4,0.7,17.8,35,3/24/16,1,A7M,Archival
3/24/16,7.315191269,6.593400478,31.84414101,-0.02062,-0.296341091,36,37.6,67.9,10.4,0.7,17.8,35,3/25/16,1,A7M,Archival
3/25/16,7.470711231,7.159318924,31.57625389,-0.0089,-0.17878212,36,37.6,67.9,10.4,0.7,17.8,35,3/26/16,1,A7M,Archival
3/26/16,7.534246922,7.572033405,31.57375336,0.00108,-0.24503614,36,37.6,67.9,10.4,0.7,17.8,35,3/27/16,1,A7M,Archival
3/27/16,6.994937897,7.618384838,31.77685738,0.01781,-0.124764264,36,37.6,67.9,10.4,0.7,17.8,35,3/28/16,0,A7M,Archival
3/28/16,6.848106384,8.061083794,31.81588936,0.03466,0.000228067,36,37.6,67.9,10.4,0.7,17.8,35,3/29/16,1,A7M,Archival
3/29/16,6.978219986,7.931484699,31.86491966,0.02724,-0.316392422,36,37.6,67.9,10.4,0.7,17.8,35,3/30/16,1,A7M,Archival
3/30/16,7.286914349,7.924073696,32.19716263,0.0182,-0.433355242,36,37.6,67.9,10.4,0.7,17.8,35,3/31/16,0,A7M,Archival
3/31/16,7.341803074,8.089184761,32.17915344,0.02135,-0.280988008,36,37.6,67.9,10.4,0.7,17.8,35,4/1/16,0,A7M,Archival
4/1/16,7.473743439,8.586327553,31.91368103,0.03179,-0.19867301,36,37.6,67.9,10.4,0.7,17.8,35,4/2/16,0,A7M,Archival
4/2/16,9.760233879,8.718369484,31.77453423,-0.02977,-0.199179947,36,37.6,67.9,10.4,0.7,17.8,35,4/3/16,0,A7M,Archival
4/3/16,10.01409435,8.993780136,32.36513138,-0.02915,-0.367469996,36,37.6,67.9,10.4,0.7,17.8,35,4/4/16,0,A7M,Archival
4/4/16,10.02220631,9.268452644,32.87263107,-0.02154,-0.354438305,36,37.6,67.9,10.4,0.7,17.8,35,4/5/16,0,A7M,Archival
4/5/16,8.979094505,8.602934837,32.85768509,-0.01075,-0.261683196,36,37.6,67.9,10.4,0.7,17.8,35,4/6/16,1,A7M,Archival
4/6/16,8.740496635,8.429410934,32.92205429,-0.00889,-0.258362561,36,37.6,67.9,10.4,0.7,17.8,35,4/7/16,0,A7M,Archival
4/7/16,8.698535919,8.543574333,32.89677811,-0.00443,-0.070220865,36,37.6,67.9,10.4,0.7,17.8,35,4/8/16,0,A7M,Archival
4/8/16,8.875699043,9.072224617,32.98720551,0.00562,-0.096868336,36,37.6,67.9,10.4,0.7,17.8,35,4/9/16,0,A7M,Archival
4/9/16,8.982209206,9.211665154,33.0006218,0.00656,-0.128700331,36,37.6,67.9,10.4,0.7,17.8,35,4/10/16,0,A7M,Archival
4/10/16,9.029561043,9.081268311,32.99994659,0.00148,-0.236804172,36,37.6,67.9,10.4,0.7,17.8,35,4/11/16,0,A7M,Archival
4/11/16,9.048544884,8.825028419,33.07055664,-0.00639,-0.320205241,36,37.6,67.9,10.4,0.7,17.8,35,4/12/16,0,A7M,Archival
4/12/16,9.429050446,9.188305855,33.06534576,-0.00688,-0.239951625,36,37.6,67.9,10.4,0.7,17.8,35,4/13/16,0,A7M,Archival
4/13/16,9.550531387,9.234676361,33.11925888,-0.00902,-0.191860914,36,37.6,67.9,10.4,0.7,17.8,35,4/14/16,0,A7M,Archival
4/14/16,8.367890358,8.862576485,33.19822693,0.01413,-0.189529434,36,37.6,67.9,10.4,0.7,17.8,35,4/15/16,0,A7M,Archival
4/15/16,8.317688942,8.91986084,33.21835709,0.0172,-0.157956958,36,37.6,67.9,10.4,0.7,17.8,35,4/16/16,0,A7M,Archival
4/16/16,8.281852722,8.993665695,33.14896774,0.02034,-0.082629122,36,37.6,67.9,10.4,0.7,17.8,35,4/17/16,0,A7M,Archival
4/17/16,8.010311127,8.876731873,33.03878403,0.02475,0.013409968,36,37.6,67.9,10.4,0.7,17.8,35,4/18/16,0,A7M,Archival
4/18/16,8.015647888,9.099310875,33.03013992,0.03096,-0.026130021,36,37.6,67.9,10.4,0.7,17.8,35,4/19/16,0,A7M,Archival
4/19/16,8.043868065,9.767712593,33.02640915,0.04925,-0.027765559,36,37.6,67.9,10.4,0.7,17.8,35,4/20/16,0,A7M,Archival
4/20/16,7.976518631,10.02252769,33.00175095,0.05846,-0.180383489,36,37.6,67.9,10.4,0.7,17.8,35,4/21/16,0,A7M,Archival
4/21/16,7.995708466,10.13987255,33.01486588,0.06126,-0.127676681,36,37.6,67.9,10.4,0.7,17.8,35,4/22/16,0,A7M,Archival
4/22/16,8.012511253,10.73469543,32.87131119,0.07778,-0.134682134,36,37.6,67.9,10.4,0.7,17.8,35,4/23/16,0,A7M,Archival
4/23/16,7.74405241,10.89173889,32.62428665,0.08993,-0.009432285,36,37.6,67.9,10.4,0.7,17.8,35,4/24/16,0,A7M,Archival
4/24/16,7.736517429,10.83248997,32.72821426,0.08846,-0.077851973,36,37.6,67.9,10.4,0.7,17.8,35,4/25/16,0,A7M,Archival
4/25/16,7.732029438,10.73606968,32.79078674,0.08583,-0.03770854,36,37.6,67.9,10.4,0.7,17.8,35,4/26/16,0,A7M,Archival
4/26/16,8.097641945,11.20794964,32.52550888,0.08887,-0.027922943,36,37.6,67.9,10.4,0.7,17.8,35,4/27/16,0,A7M,Archival
4/27/16,8.162534714,11.62831593,32.42480469,0.09902,0.01929073,36,37.6,67.9,10.4,0.7,17.8,35,4/28/16,0,A7M,Archival
4/28/16,8.084301949,11.17089558,32.48795319,0.08819,0.000190129,36,37.6,67.9,10.4,0.7,17.8,35,4/29/16,0,A7M,Archival
4/29/16,8.662086487,11.08996201,32.56405258,0.06937,0.00342292,36,37.6,67.9,10.4,0.7,17.8,35,4/30/16,0,A7M,Archival
4/30/16,8.656802177,10.99248505,32.45952225,0.06673,-0.012005788,36,37.6,67.9,10.4,0.7,17.8,35,5/1/16,0,A7M,Archival
5/1/16,8.634456635,11.10047913,32.41246414,0.07046,-0.062175643,36,37.6,67.9,10.4,0.7,17.8,35,5/2/16,0,A7M,Archival
5/2/16,9.006526947,12.06578445,32.16087723,0.08741,-0.014875858,36,37.6,67.9,10.4,0.7,17.8,35,5/3/16,0,A7M,Archival
5/3/16,8.962459564,12.57461452,31.90286064,0.1032,0.003287693,36,37.6,67.9,10.4,0.7,17.8,35,5/4/16,0,A7M,Archival
5/4/16,8.964084625,12.74868011,31.97550201,0.10813,0.056580912,36,37.6,67.9,10.4,0.7,17.8,35,5/5/16,0,A7M,Archival
5/5/16,8.965592384,11.557477,32.48313522,0.07405,0.119282566,36,37.6,67.9,10.4,0.7,17.8,35,5/6/16,0,A7M,Archival
5/6/16,9.983706474,10.1977911,32.63703537,0.00612,0.116849519,36,37.6,67.9,10.4,0.7,17.8,35,5/7/16,0,A7M,Archival
5/7/16,9.782764435,10.36757088,32.58897018,0.01671,0.056146603,36,37.6,67.9,10.4,0.7,17.8,35,5/8/16,0,A7M,Archival
5/8/16,9.447694778,10.95407104,32.52444839,0.04304,-0.043563146,36,37.6,67.9,10.4,0.7,17.8,35,5/9/16,0,A7M,Archival
5/9/16,9.333722115,11.23558044,32.51408005,0.05434,-0.134809226,36,37.6,67.9,10.4,0.7,17.8,35,5/10/16,0,A7M,Archival
5/10/16,9.224007607,11.86353302,32.46483612,0.07542,-0.12049675,36,37.6,67.9,10.4,0.7,17.8,35,5/11/16,0,A7M,Archival
5/11/16,9.295048714,12.01718903,32.40629578,0.07778,-0.1722859,36,37.6,67.9,10.4,0.7,17.8,35,5/12/16,0,A7M,Archival
5/12/16,9.19481945,12.3735857,32.45010757,0.09082,-0.120722808,36,37.6,67.9,10.4,0.7,17.8,35,5/13/16,0,A7M,Archival
5/13/16,9.116881371,12.54008484,32.43891525,0.09781,-0.06947761,36,37.6,67.9,10.4,0.7,17.8,35,5/14/16,0,A7M,Archival
5/14/16,10.24940014,12.52428818,32.18457794,0.065,-0.030422485,36,37.6,67.9,10.4,0.7,17.8,35,5/15/16,0,A7M,Archival
5/15/16,10.23700619,12.65904713,32.04833603,0.0692,-0.145334482,36,37.6,67.9,10.4,0.7,17.8,35,5/16/16,0,A7M,Archival
5/16/16,10.18035507,12.23449707,32.20130539,0.05869,-0.319359213,36,37.6,67.9,10.4,0.7,17.8,35,5/17/16,0,A7M,Archival
5/17/16,9.759877205,12.98569393,32.14997864,0.09217,-0.36089313,36,37.6,67.9,10.4,0.7,17.8,35,5/18/16,0,A7M,Archival
5/18/16,9.612784386,12.93746281,32.31877899,0.09499,-0.210921153,36,37.6,67.9,10.4,0.7,17.8,35,5/19/16,0,A7M,Archival
5/19/16,9.753240585,12.66395473,32.55275345,0.08316,-0.149014905,36,37.6,67.9,10.4,0.7,17.8,35,5/20/16,0,A7M,Archival
5/20/16,10.20600796,12.49084091,32.3585701,0.06528,-0.21148859,36,37.6,67.9,10.4,0.7,17.8,35,5/21/16,0,A7M,Archival
5/21/16,10.26064682,12.54013157,32.39061356,0.06513,-0.102170825,36,37.6,67.9,10.4,0.7,17.8,35,5/22/16,0,A7M,Archival
5/22/16,10.33632565,12.15058422,32.25251007,0.05184,-0.014411673,36,37.6,67.9,10.4,0.7,17.8,35,5/23/16,0,A7M,Archival
5/23/16,10.4451189,12.42829514,32.04625702,0.05666,-0.031982489,36,37.6,67.9,10.4,0.7,17.8,35,5/24/16,0,A7M,Archival
5/24/16,10.37207317,12.89974689,31.96651649,0.07222,-0.050794423,36,37.6,67.9,10.4,0.7,17.8,35,5/25/16,0,A7M,Archival
5/25/16,10.28954029,13.28967381,31.95114899,0.08572,-0.084435202,36,37.6,67.9,10.4,0.7,17.8,35,5/26/16,0,A7M,Archival
5/26/16,10.46936512,14.21767521,32.14422989,0.10709,-0.189808056,36,37.6,67.9,10.4,0.7,17.8,35,5/27/16,0,A7M,Archival
5/27/16,10.51975822,15.29224682,31.59523582,0.13636,-0.184250161,36,37.6,67.9,10.4,0.7,17.8,35,5/28/16,0,A7M,Archival
5/28/16,10.49052906,16.00902939,30.98737335,0.15767,-0.18697916,36,37.6,67.9,10.4,0.7,17.8,35,5/29/16,0,A7M,Archival
5/29/16,10.53807831,17.70641518,31.12296104,0.20481,-0.165331557,36,37.6,67.9,10.4,0.7,17.8,35,5/30/16,0,A7M,Archival
5/30/16,10.53168011,18.12840271,31.2372036,0.21705,-0.064121671,36,37.6,67.9,10.4,0.7,17.8,35,5/31/16,0,A7M,Archival
5/31/16,10.54968739,18.67197609,31.07545662,0.23207,-0.070002615,36,37.6,67.9,10.4,0.7,17.8,35,6/1/16,0,A7M,Archival
6/1/16,10.76673412,19.2382679,31.20030022,0.24204,-0.134243906,36,37.6,67.9,10.4,0.7,17.8,35,6/2/16,0,A7M,Archival
6/2/16,10.79847622,19.32308769,31.29459572,0.24356,-0.06141749,36,37.6,67.9,10.4,0.7,17.8,35,6/3/16,0,A7M,Archival
6/3/16,10.88228607,19.45033073,31.29323387,0.2448,-0.006192354,36,37.6,67.9,10.4,0.7,17.8,35,6/4/16,0,A7M,Archival
6/4/16,10.544631,19.16193008,31.27599144,0.24621,-0.07870426,36,37.6,67.9,10.4,0.7,17.8,35,6/5/16,0,A7M,Archival
6/5/16,10.45048809,19.39645195,31.28388405,0.2556,-0.046780717,36,37.6,67.9,10.4,0.7,17.8,35,6/6/16,0,A7M,Archival
6/6/16,10.37377834,19.31244087,31.15166283,0.25539,-0.008637023,36,37.6,67.9,10.4,0.7,17.8,35,6/7/16,0,A7M,Archival
6/7/16,11.52488804,19.75436211,31.14641762,0.23513,0.027886873,36,37.6,67.9,10.4,0.7,17.8,35,6/8/16,0,A7M,Archival
6/8/16,11.70916367,19.60099983,31.1306591,0.22548,-0.031542357,36,37.6,67.9,10.4,0.7,17.8,35,6/9/16,0,A7M,Archival
6/9/16,11.86045742,18.67932892,31.30795479,0.19482,-0.128119394,36,37.6,67.9,10.4,0.7,17.8,35,6/10/16,0,A7M,Archival
6/10/16,11.57361889,18.59503365,31.42743492,0.20061,-0.150114149,36,37.6,67.9,10.4,0.7,17.8,35,6/11/16,0,A7M,Archival
6/11/16,11.65733242,18.73555374,31.48078156,0.20223,-0.071780674,36,37.6,67.9,10.4,0.7,17.8,35,6/12/16,0,A7M,Archival
6/12/16,11.75154209,19.17835045,31.45043755,0.21219,-0.013936915,36,37.6,67.9,10.4,0.7,17.8,35,6/13/16,0,A7M,Archival
6/13/16,11.91507339,19.16459274,31.53662682,0.20713,-0.016265405,36,37.6,67.9,10.4,0.7,17.8,35,6/14/16,0,A7M,Archival
6/14/16,11.97841263,19.31434059,31.67862701,0.2096,-0.0559907,36,37.6,67.9,10.4,0.7,17.8,35,6/15/16,0,A7M,Archival
6/15/16,12.03265285,19.49664879,31.71027184,0.21326,-0.065053977,36,37.6,67.9,10.4,0.7,17.8,35,6/16/16,0,A7M,Archival
6/16/16,12.24965382,19.36424065,31.73950005,0.20327,-0.003764709,36,37.6,67.9,10.4,0.7,17.8,35,6/17/16,0,A7M,Archival
6/17/16,12.25622177,18.80072975,31.92640114,0.18699,-0.024943987,36,37.6,67.9,10.4,0.7,17.8,35,6/18/16,0,A7M,Archival
6/18/16,12.28409576,18.54974556,32.0091095,0.17902,-0.10993997,36,37.6,67.9,10.4,0.7,17.8,35,6/19/16,0,A7M,Archival
6/19/16,11.19992065,19.580513,32.12838745,0.23945,-0.155610979,36,37.6,67.9,10.4,0.7,17.8,35,6/20/16,0,A7M,Archival
6/20/16,11.09258366,20.2298336,32.11178207,0.26106,-0.139210269,36,37.6,67.9,10.4,0.7,17.8,35,6/21/16,0,A7M,Archival
6/21/16,11.08069992,20.66345596,31.9522953,0.27379,-0.108395815,36,37.6,67.9,10.4,0.7,17.8,35,6/22/16,0,A7M,Archival
6/22/16,11.80999851,20.74938774,31.54076958,0.25541,-0.11003349,36,37.6,67.9,10.4,0.7,17.8,35,6/23/16,0,A7M,Archival
6/23/16,11.96654415,20.98278999,31.49844933,0.25761,-0.124593161,36,37.6,67.9,10.4,0.7,17.8,35,6/24/16,0,A7M,Archival
6/24/16,11.98767185,20.9918232,31.39042854,0.25726,-0.115971304,36,37.6,67.9,10.4,0.7,17.8,35,6/25/16,0,A7M,Archival
6/25/16,12.28856945,21.14877892,31.50272942,0.25315,-0.06155346,36,37.6,67.9,10.4,0.7,17.8,35,6/26/16,0,A7M,Archival
6/26/16,12.18943691,21.32002449,31.58231926,0.26087,-0.106603988,36,37.6,67.9,10.4,0.7,17.8,35,6/27/16,0,A7M,Archival
6/27/16,12.12741756,21.77983284,31.49773407,0.27578,-0.072943233,36,37.6,67.9,10.4,0.7,17.8,35,6/28/16,0,A7M,Archival
6/28/16,12.83002472,21.79939079,31.37347984,0.25627,-0.075845473,36,37.6,67.9,10.4,0.7,17.8,35,6/29/16,0,A7M,Archival
6/29/16,12.82684803,21.94537163,30.97060966,0.26053,-0.064128451,36,37.6,67.9,10.4,0.7,17.8,35,6/30/16,0,A7M,Archival
6/30/16,12.87571716,22.21201324,30.83810616,0.26675,-0.09788736,36,37.6,67.9,10.4,0.7,17.8,35,7/1/16,0,A7M,Archival
7/1/16,13.12330627,22.76270294,30.90818596,0.27541,-0.119700275,36,37.6,67.9,10.4,0.7,17.8,35,7/2/16,0,A7M,Archival
7/2/16,13.26254177,22.65269661,31.05199432,0.26829,-0.175103709,36,37.6,67.9,10.4,0.7,17.8,35,7/3/16,0,A7M,Archival
7/3/16,13.48334599,22.7033844,31.09499168,0.26343,-0.243529931,36,37.6,67.9,10.4,0.7,17.8,35,7/4/16,0,A7M,Archival
7/4/16,14.58831692,22.99675751,31.15274239,0.24024,-0.226421878,36,37.6,67.9,10.4,0.7,17.8,35,7/5/16,0,A7M,Archival
7/5/16,14.9750433,23.47918701,31.21331787,0.24298,-0.156607985,36,37.6,67.9,10.4,0.7,17.8,35,7/6/16,0,A7M,Archival
7/6/16,15.29235077,24.07979584,31.23253441,0.25107,-0.146639779,36,37.6,67.9,10.4,0.7,17.8,35,7/7/16,0,A7M,Archival
7/7/16,15.29283237,24.6615696,31.34304047,0.26768,-0.065091804,36,37.6,67.9,10.4,0.7,17.8,35,7/8/16,0,A7M,Archival
7/8/16,15.16091633,24.79572105,31.41374397,0.27528,-0.032580297,36,37.6,67.9,10.4,0.7,17.8,35,7/9/16,0,A7M,Archival
7/9/16,14.54616928,25.11115837,31.36315155,0.30186,0.066920303,36,37.6,67.9,10.4,0.7,17.8,35,7/10/16,0,A7M,Archival
7/10/16,13.16394806,24.03502083,31.39344788,0.3106,0.067946814,36,37.6,67.9,10.4,0.7,17.8,35,7/11/16,0,A7M,Archival
7/11/16,12.85703659,23.87061882,31.38672447,0.31467,-0.028084606,36,37.6,67.9,10.4,0.7,17.8,35,7/12/16,0,A7M,Archival
7/12/16,12.43719482,24.10407066,31.44484711,0.33334,-0.054486122,36,37.6,67.9,10.4,0.7,17.8,35,7/13/16,0,A7M,Archival
7/13/16,12.85806751,24.8752594,31.46935463,0.34335,-0.120393276,36,37.6,67.9,10.4,0.7,17.8,35,7/14/16,0,A7M,Archival
7/14/16,12.75953388,25.49584389,31.40861702,0.36389,-0.093332797,36,37.6,67.9,10.4,0.7,17.8,35,7/15/16,0,A7M,Archival
7/15/16,12.6222353,25.88477898,31.29419899,0.37893,-0.098349772,36,37.6,67.9,10.4,0.7,17.8,35,7/16/16,0,A7M,Archival
7/16/16,13.59825993,25.91589546,31.29437447,0.35193,-0.176402733,36,37.6,67.9,10.4,0.7,17.8,35,7/17/16,0,A7M,Archival
7/25/16,14.44822598,26.75256348,32.18348694,0.35155,-0.011029139,36,37.6,67.9,10.4,0.7,17.8,35,7/25/16,0,A7M,Archival
7/26/16,14.52277088,26.03569603,31.83472252,0.32894,0.018638557,36,37.6,67.9,10.4,0.7,17.8,35,7/26/16,0,A7M,Archival
7/27/16,14.47443771,26.51631165,31.85656548,0.34405,0.030616045,36,37.6,67.9,10.4,0.7,17.8,35,7/27/16,0,A7M,Archival
7/28/16,14.6320219,26.59916878,31.74551964,0.34192,0.034464587,36,37.6,67.9,10.4,0.7,17.8,35,7/28/16,0,A7M,Archival
7/29/16,14.31968975,26.34002876,31.64014626,0.34344,0.064073153,36,37.6,67.9,10.4,0.7,17.8,35,7/29/16,0,A7M,Archival
7/30/16,14.07960224,26.07141304,31.6509304,0.34262,-0.00904082,36,37.6,67.9,10.4,0.7,17.8,35,7/30/16,0,A7M,Archival
7/31/16,13.85358143,26.13374138,31.68692017,0.35086,-0.053167403,36,37.6,67.9,10.4,0.7,17.8,35,7/31/16,0,A7M,Archival
8/1/16,13.5475502,25.97538948,31.74705315,0.35508,-0.040278729,36,37.6,67.9,10.4,0.7,17.8,35,8/1/16,0,A7M,Archival
8/2/16,13.38793659,26.70552063,31.84652138,0.3805,-0.014945425,36,37.6,67.9,10.4,0.7,17.8,35,8/2/16,0,A7M,Archival
8/3/16,13.01149845,26.8460083,32.03134537,0.39527,0.000257639,36,37.6,67.9,10.4,0.7,17.8,35,8/3/16,0,A7M,Archival
8/4/16,13.15378857,26.33874321,32.00721741,0.37671,0.020341637,36,37.6,67.9,10.4,0.7,17.8,35,8/4/16,0,A7M,Archival
8/5/16,13.08281231,26.10476685,32.03218842,0.37206,0.003176721,36,37.6,67.9,10.4,0.7,17.8,35,8/5/16,0,A7M,Archival
8/6/16,12.57943821,26.21490669,32.13796616,0.38958,-0.056287866,36,37.6,67.9,10.4,0.7,17.8,35,8/6/16,0,A7M,Archival
8/7/16,12.34040737,26.16524315,32.04343414,0.395,-0.078082897,36,37.6,67.9,10.4,0.7,17.8,35,8/7/16,0,A7M,Archival
8/8/16,12.33200741,26.33576202,32.02264786,0.40011,-0.059734672,36,37.6,67.9,10.4,0.7,17.8,35,8/8/16,0,A7M,Archival
8/9/16,12.33610249,26.57486916,31.90220642,0.40682,-0.129001006,36,37.6,67.9,10.4,0.7,17.8,35,8/9/16,0,A7M,Archival
8/10/16,12.37480545,26.6335392,31.78521156,0.40739,-0.128341645,36,37.6,67.9,10.4,0.7,17.8,35,8/10/16,0,A7M,Archival
8/11/16,12.0992012,26.84992409,31.69269753,0.42145,-0.11173024,36,37.6,67.9,10.4,0.7,17.8,35,8/11/16,0,A7M,Archival
8/12/16,12.79225159,27.1896286,31.9073391,0.41135,-0.174065873,36,37.6,67.9,10.4,0.7,17.8,35,8/12/16,0,A7M,Archival
8/13/16,12.25443172,27.35606956,32.03679276,0.43148,-0.130738676,36,37.6,67.9,10.4,0.7,17.8,35,8/13/16,0,A7M,Archival
8/14/16,11.97841358,27.13174438,32.00020599,0.43295,-0.071230903,36,37.6,67.9,10.4,0.7,17.8,35,8/14/16,0,A7M,Archival
8/15/16,12.0317955,27.24098206,32.1788063,0.43455,-0.161406532,36,37.6,67.9,10.4,0.7,17.8,35,8/15/16,0,A7M,Archival
8/16/16,12.46504498,27.64188576,32.19887924,0.43362,-0.15306139,36,37.6,67.9,10.4,0.7,17.8,35,8/16/16,0,A7M,Archival
8/17/16,12.34993267,26.84713554,32.27205658,0.41421,-0.157807186,36,37.6,67.9,10.4,0.7,17.8,35,8/17/16,0,A7M,Archival
8/18/16,12.16156292,26.54508018,32.18806076,0.41096,-0.148144186,36,37.6,67.9,10.4,0.7,17.8,35,8/18/16,0,A7M,Archival
8/19/16,12.41369534,26.65318489,32.19237137,0.40684,-0.067962572,36,37.6,67.9,10.4,0.7,17.8,35,8/19/16,0,A7M,Archival
8/20/16,12.66887283,26.84470177,32.21275711,0.40502,0.020016,36,37.6,67.9,10.4,0.7,17.8,35,8/20/16,0,A7M,Archival
8/21/16,13.65293884,27.05437469,32.15557098,0.3829,0.067270018,36,37.6,67.9,10.4,0.7,17.8,35,8/21/16,0,A7M,Archival
8/22/16,13.78444576,26.33217621,32.14814758,0.35851,0.056674022,36,37.6,67.9,10.4,0.7,17.8,35,8/22/16,0,A7M,Archival
8/23/16,14.1045866,26.0362339,32.07239914,0.3409,-0.000118981,36,37.6,67.9,10.4,0.7,17.8,35,8/23/16,0,A7M,Archival
8/24/16,13.98547268,25.90529633,32.25251389,0.34057,-0.098591179,36,37.6,67.9,10.4,0.7,17.8,35,8/24/16,0,A7M,Archival
8/25/16,13.75310516,25.82540131,32.32696533,0.34492,-0.047927242,36,37.6,67.9,10.4,0.7,17.8,35,8/25/16,0,A7M,Archival
8/26/16,13.34931087,25.3830719,32.32978821,0.34382,-0.013880002,36,37.6,67.9,10.4,0.7,17.8,35,8/26/16,0,A7M,Archival
8/27/16,14.34305573,25.55471039,32.27783585,0.32033,-0.04931578,36,37.6,67.9,10.4,0.7,17.8,35,8/27/16,0,A7M,Archival
8/28/16,14.63488293,25.77670097,32.3381691,0.31834,-0.003053114,36,37.6,67.9,10.4,0.7,17.8,35,8/28/16,0,A7M,Archival
8/29/16,14.9437027,25.81151581,32.33719635,0.31051,0.02266554,36,37.6,67.9,10.4,0.7,17.8,35,8/29/16,0,A7M,Archival
8/30/16,13.0450325,26.30288506,32.33533096,0.3788,-0.045066535,36,37.6,67.9,10.4,0.7,17.8,35,8/30/16,0,A7M,Archival
8/31/16,12.76821899,26.36533356,32.28747559,0.38849,0.037468687,36,37.6,67.9,10.4,0.7,17.8,35,8/31/16,0,A7M,Archival
9/1/16,12.64578247,25.94832039,32.13177109,0.38007,0.090817966,36,37.6,67.9,10.4,0.7,17.8,35,9/1/16,0,A7M,Archival
9/2/16,12.62751293,24.79493904,32.10341263,0.34764,0.045793843,36,37.6,67.9,10.4,0.7,17.8,35,9/2/16,0,A7M,Archival
9/3/16,13.29323578,24.03642845,32.40445328,0.30695,0.174774632,36,37.6,67.9,10.4,0.7,17.8,35,9/3/16,0,A7M,Archival
9/4/16,15.81069183,23.15479851,32.34410858,0.20983,0.276765853,36,37.6,67.9,10.4,0.7,17.8,35,9/4/16,0,A7M,Archival
9/5/16,19.87570763,23.31251335,32.39863968,0.09819,0.299892157,36,37.6,67.9,10.4,0.7,17.8,35,9/5/16,0,A7M,Archival
9/6/16,20.74820518,23.19330025,32.20944977,0.06986,0.194635585,36,37.6,67.9,10.4,0.7,17.8,35,9/6/16,0,A7M,Archival
9/7/16,20.49951935,23.29932594,32.04121017,0.07999,0.077653572,36,37.6,67.9,10.4,0.7,17.8,35,9/7/16,0,A7M,Archival
9/8/16,21.0560379,23.68486214,31.97417641,0.07511,0.000828133,36,37.6,67.9,10.4,0.7,17.8,35,9/8/16,0,A7M,Archival
9/9/16,20.61690331,23.90165138,31.88899422,0.09385,-0.040860936,36,37.6,67.9,10.4,0.7,17.8,35,9/9/16,0,A7M,Archival
9/10/16,19.89878273,24.12723351,31.8626194,0.12081,-0.067774497,36,37.6,67.9,10.4,0.7,17.8,35,9/10/16,0,A7M,Archival
9/11/16,17.56078339,23.96119881,32.08492661,0.18287,-0.059666093,36,37.6,67.9,10.4,0.7,17.8,35,9/11/16,0,A7M,Archival
9/12/16,17.03932762,23.7168026,32.09676361,0.19078,-0.08484327,36,37.6,67.9,10.4,0.7,17.8,35,9/12/16,0,A7M,Archival
9/13/16,17.36155128,23.51083946,32.09740067,0.17569,-0.116935134,36,37.6,67.9,10.4,0.7,17.8,35,9/13/16,0,A7M,Archival
9/14/16,17.94041634,23.42411041,32.0667572,0.15668,-0.05243957,36,37.6,67.9,10.4,0.7,17.8,35,9/14/16,0,A7M,Archival
9/15/16,17.85069084,23.28011131,32.04060364,0.15513,-0.02617324,36,37.6,67.9,10.4,0.7,17.8,35,9/15/16,0,A7M,Archival
9/16/16,18.03245735,22.55535126,32.02001572,0.12923,-0.017594218,36,37.6,67.9,10.4,0.7,17.8,35,9/16/16,0,A7M,Archival
9/17/16,19.05675697,22.42393303,32.40891647,0.09621,-0.039814025,36,37.6,67.9,10.4,0.7,17.8,35,9/17/16,0,A7M,Archival
9/18/16,18.96866989,22.8967762,32.42414093,0.11223,-0.068132013,36,37.6,67.9,10.4,0.7,17.8,35,9/18/16,0,A7M,Archival
9/19/16,18.52646065,23.40873528,32.38370514,0.13949,-0.04591557,36,37.6,67.9,10.4,0.7,17.8,35,9/19/16,0,A7M,Archival
9/20/16,18.96412468,23.20274162,32.2857933,0.1211,0.004623951,36,37.6,67.9,10.4,0.7,17.8,35,9/20/16,0,A7M,Archival
9/21/16,19.1384964,22.99736023,32.28563309,0.11025,0.011750731,36,37.6,67.9,10.4,0.7,17.8,35,9/21/16,0,A7M,Archival
9/22/16,19.290308,22.8711319,32.31617355,0.10231,0.039665591,36,37.6,67.9,10.4,0.7,17.8,35,9/22/16,0,A7M,Archival
9/23/16,19.46687508,22.83344078,32.14551544,0.09619,0.052954618,36,37.6,67.9,10.4,0.7,17.8,35,9/23/16,0,A7M,Archival
9/24/16,19.03137016,22.91693115,32.07779694,0.11102,0.025754958,36,37.6,67.9,10.4,0.7,17.8,35,9/24/16,0,A7M,Archival
9/25/16,19.35916328,22.25961494,32.14373398,0.08287,-0.012251679,36,37.6,67.9,10.4,0.7,17.8,35,9/25/16,0,A7M,Archival
9/26/16,17.78097725,21.53482628,32.19329453,0.10725,-0.075441487,36,37.6,67.9,10.4,0.7,17.8,35,9/26/16,0,A7M,Archival
9/27/16,17.32458687,21.23068428,32.0215683,0.1116,-0.033856627,36,37.6,67.9,10.4,0.7,17.8,35,9/27/16,0,A7M,Archival
9/28/16,16.93407631,21.30943871,31.97843933,0.12501,0.005073719,36,37.6,67.9,10.4,0.7,17.8,35,9/28/16,0,A7M,Archival
9/29/16,18.14210701,21.78732109,32.12891006,0.10415,0.167953536,36,37.6,67.9,10.4,0.7,17.8,35,9/29/16,0,A7M,Archival
9/30/16,21.08391762,21.54256439,32.11231995,0.0131,0.315395802,36,37.6,67.9,10.4,0.7,17.8,35,9/30/16,0,A7M,Archival
10/1/16,21.35621643,21.72290611,31.99819946,0.01048,0.265589446,36,37.6,67.9,10.4,0.7,17.8,35,10/1/16,0,A7M,Archival
10/2/16,19.80719185,21.75385284,31.93220329,0.05562,0.113678344,36,37.6,67.9,10.4,0.7,17.8,35,10/2/16,0,A7M,Archival
10/3/16,19.7622261,21.58740997,31.88846779,0.05215,0.055679452,36,37.6,67.9,10.4,0.7,17.8,35,10/3/16,0,A7M,Archival
10/4/16,19.68688011,21.06519318,31.96476555,0.03938,0.08602754,36,37.6,67.9,10.4,0.7,17.8,35,10/4/16,0,A7M,Archival
10/5/16,20.56644249,20.58470345,32.10108185,0.00052,0.195331708,36,37.6,67.9,10.4,0.7,17.8,35,10/5/16,0,A7M,Archival
10/6/16,20.35470772,20.3789196,32.06986618,0.00069,0.078204043,36,37.6,67.9,10.4,0.7,17.8,35,10/6/16,0,A7M,Archival
10/7/16,20.30509949,20.35676003,32.12361526,0.00148,0.033557419,36,37.6,67.9,10.4,0.7,17.8,35,10/7/16,0,A7M,Archival
10/8/16,17.84917641,21.08695221,32.04908752,0.09251,0.088256299,36,37.6,67.9,10.4,0.7,17.8,35,10/8/16,0,A7M,Archival
10/9/16,18.63897705,20.35824776,31.93843842,0.04912,0.169309437,36,37.6,67.9,10.4,0.7,17.8,35,10/9/16,0,A7M,Archival
10/10/16,19.51087761,19.4821167,32.23255539,-0.00082,0.135253966,36,37.6,67.9,10.4,0.7,17.8,35,10/10/16,0,A7M,Archival
10/11/16,18.94861603,18.94658852,32.5352211,-0.00006,0.015649961,36,37.6,67.9,10.4,0.7,17.8,35,10/11/16,0,A7M,Archival
10/12/16,18.84067726,18.95397949,32.5306778,0.00324,-0.01588776,36,37.6,67.9,10.4,0.7,17.8,35,10/12/16,0,A7M,Archival
10/13/16,18.76596832,18.99157715,32.51065445,0.00645,-0.005995112,36,37.6,67.9,10.4,0.7,17.8,35,10/13/16,0,A7M,Archival
10/14/16,18.3085022,18.84450912,32.59105301,0.01531,-0.064953461,36,37.6,67.9,10.4,0.7,17.8,35,10/14/16,0,A7M,Archival
10/15/16,18.41598701,18.48607826,32.66609573,0.002,-0.059971277,36,37.6,67.9,10.4,0.7,17.8,35,10/15/16,0,A7M,Archival
10/16/16,18.38682747,18.45511436,32.64381027,0.00195,-0.018453041,36,37.6,67.9,10.4,0.7,17.8,35,10/16/16,0,A7M,Archival
10/17/16,18.73321533,18.94857025,32.53336716,0.00615,-0.029339505,36,37.6,67.9,10.4,0.7,17.8,35,10/17/16,0,A7M,Archival
10/18/16,18.75135231,19.28435326,32.2335701,0.01523,0.014570394,36,37.6,67.9,10.4,0.7,17.8,35,10/18/16,0,A7M,Archival
10/19/16,18.70221901,19.48164558,31.83010101,0.02227,0.042096552,36,37.6,67.9,10.4,0.7,17.8,35,10/19/16,0,A7M,Archival
10/20/16,19.0138607,19.57912254,31.6657486,0.01615,0.077141471,36,37.6,67.9,10.4,0.7,17.8,35,10/20/16,0,A7M,Archival
10/21/16,18.98213577,19.69272041,31.64194489,0.0203,0.200965047,36,37.6,67.9,10.4,0.7,17.8,35,10/21/16,0,A7M,Archival
10/22/16,18.91952133,19.26209641,31.98257446,0.00979,0.083300434,36,37.6,67.9,10.4,0.7,17.8,35,10/22/16,0,A7M,Archival
10/23/16,18.93268585,18.50434303,32.55988693,-0.01224,-0.233928084,36,37.6,67.9,10.4,0.7,17.8,35,10/23/16,1,A7M,Archival
10/24/16,18.11289597,18.46160889,32.33402252,0.00996,-0.256223679,36,37.6,67.9,10.4,0.7,17.8,35,10/24/16,0,A7M,Archival
10/25/16,17.63020325,18.16876411,32.5242157,0.01539,-0.253920525,36,37.6,67.9,10.4,0.7,17.8,35,10/25/16,0,A7M,Archival
10/26/16,16.53944778,17.40429115,32.64540482,0.02471,-0.206316754,36,37.6,67.9,10.4,0.7,17.8,35,10/26/16,0,A7M,Archival
10/27/16,16.65568352,17.09597206,32.66386032,0.01258,-0.181139514,36,37.6,67.9,10.4,0.7,17.8,35,10/27/16,0,A7M,Archival
10/28/16,16.47690964,17.01470757,32.6512413,0.01537,-0.161410421,36,37.6,67.9,10.4,0.7,17.8,35,10/28/16,0,A7M,Archival
10/29/16,17.30080414,17.53339577,32.69197845,0.00665,-0.162289008,36,37.6,67.9,10.4,0.7,17.8,35,10/29/16,0,A7M,Archival
10/30/16,17.03700638,17.62336731,32.63467789,0.01675,-0.12551181,36,37.6,67.9,10.4,0.7,17.8,35,10/30/16,0,A7M,Archival
10/31/16,16.82747078,17.64609528,32.66044235,0.02339,-0.087704897,36,37.6,67.9,10.4,0.7,17.8,35,10/31/16,0,A7M,Archival
11/1/16,16.941082,17.37170219,32.8224411,0.0123,-0.099388182,36,37.6,67.9,10.4,0.7,17.8,35,11/1/16,0,A7M,Archival
11/2/16,17.06513023,17.3573494,32.80017853,0.00835,-0.075454108,36,37.6,67.9,10.4,0.7,17.8,35,11/2/16,0,A7M,Archival
11/3/16,16.952034,17.42348099,32.76292801,0.01347,-0.059614558,36,37.6,67.9,10.4,0.7,17.8,35,11/3/16,0,A7M,Archival
11/4/16,17.02513123,17.36927795,32.73361588,0.00983,-0.043166552,36,37.6,67.9,10.4,0.7,17.8,35,11/4/16,0,A7M,Archival
11/5/16,17.13872337,17.11374474,32.84077072,-0.00071,-0.083614014,36,37.6,67.9,10.4,0.7,17.8,35,11/5/16,0,A7M,Archival
11/6/16,17.13702774,16.97189331,32.8590889,-0.00472,-0.094559848,36,37.6,67.9,10.4,0.7,17.8,35,11/6/16,0,A7M,Archival
11/7/16,16.68393898,16.70686913,32.85494995,0.00066,0.018845586,36,37.6,67.9,10.4,0.7,17.8,35,11/7/16,0,A7M,Archival
11/8/16,16.40743446,16.39127922,32.84910202,-0.00046,0.045166146,36,37.6,67.9,10.4,0.7,17.8,35,11/8/16,0,A7M,Archival
11/9/16,16.4295845,16.25247002,32.83239746,-0.00506,0.046686541,36,37.6,67.9,10.4,0.7,17.8,35,11/9/16,0,A7M,Archival
11/10/16,16.50124168,16.32346916,32.79408646,-0.00508,0.024448035,36,37.6,67.9,10.4,0.7,17.8,35,11/10/16,0,A7M,Archival
11/11/16,16.27656746,16.24806404,32.87000275,-0.00081,-0.088853836,36,37.6,67.9,10.4,0.7,17.8,35,11/11/16,1,A7M,Archival
11/12/16,16.11245918,16.07248306,32.90538788,-0.00114,-0.177011967,36,37.6,67.9,10.4,0.7,17.8,35,11/12/16,0,A7M,Archival
11/13/16,15.56592178,15.7971487,32.95705414,0.00661,-0.191550791,36,37.6,67.9,10.4,0.7,17.8,35,11/13/16,0,A7M,Archival
11/14/16,15.64896393,15.63645649,33.00636292,-0.00036,-0.219869271,36,37.6,67.9,10.4,0.7,17.8,35,11/14/16,0,A7M,Archival
11/15/16,15.66337872,15.57767487,33.01133728,-0.00245,-0.09179797,36,37.6,67.9,10.4,0.7,17.8,35,11/15/16,0,A7M,Archival
11/16/16,15.50072479,15.47391987,32.92466354,-0.00077,-0.025341546,36,37.6,67.9,10.4,0.7,17.8,35,11/16/16,0,A7M,Archival
11/17/16,15.45017719,15.39715576,32.92389679,-0.00151,-0.103815258,36,37.6,67.9,10.4,0.7,17.8,35,11/17/16,0,A7M,Archival
11/18/16,15.30477142,15.29631805,32.91109467,-0.00024,-0.065081418,36,37.6,67.9,10.4,0.7,17.8,35,11/18/16,0,A7M,Archival
11/19/16,15.04811954,15.05329514,32.76780319,0.00015,0.031867754,36,37.6,67.9,10.4,0.7,17.8,35,11/19/16,0,A7M,Archival
11/20/16,14.94026661,14.89741898,32.78808975,-0.00122,-0.133648619,36,37.6,67.9,10.4,0.7,17.8,35,11/20/16,0,A7M,Archival
11/21/16,14.50472736,14.45471954,32.95303726,-0.00143,-0.424328357,36,37.6,67.9,10.4,0.7,17.8,35,11/21/16,0,A7M,Archival
11/22/16,13.99995136,13.96524429,32.99119949,-0.00099,-0.453824192,36,37.6,67.9,10.4,0.7,17.8,35,11/22/16,1,A7M,Archival
11/23/16,14.16905308,13.99808788,33.12410355,-0.00488,-0.32863161,36,37.6,67.9,10.4,0.7,17.8,35,11/23/16,0,A7M,Archival
11/24/16,14.32042313,13.981637,33.19738388,-0.00968,-0.213390097,36,37.6,67.9,10.4,0.7,17.8,35,11/24/16,0,A7M,Archival
11/25/16,13.6934433,13.57871342,33.09846115,-0.00328,-0.090731867,36,37.6,67.9,10.4,0.7,17.8,35,11/25/16,0,A7M,Archival
11/26/16,13.45482159,13.42398071,33.01896667,-0.00088,-0.034979288,36,37.6,67.9,10.4,0.7,17.8,35,11/26/16,0,A7M,Archival
11/27/16,13.411129,13.36628628,33.05112839,-0.00128,-0.084046096,36,37.6,67.9,10.4,0.7,17.8,35,11/27/16,0,A7M,Archival
11/28/16,13.20144939,13.10447025,33.20713806,-0.00277,-0.1302654,36,37.6,67.9,10.4,0.7,17.8,35,11/28/16,0,A7M,Archival
11/29/16,13.27894211,12.99473858,33.16945648,-0.00812,-0.102504723,36,37.6,67.9,10.4,0.7,17.8,35,11/29/16,0,A7M,Archival
11/30/16,13.52397823,12.85661316,32.9258461,-0.01907,0.003453532,36,37.6,67.9,10.4,0.7,17.8,35,11/30/16,1,A7M,Archival
12/1/16,13.97673702,13.21242905,32.95229721,-0.02184,0.038248729,36,37.6,67.9,10.4,0.7,17.8,35,12/1/16,0,A7M,Archival
12/2/16,14.07300091,13.13766479,33.00108719,-0.02672,-0.102582604,36,37.6,67.9,10.4,0.7,17.8,35,12/2/16,0,A7M,Archival
12/3/16,14.15266418,13.03571033,33.12749863,-0.03191,-0.220442548,36,37.6,67.9,10.4,0.7,17.8,35,12/3/16,0,A7M,Archival
12/4/16,12.94265652,12.66193295,33.17983627,-0.00802,-0.180496737,36,37.6,67.9,10.4,0.7,17.8,35,12/4/16,0,A7M,Archival
12/5/16,12.73684025,12.49332047,33.10924911,-0.00696,-0.016363587,36,37.6,67.9,10.4,0.7,17.8,35,12/5/16,0,A7M,Archival
12/6/16,12.64341259,12.4339304,33.12360382,-0.00599,0.037652969,36,37.6,67.9,10.4,0.7,17.8,35,12/6/16,0,A7M,Archival
12/7/16,12.25469112,12.27816391,33.039608,0.00067,0.174496293,36,37.6,67.9,10.4,0.7,17.8,35,12/7/16,0,A7M,Archival
12/8/16,12.28417683,12.05002213,32.9277916,-0.00669,0.017040806,36,37.6,67.9,10.4,0.7,17.8,35,12/8/16,0,A7M,Archival
12/9/16,12.14127636,11.9805479,33.04148483,-0.00459,-0.164888039,36,37.6,67.9,10.4,0.7,17.8,35,12/9/16,0,A7M,Archival
12/10/16,11.8688736,11.79680729,33.10634613,-0.00206,-0.293757349,36,37.6,67.9,10.4,0.7,17.8,35,12/10/16,0,A7M,Archival
12/11/16,11.7607584,11.7194643,33.20165634,-0.00118,-0.264700651,36,37.6,67.9,10.4,0.7,17.8,35,12/11/16,0,A7M,Archival
12/12/16,11.79281139,11.70505524,33.21519852,-0.00251,-0.072899297,36,37.6,67.9,10.4,0.7,17.8,35,12/12/16,0,A7M,Archival
12/13/16,12.11357117,11.93876934,33.17725372,-0.00499,-0.19093366,36,37.6,67.9,10.4,0.7,17.8,35,12/13/16,0,A7M,Archival
12/14/16,12.21197987,12.01229477,33.29513931,-0.00571,-0.08700937,36,37.6,67.9,10.4,0.7,17.8,35,12/14/16,1,A7M,Archival
12/15/16,12.07749081,11.78687668,33.30014801,-0.0083,-0.198321998,36,37.6,67.9,10.4,0.7,17.8,35,12/15/16,1,A7M,Archival
12/16/16,11.16591358,11.07825756,33.35200119,-0.0025,-0.468750089,36,37.6,67.9,10.4,0.7,17.8,35,12/16/16,0,A7M,Archival
12/17/16,10.89792728,10.81666279,33.28609848,-0.00232,-0.246559992,36,37.6,67.9,10.4,0.7,17.8,35,12/17/16,0,A7M,Archival
12/18/16,10.9971838,10.57028484,33.14305496,-0.0122,-0.222016588,36,37.6,67.9,10.4,0.7,17.8,35,12/18/16,0,A7M,Archival
12/19/16,10.92823124,10.40505695,33.32618713,-0.01495,-0.294734895,36,37.6,67.9,10.4,0.7,17.8,35,12/19/16,0,A7M,Archival
12/20/16,10.24578953,10.199893,33.34073257,-0.00131,-0.164942726,36,37.6,67.9,10.4,0.7,17.8,35,12/20/16,0,A7M,Archival
12/21/16,10.03059292,9.953022957,33.28842926,-0.00222,-0.136000395,36,37.6,67.9,10.4,0.7,17.8,35,12/21/16,0,A7M,Archival
12/22/16,10.55308151,10.23810101,33.32934952,-0.009,-0.166770101,36,37.6,67.9,10.4,0.7,17.8,35,12/22/16,0,A7M,Archival
12/23/16,10.79748917,10.24162006,33.38142395,-0.01588,-0.307795644,36,37.6,67.9,10.4,0.7,17.8,35,12/23/16,0,A7M,Archival
12/24/16,10.77428436,10.22519207,33.40874863,-0.01569,-0.223006323,36,37.6,67.9,10.4,0.7,17.8,35,12/24/16,1,A7M,Archival
12/25/16,10.75541019,9.700203896,33.27684402,-0.03015,-0.361785412,36,37.6,67.9,10.4,0.7,17.8,35,12/25/16,1,A7M,Archival
12/26/16,10.81039906,10.07300663,33.548172,-0.02107,-0.239778042,36,37.6,67.9,10.4,0.7,17.8,35,12/26/16,1,A7M,Archival
12/27/16,10.77201176,9.851080894,33.36366653,-0.02631,-0.180207983,36,37.6,67.9,10.4,0.7,17.8,35,12/27/16,0,A7M,Archival
12/28/16,11.31628036,9.325095177,33.04728317,-0.05689,-0.295220166,36,37.6,67.9,10.4,0.7,17.8,35,12/28/16,1,A7M,Archival
12/29/16,11.34192944,9.605931282,33.24663925,-0.0496,-0.115176015,36,37.6,67.9,10.4,0.7,17.8,35,12/29/16,1,A7M,Archival
12/30/16,11.42325497,9.512571335,33.25455093,-0.05459,-0.241849765,36,37.6,67.9,10.4,0.7,17.8,35,12/30/16,1,A7M,Archival
12/31/16,11.18881607,9.961216927,33.47810364,-0.03507,-0.388036162,36,37.6,67.9,10.4,0.7,17.8,35,12/31/16,1,A7M,Archival
1/1/17,11.65854645,9.762588501,33.50902939,-0.05417,-0.383547902,36,37.6,67.9,10.4,0.7,17.8,35,1/1/17,1,A7M,Archival
1/2/17,11.67681789,9.711605072,33.52907944,-0.05615,-0.203935757,36,37.6,67.9,10.4,0.7,17.8,35,1/2/17,1,A7M,Archival
1/3/17,10.50195599,9.625711441,33.56944275,-0.02504,0.066291608,36,37.6,67.9,10.4,0.7,17.8,35,1/3/17,1,A7M,Archival
1/4/17,9.823324203,9.366195679,33.36124802,-0.01306,0.00598444,36,37.6,67.9,10.4,0.7,17.8,35,1/4/17,1,A7M,Archival
1/5/17,10.07529163,9.414323807,33.49291992,-0.01888,-0.214278355,36,37.6,67.9,10.4,0.7,17.8,35,1/5/17,1,A7M,Archival
1/6/17,10.0242033,9.083392143,33.59687424,-0.02688,-0.187432513,36,37.6,67.9,10.4,0.7,17.8,35,1/6/17,1,A7M,Archival
1/7/17,9.641352654,9.015227318,33.61155319,-0.01789,-0.16242446,36,37.6,67.9,10.4,0.7,17.8,35,1/7/17,0,A7M,Archival
1/8/17,8.271677971,8.203968048,33.24043655,-0.00193,-0.281246275,36,37.6,67.9,10.4,0.7,17.8,35,1/8/17,0,A7M,Archival
1/9/17,8.379782677,8.325294495,33.48984146,-0.00156,-0.410664707,36,37.6,67.9,10.4,0.7,17.8,35,1/9/17,0,A7M,Archival
1/10/17,8.481995583,8.321645737,33.53755951,-0.00458,-0.380177766,36,37.6,67.9,10.4,0.7,17.8,35,1/10/17,0,A7M,Archival
1/11/17,8.687731743,8.06051445,33.39763641,-0.01792,-0.331359833,36,37.6,67.9,10.4,0.7,17.8,35,1/11/17,0,A7M,Archival
1/12/17,8.929362297,8.642207146,33.09506607,-0.0082,-0.390533477,36,37.6,67.9,10.4,0.7,17.8,35,1/12/17,1,A7M,Archival
1/13/17,9.288354874,8.496665955,33.05736923,-0.02262,-0.504236162,36,37.6,67.9,10.4,0.7,17.8,35,1/13/17,1,A7M,Archival
1/14/17,9.29613018,8.651313782,33.17012405,-0.01842,-0.41494894,36,37.6,67.9,10.4,0.7,17.8,35,1/14/17,1,A7M,Archival
1/15/17,9.202431679,7.64858675,33.06541824,-0.0444,-0.328351766,36,37.6,67.9,10.4,0.7,17.8,35,1/15/17,0,A7M,Archival
1/16/17,9.227786064,7.755256653,33.17697906,-0.04207,-0.28586337,36,37.6,67.9,10.4,0.7,17.8,35,1/16/17,1,A7M,Archival
1/17/17,9.27247715,7.870513916,33.19670486,-0.04006,-0.215197682,36,37.6,67.9,10.4,0.7,17.8,35,1/17/17,0,A7M,Archival
1/18/17,9.236721992,8.348677635,33.15130997,-0.02537,-0.149674252,36,37.6,67.9,10.4,0.7,17.8,35,1/18/17,0,A7M,Archival
1/19/17,9.099746704,8.49029541,33.06016159,-0.01741,-0.064358056,36,37.6,67.9,10.4,0.7,17.8,35,1/19/17,0,A7M,Archival
1/20/17,9.037526131,8.243059158,32.91334915,-0.0227,-0.097449005,36,37.6,67.9,10.4,0.7,17.8,35,1/20/17,0,A7M,Archival
1/21/17,9.11505127,8.765673637,32.8727951,-0.00998,-0.119266354,36,37.6,67.9,10.4,0.7,17.8,35,1/21/17,0,A7M,Archival
1/22/17,9.256590843,9.023810387,32.8509407,-0.00665,-0.065487258,36,37.6,67.9,10.4,0.7,17.8,35,1/22/17,0,A7M,Archival
1/23/17,9.147316933,9.291183472,33.22898865,0.00411,0.271569759,36,37.6,67.9,10.4,0.7,17.8,35,1/23/17,0,A7M,Archival
1/24/17,7.502315998,7.48141098,33.22046661,-0.0006,0.369223714,36,37.6,67.9,10.4,0.7,17.8,35,1/24/17,0,A7M,Archival
1/25/17,7.108764648,7.099448681,33.27363968,-0.00027,-0.034915689,36,37.6,67.9,10.4,0.7,17.8,35,1/25/17,0,A7M,Archival
1/26/17,7.187970638,6.805236816,32.98267746,-0.01094,-0.08389952,36,37.6,67.9,10.4,0.7,17.8,35,1/26/17,0,A7M,Archival
1/27/17,7.241092205,7.314085484,32.73962784,0.00209,-0.329238862,36,37.6,67.9,10.4,0.7,17.8,35,1/27/17,1,A7M,Archival
1/28/17,7.824092865,7.186568737,32.58312988,-0.01821,-0.450534731,36,37.6,67.9,10.4,0.7,17.8,35,1/28/17,1,A7M,Archival
1/29/17,8.505850792,7.189005375,32.71736908,-0.03762,-0.324161887,36,37.6,67.9,10.4,0.7,17.8,35,1/29/17,0,A7M,Archival
1/30/17,8.295777321,7.441322327,32.84978104,-0.02441,-0.233563796,36,37.6,67.9,10.4,0.7,17.8,35,1/30/17,0,A7M,Archival
1/31/17,8.408233643,7.208218098,32.90268326,-0.03429,-0.290694714,36,37.6,67.9,10.4,0.7,17.8,35,1/31/17,1,A7M,Archival
2/1/17,8.55933094,7.16853714,32.99962997,-0.03974,-0.253168762,36,37.6,67.9,10.4,0.7,17.8,35,2/1/17,0,A7M,Archival
2/2/17,8.684765816,7.767681599,32.89738846,-0.0262,-0.284065753,36,37.6,67.9,10.4,0.7,17.8,35,2/2/17,0,A7M,Archival
2/3/17,8.758900642,7.71979475,32.91366959,-0.02969,-0.25814417,36,37.6,67.9,10.4,0.7,17.8,35,2/3/17,0,A7M,Archival
2/4/17,8.735880852,7.506382465,32.91934967,-0.03513,-0.332934499,36,37.6,67.9,10.4,0.7,17.8,35,2/4/17,0,A7M,Archival
2/5/17,8.588824272,7.358460903,33.1245842,-0.03515,-0.316207707,36,37.6,67.9,10.4,0.7,17.8,35,2/5/17,0,A7M,Archival
2/6/17,8.895091057,7.457891941,33.20094299,-0.04106,-0.369159609,36,37.6,67.9,10.4,0.7,17.8,35,2/6/17,0,A7M,Archival
2/7/17,9.023844719,7.498347759,33.1896286,-0.04359,-0.260376394,36,37.6,67.9,10.4,0.7,17.8,35,2/7/17,0,A7M,Archival
2/8/17,8.636194229,5.73513937,32.80170441,-0.08289,-0.134756744,36,37.6,67.9,10.4,0.7,17.8,35,2/8/17,0,A7M,Archival
2/9/17,8.515851974,5.674445629,32.59585953,-0.08118,-0.115724958,36,37.6,67.9,10.4,0.7,17.8,35,2/9/17,0,A7M,Archival
2/10/17,8.313976288,6.496915817,33.09587097,-0.05192,-0.363811702,36,37.6,67.9,10.4,0.7,17.8,35,2/10/17,0,A7M,Archival
2/11/17,8.091719627,6.943178177,33.1160202,-0.03282,-0.351003677,36,37.6,67.9,10.4,0.7,17.8,35,2/11/17,0,A7M,Archival
2/12/17,8.102712631,6.931883335,33.07487869,-0.03345,-0.122298636,36,37.6,67.9,10.4,0.7,17.8,35,2/12/17,0,A7M,Archival
2/13/17,7.883334637,6.995550156,33.14604187,-0.02537,-0.21610409,36,37.6,67.9,10.4,0.7,17.8,35,2/13/17,0,A7M,Archival
2/14/17,6.58433342,6.355906963,33.45279312,-0.00653,-0.239651039,36,37.6,67.9,10.4,0.7,17.8,35,2/14/17,0,A7M,Archival
2/15/17,6.098396778,5.955405712,33.29507828,-0.00409,0.043025475,36,37.6,67.9,10.4,0.7,17.8,35,2/15/17,0,A7M,Archival
2/16/17,6.147348881,5.867540359,33.31943893,-0.00799,-0.17544812,36,37.6,67.9,10.4,0.7,17.8,35,2/16/17,0,A7M,Archival
2/17/17,5.956603527,5.669656277,33.33605576,-0.0082,-0.233631596,36,37.6,67.9,10.4,0.7,17.8,35,2/17/17,0,A7M,Archival
2/18/17,5.911038876,5.810258865,33.40935898,-0.00288,-0.259210736,36,37.6,67.9,10.4,0.7,17.8,35,2/18/17,0,A7M,Archival
2/19/17,6.030082226,6.019117832,33.35895538,-0.00031,-0.226332739,36,37.6,67.9,10.4,0.7,17.8,35,2/19/17,0,A7M,Archival
2/20/17,5.957555294,6.991616726,33.33442307,0.02954,-0.272126645,36,37.6,67.9,10.4,0.7,17.8,35,2/20/17,0,A7M,Archival
2/21/17,5.960800648,7.182480335,33.39570236,0.03491,-0.184450984,36,37.6,67.9,10.4,0.7,17.8,35,2/21/17,0,A7M,Archival
2/22/17,5.944628239,7.362188339,33.31957245,0.0405,-0.167136431,36,37.6,67.9,10.4,0.7,17.8,35,2/22/17,0,A7M,Archival
2/23/17,5.845380306,6.925121784,33.29442215,0.03085,-0.181985974,36,37.6,67.9,10.4,0.7,17.8,35,2/23/17,0,A7M,Archival
2/24/17,5.918379307,7.098458767,33.17972565,0.03372,-0.17190899,36,37.6,67.9,10.4,0.7,17.8,35,2/24/17,0,A7M,Archival
2/25/17,5.931259155,7.319002151,33.13525009,0.03965,-0.087234706,36,37.6,67.9,10.4,0.7,17.8,35,2/25/17,0,A7M,Archival
2/26/17,6.383800507,6.918183804,33.0996666,0.01527,-0.266323566,36,37.6,67.9,10.4,0.7,17.8,35,2/26/17,0,A7M,Archival
2/27/17,6.503126621,6.770475864,33.20299911,0.00764,-0.380139202,36,37.6,67.9,10.4,0.7,17.8,35,2/27/17,0,A7M,Archival
2/28/17,6.574890137,7.049883366,33.2243309,0.01357,-0.262763321,36,37.6,67.9,10.4,0.7,17.8,35,2/28/17,0,A7M,Archival
3/1/17,6.515441895,7.410505772,33.08702469,0.02557,-0.149405777,36,37.6,67.9,10.4,0.7,17.8,35,3/1/17,0,A7M,Archival
3/2/17,6.860016346,7.213607788,33.10755539,0.0101,-0.362878919,36,37.6,67.9,10.4,0.7,17.8,35,3/2/17,0,A7M,Archival
3/3/17,7.134622574,7.209168911,33.39079666,0.00213,-0.480668306,36,37.6,67.9,10.4,0.7,17.8,35,3/3/17,1,A7M,Archival
3/4/17,7.08618784,6.755830288,33.3574028,-0.00944,-0.479643106,36,37.6,67.9,10.4,0.7,17.8,35,3/4/17,0,A7M,Archival
3/5/17,6.999967098,6.478343487,33.24448776,-0.0149,-0.443133831,36,37.6,67.9,10.4,0.7,17.8,35,3/5/17,0,A7M,Archival
3/6/17,6.945657253,6.299437046,33.16891479,-0.01846,-0.323248476,36,37.6,67.9,10.4,0.7,17.8,35,3/6/17,0,A7M,Archival
3/7/17,7.11200285,6.713254929,33.12176132,-0.01139,-0.219872817,36,37.6,67.9,10.4,0.7,17.8,35,3/7/17,0,A7M,Archival
3/8/17,7.311489105,7.112082958,33.19501877,-0.0057,-0.227179125,36,37.6,67.9,10.4,0.7,17.8,35,3/8/17,0,A7M,Archival
3/9/17,7.603804111,7.336893082,33.35361099,-0.00763,-0.332049221,36,37.6,67.9,10.4,0.7,17.8,35,3/9/17,0,A7M,Archival
3/10/17,8.298735619,7.826648235,33.46556854,-0.01349,-0.208053365,36,37.6,67.9,10.4,0.7,17.8,35,3/10/17,0,A7M,Archival
3/11/17,8.222079277,7.650997162,33.39473343,-0.01632,-0.385663748,36,37.6,67.9,10.4,0.7,17.8,35,3/11/17,0,A7M,Archival
3/12/17,8.160476685,7.532253265,33.46210098,-0.01795,-0.452025414,36,37.6,67.9,10.4,0.7,17.8,35,3/12/17,1,A7M,Archival
3/13/17,7.28810358,7.240753174,33.56237793,-0.00135,-0.446925163,36,37.6,67.9,10.4,0.7,17.8,35,3/13/17,1,A7M,Archival
3/14/17,7.296368122,7.296904087,33.56329346,0.00002,0.036702693,36,37.6,67.9,10.4,0.7,17.8,35,3/14/17,0,A7M,Archival
3/15/17,7.028433323,6.977255344,33.39452744,-0.00146,-0.314548373,36,37.6,67.9,10.4,0.7,17.8,35,3/15/17,0,A7M,Archival
3/16/17,6.334032536,6.2985816,33.61274338,-0.00101,-0.552960336,36,37.6,67.9,10.4,0.7,17.8,35,3/16/17,0,A7M,Archival
3/17/17,6.147310257,6.12955904,33.604702,-0.00051,-0.484693915,36,37.6,67.9,10.4,0.7,17.8,35,3/17/17,0,A7M,Archival
3/18/17,6.299044132,6.295142651,33.60417557,-0.00011,-0.249650732,36,37.6,67.9,10.4,0.7,17.8,35,3/18/17,0,A7M,Archival
3/19/17,6.14642477,6.073568821,33.46828842,-0.00208,0.021591231,36,37.6,67.9,10.4,0.7,17.8,35,3/19/17,0,A7M,Archival
3/20/17,5.749763012,5.721597195,33.40236664,-0.0008,-0.043580491,36,37.6,67.9,10.4,0.7,17.8,35,3/20/17,1,A7M,Archival
3/21/17,5.822719097,5.851532459,33.41973495,0.00082,-0.086837716,36,37.6,67.9,10.4,0.7,17.8,35,3/21/17,1,A7M,Archival
3/22/17,5.037450314,5.834661961,33.40786743,0.02278,-0.192706123,36,37.6,67.9,10.4,0.7,17.8,35,3/22/17,0,A7M,Archival
3/23/17,5.320480347,5.415935516,33.66289139,0.00273,-0.385378718,36,37.6,67.9,10.4,0.7,17.8,35,3/23/17,1,A7M,Archival
3/24/17,5.446777344,5.460608006,33.60909271,0.0004,-0.396615744,36,37.6,67.9,10.4,0.7,17.8,35,3/24/17,0,A7M,Archival
3/25/17,6.178519726,5.976275921,32.5270462,-0.00578,-0.377339721,36,37.6,67.9,10.4,0.7,17.8,35,3/25/17,0,A7M,Archival
3/26/17,6.282504559,6.551370621,32.64435959,0.00768,-0.292160422,36,37.6,67.9,10.4,0.7,17.8,35,3/26/17,0,A7M,Archival
3/27/17,6.146673203,6.624727726,33.04118347,0.01366,-0.22442168,36,37.6,67.9,10.4,0.7,17.8,35,3/27/17,0,A7M,Archival
3/28/17,6.147359848,6.284017563,32.57946777,0.0039,-0.159153715,36,37.6,67.9,10.4,0.7,17.8,35,3/28/17,0,A7M,Archival
3/29/17,6.145662785,6.509754181,32.26710892,0.0104,-0.153129801,36,37.6,67.9,10.4,0.7,17.8,35,3/29/17,0,A7M,Archival
3/30/17,5.974327087,6.520359039,32.16904068,0.0156,-0.188147902,36,37.6,67.9,10.4,0.7,17.8,35,3/30/17,0,A7M,Archival
3/31/17,5.186313152,6.122505188,32.17427444,0.02675,-0.05144437,36,37.6,67.9,10.4,0.7,17.8,35,3/31/17,0,A7M,Archival
4/1/17,5.099739552,6.183871746,32.17479706,0.03098,0.063315444,36,37.6,67.9,10.4,0.7,17.8,35,4/1/17,0,A7M,Archival
4/2/17,4.974365711,6.240968227,33.01287842,0.03619,-0.064424224,36,37.6,67.9,10.4,0.7,17.8,35,4/2/17,0,A7M,Archival
4/3/17,5.12042284,6.088384151,33.05338669,0.02766,-0.069753133,36,37.6,67.9,10.4,0.7,17.8,35,4/3/17,0,A7M,Archival
4/4/17,5.140594482,6.625813007,32.76285553,0.04243,0.056669142,36,37.6,67.9,10.4,0.7,17.8,35,4/4/17,0,A7M,Archival
4/5/17,5.129739285,7.230848789,32.52649307,0.06003,0.019532299,36,37.6,67.9,10.4,0.7,17.8,35,4/5/17,0,A7M,Archival
4/6/17,6.344931126,7.439081192,32.70280838,0.03126,0.159170136,36,37.6,67.9,10.4,0.7,17.8,35,4/6/17,1,A7M,Archival
4/7/17,6.294926167,7.429168224,32.49616623,0.03241,0.081972137,36,37.6,67.9,10.4,0.7,17.8,35,4/7/17,0,A7M,Archival
4/8/17,6.589042187,7.330976963,32.67211151,0.0212,-0.181275085,36,37.6,67.9,10.4,0.7,17.8,35,4/8/17,0,A7M,Archival
4/9/17,6.908053875,7.319080353,32.74606705,0.01174,-0.260430068,36,37.6,67.9,10.4,0.7,17.8,35,4/9/17,0,A7M,Archival
4/10/17,6.967536926,7.713535309,32.70837784,0.02131,-0.277602583,36,37.6,67.9,10.4,0.7,17.8,35,4/10/17,0,A7M,Archival
4/11/17,7.193826675,8.1135149,32.71642685,0.02628,-0.295919925,36,37.6,67.9,10.4,0.7,17.8,35,4/11/17,0,A7M,Archival
4/12/17,7.620420933,8.811099052,32.76070023,0.03402,-0.269480407,36,37.6,67.9,10.4,0.7,17.8,35,4/12/17,0,A7M,Archival
4/13/17,7.773976803,9.378491402,32.75876999,0.04584,-0.23936969,36,37.6,67.9,10.4,0.7,17.8,35,4/13/17,0,A7M,Archival
4/14/17,7.729230404,9.660414696,32.7591362,0.05518,-0.22727181,36,37.6,67.9,10.4,0.7,17.8,35,4/14/17,0,A7M,Archival
4/15/17,7.925205708,10.12046051,32.80287933,0.06272,-0.218012884,36,37.6,67.9,10.4,0.7,17.8,35,4/15/17,0,A7M,Archival
4/16/17,8.02070713,10.25145435,32.88176727,0.06374,-0.206784055,36,37.6,67.9,10.4,0.7,17.8,35,4/16/17,0,A7M,Archival
4/17/17,8.396136284,10.8608942,32.98670578,0.07042,-0.249304891,36,37.6,67.9,10.4,0.7,17.8,35,4/17/17,0,A7M,Archival
4/18/17,8.523207664,11.09009075,32.91360855,0.07334,-0.195033565,36,37.6,67.9,10.4,0.7,17.8,35,4/18/17,0,A7M,Archival
4/19/17,8.141153336,10.86850452,32.94371033,0.07792,-0.146972477,36,37.6,67.9,10.4,0.7,17.8,35,4/19/17,0,A7M,Archival
4/20/17,7.859580517,11.15681362,32.94558334,0.09421,-0.090165891,36,37.6,67.9,10.4,0.7,17.8,35,4/20/17,0,A7M,Archival
4/21/17,8.00262928,11.65027237,32.95771027,0.10422,-0.053322237,36,37.6,67.9,10.4,0.7,17.8,35,4/21/17,0,A7M,Archival
4/22/17,7.676187038,11.47539806,32.87678909,0.10855,-0.01935841,36,37.6,67.9,10.4,0.7,17.8,35,4/22/17,0,A7M,Archival
4/23/17,7.296915054,11.25814342,32.81019974,0.11318,-0.123900093,36,37.6,67.9,10.4,0.7,17.8,35,4/23/17,0,A7M,Archival
4/24/17,7.322271824,11.08492374,32.62112427,0.1075,-0.09958303,36,37.6,67.9,10.4,0.7,17.8,35,4/24/17,0,A7M,Archival
4/25/17,7.129505634,10.65034294,32.69272995,0.1006,0.020171346,36,37.6,67.9,10.4,0.7,17.8,35,4/25/17,0,A7M,Archival
4/26/17,6.983640671,10.28496265,32.46141434,0.09432,0.027586371,36,37.6,67.9,10.4,0.7,17.8,35,4/26/17,0,A7M,Archival
4/27/17,7.201873302,11.44125843,32.43409348,0.12113,-0.105657183,36,37.6,67.9,10.4,0.7,17.8,35,4/27/17,0,A7M,Archival
4/28/17,7.236507416,12.29265499,31.84170723,0.14446,-0.195187256,36,37.6,67.9,10.4,0.7,17.8,35,4/28/17,0,A7M,Archival
4/29/17,7.254582882,13.25357437,31.1605072,0.1714,-0.213376299,36,37.6,67.9,10.4,0.7,17.8,35,4/29/17,0,A7M,Archival
4/30/17,7.659122467,13.05955887,31.06081581,0.1543,-0.184836075,36,37.6,67.9,10.4,0.7,17.8,35,4/30/17,0,A7M,Archival
5/1/17,7.659230709,13.03511143,31.22502136,0.1536,-0.108683847,36,37.6,67.9,10.4,0.7,17.8,35,5/1/17,0,A7M,Archival
5/2/17,7.647781372,12.28581715,31.79060364,0.13252,-0.130313918,36,37.6,67.9,10.4,0.7,17.8,35,5/2/17,0,A7M,Archival
5/3/17,8.29944706,12.80059433,31.91864777,0.1286,-0.139249057,36,37.6,67.9,10.4,0.7,17.8,35,5/3/17,0,A7M,Archival
5/4/17,8.409556389,13.19595051,31.94996452,0.13675,-0.167640105,36,37.6,67.9,10.4,0.7,17.8,35,5/4/17,0,A7M,Archival
5/5/17,8.388645172,13.39643097,31.99188423,0.14308,0.003047179,36,37.6,67.9,10.4,0.7,17.8,35,5/5/17,0,A7M,Archival
5/6/17,8.864697456,13.31434917,32.14874268,0.12713,0.057128657,36,37.6,67.9,10.4,0.7,17.8,35,5/6/17,0,A7M,Archival
5/7/17,8.741228104,13.36412811,32.21467972,0.13208,-0.041881707,36,37.6,67.9,10.4,0.7,17.8,35,5/7/17,0,A7M,Archival
5/8/17,8.702133179,13.31506634,32.25379562,0.1318,-0.121313393,36,37.6,67.9,10.4,0.7,17.8,35,5/8/17,0,A7M,Archival
5/9/17,8.428248405,13.70270443,32.36533737,0.1507,-0.135759711,36,37.6,67.9,10.4,0.7,17.8,35,5/9/17,0,A7M,Archival
5/10/17,8.275426865,14.12230682,32.33158875,0.16705,-0.094051175,36,37.6,67.9,10.4,0.7,17.8,35,5/10/17,0,A7M,Archival
5/11/17,8.106534004,14.23862553,32.31401443,0.1752,-0.023564192,36,37.6,67.9,10.4,0.7,17.8,35,5/11/17,0,A7M,Archival
5/12/17,8.594712257,13.52132893,32.35819626,0.14076,0.025024744,36,37.6,67.9,10.4,0.7,17.8,35,5/12/17,0,A7M,Archival
5/13/17,8.450873375,13.1911993,32.57162094,0.13544,0.149335861,36,37.6,67.9,10.4,0.7,17.8,35,5/13/17,0,A7M,Archival
5/14/17,8.128106117,12.29420853,32.49831009,0.11903,0.122352041,36,37.6,67.9,10.4,0.7,17.8,35,5/14/17,0,A7M,Archival
5/15/17,8.111268997,12.55278301,32.5140419,0.1269,-0.055639815,36,37.6,67.9,10.4,0.7,17.8,35,5/15/17,0,A7M,Archival
5/16/17,8.193579674,12.93569946,32.59071732,0.13549,-0.13115494,36,37.6,67.9,10.4,0.7,17.8,35,5/16/17,0,A7M,Archival
5/17/17,8.218512535,13.49603653,32.37811661,0.15079,-0.133796886,36,37.6,67.9,10.4,0.7,17.8,35,5/17/17,0,A7M,Archival
5/18/17,8.7474823,15.10430527,31.16181946,0.18162,-0.152777418,36,37.6,67.9,10.4,0.7,17.8,35,5/18/17,0,A7M,Archival
5/19/17,8.634490013,15.77194595,31.07308769,0.20393,-0.18039757,36,37.6,67.9,10.4,0.7,17.8,35,5/19/17,0,A7M,Archival
5/20/17,8.623626709,16.04409218,31.3179245,0.21201,-0.112140797,36,37.6,67.9,10.4,0.7,17.8,35,5/20/17,0,A7M,Archival
5/21/17,8.279658318,13.70004559,31.94848442,0.15487,-0.1481383,36,37.6,67.9,10.4,0.7,17.8,35,5/21/17,0,A7M,Archival
5/22/17,8.237878799,13.50405979,32.00513077,0.15046,-0.132060796,36,37.6,67.9,10.4,0.7,17.8,35,5/22/17,0,A7M,Archival
5/23/17,7.981144428,13.76829529,31.93278694,0.16535,-0.067126162,36,37.6,67.9,10.4,0.7,17.8,35,5/23/17,0,A7M,Archival
5/24/17,8.852726936,13.97274399,32.21525574,0.14629,0.017404458,36,37.6,67.9,10.4,0.7,17.8,35,5/24/17,0,A7M,Archival
5/25/17,9.181624413,13.98964214,32.36967087,0.13737,0.072930537,36,37.6,67.9,10.4,0.7,17.8,35,5/25/17,0,A7M,Archival
5/26/17,9.060625076,14.60922623,32.0402832,0.15853,-0.041756038,36,37.6,67.9,10.4,0.7,17.8,35,5/26/17,0,A7M,Archival
5/27/17,8.861721992,15.17362881,31.94503021,0.18034,-0.077661641,36,37.6,67.9,10.4,0.7,17.8,35,5/27/17,0,A7M,Archival
5/28/17,8.983170509,15.67680836,31.97419548,0.19125,0.011617612,36,37.6,67.9,10.4,0.7,17.8,35,5/28/17,0,A7M,Archival
5/29/17,9.343281746,15.75012112,32.08243942,0.18305,0.062585942,36,37.6,67.9,10.4,0.7,17.8,35,5/29/17,0,A7M,Archival
5/30/17,10.27925205,15.85242462,32.10728455,0.15923,0.001600971,36,37.6,67.9,10.4,0.7,17.8,35,5/30/17,0,A7M,Archival
5/31/17,10.03251743,15.9340744,32.00812912,0.16862,-0.001369074,36,37.6,67.9,10.4,0.7,17.8,35,5/31/17,0,A7M,Archival
6/1/17,9.675408363,16.19763947,31.89916229,0.18635,-0.065356523,36,37.6,67.9,10.4,0.7,17.8,35,6/1/17,0,A7M,Archival
6/2/17,9.165261269,16.385849,31.80523109,0.2063,-0.075389616,36,37.6,67.9,10.4,0.7,17.8,35,6/2/17,0,A7M,Archival
6/3/17,9.110823631,16.68030739,31.71014977,0.21627,-0.089762926,36,37.6,67.9,10.4,0.7,17.8,35,6/3/17,0,A7M,Archival
6/4/17,9.053468704,16.81419754,31.63887024,0.22174,-0.140517682,36,37.6,67.9,10.4,0.7,17.8,35,6/4/17,0,A7M,Archival
6/5/17,9.682641029,16.91638947,31.48528099,0.20668,-0.032672916,36,37.6,67.9,10.4,0.7,17.8,35,6/5/17,0,A7M,Archival
6/6/17,9.718985558,17.00610924,31.26247597,0.2082,0.044068456,36,37.6,67.9,10.4,0.7,17.8,35,6/6/17,0,A7M,Archival
6/7/17,10.04872036,16.88711929,31.18950462,0.19538,0.079251073,36,37.6,67.9,10.4,0.7,17.8,35,6/7/17,1,A7M,Archival
6/8/17,10.7353754,16.33865547,31.29123878,0.16009,0.026100615,36,37.6,67.9,10.4,0.7,17.8,35,6/8/17,0,A7M,Archival
6/9/17,10.51343632,16.29228783,31.43886375,0.16511,0.009370795,36,37.6,67.9,10.4,0.7,17.8,35,6/9/17,0,A7M,Archival
6/10/17,10.319417,16.99682236,31.13036156,0.19078,-0.127525166,36,37.6,67.9,10.4,0.7,17.8,35,6/10/17,0,A7M,Archival
6/11/17,10.44137478,18.47028351,30.78703308,0.2294,-0.184251979,36,37.6,67.9,10.4,0.7,17.8,35,6/11/17,0,A7M,Archival
6/12/17,10.35684109,19.28115654,30.44019127,0.25498,-0.180314839,36,37.6,67.9,10.4,0.7,17.8,35,6/12/17,0,A7M,Archival
6/13/17,10.3001318,19.78373909,30.50080109,0.27096,-0.132033199,36,37.6,67.9,10.4,0.7,17.8,35,6/13/17,0,A7M,Archival
6/14/17,10.99137211,20.65528297,30.59037781,0.27611,-0.047590882,36,37.6,67.9,10.4,0.7,17.8,35,6/14/17,0,A7M,Archival
6/15/17,11.17496777,20.40324783,30.60979271,0.26367,0.007787144,36,37.6,67.9,10.4,0.7,17.8,35,6/15/17,0,A7M,Archival
6/16/17,11.20264339,20.2470665,30.68802071,0.25841,0.076093435,36,37.6,67.9,10.4,0.7,17.8,35,6/16/17,1,A7M,Archival
6/17/17,11.03668213,20.42294312,30.62395287,0.26818,0.084801435,36,37.6,67.9,10.4,0.7,17.8,35,6/17/17,0,A7M,Archival
6/18/17,10.85508442,20.36722755,30.34736633,0.27178,0.046632614,36,37.6,67.9,10.4,0.7,17.8,35,6/18/17,0,A7M,Archival
6/19/17,10.69697094,20.12550735,30.60911369,0.26939,-0.022189906,36,37.6,67.9,10.4,0.7,17.8,35,6/19/17,0,A7M,Archival
6/20/17,11.44353199,21.23922157,31.39085197,0.27988,-0.162829146,36,37.6,67.9,10.4,0.7,17.8,35,6/20/17,1,A7M,Archival
6/21/17,11.57855701,21.46674919,31.49754906,0.28252,-0.159111962,36,37.6,67.9,10.4,0.7,17.8,35,6/21/17,0,A7M,Archival
6/22/17,11.68182373,21.29615021,31.51902962,0.2747,-0.149815336,36,37.6,67.9,10.4,0.7,17.8,35,6/22/17,0,A7M,Archival
6/23/17,12.188941,21.37336159,31.76012993,0.26241,-0.134350508,36,37.6,67.9,10.4,0.7,17.8,35,6/23/17,0,A7M,Archival
6/24/17,12.14805317,19.67591858,32.08718872,0.21508,-0.175093234,36,37.6,67.9,10.4,0.7,17.8,35,6/24/17,0,A7M,Archival
6/25/17,12.23073292,19.6324234,32.19885635,0.21148,-0.188781098,36,37.6,67.9,10.4,0.7,17.8,35,6/25/17,0,A7M,Archival
6/26/17,12.68602753,20.867733,32.12169266,0.23376,-0.152683988,36,37.6,67.9,10.4,0.7,17.8,35,6/26/17,0,A7M,Archival
6/27/17,12.64466381,21.40514183,32.10258102,0.2503,-0.111683331,36,37.6,67.9,10.4,0.7,17.8,35,6/27/17,0,A7M,Archival
6/28/17,12.54935551,21.61354828,32.0527916,0.25898,-0.103332601,36,37.6,67.9,10.4,0.7,17.8,35,6/28/17,0,A7M,Archival
6/29/17,12.36990261,21.47373199,32.25532913,0.26011,-0.128994092,36,37.6,67.9,10.4,0.7,17.8,35,6/29/17,0,A7M,Archival
6/30/17,12.14182568,20.92749596,32.00903702,0.25102,-0.159214005,36,37.6,67.9,10.4,0.7,17.8,35,6/30/17,0,A7M,Archival
7/1/17,11.75214767,21.04053688,32.38093948,0.26538,-0.135443464,36,37.6,67.9,10.4,0.7,17.8,35,7/1/17,0,A7M,Archival
7/2/17,11.55510044,22.27115822,32.56700516,0.30617,-0.097707935,36,37.6,67.9,10.4,0.7,17.8,35,7/2/17,0,A7M,Archival
7/3/17,11.65415955,22.69833183,32.55070877,0.31555,-0.107732028,36,37.6,67.9,10.4,0.7,17.8,35,7/3/17,0,A7M,Archival
7/4/17,11.7661562,22.72966766,32.54903793,0.31324,-0.093369864,36,37.6,67.9,10.4,0.7,17.8,35,7/4/17,0,A7M,Archival
7/5/17,11.52337551,23.30085564,32.61525345,0.3365,-0.07258378,36,37.6,67.9,10.4,0.7,17.8,35,7/5/17,0,A7M,Archival
7/6/17,11.62964916,23.40886879,32.65957642,0.33655,-0.08493913,36,37.6,67.9,10.4,0.7,17.8,35,7/6/17,0,A7M,Archival
7/7/17,11.48655796,23.41057396,32.6304512,0.34069,0.017966166,36,37.6,67.9,10.4,0.7,17.8,35,7/7/17,0,A7M,Archival
7/8/17,11.61396408,23.75087738,32.68404007,0.34677,-0.08903417,36,37.6,67.9,10.4,0.7,17.8,35,7/8/17,0,A7M,Archival
7/9/17,11.42632198,23.78889465,32.50257874,0.35322,-0.118068419,36,37.6,67.9,10.4,0.7,17.8,35,7/9/17,0,A7M,Archival
7/10/17,11.36450481,24.11655235,32.49837875,0.36434,-0.133923307,36,37.6,67.9,10.4,0.7,17.8,35,7/10/17,0,A7M,Archival
7/11/17,11.44730282,24.53951836,32.30148697,0.37406,-0.130900815,36,37.6,67.9,10.4,0.7,17.8,35,7/11/17,0,A7M,Archival
7/12/17,11.12104797,24.55023766,31.74871254,0.38369,-0.130034283,36,37.6,67.9,10.4,0.7,17.8,35,7/12/17,0,A7M,Archival
7/13/17,10.93604565,24.95935631,31.69250488,0.40067,-0.12443126,36,37.6,67.9,10.4,0.7,17.8,35,7/13/17,0,A7M,Archival
7/14/17,11.82473087,24.9863987,31.54167366,0.37605,-0.049175512,36,37.6,67.9,10.4,0.7,17.8,35,7/14/17,0,A7M,Archival
7/15/17,11.65570927,25.25366402,31.48703575,0.38851,-0.042130668,36,37.6,67.9,10.4,0.7,17.8,35,7/15/17,0,A7M,Archival
7/16/17,11.56248569,25.49410439,31.54511261,0.39805,-0.036607374,36,37.6,67.9,10.4,0.7,17.8,35,7/16/17,0,A7M,Archival
7/17/17,12.16038799,26.33648109,31.78673363,0.40503,-0.056016833,36,37.6,67.9,10.4,0.7,17.8,35,7/17/17,0,A7M,Archival
7/18/17,12.08168316,26.33572388,31.87812042,0.40726,-0.092829563,36,37.6,67.9,10.4,0.7,17.8,35,7/18/17,0,A7M,Archival
7/19/17,11.9485445,26.58474922,31.86024475,0.41818,-0.126816288,36,37.6,67.9,10.4,0.7,17.8,35,7/19/17,0,A7M,Archival
7/20/17,11.57256794,25.97670937,31.79493713,0.41155,-0.152231097,36,37.6,67.9,10.4,0.7,17.8,35,7/20/17,0,A7M,Archival
7/21/17,11.44468689,25.35928535,31.62579346,0.39756,-0.155751854,36,37.6,67.9,10.4,0.7,17.8,35,7/21/17,0,A7M,Archival
7/22/17,11.38738346,25.28825378,31.61129189,0.39717,-0.124109231,36,37.6,67.9,10.4,0.7,17.8,35,7/22/17,0,A7M,Archival
7/23/17,11.74095154,25.47602654,31.5361557,0.39243,-0.082756884,36,37.6,67.9,10.4,0.7,17.8,35,7/23/17,0,A7M,Archival
7/24/17,11.61556149,25.27152061,31.33983803,0.39017,-0.021967487,36,37.6,67.9,10.4,0.7,17.8,35,7/24/17,0,A7M,Archival
7/25/17,11.41517162,23.9839344,31.33033943,0.35911,-0.069266595,36,37.6,67.9,10.4,0.7,17.8,35,7/25/17,0,A7M,Archival
7/26/17,12.32982349,24.92292213,31.52508354,0.3598,-0.030294463,36,37.6,67.9,10.4,0.7,17.8,35,7/26/17,0,A7M,Archival
7/27/17,12.50103855,25.02204323,31.77031708,0.35774,-0.026575817,36,37.6,67.9,10.4,0.7,17.8,35,7/27/17,0,A7M,Archival
7/28/17,11.91404057,24.24261284,31.94535637,0.35224,-0.012459855,36,37.6,67.9,10.4,0.7,17.8,35,7/28/17,0,A7M,Archival
7/29/17,12.93908215,23.44068909,31.81770134,0.30005,0.182191715,36,37.6,67.9,10.4,0.7,17.8,35,7/29/17,0,A7M,Archival
7/30/17,15.70042896,21.89765739,32.1762352,0.17706,0.155604199,36,37.6,67.9,10.4,0.7,17.8,35,7/30/17,0,A7M,Archival
7/31/17,15.82961559,21.73503113,32.17798615,0.16873,0.019993136,36,37.6,67.9,10.4,0.7,17.8,35,7/31/17,0,A7M,Archival
8/1/17,13.99282455,22.59356499,32.1973877,0.24574,-0.02779877,36,37.6,67.9,10.4,0.7,17.8,35,8/1/17,0,A7M,Archival
8/2/17,13.14300823,23.45015144,32.19857025,0.29449,-0.054096092,36,37.6,67.9,10.4,0.7,17.8,35,8/2/17,0,A7M,Archival
8/3/17,12.62446594,23.9442749,32.19780731,0.32342,-0.02172011,36,37.6,67.9,10.4,0.7,17.8,35,8/3/17,0,A7M,Archival
8/4/17,12.93762302,23.76947594,32.29432297,0.30948,-0.027267741,36,37.6,67.9,10.4,0.7,17.8,35,8/4/17,0,A7M,Archival
8/5/17,12.71509457,24.02462006,32.24018478,0.32313,0.017397458,36,37.6,67.9,10.4,0.7,17.8,35,8/5/17,0,A7M,Archival
8/6/17,12.43994904,23.84597015,32.25844955,0.32589,-0.085195176,36,37.6,67.9,10.4,0.7,17.8,35,8/6/17,0,A7M,Archival
8/7/17,12.13658047,23.99607086,32.32960892,0.33884,-0.088891067,36,37.6,67.9,10.4,0.7,17.8,35,8/7/17,0,A7M,Archival
8/8/17,12.17858601,23.77416229,32.10430145,0.3313,-0.019463893,36,37.6,67.9,10.4,0.7,17.8,35,8/8/17,0,A7M,Archival
8/9/17,12.85792065,24.02886391,32.15297318,0.31917,-0.124636926,36,37.6,67.9,10.4,0.7,17.8,35,8/9/17,0,A7M,Archival
8/10/17,13.53229046,24.44329834,32.30690384,0.31174,-0.156187072,36,37.6,67.9,10.4,0.7,17.8,35,8/10/17,0,A7M,Archival
8/11/17,13.60865307,24.47375298,32.31535721,0.31043,-0.121110432,36,37.6,67.9,10.4,0.7,17.8,35,8/11/17,0,A7M,Archival
8/12/17,13.53196239,24.5383625,32.27690506,0.31447,-0.039845627,36,37.6,67.9,10.4,0.7,17.8,35,8/12/17,0,A7M,Archival
8/13/17,13.79139805,25.36281013,32.22503281,0.33061,-0.034110114,36,37.6,67.9,10.4,0.7,17.8,35,8/13/17,0,A7M,Archival
8/14/17,13.61411285,25.57551003,32.223629,0.34175,-0.042587023,36,37.6,67.9,10.4,0.7,17.8,35,8/14/17,0,A7M,Archival
8/15/17,13.54849529,25.73025513,32.20197296,0.34805,0.040154103,36,37.6,67.9,10.4,0.7,17.8,35,8/15/17,0,A7M,Archival
8/16/17,12.53139782,25.76027489,32.1803093,0.37797,-0.012782563,36,37.6,67.9,10.4,0.7,17.8,35,8/16/17,0,A7M,Archival
8/17/17,12.53338528,25.63787842,32.11557388,0.37441,-0.042020906,36,37.6,67.9,10.4,0.7,17.8,35,8/17/17,0,A7M,Archival
8/18/17,12.28953171,25.53341484,32.09005356,0.3784,-0.005547953,36,37.6,67.9,10.4,0.7,17.8,35,8/18/17,0,A7M,Archival
8/19/17,13.29260254,25.34148407,31.96455956,0.34425,-0.052963436,36,37.6,67.9,10.4,0.7,17.8,35,8/19/17,0,A7M,Archival
8/20/17,13.30692291,25.39879799,31.92753601,0.34548,-0.088660084,36,37.6,67.9,10.4,0.7,17.8,35,8/20/17,0,A7M,Archival
8/21/17,13.44935513,25.4757309,31.89224052,0.34361,-0.122000195,36,37.6,67.9,10.4,0.7,17.8,35,8/21/17,0,A7M,Archival
8/22/17,13.98509121,26.1297245,32.16868973,0.34699,-0.098654367,36,37.6,67.9,10.4,0.7,17.8,35,8/22/17,0,A7M,Archival
8/23/17,13.48880482,26.35857964,32.25452042,0.36771,-0.049616825,36,37.6,67.9,10.4,0.7,17.8,35,8/23/17,0,A7M,Archival
8/24/17,13.3591423,26.4336319,32.24081802,0.37356,0.003074773,36,37.6,67.9,10.4,0.7,17.8,35,8/24/17,0,A7M,Archival
8/25/17,14.65052509,25.64520454,32.13238907,0.31413,-0.036453102,36,37.6,67.9,10.4,0.7,17.8,35,8/25/17,0,A7M,Archival
8/26/17,14.73039246,25.47083282,32.04829025,0.30687,-0.066862561,36,37.6,67.9,10.4,0.7,17.8,35,8/26/17,0,A7M,Archival
8/27/17,14.75062561,24.87182617,31.9337101,0.28918,-0.051517289,36,37.6,67.9,10.4,0.7,17.8,35,8/27/17,0,A7M,Archival
8/28/17,17.3345623,24.14657593,31.70932579,0.19463,0.048396651,36,37.6,67.9,10.4,0.7,17.8,35,8/28/17,0,A7M,Archival
8/29/17,17.85419655,23.73709679,31.63594818,0.16808,0.16228731,36,37.6,67.9,10.4,0.7,17.8,35,8/29/17,0,A7M,Archival
8/30/17,19.72465706,22.92193604,31.52247047,0.09135,0.232279703,36,37.6,67.9,10.4,0.7,17.8,35,8/30/17,0,A7M,Archival
8/31/17,17.64838409,23.6971302,31.6121769,0.17282,0.061890882,36,37.6,67.9,10.4,0.7,17.8,35,8/31/17,0,A7M,Archival
9/1/17,16.2675972,23.71155739,31.62734413,0.21268,0.044850525,36,37.6,67.9,10.4,0.7,17.8,35,9/1/17,0,A7M,Archival
9/2/17,16.3630352,23.02882957,31.59372902,0.19045,-0.007699552,36,37.6,67.9,10.4,0.7,17.8,35,9/2/17,0,A7M,Archival
9/3/17,15.48460007,22.62436676,31.57725334,0.20399,0.042008892,36,37.6,67.9,10.4,0.7,17.8,35,9/3/17,0,A7M,Archival
9/4/17,14.88310146,22.43662071,31.51236725,0.21581,-0.019333471,36,37.6,67.9,10.4,0.7,17.8,35,9/4/17,0,A7M,Archival
9/5/17,13.7300024,22.75377846,31.56985474,0.25782,-0.067788281,36,37.6,67.9,10.4,0.7,17.8,35,9/5/17,0,A7M,Archival
9/6/17,13.84282398,22.76731873,31.64066505,0.25499,-0.052717511,36,37.6,67.9,10.4,0.7,17.8,35,9/6/17,0,A7M,Archival
9/7/17,13.8946619,22.57759857,31.56375885,0.24808,-0.035229385,36,37.6,67.9,10.4,0.7,17.8,35,9/7/17,0,A7M,Archival
9/8/17,14.04644775,22.39062309,31.54044151,0.23841,-0.172610641,36,37.6,67.9,10.4,0.7,17.8,35,9/8/17,0,A7M,Archival
9/9/17,14.02439976,22.31746864,31.59301567,0.23694,-0.102411568,36,37.6,67.9,10.4,0.7,17.8,35,9/9/17,0,A7M,Archival
9/10/17,14.40403461,22.00333595,31.60957527,0.21712,-0.0597951,36,37.6,67.9,10.4,0.7,17.8,35,9/10/17,0,A7M,Archival
9/11/17,15.15757275,21.67338371,31.60381889,0.18617,-0.05749923,36,37.6,67.9,10.4,0.7,17.8,35,9/11/17,0,A7M,Archival
9/12/17,16.97763634,21.76615334,31.48966217,0.13681,-0.014135071,36,37.6,67.9,10.4,0.7,17.8,35,9/12/17,0,A7M,Archival
9/13/17,16.84314156,21.86834908,31.44294548,0.14358,0.041900586,36,37.6,67.9,10.4,0.7,17.8,35,9/13/17,0,A7M,Archival
9/14/17,16.39668083,21.92120171,31.37526703,0.15784,0.017842581,36,37.6,67.9,10.4,0.7,17.8,35,9/14/17,0,A7M,Archival
9/15/17,16.26046181,22.30200195,31.3620224,0.17262,0.039145924,36,37.6,67.9,10.4,0.7,17.8,35,9/15/17,0,A7M,Archival
9/16/17,16.03088188,22.45444298,31.3469162,0.18353,-0.016566169,36,37.6,67.9,10.4,0.7,17.8,35,9/16/17,0,A7M,Archival
9/17/17,16.01897621,22.44585419,31.36682892,0.18363,-0.012959721,36,37.6,67.9,10.4,0.7,17.8,35,9/17/17,0,A7M,Archival
9/18/17,16.98140907,22.59558868,31.40976524,0.16041,0.079083271,36,37.6,67.9,10.4,0.7,17.8,35,9/18/17,0,A7M,Archival
9/19/17,17.90558434,22.3449955,31.38441277,0.12684,0.288633794,36,37.6,67.9,10.4,0.7,17.8,35,9/19/17,0,A7M,Archival
9/20/17,20.79403877,21.63645172,31.13147545,0.02407,0.317286074,36,37.6,67.9,10.4,0.7,17.8,35,9/20/17,0,A7M,Archival
9/21/17,20.01500702,21.33170319,31.11880684,0.03762,0.145080775,36,37.6,67.9,10.4,0.7,17.8,35,9/21/17,0,A7M,Archival
9/22/17,19.22307396,21.38040924,31.08150482,0.06164,0.22260505,36,37.6,67.9,10.4,0.7,17.8,35,9/22/17,0,A7M,Archival
9/23/17,18.81707764,21.26374054,31.00538063,0.0699,0.160141081,36,37.6,67.9,10.4,0.7,17.8,35,9/23/17,0,A7M,Archival
9/24/17,18.05180168,21.22233391,31.11830711,0.09059,0.056077342,36,37.6,67.9,10.4,0.7,17.8,35,9/24/17,0,A7M,Archival
9/25/17,17.75059319,21.20443726,31.16282082,0.09868,0.067175105,36,37.6,67.9,10.4,0.7,17.8,35,9/25/17,0,A7M,Archival
9/26/17,17.85979462,20.87825584,31.22511101,0.08624,0.121096991,36,37.6,67.9,10.4,0.7,17.8,35,9/26/17,0,A7M,Archival
9/27/17,18.91222572,21.35016632,31.37117958,0.06966,0.213077024,36,37.6,67.9,10.4,0.7,17.8,35,9/27/17,0,A7M,Archival
9/28/17,20.02570152,21.35874939,31.42913818,0.03809,0.206860378,36,37.6,67.9,10.4,0.7,17.8,35,9/28/17,0,A7M,Archival
9/29/17,20.56224251,21.35252953,31.51197243,0.02258,0.09242291,36,37.6,67.9,10.4,0.7,17.8,35,9/29/17,0,A7M,Archival
9/30/17,19.58735275,21.16975975,31.49944496,0.04521,0.019995578,36,37.6,67.9,10.4,0.7,17.8,35,9/30/17,0,A7M,Archival
10/1/17,19.55749512,20.18871498,31.64485359,0.01803,0.045790065,36,37.6,67.9,10.4,0.7,17.8,35,10/1/17,0,A7M,Archival
10/2/17,20.07583809,20.20831871,31.72533417,0.00379,-0.076748334,36,37.6,67.9,10.4,0.7,17.8,35,10/2/17,0,A7M,Archival
10/3/17,18.16266632,19.9425087,31.57094002,0.05085,-0.074445896,36,37.6,67.9,10.4,0.7,17.8,35,10/3/17,0,A7M,Archival
10/4/17,18.19567299,19.92093849,31.57175636,0.04929,-0.035268042,36,37.6,67.9,10.4,0.7,17.8,35,10/4/17,0,A7M,Archival
10/5/17,17.78133583,20.16195869,31.51903534,0.06802,-0.14376238,36,37.6,67.9,10.4,0.7,17.8,35,10/5/17,0,A7M,Archival
10/6/17,17.32195473,21.310112,31.52569389,0.11395,-0.130964577,36,37.6,67.9,10.4,0.7,17.8,35,10/6/17,0,A7M,Archival
10/7/17,17.13729668,21.75793648,31.42099571,0.13202,-0.023536494,36,37.6,67.9,10.4,0.7,17.8,35,10/7/17,0,A7M,Archival
10/8/17,16.95124435,22.01424217,31.30382538,0.14466,-0.032790069,36,37.6,67.9,10.4,0.7,17.8,35,10/8/17,0,A7M,Archival
10/9/17,16.76449776,22.15690422,31.37563515,0.15407,-0.020332705,36,37.6,67.9,10.4,0.7,17.8,35,10/9/17,0,A7M,Archival
10/10/17,16.22084808,22.38668633,31.37438202,0.17617,-0.061432093,36,37.6,67.9,10.4,0.7,17.8,35,10/10/17,0,A7M,Archival
10/11/17,15.89775562,22.38316536,31.39569092,0.1853,-0.024178227,36,37.6,67.9,10.4,0.7,17.8,35,10/11/17,0,A7M,Archival
10/12/17,18.05334282,20.91729164,31.39214325,0.08183,0.233594373,36,37.6,67.9,10.4,0.7,17.8,35,10/12/17,0,A7M,Archival
10/13/17,19.49144173,20.08500481,31.57803154,0.01696,0.206961095,36,37.6,67.9,10.4,0.7,17.8,35,10/13/17,0,A7M,Archival
10/14/17,19.91254997,20.06273842,31.593256,0.00429,0.083777308,36,37.6,67.9,10.4,0.7,17.8,35,10/14/17,0,A7M,Archival
10/15/17,19.16453934,20.06921387,31.57670593,0.02585,0.014914907,36,37.6,67.9,10.4,0.7,17.8,35,10/15/17,0,A7M,Archival
10/16/17,18.92488289,20.38022804,31.32406807,0.04158,-0.066221394,36,37.6,67.9,10.4,0.7,17.8,35,10/16/17,0,A7M,Archival
10/17/17,18.85128021,19.44153214,31.61378479,0.01686,-0.11646089,36,37.6,67.9,10.4,0.7,17.8,35,10/17/17,0,A7M,Archival
10/18/17,19.20981598,19.69171333,31.67266655,0.01377,-0.089913674,36,37.6,67.9,10.4,0.7,17.8,35,10/18/17,0,A7M,Archival
10/19/17,19.12795067,19.65340996,31.66510963,0.01501,-0.132362649,36,37.6,67.9,10.4,0.7,17.8,35,10/19/17,0,A7M,Archival
10/20/17,18.88681984,19.63054276,31.63168335,0.02125,-0.186829329,36,37.6,67.9,10.4,0.7,17.8,35,10/20/17,0,A7M,Archival
10/21/17,17.83704376,19.27652931,31.79139137,0.04113,-0.163270727,36,37.6,67.9,10.4,0.7,17.8,35,10/21/17,0,A7M,Archival
10/22/17,17.78349876,19.23903656,31.82911491,0.04159,-0.148882478,36,37.6,67.9,10.4,0.7,17.8,35,10/22/17,0,A7M,Archival
10/23/17,17.84153366,19.16843987,31.85566521,0.03791,-0.03333598,36,37.6,67.9,10.4,0.7,17.8,35,10/23/17,0,A7M,Archival
10/24/17,17.77516747,19.41258049,31.89333344,0.04678,0.138327897,36,37.6,67.9,10.4,0.7,17.8,35,10/24/17,0,A7M,Archival
10/25/17,17.59696579,19.55838585,31.5714283,0.05604,0.166593298,36,37.6,67.9,10.4,0.7,17.8,35,10/25/17,0,A7M,Archival
10/26/17,17.61717987,19.09512901,31.71274757,0.04223,0.121807575,36,37.6,67.9,10.4,0.7,17.8,35,10/26/17,0,A7M,Archival
10/27/17,18.12890053,19.07523537,31.84106445,0.02704,-0.084591329,36,37.6,67.9,10.4,0.7,17.8,35,10/27/17,0,A7M,Archival
10/28/17,18.31807518,19.02027702,31.84671593,0.02006,-0.074751459,36,37.6,67.9,10.4,0.7,17.8,35,10/28/17,0,A7M,Archival
10/29/17,18.37470436,19.06169319,31.72631645,0.01963,0.139372811,36,37.6,67.9,10.4,0.7,17.8,35,10/29/17,0,A7M,Archival
10/30/17,18.02794456,19.08074951,31.65435028,0.03008,0.095082484,36,37.6,67.9,10.4,0.7,17.8,35,10/30/17,0,A7M,Archival
10/31/17,18.43783951,18.67594147,31.87721825,0.0068,-0.255925953,36,37.6,67.9,10.4,0.7,17.8,35,10/31/17,0,A7M,Archival
11/1/17,18.75532532,18.54171944,31.9933567,-0.0061,-0.132801056,36,37.6,67.9,10.4,0.7,17.8,35,11/1/17,0,A7M,Archival
11/2/17,18.63120842,18.41504097,31.99309349,-0.00618,-0.05447096,36,37.6,67.9,10.4,0.7,17.8,35,11/2/17,0,A7M,Archival
11/3/17,18.66998482,18.46065712,31.94983673,-0.00598,-0.047038946,36,37.6,67.9,10.4,0.7,17.8,35,11/3/17,0,A7M,Archival
11/4/17,18.71057892,18.27815437,31.99086952,-0.01235,-0.01524162,36,37.6,67.9,10.4,0.7,17.8,35,11/4/17,0,A7M,Archival
11/5/17,18.53629875,17.9546299,31.97626305,-0.01662,0.090385459,36,37.6,67.9,10.4,0.7,17.8,35,11/5/17,0,A7M,Archival
11/6/17,18.42091179,17.87826347,31.80589485,-0.0155,0.077072762,36,37.6,67.9,10.4,0.7,17.8,35,11/6/17,0,A7M,Archival
11/7/17,18.3018856,17.87005424,31.84963989,-0.01234,0.087185085,36,37.6,67.9,10.4,0.7,17.8,35,11/7/17,0,A7M,Archival
11/8/17,18.41202164,17.67697334,31.79250336,-0.021,0.228480384,36,37.6,67.9,10.4,0.7,17.8,35,11/8/17,0,A7M,Archival
11/9/17,17.42676353,17.37909508,31.72933197,-0.00136,0.216262877,36,37.6,67.9,10.4,0.7,17.8,35,11/9/17,0,A7M,Archival
11/10/17,17.39445114,17.23728371,31.7779007,-0.00449,0.05584152,36,37.6,67.9,10.4,0.7,17.8,35,11/10/17,0,A7M,Archival
11/11/17,16.9580822,16.89599609,31.88926888,-0.00177,-0.069771715,36,37.6,67.9,10.4,0.7,17.8,35,11/11/17,0,A7M,Archival
11/12/17,16.77873421,16.75332451,31.93977356,-0.00073,-0.095037006,36,37.6,67.9,10.4,0.7,17.8,35,11/12/17,0,A7M,Archival
11/13/17,16.77891541,16.69374847,31.96135521,-0.00243,-0.023816546,36,37.6,67.9,10.4,0.7,17.8,35,11/13/17,0,A7M,Archival
11/14/17,14.8927269,15.64041233,31.99401093,0.02136,0.011717297,36,37.6,67.9,10.4,0.7,17.8,35,11/14/17,0,A7M,Archival
11/15/17,14.81800365,14.87994766,31.96019173,0.00177,0.102117591,36,37.6,67.9,10.4,0.7,17.8,35,11/15/17,0,A7M,Archival
11/16/17,14.67985439,14.59220219,31.922472,-0.0025,0.141409606,36,37.6,67.9,10.4,0.7,17.8,35,11/16/17,0,A7M,Archival
11/17/17,15.26324558,15.12896729,31.97677803,-0.00384,-0.090271108,36,37.6,67.9,10.4,0.7,17.8,35,11/17/17,0,A7M,Archival
11/18/17,15.13301373,15.08586502,32.051754,-0.00135,-0.03499433,36,37.6,67.9,10.4,0.7,17.8,35,11/18/17,0,A7M,Archival
11/19/17,15.19595337,15.14725876,32.06847763,-0.00139,-0.122433431,36,37.6,67.9,10.4,0.7,17.8,35,11/19/17,0,A7M,Archival
11/20/17,15.35693645,15.12164307,32.21073914,-0.00672,-0.312245637,36,37.6,67.9,10.4,0.7,17.8,35,11/20/17,0,A7M,Archival
11/21/17,15.4123764,14.91878605,32.31041718,-0.0141,-0.273896098,36,37.6,67.9,10.4,0.7,17.8,35,11/21/17,0,A7M,Archival
11/22/17,15.3820076,14.85979462,32.33627701,-0.01492,-0.108839296,36,37.6,67.9,10.4,0.7,17.8,35,11/22/17,0,A7M,Archival
11/23/17,15.06450367,14.68367386,32.6749115,-0.01088,-0.110862024,36,37.6,67.9,10.4,0.7,17.8,35,11/23/17,0,A7M,Archival
11/24/17,15.03350353,14.46501064,32.7113266,-0.01624,-0.109316744,36,37.6,67.9,10.4,0.7,17.8,35,11/24/17,1,A7M,Archival
4/20/23,9.359798431,12.64504623,31.30716705,0.09386,-0.142978281,36,37.6,67.9,10.4,0.7,17.8,35,4/20/23,0,A7M,Archival
4/21/23,9.395140648,13.07602978,31.26559448,0.10517,-0.106909432,36,37.6,67.9,10.4,0.7,17.8,35,4/21/23,0,A7M,Archival
4/22/23,9.3058815,13.00588989,31.10891914,0.10571,0.008770633,36,37.6,67.9,10.4,0.7,17.8,35,4/22/23,0,A7M,Archival
4/23/23,9.583912849,13.30854321,30.84229851,0.10642,0.040553372,36,37.6,67.9,10.4,0.7,17.8,35,4/23/23,0,A7M,Archival
4/24/23,9.550270081,13.20334148,31.13757896,0.10437,-0.032690864,36,37.6,67.9,10.4,0.7,17.8,35,4/24/23,0,A7M,Archival
4/25/23,9.533207893,12.8804121,31.47312164,0.09563,-0.051111553,36,37.6,67.9,10.4,0.7,17.8,35,4/25/23,0,A7M,Archival
4/26/23,9.450533867,12.5837431,31.6706562,0.08952,-0.038147401,36,37.6,67.9,10.4,0.7,17.8,35,4/26/23,0,A7M,Archival
4/27/23,9.477066994,12.80854034,31.753479,0.09518,-0.024242667,36,37.6,67.9,10.4,0.7,17.8,35,4/27/23,0,A7M,Archival
4/28/23,9.561039925,12.5811224,31.92814636,0.08629,0.082252659,36,37.6,67.9,10.4,0.7,17.8,35,4/28/23,0,A7M,Archival
4/29/23,10.22442913,12.153512,32.10461426,0.05512,0.191727683,36,37.6,67.9,10.4,0.7,17.8,35,4/29/23,0,A7M,Archival
4/30/23,10.3868227,12.3452158,31.94336891,0.05595,0.213732108,36,37.6,67.9,10.4,0.7,17.8,35,4/30/23,0,A7M,Archival
5/1/23,10.25605106,12.50467014,31.69285011,0.06425,0.094166338,36,37.6,67.9,10.4,0.7,17.8,35,5/1/23,0,A7M,Archival
5/2/23,10.64977169,12.59443283,31.58925819,0.05556,0.07062573,36,37.6,67.9,10.4,0.7,17.8,35,5/2/23,0,A7M,Archival
5/3/23,10.61961269,12.62658405,31.68815422,0.05734,0.056338239,36,37.6,67.9,10.4,0.7,17.8,35,5/3/23,0,A7M,Archival
5/4/23,10.62279129,12.46674728,31.85271454,0.05268,0.030607713,36,37.6,67.9,10.4,0.7,17.8,35,5/4/23,0,A7M,Archival
5/5/23,10.6951704,12.50741291,31.97144127,0.05178,-0.028171426,36,37.6,67.9,10.4,0.7,17.8,35,5/5/23,0,A7M,Archival
5/6/23,10.75207424,12.99897289,31.89840126,0.0642,-0.082122706,36,37.6,67.9,10.4,0.7,17.8,35,5/6/23,0,A7M,Archival
5/7/23,10.72534657,13.44723034,31.63213158,0.07777,-0.092521034,36,37.6,67.9,10.4,0.7,17.8,35,5/7/23,0,A7M,Archival
5/8/23,10.56751251,14.30333424,31.27520752,0.10674,-0.02631662,36,37.6,67.9,10.4,0.7,17.8,35,5/8/23,0,A7M,Archival
5/9/23,10.57662678,14.51386166,31.35601616,0.11249,-0.009280191,36,37.6,67.9,10.4,0.7,17.8,35,5/9/23,0,A7M,Archival
5/10/23,10.63382244,14.18206692,31.67717743,0.10138,-0.056528121,36,37.6,67.9,10.4,0.7,17.8,35,5/10/23,0,A7M,Archival
5/11/23,10.44549465,14.42695618,31.58411407,0.11376,-0.155730158,36,37.6,67.9,10.4,0.7,17.8,35,5/11/23,0,A7M,Archival
5/12/23,10.40092468,15.01541901,31.29476738,0.13184,-0.125957698,36,37.6,67.9,10.4,0.7,17.8,35,5/12/23,0,A7M,Archival
5/13/23,10.37684345,15.44829941,30.89933205,0.1449,-0.099501789,36,37.6,67.9,10.4,0.7,17.8,35,5/13/23,0,A7M,Archival
5/14/23,10.807374,15.47745514,30.76998711,0.13343,-0.081154518,36,37.6,67.9,10.4,0.7,17.8,35,5/14/23,0,A7M,Archival
5/15/23,10.87511063,15.37675858,31.01782036,0.12862,-0.11639338,36,37.6,67.9,10.4,0.7,17.8,35,5/15/23,0,A7M,Archival
5/16/23,10.84578419,15.50615978,30.64250755,0.13315,-0.155048534,36,37.6,67.9,10.4,0.7,17.8,35,5/16/23,0,A7M,Archival
5/17/23,11.4325943,15.38528442,30.31713867,0.11293,-0.090757333,36,37.6,67.9,10.4,0.7,17.8,35,5/17/23,0,A7M,Archival
5/18/23,11.36412048,15.40457058,30.50456238,0.11544,-0.090133518,36,37.6,67.9,10.4,0.7,17.8,35,5/18/23,0,A7M,Archival
5/19/23,11.25650692,15.04993153,30.71549988,0.10838,-0.140508384,36,37.6,67.9,10.4,0.7,17.8,35,5/19/23,0,A7M,Archival
5/20/23,10.98168182,15.07483959,30.98107147,0.11695,-0.089555942,36,37.6,67.9,10.4,0.7,17.8,35,5/20/23,0,A7M,Archival
5/21/23,10.85348415,15.36841869,30.76607323,0.129,-0.087809466,36,37.6,67.9,10.4,0.7,17.8,35,5/21/23,0,A7M,Archival
5/22/23,10.88201618,15.75954342,30.73108101,0.13936,-0.115430899,36,37.6,67.9,10.4,0.7,17.8,35,5/22/23,0,A7M,Archival
5/23/23,11.39823151,15.68644714,31.04854584,0.12252,-0.017891129,36,37.6,67.9,10.4,0.7,17.8,35,5/23/23,0,A7M,Archival
5/24/23,11.52296352,15.40080261,31.61133766,0.1108,0.030822484,36,37.6,67.9,10.4,0.7,17.8,35,5/24/23,0,A7M,Archival
5/25/23,11.49810886,15.39429474,31.82825279,0.11132,-0.004988397,36,37.6,67.9,10.4,0.7,17.8,35,5/25/23,0,A7M,Archival
5/26/23,11.63179874,15.41298389,32.05441666,0.10803,-0.078663774,36,37.6,67.9,10.4,0.7,17.8,35,5/26/23,0,A7M,Archival
5/27/23,11.54782772,15.42112255,32.10995865,0.11067,-0.121731095,36,37.6,67.9,10.4,0.7,17.8,35,5/27/23,0,A7M,Archival
5/28/23,11.44272518,15.3991518,32.20596313,0.11304,-0.135114715,36,37.6,67.9,10.4,0.7,17.8,35,5/28/23,0,A7M,Archival
5/29/23,11.57182026,15.83437347,32.26475525,0.12179,-0.08089108,36,37.6,67.9,10.4,0.7,17.8,35,5/29/23,0,A7M,Archival
5/30/23,12.2859354,15.88468456,32.1438446,0.10282,0.004130837,36,37.6,67.9,10.4,0.7,17.8,35,5/30/23,0,A7M,Archival
5/31/23,13.72249603,15.64821148,31.99300194,0.05502,-0.052212391,36,37.6,67.9,10.4,0.7,17.8,35,5/31/23,0,A7M,Archival
6/1/23,14.13410473,15.76268482,31.8343277,0.04653,-0.078254282,36,37.6,67.9,10.4,0.7,17.8,35,6/1/23,0,A7M,Archival
6/2/23,13.22921848,15.93688869,31.83915138,0.07736,-0.057710279,36,37.6,67.9,10.4,0.7,17.8,35,6/2/23,0,A7M,Archival
6/3/23,12.92185116,16.25681496,31.83090973,0.09528,0.011268209,36,37.6,67.9,10.4,0.7,17.8,35,6/3/23,0,A7M,Archival
6/4/23,15.14319611,15.45442867,31.83200264,0.00889,0.150063679,36,37.6,67.9,10.4,0.7,17.8,35,6/4/23,0,A7M,Archival
6/5/23,14.96747875,15.85223675,31.71494865,0.02528,0.075057916,36,37.6,67.9,10.4,0.7,17.8,35,6/5/23,0,A7M,Archival
6/6/23,14.22524357,16.46002769,31.60119057,0.06385,0.058718413,36,37.6,67.9,10.4,0.7,17.8,35,6/6/23,0,A7M,Archival
6/7/23,13.70480061,16.5863018,31.5969162,0.08233,0.059740376,36,37.6,67.9,10.4,0.7,17.8,35,6/7/23,0,A7M,Archival
6/8/23,13.12796402,16.88416481,31.57904053,0.10732,0.092725955,36,37.6,67.9,10.4,0.7,17.8,35,6/8/23,0,A7M,Archival
6/9/23,12.92752361,17.0025444,31.58842278,0.11643,0.10511595,36,37.6,67.9,10.4,0.7,17.8,35,6/9/23,0,A7M,Archival
6/10/23,14.00998211,16.97600174,31.59452057,0.08474,0.054625407,36,37.6,67.9,10.4,0.7,17.8,35,6/10/23,0,A7M,Archival
6/11/23,13.72577667,17.81206512,31.42751312,0.11675,0.019014159,36,37.6,67.9,10.4,0.7,17.8,35,6/11/23,0,A7M,Archival
6/12/23,13.15781689,18.45378876,31.14439392,0.15131,0.065663479,36,37.6,67.9,10.4,0.7,17.8,35,6/12/23,0,A7M,Archival
6/13/23,13.05386066,18.36205101,31.23993492,0.15166,0.038626935,36,37.6,67.9,10.4,0.7,17.8,35,6/13/23,0,A7M,Archival
6/14/23,12.91878986,18.6349926,31.24689293,0.16332,0.036370568,36,37.6,67.9,10.4,0.7,17.8,35,6/14/23,0,A7M,Archival
6/15/23,12.63116932,18.98312759,31.2178936,0.18148,0.050498366,36,37.6,67.9,10.4,0.7,17.8,35,6/15/23,0,A7M,Archival
6/16/23,13.0047493,19.30304337,31.22191811,0.17995,0.062700987,36,37.6,67.9,10.4,0.7,17.8,35,6/16/23,0,A7M,Archival
6/17/23,12.89701462,19.55303001,31.16848946,0.19017,0.092093028,36,37.6,67.9,10.4,0.7,17.8,35,6/17/23,0,A7M,Archival
6/18/23,13.10770702,19.91807175,31.24440956,0.19458,0.021199293,36,37.6,67.9,10.4,0.7,17.8,35,6/18/23,0,A7M,Archival
6/19/23,13.73838043,20.20111656,31.36720467,0.18465,0.030041819,36,37.6,67.9,10.4,0.7,17.8,35,6/19/23,0,A7M,Archival
6/20/23,13.95725536,20.41286278,31.3937149,0.18445,0.032879498,36,37.6,67.9,10.4,0.7,17.8,35,6/20/23,0,A7M,Archival
6/21/23,14.64696884,19.51882935,31.56072235,0.1392,0.095090061,36,37.6,67.9,10.4,0.7,17.8,35,6/21/23,0,A7M,Archival
6/22/23,15.99565506,18.63391876,31.91705894,0.07538,0.096495144,36,37.6,67.9,10.4,0.7,17.8,35,6/22/23,0,A7M,Archival
6/23/23,15.94197559,19.04023933,31.7647419,0.08852,0.00338797,36,37.6,67.9,10.4,0.7,17.8,35,6/23/23,0,A7M,Archival
6/24/23,15.23591614,19.65237427,31.37059784,0.12618,-0.002440824,36,37.6,67.9,10.4,0.7,17.8,35,6/24/23,0,A7M,Archival
6/25/23,15.15199661,20.21774292,31.16651917,0.14474,0.00664393,36,37.6,67.9,10.4,0.7,17.8,35,6/25/23,0,A7M,Archival
6/26/23,14.83792973,20.59116173,30.92539978,0.16438,0.049601167,36,37.6,67.9,10.4,0.7,17.8,35,6/26/23,0,A7M,Archival
6/27/23,14.39704895,20.80345535,30.84670448,0.18304,0.09689033,36,37.6,67.9,10.4,0.7,17.8,35,6/27/23,0,A7M,Archival
6/28/23,14.04589844,21.01999283,30.83146095,0.19926,0.024313664,36,37.6,67.9,10.4,0.7,17.8,35,6/28/23,0,A7M,Archival
6/29/23,13.98121548,21.66278076,30.78141022,0.21947,-0.003716429,36,37.6,67.9,10.4,0.7,17.8,35,6/29/23,0,A7M,Archival
6/30/23,14.06930542,21.92028999,30.81134987,0.22431,-0.011677042,36,37.6,67.9,10.4,0.7,17.8,35,6/30/23,0,A7M,Archival
7/1/23,15.25693035,22.31064796,30.92726898,0.20153,-0.047884226,36,37.6,67.9,10.4,0.7,17.8,35,7/1/23,0,A7M,Archival
7/2/23,14.93126297,22.56212425,30.91599464,0.21802,-0.000625305,36,37.6,67.9,10.4,0.7,17.8,35,7/2/23,0,A7M,Archival
7/3/23,14.32034206,23.05117798,30.85523415,0.24945,-0.026834361,36,37.6,67.9,10.4,0.7,17.8,35,7/3/23,0,A7M,Archival
7/4/23,13.95522213,23.77968407,30.89678764,0.2807,-0.035738986,36,37.6,67.9,10.4,0.7,17.8,35,7/4/23,0,A7M,Archival
7/5/23,13.78540039,24.33468819,30.87406731,0.30141,-0.02268965,36,37.6,67.9,10.4,0.7,17.8,35,7/5/23,0,A7M,Archival
7/6/23,13.80282211,24.76442909,30.84274864,0.31319,-0.029522629,36,37.6,67.9,10.4,0.7,17.8,35,7/6/23,0,A7M,Archival
7/7/23,13.71243954,25.42744255,30.97647095,0.33471,0.075677842,36,37.6,67.9,10.4,0.7,17.8,35,7/7/23,0,A7M,Archival
7/8/23,13.77461147,25.62854767,30.98705292,0.33868,0.09773355,36,37.6,67.9,10.4,0.7,17.8,35,7/8/23,0,A7M,Archival
7/9/23,13.77789307,25.54579735,30.98641777,0.33623,0.126006022,36,37.6,67.9,10.4,0.7,17.8,35,7/9/23,0,A7M,Archival
7/10/23,13.76200485,25.26497459,30.97038078,0.32866,0.11077895,36,37.6,67.9,10.4,0.7,17.8,35,7/10/23,0,A7M,Archival
7/11/23,13.9101181,25.65159607,30.91052246,0.33547,0.05340508,36,37.6,67.9,10.4,0.7,17.8,35,7/11/23,0,A7M,Archival
7/12/23,13.93177795,25.96526527,30.89602089,0.34381,-0.001898408,36,37.6,67.9,10.4,0.7,17.8,35,7/12/23,0,A7M,Archival
7/13/23,14.47312641,25.83575249,31.07860565,0.32465,0.007709178,36,37.6,67.9,10.4,0.7,17.8,35,7/13/23,0,A7M,Archival
7/14/23,14.08946514,25.38677216,30.96972847,0.32278,-0.02352377,36,37.6,67.9,10.4,0.7,17.8,35,7/14/23,0,A7M,Archival
7/15/23,13.81350803,25.32349205,31.13271904,0.32886,-0.01310737,36,37.6,67.9,10.4,0.7,17.8,35,7/15/23,0,A7M,Archival
7/16/23,13.77609634,25.60232544,31.43213654,0.33789,0.000564349,36,37.6,67.9,10.4,0.7,17.8,35,7/16/23,0,A7M,Archival
7/17/23,13.42182827,25.20874023,31.47528839,0.33677,-0.030512264,36,37.6,67.9,10.4,0.7,17.8,35,7/17/23,0,A7M,Archival
7/18/23,13.23620701,25.32342339,31.40508842,0.34535,-0.017606603,36,37.6,67.9,10.4,0.7,17.8,35,7/18/23,0,A7M,Archival
7/19/23,14.59845448,25.53636169,31.23514557,0.31251,0.005993365,36,37.6,67.9,10.4,0.7,17.8,35,7/19/23,0,A7M,Archival
7/20/23,14.59596157,25.77246666,31.07507896,0.31933,0.006142238,36,37.6,67.9,10.4,0.7,17.8,35,7/20/23,0,A7M,Archival
7/21/23,14.66378021,25.67402458,30.96087837,0.31458,0.055825412,36,37.6,67.9,10.4,0.7,17.8,35,7/21/23,0,A7M,Archival
7/22/23,14.02409363,25.5072937,30.64142418,0.32809,0.077885635,36,37.6,67.9,10.4,0.7,17.8,35,7/22/23,0,A7M,Archival
7/23/23,13.71567917,25.55141258,30.48400116,0.33816,0.034093622,36,37.6,67.9,10.4,0.7,17.8,35,7/23/23,0,A7M,Archival
7/24/23,13.40446854,25.64157104,30.42366219,0.34963,0.009486961,36,37.6,67.9,10.4,0.7,17.8,35,7/24/23,0,A7M,Archival
7/25/23,12.02751637,25.75927162,30.45436287,0.39234,-0.032219276,36,37.6,67.9,10.4,0.7,17.8,35,7/25/23,0,A7M,Archival
7/26/23,11.93934536,26.13848114,30.41140175,0.40569,-0.055549074,36,37.6,67.9,10.4,0.7,17.8,35,7/26/23,0,A7M,Archival
7/27/23,11.83966541,25.87253571,30.28140068,0.40094,-0.070657678,36,37.6,67.9,10.4,0.7,17.8,35,7/27/23,0,A7M,Archival
7/28/23,12.08326244,25.80023384,30.68340492,0.39191,-0.151816487,36,37.6,67.9,10.4,0.7,17.8,35,7/28/23,0,A7M,Archival
7/29/23,11.36254597,26.01022148,31.19235992,0.41851,-0.104215555,36,37.6,67.9,10.4,0.7,17.8,35,7/29/23,0,A7M,Archival
7/30/23,11.13907337,24.9336338,31.36149788,0.39413,-0.076724015,36,37.6,67.9,10.4,0.7,17.8,35,7/30/23,0,A7M,Archival
7/31/23,12.57566357,23.61298561,31.01797295,0.31535,-0.014622007,36,37.6,67.9,10.4,0.7,17.8,35,7/31/23,0,A7M,Archival
8/1/23,12.66945171,23.18696022,30.906744,0.3005,-0.04203549,36,37.6,67.9,10.4,0.7,17.8,35,8/1/23,0,A7M,Archival
8/2/23,12.9705019,23.21014214,30.80754662,0.29256,-0.052742641,36,37.6,67.9,10.4,0.7,17.8,35,8/2/23,0,A7M,Archival
8/3/23,11.65080166,23.30809593,30.90691566,0.33307,-0.043955233,36,37.6,67.9,10.4,0.7,17.8,35,8/3/23,0,A7M,Archival
8/4/23,11.61815643,23.09247017,31.00738335,0.32784,0.005754012,36,37.6,67.9,10.4,0.7,17.8,35,8/4/23,0,A7M,Archival
8/5/23,11.40197659,22.92688751,31.05761147,0.32928,0.054549646,36,37.6,67.9,10.4,0.7,17.8,35,8/5/23,0,A7M,Archival
8/6/23,13.00501251,23.73699379,31.11810875,0.30663,0.061137319,36,37.6,67.9,10.4,0.7,17.8,35,8/6/23,0,A7M,Archival
8/7/23,13.1352911,23.88124847,31.08895111,0.30703,0.054650094,36,37.6,67.9,10.4,0.7,17.8,35,8/7/23,0,A7M,Archival
8/8/23,12.95579243,23.74974823,30.86188698,0.3084,0.082146294,36,37.6,67.9,10.4,0.7,17.8,35,8/8/23,0,A7M,Archival
8/9/23,14.26213741,23.66796112,30.85165405,0.26874,0.010149368,36,37.6,67.9,10.4,0.7,17.8,35,8/9/23,0,A7M,Archival
8/10/23,14.02582169,23.87283897,30.93203926,0.28134,0.010633986,36,37.6,67.9,10.4,0.7,17.8,35,8/10/23,0,A7M,Archival
8/11/23,13.83918095,23.59655571,31.16224861,0.27878,0.020664858,36,37.6,67.9,10.4,0.7,17.8,35,8/11/23,0,A7M,Archival
8/12/23,15.90947819,24.09287834,31.41888618,0.23381,-0.020599863,36,37.6,67.9,10.4,0.7,17.8,35,8/12/23,0,A7M,Archival
8/13/23,16.04221153,24.1067276,31.66916084,0.23041,0.01491556,36,37.6,67.9,10.4,0.7,17.8,35,8/13/23,0,A7M,Archival
8/14/23,16.15176201,24.61197662,31.76998138,0.24172,-0.031603809,36,37.6,67.9,10.4,0.7,17.8,35,8/14/23,0,A7M,Archival
8/15/23,15.91013622,25.15490913,32.00521851,0.26414,0.01800457,36,37.6,67.9,10.4,0.7,17.8,35,8/15/23,0,A7M,Archival
8/16/23,16.02837181,25.04307747,32.08388519,0.25756,0.016042044,36,37.6,67.9,10.4,0.7,17.8,35,8/16/23,0,A7M,Archival
8/17/23,16.12276649,25.22360802,31.97249794,0.26002,0.03107293,36,37.6,67.9,10.4,0.7,17.8,35,8/17/23,0,A7M,Archival
8/18/23,17.23433495,24.95096588,31.82237244,0.22048,0.065972202,36,37.6,67.9,10.4,0.7,17.8,35,8/18/23,0,A7M,Archival
8/19/23,17.40870857,25.01558876,31.88837242,0.21734,-0.013620635,36,37.6,67.9,10.4,0.7,17.8,35,8/19/23,0,A7M,Archival
8/20/23,17.55729103,24.96979332,31.98968697,0.21179,-0.055243287,36,37.6,67.9,10.4,0.7,17.8,35,8/20/23,0,A7M,Archival
8/21/23,17.72805595,24.96095276,31.94224548,0.20665,-0.020835653,36,37.6,67.9,10.4,0.7,17.8,35,8/21/23,0,A7M,Archival
8/22/23,17.79824448,25.10742188,32.02280045,0.20883,0.010191042,36,37.6,67.9,10.4,0.7,17.8,35,8/22/23,0,A7M,Archival
8/23/23,17.97101021,24.87969971,31.82568932,0.19739,0.046325281,36,37.6,67.9,10.4,0.7,17.8,35,8/23/23,0,A7M,Archival
8/24/23,17.80240059,25.00901031,31.86520958,0.2059,0.037259113,36,37.6,67.9,10.4,0.7,17.8,35,8/24/23,0,A7M,Archival
8/25/23,17.67825317,24.57795143,32.07868576,0.19713,0.011262566,36,37.6,67.9,10.4,0.7,17.8,35,8/25/23,0,A7M,Archival
8/26/23,17.50850677,24.45874596,32.08165741,0.19858,0.073119074,36,37.6,67.9,10.4,0.7,17.8,35,8/26/23,0,A7M,Archival
8/27/23,17.73270988,24.38391685,32.05742264,0.19003,0.033969771,36,37.6,67.9,10.4,0.7,17.8,35,8/27/23,0,A7M,Archival
8/28/23,17.8161068,24.22852325,32.12781143,0.18321,0.076413333,36,37.6,67.9,10.4,0.7,17.8,35,8/28/23,0,A7M,Archival
8/29/23,17.92385483,24.06093597,32.11411667,0.17535,0.078707658,36,37.6,67.9,10.4,0.7,17.8,35,8/29/23,0,A7M,Archival
8/30/23,18.40390968,24.06016541,32.10220718,0.16161,0.053066503,36,37.6,67.9,10.4,0.7,17.8,35,8/30/23,0,A7M,Archival
8/31/23,18.56458092,23.79899025,32.03152084,0.14955,0.08439102,36,37.6,67.9,10.4,0.7,17.8,35,8/31/23,0,A7M,Archival
9/1/23,19.15026283,23.2599659,31.94166756,0.11742,0.078582756,36,37.6,67.9,10.4,0.7,17.8,35,9/1/23,0,A7M,Archival
9/2/23,18.32160759,23.69056129,31.89811134,0.1534,0.007248154,36,37.6,67.9,10.4,0.7,17.8,35,9/2/23,0,A7M,Archival
9/3/23,17.67042351,23.62711906,31.88526344,0.17019,-0.027172638,36,37.6,67.9,10.4,0.7,17.8,35,9/3/23,0,A7M,Archival
9/4/23,17.06202698,23.68099976,31.82118034,0.18911,0.022214541,36,37.6,67.9,10.4,0.7,17.8,35,9/4/23,0,A7M,Archival
9/5/23,17.44927406,24.15522003,31.93397522,0.1916,0.086725153,36,37.6,67.9,10.4,0.7,17.8,35,9/5/23,0,A7M,Archival
9/6/23,17.51374817,24.50502968,31.87879181,0.19975,0.090036802,36,37.6,67.9,10.4,0.7,17.8,35,9/6/23,0,A7M,Archival
9/7/23,17.46775246,24.87416077,31.84943581,0.21161,0.107757412,36,37.6,67.9,10.4,0.7,17.8,35,9/7/23,0,A7M,Archival
9/8/23,18.23316765,25.07931328,31.85112572,0.1956,0.083534919,36,37.6,67.9,10.4,0.7,17.8,35,9/8/23,0,A7M,Archival
9/9/23,18.00432396,25.1957798,31.60348511,0.20547,0.026540084,36,37.6,67.9,10.4,0.7,17.8,35,9/9/23,0,A7M,Archival
9/10/23,17.78771019,25.38956261,31.52790833,0.2172,0.024908653,36,37.6,67.9,10.4,0.7,17.8,35,9/10/23,0,A7M,Archival
9/11/23,17.31427765,25.72748375,31.57413673,0.24038,0.012952243,36,37.6,67.9,10.4,0.7,17.8,35,9/11/23,0,A7M,Archival
9/12/23,17.31366348,25.76375389,31.56813049,0.24143,0.023056472,36,37.6,67.9,10.4,0.7,17.8,35,9/12/23,0,A7M,Archival
9/13/23,17.47937393,25.60926819,31.58259583,0.23228,0.066106871,36,37.6,67.9,10.4,0.7,17.8,35,9/13/23,0,A7M,Archival
9/14/23,17.42193794,25.12326622,31.69113159,0.22004,0.098862775,36,37.6,67.9,10.4,0.7,17.8,35,9/14/23,0,A7M,Archival
9/15/23,18.25031471,24.27900887,32.02113342,0.17225,0.174258992,36,37.6,67.9,10.4,0.7,17.8,35,9/15/23,0,A7M,Archival
9/16/23,20.19499016,23.76801872,31.66851997,0.10209,0.165993467,36,37.6,67.9,10.4,0.7,17.8,35,9/16/23,0,A7M,Archival
9/17/23,20.7006588,23.32118225,31.15267181,0.07487,0.076973327,36,37.6,67.9,10.4,0.7,17.8,35,9/17/23,0,A7M,Archival
9/18/23,19.31173515,23.28006935,31.28785515,0.11338,0.101561517,36,37.6,67.9,10.4,0.7,17.8,35,9/18/23,0,A7M,Archival
9/19/23,18.60866547,23.00078011,31.1576767,0.12549,0.046171065,36,37.6,67.9,10.4,0.7,17.8,35,9/19/23,0,A7M,Archival
9/20/23,18.29617691,22.6523037,31.04147911,0.12446,-0.014722779,36,37.6,67.9,10.4,0.7,17.8,35,9/20/23,0,A7M,Archival
9/21/23,18.01058006,22.63037682,31.03641319,0.13199,-0.004018451,36,37.6,67.9,10.4,0.7,17.8,35,9/21/23,0,A7M,Archival
9/22/23,18.43602562,22.32324791,30.98630524,0.11106,0.118632339,36,37.6,67.9,10.4,0.7,17.8,35,9/22/23,0,A7M,Archival
9/23/23,21.19776344,21.68802834,31.04943275,0.01401,0.382627875,36,37.6,67.9,10.4,0.7,17.8,35,9/23/23,0,A7M,Archival
9/24/23,21.4402771,21.4636364,30.7252655,0.00067,0.266530722,36,37.6,67.9,10.4,0.7,17.8,35,9/24/23,0,A7M,Archival
9/25/23,21.08276558,21.4770298,30.66007423,0.01126,0.10998515,36,37.6,67.9,10.4,0.7,17.8,35,9/25/23,0,A7M,Archival
9/26/23,18.27676201,20.52602768,31.06061745,0.06426,0.246446475,36,37.6,67.9,10.4,0.7,17.8,35,9/26/23,0,A7M,Archival
9/27/23,19.18037605,19.16537476,31.46336365,-0.00043,0.237448499,36,37.6,67.9,10.4,0.7,17.8,35,9/27/23,0,A7M,Archival
9/28/23,19.14067078,19.13484764,31.60262489,-0.00017,0.180490732,36,37.6,67.9,10.4,0.7,17.8,35,9/28/23,0,A7M,Archival
9/29/23,19.24022293,19.35510826,31.51106071,0.00328,0.179541767,36,37.6,67.9,10.4,0.7,17.8,35,9/29/23,0,A7M,Archival
9/30/23,19.30051994,19.32694054,31.75153923,0.00075,0.171051279,36,37.6,67.9,10.4,0.7,17.8,35,9/30/23,0,A7M,Archival
10/1/23,19.30825996,19.31110382,32.05758286,0.00008,0.198423684,36,37.6,67.9,10.4,0.7,17.8,35,10/1/23,0,A7M,Archival
10/2/23,19.24972343,19.25336456,32.18041229,0.0001,0.151693717,36,37.6,67.9,10.4,0.7,17.8,35,10/2/23,0,A7M,Archival
10/3/23,19.26860046,19.31931114,32.19527817,0.00145,0.115636252,36,37.6,67.9,10.4,0.7,17.8,35,10/3/23,0,A7M,Archival
10/4/23,19.30085373,19.44629097,32.10898209,0.00416,0.054299802,36,37.6,67.9,10.4,0.7,17.8,35,10/4/23,0,A7M,Archival
10/5/23,17.94869041,19.70022202,31.94170189,0.05004,0.046995267,36,37.6,67.9,10.4,0.7,17.8,35,10/5/23,0,A7M,Archival
10/6/23,17.91707802,19.98408699,32.05894089,0.05906,0.122549467,36,37.6,67.9,10.4,0.7,17.8,35,10/6/23,0,A7M,Archival
10/7/23,17.97549248,20.15908241,32.14886856,0.06239,0.212483048,36,37.6,67.9,10.4,0.7,17.8,35,10/7/23,0,A7M,Archival
10/8/23,19.33919334,19.49655914,32.0711937,0.0045,0.157913178,36,37.6,67.9,10.4,0.7,17.8,35,10/8/23,0,A7M,Archival
10/9/23,19.5092907,19.3498497,32.01611328,-0.00456,0.077809893,36,37.6,67.9,10.4,0.7,17.8,35,10/9/23,0,A7M,Archival
10/10/23,19.58848381,19.15776253,31.83255196,-0.01231,0.125747815,36,37.6,67.9,10.4,0.7,17.8,35,10/10/23,0,A7M,Archival
10/11/23,18.84685326,19.19288063,32.06978989,0.00989,0.111457497,36,37.6,67.9,10.4,0.7,17.8,35,10/11/23,0,A7M,Archival
10/12/23,18.78778267,19.2314415,32.13809204,0.01268,0.136214599,36,37.6,67.9,10.4,0.7,17.8,35,10/12/23,0,A7M,Archival
10/13/23,18.7109108,19.1060276,32.17554092,0.01129,0.157054186,36,37.6,67.9,10.4,0.7,17.8,35,10/13/23,0,A7M,Archival
10/14/23,18.88202095,18.84668541,32.2562561,-0.00101,0.220489144,36,37.6,67.9,10.4,0.7,17.8,35,10/14/23,0,A7M,Archival
10/15/23,18.78919601,18.7595005,32.17132187,-0.00085,0.355402619,36,37.6,67.9,10.4,0.7,17.8,35,10/15/23,0,A7M,Archival
10/16/23,18.58897591,18.52613068,32.00801086,-0.0018,0.243152753,36,37.6,67.9,10.4,0.7,17.8,35,10/16/23,0,A7M,Archival
10/17/23,17.83970451,18.39116669,31.97597694,0.01576,0.217797145,36,37.6,67.9,10.4,0.7,17.8,35,10/17/23,0,A7M,Archival
10/18/23,17.78175354,18.1985302,31.93378639,0.01191,0.123235308,36,37.6,67.9,10.4,0.7,17.8,35,10/18/23,0,A7M,Archival
10/19/23,17.7931118,18.12981033,31.93060493,0.00962,0.08489456,36,37.6,67.9,10.4,0.7,17.8,35,10/19/23,0,A7M,Archival
10/20/23,17.88936424,18.37569809,31.96604347,0.0139,0.172355935,36,37.6,67.9,10.4,0.7,17.8,35,10/20/23,0,A7M,Archival
10/21/23,17.93559456,18.35189056,31.88027954,0.01189,0.272885412,36,37.6,67.9,10.4,0.7,17.8,35,10/21/23,0,A7M,Archival
10/22/23,18.09409714,18.12788963,32.00691986,0.00097,0.009870783,36,37.6,67.9,10.4,0.7,17.8,35,10/22/23,0,A7M,Archival
10/23/23,18.36532974,17.70913506,32.28066254,-0.01875,-0.108432256,36,37.6,67.9,10.4,0.7,17.8,35,10/23/23,0,A7M,Archival
10/24/23,18.15415955,17.65065193,32.27157211,-0.01439,-0.014950511,36,37.6,67.9,10.4,0.7,17.8,35,10/24/23,0,A7M,Archival
10/25/23,17.98179626,17.6089077,32.13216019,-0.01065,-0.079668231,36,37.6,67.9,10.4,0.7,17.8,35,10/25/23,0,A7M,Archival
10/26/23,17.04923058,18.05133438,31.92367554,0.02863,-0.151854977,36,37.6,67.9,10.4,0.7,17.8,35,10/26/23,0,A7M,Archival
10/27/23,17.18020439,18.13983917,31.44544792,0.02742,-0.081383809,36,37.6,67.9,10.4,0.7,17.8,35,10/27/23,0,A7M,Archival
10/28/23,17.27052498,18.42677879,31.25496864,0.03304,-0.027674323,36,37.6,67.9,10.4,0.7,17.8,35,10/28/23,0,A7M,Archival
10/29/23,17.72412682,18.63520622,31.23152351,0.02603,-0.0101282,36,37.6,67.9,10.4,0.7,17.8,35,10/29/23,0,A7M,Archival
10/30/23,17.68369865,18.53814888,31.32138252,0.02441,0.111029692,36,37.6,67.9,10.4,0.7,17.8,35,10/30/23,0,A7M,Archival
10/31/23,17.69087029,18.17711449,31.82633972,0.01389,0.045205232,36,37.6,67.9,10.4,0.7,17.8,35,10/31/23,0,A7M,Archival
11/1/23,17.51601601,17.46097755,31.8378315,-0.00157,0.168321684,36,37.6,67.9,10.4,0.7,17.8,35,11/1/23,0,A7M,Archival
11/2/23,17.53367043,17.11140251,31.94553185,-0.01206,0.081966683,36,37.6,67.9,10.4,0.7,17.8,35,11/2/23,0,A7M,Archival
11/3/23,17.2908802,16.96766853,32.01390076,-0.00923,0.012024838,36,37.6,67.9,10.4,0.7,17.8,35,11/3/23,0,A7M,Archival
11/4/23,16.78022957,16.70105553,32.0304718,-0.00226,-0.051814187,36,37.6,67.9,10.4,0.7,17.8,35,11/4/23,0,A7M,Archival
11/5/23,16.75799561,16.68673134,31.98240852,-0.00204,0.020980665,36,37.6,67.9,10.4,0.7,17.8,35,11/5/23,0,A7M,Archival
11/6/23,16.74646568,16.63146019,32.07331467,-0.00329,0.074377686,36,37.6,67.9,10.4,0.7,17.8,35,11/6/23,0,A7M,Archival
11/7/23,16.7875843,16.67733192,32.06007004,-0.00315,0.087333135,36,37.6,67.9,10.4,0.7,17.8,35,11/7/23,0,A7M,Archival
11/8/23,16.66872215,16.5834198,32.02716064,-0.00244,0.022964435,36,37.6,67.9,10.4,0.7,17.8,35,11/8/23,0,A7M,Archival
11/9/23,16.66582298,16.53316307,32.13706589,-0.00379,0.054725409,36,37.6,67.9,10.4,0.7,17.8,35,11/9/23,0,A7M,Archival
11/10/23,16.13584518,16.63841438,32.13508987,0.01436,0.02414827,36,37.6,67.9,10.4,0.7,17.8,35,11/10/23,0,A7M,Archival
11/11/23,16.23701477,16.3110714,32.23142624,0.00212,-0.092028171,36,37.6,67.9,10.4,0.7,17.8,35,11/11/23,0,A7M,Archival
11/12/23,16.14941978,16.12218285,32.20548248,-0.00078,-0.079571843,36,37.6,67.9,10.4,0.7,17.8,35,11/12/23,0,A7M,Archival
11/13/23,15.57881641,16.10441971,32.05617523,0.01502,0.043888737,36,37.6,67.9,10.4,0.7,17.8,35,11/13/23,0,A7M,Archival
11/14/23,15.59983063,15.78402615,32.04022598,0.00526,-0.007989734,36,37.6,67.9,10.4,0.7,17.8,35,11/14/23,0,A7M,Archival
11/15/23,15.58907032,15.57468319,32.05232239,-0.00041,-0.014241905,36,37.6,67.9,10.4,0.7,17.8,35,11/15/23,0,A7M,Archival
11/16/23,15.29587841,15.64179707,32.02154922,0.00988,-0.058943156,36,37.6,67.9,10.4,0.7,17.8,35,11/16/23,0,A7M,Archival
11/17/23,15.25807285,15.57334614,32.01428986,0.00901,0.01242333,36,37.6,67.9,10.4,0.7,17.8,35,11/17/23,0,A7M,Archival
11/18/23,15.21501827,15.61691666,32.06647873,0.01148,0.173737034,36,37.6,67.9,10.4,0.7,17.8,35,11/18/23,0,A7M,Archival
11/19/23,15.54426956,15.51735401,32.13053513,-0.00077,0.100143902,36,37.6,67.9,10.4,0.7,17.8,35,11/19/23,1,A7M,Archival
11/20/23,15.39057446,15.35184479,32.17419052,-0.00111,0.008309324,36,37.6,67.9,10.4,0.7,17.8,35,11/20/23,1,A7M,Archival
11/21/23,15.20598221,15.18276501,32.14044952,-0.00066,0.077530131,36,37.6,67.9,10.4,0.7,17.8,35,11/21/23,0,A7M,Archival
11/22/23,15.21010113,15.21329212,31.93494225,0.00009,0.236313894,36,37.6,67.9,10.4,0.7,17.8,35,11/22/23,0,A7M,Archival
11/23/23,15.09512806,15.03579617,31.87403297,-0.0017,0.079136662,36,37.6,67.9,10.4,0.7,17.8,35,11/23/23,0,A7M,Archival
11/24/23,14.93695068,14.89966679,31.92041206,-0.00107,0.014915516,36,37.6,67.9,10.4,0.7,17.8,35,11/24/23,0,A7M,Archival
11/25/23,14.57435226,14.5445528,31.97918701,-0.00085,0.044919297,36,37.6,67.9,10.4,0.7,17.8,35,11/25/23,0,A7M,Archival
11/26/23,14.24289799,14.22361755,31.98017883,-0.00055,0.054314479,36,37.6,67.9,10.4,0.7,17.8,35,11/26/23,0,A7M,Archival
11/27/23,14.17573929,14.14197445,31.98409462,-0.00096,0.088616125,36,37.6,67.9,10.4,0.7,17.8,35,11/27/23,0,A7M,Archival
11/28/23,13.89608669,13.95282078,32.07516861,0.00162,-0.047553409,36,37.6,67.9,10.4,0.7,17.8,35,11/28/23,0,A7M,Archival
11/29/23,13.68785191,13.63260555,32.1388092,-0.00158,-0.183717653,36,37.6,67.9,10.4,0.7,17.8,35,11/29/23,0,A7M,Archival
11/30/23,13.52372074,13.48734665,32.20905685,-0.00104,-0.132279158,36,37.6,67.9,10.4,0.7,17.8,35,11/30/23,0,A7M,Archival
12/1/23,13.20723724,13.15751362,32.3708992,-0.00142,-0.1171811,36,37.6,67.9,10.4,0.7,17.8,35,12/1/23,1,A7M,Archival
12/2/23,13.20330143,13.0243578,32.20785141,-0.00511,-0.067686044,36,37.6,67.9,10.4,0.7,17.8,35,12/2/23,0,A7M,Archival
12/3/23,13.19557571,12.95952892,32.12017441,-0.00674,0.040411409,36,37.6,67.9,10.4,0.7,17.8,35,12/3/23,1,A7M,Archival
12/4/23,13.25051403,12.88253021,31.96443939,-0.01051,0.084881775,36,37.6,67.9,10.4,0.7,17.8,35,12/4/23,1,A7M,Archival
12/5/23,13.27569485,12.9372282,32.08640671,-0.00967,-0.035649855,36,37.6,67.9,10.4,0.7,17.8,35,12/5/23,0,A7M,Archival
12/6/23,13.23443317,12.99858856,32.19668961,-0.00674,0.053872328,36,37.6,67.9,10.4,0.7,17.8,35,12/6/23,1,A7M,Archival
12/7/23,12.74461842,12.71535015,32.19123459,-0.00084,0.041182149,36,37.6,67.9,10.4,0.7,17.8,35,12/7/23,0,A7M,Archival
12/8/23,12.59475327,12.58173656,32.19568634,-0.00037,-0.034686916,36,37.6,67.9,10.4,0.7,17.8,35,12/8/23,0,A7M,Archival
12/9/23,12.61119843,12.57635212,32.20721436,-0.001,-0.016010782,36,37.6,67.9,10.4,0.7,17.8,35,12/9/23,0,A7M,Archival
12/10/23,12.26827621,12.32172489,31.88622475,0.00153,-0.011305955,36,37.6,67.9,10.4,0.7,17.8,35,12/10/23,0,A7M,Archival
12/11/23,12.37859631,12.0301857,31.61040306,-0.00995,0.013327144,36,37.6,67.9,10.4,0.7,17.8,35,12/11/23,0,A7M,Archival
12/12/23,12.40334702,11.81306934,31.71069336,-0.01687,-0.266136616,36,37.6,67.9,10.4,0.7,17.8,35,12/12/23,0,A7M,Archival
12/13/23,12.44227886,11.93144703,31.83237648,-0.0146,-0.301263779,36,37.6,67.9,10.4,0.7,17.8,35,12/13/23,1,A7M,Archival
12/14/23,12.36138439,11.89115906,32.00827026,-0.01344,-0.31283322,36,37.6,67.9,10.4,0.7,17.8,35,12/14/23,1,A7M,Archival
12/15/23,12.17775249,11.81601048,32.06586456,-0.01034,-0.260297745,36,37.6,67.9,10.4,0.7,17.8,35,12/15/23,0,A7M,Archival
12/16/23,11.86717319,11.80760288,32.13726807,-0.0017,-0.232210323,36,37.6,67.9,10.4,0.7,17.8,35,12/16/23,0,A7M,Archival
12/17/23,11.85164261,11.85040379,32.20520401,-0.00004,0.000306205,36,37.6,67.9,10.4,0.7,17.8,35,12/17/23,0,A7M,Archival
12/18/23,11.90589523,11.89712906,32.06370926,-0.00025,0.32977736,36,37.6,67.9,10.4,0.7,17.8,35,12/18/23,0,A7M,Archival
12/19/23,11.7555542,11.63594818,32.03328323,-0.00342,-0.099162251,36,37.6,67.9,10.4,0.7,17.8,35,12/19/23,0,A7M,Archival
12/20/23,11.44073868,11.4009285,32.07713699,-0.00114,-0.043453205,36,37.6,67.9,10.4,0.7,17.8,35,12/20/23,0,A7M,Archival
12/21/23,11.1414566,11.1064806,31.92873573,-0.001,-0.011639044,36,37.6,67.9,10.4,0.7,17.8,35,12/21/23,0,A7M,Archival
12/22/23,10.98000813,10.99085236,31.95932579,0.00031,0.02984564,36,37.6,67.9,10.4,0.7,17.8,35,12/22/23,1,A7M,Archival
12/23/23,10.91603184,10.89922619,31.95062065,-0.00048,0.008248358,36,37.6,67.9,10.4,0.7,17.8,35,12/23/23,0,A7M,Archival
12/24/23,10.89343929,10.88891125,31.93135643,-0.00013,-0.021268705,36,37.6,67.9,10.4,0.7,17.8,35,12/24/23,1,A7M,Archival
12/25/23,10.79722118,10.76223087,32.00772476,-0.001,-0.083212517,36,37.6,67.9,10.4,0.7,17.8,35,12/25/23,1,A7M,Archival
12/26/23,10.80817032,10.7719965,32.0428009,-0.00103,-0.033832937,36,37.6,67.9,10.4,0.7,17.8,35,12/26/23,0,A7M,Archival
12/27/23,10.79200745,10.79506397,32.06938171,0.00009,0.053683281,36,37.6,67.9,10.4,0.7,17.8,35,12/27/23,1,A7M,Archival
12/28/23,10.5446558,10.74329853,31.97588158,0.00568,0.155578956,36,37.6,67.9,10.4,0.7,17.8,35,12/28/23,1,A7M,Archival
12/29/23,10.52086544,10.67306805,31.90522766,0.00435,0.146061838,36,37.6,67.9,10.4,0.7,17.8,35,12/29/23,1,A7M,Archival
12/30/23,10.57301235,10.40047359,31.63614845,-0.00493,0.108534992,36,37.6,67.9,10.4,0.7,17.8,35,12/30/23,1,A7M,Archival
12/31/23,10.37740326,10.49303722,31.51808167,0.0033,-0.109670073,36,37.6,67.9,10.4,0.7,17.8,35,12/31/23,1,A7M,Archival
1/1/24,10.43370152,10.2895689,31.60556793,-0.00412,-0.052096963,36,37.6,67.9,10.4,0.7,17.8,35,1/1/24,1,A7M,Archival
1/2/24,10.42806339,10.19967747,31.77108765,-0.00653,0.025323087,36,37.6,67.9,10.4,0.7,17.8,35,1/2/24,1,A7M,Archival
1/3/24,10.30437374,9.777108192,31.37560844,-0.01506,-0.011329215,36,37.6,67.9,10.4,0.7,17.8,35,1/3/24,1,A7M,Archival
1/4/24,10.33612537,9.684746742,31.45148277,-0.01861,0.02484514,36,37.6,67.9,10.4,0.7,17.8,35,1/4/24,1,A7M,Archival
1/5/24,10.23652172,9.77162075,31.8997345,-0.01328,-0.090481706,36,37.6,67.9,10.4,0.7,17.8,35,1/5/24,1,A7M,Archival
1/6/24,9.887963295,9.775338173,31.90900421,-0.00322,-0.06547489,36,37.6,67.9,10.4,0.7,17.8,35,1/6/24,1,A7M,Archival
1/7/24,9.710238457,9.695467949,31.84035492,-0.00042,0.172567204,36,37.6,67.9,10.4,0.7,17.8,35,1/7/24,1,A7M,Archival
1/8/24,9.442088127,9.411669731,31.76525688,-0.00087,-0.040023658,36,37.6,67.9,10.4,0.7,17.8,35,1/8/24,1,A7M,Archival
1/9/24,9.027550697,9.036538124,31.575243,0.00026,0.084301226,36,37.6,67.9,10.4,0.7,17.8,35,1/9/24,1,A7M,Archival
1/10/24,8.980744362,8.979710579,31.50503349,-0.00003,0.170871302,36,37.6,67.9,10.4,0.7,17.8,35,1/10/24,1,A7M,Archival
1/11/24,9.237522125,8.904286385,31.464468,-0.00952,-0.066890888,36,37.6,67.9,10.4,0.7,17.8,35,1/11/24,1,A7M,Archival
1/12/24,9.264456749,9.030688286,31.38439751,-0.00668,-0.071172215,36,37.6,67.9,10.4,0.7,17.8,35,1/12/24,1,A7M,Archival
1/13/24,9.308275223,9.393239021,31.52580452,0.00243,0.172000945,36,37.6,67.9,10.4,0.7,17.8,35,1/13/24,1,A7M,Archival
1/14/24,9.596224785,8.916507721,30.90312386,-0.01942,-0.178902999,36,37.6,67.9,10.4,0.7,17.8,35,1/14/24,1,A7M,Archival
1/15/24,9.576262474,8.599323273,30.95652771,-0.02791,-0.182394639,36,37.6,67.9,10.4,0.7,17.8,35,1/15/24,1,A7M,Archival
1/16/24,9.560203552,8.705620766,31.18582916,-0.02442,0.095070802,36,37.6,67.9,10.4,0.7,17.8,35,1/16/24,1,A7M,Archival
1/17/24,9.502104759,8.436635971,31.35333824,-0.03044,-0.021781549,36,37.6,67.9,10.4,0.7,17.8,35,1/17/24,1,A7M,Archival
1/18/24,9.272416115,7.987045765,31.26548195,-0.03672,-0.278445512,36,37.6,67.9,10.4,0.7,17.8,35,1/18/24,1,A7M,Archival
1/19/24,9.455818176,7.661082745,31.0436554,-0.05128,-0.076444894,36,37.6,67.9,10.4,0.7,17.8,35,1/19/24,0,A7M,Archival
1/20/24,9.490069389,7.664599895,31.25391579,-0.05216,-0.153626665,36,37.6,67.9,10.4,0.7,17.8,35,1/20/24,0,A7M,Archival
1/21/24,9.375230789,7.848203659,31.47866249,-0.04363,-0.254410177,36,37.6,67.9,10.4,0.7,17.8,35,1/21/24,1,A7M,Archival
1/22/24,8.773524284,7.541817188,31.42584419,-0.03519,-0.235370353,36,37.6,67.9,10.4,0.7,17.8,35,1/22/24,1,A7M,Archival
1/23/24,8.859142303,7.029624462,31.0310955,-0.05227,-0.305630535,36,37.6,67.9,10.4,0.7,17.8,35,1/23/24,1,A7M,Archival
1/24/24,8.443618774,6.678734303,30.64710999,-0.05043,-0.2425742,36,37.6,67.9,10.4,0.7,17.8,35,1/24/24,1,A7M,Archival
1/25/24,8.227907181,6.673934937,29.86670494,-0.0444,-0.116874494,36,37.6,67.9,10.4,0.7,17.8,35,1/25/24,1,A7M,Archival
1/26/24,8.31333828,6.524068356,29.3818264,-0.05112,-0.054059897,36,37.6,67.9,10.4,0.7,17.8,35,1/26/24,1,A7M,Archival
1/27/24,8.098589897,6.936762333,29.48980522,-0.0332,0.016928576,36,37.6,67.9,10.4,0.7,17.8,35,1/27/24,1,A7M,Archival
1/28/24,7.723304749,7.448597431,29.87571526,-0.00785,0.19715713,36,37.6,67.9,10.4,0.7,17.8,35,1/28/24,1,A7M,Archival
1/29/24,7.525579453,7.336193562,30.17144966,-0.00541,0.218086004,36,37.6,67.9,10.4,0.7,17.8,35,1/29/24,1,A7M,Archival
1/30/24,7.608634949,7.202448368,31.29574585,-0.01161,0.180124804,36,37.6,67.9,10.4,0.7,17.8,35,1/30/24,1,A7M,Archival
1/31/24,7.31265974,7.056886673,31.34724617,-0.00731,0.183985516,36,37.6,67.9,10.4,0.7,17.8,35,1/31/24,1,A7M,Archival
2/1/24,7.146472454,7.122787476,31.35049629,-0.00068,0.114111565,36,37.6,67.9,10.4,0.7,17.8,35,2/1/24,1,A7M,Archival
2/2/24,7.3306427,7.154895782,31.26754951,-0.00502,0.071591668,36,37.6,67.9,10.4,0.7,17.8,35,2/2/24,0,A7M,Archival
2/3/24,7.225203037,7.062698364,31.31883049,-0.00464,0.12772578,36,37.6,67.9,10.4,0.7,17.8,35,2/3/24,0,A7M,Archival
2/4/24,6.966879368,6.898414135,31.25480461,-0.00196,0.18617864,36,37.6,67.9,10.4,0.7,17.8,35,2/4/24,0,A7M,Archival
2/5/24,6.808432102,6.674528599,31.20353127,-0.00383,0.215941474,36,37.6,67.9,10.4,0.7,17.8,35,2/5/24,0,A7M,Archival
2/6/24,6.683677673,6.561682224,31.42723846,-0.00349,0.257207543,36,37.6,67.9,10.4,0.7,17.8,35,2/6/24,0,A7M,Archival
2/7/24,6.53804636,6.537249088,31.41203308,-0.00002,0.189214408,36,37.6,67.9,10.4,0.7,17.8,35,2/7/24,1,A7M,Archival
2/8/24,6.809099197,6.556171417,31.19538689,-0.00723,0.072623789,36,37.6,67.9,10.4,0.7,17.8,35,2/8/24,0,A7M,Archival
2/9/24,6.966396809,6.531299114,30.79330444,-0.01243,0.047335569,36,37.6,67.9,10.4,0.7,17.8,35,2/9/24,1,A7M,Archival
2/10/24,7.095134735,6.559975147,29.78689766,-0.01529,0.099644043,36,37.6,67.9,10.4,0.7,17.8,35,2/10/24,0,A7M,Archival
2/11/24,7.381344318,6.884232044,28.82561493,-0.0142,0.047482878,36,37.6,67.9,10.4,0.7,17.8,35,2/11/24,0,A7M,Archival
2/12/24,7.425766468,6.926002979,29.01223755,-0.01428,0.056937378,36,37.6,67.9,10.4,0.7,17.8,35,2/12/24,0,A7M,Archival
2/13/24,7.385349274,6.934158802,30.33459282,-0.01289,0.232621729,36,37.6,67.9,10.4,0.7,17.8,35,2/13/24,0,A7M,Archival
2/14/24,6.937138081,6.725678921,31.4832325,-0.00604,0.03670067,36,37.6,67.9,10.4,0.7,17.8,35,2/14/24,1,A7M,Archival
2/15/24,7.016913891,6.801024914,31.73929405,-0.00617,-0.075890996,36,37.6,67.9,10.4,0.7,17.8,35,2/15/24,1,A7M,Archival
2/16/24,7.195770741,6.58159256,31.51487923,-0.01755,-0.042047203,36,37.6,67.9,10.4,0.7,17.8,35,2/16/24,0,A7M,Archival
2/17/24,7.246242523,6.666823864,31.5343914,-0.01655,0.070787273,36,37.6,67.9,10.4,0.7,17.8,35,2/17/24,0,A7M,Archival
2/18/24,7.160900593,6.638682842,31.59298706,-0.01492,-0.039500747,36,37.6,67.9,10.4,0.7,17.8,35,2/18/24,0,A7M,Archival
2/19/24,7.102277279,5.661667347,30.57519531,-0.04116,-0.258805245,36,37.6,67.9,10.4,0.7,17.8,35,2/19/24,0,A7M,Archival
2/20/24,6.566720486,6.135709286,31.13862419,-0.01231,-0.117899455,36,37.6,67.9,10.4,0.7,17.8,35,2/20/24,0,A7M,Archival
2/21/24,6.598752499,6.504982471,31.65790749,-0.00268,-0.060655702,36,37.6,67.9,10.4,0.7,17.8,35,2/21/24,1,A7M,Archival
2/22/24,6.567450047,6.525607586,31.72210121,-0.0012,-0.017475864,36,37.6,67.9,10.4,0.7,17.8,35,2/22/24,0,A7M,Archival
2/23/24,6.343152523,6.452494144,31.14507484,0.00312,0.083203286,36,37.6,67.9,10.4,0.7,17.8,35,2/23/24,0,A7M,Archival
2/24/24,6.428886414,6.235166073,30.43610191,-0.00553,0.087927014,36,37.6,67.9,10.4,0.7,17.8,35,2/24/24,0,A7M,Archival
2/25/24,6.450573444,6.207202435,31.24951363,-0.00695,0.008782697,36,37.6,67.9,10.4,0.7,17.8,35,2/25/24,1,A7M,Archival
2/26/24,6.124214172,6.231606007,31.08433723,0.00307,-0.111935101,36,37.6,67.9,10.4,0.7,17.8,35,2/26/24,0,A7M,Archival
2/27/24,6.163896561,6.168600559,30.19328499,0.00013,-0.084592737,36,37.6,67.9,10.4,0.7,17.8,35,2/27/24,0,A7M,Archival
2/28/24,6.255022049,6.472635746,30.38469505,0.00622,-0.028921483,36,37.6,67.9,10.4,0.7,17.8,35,2/28/24,0,A7M,Archival
2/29/24,6.529479504,6.505245686,31.07605553,-0.00069,-0.323238373,36,37.6,67.9,10.4,0.7,17.8,35,2/29/24,1,A7M,Archival
3/1/24,6.742769718,6.51970911,31.19671059,-0.00637,-0.399057627,36,37.6,67.9,10.4,0.7,17.8,35,3/1/24,0,A7M,Archival
3/2/24,6.914483547,6.784756184,31.10778236,-0.00371,-0.225263298,36,37.6,67.9,10.4,0.7,17.8,35,3/2/24,0,A7M,Archival
3/3/24,7.158214569,7.458471298,31.19548988,0.00858,-0.18914403,36,37.6,67.9,10.4,0.7,17.8,35,3/3/24,0,A7M,Archival
3/4/24,7.141218185,7.488739491,31.12449837,0.00993,-0.222594306,36,37.6,67.9,10.4,0.7,17.8,35,3/4/24,0,A7M,Archival
3/5/24,6.982227325,7.423777103,31.12461662,0.01262,0.000850659,36,37.6,67.9,10.4,0.7,17.8,35,3/5/24,0,A7M,Archival
3/6/24,6.890945911,7.236183167,30.91415405,0.00986,-0.026447803,36,37.6,67.9,10.4,0.7,17.8,35,3/6/24,0,A7M,Archival
3/7/24,6.923406601,7.348293304,30.77212524,0.01214,-0.0087088,36,37.6,67.9,10.4,0.7,17.8,35,3/7/24,1,A7M,Archival
3/8/24,6.844760895,7.3733325,30.80668831,0.0151,0.005291066,36,37.6,67.9,10.4,0.7,17.8,35,3/8/24,1,A7M,Archival
3/9/24,6.921835423,7.434997559,30.82342529,0.01466,0.102203608,36,37.6,67.9,10.4,0.7,17.8,35,3/9/24,1,A7M,Archival
3/10/24,6.991210938,7.461168289,30.90756226,0.01343,0.149072707,36,37.6,67.9,10.4,0.7,17.8,35,3/10/24,1,A7M,Archival
3/11/24,7.171941757,7.217365742,31.0474987,0.0013,-0.266651094,36,37.6,67.9,10.4,0.7,17.8,35,3/11/24,1,A7M,Archival
3/12/24,7.29964304,7.411393642,30.88466072,0.00319,-0.265613705,36,37.6,67.9,10.4,0.7,17.8,35,3/12/24,1,A7M,Archival
3/13/24,7.350720882,7.799851894,30.88555145,0.01283,-0.101385176,36,37.6,67.9,10.4,0.7,17.8,35,3/13/24,0,A7M,Archival
3/14/24,7.405676365,8.251271248,30.80133247,0.02416,-0.009821908,36,37.6,67.9,10.4,0.7,17.8,35,3/14/24,1,A7M,Archival
3/15/24,7.471010208,8.396050453,30.79852295,0.02643,0.016760265,36,37.6,67.9,10.4,0.7,17.8,35,3/15/24,1,A7M,Archival
3/16/24,7.531790257,8.588627815,30.81850433,0.0302,0.054988429,36,37.6,67.9,10.4,0.7,17.8,35,3/16/24,0,A7M,Archival
3/17/24,7.581880569,8.720231056,30.81232452,0.03252,0.105226077,36,37.6,67.9,10.4,0.7,17.8,35,3/17/24,1,A7M,Archival
3/18/24,8.135825157,8.664418221,30.78649712,0.0151,0.0740119,36,37.6,67.9,10.4,0.7,17.8,35,3/18/24,0,A7M,Archival
3/19/24,8.201470375,8.289271355,31.07849693,0.00251,-0.044137284,36,37.6,67.9,10.4,0.7,17.8,35,3/19/24,0,A7M,Archival
3/20/24,8.32181263,8.347625732,30.85296059,0.00074,-0.051290747,36,37.6,67.9,10.4,0.7,17.8,35,3/20/24,1,A7M,Archival
3/21/24,8.457232475,8.195674896,30.56482887,-0.00747,-0.139555469,36,37.6,67.9,10.4,0.7,17.8,35,3/21/24,1,A7M,Archival
3/22/24,8.480091095,8.024657249,30.85245514,-0.01301,-0.282260984,36,37.6,67.9,10.4,0.7,17.8,35,3/22/24,1,A7M,Archival
3/23/24,8.53359127,8.190546989,31.11907387,-0.0098,-0.041559935,36,37.6,67.9,10.4,0.7,17.8,35,3/23/24,1,A7M,Archival
3/24/24,8.842459679,8.128552437,31.19493103,-0.0204,0.003148926,36,37.6,67.9,10.4,0.7,17.8,35,3/24/24,0,A7M,Archival
3/25/24,8.40908432,8.044289589,31.40122223,-0.01042,0.080665581,36,37.6,67.9,10.4,0.7,17.8,35,3/25/24,0,A7M,Archival
3/26/24,7.845371246,7.837920666,31.59963036,-0.00021,0.28473556,36,37.6,67.9,10.4,0.7,17.8,35,3/26/24,1,A7M,Archival
3/27/24,7.63888979,7.697982311,31.40868378,0.00169,0.146453455,36,37.6,67.9,10.4,0.7,17.8,35,3/27/24,0,A7M,Archival
3/28/24,7.642091751,7.704855442,31.38790894,0.00179,0.05326559,36,37.6,67.9,10.4,0.7,17.8,35,3/28/24,0,A7M,Archival
3/29/24,7.680551052,7.7123456,31.40532112,0.00091,0.029533008,36,37.6,67.9,10.4,0.7,17.8,35,3/29/24,0,A7M,Archival
3/30/24,7.81984663,7.963273525,31.39843178,0.0041,-0.089172341,36,37.6,67.9,10.4,0.7,17.8,35,3/30/24,0,A7M,Archival
3/31/24,7.909578323,8.34017849,31.37252998,0.0123,-0.111718982,36,37.6,67.9,10.4,0.7,17.8,35,3/31/24,0,A7M,Archival
4/1/24,7.925410748,8.475431442,31.42802238,0.01571,0.007856444,36,37.6,67.9,10.4,0.7,17.8,35,4/1/24,0,A7M,Archival
4/2/24,7.785551071,8.104009628,31.66888237,0.0091,0.050417762,36,37.6,67.9,10.4,0.7,17.8,35,4/2/24,0,A7M,Archival
4/3/24,7.8548069,8.009879112,31.57234001,0.00443,0.246312872,36,37.6,67.9,10.4,0.7,17.8,35,4/3/24,0,A7M,Archival
4/4/24,8.008131981,8.120642662,31.19062042,0.00321,0.329318225,36,37.6,67.9,10.4,0.7,17.8,35,4/4/24,0,A7M,Archival
4/5/24,7.589025974,8.010837555,30.9207058,0.01205,0.064637452,36,37.6,67.9,10.4,0.7,17.8,35,4/5/24,0,A7M,Archival
4/6/24,7.603609085,7.921527863,30.94709587,0.00908,-0.025884636,36,37.6,67.9,10.4,0.7,17.8,35,4/6/24,0,A7M,Archival
4/7/24,7.62193346,7.924347401,30.98641014,0.00864,0.031764593,36,37.6,67.9,10.4,0.7,17.8,35,4/7/24,0,A7M,Archival
4/8/24,7.685058594,8.02889061,31.04369164,0.00982,-0.001347775,36,37.6,67.9,10.4,0.7,17.8,35,4/8/24,0,A7M,Archival
4/9/24,7.65426302,8.414206505,30.84167671,0.02171,-0.008507275,36,37.6,67.9,10.4,0.7,17.8,35,4/9/24,0,A7M,Archival
4/10/24,7.669336319,9.185149193,30.45437622,0.04331,0.013101731,36,37.6,67.9,10.4,0.7,17.8,35,4/10/24,0,A7M,Archival
4/11/24,7.922745228,9.458039284,28.92593384,0.04387,0.057371587,36,37.6,67.9,10.4,0.7,17.8,35,4/11/24,0,A7M,Archival
4/12/24,7.823377132,9.071570396,29.90603638,0.03566,0.14440304,36,37.6,67.9,10.4,0.7,17.8,35,4/12/24,1,A7M,Archival
4/13/24,7.733400822,9.210408211,30.25787544,0.0422,-0.032578874,36,37.6,67.9,10.4,0.7,17.8,35,4/13/24,0,A7M,Archival
4/14/24,7.508939743,9.399406433,30.37662506,0.05401,-0.124439061,36,37.6,67.9,10.4,0.7,17.8,35,4/14/24,0,A7M,Archival
4/15/24,7.314535618,10.08059883,30.1020565,0.07903,-0.05381896,36,37.6,67.9,10.4,0.7,17.8,35,4/15/24,0,A7M,Archival
4/16/24,7.248503208,10.79661083,30.09366417,0.10137,-0.021533357,36,37.6,67.9,10.4,0.7,17.8,35,4/16/24,1,A7M,Archival
4/17/24,7.604604721,10.87417221,30.0496769,0.09342,-0.053944558,36,37.6,67.9,10.4,0.7,17.8,35,4/17/24,0,A7M,Archival