Date,time,latitude,longitude,sstAnom,Site
5/27/21,2021-05-27T09:00:00Z,38.3,-74.64,1.091,RTWB
5/28/21,2021-05-28T09:00:00Z,38.3,-74.64,1.145,RTWB
5/29/21,2021-05-29T09:00:00Z,38.3,-74.64,0.875,RTWB
5/30/21,2021-05-30T09:00:00Z,38.3,-74.64,0.116,RTWB
5/31/21,2021-05-31T09:00:00Z,38.3,-74.64,-2.292,RTWB
6/1/21,2021-06-01T09:00:00Z,38.3,-74.64,-2.365,RTWB
6/2/21,2021-06-02T09:00:00Z,38.3,-74.64,-2,RTWB
6/3/21,2021-06-03T09:00:00Z,38.3,-74.64,-0.199,RTWB
6/4/21,2021-06-04T09:00:00Z,38.3,-74.64,-0.409,RTWB
6/5/21,2021-06-05T09:00:00Z,38.3,-74.64,-0.556,RTWB
6/6/21,2021-06-06T09:00:00Z,38.3,-74.64,0.113,RTWB
6/7/21,2021-06-07T09:00:00Z,38.3,-74.64,0.284,RTWB
6/8/21,2021-06-08T09:00:00Z,38.3,-74.64,1.239,RTWB
6/9/21,2021-06-09T09:00:00Z,38.3,-74.64,1.415,RTWB
6/10/21,2021-06-10T09:00:00Z,38.3,-74.64,0.355,RTWB
6/11/21,2021-06-11T09:00:00Z,38.3,-74.64,-0.313,RTWB
6/12/21,2021-06-12T09:00:00Z,38.3,-74.64,-0.248,RTWB
6/13/21,2021-06-13T09:00:00Z,38.3,-74.64,-0.227,RTWB
6/14/21,2021-06-14T09:00:00Z,38.3,-74.64,-0.006,RTWB
6/15/21,2021-06-15T09:00:00Z,38.3,-74.64,1.895,RTWB
6/16/21,2021-06-16T09:00:00Z,38.3,-74.64,1.717,RTWB
6/17/21,2021-06-17T09:00:00Z,38.3,-74.64,1.258,RTWB
6/18/21,2021-06-18T09:00:00Z,38.3,-74.64,1.087,RTWB
6/19/21,2021-06-19T09:00:00Z,38.3,-74.64,0.739,RTWB
6/20/21,2021-06-20T09:00:00Z,38.3,-74.64,0.723,RTWB
6/21/21,2021-06-21T09:00:00Z,38.3,-74.64,0.969,RTWB
6/22/21,2021-06-22T09:00:00Z,38.3,-74.64,0.291,RTWB
6/23/21,2021-06-23T09:00:00Z,38.3,-74.64,0.023,RTWB
6/24/21,2021-06-24T09:00:00Z,38.3,-74.64,-0.199,RTWB
6/25/21,2021-06-25T09:00:00Z,38.3,-74.64,-0.624,RTWB
6/26/21,2021-06-26T09:00:00Z,38.3,-74.64,-0.992,RTWB
6/27/21,2021-06-27T09:00:00Z,38.3,-74.64,0.591,RTWB
6/28/21,2021-06-28T09:00:00Z,38.3,-74.64,0.557,RTWB
6/29/21,2021-06-29T09:00:00Z,38.3,-74.64,0.357,RTWB
6/30/21,2021-06-30T09:00:00Z,38.3,-74.64,1.096,RTWB
7/1/21,2021-07-01T09:00:00Z,38.3,-74.64,1.591,RTWB
7/2/21,2021-07-02T09:00:00Z,38.3,-74.64,0.846,RTWB
7/3/21,2021-07-03T09:00:00Z,38.3,-74.64,0.045,RTWB
7/4/21,2021-07-04T09:00:00Z,38.3,-74.64,0.285,RTWB
7/5/21,2021-07-05T09:00:00Z,38.3,-74.64,0.608,RTWB
7/6/21,2021-07-06T09:00:00Z,38.3,-74.64,0.591,RTWB
7/7/21,2021-07-07T09:00:00Z,38.3,-74.64,0.529,RTWB
7/8/21,2021-07-08T09:00:00Z,38.3,-74.64,0.03,RTWB
7/9/21,2021-07-09T09:00:00Z,38.3,-74.64,-0.155,RTWB
7/10/21,2021-07-10T09:00:00Z,38.3,-74.64,-0.677,RTWB
7/11/21,2021-07-11T09:00:00Z,38.3,-74.64,-0.365,RTWB
7/12/21,2021-07-12T09:00:00Z,38.3,-74.64,-0.703,RTWB
7/13/21,2021-07-13T09:00:00Z,38.3,-74.64,-0.994,RTWB
7/14/21,2021-07-14T09:00:00Z,38.3,-74.64,-0.21,RTWB
7/15/21,2021-07-15T09:00:00Z,38.3,-74.64,0.104,RTWB
7/16/21,2021-07-16T09:00:00Z,38.3,-74.64,0.375,RTWB
7/17/21,2021-07-17T09:00:00Z,38.3,-74.64,0.446,RTWB
7/18/21,2021-07-18T09:00:00Z,38.3,-74.64,0.286,RTWB
7/19/21,2021-07-19T09:00:00Z,38.3,-74.64,-0.623,RTWB
7/20/21,2021-07-20T09:00:00Z,38.3,-74.64,-0.587,RTWB
7/21/21,2021-07-21T09:00:00Z,38.3,-74.64,-0.804,RTWB
7/22/21,2021-07-22T09:00:00Z,38.3,-74.64,-0.873,RTWB
7/23/21,2021-07-23T09:00:00Z,38.3,-74.64,-0.702,RTWB
7/24/21,2021-07-24T09:00:00Z,38.3,-74.64,-0.911,RTWB
7/25/21,2021-07-25T09:00:00Z,38.3,-74.64,-1.029,RTWB
7/26/21,2021-07-26T09:00:00Z,38.3,-74.64,-1.128,RTWB
7/27/21,2021-07-27T09:00:00Z,38.3,-74.64,-0.64,RTWB
7/28/21,2021-07-28T09:00:00Z,38.3,-74.64,-0.625,RTWB
7/29/21,2021-07-29T09:00:00Z,38.3,-74.64,-0.529,RTWB
7/30/21,2021-07-30T09:00:00Z,38.3,-74.64,-0.515,RTWB
7/31/21,2021-07-31T09:00:00Z,38.3,-74.64,-0.171,RTWB
8/1/21,2021-08-01T09:00:00Z,38.3,-74.64,-1.046,RTWB
8/2/21,2021-08-02T09:00:00Z,38.3,-74.64,-1.506,RTWB
8/3/21,2021-08-03T09:00:00Z,38.3,-74.64,-1.855,RTWB
8/4/21,2021-08-04T09:00:00Z,38.3,-74.64,-1.995,RTWB
8/5/21,2021-08-05T09:00:00Z,38.3,-74.64,-2.048,RTWB
8/6/21,2021-08-06T09:00:00Z,38.3,-74.64,-1.91,RTWB
8/7/21,2021-08-07T09:00:00Z,38.3,-74.64,-1.823,RTWB
8/8/21,2021-08-08T09:00:00Z,38.3,-74.64,-1.822,RTWB
8/9/21,2021-08-09T09:00:00Z,38.3,-74.64,-1.881,RTWB
8/10/21,2021-08-10T09:00:00Z,38.3,-74.64,-1.623,RTWB
8/11/21,2021-08-11T09:00:00Z,38.3,-74.64,-1.529,RTWB
8/12/21,2021-08-12T09:00:00Z,38.3,-74.64,-1.446,RTWB
8/13/21,2021-08-13T09:00:00Z,38.3,-74.64,-0.294,RTWB
8/14/21,2021-08-14T09:00:00Z,38.3,-74.64,-0.112,RTWB
8/15/21,2021-08-15T09:00:00Z,38.3,-74.64,0.245,RTWB
8/16/21,2021-08-16T09:00:00Z,38.3,-74.64,0.484,RTWB
8/17/21,2021-08-17T09:00:00Z,38.3,-74.64,0.925,RTWB
8/18/21,2021-08-18T09:00:00Z,38.3,-74.64,0.995,RTWB
8/19/21,2021-08-19T09:00:00Z,38.3,-74.64,0.912,RTWB
8/20/21,2021-08-20T09:00:00Z,38.3,-74.64,0.625,RTWB
8/21/21,2021-08-21T09:00:00Z,38.3,-74.64,0.594,RTWB
8/22/21,2021-08-22T09:00:00Z,38.3,-74.64,0.608,RTWB
8/23/21,2021-08-23T09:00:00Z,38.3,-74.64,0.632,RTWB
8/24/21,2021-08-24T09:00:00Z,38.3,-74.64,1.298,RTWB
8/25/21,2021-08-25T09:00:00Z,38.3,-74.64,1.68,RTWB
8/26/21,2021-08-26T09:00:00Z,38.3,-74.64,2.246,RTWB
8/27/21,2021-08-27T09:00:00Z,38.3,-74.64,2.764,RTWB
8/28/21,2021-08-28T09:00:00Z,38.3,-74.64,2.784,RTWB
8/29/21,2021-08-29T09:00:00Z,38.3,-74.64,2.414,RTWB
8/30/21,2021-08-30T09:00:00Z,38.3,-74.64,2.052,RTWB
8/31/21,2021-08-31T09:00:00Z,38.3,-74.64,2.579,RTWB
9/1/21,2021-09-01T09:00:00Z,38.3,-74.64,2.969,RTWB
9/2/21,2021-09-02T09:00:00Z,38.3,-74.64,-0.735,RTWB
9/3/21,2021-09-03T09:00:00Z,38.3,-74.64,-0.654,RTWB
9/4/21,2021-09-04T09:00:00Z,38.3,-74.64,-0.818,RTWB
9/5/21,2021-09-05T09:00:00Z,38.3,-74.64,-1.152,RTWB
9/6/21,2021-09-06T09:00:00Z,38.3,-74.64,-0.606,RTWB
9/7/21,2021-09-07T09:00:00Z,38.3,-74.64,0.054,RTWB
9/8/21,2021-09-08T09:00:00Z,38.3,-74.64,-0.071,RTWB
9/9/21,2021-09-09T09:00:00Z,38.3,-74.64,0.199,RTWB
9/10/21,2021-09-10T09:00:00Z,38.3,-74.64,-0.137,RTWB
9/11/21,2021-09-11T09:00:00Z,38.3,-74.64,-0.264,RTWB
9/12/21,2021-09-12T09:00:00Z,38.3,-74.64,-0.222,RTWB
9/13/21,2021-09-13T09:00:00Z,38.3,-74.64,-0.124,RTWB
9/14/21,2021-09-14T09:00:00Z,38.3,-74.64,0.264,RTWB
9/15/21,2021-09-15T09:00:00Z,38.3,-74.64,0.527,RTWB
9/16/21,2021-09-16T09:00:00Z,38.3,-74.64,0.88,RTWB
9/17/21,2021-09-17T09:00:00Z,38.3,-74.64,1.388,RTWB
9/18/21,2021-09-18T09:00:00Z,38.3,-74.64,1.821,RTWB
9/19/21,2021-09-19T09:00:00Z,38.3,-74.64,2.22,RTWB
9/20/21,2021-09-20T09:00:00Z,38.3,-74.64,2.485,RTWB
9/21/21,2021-09-21T09:00:00Z,38.3,-74.64,2.359,RTWB
9/22/21,2021-09-22T09:00:00Z,38.3,-74.64,1.975,RTWB
9/23/21,2021-09-23T09:00:00Z,38.3,-74.64,1.057,RTWB
9/24/21,2021-09-24T09:00:00Z,38.3,-74.64,1.106,RTWB
9/25/21,2021-09-25T09:00:00Z,38.3,-74.64,1.211,RTWB
9/26/21,2021-09-26T09:00:00Z,38.3,-74.64,1.28,RTWB
9/27/21,2021-09-27T09:00:00Z,38.3,-74.64,1.202,RTWB
9/28/21,2021-09-28T09:00:00Z,38.3,-74.64,0.854,RTWB
9/29/21,2021-09-29T09:00:00Z,38.3,-74.64,0.872,RTWB
9/30/21,2021-09-30T09:00:00Z,38.3,-74.64,1.012,RTWB
10/1/21,2021-10-01T09:00:00Z,38.3,-74.64,0.601,RTWB
10/2/21,2021-10-02T09:00:00Z,38.3,-74.64,0.704,RTWB
10/3/21,2021-10-03T09:00:00Z,38.3,-74.64,1.029,RTWB
10/4/21,2021-10-04T09:00:00Z,38.3,-74.64,1.218,RTWB
10/5/21,2021-10-05T09:00:00Z,38.3,-74.64,1.272,RTWB
10/6/21,2021-10-06T09:00:00Z,38.3,-74.64,1.088,RTWB
10/7/21,2021-10-07T09:00:00Z,38.3,-74.64,0.579,RTWB
10/8/21,2021-10-08T09:00:00Z,38.3,-74.64,0.853,RTWB
10/9/21,2021-10-09T09:00:00Z,38.3,-74.64,0.948,RTWB
10/10/21,2021-10-10T09:00:00Z,38.3,-74.64,1.15,RTWB
10/11/21,2021-10-11T09:00:00Z,38.3,-74.64,0.799,RTWB
10/12/21,2021-10-12T09:00:00Z,38.3,-74.64,0.812,RTWB
10/13/21,2021-10-13T09:00:00Z,38.3,-74.64,0.986,RTWB
10/14/21,2021-10-14T09:00:00Z,38.3,-74.64,1.215,RTWB
10/15/21,2021-10-15T09:00:00Z,38.3,-74.64,1.445,RTWB
10/16/21,2021-10-16T09:00:00Z,38.3,-74.64,1.855,RTWB
10/17/21,2021-10-17T09:00:00Z,38.3,-74.64,1.764,RTWB
10/18/21,2021-10-18T09:00:00Z,38.3,-74.64,1.465,RTWB
10/19/21,2021-10-19T09:00:00Z,38.3,-74.64,1.152,RTWB
10/20/21,2021-10-20T09:00:00Z,38.3,-74.64,1.12,RTWB
10/21/21,2021-10-21T09:00:00Z,38.3,-74.64,1.417,RTWB
10/22/21,2021-10-22T09:00:00Z,38.3,-74.64,1.699,RTWB
10/23/21,2021-10-23T09:00:00Z,38.3,-74.64,1.699,RTWB
10/24/21,2021-10-24T09:00:00Z,38.3,-74.64,1.346,RTWB
10/25/21,2021-10-25T09:00:00Z,38.3,-74.64,1.061,RTWB
10/26/21,2021-10-26T09:00:00Z,38.3,-74.64,1.536,RTWB
10/27/21,2021-10-27T09:00:00Z,38.3,-74.64,1.824,RTWB
10/28/21,2021-10-28T09:00:00Z,38.3,-74.64,1.117,RTWB
10/29/21,2021-10-29T09:00:00Z,38.3,-74.64,1.35,RTWB
10/30/21,2021-10-30T09:00:00Z,38.3,-74.64,1.454,RTWB
10/31/21,2021-10-31T09:00:00Z,38.3,-74.64,2.139,RTWB
11/1/21,2021-11-01T09:00:00Z,38.3,-74.64,2.282,RTWB
11/2/21,2021-11-02T09:00:00Z,38.3,-74.64,2.231,RTWB
11/3/21,2021-11-03T09:00:00Z,38.3,-74.64,2.27,RTWB
11/4/21,2021-11-04T09:00:00Z,38.3,-74.64,2.058,RTWB
11/5/21,2021-11-05T09:00:00Z,38.3,-74.64,0.774,RTWB
11/6/21,2021-11-06T09:00:00Z,38.3,-74.64,1.072,RTWB
11/7/21,2021-11-07T09:00:00Z,38.3,-74.64,1.442,RTWB
11/8/21,2021-11-08T09:00:00Z,38.3,-74.64,1.263,RTWB
11/9/21,2021-11-09T09:00:00Z,38.3,-74.64,1.434,RTWB
11/10/21,2021-11-10T09:00:00Z,38.3,-74.64,1.609,RTWB
11/11/21,2021-11-11T09:00:00Z,38.3,-74.64,1.58,RTWB
11/12/21,2021-11-12T09:00:00Z,38.3,-74.64,1.364,RTWB
11/13/21,2021-11-13T09:00:00Z,38.3,-74.64,1.56,RTWB
11/14/21,2021-11-14T09:00:00Z,38.3,-74.64,1.677,RTWB
11/15/21,2021-11-15T09:00:00Z,38.3,-74.64,1.564,RTWB
11/16/21,2021-11-16T09:00:00Z,38.3,-74.64,1.569,RTWB
11/17/21,2021-11-17T09:00:00Z,38.3,-74.64,1.574,RTWB
11/18/21,2021-11-18T09:00:00Z,38.3,-74.64,1.301,RTWB
11/19/21,2021-11-19T09:00:00Z,38.3,-74.64,1.531,RTWB
11/20/21,2021-11-20T09:00:00Z,38.3,-74.64,1.784,RTWB
11/21/21,2021-11-21T09:00:00Z,38.3,-74.64,2.049,RTWB
11/22/21,2021-11-22T09:00:00Z,38.3,-74.64,0.976,RTWB
11/23/21,2021-11-23T09:00:00Z,38.3,-74.64,0.595,RTWB
11/24/21,2021-11-24T09:00:00Z,38.3,-74.64,1.162,RTWB
11/25/21,2021-11-25T09:00:00Z,38.3,-74.64,1.241,RTWB
11/26/21,2021-11-26T09:00:00Z,38.3,-74.64,1.04,RTWB
11/27/21,2021-11-27T09:00:00Z,38.3,-74.64,0.925,RTWB
11/28/21,2021-11-28T09:00:00Z,38.3,-74.64,0.312,RTWB
11/29/21,2021-11-29T09:00:00Z,38.3,-74.64,-0.416,RTWB
11/30/21,2021-11-30T09:00:00Z,38.3,-74.64,-0.466,RTWB
12/1/21,2021-12-01T09:00:00Z,38.3,-74.64,-0.427,RTWB
12/2/21,2021-12-02T09:00:00Z,38.3,-74.64,-0.337,RTWB
12/3/21,2021-12-03T09:00:00Z,38.3,-74.64,-0.874,RTWB
12/4/21,2021-12-04T09:00:00Z,38.3,-74.64,-0.642,RTWB
12/5/21,2021-12-05T09:00:00Z,38.3,-74.64,-0.594,RTWB
12/6/21,2021-12-06T09:00:00Z,38.3,-74.64,-0.1,RTWB
12/7/21,2021-12-07T09:00:00Z,38.3,-74.64,0.579,RTWB
12/8/21,2021-12-08T09:00:00Z,38.3,-74.64,0.657,RTWB
12/9/21,2021-12-09T09:00:00Z,38.3,-74.64,0.845,RTWB
12/10/21,2021-12-10T09:00:00Z,38.3,-74.64,1.012,RTWB
12/11/21,2021-12-11T09:00:00Z,38.3,-74.64,0.89,RTWB
12/12/21,2021-12-12T09:00:00Z,38.3,-74.64,1.109,RTWB
12/13/21,2021-12-13T09:00:00Z,38.3,-74.64,1.566,RTWB
12/14/21,2021-12-14T09:00:00Z,38.3,-74.64,1.54,RTWB
12/15/21,2021-12-15T09:00:00Z,38.3,-74.64,1.624,RTWB
12/16/21,2021-12-16T09:00:00Z,38.3,-74.64,1.687,RTWB
12/17/21,2021-12-17T09:00:00Z,38.3,-74.64,1.696,RTWB
12/18/21,2021-12-18T09:00:00Z,38.3,-74.64,1.452,RTWB
12/19/21,2021-12-19T09:00:00Z,38.3,-74.64,1.142,RTWB
12/20/21,2021-12-20T09:00:00Z,38.3,-74.64,0.733,RTWB
12/21/21,2021-12-21T09:00:00Z,38.3,-74.64,0.446,RTWB
12/22/21,2021-12-22T09:00:00Z,38.3,-74.64,1.256,RTWB
12/23/21,2021-12-23T09:00:00Z,38.3,-74.64,1.597,RTWB
12/24/21,2021-12-24T09:00:00Z,38.3,-74.64,1.859,RTWB
12/25/21,2021-12-25T09:00:00Z,38.3,-74.64,1.997,RTWB
12/26/21,2021-12-26T09:00:00Z,38.3,-74.64,2.153,RTWB
12/27/21,2021-12-27T09:00:00Z,38.3,-74.64,2.175,RTWB
12/28/21,2021-12-28T09:00:00Z,38.3,-74.64,2.121,RTWB
12/29/21,2021-12-29T09:00:00Z,38.3,-74.64,2.173,RTWB
12/30/21,2021-12-30T09:00:00Z,38.3,-74.64,1.675,RTWB
12/31/21,2021-12-31T09:00:00Z,38.3,-74.64,1.9,RTWB
1/1/22,2022-01-01T09:00:00Z,38.3,-74.64,1.943,RTWB
1/2/22,2022-01-02T09:00:00Z,38.3,-74.64,2.741,RTWB
1/3/22,2022-01-03T09:00:00Z,38.3,-74.64,2.725,RTWB
1/4/22,2022-01-04T09:00:00Z,38.3,-74.64,2.253,RTWB
1/5/22,2022-01-05T09:00:00Z,38.3,-74.64,2.154,RTWB
1/6/22,2022-01-06T09:00:00Z,38.3,-74.64,2.144,RTWB
1/7/22,2022-01-07T09:00:00Z,38.3,-74.64,2.159,RTWB
1/8/22,2022-01-08T09:00:00Z,38.3,-74.64,2.159,RTWB
1/9/22,2022-01-09T09:00:00Z,38.3,-74.64,1.729,RTWB
1/10/22,2022-01-10T09:00:00Z,38.3,-74.64,0.833,RTWB
1/11/22,2022-01-11T09:00:00Z,38.3,-74.64,1.417,RTWB
1/12/22,2022-01-12T09:00:00Z,38.3,-74.64,1.676,RTWB
1/13/22,2022-01-13T09:00:00Z,38.3,-74.64,1.458,RTWB
1/14/22,2022-01-14T09:00:00Z,38.3,-74.64,1.085,RTWB
1/15/22,2022-01-15T09:00:00Z,38.3,-74.64,1.169,RTWB
1/16/22,2022-01-16T09:00:00Z,38.3,-74.64,1.525,RTWB
1/17/22,2022-01-17T09:00:00Z,38.3,-74.64,1.747,RTWB
1/18/22,2022-01-18T09:00:00Z,38.3,-74.64,0.78,RTWB
1/19/22,2022-01-19T09:00:00Z,38.3,-74.64,0.87,RTWB
1/20/22,2022-01-20T09:00:00Z,38.3,-74.64,0.699,RTWB
1/21/22,2022-01-21T09:00:00Z,38.3,-74.64,0.758,RTWB
1/22/22,2022-01-22T09:00:00Z,38.3,-74.64,1.004,RTWB
1/23/22,2022-01-23T09:00:00Z,38.3,-74.64,1.09,RTWB
1/24/22,2022-01-24T09:00:00Z,38.3,-74.64,1.166,RTWB
1/25/22,2022-01-25T09:00:00Z,38.3,-74.64,1.44,RTWB
1/26/22,2022-01-26T09:00:00Z,38.3,-74.64,1.529,RTWB
1/27/22,2022-01-27T09:00:00Z,38.3,-74.64,1.603,RTWB
1/28/22,2022-01-28T09:00:00Z,38.3,-74.64,1.117,RTWB
1/29/22,2022-01-29T09:00:00Z,38.3,-74.64,0.752,RTWB
1/31/22,2022-01-31T09:00:00Z,38.3,-74.64,0.412,RTWB
2/1/22,2022-02-01T09:00:00Z,38.3,-74.64,0.408,RTWB
2/2/22,2022-02-02T09:00:00Z,38.3,-74.64,0.445,RTWB
2/3/22,2022-02-03T09:00:00Z,38.3,-74.64,0.353,RTWB
2/4/22,2022-02-04T09:00:00Z,38.3,-74.64,0.142,RTWB
2/5/22,2022-02-05T09:00:00Z,38.3,-74.64,-0.251,RTWB
2/6/22,2022-02-06T09:00:00Z,38.3,-74.64,0.305,RTWB
2/7/22,2022-02-07T09:00:00Z,38.3,-74.64,0.37,RTWB
2/8/22,2022-02-08T09:00:00Z,38.3,-74.64,0.186,RTWB
2/9/22,2022-02-09T09:00:00Z,38.3,-74.64,0.337,RTWB
2/10/22,2022-02-10T09:00:00Z,38.3,-74.64,0.27,RTWB
2/11/22,2022-02-11T09:00:00Z,38.3,-74.64,-0.034,RTWB
2/12/22,2022-02-12T09:00:00Z,38.3,-74.64,0.079,RTWB
2/13/22,2022-02-13T09:00:00Z,38.3,-74.64,0.775,RTWB
2/14/22,2022-02-14T09:00:00Z,38.3,-74.64,0.757,RTWB
2/15/22,2022-02-15T09:00:00Z,38.3,-74.64,0.991,RTWB
2/16/22,2022-02-16T09:00:00Z,38.3,-74.64,0.903,RTWB
2/17/22,2022-02-17T09:00:00Z,38.3,-74.64,0.75,RTWB
2/18/22,2022-02-18T09:00:00Z,38.3,-74.64,0.852,RTWB
2/19/22,2022-02-19T09:00:00Z,38.3,-74.64,0.386,RTWB
2/20/22,2022-02-20T09:00:00Z,38.3,-74.64,0.188,RTWB
2/21/22,2022-02-21T09:00:00Z,38.3,-74.64,0.846,RTWB
2/22/22,2022-02-22T09:00:00Z,38.3,-74.64,0.959,RTWB
2/23/22,2022-02-23T09:00:00Z,38.3,-74.64,0.809,RTWB
2/24/22,2022-02-24T09:00:00Z,38.3,-74.64,0.696,RTWB
2/25/22,2022-02-25T09:00:00Z,38.3,-74.64,0.629,RTWB
2/26/22,2022-02-26T09:00:00Z,38.3,-74.64,0.605,RTWB
2/27/22,2022-02-27T09:00:00Z,38.3,-74.64,0.953,RTWB
2/28/22,2022-02-28T09:00:00Z,38.3,-74.64,1.265,RTWB
3/1/22,2022-03-01T09:00:00Z,38.3,-74.64,1.699,RTWB
3/2/22,2022-03-02T09:00:00Z,38.3,-74.64,2.119,RTWB
3/3/22,2022-03-03T09:00:00Z,38.3,-74.64,2.059,RTWB
3/4/22,2022-03-04T09:00:00Z,38.3,-74.64,1.993,RTWB
3/5/22,2022-03-05T09:00:00Z,38.3,-74.64,2.049,RTWB
3/6/22,2022-03-06T09:00:00Z,38.3,-74.64,2.004,RTWB
3/7/22,2022-03-07T09:00:00Z,38.3,-74.64,1.738,RTWB
3/8/22,2022-03-08T09:00:00Z,38.3,-74.64,1.25,RTWB
3/9/22,2022-03-09T09:00:00Z,38.3,-74.64,1.327,RTWB
3/10/22,2022-03-10T09:00:00Z,38.3,-74.64,1.911,RTWB
3/11/22,2022-03-11T09:00:00Z,38.3,-74.64,1.891,RTWB
3/12/22,2022-03-12T09:00:00Z,38.3,-74.64,1.816,RTWB
3/13/22,2022-03-13T09:00:00Z,38.3,-74.64,1.59,RTWB
3/17/22,2022-03-17T09:00:00Z,38.3,-74.64,1.65,RTWB
3/18/22,2022-03-18T09:00:00Z,38.3,-74.64,1.943,RTWB
3/19/22,2022-03-19T09:00:00Z,38.3,-74.64,2.516,RTWB
3/20/22,2022-03-20T09:00:00Z,38.3,-74.64,2.77,RTWB
3/21/22,2022-03-21T09:00:00Z,38.3,-74.64,2.81,RTWB
3/22/22,2022-03-22T09:00:00Z,38.3,-74.64,2.787,RTWB
3/24/22,2022-03-24T09:00:00Z,38.3,-74.64,2.432,RTWB
3/25/22,2022-03-25T09:00:00Z,38.3,-74.64,2.256,RTWB
3/26/22,2022-03-26T09:00:00Z,38.3,-74.64,2.334,RTWB
3/27/22,2022-03-27T09:00:00Z,38.3,-74.64,2.289,RTWB
3/28/22,2022-03-28T09:00:00Z,38.3,-74.64,1.749,RTWB
3/29/22,2022-03-29T09:00:00Z,38.3,-74.64,1.019,RTWB
3/30/22,2022-03-30T09:00:00Z,38.3,-74.64,1.005,RTWB
3/31/22,2022-03-31T09:00:00Z,38.3,-74.64,0.999,RTWB
4/1/22,2022-04-01T09:00:00Z,38.3,-74.64,1.704,RTWB
4/2/22,2022-04-02T09:00:00Z,38.3,-74.64,1.683,RTWB
4/3/22,2022-04-03T09:00:00Z,38.3,-74.64,1.466,RTWB
4/4/22,2022-04-04T09:00:00Z,38.3,-74.64,1.438,RTWB
4/5/22,2022-04-05T09:00:00Z,38.3,-74.64,0.839,RTWB
4/6/22,2022-04-06T09:00:00Z,38.3,-74.64,0.728,RTWB
4/7/22,2022-04-07T09:00:00Z,38.3,-74.64,0.677,RTWB
4/8/22,2022-04-08T09:00:00Z,38.3,-74.64,0.822,RTWB
4/9/22,2022-04-09T09:00:00Z,38.3,-74.64,0.679,RTWB
4/10/22,2022-04-10T09:00:00Z,38.3,-74.64,0.348,RTWB
4/11/22,2022-04-11T09:00:00Z,38.3,-74.64,0.625,RTWB
4/12/22,2022-04-12T09:00:00Z,38.3,-74.64,0.605,RTWB
4/13/22,2022-04-13T09:00:00Z,38.3,-74.64,0.608,RTWB
4/14/22,2022-04-14T09:00:00Z,38.3,-74.64,1.581,RTWB
4/15/22,2022-04-15T09:00:00Z,38.3,-74.64,1.668,RTWB
4/16/22,2022-04-16T09:00:00Z,38.3,-74.64,1.641,RTWB
4/17/22,2022-04-17T09:00:00Z,38.3,-74.64,1.67,RTWB
4/18/22,2022-04-18T09:00:00Z,38.3,-74.64,1.516,RTWB
4/19/22,2022-04-19T09:00:00Z,38.3,-74.64,0.619,RTWB
4/20/22,2022-04-20T09:00:00Z,38.3,-74.64,0.369,RTWB
4/21/22,2022-04-21T09:00:00Z,38.3,-74.64,0.521,RTWB
4/22/22,2022-04-22T09:00:00Z,38.3,-74.64,0.581,RTWB
4/23/22,2022-04-23T09:00:00Z,38.3,-74.64,0.413,RTWB
4/24/22,2022-04-24T09:00:00Z,38.3,-74.64,0.499,RTWB
4/25/22,2022-04-25T09:00:00Z,38.3,-74.64,0.678,RTWB
4/26/22,2022-04-26T09:00:00Z,38.3,-74.64,0.507,RTWB
4/27/22,2022-04-27T09:00:00Z,38.3,-74.64,0.078,RTWB
4/28/22,2022-04-28T09:00:00Z,38.3,-74.64,-0.556,RTWB
4/29/22,2022-04-29T09:00:00Z,38.3,-74.64,-1.098,RTWB
4/30/22,2022-04-30T09:00:00Z,38.3,-74.64,-0.966,RTWB
5/1/22,2022-05-01T09:00:00Z,38.3,-74.64,-0.092,RTWB
5/2/22,2022-05-02T09:00:00Z,38.3,-74.64,1.101,RTWB
5/3/22,2022-05-03T09:00:00Z,38.3,-74.64,1.126,RTWB
5/4/22,2022-05-04T09:00:00Z,38.3,-74.64,0.878,RTWB
5/5/22,2022-05-05T09:00:00Z,38.3,-74.64,0.705,RTWB
5/6/22,2022-05-06T09:00:00Z,38.3,-74.64,0.475,RTWB
5/7/22,2022-05-07T09:00:00Z,38.3,-74.64,0.439,RTWB
5/8/22,2022-05-08T09:00:00Z,38.3,-74.64,-0.348,RTWB
5/9/22,2022-05-09T09:00:00Z,38.3,-74.64,-1.519,RTWB
5/10/22,2022-05-10T09:00:00Z,38.3,-74.64,-2.036,RTWB
5/11/22,2022-05-11T09:00:00Z,38.3,-74.64,-2.618,RTWB
5/12/22,2022-05-12T09:00:00Z,38.3,-74.64,-2.756,RTWB
5/13/22,2022-05-13T09:00:00Z,38.3,-74.64,-2.229,RTWB
5/14/22,2022-05-14T09:00:00Z,38.3,-74.64,-1.842,RTWB
5/15/22,2022-05-15T09:00:00Z,38.3,-74.64,-0.449,RTWB
5/16/22,2022-05-16T09:00:00Z,38.3,-74.64,0.278,RTWB
5/17/22,2022-05-17T09:00:00Z,38.3,-74.64,0.218,RTWB
5/18/22,2022-05-18T09:00:00Z,38.3,-74.64,0.257,RTWB
5/19/22,2022-05-19T09:00:00Z,38.3,-74.64,-0.05,RTWB
5/20/22,2022-05-20T09:00:00Z,38.3,-74.64,-0.461,RTWB
5/21/22,2022-05-21T09:00:00Z,38.3,-74.64,1.199,RTWB
5/22/22,2022-05-22T09:00:00Z,38.3,-74.64,0.862,RTWB
5/23/22,2022-05-23T09:00:00Z,38.3,-74.64,0.675,RTWB
5/24/22,2022-05-24T09:00:00Z,38.3,-74.64,0.51,RTWB
5/25/22,2022-05-25T09:00:00Z,38.3,-74.64,-0.566,RTWB
5/26/22,2022-05-26T09:00:00Z,38.3,-74.64,-1.262,RTWB
5/27/22,2022-05-27T09:00:00Z,38.3,-74.64,1.183,RTWB
5/28/22,2022-05-28T09:00:00Z,38.3,-74.64,1.064,RTWB
5/29/22,2022-05-29T09:00:00Z,38.3,-74.64,1.283,RTWB
5/30/22,2022-05-30T09:00:00Z,38.3,-74.64,1.547,RTWB
5/31/22,2022-05-31T09:00:00Z,38.3,-74.64,1.344,RTWB
6/1/22,2022-06-01T09:00:00Z,38.3,-74.64,1.522,RTWB
6/2/22,2022-06-02T09:00:00Z,38.3,-74.64,2.432,RTWB
6/3/22,2022-06-03T09:00:00Z,38.3,-74.64,2.643,RTWB
6/4/22,2022-06-04T09:00:00Z,38.3,-74.64,2.498,RTWB
6/5/22,2022-06-05T09:00:00Z,38.3,-74.64,2.312,RTWB
6/6/22,2022-06-06T09:00:00Z,38.3,-74.64,2.132,RTWB
6/7/22,2022-06-07T09:00:00Z,38.3,-74.64,0.72,RTWB
6/8/22,2022-06-08T09:00:00Z,38.3,-74.64,1.878,RTWB
6/9/22,2022-06-09T09:00:00Z,38.3,-74.64,1.858,RTWB
6/10/22,2022-06-10T09:00:00Z,38.3,-74.64,1.29,RTWB
6/11/22,2022-06-11T09:00:00Z,38.3,-74.64,0.765,RTWB
6/12/22,2022-06-12T09:00:00Z,38.3,-74.64,0.829,RTWB
6/13/22,2022-06-13T09:00:00Z,38.3,-74.64,1.525,RTWB
6/14/22,2022-06-14T09:00:00Z,38.3,-74.64,1.61,RTWB
6/15/22,2022-06-15T09:00:00Z,38.3,-74.64,1.815,RTWB
6/16/22,2022-06-16T09:00:00Z,38.3,-74.64,1.399,RTWB
6/17/22,2022-06-17T09:00:00Z,38.3,-74.64,1.188,RTWB
6/18/22,2022-06-18T09:00:00Z,38.3,-74.64,0.818,RTWB
6/19/22,2022-06-19T09:00:00Z,38.3,-74.64,0.411,RTWB
6/20/22,2022-06-20T09:00:00Z,38.3,-74.64,0.191,RTWB
6/21/22,2022-06-21T09:00:00Z,38.3,-74.64,-1.229,RTWB
6/22/22,2022-06-22T09:00:00Z,38.3,-74.64,-1.58,RTWB
6/23/22,2022-06-23T09:00:00Z,38.3,-74.64,-1.665,RTWB
6/24/22,2022-06-24T09:00:00Z,38.3,-74.64,-1.891,RTWB
6/25/22,2022-06-25T09:00:00Z,38.3,-74.64,-1.489,RTWB
6/26/22,2022-06-26T09:00:00Z,38.3,-74.64,-1.499,RTWB
6/27/22,2022-06-27T09:00:00Z,38.3,-74.64,-1.408,RTWB
6/28/22,2022-06-28T09:00:00Z,38.3,-74.64,-0.377,RTWB
6/29/22,2022-06-29T09:00:00Z,38.3,-74.64,-0.315,RTWB
6/30/22,2022-06-30T09:00:00Z,38.3,-74.64,-0.448,RTWB
7/1/22,2022-07-01T09:00:00Z,38.3,-74.64,-0.151,RTWB
7/2/22,2022-07-02T09:00:00Z,38.3,-74.64,-0.242,RTWB
7/3/22,2022-07-03T09:00:00Z,38.3,-74.64,-0.032,RTWB
7/4/22,2022-07-04T09:00:00Z,38.3,-74.64,-0.147,RTWB
7/5/22,2022-07-05T09:00:00Z,38.3,-74.64,0.06,RTWB
7/6/22,2022-07-06T09:00:00Z,38.3,-74.64,0.337,RTWB
7/7/22,2022-07-07T09:00:00Z,38.3,-74.64,0.391,RTWB
7/8/22,2022-07-08T09:00:00Z,38.3,-74.64,0.461,RTWB
7/9/22,2022-07-09T09:00:00Z,38.3,-74.64,0.514,RTWB
7/10/22,2022-07-10T09:00:00Z,38.3,-74.64,0.283,RTWB
7/11/22,2022-07-11T09:00:00Z,38.3,-74.64,0.251,RTWB
7/12/22,2022-07-12T09:00:00Z,38.3,-74.64,0.123,RTWB
7/13/22,2022-07-13T09:00:00Z,38.3,-74.64,-0.131,RTWB
7/14/22,2022-07-14T09:00:00Z,38.3,-74.64,0.42,RTWB
7/15/22,2022-07-15T09:00:00Z,38.3,-74.64,-0.015,RTWB
7/16/22,2022-07-16T09:00:00Z,38.3,-74.64,-0.254,RTWB
7/17/22,2022-07-17T09:00:00Z,38.3,-74.64,-0.15,RTWB
7/18/22,2022-07-18T09:00:00Z,38.3,-74.64,0.295,RTWB
7/19/22,2022-07-19T09:00:00Z,38.3,-74.64,0.224,RTWB
7/20/22,2022-07-20T09:00:00Z,38.3,-74.64,1.169,RTWB
7/21/22,2022-07-21T09:00:00Z,38.3,-74.64,1.374,RTWB
7/22/22,2022-07-22T09:00:00Z,38.3,-74.64,1.286,RTWB
7/23/22,2022-07-23T09:00:00Z,38.3,-74.64,1.577,RTWB
7/24/22,2022-07-24T09:00:00Z,38.3,-74.64,1.44,RTWB
7/25/22,2022-07-25T09:00:00Z,38.3,-74.64,0.971,RTWB
7/26/22,2022-07-26T09:00:00Z,38.3,-74.64,1.086,RTWB
7/27/22,2022-07-27T09:00:00Z,38.3,-74.64,1.247,RTWB
7/28/22,2022-07-28T09:00:00Z,38.3,-74.64,-0.337,RTWB
7/29/22,2022-07-29T09:00:00Z,38.3,-74.64,-0.015,RTWB
7/30/22,2022-07-30T09:00:00Z,38.3,-74.64,-0.102,RTWB
7/31/22,2022-07-31T09:00:00Z,38.3,-74.64,-0.199,RTWB
8/1/22,2022-08-01T09:00:00Z,38.3,-74.64,-0.279,RTWB
8/2/22,2022-08-02T09:00:00Z,38.3,-74.64,0.231,RTWB
8/3/22,2022-08-03T09:00:00Z,38.3,-74.64,0.513,RTWB
8/4/22,2022-08-04T09:00:00Z,38.3,-74.64,0.39,RTWB
8/5/22,2022-08-05T09:00:00Z,38.3,-74.64,0.359,RTWB
8/6/22,2022-08-06T09:00:00Z,38.3,-74.64,0.578,RTWB
8/7/22,2022-08-07T09:00:00Z,38.3,-74.64,0.799,RTWB
8/8/22,2022-08-08T09:00:00Z,38.3,-74.64,0.887,RTWB
8/9/22,2022-08-09T09:00:00Z,38.3,-74.64,0.17,RTWB
8/10/22,2022-08-10T09:00:00Z,38.3,-74.64,-0.379,RTWB
8/11/22,2022-08-11T09:00:00Z,38.3,-74.64,-0.762,RTWB
8/12/22,2022-08-12T09:00:00Z,38.3,-74.64,-1.187,RTWB
8/13/22,2022-08-13T09:00:00Z,38.3,-74.64,-1.296,RTWB
8/14/22,2022-08-14T09:00:00Z,38.3,-74.64,-1.035,RTWB
8/15/22,2022-08-15T09:00:00Z,38.3,-74.64,-0.182,RTWB
8/16/22,2022-08-16T09:00:00Z,38.3,-74.64,0.616,RTWB
8/17/22,2022-08-17T09:00:00Z,38.3,-74.64,0.442,RTWB
8/18/22,2022-08-18T09:00:00Z,38.3,-74.64,-0.299,RTWB
8/19/22,2022-08-19T09:00:00Z,38.3,-74.64,-0.651,RTWB
8/20/22,2022-08-20T09:00:00Z,38.3,-74.64,-0.477,RTWB
8/21/22,2022-08-21T09:00:00Z,38.3,-74.64,0.469,RTWB
8/22/22,2022-08-22T09:00:00Z,38.3,-74.64,0.32,RTWB
8/23/22,2022-08-23T09:00:00Z,38.3,-74.64,-0.158,RTWB
8/24/22,2022-08-24T09:00:00Z,38.3,-74.64,-0.06,RTWB
8/25/22,2022-08-25T09:00:00Z,38.3,-74.64,0.409,RTWB
8/26/22,2022-08-26T09:00:00Z,38.3,-74.64,0.798,RTWB
8/27/22,2022-08-27T09:00:00Z,38.3,-74.64,0.736,RTWB
8/28/22,2022-08-28T09:00:00Z,38.3,-74.64,1.163,RTWB
8/29/22,2022-08-29T09:00:00Z,38.3,-74.64,1.27,RTWB
8/30/22,2022-08-30T09:00:00Z,38.3,-74.64,1.078,RTWB
8/31/22,2022-08-31T09:00:00Z,38.3,-74.64,0.503,RTWB
9/1/22,2022-09-01T09:00:00Z,38.3,-74.64,0.69,RTWB
9/2/22,2022-09-02T09:00:00Z,38.3,-74.64,0.459,RTWB
9/3/22,2022-09-03T09:00:00Z,38.3,-74.64,0.986,RTWB
9/4/22,2022-09-04T09:00:00Z,38.3,-74.64,1.822,RTWB
9/5/22,2022-09-05T09:00:00Z,38.3,-74.64,2.087,RTWB
9/6/22,2022-09-06T09:00:00Z,38.3,-74.64,1.397,RTWB
9/7/22,2022-09-07T09:00:00Z,38.3,-74.64,1.209,RTWB
9/8/22,2022-09-08T09:00:00Z,38.3,-74.64,0.365,RTWB
9/9/22,2022-09-09T09:00:00Z,38.3,-74.64,0.717,RTWB
9/10/22,2022-09-10T09:00:00Z,38.3,-74.64,0.181,RTWB
9/11/22,2022-09-11T09:00:00Z,38.3,-74.64,0.311,RTWB
9/12/22,2022-09-12T09:00:00Z,38.3,-74.64,0.65,RTWB
9/13/22,2022-09-13T09:00:00Z,38.3,-74.64,0.795,RTWB
9/14/22,2022-09-14T09:00:00Z,38.3,-74.64,0.827,RTWB
9/15/22,2022-09-15T09:00:00Z,38.3,-74.64,0.949,RTWB
9/16/22,2022-09-16T09:00:00Z,38.3,-74.64,1.165,RTWB
9/17/22,2022-09-17T09:00:00Z,38.3,-74.64,1.086,RTWB
9/18/22,2022-09-18T09:00:00Z,38.3,-74.64,1.783,RTWB
9/19/22,2022-09-19T09:00:00Z,38.3,-74.64,2.127,RTWB
9/20/22,2022-09-20T09:00:00Z,38.3,-74.64,2.559,RTWB
9/21/22,2022-09-21T09:00:00Z,38.3,-74.64,2.553,RTWB
9/22/22,2022-09-22T09:00:00Z,38.3,-74.64,2.504,RTWB
9/23/22,2022-09-23T09:00:00Z,38.3,-74.64,2.077,RTWB
9/24/22,2022-09-24T09:00:00Z,38.3,-74.64,0.606,RTWB
9/25/22,2022-09-25T09:00:00Z,38.3,-74.64,0.455,RTWB
9/26/22,2022-09-26T09:00:00Z,38.3,-74.64,0.953,RTWB
9/27/22,2022-09-27T09:00:00Z,38.3,-74.64,0.944,RTWB
9/28/22,2022-09-28T09:00:00Z,38.3,-74.64,0.731,RTWB
9/29/22,2022-09-29T09:00:00Z,38.3,-74.64,0.923,RTWB
9/30/22,2022-09-30T09:00:00Z,38.3,-74.64,0.852,RTWB
10/1/22,2022-10-01T09:00:00Z,38.3,-74.64,-0.567,RTWB
10/2/22,2022-10-02T09:00:00Z,38.3,-74.64,-0.784,RTWB
10/3/22,2022-10-03T09:00:00Z,38.3,-74.64,-0.668,RTWB
10/4/22,2022-10-04T09:00:00Z,38.3,-74.64,-0.557,RTWB
10/5/22,2022-10-05T09:00:00Z,38.3,-74.64,-1.649,RTWB
10/6/22,2022-10-06T09:00:00Z,38.3,-74.64,-1.649,RTWB
10/7/22,2022-10-07T09:00:00Z,38.3,-74.64,-1.555,RTWB
10/8/22,2022-10-08T09:00:00Z,38.3,-74.64,-1.595,RTWB
10/9/22,2022-10-09T09:00:00Z,38.3,-74.64,-1.826,RTWB
10/10/22,2022-10-10T09:00:00Z,38.3,-74.64,-1.593,RTWB
10/11/22,2022-10-11T09:00:00Z,38.3,-74.64,-1.468,RTWB
10/12/22,2022-10-12T09:00:00Z,38.3,-74.64,-1.278,RTWB
10/13/22,2022-10-13T09:00:00Z,38.3,-74.64,-1.103,RTWB
10/14/22,2022-10-14T09:00:00Z,38.3,-74.64,-0.734,RTWB
10/15/22,2022-10-15T09:00:00Z,38.3,-74.64,-0.666,RTWB
10/16/22,2022-10-16T09:00:00Z,38.3,-74.64,-0.769,RTWB
10/17/22,2022-10-17T09:00:00Z,38.3,-74.64,-0.961,RTWB
10/18/22,2022-10-18T09:00:00Z,38.3,-74.64,-1.031,RTWB
10/19/22,2022-10-19T09:00:00Z,38.3,-74.64,-0.841,RTWB
10/20/22,2022-10-20T09:00:00Z,38.3,-74.64,-1.009,RTWB
10/21/22,2022-10-21T09:00:00Z,38.3,-74.64,-0.933,RTWB
10/22/22,2022-10-22T09:00:00Z,38.3,-74.64,-0.586,RTWB
10/23/22,2022-10-23T09:00:00Z,38.3,-74.64,-0.478,RTWB
10/24/22,2022-10-24T09:00:00Z,38.3,-74.64,-0.193,RTWB
10/25/22,2022-10-25T09:00:00Z,38.3,-74.64,-0.026,RTWB
10/26/22,2022-10-26T09:00:00Z,38.3,-74.64,-0.031,RTWB
10/27/22,2022-10-27T09:00:00Z,38.3,-74.64,0.004,RTWB
10/28/22,2022-10-28T09:00:00Z,38.3,-74.64,0.189,RTWB
10/29/22,2022-10-29T09:00:00Z,38.3,-74.64,0.483,RTWB
10/30/22,2022-10-30T09:00:00Z,38.3,-74.64,0.258,RTWB
10/31/22,2022-10-31T09:00:00Z,38.3,-74.64,0.477,RTWB
11/1/22,2022-11-01T09:00:00Z,38.3,-74.64,0.836,RTWB
11/2/22,2022-11-02T09:00:00Z,38.3,-74.64,1.012,RTWB
11/3/22,2022-11-03T09:00:00Z,38.3,-74.64,0.877,RTWB
11/4/22,2022-11-04T09:00:00Z,38.3,-74.64,0.83,RTWB
11/5/22,2022-11-05T09:00:00Z,38.3,-74.64,1.068,RTWB
11/6/22,2022-11-06T09:00:00Z,38.3,-74.64,2.043,RTWB
11/7/22,2022-11-07T09:00:00Z,38.3,-74.64,2.254,RTWB
11/8/22,2022-11-08T09:00:00Z,38.3,-74.64,2.11,RTWB
11/10/22,2022-11-10T09:00:00Z,38.3,-74.64,1.973,RTWB
11/11/22,2022-11-11T09:00:00Z,38.3,-74.64,2.063,RTWB
11/12/22,2022-11-12T09:00:00Z,38.3,-74.64,2.08,RTWB
11/13/22,2022-11-13T09:00:00Z,38.3,-74.64,2.248,RTWB
11/14/22,2022-11-14T09:00:00Z,38.3,-74.64,2.22,RTWB
11/15/22,2022-11-15T09:00:00Z,38.3,-74.64,2.479,RTWB
11/16/22,2022-11-16T09:00:00Z,38.3,-74.64,1.766,RTWB
11/17/22,2022-11-17T09:00:00Z,38.3,-74.64,1.707,RTWB
11/18/22,2022-11-18T09:00:00Z,38.3,-74.64,1.722,RTWB
11/19/22,2022-11-19T09:00:00Z,38.3,-74.64,1.783,RTWB
11/20/22,2022-11-20T09:00:00Z,38.3,-74.64,0.969,RTWB
11/21/22,2022-11-21T09:00:00Z,38.3,-74.64,1.247,RTWB
11/22/22,2022-11-22T09:00:00Z,38.3,-74.64,1.019,RTWB
11/23/22,2022-11-23T09:00:00Z,38.3,-74.64,1.103,RTWB
11/24/22,2022-11-24T09:00:00Z,38.3,-74.64,1.578,RTWB
11/25/22,2022-11-25T09:00:00Z,38.3,-74.64,1.439,RTWB
11/26/22,2022-11-26T09:00:00Z,38.3,-74.64,1.489,RTWB
11/27/22,2022-11-27T09:00:00Z,38.3,-74.64,1.655,RTWB
11/28/22,2022-11-28T09:00:00Z,38.3,-74.64,1.461,RTWB
11/29/22,2022-11-29T09:00:00Z,38.3,-74.64,1.773,RTWB
11/30/22,2022-11-30T09:00:00Z,38.3,-74.64,1.56,RTWB
12/1/22,2022-12-01T09:00:00Z,38.3,-74.64,1.449,RTWB
12/2/22,2022-12-02T09:00:00Z,38.3,-74.64,1.463,RTWB
12/3/22,2022-12-03T09:00:00Z,38.3,-74.64,1.22,RTWB
12/4/22,2022-12-04T09:00:00Z,38.3,-74.64,1.135,RTWB
12/5/22,2022-12-05T09:00:00Z,38.3,-74.64,1.169,RTWB
12/6/22,2022-12-06T09:00:00Z,38.3,-74.64,1.011,RTWB
12/7/22,2022-12-07T09:00:00Z,38.3,-74.64,0.742,RTWB
12/8/22,2022-12-08T09:00:00Z,38.3,-74.64,1.587,RTWB
12/9/22,2022-12-09T09:00:00Z,38.3,-74.64,2.193,RTWB
12/10/22,2022-12-10T09:00:00Z,38.3,-74.64,2.416,RTWB
12/11/22,2022-12-11T09:00:00Z,38.3,-74.64,2.745,RTWB
12/12/22,2022-12-12T09:00:00Z,38.3,-74.64,1.74,RTWB
12/13/22,2022-12-13T09:00:00Z,38.3,-74.64,1.764,RTWB
12/14/22,2022-12-14T09:00:00Z,38.3,-74.64,1.849,RTWB
12/15/22,2022-12-15T09:00:00Z,38.3,-74.64,1.862,RTWB
12/16/22,2022-12-16T09:00:00Z,38.3,-74.64,1.781,RTWB
12/17/22,2022-12-17T09:00:00Z,38.3,-74.64,1.113,RTWB
12/18/22,2022-12-18T09:00:00Z,38.3,-74.64,0.765,RTWB
12/19/22,2022-12-19T09:00:00Z,38.3,-74.64,0.695,RTWB
12/20/22,2022-12-20T09:00:00Z,38.3,-74.64,0.621,RTWB
12/21/22,2022-12-21T09:00:00Z,38.3,-74.64,0.963,RTWB
12/22/22,2022-12-22T09:00:00Z,38.3,-74.64,1.226,RTWB
12/23/22,2022-12-23T09:00:00Z,38.3,-74.64,0.22,RTWB
12/24/22,2022-12-24T09:00:00Z,38.3,-74.64,0.047,RTWB
12/25/22,2022-12-25T09:00:00Z,38.3,-74.64,0.076,RTWB
12/26/22,2022-12-26T09:00:00Z,38.3,-74.64,0.302,RTWB
12/27/22,2022-12-27T09:00:00Z,38.3,-74.64,0.421,RTWB
12/28/22,2022-12-28T09:00:00Z,38.3,-74.64,0.513,RTWB
12/29/22,2022-12-29T09:00:00Z,38.3,-74.64,0.742,RTWB
12/30/22,2022-12-30T09:00:00Z,38.3,-74.64,1.016,RTWB
12/31/22,2022-12-31T09:00:00Z,38.3,-74.64,0.978,RTWB
1/1/23,2023-01-01T09:00:00Z,38.3,-74.64,0.169,RTWB
1/2/23,2023-01-02T09:00:00Z,38.3,-74.64,0.16,RTWB
1/3/23,2023-01-03T09:00:00Z,38.3,-74.64,0.433,RTWB
1/4/23,2023-01-04T09:00:00Z,38.3,-74.64,0.291,RTWB
1/5/23,2023-01-05T09:00:00Z,38.3,-74.64,0.216,RTWB
1/6/23,2023-01-06T09:00:00Z,38.3,-74.64,0.976,RTWB
1/7/23,2023-01-07T09:00:00Z,38.3,-74.64,1.253,RTWB
1/8/23,2023-01-08T09:00:00Z,38.3,-74.64,1.236,RTWB
1/9/23,2023-01-09T09:00:00Z,38.3,-74.64,1.569,RTWB
1/10/23,2023-01-10T09:00:00Z,38.3,-74.64,1.698,RTWB
1/11/23,2023-01-11T09:00:00Z,38.3,-74.64,1.763,RTWB
1/12/23,2023-01-12T09:00:00Z,38.3,-74.64,1.756,RTWB
1/13/23,2023-01-13T09:00:00Z,38.3,-74.64,1.517,RTWB
1/14/23,2023-01-14T09:00:00Z,38.3,-74.64,1.659,RTWB
1/15/23,2023-01-15T09:00:00Z,38.3,-74.64,1.958,RTWB
1/16/23,2023-01-16T09:00:00Z,38.3,-74.64,1.38,RTWB
1/17/23,2023-01-17T09:00:00Z,38.3,-74.64,1.452,RTWB
1/18/23,2023-01-18T09:00:00Z,38.3,-74.64,1.5,RTWB
1/19/23,2023-01-19T09:00:00Z,38.3,-74.64,1.507,RTWB
1/20/23,2023-01-20T09:00:00Z,38.3,-74.64,1.854,RTWB
1/21/23,2023-01-21T09:00:00Z,38.3,-74.64,1.905,RTWB
1/22/23,2023-01-22T09:00:00Z,38.3,-74.64,1.649,RTWB
1/23/23,2023-01-23T09:00:00Z,38.3,-74.64,1.471,RTWB
1/24/23,2023-01-24T09:00:00Z,38.3,-74.64,1.447,RTWB
1/25/23,2023-01-25T09:00:00Z,38.3,-74.64,1.779,RTWB
1/26/23,2023-01-26T09:00:00Z,38.3,-74.64,2.051,RTWB
1/27/23,2023-01-27T09:00:00Z,38.3,-74.64,2.176,RTWB
1/28/23,2023-01-28T09:00:00Z,38.3,-74.64,2.162,RTWB
1/29/23,2023-01-29T09:00:00Z,38.3,-74.64,1.987,RTWB
1/30/23,2023-01-30T09:00:00Z,38.3,-74.64,1.769,RTWB
1/31/23,2023-01-31T09:00:00Z,38.3,-74.64,1.906,RTWB
2/1/23,2023-02-01T09:00:00Z,38.3,-74.64,1.707,RTWB
2/2/23,2023-02-02T09:00:00Z,38.3,-74.64,1.671,RTWB
2/3/23,2023-02-03T09:00:00Z,38.3,-74.64,1.298,RTWB
2/4/23,2023-02-04T09:00:00Z,38.3,-74.64,1.108,RTWB
2/5/23,2023-02-05T09:00:00Z,38.3,-74.64,1.109,RTWB
2/6/23,2023-02-06T09:00:00Z,38.3,-74.64,1.299,RTWB
2/7/23,2023-02-07T09:00:00Z,38.3,-74.64,1.362,RTWB
2/8/23,2023-02-08T09:00:00Z,38.3,-74.64,1.632,RTWB
2/9/23,2023-02-09T09:00:00Z,38.3,-74.64,2.086,RTWB
2/10/23,2023-02-10T09:00:00Z,38.3,-74.64,2.113,RTWB
2/11/23,2023-02-11T09:00:00Z,38.3,-74.64,1.996,RTWB
2/12/23,2023-02-12T09:00:00Z,38.3,-74.64,2.207,RTWB
2/13/23,2023-02-13T09:00:00Z,38.3,-74.64,2.279,RTWB
2/14/23,2023-02-14T09:00:00Z,38.3,-74.64,2.321,RTWB
2/15/23,2023-02-15T09:00:00Z,38.3,-74.64,2.533,RTWB
2/16/23,2023-02-16T09:00:00Z,38.3,-74.64,2.538,RTWB
2/17/23,2023-02-17T09:00:00Z,38.3,-74.64,2.298,RTWB
2/18/23,2023-02-18T09:00:00Z,38.3,-74.64,2.361,RTWB
2/19/23,2023-02-19T09:00:00Z,38.3,-74.64,2.259,RTWB
2/20/23,2023-02-20T09:00:00Z,38.3,-74.64,2.111,RTWB
2/21/23,2023-02-21T09:00:00Z,38.3,-74.64,2.276,RTWB
2/22/23,2023-02-22T09:00:00Z,38.3,-74.64,2.186,RTWB
2/23/23,2023-02-23T09:00:00Z,38.3,-74.64,2.168,RTWB
2/24/23,2023-02-24T09:00:00Z,38.3,-74.64,2.005,RTWB
2/25/23,2023-02-25T09:00:00Z,38.3,-74.64,2.033,RTWB
2/26/23,2023-02-26T09:00:00Z,38.3,-74.64,2.057,RTWB
2/27/23,2023-02-27T09:00:00Z,38.3,-74.64,2.39,RTWB
2/28/23,2023-02-28T09:00:00Z,38.3,-74.64,2.533,RTWB
3/1/23,2023-03-01T09:00:00Z,38.3,-74.64,2.443,RTWB
3/2/23,2023-03-02T09:00:00Z,38.3,-74.64,2.574,RTWB
3/3/23,2023-03-03T09:00:00Z,38.3,-74.64,2.526,RTWB
3/4/23,2023-03-04T09:00:00Z,38.3,-74.64,2.562,RTWB
3/5/23,2023-03-05T09:00:00Z,38.3,-74.64,2.587,RTWB
3/6/23,2023-03-06T09:00:00Z,38.3,-74.64,2.493,RTWB
3/7/23,2023-03-07T09:00:00Z,38.3,-74.64,2.487,RTWB
3/8/23,2023-03-08T09:00:00Z,38.3,-74.64,2.219,RTWB
3/9/23,2023-03-09T09:00:00Z,38.3,-74.64,1.907,RTWB
3/10/23,2023-03-10T09:00:00Z,38.3,-74.64,2.115,RTWB
3/11/23,2023-03-11T09:00:00Z,38.3,-74.64,1.947,RTWB
3/12/23,2023-03-12T09:00:00Z,38.3,-74.64,1.603,RTWB
3/13/23,2023-03-13T09:00:00Z,38.3,-74.64,1.092,RTWB
3/14/23,2023-03-14T09:00:00Z,38.3,-74.64,0.846,RTWB
3/15/23,2023-03-15T09:00:00Z,38.3,-74.64,0.846,RTWB
3/16/23,2023-03-16T09:00:00Z,38.3,-74.64,1.307,RTWB
3/17/23,2023-03-17T09:00:00Z,38.3,-74.64,1.297,RTWB
3/18/23,2023-03-18T09:00:00Z,38.3,-74.64,1.581,RTWB
3/19/23,2023-03-19T09:00:00Z,38.3,-74.64,1.456,RTWB
3/20/23,2023-03-20T09:00:00Z,38.3,-74.64,1.146,RTWB
3/21/23,2023-03-21T09:00:00Z,38.3,-74.64,1.21,RTWB
3/22/23,2023-03-22T09:00:00Z,38.3,-74.64,1.206,RTWB
3/23/23,2023-03-23T09:00:00Z,38.3,-74.64,1.238,RTWB
3/24/23,2023-03-24T09:00:00Z,38.3,-74.64,1.21,RTWB
3/25/23,2023-03-25T09:00:00Z,38.3,-74.64,2.029,RTWB
3/26/23,2023-03-26T09:00:00Z,38.3,-74.64,2.055,RTWB
3/27/23,2023-03-27T09:00:00Z,38.3,-74.64,1.934,RTWB
3/28/23,2023-03-28T09:00:00Z,38.3,-74.64,1.659,RTWB
3/29/23,2023-03-29T09:00:00Z,38.3,-74.64,1.565,RTWB
3/30/23,2023-03-30T09:00:00Z,38.3,-74.64,1.697,RTWB
3/31/23,2023-03-31T09:00:00Z,38.3,-74.64,1.662,RTWB
4/1/23,2023-04-01T09:00:00Z,38.3,-74.64,1.631,RTWB
4/2/23,2023-04-02T09:00:00Z,38.3,-74.64,1.655,RTWB
4/3/23,2023-04-03T09:00:00Z,38.3,-74.64,1.367,RTWB
4/4/23,2023-04-04T09:00:00Z,38.3,-74.64,1.441,RTWB
4/5/23,2023-04-05T09:00:00Z,38.3,-74.64,1.576,RTWB
4/6/23,2023-04-06T09:00:00Z,38.3,-74.64,1.605,RTWB
4/7/23,2023-04-07T09:00:00Z,38.3,-74.64,1.86,RTWB
4/8/23,2023-04-08T09:00:00Z,38.3,-74.64,1.731,RTWB
4/9/23,2023-04-09T09:00:00Z,38.3,-74.64,1.629,RTWB
4/10/23,2023-04-10T09:00:00Z,38.3,-74.64,1.465,RTWB
4/11/23,2023-04-11T09:00:00Z,38.3,-74.64,1.872,RTWB
4/12/23,2023-04-12T09:00:00Z,38.3,-74.64,1.651,RTWB
4/13/23,2023-04-13T09:00:00Z,38.3,-74.64,1.802,RTWB
4/14/23,2023-04-14T09:00:00Z,38.3,-74.64,2.658,RTWB
4/15/23,2023-04-15T09:00:00Z,38.3,-74.64,2.799,RTWB
4/16/23,2023-04-16T09:00:00Z,38.3,-74.64,3.59,RTWB
4/17/23,2023-04-17T09:00:00Z,38.3,-74.64,4.348,RTWB
4/18/23,2023-04-18T09:00:00Z,38.3,-74.64,4.123,RTWB
4/19/23,2023-04-19T09:00:00Z,38.3,-74.64,3.279,RTWB
4/20/23,2023-04-20T09:00:00Z,38.3,-74.64,2.767,RTWB
4/21/23,2023-04-21T09:00:00Z,38.3,-74.64,2.962,RTWB
4/23/23,2023-04-23T09:00:00Z,38.3,-74.64,3.231,RTWB
4/24/23,2023-04-24T09:00:00Z,38.3,-74.64,3.104,RTWB
4/25/23,2023-04-25T09:00:00Z,38.3,-74.64,2.598,RTWB
4/26/23,2023-04-26T09:00:00Z,38.3,-74.64,2.607,RTWB
4/27/23,2023-04-27T09:00:00Z,38.3,-74.64,2.332,RTWB
4/28/23,2023-04-28T09:00:00Z,38.3,-74.64,1.782,RTWB
4/29/23,2023-04-29T09:00:00Z,38.3,-74.64,1.335,RTWB
4/30/23,2023-04-30T09:00:00Z,38.3,-74.64,1.241,RTWB
5/1/23,2023-05-01T09:00:00Z,38.3,-74.64,1.424,RTWB
5/2/23,2023-05-02T09:00:00Z,38.3,-74.64,1.351,RTWB
5/3/23,2023-05-03T09:00:00Z,38.3,-74.64,0.746,RTWB
5/4/23,2023-05-04T09:00:00Z,38.3,-74.64,0.354,RTWB
5/5/23,2023-05-05T09:00:00Z,38.3,-74.64,0.797,RTWB
5/6/23,2023-05-06T09:00:00Z,38.3,-74.64,1.048,RTWB
5/7/23,2023-05-07T09:00:00Z,38.3,-74.64,2.014,RTWB
5/8/23,2023-05-08T09:00:00Z,38.3,-74.64,1.792,RTWB
5/9/23,2023-05-09T09:00:00Z,38.3,-74.64,1.57,RTWB
5/10/23,2023-05-10T09:00:00Z,38.3,-74.64,1.69,RTWB
5/11/23,2023-05-11T09:00:00Z,38.3,-74.64,1.727,RTWB
5/12/23,2023-05-12T09:00:00Z,38.3,-74.64,1.562,RTWB
5/13/23,2023-05-13T09:00:00Z,38.3,-74.64,1.797,RTWB
5/14/23,2023-05-14T09:00:00Z,38.3,-74.64,2.31,RTWB
5/15/23,2023-05-15T09:00:00Z,38.3,-74.64,2.277,RTWB
5/16/23,2023-05-16T09:00:00Z,38.3,-74.64,1.874,RTWB
5/17/23,2023-05-17T09:00:00Z,38.3,-74.64,1.606,RTWB
5/18/23,2023-05-18T09:00:00Z,38.3,-74.64,1.658,RTWB
5/19/23,2023-05-19T09:00:00Z,38.3,-74.64,1.354,RTWB
5/20/23,2023-05-20T09:00:00Z,38.3,-74.64,1.546,RTWB
5/21/23,2023-05-21T09:00:00Z,38.3,-74.64,1.646,RTWB
5/22/23,2023-05-22T09:00:00Z,38.3,-74.64,1.445,RTWB
5/23/23,2023-05-23T09:00:00Z,38.3,-74.64,0.78,RTWB
5/24/23,2023-05-24T09:00:00Z,38.3,-74.64,0.352,RTWB
5/25/23,2023-05-25T09:00:00Z,38.3,-74.64,0.25,RTWB
5/26/23,2023-05-26T09:00:00Z,38.3,-74.64,0.095,RTWB
5/27/23,2023-05-27T09:00:00Z,38.3,-74.64,0.109,RTWB
5/28/23,2023-05-28T09:00:00Z,38.3,-74.64,-0.177,RTWB
5/29/23,2023-05-29T09:00:00Z,38.3,-74.64,-1.085,RTWB
5/30/23,2023-05-30T09:00:00Z,38.3,-74.64,-1.331,RTWB
5/31/23,2023-05-31T09:00:00Z,38.3,-74.64,-0.578,RTWB
6/1/23,2023-06-01T09:00:00Z,38.3,-74.64,-0.843,RTWB
6/2/23,2023-06-02T09:00:00Z,38.3,-74.64,-0.994,RTWB
6/3/23,2023-06-03T09:00:00Z,38.3,-74.64,-0.522,RTWB
6/4/23,2023-06-04T09:00:00Z,38.3,-74.64,-0.72,RTWB
6/5/23,2023-06-05T09:00:00Z,38.3,-74.64,-1.544,RTWB
6/6/23,2023-06-06T09:00:00Z,38.3,-74.64,-1.674,RTWB
6/7/23,2023-06-07T09:00:00Z,38.3,-74.64,-1.117,RTWB
6/8/23,2023-06-08T09:00:00Z,38.3,-74.64,-1.31,RTWB
6/9/23,2023-06-09T09:00:00Z,38.3,-74.64,-1.551,RTWB
6/10/23,2023-06-10T09:00:00Z,38.3,-74.64,-2.226,RTWB
6/11/23,2023-06-11T09:00:00Z,38.3,-74.64,-1.965,RTWB
6/12/23,2023-06-12T09:00:00Z,38.3,-74.64,-1.138,RTWB
6/13/23,2023-06-13T09:00:00Z,38.3,-74.64,-1.085,RTWB
6/14/23,2023-06-14T09:00:00Z,38.3,-74.64,-1.028,RTWB
6/15/23,2023-06-15T09:00:00Z,38.3,-74.64,-0.145,RTWB
6/16/23,2023-06-16T09:00:00Z,38.3,-74.64,0.09,RTWB
6/17/23,2023-06-17T09:00:00Z,38.3,-74.64,-0.156,RTWB
6/18/23,2023-06-18T09:00:00Z,38.3,-74.64,0.554,RTWB
6/19/23,2023-06-19T09:00:00Z,38.3,-74.64,0.198,RTWB
6/20/23,2023-06-20T09:00:00Z,38.3,-74.64,0.151,RTWB
6/21/23,2023-06-21T09:00:00Z,38.3,-74.64,-0.076,RTWB
6/22/23,2023-06-22T09:00:00Z,38.3,-74.64,-1.494,RTWB
6/23/23,2023-06-23T09:00:00Z,38.3,-74.64,-1.086,RTWB
6/24/23,2023-06-24T09:00:00Z,38.3,-74.64,-1.5,RTWB
6/25/23,2023-06-25T09:00:00Z,38.3,-74.64,-1.831,RTWB
6/26/23,2023-06-26T09:00:00Z,38.3,-74.64,-1.528,RTWB
6/27/23,2023-06-27T09:00:00Z,38.3,-74.64,-0.752,RTWB
6/28/23,2023-06-28T09:00:00Z,38.3,-74.64,-0.879,RTWB
6/29/23,2023-06-29T09:00:00Z,38.3,-74.64,-1.216,RTWB
6/30/23,2023-06-30T09:00:00Z,38.3,-74.64,-1.267,RTWB
7/1/23,2023-07-01T09:00:00Z,38.3,-74.64,-0.658,RTWB
7/2/23,2023-07-02T09:00:00Z,38.3,-74.64,0.787,RTWB
7/3/23,2023-07-03T09:00:00Z,38.3,-74.64,0.823,RTWB
7/4/23,2023-07-04T09:00:00Z,38.3,-74.64,1.45,RTWB
7/5/23,2023-07-05T09:00:00Z,38.3,-74.64,2.316,RTWB
7/6/23,2023-07-06T09:00:00Z,38.3,-74.64,2.241,RTWB
7/7/23,2023-07-07T09:00:00Z,38.3,-74.64,2.342,RTWB
7/8/23,2023-07-08T09:00:00Z,38.3,-74.64,2.117,RTWB
7/9/23,2023-07-09T09:00:00Z,38.3,-74.64,2.623,RTWB
7/10/23,2023-07-10T09:00:00Z,38.3,-74.64,2.676,RTWB
7/11/23,2023-07-11T09:00:00Z,38.3,-74.64,2.578,RTWB
7/12/23,2023-07-12T09:00:00Z,38.3,-74.64,2.691,RTWB
7/13/23,2023-07-13T09:00:00Z,38.3,-74.64,2.747,RTWB
7/14/23,2023-07-14T09:00:00Z,38.3,-74.64,2.044,RTWB
7/15/23,2023-07-15T09:00:00Z,38.3,-74.64,1.244,RTWB
7/16/23,2023-07-16T09:00:00Z,38.3,-74.64,1.055,RTWB
7/17/23,2023-07-17T09:00:00Z,38.3,-74.64,1.157,RTWB
7/18/23,2023-07-18T09:00:00Z,38.3,-74.64,1.236,RTWB
7/19/23,2023-07-19T09:00:00Z,38.3,-74.64,0.994,RTWB
7/20/23,2023-07-20T09:00:00Z,38.3,-74.64,0.945,RTWB
7/21/23,2023-07-21T09:00:00Z,38.3,-74.64,1.683,RTWB
7/22/23,2023-07-22T09:00:00Z,38.3,-74.64,1.607,RTWB
7/23/23,2023-07-23T09:00:00Z,38.3,-74.64,1.391,RTWB
7/24/23,2023-07-24T09:00:00Z,38.3,-74.64,0.656,RTWB
7/25/23,2023-07-25T09:00:00Z,38.3,-74.64,0.482,RTWB
7/26/23,2023-07-26T09:00:00Z,38.3,-74.64,0.886,RTWB
7/27/23,2023-07-27T09:00:00Z,38.3,-74.64,1.11,RTWB
7/28/23,2023-07-28T09:00:00Z,38.3,-74.64,1.323,RTWB
7/29/23,2023-07-29T09:00:00Z,38.3,-74.64,1.392,RTWB
7/30/23,2023-07-30T09:00:00Z,38.3,-74.64,-0.569,RTWB
7/31/23,2023-07-31T09:00:00Z,38.3,-74.64,-0.879,RTWB
8/1/23,2023-08-01T09:00:00Z,38.3,-74.64,-1.256,RTWB
8/2/23,2023-08-02T09:00:00Z,38.3,-74.64,-1.264,RTWB
8/3/23,2023-08-03T09:00:00Z,38.3,-74.64,-1.374,RTWB
8/4/23,2023-08-04T09:00:00Z,38.3,-74.64,-1.816,RTWB
8/5/23,2023-08-05T09:00:00Z,38.3,-74.64,-1.262,RTWB
8/6/23,2023-08-06T09:00:00Z,38.3,-74.64,-1.129,RTWB
8/7/23,2023-08-07T09:00:00Z,38.3,-74.64,-1.115,RTWB
8/8/23,2023-08-08T09:00:00Z,38.3,-74.64,-0.673,RTWB
8/9/23,2023-08-09T09:00:00Z,38.3,-74.64,-0.93,RTWB
8/10/23,2023-08-10T09:00:00Z,38.3,-74.64,-1.763,RTWB
8/11/23,2023-08-11T09:00:00Z,38.3,-74.64,-1.741,RTWB
8/12/23,2023-08-12T09:00:00Z,38.3,-74.64,-1.376,RTWB
8/13/23,2023-08-13T09:00:00Z,38.3,-74.64,-0.902,RTWB
8/14/23,2023-08-14T09:00:00Z,38.3,-74.64,-0.19,RTWB
8/15/23,2023-08-15T09:00:00Z,38.3,-74.64,0.329,RTWB
8/16/23,2023-08-16T09:00:00Z,38.3,-74.64,0.672,RTWB
8/17/23,2023-08-17T09:00:00Z,38.3,-74.64,0.806,RTWB
8/18/23,2023-08-18T09:00:00Z,38.3,-74.64,0.78,RTWB
8/19/23,2023-08-19T09:00:00Z,38.3,-74.64,0.958,RTWB
8/20/23,2023-08-20T09:00:00Z,38.3,-74.64,0.903,RTWB
8/21/23,2023-08-21T09:00:00Z,38.3,-74.64,0.992,RTWB
8/22/23,2023-08-22T09:00:00Z,38.3,-74.64,0.97,RTWB
8/23/23,2023-08-23T09:00:00Z,38.3,-74.64,0.753,RTWB
8/24/23,2023-08-24T09:00:00Z,38.3,-74.64,-0.047,RTWB
8/25/23,2023-08-25T09:00:00Z,38.3,-74.64,-0.006,RTWB
8/26/23,2023-08-26T09:00:00Z,38.3,-74.64,0.065,RTWB
8/27/23,2023-08-27T09:00:00Z,38.3,-74.64,-0.049,RTWB
8/28/23,2023-08-28T09:00:00Z,38.3,-74.64,0.182,RTWB
8/29/23,2023-08-29T09:00:00Z,38.3,-74.64,0.466,RTWB
8/30/23,2023-08-30T09:00:00Z,38.3,-74.64,0.366,RTWB
8/31/23,2023-08-31T09:00:00Z,38.3,-74.64,0.101,RTWB
9/1/23,2023-09-01T09:00:00Z,38.3,-74.64,-0.069,RTWB
9/2/23,2023-09-02T09:00:00Z,38.3,-74.64,-0.295,RTWB
9/3/23,2023-09-03T09:00:00Z,38.3,-74.64,-0.13,RTWB
9/4/23,2023-09-04T09:00:00Z,38.3,-74.64,0.031,RTWB
9/5/23,2023-09-05T09:00:00Z,38.3,-74.64,0.42,RTWB
9/6/23,2023-09-06T09:00:00Z,38.3,-74.64,1.391,RTWB
9/7/23,2023-09-07T09:00:00Z,38.3,-74.64,1.578,RTWB
9/8/23,2023-09-08T09:00:00Z,38.3,-74.64,1.496,RTWB
9/9/23,2023-09-09T09:00:00Z,38.3,-74.64,2.285,RTWB
9/10/23,2023-09-10T09:00:00Z,38.3,-74.64,2.234,RTWB
9/11/23,2023-09-11T09:00:00Z,38.3,-74.64,2.652,RTWB
9/12/23,2023-09-12T09:00:00Z,38.3,-74.64,3.196,RTWB
9/13/23,2023-09-13T09:00:00Z,38.3,-74.64,3.037,RTWB
9/14/23,2023-09-14T09:00:00Z,38.3,-74.64,2.833,RTWB
9/15/23,2023-09-15T09:00:00Z,38.3,-74.64,0.922,RTWB
9/16/23,2023-09-16T09:00:00Z,38.3,-74.64,1.204,RTWB
9/17/23,2023-09-17T09:00:00Z,38.3,-74.64,1.18,RTWB
9/18/23,2023-09-18T09:00:00Z,38.3,-74.64,1.385,RTWB
9/19/23,2023-09-19T09:00:00Z,38.3,-74.64,1.496,RTWB
9/20/23,2023-09-20T09:00:00Z,38.3,-74.64,1.582,RTWB
9/21/23,2023-09-21T09:00:00Z,38.3,-74.64,1.324,RTWB
9/22/23,2023-09-22T09:00:00Z,38.3,-74.64,1.048,RTWB
9/23/23,2023-09-23T09:00:00Z,38.3,-74.64,0.453,RTWB
9/24/23,2023-09-24T09:00:00Z,38.3,-74.64,-0.426,RTWB
9/25/23,2023-09-25T09:00:00Z,38.3,-74.64,-1.309,RTWB
9/26/23,2023-09-26T09:00:00Z,38.3,-74.64,-1.412,RTWB
9/27/23,2023-09-27T09:00:00Z,38.3,-74.64,-1.21,RTWB
9/28/23,2023-09-28T09:00:00Z,38.3,-74.64,-1.059,RTWB
9/29/23,2023-09-29T09:00:00Z,38.3,-74.64,-1.35,RTWB
9/30/23,2023-09-30T09:00:00Z,38.3,-74.64,-1.86,RTWB
10/1/23,2023-10-01T09:00:00Z,38.3,-74.64,-1.827,RTWB
10/2/23,2023-10-02T09:00:00Z,38.3,-74.64,-1.574,RTWB
10/3/23,2023-10-03T09:00:00Z,38.3,-74.64,-1.427,RTWB
10/4/23,2023-10-04T09:00:00Z,38.3,-74.64,-0.979,RTWB
10/5/23,2023-10-05T09:00:00Z,38.3,-74.64,-0.818,RTWB
10/6/23,2023-10-06T09:00:00Z,38.3,-74.64,-0.692,RTWB
10/7/23,2023-10-07T09:00:00Z,38.3,-74.64,-0.912,RTWB
10/8/23,2023-10-08T09:00:00Z,38.3,-74.64,-0.692,RTWB
10/9/23,2023-10-09T09:00:00Z,38.3,-74.64,-1.225,RTWB
10/10/23,2023-10-10T09:00:00Z,38.3,-74.64,-1.412,RTWB
10/11/23,2023-10-11T09:00:00Z,38.3,-74.64,-1.091,RTWB
10/12/23,2023-10-12T09:00:00Z,38.3,-74.64,-0.746,RTWB
10/13/23,2023-10-13T09:00:00Z,38.3,-74.64,-0.54,RTWB
10/14/23,2023-10-14T09:00:00Z,38.3,-74.64,-0.654,RTWB
10/15/23,2023-10-15T09:00:00Z,38.3,-74.64,-0.455,RTWB
10/16/23,2023-10-16T09:00:00Z,38.3,-74.64,-0.268,RTWB
10/17/23,2023-10-17T09:00:00Z,38.3,-74.64,-0.7,RTWB
10/18/23,2023-10-18T09:00:00Z,38.3,-74.64,-0.895,RTWB
10/19/23,2023-10-19T09:00:00Z,38.3,-74.64,-0.819,RTWB
10/20/23,2023-10-20T09:00:00Z,38.3,-74.64,-0.587,RTWB
10/21/23,2023-10-21T09:00:00Z,38.3,-74.64,-0.155,RTWB
10/22/23,2023-10-22T09:00:00Z,38.3,-74.64,0.122,RTWB
10/23/23,2023-10-23T09:00:00Z,38.3,-74.64,0.051,RTWB
10/24/23,2023-10-24T09:00:00Z,38.3,-74.64,-0.039,RTWB
10/25/23,2023-10-25T09:00:00Z,38.3,-74.64,0.268,RTWB
10/26/23,2023-10-26T09:00:00Z,38.3,-74.64,0.736,RTWB
10/27/23,2023-10-27T09:00:00Z,38.3,-74.64,0.766,RTWB
10/28/23,2023-10-28T09:00:00Z,38.3,-74.64,1.132,RTWB
10/29/23,2023-10-29T09:00:00Z,38.3,-74.64,1.572,RTWB
10/30/23,2023-10-30T09:00:00Z,38.3,-74.64,1.851,RTWB
10/31/23,2023-10-31T09:00:00Z,38.3,-74.64,2.072,RTWB
11/1/23,2023-11-01T09:00:00Z,38.3,-74.64,2.407,RTWB
11/2/23,2023-11-02T09:00:00Z,38.3,-74.64,0.488,RTWB
11/3/23,2023-11-03T09:00:00Z,38.3,-74.64,0.499,RTWB
11/4/23,2023-11-04T09:00:00Z,38.3,-74.64,0.554,RTWB
11/5/23,2023-11-05T09:00:00Z,38.3,-74.64,0.903,RTWB
11/6/23,2023-11-06T09:00:00Z,38.3,-74.64,1.097,RTWB
11/7/23,2023-11-07T09:00:00Z,38.3,-74.64,1.343,RTWB
11/8/23,2023-11-08T09:00:00Z,38.3,-74.64,1.276,RTWB
11/9/23,2023-11-09T09:00:00Z,38.3,-74.64,1.316,RTWB
11/10/23,2023-11-10T09:00:00Z,38.3,-74.64,1.272,RTWB
11/11/23,2023-11-11T09:00:00Z,38.3,-74.64,1.544,RTWB
11/12/23,2023-11-12T09:00:00Z,38.3,-74.64,1.285,RTWB
11/13/23,2023-11-13T09:00:00Z,38.3,-74.64,1.188,RTWB
11/14/23,2023-11-14T09:00:00Z,38.3,-74.64,1.289,RTWB
11/15/23,2023-11-15T09:00:00Z,38.3,-74.64,1.323,RTWB
11/16/23,2023-11-16T09:00:00Z,38.3,-74.64,1.437,RTWB
11/17/23,2023-11-17T09:00:00Z,38.3,-74.64,1.332,RTWB
11/18/23,2023-11-18T09:00:00Z,38.3,-74.64,1.158,RTWB
11/19/23,2023-11-19T09:00:00Z,38.3,-74.64,1.502,RTWB
11/20/23,2023-11-20T09:00:00Z,38.3,-74.64,1.553,RTWB
11/21/23,2023-11-21T09:00:00Z,38.3,-74.64,1.849,RTWB
11/22/23,2023-11-22T09:00:00Z,38.3,-74.64,0.704,RTWB
11/23/23,2023-11-23T09:00:00Z,38.3,-74.64,0.889,RTWB
11/24/23,2023-11-24T09:00:00Z,38.3,-74.64,1.361,RTWB
11/25/23,2023-11-25T09:00:00Z,38.3,-74.64,1.429,RTWB
11/26/23,2023-11-26T09:00:00Z,38.3,-74.64,1.12,RTWB
11/27/23,2023-11-27T09:00:00Z,38.3,-74.64,1.116,RTWB
11/28/23,2023-11-28T09:00:00Z,38.3,-74.64,0.535,RTWB
11/29/23,2023-11-29T09:00:00Z,38.3,-74.64,0.502,RTWB
11/30/23,2023-11-30T09:00:00Z,38.3,-74.64,0.382,RTWB
12/1/23,2023-12-01T09:00:00Z,38.3,-74.64,0.443,RTWB
12/2/23,2023-12-02T09:00:00Z,38.3,-74.64,0.439,RTWB
12/3/23,2023-12-03T09:00:00Z,38.3,-74.64,0.525,RTWB
12/5/23,2023-12-05T09:00:00Z,38.3,-74.64,0.951,RTWB
12/6/23,2023-12-06T09:00:00Z,38.3,-74.64,0.526,RTWB
12/7/23,2023-12-07T09:00:00Z,38.3,-74.64,0.175,RTWB
12/8/23,2023-12-08T09:00:00Z,38.3,-74.64,0.23,RTWB
12/9/23,2023-12-09T09:00:00Z,38.3,-74.64,0.427,RTWB
12/10/23,2023-12-10T09:00:00Z,38.3,-74.64,0.651,RTWB
12/11/23,2023-12-11T09:00:00Z,38.3,-74.64,0.58,RTWB
12/12/23,2023-12-12T09:00:00Z,38.3,-74.64,0.008,RTWB
12/13/23,2023-12-13T09:00:00Z,38.3,-74.64,0.092,RTWB
12/14/23,2023-12-14T09:00:00Z,38.3,-74.64,0.737,RTWB
12/15/23,2023-12-15T09:00:00Z,38.3,-74.64,0.821,RTWB
12/16/23,2023-12-16T09:00:00Z,38.3,-74.64,0.714,RTWB
12/17/23,2023-12-17T09:00:00Z,38.3,-74.64,0.514,RTWB
12/18/23,2023-12-18T09:00:00Z,38.3,-74.64,0.242,RTWB
12/19/23,2023-12-19T09:00:00Z,38.3,-74.64,0.42,RTWB
12/20/23,2023-12-20T09:00:00Z,38.3,-74.64,0.346,RTWB
12/21/23,2023-12-21T09:00:00Z,38.3,-74.64,0.214,RTWB
12/22/23,2023-12-22T09:00:00Z,38.3,-74.64,0.355,RTWB
12/23/23,2023-12-23T09:00:00Z,38.3,-74.64,0.435,RTWB
12/24/23,2023-12-24T09:00:00Z,38.3,-74.64,0.682,RTWB
12/25/23,2023-12-25T09:00:00Z,38.3,-74.64,0.822,RTWB
12/26/23,2023-12-26T09:00:00Z,38.3,-74.64,1.03,RTWB
12/27/23,2023-12-27T09:00:00Z,38.3,-74.64,1.489,RTWB
12/28/23,2023-12-28T09:00:00Z,38.3,-74.64,1.41,RTWB
12/29/23,2023-12-29T09:00:00Z,38.3,-74.64,1.401,RTWB
12/30/23,2023-12-30T09:00:00Z,38.3,-74.64,1.178,RTWB
12/31/23,2023-12-31T09:00:00Z,38.3,-74.64,1.145,RTWB
1/1/24,2024-01-01T09:00:00Z,38.3,-74.64,0.918,RTWB
1/2/24,2024-01-02T09:00:00Z,38.3,-74.64,1.072,RTWB
1/3/24,2024-01-03T09:00:00Z,38.3,-74.64,1.046,RTWB
1/4/24,2024-01-04T09:00:00Z,38.3,-74.64,1.173,RTWB
1/5/24,2024-01-05T09:00:00Z,38.3,-74.64,1.284,RTWB
1/6/24,2024-01-06T09:00:00Z,38.3,-74.64,1.143,RTWB
1/7/24,2024-01-07T09:00:00Z,38.3,-74.64,0.994,RTWB
1/8/24,2024-01-08T09:00:00Z,38.3,-74.64,0.906,RTWB
1/9/24,2024-01-09T09:00:00Z,38.3,-74.64,-0.133,RTWB
1/10/24,2024-01-10T09:00:00Z,38.3,-74.64,0.612,RTWB
1/11/24,2024-01-11T09:00:00Z,38.3,-74.64,0.749,RTWB
1/12/24,2024-01-12T09:00:00Z,38.3,-74.64,0.914,RTWB
1/13/24,2024-01-13T09:00:00Z,38.3,-74.64,0.883,RTWB
1/14/24,2024-01-14T09:00:00Z,38.3,-74.64,0.845,RTWB
1/15/24,2024-01-15T09:00:00Z,38.3,-74.64,1.081,RTWB
1/16/24,2024-01-16T09:00:00Z,38.3,-74.64,0.145,RTWB
1/17/24,2024-01-17T09:00:00Z,38.3,-74.64,0.399,RTWB
1/18/24,2024-01-18T09:00:00Z,38.3,-74.64,0.514,RTWB
1/19/24,2024-01-19T09:00:00Z,38.3,-74.64,0.772,RTWB
1/20/24,2024-01-20T09:00:00Z,38.3,-74.64,-0.1,RTWB
1/21/24,2024-01-21T09:00:00Z,38.3,-74.64,-0.058,RTWB
1/22/24,2024-01-22T09:00:00Z,38.3,-74.64,-0.113,RTWB
1/23/24,2024-01-23T09:00:00Z,38.3,-74.64,-0.061,RTWB
1/24/24,2024-01-24T09:00:00Z,38.3,-74.64,0.034,RTWB
1/25/24,2024-01-25T09:00:00Z,38.3,-74.64,0.189,RTWB
1/26/24,2024-01-26T09:00:00Z,38.3,-74.64,-0.281,RTWB
1/27/24,2024-01-27T09:00:00Z,38.3,-74.64,0.073,RTWB
1/28/24,2024-01-28T09:00:00Z,38.3,-74.64,0.624,RTWB
1/29/24,2024-01-29T09:00:00Z,38.3,-74.64,0.5,RTWB
1/30/24,2024-01-30T09:00:00Z,38.3,-74.64,0.323,RTWB
1/31/24,2024-01-31T09:00:00Z,38.3,-74.64,0.371,RTWB
2/1/24,2024-02-01T09:00:00Z,38.3,-74.64,0.288,RTWB
2/2/24,2024-02-02T09:00:00Z,38.3,-74.64,0.114,RTWB
2/3/24,2024-02-03T09:00:00Z,38.3,-74.64,-0.008,RTWB
2/4/24,2024-02-04T09:00:00Z,38.3,-74.64,0.117,RTWB
2/5/24,2024-02-05T09:00:00Z,38.3,-74.64,0.388,RTWB
2/6/24,2024-02-06T09:00:00Z,38.3,-74.64,0.582,RTWB
2/7/24,2024-02-07T09:00:00Z,38.3,-74.64,0.532,RTWB
2/8/24,2024-02-08T09:00:00Z,38.3,-74.64,0.579,RTWB
2/9/24,2024-02-09T09:00:00Z,38.3,-74.64,0.593,RTWB
2/10/24,2024-02-10T09:00:00Z,38.3,-74.64,0.639,RTWB
2/11/24,2024-02-11T09:00:00Z,38.3,-74.64,1.037,RTWB
2/12/24,2024-02-12T09:00:00Z,38.3,-74.64,1.385,RTWB
2/13/24,2024-02-13T09:00:00Z,38.3,-74.64,1.276,RTWB
2/14/24,2024-02-14T09:00:00Z,38.3,-74.64,1.267,RTWB
2/15/24,2024-02-15T09:00:00Z,38.3,-74.64,1.278,RTWB
2/16/24,2024-02-16T09:00:00Z,38.3,-74.64,1.007,RTWB
2/17/24,2024-02-17T09:00:00Z,38.3,-74.64,1.038,RTWB
2/18/24,2024-02-18T09:00:00Z,38.3,-74.64,1.085,RTWB
2/19/24,2024-02-19T09:00:00Z,38.3,-74.64,0.582,RTWB
2/20/24,2024-02-20T09:00:00Z,38.3,-74.64,0.461,RTWB
2/21/24,2024-02-21T09:00:00Z,38.3,-74.64,0.37,RTWB
2/22/24,2024-02-22T09:00:00Z,38.3,-74.64,0.268,RTWB
2/23/24,2024-02-23T09:00:00Z,38.3,-74.64,0.386,RTWB
2/24/24,2024-02-24T09:00:00Z,38.3,-74.64,0.526,RTWB
2/25/24,2024-02-25T09:00:00Z,38.3,-74.64,0.499,RTWB
2/26/24,2024-02-26T09:00:00Z,38.3,-74.64,0.521,RTWB
2/27/24,2024-02-27T09:00:00Z,38.3,-74.64,0.823,RTWB
2/28/24,2024-02-28T09:00:00Z,38.3,-74.64,1.071,RTWB
2/29/24,2024-02-29T09:00:00Z,38.3,-74.64,1.638,RTWB
3/1/24,2024-03-01T09:00:00Z,38.3,-74.64,1.746,RTWB
3/2/24,2024-03-02T09:00:00Z,38.3,-74.64,1.727,RTWB
3/3/24,2024-03-03T09:00:00Z,38.3,-74.64,1.636,RTWB
3/4/24,2024-03-04T09:00:00Z,38.3,-74.64,1.985,RTWB
3/5/24,2024-03-05T09:00:00Z,38.3,-74.64,2.08,RTWB
3/6/24,2024-03-06T09:00:00Z,38.3,-74.64,1.911,RTWB
3/7/24,2024-03-07T09:00:00Z,38.3,-74.64,1.259,RTWB
3/8/24,2024-03-08T09:00:00Z,38.3,-74.64,1.081,RTWB
3/9/24,2024-03-09T09:00:00Z,38.3,-74.64,1.257,RTWB
3/10/24,2024-03-10T09:00:00Z,38.3,-74.64,1.545,RTWB
3/11/24,2024-03-11T09:00:00Z,38.3,-74.64,1.657,RTWB
3/12/24,2024-03-12T09:00:00Z,38.3,-74.64,1.572,RTWB
3/13/24,2024-03-13T09:00:00Z,38.3,-74.64,1.758,RTWB
3/14/24,2024-03-14T09:00:00Z,38.3,-74.64,1.866,RTWB
3/15/24,2024-03-15T09:00:00Z,38.3,-74.64,2.27,RTWB
3/16/24,2024-03-16T09:00:00Z,38.3,-74.64,2.724,RTWB
3/17/24,2024-03-17T09:00:00Z,38.3,-74.64,2.652,RTWB
3/18/24,2024-03-18T09:00:00Z,38.3,-74.64,2.297,RTWB
3/19/24,2024-03-19T09:00:00Z,38.3,-74.64,1.834,RTWB
3/20/24,2024-03-20T09:00:00Z,38.3,-74.64,1.841,RTWB
3/21/24,2024-03-21T09:00:00Z,38.3,-74.64,1.612,RTWB
3/22/24,2024-03-22T09:00:00Z,38.3,-74.64,1.333,RTWB
3/23/24,2024-03-23T09:00:00Z,38.3,-74.64,1.144,RTWB
3/24/24,2024-03-24T09:00:00Z,38.3,-74.64,1.66,RTWB
3/25/24,2024-03-25T09:00:00Z,38.3,-74.64,1.66,RTWB
3/26/24,2024-03-26T09:00:00Z,38.3,-74.64,1.777,RTWB
3/27/24,2024-03-27T09:00:00Z,38.3,-74.64,1.721,RTWB
3/28/24,2024-03-28T09:00:00Z,38.3,-74.64,1.246,RTWB
3/29/24,2024-03-29T09:00:00Z,38.3,-74.64,1.315,RTWB
3/30/24,2024-03-30T09:00:00Z,38.3,-74.64,1.364,RTWB
3/31/24,2024-03-31T09:00:00Z,38.3,-74.64,1.449,RTWB
4/1/24,2024-04-01T09:00:00Z,38.3,-74.64,1.409,RTWB
4/2/24,2024-04-02T09:00:00Z,38.3,-74.64,1.096,RTWB
4/3/24,2024-04-03T09:00:00Z,38.3,-74.64,0.972,RTWB
4/4/24,2024-04-04T09:00:00Z,38.3,-74.64,0.728,RTWB
4/5/24,2024-04-05T09:00:00Z,38.3,-74.64,0.306,RTWB
4/6/24,2024-04-06T09:00:00Z,38.3,-74.64,0.066,RTWB
4/7/24,2024-04-07T09:00:00Z,38.3,-74.64,0.105,RTWB
4/8/24,2024-04-08T09:00:00Z,38.3,-74.64,0.146,RTWB
4/9/24,2024-04-09T09:00:00Z,38.3,-74.64,-0.091,RTWB
4/10/24,2024-04-10T09:00:00Z,38.3,-74.64,0.077,RTWB
4/11/24,2024-04-11T09:00:00Z,38.3,-74.64,0.978,RTWB
4/12/24,2024-04-12T09:00:00Z,38.3,-74.64,1.005,RTWB
4/13/24,2024-04-13T09:00:00Z,38.3,-74.64,1.046,RTWB
4/14/24,2024-04-14T09:00:00Z,38.3,-74.64,1.013,RTWB
4/15/24,2024-04-15T09:00:00Z,38.3,-74.64,1.847,RTWB
4/16/24,2024-04-16T09:00:00Z,38.3,-74.64,1.725,RTWB
4/17/24,2024-04-17T09:00:00Z,38.3,-74.64,1.771,RTWB
4/18/24,2024-04-18T09:00:00Z,38.3,-74.64,1.654,RTWB
4/19/24,2024-04-19T09:00:00Z,38.3,-74.64,1.281,RTWB
4/20/24,2024-04-20T09:00:00Z,38.3,-74.64,0.464,RTWB
4/21/24,2024-04-21T09:00:00Z,38.3,-74.64,0.182,RTWB
4/22/24,2024-04-22T09:00:00Z,38.3,-74.64,-0.381,RTWB
4/23/24,2024-04-23T09:00:00Z,38.3,-74.64,-0.764,RTWB
4/24/24,2024-04-24T09:00:00Z,38.3,-74.64,-0.442,RTWB
4/25/24,2024-04-25T09:00:00Z,38.3,-74.64,-0.485,RTWB
4/26/24,2024-04-26T09:00:00Z,38.3,-74.64,-0.82,RTWB
4/27/24,2024-04-27T09:00:00Z,38.3,-74.64,-1.232,RTWB
4/28/24,2024-04-28T09:00:00Z,38.3,-74.64,-1.363,RTWB
4/29/24,2024-04-29T09:00:00Z,38.3,-74.64,-0.556,RTWB
4/30/24,2024-04-30T09:00:00Z,38.3,-74.64,1.883,RTWB
5/1/24,2024-05-01T09:00:00Z,38.3,-74.64,2.279,RTWB
5/2/24,2024-05-02T09:00:00Z,38.3,-74.64,2.258,RTWB
5/3/24,2024-05-03T09:00:00Z,38.3,-74.64,1.904,RTWB
5/4/24,2024-05-04T09:00:00Z,38.3,-74.64,1.532,RTWB
5/5/24,2024-05-05T09:00:00Z,38.3,-74.64,1.359,RTWB
5/6/24,2024-05-06T09:00:00Z,38.3,-74.64,1.943,RTWB
5/7/24,2024-05-07T09:00:00Z,38.3,-74.64,1.884,RTWB
5/8/24,2024-05-08T09:00:00Z,38.3,-74.64,1.499,RTWB
5/9/24,2024-05-09T09:00:00Z,38.3,-74.64,1.463,RTWB
5/10/24,2024-05-10T09:00:00Z,38.3,-74.64,1.073,RTWB
5/11/24,2024-05-11T09:00:00Z,38.3,-74.64,0.798,RTWB
5/12/24,2024-05-12T09:00:00Z,38.3,-74.64,-0.262,RTWB
5/13/24,2024-05-13T09:00:00Z,38.3,-74.64,-1.15,RTWB
5/14/24,2024-05-14T09:00:00Z,38.3,-74.64,-1.335,RTWB
5/15/24,2024-05-15T09:00:00Z,38.3,-74.64,-1.77,RTWB
5/16/24,2024-05-16T09:00:00Z,38.3,-74.64,-2.245,RTWB
5/17/24,2024-05-17T09:00:00Z,38.3,-74.64,-2.267,RTWB
5/18/24,2024-05-18T09:00:00Z,38.3,-74.64,-2.54,RTWB
5/19/24,2024-05-19T09:00:00Z,38.3,-74.64,-2.289,RTWB
5/20/24,2024-05-20T09:00:00Z,38.3,-74.64,-2.028,RTWB
5/21/24,2024-05-21T09:00:00Z,38.3,-74.64,-1.417,RTWB
5/22/24,2024-05-22T09:00:00Z,38.3,-74.64,-1.149,RTWB
5/23/24,2024-05-23T09:00:00Z,38.3,-74.64,-0.171,RTWB
5/24/24,2024-05-24T09:00:00Z,38.3,-74.64,0.124,RTWB
5/25/24,2024-05-25T09:00:00Z,38.3,-74.64,0.688,RTWB
5/26/24,2024-05-26T09:00:00Z,38.3,-74.64,1.18,RTWB
5/27/24,2024-05-27T09:00:00Z,38.3,-74.64,1.726,RTWB
5/28/24,2024-05-28T09:00:00Z,38.3,-74.64,1.753,RTWB
5/29/24,2024-05-29T09:00:00Z,38.3,-74.64,1.795,RTWB
5/30/24,2024-05-30T09:00:00Z,38.3,-74.64,0.626,RTWB
5/31/24,2024-05-31T09:00:00Z,38.3,-74.64,0.503,RTWB
6/1/24,2024-06-01T09:00:00Z,38.3,-74.64,0.654,RTWB
6/2/24,2024-06-02T09:00:00Z,38.3,-74.64,1.207,RTWB
6/3/24,2024-06-03T09:00:00Z,38.3,-74.64,1.549,RTWB
6/4/24,2024-06-04T09:00:00Z,38.3,-74.64,1.418,RTWB
6/5/24,2024-06-05T09:00:00Z,38.3,-74.64,1.131,RTWB
6/6/24,2024-06-06T09:00:00Z,38.3,-74.64,1.453,RTWB
6/7/24,2024-06-07T09:00:00Z,38.3,-74.64,1.203,RTWB
6/8/24,2024-06-08T09:00:00Z,38.3,-74.64,1.094,RTWB
6/9/24,2024-06-09T09:00:00Z,38.3,-74.64,0.836,RTWB
6/10/24,2024-06-10T09:00:00Z,38.3,-74.64,-0.029,RTWB
6/11/24,2024-06-11T09:00:00Z,38.3,-74.64,-0.194,RTWB
6/12/24,2024-06-12T09:00:00Z,38.3,-74.64,0.121,RTWB
6/13/24,2024-06-13T09:00:00Z,38.3,-74.64,0.672,RTWB
6/14/24,2024-06-14T09:00:00Z,38.3,-74.64,0.884,RTWB
6/15/24,2024-06-15T09:00:00Z,38.3,-74.64,0.734,RTWB
6/16/24,2024-06-16T09:00:00Z,38.3,-74.64,0.706,RTWB
6/17/24,2024-06-17T09:00:00Z,38.3,-74.64,0.925,RTWB
6/18/24,2024-06-18T09:00:00Z,38.3,-74.64,0.931,RTWB
6/19/24,2024-06-19T09:00:00Z,38.3,-74.64,2.181,RTWB
6/20/24,2024-06-20T09:00:00Z,38.3,-74.64,2.551,RTWB
6/21/24,2024-06-21T09:00:00Z,38.3,-74.64,2.73,RTWB
6/22/24,2024-06-22T09:00:00Z,38.3,-74.64,2.775,RTWB
6/23/24,2024-06-23T09:00:00Z,38.3,-74.64,2.729,RTWB
6/24/24,2024-06-24T09:00:00Z,38.3,-74.64,2.376,RTWB
6/25/24,2024-06-25T09:00:00Z,38.3,-74.64,1.696,RTWB
6/26/24,2024-06-26T09:00:00Z,38.3,-74.64,-0.677,RTWB
6/27/24,2024-06-27T09:00:00Z,38.3,-74.64,-1.524,RTWB
6/28/24,2024-06-28T09:00:00Z,38.3,-74.64,-1.571,RTWB
6/29/24,2024-06-29T09:00:00Z,38.3,-74.64,-1.378,RTWB
6/30/24,2024-06-30T09:00:00Z,38.3,-74.64,-1.427,RTWB
7/1/24,2024-07-01T09:00:00Z,38.3,-74.64,-1.991,RTWB
7/2/24,2024-07-02T09:00:00Z,38.3,-74.64,-1.959,RTWB
7/3/24,2024-07-03T09:00:00Z,38.3,-74.64,-0.871,RTWB
7/4/24,2024-07-04T09:00:00Z,38.3,-74.64,-0.817,RTWB
7/5/24,2024-07-05T09:00:00Z,38.3,-74.64,-0.887,RTWB
7/6/24,2024-07-06T09:00:00Z,38.3,-74.64,-0.12,RTWB
7/7/24,2024-07-07T09:00:00Z,38.3,-74.64,-0.272,RTWB
7/8/24,2024-07-08T09:00:00Z,38.3,-74.64,0.242,RTWB
7/9/24,2024-07-09T09:00:00Z,38.3,-74.64,1.136,RTWB
7/10/24,2024-07-10T09:00:00Z,38.3,-74.64,1.066,RTWB
7/11/24,2024-07-11T09:00:00Z,38.3,-74.64,0.849,RTWB
7/12/24,2024-07-12T09:00:00Z,38.3,-74.64,0.015,RTWB
7/13/24,2024-07-13T09:00:00Z,38.3,-74.64,0.039,RTWB
7/14/24,2024-07-14T09:00:00Z,38.3,-74.64,0.38,RTWB
7/15/24,2024-07-15T09:00:00Z,38.3,-74.64,0.144,RTWB
10/27/24,2024-10-27T09:00:00Z,38.3,-74.64,0.682,RTWB
10/28/24,2024-10-28T09:00:00Z,38.3,-74.64,0.921,RTWB
10/29/24,2024-10-29T09:00:00Z,38.3,-74.64,0.943,RTWB
10/30/24,2024-10-30T09:00:00Z,38.3,-74.64,1.182,RTWB
10/31/24,2024-10-31T09:00:00Z,38.3,-74.64,1.938,RTWB
11/1/24,2024-11-01T09:00:00Z,38.3,-74.64,2.017,RTWB
11/2/24,2024-11-02T09:00:00Z,38.3,-74.64,1.714,RTWB
11/3/24,2024-11-03T09:00:00Z,38.3,-74.64,1.564,RTWB
11/4/24,2024-11-04T09:00:00Z,38.3,-74.64,1.663,RTWB
11/5/24,2024-11-05T09:00:00Z,38.3,-74.64,2.046,RTWB
11/6/24,2024-11-06T09:00:00Z,38.3,-74.64,2.265,RTWB
11/7/24,2024-11-07T09:00:00Z,38.3,-74.64,2.11,RTWB
11/8/24,2024-11-08T09:00:00Z,38.3,-74.64,2.481,RTWB
11/9/24,2024-11-09T09:00:00Z,38.3,-74.64,2.585,RTWB
11/10/24,2024-11-10T09:00:00Z,38.3,-74.64,2.52,RTWB
11/11/24,2024-11-11T09:00:00Z,38.3,-74.64,2.383,RTWB
11/12/24,2024-11-12T09:00:00Z,38.3,-74.64,2.43,RTWB
11/13/24,2024-11-13T09:00:00Z,38.3,-74.64,2.352,RTWB
11/14/24,2024-11-14T09:00:00Z,38.3,-74.64,2.439,RTWB
11/15/24,2024-11-15T09:00:00Z,38.3,-74.64,1.774,RTWB
11/16/24,2024-11-16T09:00:00Z,38.3,-74.64,1.756,RTWB
11/17/24,2024-11-17T09:00:00Z,38.3,-74.64,1.728,RTWB
11/18/24,2024-11-18T09:00:00Z,38.3,-74.64,1.932,RTWB
11/19/24,2024-11-19T09:00:00Z,38.3,-74.64,2.136,RTWB
11/20/24,2024-11-20T09:00:00Z,38.3,-74.64,2.308,RTWB
11/21/24,2024-11-21T09:00:00Z,38.3,-74.64,1.839,RTWB
11/22/24,2024-11-22T09:00:00Z,38.3,-74.64,1.593,RTWB
11/23/24,2024-11-23T09:00:00Z,38.3,-74.64,1.593,RTWB
11/24/24,2024-11-24T09:00:00Z,38.3,-74.64,1.506,RTWB
11/25/24,2024-11-25T09:00:00Z,38.3,-74.64,1.631,RTWB
11/26/24,2024-11-26T09:00:00Z,38.3,-74.64,1.779,RTWB
11/27/24,2024-11-27T09:00:00Z,38.3,-74.64,1.775,RTWB
11/28/24,2024-11-28T09:00:00Z,38.3,-74.64,1.666,RTWB
11/29/24,2024-11-29T09:00:00Z,38.3,-74.64,1.261,RTWB
11/30/24,2024-11-30T09:00:00Z,38.3,-74.64,1.348,RTWB
12/1/24,2024-12-01T09:00:00Z,38.3,-74.64,1.376,RTWB
12/2/24,2024-12-02T09:00:00Z,38.3,-74.64,0.94,RTWB
12/3/24,2024-12-03T09:00:00Z,38.3,-74.64,1.424,RTWB
12/4/24,2024-12-04T09:00:00Z,38.3,-74.64,1.21,RTWB
12/5/24,2024-12-05T09:00:00Z,38.3,-74.64,0.927,RTWB
12/6/24,2024-12-06T09:00:00Z,38.3,-74.64,0.866,RTWB
12/7/24,2024-12-07T09:00:00Z,38.3,-74.64,0.738,RTWB
12/8/24,2024-12-08T09:00:00Z,38.3,-74.64,-0.053,RTWB
12/9/24,2024-12-09T09:00:00Z,38.3,-74.64,-0.044,RTWB
12/10/24,2024-12-10T09:00:00Z,38.3,-74.64,0.505,RTWB
12/11/24,2024-12-11T09:00:00Z,38.3,-74.64,1.472,RTWB
12/12/24,2024-12-12T09:00:00Z,38.3,-74.64,1.39,RTWB
12/13/24,2024-12-13T09:00:00Z,38.3,-74.64,0.128,RTWB
12/14/24,2024-12-14T09:00:00Z,38.3,-74.64,-0.12,RTWB
12/15/24,2024-12-15T09:00:00Z,38.3,-74.64,-0.208,RTWB
12/16/24,2024-12-16T09:00:00Z,38.3,-74.64,-0.247,RTWB
12/17/24,2024-12-17T09:00:00Z,38.3,-74.64,0.574,RTWB
12/18/24,2024-12-18T09:00:00Z,38.3,-74.64,0.788,RTWB
12/19/24,2024-12-19T09:00:00Z,38.3,-74.64,0.992,RTWB
12/20/24,2024-12-20T09:00:00Z,38.3,-74.64,1.488,RTWB
12/21/24,2024-12-21T09:00:00Z,38.3,-74.64,1.001,RTWB
12/22/24,2024-12-22T09:00:00Z,38.3,-74.64,0.966,RTWB
12/23/24,2024-12-23T09:00:00Z,38.3,-74.64,1.031,RTWB
12/24/24,2024-12-24T09:00:00Z,38.3,-74.64,0.947,RTWB
12/25/24,2024-12-25T09:00:00Z,38.3,-74.64,1.179,RTWB
12/26/24,2024-12-26T09:00:00Z,38.3,-74.64,1.198,RTWB
12/27/24,2024-12-27T09:00:00Z,38.3,-74.64,0.773,RTWB
12/28/24,2024-12-28T09:00:00Z,38.3,-74.64,-0.256,RTWB
12/29/24,2024-12-29T09:00:00Z,38.3,-74.64,1.336,RTWB
12/30/24,2024-12-30T09:00:00Z,38.3,-74.64,1.759,RTWB
12/31/24,2024-12-31T09:00:00Z,38.3,-74.64,1.768,RTWB
11/3/14,2014-11-03T09:00:00Z,38.38,-74.81,0.296,A2M
11/4/14,2014-11-04T09:00:00Z,38.38,-74.81,0.372,A2M
11/5/14,2014-11-05T09:00:00Z,38.38,-74.81,0.529,A2M
11/6/14,2014-11-06T09:00:00Z,38.38,-74.81,0.189,A2M
11/7/14,2014-11-07T09:00:00Z,38.38,-74.81,0.383,A2M
11/8/14,2014-11-08T09:00:00Z,38.38,-74.81,0.448,A2M
11/9/14,2014-11-09T09:00:00Z,38.38,-74.81,-0.018,A2M
11/10/14,2014-11-10T09:00:00Z,38.38,-74.81,0.061,A2M
11/11/14,2014-11-11T09:00:00Z,38.38,-74.81,0.052,A2M
11/12/14,2014-11-12T09:00:00Z,38.38,-74.81,0.067,A2M
11/13/14,2014-11-13T09:00:00Z,38.38,-74.81,0.543,A2M
11/14/14,2014-11-14T09:00:00Z,38.38,-74.81,0.298,A2M
11/15/14,2014-11-15T09:00:00Z,38.38,-74.81,-0.348,A2M
11/16/14,2014-11-16T09:00:00Z,38.38,-74.81,-0.116,A2M
11/17/14,2014-11-17T09:00:00Z,38.38,-74.81,0.077,A2M
11/18/14,2014-11-18T09:00:00Z,38.38,-74.81,0.113,A2M
11/19/14,2014-11-19T09:00:00Z,38.38,-74.81,-0.228,A2M
11/20/14,2014-11-20T09:00:00Z,38.38,-74.81,-0.338,A2M
11/21/14,2014-11-21T09:00:00Z,38.38,-74.81,-0.709,A2M
11/22/14,2014-11-22T09:00:00Z,38.38,-74.81,-0.913,A2M
11/23/14,2014-11-23T09:00:00Z,38.38,-74.81,-0.861,A2M
11/24/14,2014-11-24T09:00:00Z,38.38,-74.81,-0.665,A2M
11/25/14,2014-11-25T09:00:00Z,38.38,-74.81,-0.139,A2M
11/26/14,2014-11-26T09:00:00Z,38.38,-74.81,-0.277,A2M
11/27/14,2014-11-27T09:00:00Z,38.38,-74.81,-0.444,A2M
11/28/14,2014-11-28T09:00:00Z,38.38,-74.81,-0.643,A2M
11/29/14,2014-11-29T09:00:00Z,38.38,-74.81,-0.469,A2M
11/30/14,2014-11-30T09:00:00Z,38.38,-74.81,-0.583,A2M
12/1/14,2014-12-01T09:00:00Z,38.38,-74.81,-0.583,A2M
12/2/14,2014-12-02T09:00:00Z,38.38,-74.81,-0.318,A2M
12/3/14,2014-12-03T09:00:00Z,38.38,-74.81,0.111,A2M
12/4/14,2014-12-04T09:00:00Z,38.38,-74.81,0.019,A2M
12/5/14,2014-12-05T09:00:00Z,38.38,-74.81,0.098,A2M
12/6/14,2014-12-06T09:00:00Z,38.38,-74.81,0.091,A2M
12/7/14,2014-12-07T09:00:00Z,38.38,-74.81,0.04,A2M
12/8/14,2014-12-08T09:00:00Z,38.38,-74.81,0.175,A2M
12/9/14,2014-12-09T09:00:00Z,38.38,-74.81,0.42,A2M
12/10/14,2014-12-10T09:00:00Z,38.38,-74.81,0.099,A2M
12/11/14,2014-12-11T09:00:00Z,38.38,-74.81,-0.927,A2M
12/12/14,2014-12-12T09:00:00Z,38.38,-74.81,-1.122,A2M
12/13/14,2014-12-13T09:00:00Z,38.38,-74.81,-0.643,A2M
12/14/14,2014-12-14T09:00:00Z,38.38,-74.81,-0.624,A2M
12/15/14,2014-12-15T09:00:00Z,38.38,-74.81,-0.684,A2M
12/16/14,2014-12-16T09:00:00Z,38.38,-74.81,-1.1,A2M
12/17/14,2014-12-17T09:00:00Z,38.38,-74.81,-0.899,A2M
12/18/14,2014-12-18T09:00:00Z,38.38,-74.81,-0.92,A2M
12/19/14,2014-12-19T09:00:00Z,38.38,-74.81,-1.365,A2M
12/20/14,2014-12-20T09:00:00Z,38.38,-74.81,-1.47,A2M
12/21/14,2014-12-21T09:00:00Z,38.38,-74.81,-1.103,A2M
12/22/14,2014-12-22T09:00:00Z,38.38,-74.81,-0.886,A2M
12/23/14,2014-12-23T09:00:00Z,38.38,-74.81,-0.971,A2M
12/24/14,2014-12-24T09:00:00Z,38.38,-74.81,-0.648,A2M
12/25/14,2014-12-25T09:00:00Z,38.38,-74.81,-0.728,A2M
12/26/14,2014-12-26T09:00:00Z,38.38,-74.81,-0.698,A2M
12/27/14,2014-12-27T09:00:00Z,38.38,-74.81,-0.528,A2M
12/28/14,2014-12-28T09:00:00Z,38.38,-74.81,-0.478,A2M
12/29/14,2014-12-29T09:00:00Z,38.38,-74.81,-0.838,A2M
12/30/14,2014-12-30T09:00:00Z,38.38,-74.81,-0.582,A2M
12/31/14,2014-12-31T09:00:00Z,38.38,-74.81,-0.562,A2M
1/1/15,2015-01-01T09:00:00Z,38.38,-74.81,-0.837,A2M
1/2/15,2015-01-02T09:00:00Z,38.38,-74.81,-0.759,A2M
1/3/15,2015-01-03T09:00:00Z,38.38,-74.81,-0.739,A2M
1/4/15,2015-01-04T09:00:00Z,38.38,-74.81,-0.007,A2M
1/5/15,2015-01-05T09:00:00Z,38.38,-74.81,0.457,A2M
1/6/15,2015-01-06T09:00:00Z,38.38,-74.81,-0.979,A2M
1/7/15,2015-01-07T09:00:00Z,38.38,-74.81,-1.636,A2M
1/8/15,2015-01-08T09:00:00Z,38.38,-74.81,-1.079,A2M
1/9/15,2015-01-09T09:00:00Z,38.38,-74.81,-0.725,A2M
1/10/15,2015-01-10T09:00:00Z,38.38,-74.81,-0.994,A2M
1/11/15,2015-01-11T09:00:00Z,38.38,-74.81,-0.908,A2M
1/12/15,2015-01-12T09:00:00Z,38.38,-74.81,-0.758,A2M
1/13/15,2015-01-13T09:00:00Z,38.38,-74.81,-0.726,A2M
1/14/15,2015-01-14T09:00:00Z,38.38,-74.81,-0.699,A2M
1/15/15,2015-01-15T09:00:00Z,38.38,-74.81,-1.318,A2M
1/16/15,2015-01-16T09:00:00Z,38.38,-74.81,-1.285,A2M
1/17/15,2015-01-17T09:00:00Z,38.38,-74.81,-1.311,A2M
1/18/15,2015-01-18T09:00:00Z,38.38,-74.81,-1.484,A2M
1/19/15,2015-01-19T09:00:00Z,38.38,-74.81,-1.416,A2M
1/20/15,2015-01-20T09:00:00Z,38.38,-74.81,-1.194,A2M
1/21/15,2015-01-21T09:00:00Z,38.38,-74.81,-0.803,A2M
1/22/15,2015-01-22T09:00:00Z,38.38,-74.81,-0.276,A2M
1/23/15,2015-01-23T09:00:00Z,38.38,-74.81,-0.388,A2M
1/24/15,2015-01-24T09:00:00Z,38.38,-74.81,-0.289,A2M
1/25/15,2015-01-25T09:00:00Z,38.38,-74.81,-0.211,A2M
1/26/15,2015-01-26T09:00:00Z,38.38,-74.81,-0.109,A2M
1/27/15,2015-01-27T09:00:00Z,38.38,-74.81,-1.127,A2M
1/28/15,2015-01-28T09:00:00Z,38.38,-74.81,-0.859,A2M
1/29/15,2015-01-29T09:00:00Z,38.38,-74.81,-0.678,A2M
1/30/15,2015-01-30T09:00:00Z,38.38,-74.81,-0.829,A2M
1/31/15,2015-01-31T09:00:00Z,38.38,-74.81,-1.161,A2M
2/1/15,2015-02-01T09:00:00Z,38.38,-74.81,-1.464,A2M
2/2/15,2015-02-02T09:00:00Z,38.38,-74.81,-1.86,A2M
2/3/15,2015-02-03T09:00:00Z,38.38,-74.81,-2.017,A2M
2/4/15,2015-02-04T09:00:00Z,38.38,-74.81,-1.817,A2M
2/5/15,2015-02-05T09:00:00Z,38.38,-74.81,-1.585,A2M
2/6/15,2015-02-06T09:00:00Z,38.38,-74.81,-1.543,A2M
2/7/15,2015-02-07T09:00:00Z,38.38,-74.81,-1.777,A2M
2/8/15,2015-02-08T09:00:00Z,38.38,-74.81,-1.822,A2M
2/9/15,2015-02-09T09:00:00Z,38.38,-74.81,-1.503,A2M
2/10/15,2015-02-10T09:00:00Z,38.38,-74.81,-1.2,A2M
2/11/15,2015-02-11T09:00:00Z,38.38,-74.81,-1.502,A2M
2/12/15,2015-02-12T09:00:00Z,38.38,-74.81,-1.527,A2M
2/13/15,2015-02-13T09:00:00Z,38.38,-74.81,-1.576,A2M
2/14/15,2015-02-14T09:00:00Z,38.38,-74.81,-1.851,A2M
2/15/15,2015-02-15T09:00:00Z,38.38,-74.81,-2.335,A2M
2/16/15,2015-02-16T09:00:00Z,38.38,-74.81,-2.59,A2M
2/17/15,2015-02-17T09:00:00Z,38.38,-74.81,-2.399,A2M
2/18/15,2015-02-18T09:00:00Z,38.38,-74.81,-1.969,A2M
2/19/15,2015-02-19T09:00:00Z,38.38,-74.81,-3.394,A2M
2/20/15,2015-02-20T09:00:00Z,38.38,-74.81,-3.729,A2M
2/21/15,2015-02-21T09:00:00Z,38.38,-74.81,-3.659,A2M
2/22/15,2015-02-22T09:00:00Z,38.38,-74.81,-4.101,A2M
2/23/15,2015-02-23T09:00:00Z,38.38,-74.81,-3.54,A2M
2/24/15,2015-02-24T09:00:00Z,38.38,-74.81,-3.481,A2M
2/25/15,2015-02-25T09:00:00Z,38.38,-74.81,-3.672,A2M
2/26/15,2015-02-26T09:00:00Z,38.38,-74.81,-3.684,A2M
2/27/15,2015-02-27T09:00:00Z,38.38,-74.81,-3.302,A2M
2/28/15,2015-02-28T09:00:00Z,38.38,-74.81,-3.175,A2M
3/1/15,2015-03-01T09:00:00Z,38.38,-74.81,-3.483,A2M
3/2/15,2015-03-02T09:00:00Z,38.38,-74.81,-3.297,A2M
3/3/15,2015-03-03T09:00:00Z,38.38,-74.81,-3.48,A2M
3/4/15,2015-03-04T09:00:00Z,38.38,-74.81,-2.999,A2M
3/5/15,2015-03-05T09:00:00Z,38.38,-74.81,-3.113,A2M
3/6/15,2015-03-06T09:00:00Z,38.38,-74.81,-3.313,A2M
3/7/15,2015-03-07T09:00:00Z,38.38,-74.81,-2.985,A2M
3/8/15,2015-03-08T09:00:00Z,38.38,-74.81,-3.254,A2M
3/9/15,2015-03-09T09:00:00Z,38.38,-74.81,-3.335,A2M
3/10/15,2015-03-10T09:00:00Z,38.38,-74.81,-2.719,A2M
3/11/15,2015-03-11T09:00:00Z,38.38,-74.81,-2.693,A2M
3/12/15,2015-03-12T09:00:00Z,38.38,-74.81,-2.914,A2M
3/13/15,2015-03-13T09:00:00Z,38.38,-74.81,-2.987,A2M
3/14/15,2015-03-14T09:00:00Z,38.38,-74.81,-2.934,A2M
3/15/15,2015-03-15T09:00:00Z,38.38,-74.81,-2.402,A2M
3/16/15,2015-03-16T09:00:00Z,38.38,-74.81,-1.789,A2M
3/17/15,2015-03-17T09:00:00Z,38.38,-74.81,-2.03,A2M
3/18/15,2015-03-18T09:00:00Z,38.38,-74.81,-2.169,A2M
3/19/15,2015-03-19T09:00:00Z,38.38,-74.81,-2.053,A2M
3/20/15,2015-03-20T09:00:00Z,38.38,-74.81,-2.659,A2M
3/21/15,2015-03-21T09:00:00Z,38.38,-74.81,-2.652,A2M
3/22/15,2015-03-22T09:00:00Z,38.38,-74.81,-2.462,A2M
3/23/15,2015-03-23T09:00:00Z,38.38,-74.81,-2.312,A2M
3/24/15,2015-03-24T09:00:00Z,38.38,-74.81,-2.314,A2M
3/25/15,2015-03-25T09:00:00Z,38.38,-74.81,-2.142,A2M
3/26/15,2015-03-26T09:00:00Z,38.38,-74.81,-2.174,A2M
3/27/15,2015-03-27T09:00:00Z,38.38,-74.81,-2.278,A2M
3/28/15,2015-03-28T09:00:00Z,38.38,-74.81,-2.357,A2M
3/29/15,2015-03-29T09:00:00Z,38.38,-74.81,-2.484,A2M
3/30/15,2015-03-30T09:00:00Z,38.38,-74.81,-2.388,A2M
3/31/15,2015-03-31T09:00:00Z,38.38,-74.81,-2.349,A2M
4/1/15,2015-04-01T09:00:00Z,38.38,-74.81,-1.896,A2M
4/2/15,2015-04-02T09:00:00Z,38.38,-74.81,-2.042,A2M
4/3/15,2015-04-03T09:00:00Z,38.38,-74.81,-2.477,A2M
4/4/15,2015-04-04T09:00:00Z,38.38,-74.81,-1.562,A2M
4/5/15,2015-04-05T09:00:00Z,38.38,-74.81,-1.472,A2M
4/6/15,2015-04-06T09:00:00Z,38.38,-74.81,-1.489,A2M
4/7/15,2015-04-07T09:00:00Z,38.38,-74.81,-1.758,A2M
4/8/15,2015-04-08T09:00:00Z,38.38,-74.81,-0.327,A2M
4/9/15,2015-04-09T09:00:00Z,38.38,-74.81,-0.155,A2M
4/10/15,2015-04-10T09:00:00Z,38.38,-74.81,-1.019,A2M
4/11/15,2015-04-11T09:00:00Z,38.38,-74.81,-1.114,A2M
4/12/15,2015-04-12T09:00:00Z,38.38,-74.81,-1.101,A2M
4/13/15,2015-04-13T09:00:00Z,38.38,-74.81,-1.124,A2M
4/14/15,2015-04-14T09:00:00Z,38.38,-74.81,-0.915,A2M
4/15/15,2015-04-15T09:00:00Z,38.38,-74.81,-0.695,A2M
4/16/15,2015-04-16T09:00:00Z,38.38,-74.81,-0.376,A2M
4/17/15,2015-04-17T09:00:00Z,38.38,-74.81,-0.499,A2M
4/18/15,2015-04-18T09:00:00Z,38.38,-74.81,-0.44,A2M
4/19/15,2015-04-19T09:00:00Z,38.38,-74.81,0.605,A2M
4/20/15,2015-04-20T09:00:00Z,38.38,-74.81,-0.029,A2M
4/21/15,2015-04-21T09:00:00Z,38.38,-74.81,-0.051,A2M
4/22/15,2015-04-22T09:00:00Z,38.38,-74.81,-0.397,A2M
4/23/15,2015-04-23T09:00:00Z,38.38,-74.81,-1.167,A2M
4/24/15,2015-04-24T09:00:00Z,38.38,-74.81,-1.453,A2M
4/25/15,2015-04-25T09:00:00Z,38.38,-74.81,-1.877,A2M
4/26/15,2015-04-26T09:00:00Z,38.38,-74.81,-2.15,A2M
4/27/15,2015-04-27T09:00:00Z,38.38,-74.81,-2.274,A2M
4/28/15,2015-04-28T09:00:00Z,38.38,-74.81,-2.014,A2M
4/29/15,2015-04-29T09:00:00Z,38.38,-74.81,-1.565,A2M
4/30/15,2015-04-30T09:00:00Z,38.38,-74.81,-1.478,A2M
5/1/15,2015-05-01T09:00:00Z,38.38,-74.81,-1.529,A2M
5/2/15,2015-05-02T09:00:00Z,38.38,-74.81,-1.666,A2M
5/3/15,2015-05-03T09:00:00Z,38.38,-74.81,-0.372,A2M
5/4/15,2015-05-04T09:00:00Z,38.38,-74.81,-0.038,A2M
5/5/15,2015-05-05T09:00:00Z,38.38,-74.81,0.753,A2M
5/6/15,2015-05-06T09:00:00Z,38.38,-74.81,0.668,A2M
5/7/15,2015-05-07T09:00:00Z,38.38,-74.81,0.929,A2M
5/8/15,2015-05-08T09:00:00Z,38.38,-74.81,0.628,A2M
5/9/15,2015-05-09T09:00:00Z,38.38,-74.81,4.296,A2M
5/10/15,2015-05-10T09:00:00Z,38.38,-74.81,3.823,A2M
5/11/15,2015-05-11T09:00:00Z,38.38,-74.81,3.356,A2M
5/12/15,2015-05-12T09:00:00Z,38.38,-74.81,3.252,A2M
5/13/15,2015-05-13T09:00:00Z,38.38,-74.81,2.281,A2M
5/14/15,2015-05-14T09:00:00Z,38.38,-74.81,1.018,A2M
5/15/15,2015-05-15T09:00:00Z,38.38,-74.81,0.933,A2M
5/16/15,2015-05-16T09:00:00Z,38.38,-74.81,0.634,A2M
5/17/15,2015-05-17T09:00:00Z,38.38,-74.81,0.197,A2M
5/18/15,2015-05-18T09:00:00Z,38.38,-74.81,0.809,A2M
5/19/15,2015-05-19T09:00:00Z,38.38,-74.81,1.831,A2M
5/20/15,2015-05-20T09:00:00Z,38.38,-74.81,1.63,A2M
5/21/15,2015-05-21T09:00:00Z,38.38,-74.81,0.611,A2M
5/22/15,2015-05-22T09:00:00Z,38.38,-74.81,-0.014,A2M
5/23/15,2015-05-23T09:00:00Z,38.38,-74.81,0.02,A2M
5/24/15,2015-05-24T09:00:00Z,38.38,-74.81,0.035,A2M
5/25/15,2015-05-25T09:00:00Z,38.38,-74.81,-0.44,A2M
5/26/15,2015-05-26T09:00:00Z,38.38,-74.81,0.341,A2M
5/27/15,2015-05-27T09:00:00Z,38.38,-74.81,0.974,A2M
5/28/15,2015-05-28T09:00:00Z,38.38,-74.81,1.068,A2M
5/29/15,2015-05-29T09:00:00Z,38.38,-74.81,1.563,A2M
5/30/15,2015-05-30T09:00:00Z,38.38,-74.81,1.319,A2M
5/31/15,2015-05-31T09:00:00Z,38.38,-74.81,1.271,A2M
6/1/15,2015-06-01T09:00:00Z,38.38,-74.81,1.142,A2M
6/2/15,2015-06-02T09:00:00Z,38.38,-74.81,1.202,A2M
6/3/15,2015-06-03T09:00:00Z,38.38,-74.81,1.151,A2M
6/4/15,2015-06-04T09:00:00Z,38.38,-74.81,0.794,A2M
6/5/15,2015-06-05T09:00:00Z,38.38,-74.81,-1.039,A2M
6/6/15,2015-06-06T09:00:00Z,38.38,-74.81,-1.198,A2M
6/7/15,2015-06-07T09:00:00Z,38.38,-74.81,-1.174,A2M
6/8/15,2015-06-08T09:00:00Z,38.38,-74.81,-1.524,A2M
6/9/15,2015-06-09T09:00:00Z,38.38,-74.81,-0.57,A2M
6/10/15,2015-06-10T09:00:00Z,38.38,-74.81,-0.93,A2M
6/11/15,2015-06-11T09:00:00Z,38.38,-74.81,-0.357,A2M
6/12/15,2015-06-12T09:00:00Z,38.38,-74.81,-0.51,A2M
6/13/15,2015-06-13T09:00:00Z,38.38,-74.81,0.03,A2M
6/14/15,2015-06-14T09:00:00Z,38.38,-74.81,0.066,A2M
6/15/15,2015-06-15T09:00:00Z,38.38,-74.81,1.569,A2M
6/16/15,2015-06-16T09:00:00Z,38.38,-74.81,2.396,A2M
6/17/15,2015-06-17T09:00:00Z,38.38,-74.81,2.337,A2M
6/18/15,2015-06-18T09:00:00Z,38.38,-74.81,2.228,A2M
6/19/15,2015-06-19T09:00:00Z,38.38,-74.81,1.562,A2M
6/20/15,2015-06-20T09:00:00Z,38.38,-74.81,2.408,A2M
6/21/15,2015-06-21T09:00:00Z,38.38,-74.81,-2.399,A2M
6/22/15,2015-06-22T09:00:00Z,38.38,-74.81,-0.196,A2M
6/23/15,2015-06-23T09:00:00Z,38.38,-74.81,1.035,A2M
6/24/15,2015-06-24T09:00:00Z,38.38,-74.81,1.192,A2M
6/25/15,2015-06-25T09:00:00Z,38.38,-74.81,0.86,A2M
6/26/15,2015-06-26T09:00:00Z,38.38,-74.81,0.687,A2M
6/27/15,2015-06-27T09:00:00Z,38.38,-74.81,0.441,A2M
6/28/15,2015-06-28T09:00:00Z,38.38,-74.81,-0.325,A2M
6/29/15,2015-06-29T09:00:00Z,38.38,-74.81,-0.615,A2M
6/30/15,2015-06-30T09:00:00Z,38.38,-74.81,-0.725,A2M
7/1/15,2015-07-01T09:00:00Z,38.38,-74.81,0.38,A2M
7/2/15,2015-07-02T09:00:00Z,38.38,-74.81,0.509,A2M
7/3/15,2015-07-03T09:00:00Z,38.38,-74.81,0.271,A2M
7/4/15,2015-07-04T09:00:00Z,38.38,-74.81,0.196,A2M
7/5/15,2015-07-05T09:00:00Z,38.38,-74.81,1.576,A2M
7/6/15,2015-07-06T09:00:00Z,38.38,-74.81,1.186,A2M
7/7/15,2015-07-07T09:00:00Z,38.38,-74.81,1.106,A2M
7/8/15,2015-07-08T09:00:00Z,38.38,-74.81,0.999,A2M
7/9/15,2015-07-09T09:00:00Z,38.38,-74.81,1.016,A2M
7/10/15,2015-07-10T09:00:00Z,38.38,-74.81,0.924,A2M
7/11/15,2015-07-11T09:00:00Z,38.38,-74.81,0.645,A2M
7/12/15,2015-07-12T09:00:00Z,38.38,-74.81,0.474,A2M
7/13/15,2015-07-13T09:00:00Z,38.38,-74.81,0.504,A2M
7/14/15,2015-07-14T09:00:00Z,38.38,-74.81,0.686,A2M
7/15/15,2015-07-15T09:00:00Z,38.38,-74.81,0.66,A2M
7/16/15,2015-07-16T09:00:00Z,38.38,-74.81,0.168,A2M
7/17/15,2015-07-17T09:00:00Z,38.38,-74.81,-0.146,A2M
7/18/15,2015-07-18T09:00:00Z,38.38,-74.81,-0.264,A2M
7/19/15,2015-07-19T09:00:00Z,38.38,-74.81,-0.052,A2M
7/20/15,2015-07-20T09:00:00Z,38.38,-74.81,1.649,A2M
7/21/15,2015-07-21T09:00:00Z,38.38,-74.81,1.535,A2M
7/22/15,2015-07-22T09:00:00Z,38.38,-74.81,1.171,A2M
7/23/15,2015-07-23T09:00:00Z,38.38,-74.81,1.006,A2M
7/24/15,2015-07-24T09:00:00Z,38.38,-74.81,0.986,A2M
7/25/15,2015-07-25T09:00:00Z,38.38,-74.81,0.765,A2M
7/26/15,2015-07-26T09:00:00Z,38.38,-74.81,1.765,A2M
7/27/15,2015-07-27T09:00:00Z,38.38,-74.81,1.575,A2M
7/28/15,2015-07-28T09:00:00Z,38.38,-74.81,1.615,A2M
7/29/15,2015-07-29T09:00:00Z,38.38,-74.81,1.708,A2M
7/30/15,2015-07-30T09:00:00Z,38.38,-74.81,1.93,A2M
7/31/15,2015-07-31T09:00:00Z,38.38,-74.81,2.473,A2M
8/1/15,2015-08-01T09:00:00Z,38.38,-74.81,2.218,A2M
8/2/15,2015-08-02T09:00:00Z,38.38,-74.81,2.101,A2M
8/3/15,2015-08-03T09:00:00Z,38.38,-74.81,1.937,A2M
8/4/15,2015-08-04T09:00:00Z,38.38,-74.81,1.923,A2M
8/5/15,2015-08-05T09:00:00Z,38.38,-74.81,1.689,A2M
8/6/15,2015-08-06T09:00:00Z,38.38,-74.81,1.589,A2M
8/7/15,2015-08-07T09:00:00Z,38.38,-74.81,-0.159,A2M
8/8/15,2015-08-08T09:00:00Z,38.38,-74.81,0.027,A2M
8/9/15,2015-08-09T09:00:00Z,38.38,-74.81,-0.086,A2M
8/10/15,2015-08-10T09:00:00Z,38.38,-74.81,-0.226,A2M
8/11/15,2015-08-11T09:00:00Z,38.38,-74.81,-0.024,A2M
8/12/15,2015-08-12T09:00:00Z,38.38,-74.81,0.405,A2M
8/13/15,2015-08-13T09:00:00Z,38.38,-74.81,0.62,A2M
8/14/15,2015-08-14T09:00:00Z,38.38,-74.81,0.726,A2M
8/15/15,2015-08-15T09:00:00Z,38.38,-74.81,0.837,A2M
8/16/15,2015-08-16T09:00:00Z,38.38,-74.81,0.985,A2M
8/17/15,2015-08-17T09:00:00Z,38.38,-74.81,0.999,A2M
8/18/15,2015-08-18T09:00:00Z,38.38,-74.81,1.605,A2M
8/19/15,2015-08-19T09:00:00Z,38.38,-74.81,1.555,A2M
8/20/15,2015-08-20T09:00:00Z,38.38,-74.81,1.504,A2M
8/21/15,2015-08-21T09:00:00Z,38.38,-74.81,1.886,A2M
8/22/15,2015-08-22T09:00:00Z,38.38,-74.81,2.068,A2M
8/23/15,2015-08-23T09:00:00Z,38.38,-74.81,2.157,A2M
9/19/15,2015-09-19T09:00:00Z,38.38,-74.81,2.476,A2M
9/20/15,2015-09-20T09:00:00Z,38.38,-74.81,3.067,A2M
9/21/15,2015-09-21T09:00:00Z,38.38,-74.81,3.13,A2M
9/22/15,2015-09-22T09:00:00Z,38.38,-74.81,2.557,A2M
9/23/15,2015-09-23T09:00:00Z,38.38,-74.81,1.467,A2M
9/24/15,2015-09-24T09:00:00Z,38.38,-74.81,1.471,A2M
9/25/15,2015-09-25T09:00:00Z,38.38,-74.81,1.562,A2M
9/26/15,2015-09-26T09:00:00Z,38.38,-74.81,0.811,A2M
9/27/15,2015-09-27T09:00:00Z,38.38,-74.81,0.606,A2M
9/28/15,2015-09-28T09:00:00Z,38.38,-74.81,0.941,A2M
9/29/15,2015-09-29T09:00:00Z,38.38,-74.81,1.093,A2M
9/30/15,2015-09-30T09:00:00Z,38.38,-74.81,1.254,A2M
10/1/15,2015-10-01T09:00:00Z,38.38,-74.81,1.054,A2M
10/2/15,2015-10-02T09:00:00Z,38.38,-74.81,0.641,A2M
10/3/15,2015-10-03T09:00:00Z,38.38,-74.81,0.568,A2M
10/4/15,2015-10-04T09:00:00Z,38.38,-74.81,-0.51,A2M
10/5/15,2015-10-05T09:00:00Z,38.38,-74.81,-1.341,A2M
10/6/15,2015-10-06T09:00:00Z,38.38,-74.81,-1.163,A2M
10/7/15,2015-10-07T09:00:00Z,38.38,-74.81,-1.049,A2M
10/8/15,2015-10-08T09:00:00Z,38.38,-74.81,-0.957,A2M
10/9/15,2015-10-09T09:00:00Z,38.38,-74.81,-0.84,A2M
10/10/15,2015-10-10T09:00:00Z,38.38,-74.81,-0.778,A2M
10/11/15,2015-10-11T09:00:00Z,38.38,-74.81,-0.428,A2M
10/12/15,2015-10-12T09:00:00Z,38.38,-74.81,-0.321,A2M
10/13/15,2015-10-13T09:00:00Z,38.38,-74.81,-0.229,A2M
10/14/15,2015-10-14T09:00:00Z,38.38,-74.81,-0.266,A2M
10/15/15,2015-10-15T09:00:00Z,38.38,-74.81,-0.34,A2M
10/16/15,2015-10-16T09:00:00Z,38.38,-74.81,-0.412,A2M
10/17/15,2015-10-17T09:00:00Z,38.38,-74.81,-0.338,A2M
10/18/15,2015-10-18T09:00:00Z,38.38,-74.81,-0.197,A2M
10/19/15,2015-10-19T09:00:00Z,38.38,-74.81,-0.688,A2M
10/20/15,2015-10-20T09:00:00Z,38.38,-74.81,-0.572,A2M
10/21/15,2015-10-21T09:00:00Z,38.38,-74.81,-0.274,A2M
10/22/15,2015-10-22T09:00:00Z,38.38,-74.81,-0.208,A2M
10/23/15,2015-10-23T09:00:00Z,38.38,-74.81,-0.464,A2M
10/24/15,2015-10-24T09:00:00Z,38.38,-74.81,-0.341,A2M
10/25/15,2015-10-25T09:00:00Z,38.38,-74.81,-0.255,A2M
10/26/15,2015-10-26T09:00:00Z,38.38,-74.81,0.039,A2M
10/27/15,2015-10-27T09:00:00Z,38.38,-74.81,0.368,A2M
10/28/15,2015-10-28T09:00:00Z,38.38,-74.81,0.411,A2M
10/29/15,2015-10-29T09:00:00Z,38.38,-74.81,0.205,A2M
10/30/15,2015-10-30T09:00:00Z,38.38,-74.81,0.547,A2M
10/31/15,2015-10-31T09:00:00Z,38.38,-74.81,0.845,A2M
11/1/15,2015-11-01T09:00:00Z,38.38,-74.81,1.051,A2M
11/2/15,2015-11-02T09:00:00Z,38.38,-74.81,1.225,A2M
11/3/15,2015-11-03T09:00:00Z,38.38,-74.81,1.397,A2M
11/4/15,2015-11-04T09:00:00Z,38.38,-74.81,1.475,A2M
11/5/15,2015-11-05T09:00:00Z,38.38,-74.81,1.749,A2M
11/6/15,2015-11-06T09:00:00Z,38.38,-74.81,1.814,A2M
11/7/15,2015-11-07T09:00:00Z,38.38,-74.81,1.682,A2M
11/8/15,2015-11-08T09:00:00Z,38.38,-74.81,1.77,A2M
11/9/15,2015-11-09T09:00:00Z,38.38,-74.81,1.876,A2M
11/10/15,2015-11-10T09:00:00Z,38.38,-74.81,1.564,A2M
11/11/15,2015-11-11T09:00:00Z,38.38,-74.81,1.893,A2M
11/12/15,2015-11-12T09:00:00Z,38.38,-74.81,1.944,A2M
11/13/15,2015-11-13T09:00:00Z,38.38,-74.81,1.706,A2M
11/14/15,2015-11-14T09:00:00Z,38.38,-74.81,1.671,A2M
11/15/15,2015-11-15T09:00:00Z,38.38,-74.81,1.678,A2M
11/16/15,2015-11-16T09:00:00Z,38.38,-74.81,1.733,A2M
11/17/15,2015-11-17T09:00:00Z,38.38,-74.81,1.621,A2M
11/18/15,2015-11-18T09:00:00Z,38.38,-74.81,1.845,A2M
11/19/15,2015-11-19T09:00:00Z,38.38,-74.81,1.874,A2M
11/20/15,2015-11-20T09:00:00Z,38.38,-74.81,2.141,A2M
11/21/15,2015-11-21T09:00:00Z,38.38,-74.81,2.338,A2M
11/22/15,2015-11-22T09:00:00Z,38.38,-74.81,1.338,A2M
11/23/15,2015-11-23T09:00:00Z,38.38,-74.81,1.574,A2M
11/24/15,2015-11-24T09:00:00Z,38.38,-74.81,0.629,A2M
11/25/15,2015-11-25T09:00:00Z,38.38,-74.81,0.407,A2M
11/26/15,2015-11-26T09:00:00Z,38.38,-74.81,1.157,A2M
11/27/15,2015-11-27T09:00:00Z,38.38,-74.81,1.256,A2M
11/28/15,2015-11-28T09:00:00Z,38.38,-74.81,1.186,A2M
11/29/15,2015-11-29T09:00:00Z,38.38,-74.81,1.196,A2M
11/30/15,2015-11-30T09:00:00Z,38.38,-74.81,1.966,A2M
12/1/15,2015-12-01T09:00:00Z,38.38,-74.81,2.192,A2M
12/2/15,2015-12-02T09:00:00Z,38.38,-74.81,1.839,A2M
12/3/15,2015-12-03T09:00:00Z,38.38,-74.81,1.937,A2M
12/4/15,2015-12-04T09:00:00Z,38.38,-74.81,2.168,A2M
12/5/15,2015-12-05T09:00:00Z,38.38,-74.81,2.249,A2M
12/6/15,2015-12-06T09:00:00Z,38.38,-74.81,2.229,A2M
12/7/15,2015-12-07T09:00:00Z,38.38,-74.81,1.979,A2M
12/8/15,2015-12-08T09:00:00Z,38.38,-74.81,2.02,A2M
12/9/15,2015-12-09T09:00:00Z,38.38,-74.81,2.358,A2M
12/10/15,2015-12-10T09:00:00Z,38.38,-74.81,2.442,A2M
12/11/15,2015-12-11T09:00:00Z,38.38,-74.81,2.1,A2M
12/12/15,2015-12-12T09:00:00Z,38.38,-74.81,2.463,A2M
12/13/15,2015-12-13T09:00:00Z,38.38,-74.81,2.586,A2M
12/14/15,2015-12-14T09:00:00Z,38.38,-74.81,3.531,A2M
12/15/15,2015-12-15T09:00:00Z,38.38,-74.81,3.518,A2M
12/16/15,2015-12-16T09:00:00Z,38.38,-74.81,3.669,A2M
12/17/15,2015-12-17T09:00:00Z,38.38,-74.81,3.839,A2M
12/18/15,2015-12-18T09:00:00Z,38.38,-74.81,3.336,A2M
12/19/15,2015-12-19T09:00:00Z,38.38,-74.81,2.565,A2M
12/20/15,2015-12-20T09:00:00Z,38.38,-74.81,2.588,A2M
12/21/15,2015-12-21T09:00:00Z,38.38,-74.81,2.903,A2M
12/22/15,2015-12-22T09:00:00Z,38.38,-74.81,3.559,A2M
12/23/15,2015-12-23T09:00:00Z,38.38,-74.81,4.193,A2M
12/24/15,2015-12-24T09:00:00Z,38.38,-74.81,4.489,A2M
12/25/15,2015-12-25T09:00:00Z,38.38,-74.81,4.646,A2M
12/26/15,2015-12-26T09:00:00Z,38.38,-74.81,5.03,A2M
12/27/15,2015-12-27T09:00:00Z,38.38,-74.81,5.082,A2M
12/28/15,2015-12-28T09:00:00Z,38.38,-74.81,4.587,A2M
12/29/15,2015-12-29T09:00:00Z,38.38,-74.81,4.444,A2M
12/30/15,2015-12-30T09:00:00Z,38.38,-74.81,4.537,A2M
12/31/15,2015-12-31T09:00:00Z,38.38,-74.81,4.095,A2M
1/1/16,2016-01-01T09:00:00Z,38.38,-74.81,4.349,A2M
1/2/16,2016-01-02T09:00:00Z,38.38,-74.81,3.96,A2M
1/3/16,2016-01-03T09:00:00Z,38.38,-74.81,3.713,A2M
1/4/16,2016-01-04T09:00:00Z,38.38,-74.81,3.881,A2M
1/5/16,2016-01-05T09:00:00Z,38.38,-74.81,3.326,A2M
1/6/16,2016-01-06T09:00:00Z,38.38,-74.81,3.177,A2M
1/7/16,2016-01-07T09:00:00Z,38.38,-74.81,3.011,A2M
1/8/16,2016-01-08T09:00:00Z,38.38,-74.81,3.041,A2M
1/9/16,2016-01-09T09:00:00Z,38.38,-74.81,3.366,A2M
1/10/16,2016-01-10T09:00:00Z,38.38,-74.81,3.126,A2M
1/11/16,2016-01-11T09:00:00Z,38.38,-74.81,2.73,A2M
1/12/16,2016-01-12T09:00:00Z,38.38,-74.81,2.678,A2M
1/13/16,2016-01-13T09:00:00Z,38.38,-74.81,2.457,A2M
1/14/16,2016-01-14T09:00:00Z,38.38,-74.81,2.43,A2M
1/15/16,2016-01-15T09:00:00Z,38.38,-74.81,2.578,A2M
1/16/16,2016-01-16T09:00:00Z,38.38,-74.81,2.653,A2M
1/17/16,2016-01-17T09:00:00Z,38.38,-74.81,2.734,A2M
1/18/16,2016-01-18T09:00:00Z,38.38,-74.81,1.989,A2M
1/19/16,2016-01-19T09:00:00Z,38.38,-74.81,2.167,A2M
1/20/16,2016-01-20T09:00:00Z,38.38,-74.81,1.92,A2M
1/21/16,2016-01-21T09:00:00Z,38.38,-74.81,1.853,A2M
1/22/16,2016-01-22T09:00:00Z,38.38,-74.81,1.457,A2M
1/23/16,2016-01-23T09:00:00Z,38.38,-74.81,1.268,A2M
1/24/16,2016-01-24T09:00:00Z,38.38,-74.81,1.142,A2M
1/25/16,2016-01-25T09:00:00Z,38.38,-74.81,0.955,A2M
1/26/16,2016-01-26T09:00:00Z,38.38,-74.81,0.529,A2M
1/27/16,2016-01-27T09:00:00Z,38.38,-74.81,0.383,A2M
1/28/16,2016-01-28T09:00:00Z,38.38,-74.81,0.441,A2M
1/29/16,2016-01-29T09:00:00Z,38.38,-74.81,1.167,A2M
1/30/16,2016-01-30T09:00:00Z,38.38,-74.81,1.08,A2M
1/31/16,2016-01-31T09:00:00Z,38.38,-74.81,1.291,A2M
2/1/16,2016-02-01T09:00:00Z,38.38,-74.81,1.32,A2M
2/2/16,2016-02-02T09:00:00Z,38.38,-74.81,1.334,A2M
2/3/16,2016-02-03T09:00:00Z,38.38,-74.81,1.201,A2M
2/4/16,2016-02-04T09:00:00Z,38.38,-74.81,1.509,A2M
2/5/16,2016-02-05T09:00:00Z,38.38,-74.81,1.745,A2M
2/6/16,2016-02-06T09:00:00Z,38.38,-74.81,1.851,A2M
2/7/16,2016-02-07T09:00:00Z,38.38,-74.81,1.835,A2M
2/8/16,2016-02-08T09:00:00Z,38.38,-74.81,1.73,A2M
2/9/16,2016-02-09T09:00:00Z,38.38,-74.81,1.392,A2M
2/10/16,2016-02-10T09:00:00Z,38.38,-74.81,1.252,A2M
2/11/16,2016-02-11T09:00:00Z,38.38,-74.81,1.007,A2M
2/12/16,2016-02-12T09:00:00Z,38.38,-74.81,0.534,A2M
2/13/16,2016-02-13T09:00:00Z,38.38,-74.81,0.362,A2M
2/14/16,2016-02-14T09:00:00Z,38.38,-74.81,0.338,A2M
2/15/16,2016-02-15T09:00:00Z,38.38,-74.81,0.226,A2M
2/16/16,2016-02-16T09:00:00Z,38.38,-74.81,0.174,A2M
2/17/16,2016-02-17T09:00:00Z,38.38,-74.81,0.265,A2M
2/18/16,2016-02-18T09:00:00Z,38.38,-74.81,0.348,A2M
2/19/16,2016-02-19T09:00:00Z,38.38,-74.81,0.404,A2M
2/20/16,2016-02-20T09:00:00Z,38.38,-74.81,0.652,A2M
2/21/16,2016-02-21T09:00:00Z,38.38,-74.81,1.059,A2M
2/22/16,2016-02-22T09:00:00Z,38.38,-74.81,1.86,A2M
2/23/16,2016-02-23T09:00:00Z,38.38,-74.81,2.18,A2M
2/24/16,2016-02-24T09:00:00Z,38.38,-74.81,1.989,A2M
2/25/16,2016-02-25T09:00:00Z,38.38,-74.81,0.855,A2M
2/26/16,2016-02-26T09:00:00Z,38.38,-74.81,0.744,A2M
2/27/16,2016-02-27T09:00:00Z,38.38,-74.81,1.014,A2M
2/28/16,2016-02-28T09:00:00Z,38.38,-74.81,1.066,A2M
3/1/16,2016-03-01T09:00:00Z,38.38,-74.81,1.654,A2M
3/2/16,2016-03-02T09:00:00Z,38.38,-74.81,1.904,A2M
3/3/16,2016-03-03T09:00:00Z,38.38,-74.81,1.806,A2M
3/4/16,2016-03-04T09:00:00Z,38.38,-74.81,1.617,A2M
3/5/16,2016-03-05T09:00:00Z,38.38,-74.81,1.701,A2M
3/6/16,2016-03-06T09:00:00Z,38.38,-74.81,0.952,A2M
3/7/16,2016-03-07T09:00:00Z,38.38,-74.81,0.583,A2M
3/8/16,2016-03-08T09:00:00Z,38.38,-74.81,1.317,A2M
3/9/16,2016-03-09T09:00:00Z,38.38,-74.81,1.706,A2M
3/10/16,2016-03-10T09:00:00Z,38.38,-74.81,2.078,A2M
3/11/16,2016-03-11T09:00:00Z,38.38,-74.81,1.995,A2M
3/12/16,2016-03-12T09:00:00Z,38.38,-74.81,1.805,A2M
3/13/16,2016-03-13T09:00:00Z,38.38,-74.81,1.504,A2M
3/14/16,2016-03-14T09:00:00Z,38.38,-74.81,1.69,A2M
3/15/16,2016-03-15T09:00:00Z,38.38,-74.81,1.951,A2M
3/16/16,2016-03-16T09:00:00Z,38.38,-74.81,2.037,A2M
3/17/16,2016-03-17T09:00:00Z,38.38,-74.81,2.31,A2M
3/18/16,2016-03-18T09:00:00Z,38.38,-74.81,2.714,A2M
3/19/16,2016-03-19T09:00:00Z,38.38,-74.81,2.445,A2M
3/20/16,2016-03-20T09:00:00Z,38.38,-74.81,2.416,A2M
3/21/16,2016-03-21T09:00:00Z,38.38,-74.81,1.077,A2M
3/22/16,2016-03-22T09:00:00Z,38.38,-74.81,1.058,A2M
3/23/16,2016-03-23T09:00:00Z,38.38,-74.81,1.204,A2M
3/24/16,2016-03-24T09:00:00Z,38.38,-74.81,1.398,A2M
3/25/16,2016-03-25T09:00:00Z,38.38,-74.81,1.71,A2M
3/26/16,2016-03-26T09:00:00Z,38.38,-74.81,1.847,A2M
3/27/16,2016-03-27T09:00:00Z,38.38,-74.81,2.038,A2M
3/28/16,2016-03-28T09:00:00Z,38.38,-74.81,2.004,A2M
3/29/16,2016-03-29T09:00:00Z,38.38,-74.81,2.096,A2M
3/30/16,2016-03-30T09:00:00Z,38.38,-74.81,2.056,A2M
3/31/16,2016-03-31T09:00:00Z,38.38,-74.81,1.992,A2M
4/1/16,2016-04-01T09:00:00Z,38.38,-74.81,1.848,A2M
4/2/16,2016-04-02T09:00:00Z,38.38,-74.81,1.514,A2M
4/3/16,2016-04-03T09:00:00Z,38.38,-74.81,1.801,A2M
4/4/16,2016-04-04T09:00:00Z,38.38,-74.81,1.685,A2M
4/5/16,2016-04-05T09:00:00Z,38.38,-74.81,1.047,A2M
4/6/16,2016-04-06T09:00:00Z,38.38,-74.81,0.884,A2M
4/7/16,2016-04-07T09:00:00Z,38.38,-74.81,1.076,A2M
4/8/16,2016-04-08T09:00:00Z,38.38,-74.81,1.268,A2M
4/9/16,2016-04-09T09:00:00Z,38.38,-74.81,1.059,A2M
4/10/16,2016-04-10T09:00:00Z,38.38,-74.81,0.974,A2M
4/11/16,2016-04-11T09:00:00Z,38.38,-74.81,0.711,A2M
4/12/16,2016-04-12T09:00:00Z,38.38,-74.81,1.048,A2M
4/13/16,2016-04-13T09:00:00Z,38.38,-74.81,1.443,A2M
4/14/16,2016-04-14T09:00:00Z,38.38,-74.81,1.227,A2M
4/15/16,2016-04-15T09:00:00Z,38.38,-74.81,1.063,A2M
4/16/16,2016-04-16T09:00:00Z,38.38,-74.81,1.102,A2M
4/17/16,2016-04-17T09:00:00Z,38.38,-74.81,0.977,A2M
4/18/16,2016-04-18T09:00:00Z,38.38,-74.81,0.541,A2M
4/19/16,2016-04-19T09:00:00Z,38.38,-74.81,0.665,A2M
4/20/16,2016-04-20T09:00:00Z,38.38,-74.81,1.245,A2M
4/21/16,2016-04-21T09:00:00Z,38.38,-74.81,1.2,A2M
4/22/16,2016-04-22T09:00:00Z,38.38,-74.81,1.474,A2M
4/23/16,2016-04-23T09:00:00Z,38.38,-74.81,1.9,A2M
4/24/16,2016-04-24T09:00:00Z,38.38,-74.81,1.56,A2M
4/25/16,2016-04-25T09:00:00Z,38.38,-74.81,1.227,A2M
4/26/16,2016-04-26T09:00:00Z,38.38,-74.81,0.789,A2M
4/27/16,2016-04-27T09:00:00Z,38.38,-74.81,0.28,A2M
4/28/16,2016-04-28T09:00:00Z,38.38,-74.81,0.812,A2M
4/29/16,2016-04-29T09:00:00Z,38.38,-74.81,0.315,A2M
4/30/16,2016-04-30T09:00:00Z,38.38,-74.81,0.033,A2M
5/1/16,2016-05-01T09:00:00Z,38.38,-74.81,-0.221,A2M
5/2/16,2016-05-02T09:00:00Z,38.38,-74.81,-0.668,A2M
5/3/16,2016-05-03T09:00:00Z,38.38,-74.81,-0.992,A2M
5/4/16,2016-05-04T09:00:00Z,38.38,-74.81,-1.253,A2M
5/5/16,2016-05-05T09:00:00Z,38.38,-74.81,-1.941,A2M
5/6/16,2016-05-06T09:00:00Z,38.38,-74.81,-0.864,A2M
5/7/16,2016-05-07T09:00:00Z,38.38,-74.81,-0.473,A2M
5/8/16,2016-05-08T09:00:00Z,38.38,-74.81,-0.2,A2M
5/9/16,2016-05-09T09:00:00Z,38.38,-74.81,-0.319,A2M
5/10/16,2016-05-10T09:00:00Z,38.38,-74.81,-0.76,A2M
5/11/16,2016-05-11T09:00:00Z,38.38,-74.81,-1.126,A2M
5/12/16,2016-05-12T09:00:00Z,38.38,-74.81,-1.098,A2M
5/13/16,2016-05-13T09:00:00Z,38.38,-74.81,-0.103,A2M
5/14/16,2016-05-14T09:00:00Z,38.38,-74.81,-0.197,A2M
5/15/16,2016-05-15T09:00:00Z,38.38,-74.81,-0.491,A2M
5/16/16,2016-05-16T09:00:00Z,38.38,-74.81,-0.886,A2M
5/17/16,2016-05-17T09:00:00Z,38.38,-74.81,-0.696,A2M
5/18/16,2016-05-18T09:00:00Z,38.38,-74.81,-0.807,A2M
5/19/16,2016-05-19T09:00:00Z,38.38,-74.81,-1.17,A2M
5/20/16,2016-05-20T09:00:00Z,38.38,-74.81,-1.162,A2M
5/21/16,2016-05-21T09:00:00Z,38.38,-74.81,-1.328,A2M
5/22/16,2016-05-22T09:00:00Z,38.38,-74.81,-1.762,A2M
5/23/16,2016-05-23T09:00:00Z,38.38,-74.81,-0.432,A2M
5/24/16,2016-05-24T09:00:00Z,38.38,-74.81,-0.755,A2M
5/25/16,2016-05-25T09:00:00Z,38.38,-74.81,-0.635,A2M
5/26/16,2016-05-26T09:00:00Z,38.38,-74.81,-0.637,A2M
5/27/16,2016-05-27T09:00:00Z,38.38,-74.81,0.185,A2M
5/28/16,2016-05-28T09:00:00Z,38.38,-74.81,-0.236,A2M
5/29/16,2016-05-29T09:00:00Z,38.38,-74.81,-0.638,A2M
5/30/16,2016-05-30T09:00:00Z,38.38,-74.81,-0.732,A2M
5/31/16,2016-05-31T09:00:00Z,38.38,-74.81,1.317,A2M
6/1/16,2016-06-01T09:00:00Z,38.38,-74.81,2.547,A2M
6/2/16,2016-06-02T09:00:00Z,38.38,-74.81,2.574,A2M
6/3/16,2016-06-03T09:00:00Z,38.38,-74.81,2.461,A2M
6/4/16,2016-06-04T09:00:00Z,38.38,-74.81,2.02,A2M
6/5/16,2016-06-05T09:00:00Z,38.38,-74.81,1.955,A2M
6/6/16,2016-06-06T09:00:00Z,38.38,-74.81,1.628,A2M
6/7/16,2016-06-07T09:00:00Z,38.38,-74.81,1.059,A2M
6/8/16,2016-06-08T09:00:00Z,38.38,-74.81,0.237,A2M
6/9/16,2016-06-09T09:00:00Z,38.38,-74.81,-0.923,A2M
6/10/16,2016-06-10T09:00:00Z,38.38,-74.81,-1.283,A2M
6/11/16,2016-06-11T09:00:00Z,38.38,-74.81,-1.433,A2M
6/12/16,2016-06-12T09:00:00Z,38.38,-74.81,-0.482,A2M
6/13/16,2016-06-13T09:00:00Z,38.38,-74.81,-0.498,A2M
6/14/16,2016-06-14T09:00:00Z,38.38,-74.81,-0.437,A2M
6/15/16,2016-06-15T09:00:00Z,38.38,-74.81,-0.745,A2M
6/16/16,2016-06-16T09:00:00Z,38.38,-74.81,-0.694,A2M
6/17/16,2016-06-17T09:00:00Z,38.38,-74.81,-0.863,A2M
6/18/16,2016-06-18T09:00:00Z,38.38,-74.81,-1.347,A2M
6/19/16,2016-06-19T09:00:00Z,38.38,-74.81,-1.55,A2M
6/20/16,2016-06-20T09:00:00Z,38.38,-74.81,-0.644,A2M
6/21/16,2016-06-21T09:00:00Z,38.38,-74.81,-0.267,A2M
6/22/16,2016-06-22T09:00:00Z,38.38,-74.81,0.077,A2M
6/23/16,2016-06-23T09:00:00Z,38.38,-74.81,-0.243,A2M
6/24/16,2016-06-24T09:00:00Z,38.38,-74.81,-0.626,A2M
6/25/16,2016-06-25T09:00:00Z,38.38,-74.81,-0.497,A2M
6/26/16,2016-06-26T09:00:00Z,38.38,-74.81,-0.522,A2M
6/27/16,2016-06-27T09:00:00Z,38.38,-74.81,-0.763,A2M
6/28/16,2016-06-28T09:00:00Z,38.38,-74.81,-0.566,A2M
6/29/16,2016-06-29T09:00:00Z,38.38,-74.81,-0.145,A2M
6/30/16,2016-06-30T09:00:00Z,38.38,-74.81,-0.204,A2M
7/1/16,2016-07-01T09:00:00Z,38.38,-74.81,-0.141,A2M
7/2/16,2016-07-02T09:00:00Z,38.38,-74.81,-0.289,A2M
7/3/16,2016-07-03T09:00:00Z,38.38,-74.81,-0.318,A2M
7/4/16,2016-07-04T09:00:00Z,38.38,-74.81,-0.346,A2M
7/5/16,2016-07-05T09:00:00Z,38.38,-74.81,0.606,A2M
7/6/16,2016-07-06T09:00:00Z,38.38,-74.81,0.926,A2M
7/7/16,2016-07-07T09:00:00Z,38.38,-74.81,1.662,A2M
7/8/16,2016-07-08T09:00:00Z,38.38,-74.81,1.711,A2M
7/9/16,2016-07-09T09:00:00Z,38.38,-74.81,1.818,A2M
7/10/16,2016-07-10T09:00:00Z,38.38,-74.81,1.654,A2M
7/11/16,2016-07-11T09:00:00Z,38.38,-74.81,1.662,A2M
7/12/16,2016-07-12T09:00:00Z,38.38,-74.81,1.267,A2M
7/13/16,2016-07-13T09:00:00Z,38.38,-74.81,1.527,A2M
7/14/16,2016-07-14T09:00:00Z,38.38,-74.81,1.428,A2M
7/15/16,2016-07-15T09:00:00Z,38.38,-74.81,1.324,A2M
7/16/16,2016-07-16T09:00:00Z,38.38,-74.81,1.313,A2M
7/17/16,2016-07-17T09:00:00Z,38.38,-74.81,1.267,A2M
7/25/16,2016-07-25T09:00:00Z,38.38,-74.81,0.608,A2M
7/26/16,2016-07-26T09:00:00Z,38.38,-74.81,1.991,A2M
7/27/16,2016-07-27T09:00:00Z,38.38,-74.81,2.801,A2M
7/28/16,2016-07-28T09:00:00Z,38.38,-74.81,2.624,A2M
7/29/16,2016-07-29T09:00:00Z,38.38,-74.81,2.66,A2M
7/30/16,2016-07-30T09:00:00Z,38.38,-74.81,2.564,A2M
7/31/16,2016-07-31T09:00:00Z,38.38,-74.81,2.568,A2M
8/1/16,2016-08-01T09:00:00Z,38.38,-74.81,2.376,A2M
8/2/16,2016-08-02T09:00:00Z,38.38,-74.81,2.217,A2M
8/3/16,2016-08-03T09:00:00Z,38.38,-74.81,1.373,A2M
8/4/16,2016-08-04T09:00:00Z,38.38,-74.81,1.114,A2M
8/5/16,2016-08-05T09:00:00Z,38.38,-74.81,0.984,A2M
8/6/16,2016-08-06T09:00:00Z,38.38,-74.81,1.17,A2M
8/7/16,2016-08-07T09:00:00Z,38.38,-74.81,1.38,A2M
8/8/16,2016-08-08T09:00:00Z,38.38,-74.81,1.198,A2M
8/9/16,2016-08-09T09:00:00Z,38.38,-74.81,1.186,A2M
8/10/16,2016-08-10T09:00:00Z,38.38,-74.81,1.5,A2M
8/11/16,2016-08-11T09:00:00Z,38.38,-74.81,2.47,A2M
8/12/16,2016-08-12T09:00:00Z,38.38,-74.81,2.682,A2M
8/13/16,2016-08-13T09:00:00Z,38.38,-74.81,2.47,A2M
8/14/16,2016-08-14T09:00:00Z,38.38,-74.81,2.258,A2M
8/15/16,2016-08-15T09:00:00Z,38.38,-74.81,2.569,A2M
8/16/16,2016-08-16T09:00:00Z,38.38,-74.81,2.623,A2M
8/17/16,2016-08-17T09:00:00Z,38.38,-74.81,2.557,A2M
8/18/16,2016-08-18T09:00:00Z,38.38,-74.81,2.339,A2M
8/19/16,2016-08-19T09:00:00Z,38.38,-74.81,2.597,A2M
8/20/16,2016-08-20T09:00:00Z,38.38,-74.81,1.909,A2M
8/21/16,2016-08-21T09:00:00Z,38.38,-74.81,1.354,A2M
8/22/16,2016-08-22T09:00:00Z,38.38,-74.81,1.044,A2M
8/23/16,2016-08-23T09:00:00Z,38.38,-74.81,1.074,A2M
8/24/16,2016-08-24T09:00:00Z,38.38,-74.81,1.168,A2M
8/25/16,2016-08-25T09:00:00Z,38.38,-74.81,1.212,A2M
8/26/16,2016-08-26T09:00:00Z,38.38,-74.81,0.967,A2M
8/27/16,2016-08-27T09:00:00Z,38.38,-74.81,0.888,A2M
8/28/16,2016-08-28T09:00:00Z,38.38,-74.81,1.413,A2M
8/29/16,2016-08-29T09:00:00Z,38.38,-74.81,1.285,A2M
8/30/16,2016-08-30T09:00:00Z,38.38,-74.81,1.389,A2M
8/31/16,2016-08-31T09:00:00Z,38.38,-74.81,1.773,A2M
9/1/16,2016-09-01T09:00:00Z,38.38,-74.81,1.432,A2M
9/2/16,2016-09-02T09:00:00Z,38.38,-74.81,1.166,A2M
9/3/16,2016-09-03T09:00:00Z,38.38,-74.81,1.088,A2M
9/4/16,2016-09-04T09:00:00Z,38.38,-74.81,-0.144,A2M
9/5/16,2016-09-05T09:00:00Z,38.38,-74.81,-0.437,A2M
9/6/16,2016-09-06T09:00:00Z,38.38,-74.81,-0.084,A2M
9/7/16,2016-09-07T09:00:00Z,38.38,-74.81,0.487,A2M
9/8/16,2016-09-08T09:00:00Z,38.38,-74.81,0.915,A2M
9/9/16,2016-09-09T09:00:00Z,38.38,-74.81,1.293,A2M
9/10/16,2016-09-10T09:00:00Z,38.38,-74.81,1.409,A2M
9/11/16,2016-09-11T09:00:00Z,38.38,-74.81,1.263,A2M
9/12/16,2016-09-12T09:00:00Z,38.38,-74.81,0.903,A2M
9/13/16,2016-09-13T09:00:00Z,38.38,-74.81,0.914,A2M
9/14/16,2016-09-14T09:00:00Z,38.38,-74.81,1.013,A2M
9/15/16,2016-09-15T09:00:00Z,38.38,-74.81,1.438,A2M
9/16/16,2016-09-16T09:00:00Z,38.38,-74.81,1.329,A2M
9/17/16,2016-09-17T09:00:00Z,38.38,-74.81,1.421,A2M
9/18/16,2016-09-18T09:00:00Z,38.38,-74.81,1.867,A2M
9/19/16,2016-09-19T09:00:00Z,38.38,-74.81,2.193,A2M
9/20/16,2016-09-20T09:00:00Z,38.38,-74.81,2.32,A2M
9/21/16,2016-09-21T09:00:00Z,38.38,-74.81,2.274,A2M
9/22/16,2016-09-22T09:00:00Z,38.38,-74.81,1.82,A2M
9/23/16,2016-09-23T09:00:00Z,38.38,-74.81,1.77,A2M
9/24/16,2016-09-24T09:00:00Z,38.38,-74.81,1.896,A2M
9/25/16,2016-09-25T09:00:00Z,38.38,-74.81,1.861,A2M
9/26/16,2016-09-26T09:00:00Z,38.38,-74.81,1.349,A2M
9/27/16,2016-09-27T09:00:00Z,38.38,-74.81,0.33,A2M
9/28/16,2016-09-28T09:00:00Z,38.38,-74.81,0.629,A2M
9/29/16,2016-09-29T09:00:00Z,38.38,-74.81,1.037,A2M
9/30/16,2016-09-30T09:00:00Z,38.38,-74.81,0.869,A2M
10/1/16,2016-10-01T09:00:00Z,38.38,-74.81,0.189,A2M
10/2/16,2016-10-02T09:00:00Z,38.38,-74.81,1.03,A2M
10/3/16,2016-10-03T09:00:00Z,38.38,-74.81,1.101,A2M
10/4/16,2016-10-04T09:00:00Z,38.38,-74.81,1.045,A2M
10/5/16,2016-10-05T09:00:00Z,38.38,-74.81,0.705,A2M
10/6/16,2016-10-06T09:00:00Z,38.38,-74.81,0.682,A2M
10/7/16,2016-10-07T09:00:00Z,38.38,-74.81,0.82,A2M
10/8/16,2016-10-08T09:00:00Z,38.38,-74.81,0.79,A2M
10/9/16,2016-10-09T09:00:00Z,38.38,-74.81,0.402,A2M
10/10/16,2016-10-10T09:00:00Z,38.38,-74.81,0.355,A2M
10/11/16,2016-10-11T09:00:00Z,38.38,-74.81,0.119,A2M
10/12/16,2016-10-12T09:00:00Z,38.38,-74.81,0.207,A2M
10/13/16,2016-10-13T09:00:00Z,38.38,-74.81,0.064,A2M
10/14/16,2016-10-14T09:00:00Z,38.38,-74.81,0.074,A2M
10/15/16,2016-10-15T09:00:00Z,38.38,-74.81,-0.132,A2M
10/16/16,2016-10-16T09:00:00Z,38.38,-74.81,-0.025,A2M
10/17/16,2016-10-17T09:00:00Z,38.38,-74.81,0.378,A2M
10/18/16,2016-10-18T09:00:00Z,38.38,-74.81,1.105,A2M
10/19/16,2016-10-19T09:00:00Z,38.38,-74.81,1.375,A2M
10/20/16,2016-10-20T09:00:00Z,38.38,-74.81,1.698,A2M
10/21/16,2016-10-21T09:00:00Z,38.38,-74.81,2.003,A2M
10/22/16,2016-10-22T09:00:00Z,38.38,-74.81,1.158,A2M
10/23/16,2016-10-23T09:00:00Z,38.38,-74.81,1.169,A2M
10/24/16,2016-10-24T09:00:00Z,38.38,-74.81,0.986,A2M
10/25/16,2016-10-25T09:00:00Z,38.38,-74.81,0.699,A2M
10/26/16,2016-10-26T09:00:00Z,38.38,-74.81,0.554,A2M
10/27/16,2016-10-27T09:00:00Z,38.38,-74.81,0.614,A2M
10/28/16,2016-10-28T09:00:00Z,38.38,-74.81,-0.255,A2M
10/29/16,2016-10-29T09:00:00Z,38.38,-74.81,0.002,A2M
10/30/16,2016-10-30T09:00:00Z,38.38,-74.81,0.448,A2M
10/31/16,2016-10-31T09:00:00Z,38.38,-74.81,0.782,A2M
11/1/16,2016-11-01T09:00:00Z,38.38,-74.81,0.583,A2M
11/2/16,2016-11-02T09:00:00Z,38.38,-74.81,0.736,A2M
11/3/16,2016-11-03T09:00:00Z,38.38,-74.81,1.428,A2M
11/4/16,2016-11-04T09:00:00Z,38.38,-74.81,1.557,A2M
11/5/16,2016-11-05T09:00:00Z,38.38,-74.81,1.663,A2M
11/6/16,2016-11-06T09:00:00Z,38.38,-74.81,1.813,A2M
11/7/16,2016-11-07T09:00:00Z,38.38,-74.81,1.443,A2M
11/8/16,2016-11-08T09:00:00Z,38.38,-74.81,1.495,A2M
11/9/16,2016-11-09T09:00:00Z,38.38,-74.81,1.599,A2M
11/10/16,2016-11-10T09:00:00Z,38.38,-74.81,1.277,A2M
11/11/16,2016-11-11T09:00:00Z,38.38,-74.81,1.337,A2M
11/12/16,2016-11-12T09:00:00Z,38.38,-74.81,1.062,A2M
11/13/16,2016-11-13T09:00:00Z,38.38,-74.81,0.866,A2M
11/14/16,2016-11-14T09:00:00Z,38.38,-74.81,0.942,A2M
11/15/16,2016-11-15T09:00:00Z,38.38,-74.81,0.975,A2M
11/16/16,2016-11-16T09:00:00Z,38.38,-74.81,0.943,A2M
11/17/16,2016-11-17T09:00:00Z,38.38,-74.81,1.059,A2M
11/18/16,2016-11-18T09:00:00Z,38.38,-74.81,1.268,A2M
11/19/16,2016-11-19T09:00:00Z,38.38,-74.81,1.452,A2M
11/20/16,2016-11-20T09:00:00Z,38.38,-74.81,1.357,A2M
11/21/16,2016-11-21T09:00:00Z,38.38,-74.81,1.017,A2M
11/22/16,2016-11-22T09:00:00Z,38.38,-74.81,0.363,A2M
11/23/16,2016-11-23T09:00:00Z,38.38,-74.81,0.353,A2M
11/24/16,2016-11-24T09:00:00Z,38.38,-74.81,-0.034,A2M
11/25/16,2016-11-25T09:00:00Z,38.38,-74.81,0.084,A2M
11/26/16,2016-11-26T09:00:00Z,38.38,-74.81,0.397,A2M
11/27/16,2016-11-27T09:00:00Z,38.38,-74.81,0.519,A2M
11/28/16,2016-11-28T09:00:00Z,38.38,-74.81,0.508,A2M
11/29/16,2016-11-29T09:00:00Z,38.38,-74.81,0.582,A2M
11/30/16,2016-11-30T09:00:00Z,38.38,-74.81,0.783,A2M
12/2/16,2016-12-02T09:00:00Z,38.38,-74.81,0.765,A2M
12/3/16,2016-12-03T09:00:00Z,38.38,-74.81,1.036,A2M
12/4/16,2016-12-04T09:00:00Z,38.38,-74.81,1.332,A2M
12/5/16,2016-12-05T09:00:00Z,38.38,-74.81,1.368,A2M
12/6/16,2016-12-06T09:00:00Z,38.38,-74.81,0.869,A2M
12/7/16,2016-12-07T09:00:00Z,38.38,-74.81,0.01,A2M
12/8/16,2016-12-08T09:00:00Z,38.38,-74.81,0.271,A2M
12/9/16,2016-12-09T09:00:00Z,38.38,-74.81,0.581,A2M
12/10/16,2016-12-10T09:00:00Z,38.38,-74.81,0.712,A2M
12/11/16,2016-12-11T09:00:00Z,38.38,-74.81,0.687,A2M
12/12/16,2016-12-12T09:00:00Z,38.38,-74.81,0.863,A2M
12/13/16,2016-12-13T09:00:00Z,38.38,-74.81,0.918,A2M
12/14/16,2016-12-14T09:00:00Z,38.38,-74.81,0.046,A2M
12/15/16,2016-12-15T09:00:00Z,38.38,-74.81,0.09,A2M
12/16/16,2016-12-16T09:00:00Z,38.38,-74.81,0.227,A2M
12/17/16,2016-12-17T09:00:00Z,38.38,-74.81,0.13,A2M
12/18/16,2016-12-18T09:00:00Z,38.38,-74.81,0.651,A2M
12/19/16,2016-12-19T09:00:00Z,38.38,-74.81,0.497,A2M
12/20/16,2016-12-20T09:00:00Z,38.38,-74.81,0.582,A2M
12/21/16,2016-12-21T09:00:00Z,38.38,-74.81,0.671,A2M
12/22/16,2016-12-22T09:00:00Z,38.38,-74.81,0.796,A2M
12/23/16,2016-12-23T09:00:00Z,38.38,-74.81,1.01,A2M
12/24/16,2016-12-24T09:00:00Z,38.38,-74.81,0.875,A2M
12/25/16,2016-12-25T09:00:00Z,38.38,-74.81,0.148,A2M
12/26/16,2016-12-26T09:00:00Z,38.38,-74.81,0.286,A2M
12/27/16,2016-12-27T09:00:00Z,38.38,-74.81,0.127,A2M
12/28/16,2016-12-28T09:00:00Z,38.38,-74.81,0.392,A2M
12/29/16,2016-12-29T09:00:00Z,38.38,-74.81,0.525,A2M
12/30/16,2016-12-30T09:00:00Z,38.38,-74.81,0.698,A2M
12/31/16,2016-12-31T09:00:00Z,38.38,-74.81,0.518,A2M
1/1/17,2017-01-01T09:00:00Z,38.38,-74.81,0.686,A2M
1/2/17,2017-01-02T09:00:00Z,38.38,-74.81,1.114,A2M
1/3/17,2017-01-03T09:00:00Z,38.38,-74.81,1.273,A2M
1/4/17,2017-01-04T09:00:00Z,38.38,-74.81,1.35,A2M
1/5/17,2017-01-05T09:00:00Z,38.38,-74.81,1.313,A2M
1/6/17,2017-01-06T09:00:00Z,38.38,-74.81,0.794,A2M
1/7/17,2017-01-07T09:00:00Z,38.38,-74.81,0.369,A2M
1/8/17,2017-01-08T09:00:00Z,38.38,-74.81,-0.582,A2M
1/9/17,2017-01-09T09:00:00Z,38.38,-74.81,-0.545,A2M
1/10/17,2017-01-10T09:00:00Z,38.38,-74.81,-0.3,A2M
1/11/17,2017-01-11T09:00:00Z,38.38,-74.81,-0.074,A2M
1/12/17,2017-01-12T09:00:00Z,38.38,-74.81,0.249,A2M
1/13/17,2017-01-13T09:00:00Z,38.38,-74.81,0.352,A2M
1/14/17,2017-01-14T09:00:00Z,38.38,-74.81,0.338,A2M
1/15/17,2017-01-15T09:00:00Z,38.38,-74.81,1.14,A2M
1/16/17,2017-01-16T09:00:00Z,38.38,-74.81,1.531,A2M
1/17/17,2017-01-17T09:00:00Z,38.38,-74.81,0.906,A2M
1/18/17,2017-01-18T09:00:00Z,38.38,-74.81,1.072,A2M
1/19/17,2017-01-19T09:00:00Z,38.38,-74.81,1.422,A2M
1/20/17,2017-01-20T09:00:00Z,38.38,-74.81,1.494,A2M
1/21/17,2017-01-21T09:00:00Z,38.38,-74.81,1.531,A2M
1/22/17,2017-01-22T09:00:00Z,38.38,-74.81,2.191,A2M
1/23/17,2017-01-23T09:00:00Z,38.38,-74.81,2.495,A2M
1/24/17,2017-01-24T09:00:00Z,38.38,-74.81,1.403,A2M
1/25/17,2017-01-25T09:00:00Z,38.38,-74.81,1.213,A2M
1/26/17,2017-01-26T09:00:00Z,38.38,-74.81,1.151,A2M
1/27/17,2017-01-27T09:00:00Z,38.38,-74.81,1.139,A2M
1/28/17,2017-01-28T09:00:00Z,38.38,-74.81,1.251,A2M
1/29/17,2017-01-29T09:00:00Z,38.38,-74.81,1.307,A2M
1/30/17,2017-01-30T09:00:00Z,38.38,-74.81,1.232,A2M
1/31/17,2017-01-31T09:00:00Z,38.38,-74.81,1.369,A2M
2/1/17,2017-02-01T09:00:00Z,38.38,-74.81,1.49,A2M
2/2/17,2017-02-02T09:00:00Z,38.38,-74.81,1.229,A2M
2/3/17,2017-02-03T09:00:00Z,38.38,-74.81,1.038,A2M
2/4/17,2017-02-04T09:00:00Z,38.38,-74.81,1.192,A2M
2/5/17,2017-02-05T09:00:00Z,38.38,-74.81,1.073,A2M
2/6/17,2017-02-06T09:00:00Z,38.38,-74.81,1.142,A2M
2/7/17,2017-02-07T09:00:00Z,38.38,-74.81,1.126,A2M
2/8/17,2017-02-08T09:00:00Z,38.38,-74.81,1.392,A2M
2/9/17,2017-02-09T09:00:00Z,38.38,-74.81,1.897,A2M
2/10/17,2017-02-10T09:00:00Z,38.38,-74.81,1.99,A2M
2/11/17,2017-02-11T09:00:00Z,38.38,-74.81,2.355,A2M
2/12/17,2017-02-12T09:00:00Z,38.38,-74.81,2.412,A2M
2/13/17,2017-02-13T09:00:00Z,38.38,-74.81,2.406,A2M
2/14/17,2017-02-14T09:00:00Z,38.38,-74.81,1.882,A2M
2/15/17,2017-02-15T09:00:00Z,38.38,-74.81,1.439,A2M
2/16/17,2017-02-16T09:00:00Z,38.38,-74.81,1.424,A2M
2/17/17,2017-02-17T09:00:00Z,38.38,-74.81,1.435,A2M
2/18/17,2017-02-18T09:00:00Z,38.38,-74.81,1.404,A2M
2/19/17,2017-02-19T09:00:00Z,38.38,-74.81,1.412,A2M
2/20/17,2017-02-20T09:00:00Z,38.38,-74.81,1.766,A2M
2/21/17,2017-02-21T09:00:00Z,38.38,-74.81,1.979,A2M
2/22/17,2017-02-22T09:00:00Z,38.38,-74.81,1.976,A2M
2/23/17,2017-02-23T09:00:00Z,38.38,-74.81,1.689,A2M
2/24/17,2017-02-24T09:00:00Z,38.38,-74.81,2.653,A2M
2/25/17,2017-02-25T09:00:00Z,38.38,-74.81,2.392,A2M
2/26/17,2017-02-26T09:00:00Z,38.38,-74.81,2.226,A2M
2/27/17,2017-02-27T09:00:00Z,38.38,-74.81,2.266,A2M
2/28/17,2017-02-28T09:00:00Z,38.38,-74.81,2.462,A2M
3/1/17,2017-03-01T09:00:00Z,38.38,-74.81,2.238,A2M
3/2/17,2017-03-02T09:00:00Z,38.38,-74.81,3.038,A2M
3/3/17,2017-03-03T09:00:00Z,38.38,-74.81,2.889,A2M
3/4/17,2017-03-04T09:00:00Z,38.38,-74.81,2.674,A2M
3/5/17,2017-03-05T09:00:00Z,38.38,-74.81,2.394,A2M
3/6/17,2017-03-06T09:00:00Z,38.38,-74.81,2.137,A2M
3/7/17,2017-03-07T09:00:00Z,38.38,-74.81,2.071,A2M
3/8/17,2017-03-08T09:00:00Z,38.38,-74.81,1.72,A2M
3/9/17,2017-03-09T09:00:00Z,38.38,-74.81,2.771,A2M
3/10/17,2017-03-10T09:00:00Z,38.38,-74.81,2.393,A2M
3/11/17,2017-03-11T09:00:00Z,38.38,-74.81,1.736,A2M
3/12/17,2017-03-12T09:00:00Z,38.38,-74.81,1.499,A2M
3/13/17,2017-03-13T09:00:00Z,38.38,-74.81,0.848,A2M
3/14/17,2017-03-14T09:00:00Z,38.38,-74.81,0.475,A2M
3/15/17,2017-03-15T09:00:00Z,38.38,-74.81,0.297,A2M
3/16/17,2017-03-16T09:00:00Z,38.38,-74.81,0.236,A2M
3/17/17,2017-03-17T09:00:00Z,38.38,-74.81,0.163,A2M
3/18/17,2017-03-18T09:00:00Z,38.38,-74.81,0.11,A2M
3/19/17,2017-03-19T09:00:00Z,38.38,-74.81,0.147,A2M
3/20/17,2017-03-20T09:00:00Z,38.38,-74.81,0.037,A2M
3/21/17,2017-03-21T09:00:00Z,38.38,-74.81,0.079,A2M
3/22/17,2017-03-22T09:00:00Z,38.38,-74.81,-0.011,A2M
3/23/17,2017-03-23T09:00:00Z,38.38,-74.81,-0.311,A2M
3/24/17,2017-03-24T09:00:00Z,38.38,-74.81,-0.664,A2M
3/25/17,2017-03-25T09:00:00Z,38.38,-74.81,-0.481,A2M
3/26/17,2017-03-26T09:00:00Z,38.38,-74.81,-0.359,A2M
3/27/17,2017-03-27T09:00:00Z,38.38,-74.81,-0.371,A2M
3/28/17,2017-03-28T09:00:00Z,38.38,-74.81,0.479,A2M
3/29/17,2017-03-29T09:00:00Z,38.38,-74.81,0.425,A2M
3/30/17,2017-03-30T09:00:00Z,38.38,-74.81,0.511,A2M
3/31/17,2017-03-31T09:00:00Z,38.38,-74.81,0.227,A2M
4/1/17,2017-04-01T09:00:00Z,38.38,-74.81,-0.128,A2M
4/2/17,2017-04-02T09:00:00Z,38.38,-74.81,-0.278,A2M
4/3/17,2017-04-03T09:00:00Z,38.38,-74.81,-0.759,A2M
4/4/17,2017-04-04T09:00:00Z,38.38,-74.81,-0.969,A2M
4/5/17,2017-04-05T09:00:00Z,38.38,-74.81,0.302,A2M
4/6/17,2017-04-06T09:00:00Z,38.38,-74.81,0.4,A2M
4/7/17,2017-04-07T09:00:00Z,38.38,-74.81,0.27,A2M
4/8/17,2017-04-08T09:00:00Z,38.38,-74.81,0.366,A2M
4/9/17,2017-04-09T09:00:00Z,38.38,-74.81,0.38,A2M
4/10/17,2017-04-10T09:00:00Z,38.38,-74.81,0.188,A2M
4/11/17,2017-04-11T09:00:00Z,38.38,-74.81,0.138,A2M
4/12/17,2017-04-12T09:00:00Z,38.38,-74.81,1.165,A2M
4/13/17,2017-04-13T09:00:00Z,38.38,-74.81,1.683,A2M
4/14/17,2017-04-14T09:00:00Z,38.38,-74.81,1.888,A2M
4/15/17,2017-04-15T09:00:00Z,38.38,-74.81,1.795,A2M
4/16/17,2017-04-16T09:00:00Z,38.38,-74.81,1.605,A2M
4/17/17,2017-04-17T09:00:00Z,38.38,-74.81,1.935,A2M
4/18/17,2017-04-18T09:00:00Z,38.38,-74.81,2.273,A2M
4/19/17,2017-04-19T09:00:00Z,38.38,-74.81,1.849,A2M
4/20/17,2017-04-20T09:00:00Z,38.38,-74.81,1.467,A2M
4/21/17,2017-04-21T09:00:00Z,38.38,-74.81,1.517,A2M
4/22/17,2017-04-22T09:00:00Z,38.38,-74.81,2.309,A2M
4/23/17,2017-04-23T09:00:00Z,38.38,-74.81,1.945,A2M
4/24/17,2017-04-24T09:00:00Z,38.38,-74.81,1.515,A2M
4/25/17,2017-04-25T09:00:00Z,38.38,-74.81,1.226,A2M
4/26/17,2017-04-26T09:00:00Z,38.38,-74.81,0.616,A2M
4/27/17,2017-04-27T09:00:00Z,38.38,-74.81,0.705,A2M
4/28/17,2017-04-28T09:00:00Z,38.38,-74.81,1.4,A2M
4/29/17,2017-04-29T09:00:00Z,38.38,-74.81,2.6,A2M
4/30/17,2017-04-30T09:00:00Z,38.38,-74.81,2.982,A2M
5/1/17,2017-05-01T09:00:00Z,38.38,-74.81,2.086,A2M
5/2/17,2017-05-02T09:00:00Z,38.38,-74.81,1.914,A2M
5/3/17,2017-05-03T09:00:00Z,38.38,-74.81,1.707,A2M
5/4/17,2017-05-04T09:00:00Z,38.38,-74.81,1.687,A2M
5/5/17,2017-05-05T09:00:00Z,38.38,-74.81,1.561,A2M
5/6/17,2017-05-06T09:00:00Z,38.38,-74.81,1.471,A2M
5/7/17,2017-05-07T09:00:00Z,38.38,-74.81,1.75,A2M
5/8/17,2017-05-08T09:00:00Z,38.38,-74.81,1.433,A2M
5/9/17,2017-05-09T09:00:00Z,38.38,-74.81,1.223,A2M
5/10/17,2017-05-10T09:00:00Z,38.38,-74.81,0.877,A2M
5/11/17,2017-05-11T09:00:00Z,38.38,-74.81,0.395,A2M
5/12/17,2017-05-12T09:00:00Z,38.38,-74.81,-0.316,A2M
5/13/17,2017-05-13T09:00:00Z,38.38,-74.81,-0.574,A2M
5/14/17,2017-05-14T09:00:00Z,38.38,-74.81,-0.873,A2M
5/15/17,2017-05-15T09:00:00Z,38.38,-74.81,-0.904,A2M
5/16/17,2017-05-16T09:00:00Z,38.38,-74.81,-0.77,A2M
5/17/17,2017-05-17T09:00:00Z,38.38,-74.81,-0.455,A2M
5/18/17,2017-05-18T09:00:00Z,38.38,-74.81,-0.088,A2M
5/19/17,2017-05-19T09:00:00Z,38.38,-74.81,0.036,A2M
5/20/17,2017-05-20T09:00:00Z,38.38,-74.81,0.088,A2M
5/21/17,2017-05-21T09:00:00Z,38.38,-74.81,0.063,A2M
5/22/17,2017-05-22T09:00:00Z,38.38,-74.81,-0.776,A2M
5/23/17,2017-05-23T09:00:00Z,38.38,-74.81,-1.469,A2M
5/24/17,2017-05-24T09:00:00Z,38.38,-74.81,-0.77,A2M
5/25/17,2017-05-25T09:00:00Z,38.38,-74.81,-0.975,A2M
5/26/17,2017-05-26T09:00:00Z,38.38,-74.81,-0.64,A2M
5/27/17,2017-05-27T09:00:00Z,38.38,-74.81,-0.352,A2M
5/28/17,2017-05-28T09:00:00Z,38.38,-74.81,-0.56,A2M
5/29/17,2017-05-29T09:00:00Z,38.38,-74.81,-1.173,A2M
5/30/17,2017-05-30T09:00:00Z,38.38,-74.81,-0.504,A2M
5/31/17,2017-05-31T09:00:00Z,38.38,-74.81,-0.647,A2M
6/1/17,2017-06-01T09:00:00Z,38.38,-74.81,-0.675,A2M
6/2/17,2017-06-02T09:00:00Z,38.38,-74.81,-0.128,A2M
6/3/17,2017-06-03T09:00:00Z,38.38,-74.81,0.393,A2M
6/4/17,2017-06-04T09:00:00Z,38.38,-74.81,0.354,A2M
6/5/17,2017-06-05T09:00:00Z,38.38,-74.81,0.119,A2M
6/6/17,2017-06-06T09:00:00Z,38.38,-74.81,-0.649,A2M
6/7/17,2017-06-07T09:00:00Z,38.38,-74.81,-1.058,A2M
6/8/17,2017-06-08T09:00:00Z,38.38,-74.81,-1.562,A2M
6/9/17,2017-06-09T09:00:00Z,38.38,-74.81,-0.954,A2M
6/10/17,2017-06-10T09:00:00Z,38.38,-74.81,-1.335,A2M
6/11/17,2017-06-11T09:00:00Z,38.38,-74.81,-1.71,A2M
6/12/17,2017-06-12T09:00:00Z,38.38,-74.81,-1.866,A2M
6/13/17,2017-06-13T09:00:00Z,38.38,-74.81,0.527,A2M
6/14/17,2017-06-14T09:00:00Z,38.38,-74.81,1.133,A2M
6/15/17,2017-06-15T09:00:00Z,38.38,-74.81,0.798,A2M
6/16/17,2017-06-16T09:00:00Z,38.38,-74.81,0.379,A2M
6/17/17,2017-06-17T09:00:00Z,38.38,-74.81,1.423,A2M
6/18/17,2017-06-18T09:00:00Z,38.38,-74.81,1.771,A2M
6/19/17,2017-06-19T09:00:00Z,38.38,-74.81,1.12,A2M
6/20/17,2017-06-20T09:00:00Z,38.38,-74.81,0.771,A2M
6/21/17,2017-06-21T09:00:00Z,38.38,-74.81,0.538,A2M
6/22/17,2017-06-22T09:00:00Z,38.38,-74.81,-0.732,A2M
6/23/17,2017-06-23T09:00:00Z,38.38,-74.81,-0.874,A2M
6/24/17,2017-06-24T09:00:00Z,38.38,-74.81,-1.425,A2M
6/25/17,2017-06-25T09:00:00Z,38.38,-74.81,-1.484,A2M
6/26/17,2017-06-26T09:00:00Z,38.38,-74.81,-1.538,A2M
6/27/17,2017-06-27T09:00:00Z,38.38,-74.81,-1.739,A2M
6/28/17,2017-06-28T09:00:00Z,38.38,-74.81,-1.697,A2M
6/29/17,2017-06-29T09:00:00Z,38.38,-74.81,-1.865,A2M
6/30/17,2017-06-30T09:00:00Z,38.38,-74.81,-2.009,A2M
7/1/17,2017-07-01T09:00:00Z,38.38,-74.81,-1.863,A2M
7/2/17,2017-07-02T09:00:00Z,38.38,-74.81,-0.708,A2M
7/3/17,2017-07-03T09:00:00Z,38.38,-74.81,-0.515,A2M
7/4/17,2017-07-04T09:00:00Z,38.38,-74.81,-0.283,A2M
7/5/17,2017-07-05T09:00:00Z,38.38,-74.81,-0.212,A2M
7/6/17,2017-07-06T09:00:00Z,38.38,-74.81,-0.309,A2M
7/7/17,2017-07-07T09:00:00Z,38.38,-74.81,-0.136,A2M
7/8/17,2017-07-08T09:00:00Z,38.38,-74.81,-0.121,A2M
7/9/17,2017-07-09T09:00:00Z,38.38,-74.81,0.103,A2M
7/10/17,2017-07-10T09:00:00Z,38.38,-74.81,0.852,A2M
7/11/17,2017-07-11T09:00:00Z,38.38,-74.81,0.744,A2M
7/12/17,2017-07-12T09:00:00Z,38.38,-74.81,0.584,A2M
7/13/17,2017-07-13T09:00:00Z,38.38,-74.81,0.906,A2M
7/14/17,2017-07-14T09:00:00Z,38.38,-74.81,1.478,A2M
7/15/17,2017-07-15T09:00:00Z,38.38,-74.81,1.172,A2M
7/16/17,2017-07-16T09:00:00Z,38.38,-74.81,0.782,A2M
7/17/17,2017-07-17T09:00:00Z,38.38,-74.81,0.605,A2M
7/18/17,2017-07-18T09:00:00Z,38.38,-74.81,0.629,A2M
7/19/17,2017-07-19T09:00:00Z,38.38,-74.81,0.782,A2M
7/20/17,2017-07-20T09:00:00Z,38.38,-74.81,0.795,A2M
7/21/17,2017-07-21T09:00:00Z,38.38,-74.81,0.84,A2M
7/22/17,2017-07-22T09:00:00Z,38.38,-74.81,0.859,A2M
7/23/17,2017-07-23T09:00:00Z,38.38,-74.81,0.661,A2M
7/24/17,2017-07-24T09:00:00Z,38.38,-74.81,-0.316,A2M
7/25/17,2017-07-25T09:00:00Z,38.38,-74.81,-0.521,A2M
7/26/17,2017-07-26T09:00:00Z,38.38,-74.81,0.071,A2M
7/27/17,2017-07-27T09:00:00Z,38.38,-74.81,0.437,A2M
7/28/17,2017-07-28T09:00:00Z,38.38,-74.81,-0.004,A2M
7/29/17,2017-07-29T09:00:00Z,38.38,-74.81,-2.097,A2M
7/30/17,2017-07-30T09:00:00Z,38.38,-74.81,-1.909,A2M
7/31/17,2017-07-31T09:00:00Z,38.38,-74.81,-1.475,A2M
8/1/17,2017-08-01T09:00:00Z,38.38,-74.81,-1.461,A2M
8/2/17,2017-08-02T09:00:00Z,38.38,-74.81,-1.554,A2M
8/3/17,2017-08-03T09:00:00Z,38.38,-74.81,-0.856,A2M
8/4/17,2017-08-04T09:00:00Z,38.38,-74.81,-0.115,A2M
8/5/17,2017-08-05T09:00:00Z,38.38,-74.81,-0.266,A2M
8/6/17,2017-08-06T09:00:00Z,38.38,-74.81,-0.594,A2M
8/7/17,2017-08-07T09:00:00Z,38.38,-74.81,-0.704,A2M
8/8/17,2017-08-08T09:00:00Z,38.38,-74.81,-1.029,A2M
8/9/17,2017-08-09T09:00:00Z,38.38,-74.81,-0.834,A2M
8/10/17,2017-08-10T09:00:00Z,38.38,-74.81,-0.693,A2M
8/11/17,2017-08-11T09:00:00Z,38.38,-74.81,-0.461,A2M
8/12/17,2017-08-12T09:00:00Z,38.38,-74.81,0.042,A2M
8/13/17,2017-08-13T09:00:00Z,38.38,-74.81,0.29,A2M
8/14/17,2017-08-14T09:00:00Z,38.38,-74.81,0.476,A2M
8/15/17,2017-08-15T09:00:00Z,38.38,-74.81,0.639,A2M
8/16/17,2017-08-16T09:00:00Z,38.38,-74.81,1.339,A2M
8/17/17,2017-08-17T09:00:00Z,38.38,-74.81,1.495,A2M
8/18/17,2017-08-18T09:00:00Z,38.38,-74.81,1.705,A2M
8/19/17,2017-08-19T09:00:00Z,38.38,-74.81,1.714,A2M
8/20/17,2017-08-20T09:00:00Z,38.38,-74.81,1.608,A2M
8/21/17,2017-08-21T09:00:00Z,38.38,-74.81,1.552,A2M
8/22/17,2017-08-22T09:00:00Z,38.38,-74.81,1.479,A2M
8/23/17,2017-08-23T09:00:00Z,38.38,-74.81,1.565,A2M
8/24/17,2017-08-24T09:00:00Z,38.38,-74.81,1.63,A2M
8/25/17,2017-08-25T09:00:00Z,38.38,-74.81,1.224,A2M
8/26/17,2017-08-26T09:00:00Z,38.38,-74.81,0.956,A2M
8/27/17,2017-08-27T09:00:00Z,38.38,-74.81,0.322,A2M
8/28/17,2017-08-28T09:00:00Z,38.38,-74.81,0.514,A2M
8/29/17,2017-08-29T09:00:00Z,38.38,-74.81,-0.5,A2M
8/30/17,2017-08-30T09:00:00Z,38.38,-74.81,-0.739,A2M
8/31/17,2017-08-31T09:00:00Z,38.38,-74.81,-0.91,A2M
9/1/17,2017-09-01T09:00:00Z,38.38,-74.81,-0.798,A2M
9/2/17,2017-09-02T09:00:00Z,38.38,-74.81,-1.035,A2M
9/3/17,2017-09-03T09:00:00Z,38.38,-74.81,-0.874,A2M
9/4/17,2017-09-04T09:00:00Z,38.38,-74.81,-0.573,A2M
9/5/17,2017-09-05T09:00:00Z,38.38,-74.81,-0.432,A2M
9/6/17,2017-09-06T09:00:00Z,38.38,-74.81,-0.602,A2M
9/7/17,2017-09-07T09:00:00Z,38.38,-74.81,-0.319,A2M
9/8/17,2017-09-08T09:00:00Z,38.38,-74.81,-0.511,A2M
9/9/17,2017-09-09T09:00:00Z,38.38,-74.81,-0.423,A2M
9/10/17,2017-09-10T09:00:00Z,38.38,-74.81,-0.679,A2M
9/11/17,2017-09-11T09:00:00Z,38.38,-74.81,-0.808,A2M
9/12/17,2017-09-12T09:00:00Z,38.38,-74.81,-0.914,A2M
9/13/17,2017-09-13T09:00:00Z,38.38,-74.81,-1.098,A2M
9/14/17,2017-09-14T09:00:00Z,38.38,-74.81,-0.502,A2M
9/15/17,2017-09-15T09:00:00Z,38.38,-74.81,-0.071,A2M
9/16/17,2017-09-16T09:00:00Z,38.38,-74.81,0.183,A2M
9/17/17,2017-09-17T09:00:00Z,38.38,-74.81,0.469,A2M
9/18/17,2017-09-18T09:00:00Z,38.38,-74.81,0.732,A2M
9/19/17,2017-09-19T09:00:00Z,38.38,-74.81,0.259,A2M
9/20/17,2017-09-20T09:00:00Z,38.38,-74.81,0.581,A2M
9/21/17,2017-09-21T09:00:00Z,38.38,-74.81,0.661,A2M
9/22/17,2017-09-22T09:00:00Z,38.38,-74.81,0.967,A2M
9/23/17,2017-09-23T09:00:00Z,38.38,-74.81,0.827,A2M
9/24/17,2017-09-24T09:00:00Z,38.38,-74.81,1.195,A2M
9/25/17,2017-09-25T09:00:00Z,38.38,-74.81,1.395,A2M
9/26/17,2017-09-26T09:00:00Z,38.38,-74.81,1.223,A2M
9/27/17,2017-09-27T09:00:00Z,38.38,-74.81,0.881,A2M
9/28/17,2017-09-28T09:00:00Z,38.38,-74.81,0.539,A2M
9/29/17,2017-09-29T09:00:00Z,38.38,-74.81,0.576,A2M
9/30/17,2017-09-30T09:00:00Z,38.38,-74.81,1.048,A2M
10/1/17,2017-10-01T09:00:00Z,38.38,-74.81,-0.092,A2M
10/2/17,2017-10-02T09:00:00Z,38.38,-74.81,0.303,A2M
10/3/17,2017-10-03T09:00:00Z,38.38,-74.81,0.522,A2M
10/4/17,2017-10-04T09:00:00Z,38.38,-74.81,0.237,A2M
10/5/17,2017-10-05T09:00:00Z,38.38,-74.81,0.803,A2M
10/6/17,2017-10-06T09:00:00Z,38.38,-74.81,0.959,A2M
10/7/17,2017-10-07T09:00:00Z,38.38,-74.81,1.718,A2M
10/8/17,2017-10-08T09:00:00Z,38.38,-74.81,1.736,A2M
10/9/17,2017-10-09T09:00:00Z,38.38,-74.81,1.861,A2M
10/10/17,2017-10-10T09:00:00Z,38.38,-74.81,1.912,A2M
10/11/17,2017-10-11T09:00:00Z,38.38,-74.81,2.124,A2M
10/12/17,2017-10-12T09:00:00Z,38.38,-74.81,2.156,A2M
10/13/17,2017-10-13T09:00:00Z,38.38,-74.81,1.394,A2M
10/14/17,2017-10-14T09:00:00Z,38.38,-74.81,1.515,A2M
10/15/17,2017-10-15T09:00:00Z,38.38,-74.81,1.439,A2M
10/16/17,2017-10-16T09:00:00Z,38.38,-74.81,1.654,A2M
10/17/17,2017-10-17T09:00:00Z,38.38,-74.81,1.12,A2M
10/18/17,2017-10-18T09:00:00Z,38.38,-74.81,0.982,A2M
10/19/17,2017-10-19T09:00:00Z,38.38,-74.81,1.495,A2M
10/20/17,2017-10-20T09:00:00Z,38.38,-74.81,1.469,A2M
10/21/17,2017-10-21T09:00:00Z,38.38,-74.81,1.574,A2M
10/22/17,2017-10-22T09:00:00Z,38.38,-74.81,1.167,A2M
10/23/17,2017-10-23T09:00:00Z,38.38,-74.81,1.275,A2M
10/24/17,2017-10-24T09:00:00Z,38.38,-74.81,2.221,A2M
10/25/17,2017-10-25T09:00:00Z,38.38,-74.81,2.263,A2M
10/26/17,2017-10-26T09:00:00Z,38.38,-74.81,2.011,A2M
10/27/17,2017-10-27T09:00:00Z,38.38,-74.81,1.965,A2M
10/28/17,2017-10-28T09:00:00Z,38.38,-74.81,2.107,A2M
10/29/17,2017-10-29T09:00:00Z,38.38,-74.81,2.256,A2M
10/30/17,2017-10-30T09:00:00Z,38.38,-74.81,2.23,A2M
10/31/17,2017-10-31T09:00:00Z,38.38,-74.81,2.403,A2M
11/1/17,2017-11-01T09:00:00Z,38.38,-74.81,2.374,A2M
11/2/17,2017-11-02T09:00:00Z,38.38,-74.81,2.745,A2M
11/3/17,2017-11-03T09:00:00Z,38.38,-74.81,2.82,A2M
11/4/17,2017-11-04T09:00:00Z,38.38,-74.81,2.784,A2M
11/5/17,2017-11-05T09:00:00Z,38.38,-74.81,2.919,A2M
11/6/17,2017-11-06T09:00:00Z,38.38,-74.81,2.383,A2M
11/7/17,2017-11-07T09:00:00Z,38.38,-74.81,2.331,A2M
11/8/17,2017-11-08T09:00:00Z,38.38,-74.81,2.195,A2M
11/9/17,2017-11-09T09:00:00Z,38.38,-74.81,1.844,A2M
11/10/17,2017-11-10T09:00:00Z,38.38,-74.81,1.738,A2M
11/11/17,2017-11-11T09:00:00Z,38.38,-74.81,1.891,A2M
11/12/17,2017-11-12T09:00:00Z,38.38,-74.81,1.713,A2M
11/13/17,2017-11-13T09:00:00Z,38.38,-74.81,0.679,A2M
11/14/17,2017-11-14T09:00:00Z,38.38,-74.81,0.673,A2M
11/15/17,2017-11-15T09:00:00Z,38.38,-74.81,1.023,A2M
11/16/17,2017-11-16T09:00:00Z,38.38,-74.81,1.481,A2M
11/17/17,2017-11-17T09:00:00Z,38.38,-74.81,1.475,A2M
11/18/17,2017-11-18T09:00:00Z,38.38,-74.81,1.476,A2M
11/19/17,2017-11-19T09:00:00Z,38.38,-74.81,1.126,A2M
11/20/17,2017-11-20T09:00:00Z,38.38,-74.81,0.42,A2M
11/21/17,2017-11-21T09:00:00Z,38.38,-74.81,0.506,A2M
11/22/17,2017-11-22T09:00:00Z,38.38,-74.81,0.574,A2M
11/23/17,2017-11-23T09:00:00Z,38.38,-74.81,0.555,A2M
4/20/23,2017-11-24T09:00:00Z,38.38,-74.81,0.562,A2M
4/21/23,2023-04-20T09:00:00Z,38.38,-74.81,3.118,A2M
4/22/23,2023-04-21T09:00:00Z,38.38,-74.81,3.27,A2M
4/23/23,2023-04-23T09:00:00Z,38.38,-74.81,2.799,A2M
4/24/23,2023-04-24T09:00:00Z,38.38,-74.81,2.514,A2M
4/25/23,2023-04-25T09:00:00Z,38.38,-74.81,2.136,A2M
4/26/23,2023-04-26T09:00:00Z,38.38,-74.81,2.175,A2M
4/27/23,2023-04-27T09:00:00Z,38.38,-74.81,2.065,A2M
4/28/23,2023-04-28T09:00:00Z,38.38,-74.81,1.939,A2M
4/29/23,2023-04-29T09:00:00Z,38.38,-74.81,1.932,A2M
4/30/23,2023-04-30T09:00:00Z,38.38,-74.81,1.491,A2M
5/1/23,2023-05-01T09:00:00Z,38.38,-74.81,1.309,A2M
5/2/23,2023-05-02T09:00:00Z,38.38,-74.81,1.101,A2M
5/3/23,2023-05-03T09:00:00Z,38.38,-74.81,1.007,A2M
5/4/23,2023-05-04T09:00:00Z,38.38,-74.81,0.864,A2M
5/5/23,2023-05-05T09:00:00Z,38.38,-74.81,1,A2M
5/6/23,2023-05-06T09:00:00Z,38.38,-74.81,1.335,A2M
5/7/23,2023-05-07T09:00:00Z,38.38,-74.81,1.932,A2M
5/8/23,2023-05-08T09:00:00Z,38.38,-74.81,2.116,A2M
5/9/23,2023-05-09T09:00:00Z,38.38,-74.81,1.679,A2M
5/10/23,2023-05-10T09:00:00Z,38.38,-74.81,1.624,A2M
5/11/23,2023-05-11T09:00:00Z,38.38,-74.81,1.81,A2M
5/12/23,2023-05-12T09:00:00Z,38.38,-74.81,1.816,A2M
5/13/23,2023-05-13T09:00:00Z,38.38,-74.81,1.829,A2M
5/14/23,2023-05-14T09:00:00Z,38.38,-74.81,2.298,A2M
5/15/23,2023-05-15T09:00:00Z,38.38,-74.81,2.253,A2M
5/16/23,2023-05-16T09:00:00Z,38.38,-74.81,1.982,A2M
5/17/23,2023-05-17T09:00:00Z,38.38,-74.81,1.572,A2M
5/18/23,2023-05-18T09:00:00Z,38.38,-74.81,1.624,A2M
5/19/23,2023-05-19T09:00:00Z,38.38,-74.81,1.387,A2M
5/20/23,2023-05-20T09:00:00Z,38.38,-74.81,1.547,A2M
5/21/23,2023-05-21T09:00:00Z,38.38,-74.81,1.604,A2M
5/22/23,2023-05-22T09:00:00Z,38.38,-74.81,1.394,A2M
5/23/23,2023-05-23T09:00:00Z,38.38,-74.81,1.153,A2M
5/24/23,2023-05-24T09:00:00Z,38.38,-74.81,0.856,A2M
5/25/23,2023-05-25T09:00:00Z,38.38,-74.81,0.484,A2M
5/26/23,2023-05-26T09:00:00Z,38.38,-74.81,0.271,A2M
5/27/23,2023-05-27T09:00:00Z,38.38,-74.81,0.023,A2M
5/28/23,2023-05-28T09:00:00Z,38.38,-74.81,-0.261,A2M
5/29/23,2023-05-29T09:00:00Z,38.38,-74.81,-0.755,A2M
5/30/23,2023-05-30T09:00:00Z,38.38,-74.81,-1.023,A2M
5/31/23,2023-05-31T09:00:00Z,38.38,-74.81,-0.925,A2M
6/1/23,2023-06-01T09:00:00Z,38.38,-74.81,-0.64,A2M
6/2/23,2023-06-02T09:00:00Z,38.38,-74.81,-0.289,A2M
6/3/23,2023-06-03T09:00:00Z,38.38,-74.81,0.159,A2M
6/4/23,2023-06-04T09:00:00Z,38.38,-74.81,-0.028,A2M
6/5/23,2023-06-05T09:00:00Z,38.38,-74.81,-0.973,A2M
6/6/23,2023-06-06T09:00:00Z,38.38,-74.81,-1.146,A2M
6/7/23,2023-06-07T09:00:00Z,38.38,-74.81,-0.76,A2M
6/8/23,2023-06-08T09:00:00Z,38.38,-74.81,-0.97,A2M
6/9/23,2023-06-09T09:00:00Z,38.38,-74.81,-1.103,A2M
6/10/23,2023-06-10T09:00:00Z,38.38,-74.81,-1.231,A2M
6/11/23,2023-06-11T09:00:00Z,38.38,-74.81,-1.224,A2M
6/12/23,2023-06-12T09:00:00Z,38.38,-74.81,-0.965,A2M
6/13/23,2023-06-13T09:00:00Z,38.38,-74.81,-0.377,A2M
6/14/23,2023-06-14T09:00:00Z,38.38,-74.81,-0.398,A2M
6/19/23,2023-06-19T09:00:00Z,38.38,-74.81,0.271,A2M
6/20/23,2023-06-20T09:00:00Z,38.38,-74.81,0.029,A2M
6/21/23,2023-06-21T09:00:00Z,38.38,-74.81,0.013,A2M
6/22/23,2023-06-22T09:00:00Z,38.38,-74.81,-1.228,A2M
6/23/23,2023-06-23T09:00:00Z,38.38,-74.81,-0.58,A2M
6/24/23,2023-06-24T09:00:00Z,38.38,-74.81,-0.944,A2M
6/25/23,2023-06-25T09:00:00Z,38.38,-74.81,-1.102,A2M
6/26/23,2023-06-26T09:00:00Z,38.38,-74.81,-0.454,A2M
6/27/23,2023-06-27T09:00:00Z,38.38,-74.81,-0.449,A2M
6/28/23,2023-06-28T09:00:00Z,38.38,-74.81,-0.557,A2M
6/29/23,2023-06-29T09:00:00Z,38.38,-74.81,-0.834,A2M
6/30/23,2023-06-30T09:00:00Z,38.38,-74.81,-1.009,A2M
7/1/23,2023-07-01T09:00:00Z,38.38,-74.81,-0.554,A2M
7/2/23,2023-07-02T09:00:00Z,38.38,-74.81,1.303,A2M
7/3/23,2023-07-03T09:00:00Z,38.38,-74.81,1.221,A2M
7/4/23,2023-07-04T09:00:00Z,38.38,-74.81,1.4,A2M
7/5/23,2023-07-05T09:00:00Z,38.38,-74.81,1.962,A2M
7/6/23,2023-07-06T09:00:00Z,38.38,-74.81,1.864,A2M
7/7/23,2023-07-07T09:00:00Z,38.38,-74.81,1.852,A2M
7/8/23,2023-07-08T09:00:00Z,38.38,-74.81,1.906,A2M
7/9/23,2023-07-09T09:00:00Z,38.38,-74.81,2.678,A2M
7/10/23,2023-07-10T09:00:00Z,38.38,-74.81,2.67,A2M
7/11/23,2023-07-11T09:00:00Z,38.38,-74.81,2.506,A2M
7/12/23,2023-07-12T09:00:00Z,38.38,-74.81,2.523,A2M
7/13/23,2023-07-13T09:00:00Z,38.38,-74.81,2.812,A2M
7/14/23,2023-07-14T09:00:00Z,38.38,-74.81,2.485,A2M
7/15/23,2023-07-15T09:00:00Z,38.38,-74.81,1.218,A2M
7/16/23,2023-07-16T09:00:00Z,38.38,-74.81,1.075,A2M
7/17/23,2023-07-17T09:00:00Z,38.38,-74.81,1.153,A2M
7/18/23,2023-07-18T09:00:00Z,38.38,-74.81,1.132,A2M
7/19/23,2023-07-19T09:00:00Z,38.38,-74.81,1.091,A2M
7/20/23,2023-07-20T09:00:00Z,38.38,-74.81,1.311,A2M
7/21/23,2023-07-21T09:00:00Z,38.38,-74.81,1.346,A2M
7/22/23,2023-07-22T09:00:00Z,38.38,-74.81,1.508,A2M
7/23/23,2023-07-23T09:00:00Z,38.38,-74.81,1.377,A2M
7/24/23,2023-07-24T09:00:00Z,38.38,-74.81,0.742,A2M
7/25/23,2023-07-25T09:00:00Z,38.38,-74.81,0.443,A2M
7/26/23,2023-07-26T09:00:00Z,38.38,-74.81,0.986,A2M
7/27/23,2023-07-27T09:00:00Z,38.38,-74.81,1.275,A2M
7/28/23,2023-07-28T09:00:00Z,38.38,-74.81,1.29,A2M
7/29/23,2023-07-29T09:00:00Z,38.38,-74.81,0.884,A2M
7/30/23,2023-07-30T09:00:00Z,38.38,-74.81,-0.412,A2M
7/31/23,2023-07-31T09:00:00Z,38.38,-74.81,-0.723,A2M
8/1/23,2023-08-01T09:00:00Z,38.38,-74.81,-0.905,A2M
8/2/23,2023-08-02T09:00:00Z,38.38,-74.81,-1.061,A2M
8/3/23,2023-08-03T09:00:00Z,38.38,-74.81,-1.408,A2M
8/4/23,2023-08-04T09:00:00Z,38.38,-74.81,-1.971,A2M
8/5/23,2023-08-05T09:00:00Z,38.38,-74.81,-1.473,A2M
8/6/23,2023-08-06T09:00:00Z,38.38,-74.81,-1.007,A2M
8/7/23,2023-08-07T09:00:00Z,38.38,-74.81,-1.168,A2M
8/8/23,2023-08-08T09:00:00Z,38.38,-74.81,-1.445,A2M
8/9/23,2023-08-09T09:00:00Z,38.38,-74.81,-1.504,A2M
8/10/23,2023-08-10T09:00:00Z,38.38,-74.81,-1.887,A2M
8/11/23,2023-08-11T09:00:00Z,38.38,-74.81,-1.935,A2M
8/12/23,2023-08-12T09:00:00Z,38.38,-74.81,-1.392,A2M
8/13/23,2023-08-13T09:00:00Z,38.38,-74.81,-0.706,A2M
8/14/23,2023-08-14T09:00:00Z,38.38,-74.81,-0.348,A2M
8/15/23,2023-08-15T09:00:00Z,38.38,-74.81,-0.088,A2M
8/16/23,2023-08-16T09:00:00Z,38.38,-74.81,0.635,A2M
8/17/23,2023-08-17T09:00:00Z,38.38,-74.81,0.552,A2M
8/18/23,2023-08-18T09:00:00Z,38.38,-74.81,0.435,A2M
8/19/23,2023-08-19T09:00:00Z,38.38,-74.81,0.319,A2M
8/20/23,2023-08-20T09:00:00Z,38.38,-74.81,0.016,A2M
8/21/23,2023-08-21T09:00:00Z,38.38,-74.81,-0.247,A2M
8/22/23,2023-08-22T09:00:00Z,38.38,-74.81,0.561,A2M
8/23/23,2023-08-23T09:00:00Z,38.38,-74.81,0.529,A2M
8/24/23,2023-08-24T09:00:00Z,38.38,-74.81,-0.439,A2M
8/25/23,2023-08-25T09:00:00Z,38.38,-74.81,-0.551,A2M
8/26/23,2023-08-26T09:00:00Z,38.38,-74.81,-0.513,A2M
8/27/23,2023-08-27T09:00:00Z,38.38,-74.81,-0.604,A2M
8/28/23,2023-08-28T09:00:00Z,38.38,-74.81,-0.587,A2M
8/29/23,2023-08-29T09:00:00Z,38.38,-74.81,-0.311,A2M
8/30/23,2023-08-30T09:00:00Z,38.38,-74.81,-0.407,A2M
8/31/23,2023-08-31T09:00:00Z,38.38,-74.81,-0.763,A2M
9/1/23,2023-09-01T09:00:00Z,38.38,-74.81,-0.736,A2M
9/2/23,2023-09-02T09:00:00Z,38.38,-74.81,-0.749,A2M
9/3/23,2023-09-03T09:00:00Z,38.38,-74.81,-0.495,A2M
9/4/23,2023-09-04T09:00:00Z,38.38,-74.81,-0.059,A2M
9/5/23,2023-09-05T09:00:00Z,38.38,-74.81,0.907,A2M
9/6/23,2023-09-06T09:00:00Z,38.38,-74.81,1.548,A2M
9/7/23,2023-09-07T09:00:00Z,38.38,-74.81,1.575,A2M
9/8/23,2023-09-08T09:00:00Z,38.38,-74.81,1.715,A2M
9/9/23,2023-09-09T09:00:00Z,38.38,-74.81,2.148,A2M
9/10/23,2023-09-10T09:00:00Z,38.38,-74.81,2.388,A2M
9/11/23,2023-09-11T09:00:00Z,38.38,-74.81,2.428,A2M
9/12/23,2023-09-12T09:00:00Z,38.38,-74.81,2.645,A2M
9/13/23,2023-09-13T09:00:00Z,38.38,-74.81,2.484,A2M
9/14/23,2023-09-14T09:00:00Z,38.38,-74.81,2.438,A2M
9/15/23,2023-09-15T09:00:00Z,38.38,-74.81,0.845,A2M
9/16/23,2023-09-16T09:00:00Z,38.38,-74.81,1.107,A2M
9/17/23,2023-09-17T09:00:00Z,38.38,-74.81,1.473,A2M
9/18/23,2023-09-18T09:00:00Z,38.38,-74.81,1.645,A2M
9/19/23,2023-09-19T09:00:00Z,38.38,-74.81,1.678,A2M
9/20/23,2023-09-20T09:00:00Z,38.38,-74.81,1.843,A2M
9/21/23,2023-09-21T09:00:00Z,38.38,-74.81,1.486,A2M
9/22/23,2023-09-22T09:00:00Z,38.38,-74.81,1.504,A2M
9/23/23,2023-09-23T09:00:00Z,38.38,-74.81,1.163,A2M
9/24/23,2023-09-24T09:00:00Z,38.38,-74.81,0.566,A2M
9/25/23,2023-09-25T09:00:00Z,38.38,-74.81,-0.682,A2M
9/26/23,2023-09-26T09:00:00Z,38.38,-74.81,-1.304,A2M
9/27/23,2023-09-27T09:00:00Z,38.38,-74.81,-1.378,A2M
9/28/23,2023-09-28T09:00:00Z,38.38,-74.81,-1.323,A2M
9/29/23,2023-09-29T09:00:00Z,38.38,-74.81,-1.698,A2M
9/30/23,2023-09-30T09:00:00Z,38.38,-74.81,-1.629,A2M
10/1/23,2023-10-01T09:00:00Z,38.38,-74.81,-1.468,A2M
10/2/23,2023-10-02T09:00:00Z,38.38,-74.81,-1.157,A2M
10/3/23,2023-10-03T09:00:00Z,38.38,-74.81,-1.077,A2M
10/4/23,2023-10-04T09:00:00Z,38.38,-74.81,-0.661,A2M
10/5/23,2023-10-05T09:00:00Z,38.38,-74.81,-0.425,A2M
10/6/23,2023-10-06T09:00:00Z,38.38,-74.81,-0.154,A2M
10/7/23,2023-10-07T09:00:00Z,38.38,-74.81,-0.555,A2M
10/8/23,2023-10-08T09:00:00Z,38.38,-74.81,-0.553,A2M
10/9/23,2023-10-09T09:00:00Z,38.38,-74.81,-1.009,A2M
10/10/23,2023-10-10T09:00:00Z,38.38,-74.81,-1.098,A2M
10/11/23,2023-10-11T09:00:00Z,38.38,-74.81,-0.772,A2M
10/12/23,2023-10-12T09:00:00Z,38.38,-74.81,-0.626,A2M
10/13/23,2023-10-13T09:00:00Z,38.38,-74.81,-0.476,A2M
10/14/23,2023-10-14T09:00:00Z,38.38,-74.81,-0.539,A2M
10/15/23,2023-10-15T09:00:00Z,38.38,-74.81,-0.414,A2M
10/16/23,2023-10-16T09:00:00Z,38.38,-74.81,-0.738,A2M
10/17/23,2023-10-17T09:00:00Z,38.38,-74.81,-0.766,A2M
10/18/23,2023-10-18T09:00:00Z,38.38,-74.81,-0.668,A2M
10/19/23,2023-10-19T09:00:00Z,38.38,-74.81,-0.48,A2M
10/20/23,2023-10-20T09:00:00Z,38.38,-74.81,-0.337,A2M
10/21/23,2023-10-21T09:00:00Z,38.38,-74.81,-0.154,A2M
10/22/23,2023-10-22T09:00:00Z,38.38,-74.81,0.114,A2M
10/23/23,2023-10-23T09:00:00Z,38.38,-74.81,-0.027,A2M
10/24/23,2023-10-24T09:00:00Z,38.38,-74.81,-0.054,A2M
10/25/23,2023-10-25T09:00:00Z,38.38,-74.81,0.186,A2M
10/26/23,2023-10-26T09:00:00Z,38.38,-74.81,0.654,A2M
10/27/23,2023-10-27T09:00:00Z,38.38,-74.81,0.776,A2M
10/28/23,2023-10-28T09:00:00Z,38.38,-74.81,1.268,A2M
10/29/23,2023-10-29T09:00:00Z,38.38,-74.81,1.777,A2M
10/30/23,2023-10-30T09:00:00Z,38.38,-74.81,1.863,A2M
10/31/23,2023-10-31T09:00:00Z,38.38,-74.81,2.177,A2M
11/1/23,2023-11-01T09:00:00Z,38.38,-74.81,2.463,A2M
11/2/23,2023-11-02T09:00:00Z,38.38,-74.81,0.507,A2M
11/3/23,2023-11-03T09:00:00Z,38.38,-74.81,0.538,A2M
11/4/23,2023-11-04T09:00:00Z,38.38,-74.81,0.697,A2M
11/5/23,2023-11-05T09:00:00Z,38.38,-74.81,1.084,A2M
11/6/23,2023-11-06T09:00:00Z,38.38,-74.81,1.264,A2M
11/7/23,2023-11-07T09:00:00Z,38.38,-74.81,1.324,A2M
11/8/23,2023-11-08T09:00:00Z,38.38,-74.81,1.313,A2M
11/9/23,2023-11-09T09:00:00Z,38.38,-74.81,1.453,A2M
11/10/23,2023-11-10T09:00:00Z,38.38,-74.81,1.449,A2M
11/11/23,2023-11-11T09:00:00Z,38.38,-74.81,1.848,A2M
11/12/23,2023-11-12T09:00:00Z,38.38,-74.81,1.511,A2M
11/13/23,2023-11-13T09:00:00Z,38.38,-74.81,1.328,A2M
11/14/23,2023-11-14T09:00:00Z,38.38,-74.81,1.442,A2M
11/15/23,2023-11-15T09:00:00Z,38.38,-74.81,1.264,A2M
11/16/23,2023-11-16T09:00:00Z,38.38,-74.81,0.797,A2M
11/17/23,2023-11-17T09:00:00Z,38.38,-74.81,0.683,A2M
11/18/23,2023-11-18T09:00:00Z,38.38,-74.81,1.371,A2M
11/19/23,2023-11-19T09:00:00Z,38.38,-74.81,1.649,A2M
11/20/23,2023-11-20T09:00:00Z,38.38,-74.81,1.783,A2M
11/21/23,2023-11-21T09:00:00Z,38.38,-74.81,1.9,A2M
11/22/23,2023-11-22T09:00:00Z,38.38,-74.81,0.849,A2M
11/23/23,2023-11-23T09:00:00Z,38.38,-74.81,1.179,A2M
11/24/23,2023-11-24T09:00:00Z,38.38,-74.81,1.577,A2M
11/25/23,2023-11-25T09:00:00Z,38.38,-74.81,1.587,A2M
11/26/23,2023-11-26T09:00:00Z,38.38,-74.81,1.05,A2M
11/27/23,2023-11-27T09:00:00Z,38.38,-74.81,1.248,A2M
11/28/23,2023-11-28T09:00:00Z,38.38,-74.81,0.339,A2M
11/29/23,2023-11-29T09:00:00Z,38.38,-74.81,0.137,A2M
11/30/23,2023-11-30T09:00:00Z,38.38,-74.81,-0.278,A2M
12/1/23,2023-12-01T09:00:00Z,38.38,-74.81,-0.107,A2M
12/2/23,2023-12-02T09:00:00Z,38.38,-74.81,0.2,A2M
12/3/23,2023-12-03T09:00:00Z,38.38,-74.81,0.482,A2M
12/5/23,2023-12-05T09:00:00Z,38.38,-74.81,0.684,A2M
12/6/23,2023-12-06T09:00:00Z,38.38,-74.81,0.383,A2M
12/7/23,2023-12-07T09:00:00Z,38.38,-74.81,-0.31,A2M
12/8/23,2023-12-08T09:00:00Z,38.38,-74.81,-0.32,A2M
12/9/23,2023-12-09T09:00:00Z,38.38,-74.81,-0.303,A2M
12/10/23,2023-12-10T09:00:00Z,38.38,-74.81,-0.097,A2M
12/11/23,2023-12-11T09:00:00Z,38.38,-74.81,0.558,A2M
12/12/23,2023-12-12T09:00:00Z,38.38,-74.81,0.535,A2M
12/13/23,2023-12-13T09:00:00Z,38.38,-74.81,0.284,A2M
12/14/23,2023-12-14T09:00:00Z,38.38,-74.81,0.568,A2M
12/15/23,2023-12-15T09:00:00Z,38.38,-74.81,0.414,A2M
12/16/23,2023-12-16T09:00:00Z,38.38,-74.81,0.58,A2M
12/17/23,2023-12-17T09:00:00Z,38.38,-74.81,0.589,A2M
12/18/23,2023-12-18T09:00:00Z,38.38,-74.81,0.692,A2M
12/19/23,2023-12-19T09:00:00Z,38.38,-74.81,0.504,A2M
12/20/23,2023-12-20T09:00:00Z,38.38,-74.81,0.501,A2M
12/21/23,2023-12-21T09:00:00Z,38.38,-74.81,0.284,A2M
12/22/23,2023-12-22T09:00:00Z,38.38,-74.81,0.385,A2M
12/23/23,2023-12-23T09:00:00Z,38.38,-74.81,0.523,A2M
12/24/23,2023-12-24T09:00:00Z,38.38,-74.81,0.752,A2M
12/25/23,2023-12-25T09:00:00Z,38.38,-74.81,0.767,A2M
12/26/23,2023-12-26T09:00:00Z,38.38,-74.81,1.241,A2M
12/27/23,2023-12-27T09:00:00Z,38.38,-74.81,1.411,A2M
12/28/23,2023-12-28T09:00:00Z,38.38,-74.81,1.261,A2M
12/29/23,2023-12-29T09:00:00Z,38.38,-74.81,1.062,A2M
12/30/23,2023-12-30T09:00:00Z,38.38,-74.81,0.354,A2M
12/31/23,2023-12-31T09:00:00Z,38.38,-74.81,0.406,A2M
1/1/24,2024-01-01T09:00:00Z,38.38,-74.81,0.68,A2M
1/2/24,2024-01-02T09:00:00Z,38.38,-74.81,1.211,A2M
1/3/24,2024-01-03T09:00:00Z,38.38,-74.81,1.161,A2M
1/4/24,2024-01-04T09:00:00Z,38.38,-74.81,1.281,A2M
1/5/24,2024-01-05T09:00:00Z,38.38,-74.81,1.44,A2M
1/6/24,2024-01-06T09:00:00Z,38.38,-74.81,1.374,A2M
1/7/24,2024-01-07T09:00:00Z,38.38,-74.81,1.113,A2M
1/8/24,2024-01-08T09:00:00Z,38.38,-74.81,1.253,A2M
1/9/24,2024-01-09T09:00:00Z,38.38,-74.81,1.289,A2M
1/10/24,2024-01-10T09:00:00Z,38.38,-74.81,0.52,A2M
1/11/24,2024-01-11T09:00:00Z,38.38,-74.81,0.644,A2M
1/12/24,2024-01-12T09:00:00Z,38.38,-74.81,0.764,A2M
1/13/24,2024-01-13T09:00:00Z,38.38,-74.81,1.059,A2M
1/14/24,2024-01-14T09:00:00Z,38.38,-74.81,1.197,A2M
1/15/24,2024-01-15T09:00:00Z,38.38,-74.81,1.208,A2M
1/16/24,2024-01-16T09:00:00Z,38.38,-74.81,0.247,A2M
1/17/24,2024-01-17T09:00:00Z,38.38,-74.81,-0.002,A2M
1/18/24,2024-01-18T09:00:00Z,38.38,-74.81,0.008,A2M
1/19/24,2024-01-19T09:00:00Z,38.38,-74.81,-0.002,A2M
1/20/24,2024-01-20T09:00:00Z,38.38,-74.81,-0.207,A2M
1/21/24,2024-01-21T09:00:00Z,38.38,-74.81,0.023,A2M
1/22/24,2024-01-22T09:00:00Z,38.38,-74.81,0.116,A2M
1/23/24,2024-01-23T09:00:00Z,38.38,-74.81,-0.53,A2M
1/24/24,2024-01-24T09:00:00Z,38.38,-74.81,-0.288,A2M
1/25/24,2024-01-25T09:00:00Z,38.38,-74.81,0.334,A2M
1/26/24,2024-01-26T09:00:00Z,38.38,-74.81,0.379,A2M
1/27/24,2024-01-27T09:00:00Z,38.38,-74.81,0.659,A2M
1/28/24,2024-01-28T09:00:00Z,38.38,-74.81,1.22,A2M
1/29/24,2024-01-29T09:00:00Z,38.38,-74.81,1.192,A2M
1/30/24,2024-01-30T09:00:00Z,38.38,-74.81,0.731,A2M
1/31/24,2024-01-31T09:00:00Z,38.38,-74.81,0.93,A2M
2/1/24,2024-02-01T09:00:00Z,38.38,-74.81,0.995,A2M
2/2/24,2024-02-02T09:00:00Z,38.38,-74.81,0.827,A2M
2/3/24,2024-02-03T09:00:00Z,38.38,-74.81,0.671,A2M
2/4/24,2024-02-04T09:00:00Z,38.38,-74.81,0.841,A2M
2/5/24,2024-02-05T09:00:00Z,38.38,-74.81,1.164,A2M
2/6/24,2024-02-06T09:00:00Z,38.38,-74.81,1.483,A2M
2/7/24,2024-02-07T09:00:00Z,38.38,-74.81,1.278,A2M
2/8/24,2024-02-08T09:00:00Z,38.38,-74.81,1.088,A2M
2/9/24,2024-02-09T09:00:00Z,38.38,-74.81,1.244,A2M
2/10/24,2024-02-10T09:00:00Z,38.38,-74.81,1.26,A2M
2/11/24,2024-02-11T09:00:00Z,38.38,-74.81,1.56,A2M
2/12/24,2024-02-12T09:00:00Z,38.38,-74.81,1.726,A2M
2/13/24,2024-02-13T09:00:00Z,38.38,-74.81,1.59,A2M
2/14/24,2024-02-14T09:00:00Z,38.38,-74.81,1.482,A2M
2/15/24,2024-02-15T09:00:00Z,38.38,-74.81,1.37,A2M
2/16/24,2024-02-16T09:00:00Z,38.38,-74.81,1.294,A2M
2/17/24,2024-02-17T09:00:00Z,38.38,-74.81,1.185,A2M
2/18/24,2024-02-18T09:00:00Z,38.38,-74.81,1.158,A2M
2/19/24,2024-02-19T09:00:00Z,38.38,-74.81,0.841,A2M
2/20/24,2024-02-20T09:00:00Z,38.38,-74.81,0.703,A2M
2/21/24,2024-02-21T09:00:00Z,38.38,-74.81,0.676,A2M
2/22/24,2024-02-22T09:00:00Z,38.38,-74.81,0.568,A2M
2/23/24,2024-02-23T09:00:00Z,38.38,-74.81,0.694,A2M
2/24/24,2024-02-24T09:00:00Z,38.38,-74.81,0.869,A2M
2/25/24,2024-02-25T09:00:00Z,38.38,-74.81,0.787,A2M
2/26/24,2024-02-26T09:00:00Z,38.38,-74.81,0.976,A2M
2/27/24,2024-02-27T09:00:00Z,38.38,-74.81,1.548,A2M
2/28/24,2024-02-28T09:00:00Z,38.38,-74.81,1.671,A2M
2/29/24,2024-02-29T09:00:00Z,38.38,-74.81,2.067,A2M
3/1/24,2024-03-01T09:00:00Z,38.38,-74.81,2.178,A2M
3/2/24,2024-03-02T09:00:00Z,38.38,-74.81,2.125,A2M
3/3/24,2024-03-03T09:00:00Z,38.38,-74.81,2.18,A2M
3/4/24,2024-03-04T09:00:00Z,38.38,-74.81,2.437,A2M
3/5/24,2024-03-05T09:00:00Z,38.38,-74.81,2.537,A2M
3/6/24,2024-03-06T09:00:00Z,38.38,-74.81,2.561,A2M
3/7/24,2024-03-07T09:00:00Z,38.38,-74.81,1.946,A2M
3/8/24,2024-03-08T09:00:00Z,38.38,-74.81,1.741,A2M
3/9/24,2024-03-09T09:00:00Z,38.38,-74.81,1.81,A2M
3/10/24,2024-03-10T09:00:00Z,38.38,-74.81,1.859,A2M
3/11/24,2024-03-11T09:00:00Z,38.38,-74.81,2.029,A2M
3/12/24,2024-03-12T09:00:00Z,38.38,-74.81,1.936,A2M
3/13/24,2024-03-13T09:00:00Z,38.38,-74.81,2.276,A2M
3/14/24,2024-03-14T09:00:00Z,38.38,-74.81,2.299,A2M
3/15/24,2024-03-15T09:00:00Z,38.38,-74.81,2.522,A2M
3/16/24,2024-03-16T09:00:00Z,38.38,-74.81,3.084,A2M
3/17/24,2024-03-17T09:00:00Z,38.38,-74.81,3.017,A2M
3/18/24,2024-03-18T09:00:00Z,38.38,-74.81,2.807,A2M
3/19/24,2024-03-19T09:00:00Z,38.38,-74.81,2.214,A2M
3/20/24,2024-03-20T09:00:00Z,38.38,-74.81,2.229,A2M
3/21/24,2024-03-21T09:00:00Z,38.38,-74.81,1.803,A2M
3/22/24,2024-03-22T09:00:00Z,38.38,-74.81,1.535,A2M
3/23/24,2024-03-23T09:00:00Z,38.38,-74.81,1.471,A2M
3/24/24,2024-03-24T09:00:00Z,38.38,-74.81,1.987,A2M
3/25/24,2024-03-25T09:00:00Z,38.38,-74.81,1.891,A2M
3/26/24,2024-03-26T09:00:00Z,38.38,-74.81,1.792,A2M
3/27/24,2024-03-27T09:00:00Z,38.38,-74.81,1.595,A2M
3/28/24,2024-03-28T09:00:00Z,38.38,-74.81,1.342,A2M
3/29/24,2024-03-29T09:00:00Z,38.38,-74.81,1.438,A2M
3/30/24,2024-03-30T09:00:00Z,38.38,-74.81,1.376,A2M
3/31/24,2024-03-31T09:00:00Z,38.38,-74.81,1.529,A2M
4/1/24,2024-04-01T09:00:00Z,38.38,-74.81,1.454,A2M
4/2/24,2024-04-02T09:00:00Z,38.38,-74.81,1.12,A2M
4/3/24,2024-04-03T09:00:00Z,38.38,-74.81,1.028,A2M
4/4/24,2024-04-04T09:00:00Z,38.38,-74.81,0.806,A2M
4/5/24,2024-04-05T09:00:00Z,38.38,-74.81,0.506,A2M
4/6/24,2024-04-06T09:00:00Z,38.38,-74.81,0.218,A2M
4/7/24,2024-04-07T09:00:00Z,38.38,-74.81,0.534,A2M
4/8/24,2024-04-08T09:00:00Z,38.38,-74.81,0.576,A2M
4/9/24,2024-04-09T09:00:00Z,38.38,-74.81,0.264,A2M
4/10/24,2024-04-10T09:00:00Z,38.38,-74.81,0.305,A2M
4/11/24,2024-04-11T09:00:00Z,38.38,-74.81,1.075,A2M
4/12/24,2024-04-12T09:00:00Z,38.38,-74.81,0.913,A2M
4/13/24,2024-04-13T09:00:00Z,38.38,-74.81,1.129,A2M
4/14/24,2024-04-14T09:00:00Z,38.38,-74.81,1.12,A2M
4/15/24,2024-04-15T09:00:00Z,38.38,-74.81,1.973,A2M
4/16/24,2024-04-16T09:00:00Z,38.38,-74.81,2.41,A2M
4/17/24,2024-04-17T09:00:00Z,38.38,-74.81,2.286,A2M
11/3/14,2014-11-03T09:00:00Z,38.3,-74.65,0.494,A7M
11/4/14,2014-11-04T09:00:00Z,38.3,-74.65,0.481,A7M
11/5/14,2014-11-05T09:00:00Z,38.3,-74.65,0.651,A7M
11/6/14,2014-11-06T09:00:00Z,38.3,-74.65,0.485,A7M
11/7/14,2014-11-07T09:00:00Z,38.3,-74.65,0.832,A7M
11/8/14,2014-11-08T09:00:00Z,38.3,-74.65,0.665,A7M
11/9/14,2014-11-09T09:00:00Z,38.3,-74.65,0.25,A7M
11/10/14,2014-11-10T09:00:00Z,38.3,-74.65,0.427,A7M
11/11/14,2014-11-11T09:00:00Z,38.3,-74.65,0.772,A7M
11/12/14,2014-11-12T09:00:00Z,38.3,-74.65,0.743,A7M
11/13/14,2014-11-13T09:00:00Z,38.3,-74.65,0.949,A7M
11/14/14,2014-11-14T09:00:00Z,38.3,-74.65,0.571,A7M
11/15/14,2014-11-15T09:00:00Z,38.3,-74.65,-0.441,A7M
11/16/14,2014-11-16T09:00:00Z,38.3,-74.65,-0.461,A7M
11/17/14,2014-11-17T09:00:00Z,38.3,-74.65,-0.331,A7M
11/18/14,2014-11-18T09:00:00Z,38.3,-74.65,0.398,A7M
11/19/14,2014-11-19T09:00:00Z,38.3,-74.65,0.289,A7M
11/20/14,2014-11-20T09:00:00Z,38.3,-74.65,0.394,A7M
11/21/14,2014-11-21T09:00:00Z,38.3,-74.65,-0.463,A7M
11/22/14,2014-11-22T09:00:00Z,38.3,-74.65,-0.493,A7M
11/23/14,2014-11-23T09:00:00Z,38.3,-74.65,0.294,A7M
11/24/14,2014-11-24T09:00:00Z,38.3,-74.65,0.336,A7M
11/25/14,2014-11-25T09:00:00Z,38.3,-74.65,0.413,A7M
11/26/14,2014-11-26T09:00:00Z,38.3,-74.65,-0.075,A7M
11/27/14,2014-11-27T09:00:00Z,38.3,-74.65,-0.054,A7M
11/28/14,2014-11-28T09:00:00Z,38.3,-74.65,-0.023,A7M
11/29/14,2014-11-29T09:00:00Z,38.3,-74.65,-0.047,A7M
11/30/14,2014-11-30T09:00:00Z,38.3,-74.65,-0.313,A7M
12/1/14,2014-12-01T09:00:00Z,38.3,-74.65,-0.224,A7M
12/2/14,2014-12-02T09:00:00Z,38.3,-74.65,-0.106,A7M
12/3/14,2014-12-03T09:00:00Z,38.3,-74.65,0.33,A7M
12/4/14,2014-12-04T09:00:00Z,38.3,-74.65,-0.139,A7M
12/5/14,2014-12-05T09:00:00Z,38.3,-74.65,-0.17,A7M
12/6/14,2014-12-06T09:00:00Z,38.3,-74.65,0.054,A7M
12/7/14,2014-12-07T09:00:00Z,38.3,-74.65,0.117,A7M
12/8/14,2014-12-08T09:00:00Z,38.3,-74.65,0.234,A7M
12/9/14,2014-12-09T09:00:00Z,38.3,-74.65,0.427,A7M
12/10/14,2014-12-10T09:00:00Z,38.3,-74.65,-0.067,A7M
12/11/14,2014-12-11T09:00:00Z,38.3,-74.65,-0.982,A7M
12/12/14,2014-12-12T09:00:00Z,38.3,-74.65,-1.089,A7M
12/13/14,2014-12-13T09:00:00Z,38.3,-74.65,-1.102,A7M
12/14/14,2014-12-14T09:00:00Z,38.3,-74.65,-1.155,A7M
12/15/14,2014-12-15T09:00:00Z,38.3,-74.65,-1.527,A7M
12/16/14,2014-12-16T09:00:00Z,38.3,-74.65,-1.51,A7M
12/17/14,2014-12-17T09:00:00Z,38.3,-74.65,-1.384,A7M
12/18/14,2014-12-18T09:00:00Z,38.3,-74.65,-1.425,A7M
12/19/14,2014-12-19T09:00:00Z,38.3,-74.65,-1.386,A7M
12/20/14,2014-12-20T09:00:00Z,38.3,-74.65,-1.526,A7M
12/21/14,2014-12-21T09:00:00Z,38.3,-74.65,-1.344,A7M
12/22/14,2014-12-22T09:00:00Z,38.3,-74.65,-0.953,A7M
12/23/14,2014-12-23T09:00:00Z,38.3,-74.65,-0.888,A7M
12/24/14,2014-12-24T09:00:00Z,38.3,-74.65,-0.892,A7M
12/25/14,2014-12-25T09:00:00Z,38.3,-74.65,-1.123,A7M
12/26/14,2014-12-26T09:00:00Z,38.3,-74.65,-0.982,A7M
12/27/14,2014-12-27T09:00:00Z,38.3,-74.65,-0.817,A7M
12/28/14,2014-12-28T09:00:00Z,38.3,-74.65,-0.613,A7M
12/29/14,2014-12-29T09:00:00Z,38.3,-74.65,-0.916,A7M
12/30/14,2014-12-30T09:00:00Z,38.3,-74.65,-0.865,A7M
12/31/14,2014-12-31T09:00:00Z,38.3,-74.65,-0.661,A7M
1/1/15,2015-01-01T09:00:00Z,38.3,-74.65,-0.801,A7M
1/2/15,2015-01-02T09:00:00Z,38.3,-74.65,-1.185,A7M
1/3/15,2015-01-03T09:00:00Z,38.3,-74.65,-0.852,A7M
1/4/15,2015-01-04T09:00:00Z,38.3,-74.65,0.151,A7M
1/5/15,2015-01-05T09:00:00Z,38.3,-74.65,0.677,A7M
1/6/15,2015-01-06T09:00:00Z,38.3,-74.65,-0.382,A7M
1/7/15,2015-01-07T09:00:00Z,38.3,-74.65,-1.402,A7M
1/8/15,2015-01-08T09:00:00Z,38.3,-74.65,-0.846,A7M
1/9/15,2015-01-09T09:00:00Z,38.3,-74.65,-0.545,A7M
1/10/15,2015-01-10T09:00:00Z,38.3,-74.65,-0.467,A7M
1/11/15,2015-01-11T09:00:00Z,38.3,-74.65,-0.411,A7M
1/12/15,2015-01-12T09:00:00Z,38.3,-74.65,-0.373,A7M
1/13/15,2015-01-13T09:00:00Z,38.3,-74.65,-0.267,A7M
1/14/15,2015-01-14T09:00:00Z,38.3,-74.65,-0.517,A7M
1/15/15,2015-01-15T09:00:00Z,38.3,-74.65,-1.17,A7M
1/16/15,2015-01-16T09:00:00Z,38.3,-74.65,-0.916,A7M
1/17/15,2015-01-17T09:00:00Z,38.3,-74.65,-0.262,A7M
1/18/15,2015-01-18T09:00:00Z,38.3,-74.65,-0.412,A7M
1/19/15,2015-01-19T09:00:00Z,38.3,-74.65,-0.275,A7M
1/20/15,2015-01-20T09:00:00Z,38.3,-74.65,-0.243,A7M
1/21/15,2015-01-21T09:00:00Z,38.3,-74.65,-0.177,A7M
1/22/15,2015-01-22T09:00:00Z,38.3,-74.65,-0.369,A7M
1/23/15,2015-01-23T09:00:00Z,38.3,-74.65,-0.405,A7M
1/24/15,2015-01-24T09:00:00Z,38.3,-74.65,-0.142,A7M
1/25/15,2015-01-25T09:00:00Z,38.3,-74.65,-0.018,A7M
1/26/15,2015-01-26T09:00:00Z,38.3,-74.65,-0.086,A7M
1/27/15,2015-01-27T09:00:00Z,38.3,-74.65,-0.898,A7M
1/28/15,2015-01-28T09:00:00Z,38.3,-74.65,-0.466,A7M
1/29/15,2015-01-29T09:00:00Z,38.3,-74.65,-0.355,A7M
1/30/15,2015-01-30T09:00:00Z,38.3,-74.65,-0.613,A7M
1/31/15,2015-01-31T09:00:00Z,38.3,-74.65,-1.017,A7M
2/1/15,2015-02-01T09:00:00Z,38.3,-74.65,-1.378,A7M
2/2/15,2015-02-02T09:00:00Z,38.3,-74.65,-1.509,A7M
2/3/15,2015-02-03T09:00:00Z,38.3,-74.65,-1.381,A7M
2/4/15,2015-02-04T09:00:00Z,38.3,-74.65,-1.416,A7M
2/5/15,2015-02-05T09:00:00Z,38.3,-74.65,-1.389,A7M
2/6/15,2015-02-06T09:00:00Z,38.3,-74.65,-1.325,A7M
2/7/15,2015-02-07T09:00:00Z,38.3,-74.65,-1.751,A7M
2/8/15,2015-02-08T09:00:00Z,38.3,-74.65,-1.867,A7M
2/9/15,2015-02-09T09:00:00Z,38.3,-74.65,-1.404,A7M
2/10/15,2015-02-10T09:00:00Z,38.3,-74.65,-1.108,A7M
2/11/15,2015-02-11T09:00:00Z,38.3,-74.65,-0.955,A7M
2/12/15,2015-02-12T09:00:00Z,38.3,-74.65,-0.891,A7M
2/13/15,2015-02-13T09:00:00Z,38.3,-74.65,-1.157,A7M
2/14/15,2015-02-14T09:00:00Z,38.3,-74.65,-1.447,A7M
2/15/15,2015-02-15T09:00:00Z,38.3,-74.65,-1.435,A7M
2/16/15,2015-02-16T09:00:00Z,38.3,-74.65,-2.037,A7M
2/17/15,2015-02-17T09:00:00Z,38.3,-74.65,-2.369,A7M
2/18/15,2015-02-18T09:00:00Z,38.3,-74.65,-1.956,A7M
2/19/15,2015-02-19T09:00:00Z,38.3,-74.65,-2.689,A7M
2/20/15,2015-02-20T09:00:00Z,38.3,-74.65,-2.438,A7M
2/21/15,2015-02-21T09:00:00Z,38.3,-74.65,-2.256,A7M
2/22/15,2015-02-22T09:00:00Z,38.3,-74.65,-2.768,A7M
2/23/15,2015-02-23T09:00:00Z,38.3,-74.65,-2.341,A7M
2/24/15,2015-02-24T09:00:00Z,38.3,-74.65,-2.291,A7M
2/25/15,2015-02-25T09:00:00Z,38.3,-74.65,-2.637,A7M
2/26/15,2015-02-26T09:00:00Z,38.3,-74.65,-2.981,A7M
2/27/15,2015-02-27T09:00:00Z,38.3,-74.65,-2.344,A7M
2/28/15,2015-02-28T09:00:00Z,38.3,-74.65,-2.147,A7M
3/1/15,2015-03-01T09:00:00Z,38.3,-74.65,-2.324,A7M
3/2/15,2015-03-02T09:00:00Z,38.3,-74.65,-2.221,A7M
3/3/15,2015-03-03T09:00:00Z,38.3,-74.65,-2.461,A7M
3/4/15,2015-03-04T09:00:00Z,38.3,-74.65,-2.318,A7M
3/5/15,2015-03-05T09:00:00Z,38.3,-74.65,-1.985,A7M
3/6/15,2015-03-06T09:00:00Z,38.3,-74.65,-1.819,A7M
3/7/15,2015-03-07T09:00:00Z,38.3,-74.65,-1.928,A7M
3/8/15,2015-03-08T09:00:00Z,38.3,-74.65,-2.152,A7M
3/9/15,2015-03-09T09:00:00Z,38.3,-74.65,-2.059,A7M
3/10/15,2015-03-10T09:00:00Z,38.3,-74.65,-1.983,A7M
3/11/15,2015-03-11T09:00:00Z,38.3,-74.65,-1.539,A7M
3/12/15,2015-03-12T09:00:00Z,38.3,-74.65,-1.58,A7M
3/13/15,2015-03-13T09:00:00Z,38.3,-74.65,-1.976,A7M
3/14/15,2015-03-14T09:00:00Z,38.3,-74.65,-2.113,A7M
3/15/15,2015-03-15T09:00:00Z,38.3,-74.65,-1.591,A7M
3/16/15,2015-03-16T09:00:00Z,38.3,-74.65,-1.33,A7M
3/17/15,2015-03-17T09:00:00Z,38.3,-74.65,-1.512,A7M
3/18/15,2015-03-18T09:00:00Z,38.3,-74.65,-1.313,A7M
3/19/15,2015-03-19T09:00:00Z,38.3,-74.65,-1.158,A7M
3/20/15,2015-03-20T09:00:00Z,38.3,-74.65,-1.811,A7M
3/21/15,2015-03-21T09:00:00Z,38.3,-74.65,-1.838,A7M
3/22/15,2015-03-22T09:00:00Z,38.3,-74.65,-1.826,A7M
3/23/15,2015-03-23T09:00:00Z,38.3,-74.65,-1.778,A7M
3/24/15,2015-03-24T09:00:00Z,38.3,-74.65,-1.717,A7M
3/25/15,2015-03-25T09:00:00Z,38.3,-74.65,-1.557,A7M
3/26/15,2015-03-26T09:00:00Z,38.3,-74.65,-1.56,A7M
3/27/15,2015-03-27T09:00:00Z,38.3,-74.65,-1.669,A7M
3/28/15,2015-03-28T09:00:00Z,38.3,-74.65,-1.713,A7M
3/29/15,2015-03-29T09:00:00Z,38.3,-74.65,-1.817,A7M
3/30/15,2015-03-30T09:00:00Z,38.3,-74.65,-1.684,A7M
3/31/15,2015-03-31T09:00:00Z,38.3,-74.65,-1.718,A7M
4/1/15,2015-04-01T09:00:00Z,38.3,-74.65,-1.342,A7M
4/2/15,2015-04-02T09:00:00Z,38.3,-74.65,-1.412,A7M
4/3/15,2015-04-03T09:00:00Z,38.3,-74.65,-1.776,A7M
4/4/15,2015-04-04T09:00:00Z,38.3,-74.65,-1.162,A7M
4/5/15,2015-04-05T09:00:00Z,38.3,-74.65,-1.08,A7M
4/6/15,2015-04-06T09:00:00Z,38.3,-74.65,-1.194,A7M
4/7/15,2015-04-07T09:00:00Z,38.3,-74.65,-1.507,A7M
4/8/15,2015-04-08T09:00:00Z,38.3,-74.65,0.28,A7M
4/9/15,2015-04-09T09:00:00Z,38.3,-74.65,0.47,A7M
4/10/15,2015-04-10T09:00:00Z,38.3,-74.65,-0.799,A7M
4/11/15,2015-04-11T09:00:00Z,38.3,-74.65,-1.012,A7M
4/12/15,2015-04-12T09:00:00Z,38.3,-74.65,-1.013,A7M
4/13/15,2015-04-13T09:00:00Z,38.3,-74.65,-0.828,A7M
4/14/15,2015-04-14T09:00:00Z,38.3,-74.65,-0.824,A7M
4/15/15,2015-04-15T09:00:00Z,38.3,-74.65,-0.429,A7M
4/16/15,2015-04-16T09:00:00Z,38.3,-74.65,0.446,A7M
4/17/15,2015-04-17T09:00:00Z,38.3,-74.65,0.298,A7M
4/18/15,2015-04-18T09:00:00Z,38.3,-74.65,0.383,A7M
4/19/15,2015-04-19T09:00:00Z,38.3,-74.65,1.606,A7M
4/20/15,2015-04-20T09:00:00Z,38.3,-74.65,0.83,A7M
4/21/15,2015-04-21T09:00:00Z,38.3,-74.65,0.286,A7M
4/22/15,2015-04-22T09:00:00Z,38.3,-74.65,-0.639,A7M
4/23/15,2015-04-23T09:00:00Z,38.3,-74.65,-1.056,A7M
4/24/15,2015-04-24T09:00:00Z,38.3,-74.65,-1.318,A7M
4/25/15,2015-04-25T09:00:00Z,38.3,-74.65,-1.596,A7M
4/26/15,2015-04-26T09:00:00Z,38.3,-74.65,-1.679,A7M
4/27/15,2015-04-27T09:00:00Z,38.3,-74.65,-1.888,A7M
4/28/15,2015-04-28T09:00:00Z,38.3,-74.65,-2.034,A7M
4/29/15,2015-04-29T09:00:00Z,38.3,-74.65,-2.029,A7M
4/30/15,2015-04-30T09:00:00Z,38.3,-74.65,-1.739,A7M
5/1/15,2015-05-01T09:00:00Z,38.3,-74.65,-1.48,A7M
5/2/15,2015-05-02T09:00:00Z,38.3,-74.65,-1.531,A7M
5/3/15,2015-05-03T09:00:00Z,38.3,-74.65,-0.473,A7M
5/4/15,2015-05-04T09:00:00Z,38.3,-74.65,-0.608,A7M
5/5/15,2015-05-05T09:00:00Z,38.3,-74.65,0.768,A7M
5/6/15,2015-05-06T09:00:00Z,38.3,-74.65,0.958,A7M
5/7/15,2015-05-07T09:00:00Z,38.3,-74.65,1.177,A7M
5/8/15,2015-05-08T09:00:00Z,38.3,-74.65,0.881,A7M
5/9/15,2015-05-09T09:00:00Z,38.3,-74.65,4.593,A7M
5/10/15,2015-05-10T09:00:00Z,38.3,-74.65,4.567,A7M
5/11/15,2015-05-11T09:00:00Z,38.3,-74.65,3.926,A7M
5/12/15,2015-05-12T09:00:00Z,38.3,-74.65,3.222,A7M
5/13/15,2015-05-13T09:00:00Z,38.3,-74.65,1.601,A7M
5/14/15,2015-05-14T09:00:00Z,38.3,-74.65,0.925,A7M
5/15/15,2015-05-15T09:00:00Z,38.3,-74.65,0.912,A7M
5/16/15,2015-05-16T09:00:00Z,38.3,-74.65,0.841,A7M
5/17/15,2015-05-17T09:00:00Z,38.3,-74.65,1.27,A7M
5/18/15,2015-05-18T09:00:00Z,38.3,-74.65,1.998,A7M
5/19/15,2015-05-19T09:00:00Z,38.3,-74.65,1.923,A7M
5/20/15,2015-05-20T09:00:00Z,38.3,-74.65,1.324,A7M
5/21/15,2015-05-21T09:00:00Z,38.3,-74.65,1.242,A7M
5/22/15,2015-05-22T09:00:00Z,38.3,-74.65,0.556,A7M
5/23/15,2015-05-23T09:00:00Z,38.3,-74.65,0.457,A7M
5/24/15,2015-05-24T09:00:00Z,38.3,-74.65,0.289,A7M
5/25/15,2015-05-25T09:00:00Z,38.3,-74.65,-0.066,A7M
5/26/15,2015-05-26T09:00:00Z,38.3,-74.65,0.608,A7M
5/27/15,2015-05-27T09:00:00Z,38.3,-74.65,1.308,A7M
5/28/15,2015-05-28T09:00:00Z,38.3,-74.65,1.373,A7M
5/29/15,2015-05-29T09:00:00Z,38.3,-74.65,2.063,A7M
5/30/15,2015-05-30T09:00:00Z,38.3,-74.65,1.867,A7M
5/31/15,2015-05-31T09:00:00Z,38.3,-74.65,1.626,A7M
6/1/15,2015-06-01T09:00:00Z,38.3,-74.65,1.699,A7M
6/2/15,2015-06-02T09:00:00Z,38.3,-74.65,1.882,A7M
6/3/15,2015-06-03T09:00:00Z,38.3,-74.65,1.429,A7M
6/4/15,2015-06-04T09:00:00Z,38.3,-74.65,0.806,A7M
6/5/15,2015-06-05T09:00:00Z,38.3,-74.65,-1.059,A7M
6/6/15,2015-06-06T09:00:00Z,38.3,-74.65,-0.998,A7M
6/7/15,2015-06-07T09:00:00Z,38.3,-74.65,-1.174,A7M
6/8/15,2015-06-08T09:00:00Z,38.3,-74.65,-1.561,A7M
6/9/15,2015-06-09T09:00:00Z,38.3,-74.65,0.016,A7M
6/10/15,2015-06-10T09:00:00Z,38.3,-74.65,0.027,A7M
6/11/15,2015-06-11T09:00:00Z,38.3,-74.65,0.182,A7M
6/12/15,2015-06-12T09:00:00Z,38.3,-74.65,0.375,A7M
6/13/15,2015-06-13T09:00:00Z,38.3,-74.65,0.689,A7M
6/14/15,2015-06-14T09:00:00Z,38.3,-74.65,0.781,A7M
6/15/15,2015-06-15T09:00:00Z,38.3,-74.65,1.575,A7M
6/16/15,2015-06-16T09:00:00Z,38.3,-74.65,2.687,A7M
6/17/15,2015-06-17T09:00:00Z,38.3,-74.65,2.501,A7M
6/18/15,2015-06-18T09:00:00Z,38.3,-74.65,2.326,A7M
6/19/15,2015-06-19T09:00:00Z,38.3,-74.65,1.749,A7M
6/20/15,2015-06-20T09:00:00Z,38.3,-74.65,2.402,A7M
6/21/15,2015-06-21T09:00:00Z,38.3,-74.65,-0.424,A7M
6/22/15,2015-06-22T09:00:00Z,38.3,-74.65,0.942,A7M
6/23/15,2015-06-23T09:00:00Z,38.3,-74.65,1.289,A7M
6/24/15,2015-06-24T09:00:00Z,38.3,-74.65,1.04,A7M
6/25/15,2015-06-25T09:00:00Z,38.3,-74.65,0.696,A7M
6/26/15,2015-06-26T09:00:00Z,38.3,-74.65,0.379,A7M
6/27/15,2015-06-27T09:00:00Z,38.3,-74.65,0.314,A7M
6/28/15,2015-06-28T09:00:00Z,38.3,-74.65,0.322,A7M
6/29/15,2015-06-29T09:00:00Z,38.3,-74.65,0.111,A7M
6/30/15,2015-06-30T09:00:00Z,38.3,-74.65,-0.057,A7M
7/1/15,2015-07-01T09:00:00Z,38.3,-74.65,0.149,A7M
7/2/15,2015-07-02T09:00:00Z,38.3,-74.65,0.025,A7M
7/3/15,2015-07-03T09:00:00Z,38.3,-74.65,-0.03,A7M
7/4/15,2015-07-04T09:00:00Z,38.3,-74.65,0.048,A7M
7/5/15,2015-07-05T09:00:00Z,38.3,-74.65,1.245,A7M
7/6/15,2015-07-06T09:00:00Z,38.3,-74.65,1.046,A7M
7/7/15,2015-07-07T09:00:00Z,38.3,-74.65,0.971,A7M
7/8/15,2015-07-08T09:00:00Z,38.3,-74.65,0.739,A7M
7/9/15,2015-07-09T09:00:00Z,38.3,-74.65,0.689,A7M
7/10/15,2015-07-10T09:00:00Z,38.3,-74.65,0.806,A7M
7/11/15,2015-07-11T09:00:00Z,38.3,-74.65,0.751,A7M
7/12/15,2015-07-12T09:00:00Z,38.3,-74.65,0.659,A7M
7/13/15,2015-07-13T09:00:00Z,38.3,-74.65,0.424,A7M
7/14/15,2015-07-14T09:00:00Z,38.3,-74.65,0.878,A7M
7/15/15,2015-07-15T09:00:00Z,38.3,-74.65,0.801,A7M
7/16/15,2015-07-16T09:00:00Z,38.3,-74.65,0.443,A7M
7/17/15,2015-07-17T09:00:00Z,38.3,-74.65,-0.019,A7M
7/18/15,2015-07-18T09:00:00Z,38.3,-74.65,-0.356,A7M
7/19/15,2015-07-19T09:00:00Z,38.3,-74.65,-0.343,A7M
7/20/15,2015-07-20T09:00:00Z,38.3,-74.65,1.162,A7M
7/21/15,2015-07-21T09:00:00Z,38.3,-74.65,1.121,A7M
7/22/15,2015-07-22T09:00:00Z,38.3,-74.65,0.781,A7M
7/23/15,2015-07-23T09:00:00Z,38.3,-74.65,0.47,A7M
7/24/15,2015-07-24T09:00:00Z,38.3,-74.65,0.257,A7M
7/25/15,2015-07-25T09:00:00Z,38.3,-74.65,0.43,A7M
7/26/15,2015-07-26T09:00:00Z,38.3,-74.65,1.136,A7M
7/27/15,2015-07-27T09:00:00Z,38.3,-74.65,0.964,A7M
7/28/15,2015-07-28T09:00:00Z,38.3,-74.65,1.183,A7M
7/29/15,2015-07-29T09:00:00Z,38.3,-74.65,1.435,A7M
7/30/15,2015-07-30T09:00:00Z,38.3,-74.65,1.557,A7M
7/31/15,2015-07-31T09:00:00Z,38.3,-74.65,2.049,A7M
8/1/15,2015-08-01T09:00:00Z,38.3,-74.65,1.615,A7M
8/2/15,2015-08-02T09:00:00Z,38.3,-74.65,1.631,A7M
8/3/15,2015-08-03T09:00:00Z,38.3,-74.65,1.521,A7M
8/4/15,2015-08-04T09:00:00Z,38.3,-74.65,1.481,A7M
8/5/15,2015-08-05T09:00:00Z,38.3,-74.65,1.421,A7M
8/6/15,2015-08-06T09:00:00Z,38.3,-74.65,1.478,A7M
8/7/15,2015-08-07T09:00:00Z,38.3,-74.65,-0.083,A7M
8/8/15,2015-08-08T09:00:00Z,38.3,-74.65,-0.297,A7M
8/9/15,2015-08-09T09:00:00Z,38.3,-74.65,-0.584,A7M
8/10/15,2015-08-10T09:00:00Z,38.3,-74.65,-0.606,A7M
8/11/15,2015-08-11T09:00:00Z,38.3,-74.65,-0.498,A7M
8/12/15,2015-08-12T09:00:00Z,38.3,-74.65,-0.286,A7M
8/13/15,2015-08-13T09:00:00Z,38.3,-74.65,0.044,A7M
8/14/15,2015-08-14T09:00:00Z,38.3,-74.65,0.631,A7M
8/15/15,2015-08-15T09:00:00Z,38.3,-74.65,1.064,A7M
8/16/15,2015-08-16T09:00:00Z,38.3,-74.65,1.482,A7M
8/17/15,2015-08-17T09:00:00Z,38.3,-74.65,1.667,A7M
8/18/15,2015-08-18T09:00:00Z,38.3,-74.65,1.586,A7M
8/19/15,2015-08-19T09:00:00Z,38.3,-74.65,1.571,A7M
8/20/15,2015-08-20T09:00:00Z,38.3,-74.65,1.459,A7M
8/21/15,2015-08-21T09:00:00Z,38.3,-74.65,1.684,A7M
8/22/15,2015-08-22T09:00:00Z,38.3,-74.65,1.605,A7M
8/23/15,2015-08-23T09:00:00Z,38.3,-74.65,1.49,A7M
8/24/15,2015-08-24T09:00:00Z,38.3,-74.65,1.48,A7M
8/25/15,2015-08-25T09:00:00Z,38.3,-74.65,1.586,A7M
8/26/15,2015-08-26T09:00:00Z,38.3,-74.65,1.608,A7M
8/27/15,2015-08-27T09:00:00Z,38.3,-74.65,1.134,A7M
8/28/15,2015-08-28T09:00:00Z,38.3,-74.65,1.157,A7M
8/29/15,2015-08-29T09:00:00Z,38.3,-74.65,1.263,A7M
8/30/15,2015-08-30T09:00:00Z,38.3,-74.65,1.398,A7M
8/31/15,2015-08-31T09:00:00Z,38.3,-74.65,1.487,A7M
9/1/15,2015-09-01T09:00:00Z,38.3,-74.65,1.462,A7M
9/2/15,2015-09-02T09:00:00Z,38.3,-74.65,1.566,A7M
9/3/15,2015-09-03T09:00:00Z,38.3,-74.65,1.861,A7M
9/4/15,2015-09-04T09:00:00Z,38.3,-74.65,1.993,A7M
9/5/15,2015-09-05T09:00:00Z,38.3,-74.65,2.071,A7M
9/6/15,2015-09-06T09:00:00Z,38.3,-74.65,2.014,A7M
9/7/15,2015-09-07T09:00:00Z,38.3,-74.65,2.251,A7M
9/8/15,2015-09-08T09:00:00Z,38.3,-74.65,2.121,A7M
9/9/15,2015-09-09T09:00:00Z,38.3,-74.65,2.635,A7M
9/10/15,2015-09-10T09:00:00Z,38.3,-74.65,2.97,A7M
9/11/15,2015-09-11T09:00:00Z,38.3,-74.65,2.4,A7M
9/12/15,2015-09-12T09:00:00Z,38.3,-74.65,2.107,A7M
9/13/15,2015-09-13T09:00:00Z,38.3,-74.65,1.894,A7M
9/14/15,2015-09-14T09:00:00Z,38.3,-74.65,0.951,A7M
9/15/15,2015-09-15T09:00:00Z,38.3,-74.65,0.724,A7M
9/16/15,2015-09-16T09:00:00Z,38.3,-74.65,1.121,A7M
9/17/15,2015-09-17T09:00:00Z,38.3,-74.65,1.524,A7M
9/18/15,2015-09-18T09:00:00Z,38.3,-74.65,1.89,A7M
9/19/15,2015-09-19T09:00:00Z,38.3,-74.65,2.553,A7M
9/20/15,2015-09-20T09:00:00Z,38.3,-74.65,3.25,A7M
9/21/15,2015-09-21T09:00:00Z,38.3,-74.65,3.245,A7M
9/22/15,2015-09-22T09:00:00Z,38.3,-74.65,2.593,A7M
9/23/15,2015-09-23T09:00:00Z,38.3,-74.65,1.993,A7M
9/24/15,2015-09-24T09:00:00Z,38.3,-74.65,1.89,A7M
9/25/15,2015-09-25T09:00:00Z,38.3,-74.65,2.096,A7M
9/26/15,2015-09-26T09:00:00Z,38.3,-74.65,1.376,A7M
9/27/15,2015-09-27T09:00:00Z,38.3,-74.65,0.881,A7M
9/28/15,2015-09-28T09:00:00Z,38.3,-74.65,0.924,A7M
9/29/15,2015-09-29T09:00:00Z,38.3,-74.65,0.995,A7M
9/30/15,2015-09-30T09:00:00Z,38.3,-74.65,1.195,A7M
10/1/15,2015-10-01T09:00:00Z,38.3,-74.65,1.185,A7M
10/2/15,2015-10-02T09:00:00Z,38.3,-74.65,0.884,A7M
10/3/15,2015-10-03T09:00:00Z,38.3,-74.65,0.594,A7M
10/4/15,2015-10-04T09:00:00Z,38.3,-74.65,-0.239,A7M
10/5/15,2015-10-05T09:00:00Z,38.3,-74.65,-1.227,A7M
10/6/15,2015-10-06T09:00:00Z,38.3,-74.65,-1.446,A7M
10/7/15,2015-10-07T09:00:00Z,38.3,-74.65,-1.462,A7M
10/8/15,2015-10-08T09:00:00Z,38.3,-74.65,-1.229,A7M
10/9/15,2015-10-09T09:00:00Z,38.3,-74.65,-1.127,A7M
10/10/15,2015-10-10T09:00:00Z,38.3,-74.65,-1.41,A7M
10/11/15,2015-10-11T09:00:00Z,38.3,-74.65,-1.146,A7M
10/12/15,2015-10-12T09:00:00Z,38.3,-74.65,-0.833,A7M
10/13/15,2015-10-13T09:00:00Z,38.3,-74.65,-0.644,A7M
10/14/15,2015-10-14T09:00:00Z,38.3,-74.65,-0.238,A7M
10/15/15,2015-10-15T09:00:00Z,38.3,-74.65,-0.199,A7M
10/16/15,2015-10-16T09:00:00Z,38.3,-74.65,-0.356,A7M
10/17/15,2015-10-17T09:00:00Z,38.3,-74.65,-0.336,A7M
10/18/15,2015-10-18T09:00:00Z,38.3,-74.65,-0.17,A7M
10/19/15,2015-10-19T09:00:00Z,38.3,-74.65,-0.746,A7M
10/20/15,2015-10-20T09:00:00Z,38.3,-74.65,-0.619,A7M
10/21/15,2015-10-21T09:00:00Z,38.3,-74.65,-0.185,A7M
10/22/15,2015-10-22T09:00:00Z,38.3,-74.65,0.063,A7M
10/23/15,2015-10-23T09:00:00Z,38.3,-74.65,0.012,A7M
10/24/15,2015-10-24T09:00:00Z,38.3,-74.65,0.043,A7M
10/25/15,2015-10-25T09:00:00Z,38.3,-74.65,-0.034,A7M
10/26/15,2015-10-26T09:00:00Z,38.3,-74.65,-0.105,A7M
10/27/15,2015-10-27T09:00:00Z,38.3,-74.65,0.377,A7M
10/28/15,2015-10-28T09:00:00Z,38.3,-74.65,0.565,A7M
10/29/15,2015-10-29T09:00:00Z,38.3,-74.65,0.358,A7M
10/30/15,2015-10-30T09:00:00Z,38.3,-74.65,0.51,A7M
10/31/15,2015-10-31T09:00:00Z,38.3,-74.65,0.747,A7M
11/1/15,2015-11-01T09:00:00Z,38.3,-74.65,1.077,A7M
11/2/15,2015-11-02T09:00:00Z,38.3,-74.65,1.233,A7M
11/3/15,2015-11-03T09:00:00Z,38.3,-74.65,1.244,A7M
11/4/15,2015-11-04T09:00:00Z,38.3,-74.65,1.28,A7M
11/5/15,2015-11-05T09:00:00Z,38.3,-74.65,1.66,A7M
11/6/15,2015-11-06T09:00:00Z,38.3,-74.65,1.965,A7M
11/7/15,2015-11-07T09:00:00Z,38.3,-74.65,2.084,A7M
11/8/15,2015-11-08T09:00:00Z,38.3,-74.65,1.908,A7M
11/9/15,2015-11-09T09:00:00Z,38.3,-74.65,1.714,A7M
11/10/15,2015-11-10T09:00:00Z,38.3,-74.65,1.537,A7M
11/11/15,2015-11-11T09:00:00Z,38.3,-74.65,1.669,A7M
11/12/15,2015-11-12T09:00:00Z,38.3,-74.65,1.691,A7M
11/13/15,2015-11-13T09:00:00Z,38.3,-74.65,1.754,A7M
11/14/15,2015-11-14T09:00:00Z,38.3,-74.65,1.822,A7M
11/15/15,2015-11-15T09:00:00Z,38.3,-74.65,1.856,A7M
11/16/15,2015-11-16T09:00:00Z,38.3,-74.65,1.922,A7M
11/17/15,2015-11-17T09:00:00Z,38.3,-74.65,1.736,A7M
11/18/15,2015-11-18T09:00:00Z,38.3,-74.65,1.744,A7M
11/19/15,2015-11-19T09:00:00Z,38.3,-74.65,1.783,A7M
11/20/15,2015-11-20T09:00:00Z,38.3,-74.65,2.17,A7M
11/21/15,2015-11-21T09:00:00Z,38.3,-74.65,2.61,A7M
11/22/15,2015-11-22T09:00:00Z,38.3,-74.65,1.239,A7M
11/23/15,2015-11-23T09:00:00Z,38.3,-74.65,1.286,A7M
11/24/15,2015-11-24T09:00:00Z,38.3,-74.65,0.858,A7M
11/25/15,2015-11-25T09:00:00Z,38.3,-74.65,1.148,A7M
11/26/15,2015-11-26T09:00:00Z,38.3,-74.65,1.82,A7M
11/27/15,2015-11-27T09:00:00Z,38.3,-74.65,1.591,A7M
11/28/15,2015-11-28T09:00:00Z,38.3,-74.65,1.414,A7M
11/29/15,2015-11-29T09:00:00Z,38.3,-74.65,1.405,A7M
11/30/15,2015-11-30T09:00:00Z,38.3,-74.65,2.072,A7M
12/1/15,2015-12-01T09:00:00Z,38.3,-74.65,2.084,A7M
12/2/15,2015-12-02T09:00:00Z,38.3,-74.65,1.828,A7M
12/3/15,2015-12-03T09:00:00Z,38.3,-74.65,2.033,A7M
12/4/15,2015-12-04T09:00:00Z,38.3,-74.65,2.286,A7M
12/5/15,2015-12-05T09:00:00Z,38.3,-74.65,2.302,A7M
12/6/15,2015-12-06T09:00:00Z,38.3,-74.65,1.873,A7M
12/7/15,2015-12-07T09:00:00Z,38.3,-74.65,1.921,A7M
12/8/15,2015-12-08T09:00:00Z,38.3,-74.65,2.007,A7M
12/9/15,2015-12-09T09:00:00Z,38.3,-74.65,2.2,A7M
12/10/15,2015-12-10T09:00:00Z,38.3,-74.65,2.3,A7M
12/11/15,2015-12-11T09:00:00Z,38.3,-74.65,2.292,A7M
12/12/15,2015-12-12T09:00:00Z,38.3,-74.65,2.359,A7M
12/13/15,2015-12-13T09:00:00Z,38.3,-74.65,2.31,A7M
12/14/15,2015-12-14T09:00:00Z,38.3,-74.65,3.391,A7M
12/15/15,2015-12-15T09:00:00Z,38.3,-74.65,3.591,A7M
12/16/15,2015-12-16T09:00:00Z,38.3,-74.65,3.583,A7M
12/17/15,2015-12-17T09:00:00Z,38.3,-74.65,3.538,A7M
12/18/15,2015-12-18T09:00:00Z,38.3,-74.65,3.072,A7M
12/19/15,2015-12-19T09:00:00Z,38.3,-74.65,3.212,A7M
12/20/15,2015-12-20T09:00:00Z,38.3,-74.65,3.162,A7M
12/21/15,2015-12-21T09:00:00Z,38.3,-74.65,3.423,A7M
12/22/15,2015-12-22T09:00:00Z,38.3,-74.65,3.404,A7M
12/23/15,2015-12-23T09:00:00Z,38.3,-74.65,3.827,A7M
12/24/15,2015-12-24T09:00:00Z,38.3,-74.65,4.113,A7M
12/25/15,2015-12-25T09:00:00Z,38.3,-74.65,4.347,A7M
12/26/15,2015-12-26T09:00:00Z,38.3,-74.65,4.698,A7M
12/27/15,2015-12-27T09:00:00Z,38.3,-74.65,4.68,A7M
12/28/15,2015-12-28T09:00:00Z,38.3,-74.65,3.999,A7M
12/29/15,2015-12-29T09:00:00Z,38.3,-74.65,3.704,A7M
12/30/15,2015-12-30T09:00:00Z,38.3,-74.65,3.769,A7M
12/31/15,2015-12-31T09:00:00Z,38.3,-74.65,3.754,A7M
1/1/16,2016-01-01T09:00:00Z,38.3,-74.65,4.168,A7M
1/2/16,2016-01-02T09:00:00Z,38.3,-74.65,4.04,A7M
1/3/16,2016-01-03T09:00:00Z,38.3,-74.65,3.948,A7M
1/4/16,2016-01-04T09:00:00Z,38.3,-74.65,3.977,A7M
1/5/16,2016-01-05T09:00:00Z,38.3,-74.65,3.263,A7M
1/6/16,2016-01-06T09:00:00Z,38.3,-74.65,3.335,A7M
1/7/16,2016-01-07T09:00:00Z,38.3,-74.65,3.246,A7M
1/8/16,2016-01-08T09:00:00Z,38.3,-74.65,3.082,A7M
1/9/16,2016-01-09T09:00:00Z,38.3,-74.65,3.191,A7M
1/10/16,2016-01-10T09:00:00Z,38.3,-74.65,3.2,A7M
1/11/16,2016-01-11T09:00:00Z,38.3,-74.65,3.241,A7M
1/12/16,2016-01-12T09:00:00Z,38.3,-74.65,3.265,A7M
1/13/16,2016-01-13T09:00:00Z,38.3,-74.65,2.9,A7M
1/14/16,2016-01-14T09:00:00Z,38.3,-74.65,2.61,A7M
1/15/16,2016-01-15T09:00:00Z,38.3,-74.65,2.71,A7M
1/16/16,2016-01-16T09:00:00Z,38.3,-74.65,2.589,A7M
1/17/16,2016-01-17T09:00:00Z,38.3,-74.65,2.649,A7M
1/18/16,2016-01-18T09:00:00Z,38.3,-74.65,2.321,A7M
1/19/16,2016-01-19T09:00:00Z,38.3,-74.65,2.401,A7M
1/20/16,2016-01-20T09:00:00Z,38.3,-74.65,2.402,A7M
1/21/16,2016-01-21T09:00:00Z,38.3,-74.65,2.352,A7M
1/22/16,2016-01-22T09:00:00Z,38.3,-74.65,1.814,A7M
1/23/16,2016-01-23T09:00:00Z,38.3,-74.65,1.119,A7M
1/24/16,2016-01-24T09:00:00Z,38.3,-74.65,0.476,A7M
1/25/16,2016-01-25T09:00:00Z,38.3,-74.65,0.686,A7M
1/26/16,2016-01-26T09:00:00Z,38.3,-74.65,0.838,A7M
1/27/16,2016-01-27T09:00:00Z,38.3,-74.65,1.476,A7M
1/28/16,2016-01-28T09:00:00Z,38.3,-74.65,1.5,A7M
1/29/16,2016-01-29T09:00:00Z,38.3,-74.65,1.738,A7M
1/30/16,2016-01-30T09:00:00Z,38.3,-74.65,1.727,A7M
1/31/16,2016-01-31T09:00:00Z,38.3,-74.65,1.825,A7M
2/1/16,2016-02-01T09:00:00Z,38.3,-74.65,1.276,A7M
2/2/16,2016-02-02T09:00:00Z,38.3,-74.65,1.076,A7M
2/3/16,2016-02-03T09:00:00Z,38.3,-74.65,1.031,A7M
2/4/16,2016-02-04T09:00:00Z,38.3,-74.65,1.287,A7M
2/5/16,2016-02-05T09:00:00Z,38.3,-74.65,1.522,A7M
2/6/16,2016-02-06T09:00:00Z,38.3,-74.65,1.427,A7M
2/7/16,2016-02-07T09:00:00Z,38.3,-74.65,1.531,A7M
2/8/16,2016-02-08T09:00:00Z,38.3,-74.65,1.527,A7M
2/9/16,2016-02-09T09:00:00Z,38.3,-74.65,1.423,A7M
2/10/16,2016-02-10T09:00:00Z,38.3,-74.65,0.929,A7M
2/11/16,2016-02-11T09:00:00Z,38.3,-74.65,0.725,A7M
2/12/16,2016-02-12T09:00:00Z,38.3,-74.65,0.622,A7M
2/13/16,2016-02-13T09:00:00Z,38.3,-74.65,0.666,A7M
2/14/16,2016-02-14T09:00:00Z,38.3,-74.65,0.63,A7M
2/15/16,2016-02-15T09:00:00Z,38.3,-74.65,0.529,A7M
2/16/16,2016-02-16T09:00:00Z,38.3,-74.65,0.5,A7M
2/17/16,2016-02-17T09:00:00Z,38.3,-74.65,0.248,A7M
2/18/16,2016-02-18T09:00:00Z,38.3,-74.65,0.336,A7M
2/19/16,2016-02-19T09:00:00Z,38.3,-74.65,1.24,A7M
2/20/16,2016-02-20T09:00:00Z,38.3,-74.65,1.267,A7M
2/21/16,2016-02-21T09:00:00Z,38.3,-74.65,1.3,A7M
2/22/16,2016-02-22T09:00:00Z,38.3,-74.65,1.881,A7M
2/23/16,2016-02-23T09:00:00Z,38.3,-74.65,2.081,A7M
2/24/16,2016-02-24T09:00:00Z,38.3,-74.65,1.881,A7M
2/25/16,2016-02-25T09:00:00Z,38.3,-74.65,0.671,A7M
2/26/16,2016-02-26T09:00:00Z,38.3,-74.65,0.583,A7M
2/27/16,2016-02-27T09:00:00Z,38.3,-74.65,1.013,A7M
2/28/16,2016-02-28T09:00:00Z,38.3,-74.65,1.015,A7M
2/29/16,2016-02-29T09:00:00Z,38.3,-74.65,0.799,A7M
3/1/16,2016-03-01T09:00:00Z,38.3,-74.65,1.601,A7M
3/2/16,2016-03-02T09:00:00Z,38.3,-74.65,1.671,A7M
3/3/16,2016-03-03T09:00:00Z,38.3,-74.65,1.66,A7M
3/4/16,2016-03-04T09:00:00Z,38.3,-74.65,1.557,A7M
3/5/16,2016-03-05T09:00:00Z,38.3,-74.65,1.571,A7M
3/6/16,2016-03-06T09:00:00Z,38.3,-74.65,1.719,A7M
3/7/16,2016-03-07T09:00:00Z,38.3,-74.65,1.584,A7M
3/8/16,2016-03-08T09:00:00Z,38.3,-74.65,1.773,A7M
3/9/16,2016-03-09T09:00:00Z,38.3,-74.65,2.502,A7M
3/10/16,2016-03-10T09:00:00Z,38.3,-74.65,2.764,A7M
3/11/16,2016-03-11T09:00:00Z,38.3,-74.65,2.398,A7M
3/12/16,2016-03-12T09:00:00Z,38.3,-74.65,2.191,A7M
3/13/16,2016-03-13T09:00:00Z,38.3,-74.65,1.819,A7M
3/14/16,2016-03-14T09:00:00Z,38.3,-74.65,1.675,A7M
3/15/16,2016-03-15T09:00:00Z,38.3,-74.65,1.723,A7M
3/16/16,2016-03-16T09:00:00Z,38.3,-74.65,1.818,A7M
3/17/16,2016-03-17T09:00:00Z,38.3,-74.65,1.742,A7M
3/18/16,2016-03-18T09:00:00Z,38.3,-74.65,1.939,A7M
3/19/16,2016-03-19T09:00:00Z,38.3,-74.65,2.143,A7M
3/20/16,2016-03-20T09:00:00Z,38.3,-74.65,2.111,A7M
3/21/16,2016-03-21T09:00:00Z,38.3,-74.65,1.01,A7M
3/22/16,2016-03-22T09:00:00Z,38.3,-74.65,0.987,A7M
3/23/16,2016-03-23T09:00:00Z,38.3,-74.65,1.002,A7M
3/24/16,2016-03-24T09:00:00Z,38.3,-74.65,1.139,A7M
3/25/16,2016-03-25T09:00:00Z,38.3,-74.65,1.723,A7M
3/26/16,2016-03-26T09:00:00Z,38.3,-74.65,1.751,A7M
3/27/16,2016-03-27T09:00:00Z,38.3,-74.65,2.114,A7M
3/28/16,2016-03-28T09:00:00Z,38.3,-74.65,1.88,A7M
3/29/16,2016-03-29T09:00:00Z,38.3,-74.65,1.941,A7M
3/30/16,2016-03-30T09:00:00Z,38.3,-74.65,2.013,A7M
3/31/16,2016-03-31T09:00:00Z,38.3,-74.65,1.928,A7M
4/1/16,2016-04-01T09:00:00Z,38.3,-74.65,1.863,A7M
4/2/16,2016-04-02T09:00:00Z,38.3,-74.65,1.535,A7M
4/3/16,2016-04-03T09:00:00Z,38.3,-74.65,1.527,A7M
4/4/16,2016-04-04T09:00:00Z,38.3,-74.65,1.526,A7M
4/5/16,2016-04-05T09:00:00Z,38.3,-74.65,1.086,A7M
4/6/16,2016-04-06T09:00:00Z,38.3,-74.65,0.949,A7M
4/7/16,2016-04-07T09:00:00Z,38.3,-74.65,1.013,A7M
4/8/16,2016-04-08T09:00:00Z,38.3,-74.65,1.153,A7M
4/9/16,2016-04-09T09:00:00Z,38.3,-74.65,1.083,A7M
4/10/16,2016-04-10T09:00:00Z,38.3,-74.65,1.113,A7M
4/11/16,2016-04-11T09:00:00Z,38.3,-74.65,0.767,A7M
4/12/16,2016-04-12T09:00:00Z,38.3,-74.65,1.596,A7M
4/13/16,2016-04-13T09:00:00Z,38.3,-74.65,1.435,A7M
4/14/16,2016-04-14T09:00:00Z,38.3,-74.65,1.17,A7M
4/15/16,2016-04-15T09:00:00Z,38.3,-74.65,1.072,A7M
4/16/16,2016-04-16T09:00:00Z,38.3,-74.65,0.924,A7M
4/17/16,2016-04-17T09:00:00Z,38.3,-74.65,0.835,A7M
4/18/16,2016-04-18T09:00:00Z,38.3,-74.65,0.579,A7M
4/19/16,2016-04-19T09:00:00Z,38.3,-74.65,0.436,A7M
4/20/16,2016-04-20T09:00:00Z,38.3,-74.65,0.849,A7M
4/21/16,2016-04-21T09:00:00Z,38.3,-74.65,1.125,A7M
4/22/16,2016-04-22T09:00:00Z,38.3,-74.65,0.954,A7M
4/23/16,2016-04-23T09:00:00Z,38.3,-74.65,1.066,A7M
4/24/16,2016-04-24T09:00:00Z,38.3,-74.65,0.786,A7M
4/25/16,2016-04-25T09:00:00Z,38.3,-74.65,0.523,A7M
4/26/16,2016-04-26T09:00:00Z,38.3,-74.65,0.118,A7M
4/27/16,2016-04-27T09:00:00Z,38.3,-74.65,-0.2,A7M
4/28/16,2016-04-28T09:00:00Z,38.3,-74.65,0.385,A7M
4/29/16,2016-04-29T09:00:00Z,38.3,-74.65,0.118,A7M
4/30/16,2016-04-30T09:00:00Z,38.3,-74.65,0.12,A7M
5/1/16,2016-05-01T09:00:00Z,38.3,-74.65,-0.031,A7M
5/2/16,2016-05-02T09:00:00Z,38.3,-74.65,-0.565,A7M
5/3/16,2016-05-03T09:00:00Z,38.3,-74.65,-1.071,A7M
5/4/16,2016-05-04T09:00:00Z,38.3,-74.65,-1.178,A7M
5/5/16,2016-05-05T09:00:00Z,38.3,-74.65,-1.892,A7M
5/6/16,2016-05-06T09:00:00Z,38.3,-74.65,-1.611,A7M
5/7/16,2016-05-07T09:00:00Z,38.3,-74.65,-1.393,A7M
5/8/16,2016-05-08T09:00:00Z,38.3,-74.65,-0.577,A7M
5/9/16,2016-05-09T09:00:00Z,38.3,-74.65,-0.307,A7M
5/10/16,2016-05-10T09:00:00Z,38.3,-74.65,-0.846,A7M
5/11/16,2016-05-11T09:00:00Z,38.3,-74.65,-1.299,A7M
5/12/16,2016-05-12T09:00:00Z,38.3,-74.65,-1.197,A7M
5/13/16,2016-05-13T09:00:00Z,38.3,-74.65,-0.4,A7M
5/14/16,2016-05-14T09:00:00Z,38.3,-74.65,-0.491,A7M
5/15/16,2016-05-15T09:00:00Z,38.3,-74.65,-0.899,A7M
5/16/16,2016-05-16T09:00:00Z,38.3,-74.65,-1.048,A7M
5/17/16,2016-05-17T09:00:00Z,38.3,-74.65,-0.817,A7M
5/18/16,2016-05-18T09:00:00Z,38.3,-74.65,-1.183,A7M
5/19/16,2016-05-19T09:00:00Z,38.3,-74.65,-1.534,A7M
5/20/16,2016-05-20T09:00:00Z,38.3,-74.65,-1.414,A7M
5/21/16,2016-05-21T09:00:00Z,38.3,-74.65,-1.567,A7M
5/22/16,2016-05-22T09:00:00Z,38.3,-74.65,-2.341,A7M
5/23/16,2016-05-23T09:00:00Z,38.3,-74.65,-0.65,A7M
5/24/16,2016-05-24T09:00:00Z,38.3,-74.65,-1.107,A7M
5/25/16,2016-05-25T09:00:00Z,38.3,-74.65,-1.157,A7M
5/26/16,2016-05-26T09:00:00Z,38.3,-74.65,-0.3,A7M
5/27/16,2016-05-27T09:00:00Z,38.3,-74.65,0.094,A7M
5/28/16,2016-05-28T09:00:00Z,38.3,-74.65,-0.309,A7M
5/29/16,2016-05-29T09:00:00Z,38.3,-74.65,-0.711,A7M
5/30/16,2016-05-30T09:00:00Z,38.3,-74.65,-0.978,A7M
5/31/16,2016-05-31T09:00:00Z,38.3,-74.65,1.478,A7M
6/1/16,2016-06-01T09:00:00Z,38.3,-74.65,2.243,A7M
6/2/16,2016-06-02T09:00:00Z,38.3,-74.65,2.253,A7M
6/3/16,2016-06-03T09:00:00Z,38.3,-74.65,2.017,A7M
6/4/16,2016-06-04T09:00:00Z,38.3,-74.65,1.516,A7M
6/5/16,2016-06-05T09:00:00Z,38.3,-74.65,1.386,A7M
6/6/16,2016-06-06T09:00:00Z,38.3,-74.65,1.904,A7M
6/7/16,2016-06-07T09:00:00Z,38.3,-74.65,1.481,A7M
6/8/16,2016-06-08T09:00:00Z,38.3,-74.65,0.899,A7M
6/9/16,2016-06-09T09:00:00Z,38.3,-74.65,0.36,A7M
6/10/16,2016-06-10T09:00:00Z,38.3,-74.65,-0.387,A7M
6/11/16,2016-06-11T09:00:00Z,38.3,-74.65,-0.939,A7M
6/12/16,2016-06-12T09:00:00Z,38.3,-74.65,-0.49,A7M
6/13/16,2016-06-13T09:00:00Z,38.3,-74.65,-0.381,A7M
6/14/16,2016-06-14T09:00:00Z,38.3,-74.65,-0.164,A7M
6/15/16,2016-06-15T09:00:00Z,38.3,-74.65,-0.429,A7M
6/16/16,2016-06-16T09:00:00Z,38.3,-74.65,-0.733,A7M
6/17/16,2016-06-17T09:00:00Z,38.3,-74.65,-1.499,A7M
6/18/16,2016-06-18T09:00:00Z,38.3,-74.65,-1.832,A7M
6/19/16,2016-06-19T09:00:00Z,38.3,-74.65,-1.902,A7M
6/20/16,2016-06-20T09:00:00Z,38.3,-74.65,-1.241,A7M
6/21/16,2016-06-21T09:00:00Z,38.3,-74.65,-0.741,A7M
6/22/16,2016-06-22T09:00:00Z,38.3,-74.65,-0.544,A7M
6/23/16,2016-06-23T09:00:00Z,38.3,-74.65,-0.665,A7M
6/24/16,2016-06-24T09:00:00Z,38.3,-74.65,-0.988,A7M
6/25/16,2016-06-25T09:00:00Z,38.3,-74.65,-1.113,A7M
6/26/16,2016-06-26T09:00:00Z,38.3,-74.65,-1.038,A7M
6/27/16,2016-06-27T09:00:00Z,38.3,-74.65,-1.043,A7M
6/28/16,2016-06-28T09:00:00Z,38.3,-74.65,-0.566,A7M
6/29/16,2016-06-29T09:00:00Z,38.3,-74.65,0.091,A7M
6/30/16,2016-06-30T09:00:00Z,38.3,-74.65,0.317,A7M
7/1/16,2016-07-01T09:00:00Z,38.3,-74.65,0.22,A7M
7/2/16,2016-07-02T09:00:00Z,38.3,-74.65,0.232,A7M
7/3/16,2016-07-03T09:00:00Z,38.3,-74.65,0.214,A7M
7/4/16,2016-07-04T09:00:00Z,38.3,-74.65,-0.3,A7M
7/5/16,2016-07-05T09:00:00Z,38.3,-74.65,0.558,A7M
7/6/16,2016-07-06T09:00:00Z,38.3,-74.65,1.071,A7M
7/7/16,2016-07-07T09:00:00Z,38.3,-74.65,1.678,A7M
7/8/16,2016-07-08T09:00:00Z,38.3,-74.65,1.732,A7M
7/9/16,2016-07-09T09:00:00Z,38.3,-74.65,1.919,A7M
7/10/16,2016-07-10T09:00:00Z,38.3,-74.65,1.853,A7M
7/11/16,2016-07-11T09:00:00Z,38.3,-74.65,1.61,A7M
7/12/16,2016-07-12T09:00:00Z,38.3,-74.65,1.073,A7M
7/13/16,2016-07-13T09:00:00Z,38.3,-74.65,1.2,A7M
7/14/16,2016-07-14T09:00:00Z,38.3,-74.65,0.969,A7M
7/15/16,2016-07-15T09:00:00Z,38.3,-74.65,1.016,A7M
7/16/16,2016-07-16T09:00:00Z,38.3,-74.65,1.903,A7M
7/25/16,2016-07-25T09:00:00Z,38.3,-74.65,0.419,A7M
7/26/16,2016-07-26T09:00:00Z,38.3,-74.65,1.837,A7M
7/27/16,2016-07-27T09:00:00Z,38.3,-74.65,2.794,A7M
7/28/16,2016-07-28T09:00:00Z,38.3,-74.65,2.98,A7M
7/29/16,2016-07-29T09:00:00Z,38.3,-74.65,3.366,A7M
7/30/16,2016-07-30T09:00:00Z,38.3,-74.65,3.198,A7M
7/31/16,2016-07-31T09:00:00Z,38.3,-74.65,2.75,A7M
8/1/16,2016-08-01T09:00:00Z,38.3,-74.65,2.302,A7M
8/2/16,2016-08-02T09:00:00Z,38.3,-74.65,2.029,A7M
8/3/16,2016-08-03T09:00:00Z,38.3,-74.65,1.611,A7M
8/4/16,2016-08-04T09:00:00Z,38.3,-74.65,1.635,A7M
8/5/16,2016-08-05T09:00:00Z,38.3,-74.65,1.631,A7M
8/6/16,2016-08-06T09:00:00Z,38.3,-74.65,1.605,A7M
8/7/16,2016-08-07T09:00:00Z,38.3,-74.65,1.672,A7M
8/8/16,2016-08-08T09:00:00Z,38.3,-74.65,1.34,A7M
8/9/16,2016-08-09T09:00:00Z,38.3,-74.65,1.071,A7M
8/10/16,2016-08-10T09:00:00Z,38.3,-74.65,1.165,A7M
8/11/16,2016-08-11T09:00:00Z,38.3,-74.65,2.297,A7M
8/12/16,2016-08-12T09:00:00Z,38.3,-74.65,2.463,A7M
8/13/16,2016-08-13T09:00:00Z,38.3,-74.65,2.154,A7M
8/14/16,2016-08-14T09:00:00Z,38.3,-74.65,2.275,A7M
8/15/16,2016-08-15T09:00:00Z,38.3,-74.65,2.881,A7M
8/16/16,2016-08-16T09:00:00Z,38.3,-74.65,3.246,A7M
8/17/16,2016-08-17T09:00:00Z,38.3,-74.65,3.074,A7M
8/18/16,2016-08-18T09:00:00Z,38.3,-74.65,3.073,A7M
8/19/16,2016-08-19T09:00:00Z,38.3,-74.65,3.205,A7M
8/20/16,2016-08-20T09:00:00Z,38.3,-74.65,3.515,A7M
8/21/16,2016-08-21T09:00:00Z,38.3,-74.65,3.352,A7M
8/22/16,2016-08-22T09:00:00Z,38.3,-74.65,3.105,A7M
8/23/16,2016-08-23T09:00:00Z,38.3,-74.65,2.909,A7M
8/24/16,2016-08-24T09:00:00Z,38.3,-74.65,2.62,A7M
8/25/16,2016-08-25T09:00:00Z,38.3,-74.65,2.512,A7M
8/26/16,2016-08-26T09:00:00Z,38.3,-74.65,1.966,A7M
8/27/16,2016-08-27T09:00:00Z,38.3,-74.65,2.111,A7M
8/28/16,2016-08-28T09:00:00Z,38.3,-74.65,2.398,A7M
8/29/16,2016-08-29T09:00:00Z,38.3,-74.65,2.139,A7M
8/30/16,2016-08-30T09:00:00Z,38.3,-74.65,1.958,A7M
8/31/16,2016-08-31T09:00:00Z,38.3,-74.65,2.607,A7M
9/1/16,2016-09-01T09:00:00Z,38.3,-74.65,1.719,A7M
9/2/16,2016-09-02T09:00:00Z,38.3,-74.65,1.771,A7M
9/3/16,2016-09-03T09:00:00Z,38.3,-74.65,1.759,A7M
9/4/16,2016-09-04T09:00:00Z,38.3,-74.65,0.184,A7M
9/5/16,2016-09-05T09:00:00Z,38.3,-74.65,-0.252,A7M
9/6/16,2016-09-06T09:00:00Z,38.3,-74.65,0.079,A7M
9/7/16,2016-09-07T09:00:00Z,38.3,-74.65,0.091,A7M
9/8/16,2016-09-08T09:00:00Z,38.3,-74.65,0.618,A7M
9/9/16,2016-09-09T09:00:00Z,38.3,-74.65,0.966,A7M
9/10/16,2016-09-10T09:00:00Z,38.3,-74.65,1.378,A7M
9/11/16,2016-09-11T09:00:00Z,38.3,-74.65,1.276,A7M
9/12/16,2016-09-12T09:00:00Z,38.3,-74.65,0.708,A7M
9/13/16,2016-09-13T09:00:00Z,38.3,-74.65,0.763,A7M
9/14/16,2016-09-14T09:00:00Z,38.3,-74.65,1.051,A7M
9/15/16,2016-09-15T09:00:00Z,38.3,-74.65,1.518,A7M
9/16/16,2016-09-16T09:00:00Z,38.3,-74.65,1.066,A7M
9/17/16,2016-09-17T09:00:00Z,38.3,-74.65,0.827,A7M
9/18/16,2016-09-18T09:00:00Z,38.3,-74.65,1.376,A7M
9/19/16,2016-09-19T09:00:00Z,38.3,-74.65,2.361,A7M
9/20/16,2016-09-20T09:00:00Z,38.3,-74.65,2.516,A7M
9/21/16,2016-09-21T09:00:00Z,38.3,-74.65,2.12,A7M
9/22/16,2016-09-22T09:00:00Z,38.3,-74.65,1.317,A7M
9/23/16,2016-09-23T09:00:00Z,38.3,-74.65,1.234,A7M
9/24/16,2016-09-24T09:00:00Z,38.3,-74.65,1.452,A7M
9/25/16,2016-09-25T09:00:00Z,38.3,-74.65,1.649,A7M
9/26/16,2016-09-26T09:00:00Z,38.3,-74.65,0.556,A7M
9/27/16,2016-09-27T09:00:00Z,38.3,-74.65,0.306,A7M
9/28/16,2016-09-28T09:00:00Z,38.3,-74.65,0.623,A7M
9/29/16,2016-09-29T09:00:00Z,38.3,-74.65,1.074,A7M
9/30/16,2016-09-30T09:00:00Z,38.3,-74.65,0.764,A7M
10/1/16,2016-10-01T09:00:00Z,38.3,-74.65,0.147,A7M
10/2/16,2016-10-02T09:00:00Z,38.3,-74.65,0.649,A7M
10/3/16,2016-10-03T09:00:00Z,38.3,-74.65,0.507,A7M
10/4/16,2016-10-04T09:00:00Z,38.3,-74.65,0.345,A7M
10/5/16,2016-10-05T09:00:00Z,38.3,-74.65,-0.445,A7M
10/6/16,2016-10-06T09:00:00Z,38.3,-74.65,-0.513,A7M
10/7/16,2016-10-07T09:00:00Z,38.3,-74.65,-0.118,A7M
10/8/16,2016-10-08T09:00:00Z,38.3,-74.65,-0.035,A7M
10/9/16,2016-10-09T09:00:00Z,38.3,-74.65,-0.574,A7M
10/10/16,2016-10-10T09:00:00Z,38.3,-74.65,-0.36,A7M
10/11/16,2016-10-11T09:00:00Z,38.3,-74.65,-0.401,A7M
10/12/16,2016-10-12T09:00:00Z,38.3,-74.65,-0.474,A7M
10/13/16,2016-10-13T09:00:00Z,38.3,-74.65,-0.631,A7M
10/14/16,2016-10-14T09:00:00Z,38.3,-74.65,-0.525,A7M
10/15/16,2016-10-15T09:00:00Z,38.3,-74.65,-0.443,A7M
10/16/16,2016-10-16T09:00:00Z,38.3,-74.65,-0.276,A7M
10/17/16,2016-10-17T09:00:00Z,38.3,-74.65,0.034,A7M
10/18/16,2016-10-18T09:00:00Z,38.3,-74.65,0.707,A7M
10/19/16,2016-10-19T09:00:00Z,38.3,-74.65,1.096,A7M
10/20/16,2016-10-20T09:00:00Z,38.3,-74.65,1.772,A7M
10/21/16,2016-10-21T09:00:00Z,38.3,-74.65,2.155,A7M
10/22/16,2016-10-22T09:00:00Z,38.3,-74.65,1.055,A7M
10/23/16,2016-10-23T09:00:00Z,38.3,-74.65,0.959,A7M
10/24/16,2016-10-24T09:00:00Z,38.3,-74.65,0.743,A7M
10/25/16,2016-10-25T09:00:00Z,38.3,-74.65,0.608,A7M
10/26/16,2016-10-26T09:00:00Z,38.3,-74.65,0.537,A7M
10/27/16,2016-10-27T09:00:00Z,38.3,-74.65,0.674,A7M
10/28/16,2016-10-28T09:00:00Z,38.3,-74.65,-0.264,A7M
10/29/16,2016-10-29T09:00:00Z,38.3,-74.65,-0.224,A7M
10/30/16,2016-10-30T09:00:00Z,38.3,-74.65,0.379,A7M
10/31/16,2016-10-31T09:00:00Z,38.3,-74.65,0.828,A7M
11/1/16,2016-11-01T09:00:00Z,38.3,-74.65,0.328,A7M
11/2/16,2016-11-02T09:00:00Z,38.3,-74.65,0.362,A7M
11/3/16,2016-11-03T09:00:00Z,38.3,-74.65,0.501,A7M
11/4/16,2016-11-04T09:00:00Z,38.3,-74.65,1.138,A7M
11/5/16,2016-11-05T09:00:00Z,38.3,-74.65,1.363,A7M
11/6/16,2016-11-06T09:00:00Z,38.3,-74.65,1.55,A7M
11/7/16,2016-11-07T09:00:00Z,38.3,-74.65,1.305,A7M
11/8/16,2016-11-08T09:00:00Z,38.3,-74.65,1.359,A7M
11/9/16,2016-11-09T09:00:00Z,38.3,-74.65,1.411,A7M
11/10/16,2016-11-10T09:00:00Z,38.3,-74.65,1.28,A7M
11/11/16,2016-11-11T09:00:00Z,38.3,-74.65,1.264,A7M
11/12/16,2016-11-12T09:00:00Z,38.3,-74.65,1.166,A7M
11/13/16,2016-11-13T09:00:00Z,38.3,-74.65,1.115,A7M
11/14/16,2016-11-14T09:00:00Z,38.3,-74.65,1.298,A7M
11/15/16,2016-11-15T09:00:00Z,38.3,-74.65,1.266,A7M
11/16/16,2016-11-16T09:00:00Z,38.3,-74.65,1.222,A7M
11/17/16,2016-11-17T09:00:00Z,38.3,-74.65,1.103,A7M
11/18/16,2016-11-18T09:00:00Z,38.3,-74.65,1.378,A7M
11/19/16,2016-11-19T09:00:00Z,38.3,-74.65,1.568,A7M
11/20/16,2016-11-20T09:00:00Z,38.3,-74.65,1.537,A7M
11/21/16,2016-11-21T09:00:00Z,38.3,-74.65,0.915,A7M
11/22/16,2016-11-22T09:00:00Z,38.3,-74.65,0.737,A7M
11/23/16,2016-11-23T09:00:00Z,38.3,-74.65,0.779,A7M
11/24/16,2016-11-24T09:00:00Z,38.3,-74.65,0.406,A7M
11/25/16,2016-11-25T09:00:00Z,38.3,-74.65,0.531,A7M
11/26/16,2016-11-26T09:00:00Z,38.3,-74.65,0.724,A7M
11/27/16,2016-11-27T09:00:00Z,38.3,-74.65,0.729,A7M
11/28/16,2016-11-28T09:00:00Z,38.3,-74.65,0.753,A7M
11/29/16,2016-11-29T09:00:00Z,38.3,-74.65,0.539,A7M
11/30/16,2016-11-30T09:00:00Z,38.3,-74.65,0.752,A7M
12/1/16,2016-12-01T09:00:00Z,38.3,-74.65,0.884,A7M
12/2/16,2016-12-02T09:00:00Z,38.3,-74.65,1.169,A7M
12/3/16,2016-12-03T09:00:00Z,38.3,-74.65,1.523,A7M
12/4/16,2016-12-04T09:00:00Z,38.3,-74.65,1.519,A7M
12/5/16,2016-12-05T09:00:00Z,38.3,-74.65,1.304,A7M
12/6/16,2016-12-06T09:00:00Z,38.3,-74.65,0.641,A7M
12/7/16,2016-12-07T09:00:00Z,38.3,-74.65,-0.482,A7M
12/8/16,2016-12-08T09:00:00Z,38.3,-74.65,-0.168,A7M
12/9/16,2016-12-09T09:00:00Z,38.3,-74.65,0.762,A7M
12/10/16,2016-12-10T09:00:00Z,38.3,-74.65,1.295,A7M
12/11/16,2016-12-11T09:00:00Z,38.3,-74.65,1.456,A7M
12/12/16,2016-12-12T09:00:00Z,38.3,-74.65,1.295,A7M
12/13/16,2016-12-13T09:00:00Z,38.3,-74.65,0.902,A7M
12/14/16,2016-12-14T09:00:00Z,38.3,-74.65,0.409,A7M
12/15/16,2016-12-15T09:00:00Z,38.3,-74.65,0.76,A7M
12/16/16,2016-12-16T09:00:00Z,38.3,-74.65,0.937,A7M
12/17/16,2016-12-17T09:00:00Z,38.3,-74.65,0.879,A7M
12/18/16,2016-12-18T09:00:00Z,38.3,-74.65,0.749,A7M
12/19/16,2016-12-19T09:00:00Z,38.3,-74.65,0.475,A7M
12/20/16,2016-12-20T09:00:00Z,38.3,-74.65,0.542,A7M
12/21/16,2016-12-21T09:00:00Z,38.3,-74.65,0.809,A7M
12/22/16,2016-12-22T09:00:00Z,38.3,-74.65,0.589,A7M
12/23/16,2016-12-23T09:00:00Z,38.3,-74.65,0.686,A7M
12/24/16,2016-12-24T09:00:00Z,38.3,-74.65,0.774,A7M
12/25/16,2016-12-25T09:00:00Z,38.3,-74.65,0.706,A7M
12/26/16,2016-12-26T09:00:00Z,38.3,-74.65,0.866,A7M
12/27/16,2016-12-27T09:00:00Z,38.3,-74.65,0.454,A7M
12/28/16,2016-12-28T09:00:00Z,38.3,-74.65,0.471,A7M
12/29/16,2016-12-29T09:00:00Z,38.3,-74.65,0.509,A7M
12/30/16,2016-12-30T09:00:00Z,38.3,-74.65,0.638,A7M
12/31/16,2016-12-31T09:00:00Z,38.3,-74.65,0.502,A7M
1/1/17,2017-01-01T09:00:00Z,38.3,-74.65,0.72,A7M
1/2/17,2017-01-02T09:00:00Z,38.3,-74.65,1.068,A7M
1/3/17,2017-01-03T09:00:00Z,38.3,-74.65,1.315,A7M
1/4/17,2017-01-04T09:00:00Z,38.3,-74.65,1.296,A7M
1/5/17,2017-01-05T09:00:00Z,38.3,-74.65,1.218,A7M
1/6/17,2017-01-06T09:00:00Z,38.3,-74.65,0.881,A7M
1/7/17,2017-01-07T09:00:00Z,38.3,-74.65,0.534,A7M
1/8/17,2017-01-08T09:00:00Z,38.3,-74.65,-0.683,A7M
1/9/17,2017-01-09T09:00:00Z,38.3,-74.65,-0.238,A7M
1/10/17,2017-01-10T09:00:00Z,38.3,-74.65,-0.015,A7M
1/11/17,2017-01-11T09:00:00Z,38.3,-74.65,0.015,A7M
1/12/17,2017-01-12T09:00:00Z,38.3,-74.65,0.339,A7M
1/13/17,2017-01-13T09:00:00Z,38.3,-74.65,0.567,A7M
1/14/17,2017-01-14T09:00:00Z,38.3,-74.65,0.48,A7M
1/15/17,2017-01-15T09:00:00Z,38.3,-74.65,1.265,A7M
1/16/17,2017-01-16T09:00:00Z,38.3,-74.65,1.676,A7M
1/17/17,2017-01-17T09:00:00Z,38.3,-74.65,0.974,A7M
1/18/17,2017-01-18T09:00:00Z,38.3,-74.65,1.07,A7M
1/19/17,2017-01-19T09:00:00Z,38.3,-74.65,1.448,A7M
1/20/17,2017-01-20T09:00:00Z,38.3,-74.65,1.444,A7M
1/21/17,2017-01-21T09:00:00Z,38.3,-74.65,1.544,A7M
1/22/17,2017-01-22T09:00:00Z,38.3,-74.65,2.369,A7M
1/23/17,2017-01-23T09:00:00Z,38.3,-74.65,2.429,A7M
1/24/17,2017-01-24T09:00:00Z,38.3,-74.65,0.888,A7M
1/25/17,2017-01-25T09:00:00Z,38.3,-74.65,0.591,A7M
1/26/17,2017-01-26T09:00:00Z,38.3,-74.65,1.396,A7M
1/27/17,2017-01-27T09:00:00Z,38.3,-74.65,1.609,A7M
1/28/17,2017-01-28T09:00:00Z,38.3,-74.65,1.611,A7M
1/29/17,2017-01-29T09:00:00Z,38.3,-74.65,1.384,A7M
1/30/17,2017-01-30T09:00:00Z,38.3,-74.65,1.022,A7M
1/31/17,2017-01-31T09:00:00Z,38.3,-74.65,1.15,A7M
2/1/17,2017-02-01T09:00:00Z,38.3,-74.65,1.176,A7M
2/2/17,2017-02-02T09:00:00Z,38.3,-74.65,0.889,A7M
2/3/17,2017-02-03T09:00:00Z,38.3,-74.65,0.729,A7M
2/4/17,2017-02-04T09:00:00Z,38.3,-74.65,0.785,A7M
2/5/17,2017-02-05T09:00:00Z,38.3,-74.65,0.817,A7M
2/6/17,2017-02-06T09:00:00Z,38.3,-74.65,0.941,A7M
2/7/17,2017-02-07T09:00:00Z,38.3,-74.65,0.931,A7M
2/8/17,2017-02-08T09:00:00Z,38.3,-74.65,1.006,A7M
2/9/17,2017-02-09T09:00:00Z,38.3,-74.65,1.256,A7M
2/10/17,2017-02-10T09:00:00Z,38.3,-74.65,1.249,A7M
2/11/17,2017-02-11T09:00:00Z,38.3,-74.65,1.97,A7M
2/12/17,2017-02-12T09:00:00Z,38.3,-74.65,1.799,A7M
2/13/17,2017-02-13T09:00:00Z,38.3,-74.65,1.784,A7M
2/14/17,2017-02-14T09:00:00Z,38.3,-74.65,1.36,A7M
2/15/17,2017-02-15T09:00:00Z,38.3,-74.65,1.2,A7M
2/16/17,2017-02-16T09:00:00Z,38.3,-74.65,1.365,A7M
2/17/17,2017-02-17T09:00:00Z,38.3,-74.65,1.251,A7M
2/18/17,2017-02-18T09:00:00Z,38.3,-74.65,1.323,A7M
2/19/17,2017-02-19T09:00:00Z,38.3,-74.65,1.357,A7M
2/20/17,2017-02-20T09:00:00Z,38.3,-74.65,1.737,A7M
2/21/17,2017-02-21T09:00:00Z,38.3,-74.65,1.988,A7M
2/22/17,2017-02-22T09:00:00Z,38.3,-74.65,1.764,A7M
2/23/17,2017-02-23T09:00:00Z,38.3,-74.65,1.329,A7M
2/24/17,2017-02-24T09:00:00Z,38.3,-74.65,1.989,A7M
2/25/17,2017-02-25T09:00:00Z,38.3,-74.65,2.098,A7M
2/26/17,2017-02-26T09:00:00Z,38.3,-74.65,2.027,A7M
2/27/17,2017-02-27T09:00:00Z,38.3,-74.65,2.185,A7M
2/28/17,2017-02-28T09:00:00Z,38.3,-74.65,2.193,A7M
3/1/17,2017-03-01T09:00:00Z,38.3,-74.65,1.909,A7M
3/2/17,2017-03-02T09:00:00Z,38.3,-74.65,2.569,A7M
3/3/17,2017-03-03T09:00:00Z,38.3,-74.65,2.416,A7M
3/4/17,2017-03-04T09:00:00Z,38.3,-74.65,2.281,A7M
3/5/17,2017-03-05T09:00:00Z,38.3,-74.65,2.086,A7M
3/6/17,2017-03-06T09:00:00Z,38.3,-74.65,1.968,A7M
3/7/17,2017-03-07T09:00:00Z,38.3,-74.65,1.953,A7M
3/8/17,2017-03-08T09:00:00Z,38.3,-74.65,2.319,A7M
3/9/17,2017-03-09T09:00:00Z,38.3,-74.65,2.36,A7M
3/10/17,2017-03-10T09:00:00Z,38.3,-74.65,1.896,A7M
3/11/17,2017-03-11T09:00:00Z,38.3,-74.65,1.64,A7M
3/12/17,2017-03-12T09:00:00Z,38.3,-74.65,1.365,A7M
3/13/17,2017-03-13T09:00:00Z,38.3,-74.65,1.101,A7M
3/14/17,2017-03-14T09:00:00Z,38.3,-74.65,0.456,A7M
3/15/17,2017-03-15T09:00:00Z,38.3,-74.65,0.518,A7M
3/16/17,2017-03-16T09:00:00Z,38.3,-74.65,0.498,A7M
3/17/17,2017-03-17T09:00:00Z,38.3,-74.65,0.383,A7M
3/18/17,2017-03-18T09:00:00Z,38.3,-74.65,0.355,A7M
3/19/17,2017-03-19T09:00:00Z,38.3,-74.65,0.476,A7M
3/20/17,2017-03-20T09:00:00Z,38.3,-74.65,0.468,A7M
3/21/17,2017-03-21T09:00:00Z,38.3,-74.65,0.451,A7M
3/22/17,2017-03-22T09:00:00Z,38.3,-74.65,0.24,A7M
3/23/17,2017-03-23T09:00:00Z,38.3,-74.65,-0.043,A7M
3/24/17,2017-03-24T09:00:00Z,38.3,-74.65,-0.419,A7M
3/25/17,2017-03-25T09:00:00Z,38.3,-74.65,-0.326,A7M
3/26/17,2017-03-26T09:00:00Z,38.3,-74.65,-0.285,A7M
3/27/17,2017-03-27T09:00:00Z,38.3,-74.65,0.18,A7M
3/28/17,2017-03-28T09:00:00Z,38.3,-74.65,0.648,A7M
3/29/17,2017-03-29T09:00:00Z,38.3,-74.65,0.441,A7M
3/30/17,2017-03-30T09:00:00Z,38.3,-74.65,0.503,A7M
3/31/17,2017-03-31T09:00:00Z,38.3,-74.65,0.331,A7M
4/1/17,2017-04-01T09:00:00Z,38.3,-74.65,-0.103,A7M
4/2/17,2017-04-02T09:00:00Z,38.3,-74.65,-0.294,A7M
4/3/17,2017-04-03T09:00:00Z,38.3,-74.65,-0.619,A7M
4/4/17,2017-04-04T09:00:00Z,38.3,-74.65,-0.858,A7M
4/5/17,2017-04-05T09:00:00Z,38.3,-74.65,-0.085,A7M
4/6/17,2017-04-06T09:00:00Z,38.3,-74.65,-0.397,A7M
4/7/17,2017-04-07T09:00:00Z,38.3,-74.65,-0.424,A7M
4/8/17,2017-04-08T09:00:00Z,38.3,-74.65,-0.081,A7M
4/9/17,2017-04-09T09:00:00Z,38.3,-74.65,0.001,A7M
4/10/17,2017-04-10T09:00:00Z,38.3,-74.65,-0.135,A7M
4/11/17,2017-04-11T09:00:00Z,38.3,-74.65,-0.043,A7M
4/12/17,2017-04-12T09:00:00Z,38.3,-74.65,1.193,A7M
4/13/17,2017-04-13T09:00:00Z,38.3,-74.65,1.623,A7M
4/14/17,2017-04-14T09:00:00Z,38.3,-74.65,1.722,A7M
4/15/17,2017-04-15T09:00:00Z,38.3,-74.65,1.633,A7M
4/16/17,2017-04-16T09:00:00Z,38.3,-74.65,1.447,A7M
4/17/17,2017-04-17T09:00:00Z,38.3,-74.65,1.654,A7M
4/18/17,2017-04-18T09:00:00Z,38.3,-74.65,1.875,A7M
4/19/17,2017-04-19T09:00:00Z,38.3,-74.65,1.636,A7M
4/20/17,2017-04-20T09:00:00Z,38.3,-74.65,1.384,A7M
4/21/17,2017-04-21T09:00:00Z,38.3,-74.65,1.221,A7M
4/22/17,2017-04-22T09:00:00Z,38.3,-74.65,2.466,A7M
4/23/17,2017-04-23T09:00:00Z,38.3,-74.65,2.14,A7M
4/24/17,2017-04-24T09:00:00Z,38.3,-74.65,1.836,A7M
4/25/17,2017-04-25T09:00:00Z,38.3,-74.65,1.561,A7M
4/26/17,2017-04-26T09:00:00Z,38.3,-74.65,1.04,A7M
4/27/17,2017-04-27T09:00:00Z,38.3,-74.65,1.053,A7M
4/28/17,2017-04-28T09:00:00Z,38.3,-74.65,1.656,A7M
4/29/17,2017-04-29T09:00:00Z,38.3,-74.65,2.645,A7M
4/30/17,2017-04-30T09:00:00Z,38.3,-74.65,3.009,A7M
5/1/17,2017-05-01T09:00:00Z,38.3,-74.65,2.39,A7M
5/2/17,2017-05-02T09:00:00Z,38.3,-74.65,2.385,A7M
5/3/17,2017-05-03T09:00:00Z,38.3,-74.65,2.112,A7M
5/4/17,2017-05-04T09:00:00Z,38.3,-74.65,1.907,A7M
5/5/17,2017-05-05T09:00:00Z,38.3,-74.65,1.897,A7M
5/6/17,2017-05-06T09:00:00Z,38.3,-74.65,1.679,A7M
5/7/17,2017-05-07T09:00:00Z,38.3,-74.65,1.73,A7M
5/8/17,2017-05-08T09:00:00Z,38.3,-74.65,1.571,A7M
5/9/17,2017-05-09T09:00:00Z,38.3,-74.65,1.476,A7M
5/10/17,2017-05-10T09:00:00Z,38.3,-74.65,1.391,A7M
5/11/17,2017-05-11T09:00:00Z,38.3,-74.65,0.864,A7M
5/12/17,2017-05-12T09:00:00Z,38.3,-74.65,-0.123,A7M
5/13/17,2017-05-13T09:00:00Z,38.3,-74.65,-0.338,A7M
5/14/17,2017-05-14T09:00:00Z,38.3,-74.65,-0.627,A7M
5/15/17,2017-05-15T09:00:00Z,38.3,-74.65,-0.493,A7M
5/16/17,2017-05-16T09:00:00Z,38.3,-74.65,-0.258,A7M
5/17/17,2017-05-17T09:00:00Z,38.3,-74.65,0.13,A7M
5/18/17,2017-05-18T09:00:00Z,38.3,-74.65,0.373,A7M
5/19/17,2017-05-19T09:00:00Z,38.3,-74.65,0.162,A7M
5/20/17,2017-05-20T09:00:00Z,38.3,-74.65,-0.032,A7M
5/21/17,2017-05-21T09:00:00Z,38.3,-74.65,-0.13,A7M
5/22/17,2017-05-22T09:00:00Z,38.3,-74.65,-0.972,A7M
5/23/17,2017-05-23T09:00:00Z,38.3,-74.65,-1.804,A7M
5/24/17,2017-05-24T09:00:00Z,38.3,-74.65,-1.084,A7M
5/25/17,2017-05-25T09:00:00Z,38.3,-74.65,-1.768,A7M
5/26/17,2017-05-26T09:00:00Z,38.3,-74.65,-1.526,A7M
5/27/17,2017-05-27T09:00:00Z,38.3,-74.65,-0.874,A7M
5/28/17,2017-05-28T09:00:00Z,38.3,-74.65,-0.907,A7M
5/29/17,2017-05-29T09:00:00Z,38.3,-74.65,-1.499,A7M
5/30/17,2017-05-30T09:00:00Z,38.3,-74.65,-0.729,A7M
5/31/17,2017-05-31T09:00:00Z,38.3,-74.65,-0.931,A7M
6/1/17,2017-06-01T09:00:00Z,38.3,-74.65,-0.86,A7M
6/2/17,2017-06-02T09:00:00Z,38.3,-74.65,-0.33,A7M
6/3/17,2017-06-03T09:00:00Z,38.3,-74.65,-0.339,A7M
6/4/17,2017-06-04T09:00:00Z,38.3,-74.65,-0.301,A7M
6/5/17,2017-06-05T09:00:00Z,38.3,-74.65,-0.475,A7M
6/6/17,2017-06-06T09:00:00Z,38.3,-74.65,-1.114,A7M
6/7/17,2017-06-07T09:00:00Z,38.3,-74.65,-2.02,A7M
6/8/17,2017-06-08T09:00:00Z,38.3,-74.65,-2.843,A7M
6/9/17,2017-06-09T09:00:00Z,38.3,-74.65,-1.382,A7M
6/10/17,2017-06-10T09:00:00Z,38.3,-74.65,-1.791,A7M
6/11/17,2017-06-11T09:00:00Z,38.3,-74.65,-2.272,A7M
6/12/17,2017-06-12T09:00:00Z,38.3,-74.65,-2.31,A7M
6/13/17,2017-06-13T09:00:00Z,38.3,-74.65,0.208,A7M
6/14/17,2017-06-14T09:00:00Z,38.3,-74.65,1.054,A7M
6/15/17,2017-06-15T09:00:00Z,38.3,-74.65,0.621,A7M
6/16/17,2017-06-16T09:00:00Z,38.3,-74.65,0.098,A7M
6/17/17,2017-06-17T09:00:00Z,38.3,-74.65,1.158,A7M
6/18/17,2017-06-18T09:00:00Z,38.3,-74.65,1.562,A7M
6/19/17,2017-06-19T09:00:00Z,38.3,-74.65,1.051,A7M
6/20/17,2017-06-20T09:00:00Z,38.3,-74.65,1.007,A7M
6/21/17,2017-06-21T09:00:00Z,38.3,-74.65,0.561,A7M
6/22/17,2017-06-22T09:00:00Z,38.3,-74.65,-0.386,A7M
6/23/17,2017-06-23T09:00:00Z,38.3,-74.65,-0.213,A7M
6/24/17,2017-06-24T09:00:00Z,38.3,-74.65,-0.889,A7M
6/25/17,2017-06-25T09:00:00Z,38.3,-74.65,-0.762,A7M
6/26/17,2017-06-26T09:00:00Z,38.3,-74.65,-0.95,A7M
6/27/17,2017-06-27T09:00:00Z,38.3,-74.65,-1.005,A7M
6/28/17,2017-06-28T09:00:00Z,38.3,-74.65,-1.113,A7M
6/29/17,2017-06-29T09:00:00Z,38.3,-74.65,-1.164,A7M
6/30/17,2017-06-30T09:00:00Z,38.3,-74.65,-1.301,A7M
7/1/17,2017-07-01T09:00:00Z,38.3,-74.65,-1.287,A7M
7/2/17,2017-07-02T09:00:00Z,38.3,-74.65,-0.5,A7M
7/3/17,2017-07-03T09:00:00Z,38.3,-74.65,0.26,A7M
7/4/17,2017-07-04T09:00:00Z,38.3,-74.65,0.441,A7M
7/5/17,2017-07-05T09:00:00Z,38.3,-74.65,0.169,A7M
7/6/17,2017-07-06T09:00:00Z,38.3,-74.65,-0.045,A7M
7/7/17,2017-07-07T09:00:00Z,38.3,-74.65,0.103,A7M
7/8/17,2017-07-08T09:00:00Z,38.3,-74.65,0.192,A7M
7/9/17,2017-07-09T09:00:00Z,38.3,-74.65,0.699,A7M
7/10/17,2017-07-10T09:00:00Z,38.3,-74.65,0.952,A7M
7/11/17,2017-07-11T09:00:00Z,38.3,-74.65,1.203,A7M
7/12/17,2017-07-12T09:00:00Z,38.3,-74.65,1.147,A7M
7/13/17,2017-07-13T09:00:00Z,38.3,-74.65,0.969,A7M
7/14/17,2017-07-14T09:00:00Z,38.3,-74.65,2.04,A7M
7/15/17,2017-07-15T09:00:00Z,38.3,-74.65,2.406,A7M
7/16/17,2017-07-16T09:00:00Z,38.3,-74.65,2.124,A7M
7/17/17,2017-07-17T09:00:00Z,38.3,-74.65,1.84,A7M
7/18/17,2017-07-18T09:00:00Z,38.3,-74.65,1.421,A7M
7/19/17,2017-07-19T09:00:00Z,38.3,-74.65,1.633,A7M
7/20/17,2017-07-20T09:00:00Z,38.3,-74.65,1.729,A7M
7/21/17,2017-07-21T09:00:00Z,38.3,-74.65,1.826,A7M
7/22/17,2017-07-22T09:00:00Z,38.3,-74.65,1.15,A7M
7/23/17,2017-07-23T09:00:00Z,38.3,-74.65,1.293,A7M
7/24/17,2017-07-24T09:00:00Z,38.3,-74.65,1.346,A7M
7/25/17,2017-07-25T09:00:00Z,38.3,-74.65,1.314,A7M
7/26/17,2017-07-26T09:00:00Z,38.3,-74.65,0.716,A7M
7/27/17,2017-07-27T09:00:00Z,38.3,-74.65,0.203,A7M
7/28/17,2017-07-28T09:00:00Z,38.3,-74.65,0.195,A7M
7/29/17,2017-07-29T09:00:00Z,38.3,-74.65,-2.07,A7M
7/30/17,2017-07-30T09:00:00Z,38.3,-74.65,-2.16,A7M
7/31/17,2017-07-31T09:00:00Z,38.3,-74.65,-2.082,A7M
8/1/17,2017-08-01T09:00:00Z,38.3,-74.65,-2.047,A7M
8/2/17,2017-08-02T09:00:00Z,38.3,-74.65,-1.97,A7M
8/3/17,2017-08-03T09:00:00Z,38.3,-74.65,-1.235,A7M
8/4/17,2017-08-04T09:00:00Z,38.3,-74.65,-1.096,A7M
8/5/17,2017-08-05T09:00:00Z,38.3,-74.65,-1.127,A7M
8/6/17,2017-08-06T09:00:00Z,38.3,-74.65,-1.132,A7M
8/7/17,2017-08-07T09:00:00Z,38.3,-74.65,-1.182,A7M
8/8/17,2017-08-08T09:00:00Z,38.3,-74.65,-1.29,A7M
8/9/17,2017-08-09T09:00:00Z,38.3,-74.65,-1.387,A7M
8/10/17,2017-08-10T09:00:00Z,38.3,-74.65,-1.348,A7M
8/11/17,2017-08-11T09:00:00Z,38.3,-74.65,-1.275,A7M
8/12/17,2017-08-12T09:00:00Z,38.3,-74.65,-0.828,A7M
8/13/17,2017-08-13T09:00:00Z,38.3,-74.65,-0.685,A7M
8/14/17,2017-08-14T09:00:00Z,38.3,-74.65,-0.366,A7M
8/15/17,2017-08-15T09:00:00Z,38.3,-74.65,0.076,A7M
8/16/17,2017-08-16T09:00:00Z,38.3,-74.65,1.252,A7M
8/17/17,2017-08-17T09:00:00Z,38.3,-74.65,1.219,A7M
8/18/17,2017-08-18T09:00:00Z,38.3,-74.65,1.351,A7M
8/19/17,2017-08-19T09:00:00Z,38.3,-74.65,1.492,A7M
8/20/17,2017-08-20T09:00:00Z,38.3,-74.65,1.277,A7M
8/21/17,2017-08-21T09:00:00Z,38.3,-74.65,1.411,A7M
8/22/17,2017-08-22T09:00:00Z,38.3,-74.65,1.249,A7M
8/23/17,2017-08-23T09:00:00Z,38.3,-74.65,1.453,A7M
8/24/17,2017-08-24T09:00:00Z,38.3,-74.65,1.409,A7M
8/25/17,2017-08-25T09:00:00Z,38.3,-74.65,1.152,A7M
8/26/17,2017-08-26T09:00:00Z,38.3,-74.65,0.939,A7M
8/27/17,2017-08-27T09:00:00Z,38.3,-74.65,0.394,A7M
8/28/17,2017-08-28T09:00:00Z,38.3,-74.65,0.673,A7M
8/29/17,2017-08-29T09:00:00Z,38.3,-74.65,0.005,A7M
8/30/17,2017-08-30T09:00:00Z,38.3,-74.65,-1.569,A7M
8/31/17,2017-08-31T09:00:00Z,38.3,-74.65,-1.725,A7M
9/1/17,2017-09-01T09:00:00Z,38.3,-74.65,-1.537,A7M
9/2/17,2017-09-02T09:00:00Z,38.3,-74.65,-1.542,A7M
9/3/17,2017-09-03T09:00:00Z,38.3,-74.65,-1.332,A7M
9/4/17,2017-09-04T09:00:00Z,38.3,-74.65,-1.156,A7M
9/5/17,2017-09-05T09:00:00Z,38.3,-74.65,-1.102,A7M
9/6/17,2017-09-06T09:00:00Z,38.3,-74.65,-1.181,A7M
9/7/17,2017-09-07T09:00:00Z,38.3,-74.65,-0.442,A7M
9/8/17,2017-09-08T09:00:00Z,38.3,-74.65,-0.875,A7M
9/9/17,2017-09-09T09:00:00Z,38.3,-74.65,-0.686,A7M
9/10/17,2017-09-10T09:00:00Z,38.3,-74.65,-0.8,A7M
9/11/17,2017-09-11T09:00:00Z,38.3,-74.65,-0.783,A7M
9/12/17,2017-09-12T09:00:00Z,38.3,-74.65,-0.767,A7M
9/13/17,2017-09-13T09:00:00Z,38.3,-74.65,-1.125,A7M
9/14/17,2017-09-14T09:00:00Z,38.3,-74.65,-0.591,A7M
9/15/17,2017-09-15T09:00:00Z,38.3,-74.65,-0.04,A7M
9/16/17,2017-09-16T09:00:00Z,38.3,-74.65,0.319,A7M
9/17/17,2017-09-17T09:00:00Z,38.3,-74.65,0.331,A7M
9/18/17,2017-09-18T09:00:00Z,38.3,-74.65,0.69,A7M
9/19/17,2017-09-19T09:00:00Z,38.3,-74.65,-0.174,A7M
9/20/17,2017-09-20T09:00:00Z,38.3,-74.65,-0.182,A7M
9/21/17,2017-09-21T09:00:00Z,38.3,-74.65,-0.257,A7M
9/22/17,2017-09-22T09:00:00Z,38.3,-74.65,-0.016,A7M
9/23/17,2017-09-23T09:00:00Z,38.3,-74.65,-0.312,A7M
9/24/17,2017-09-24T09:00:00Z,38.3,-74.65,-0.013,A7M
9/25/17,2017-09-25T09:00:00Z,38.3,-74.65,0.367,A7M
9/26/17,2017-09-26T09:00:00Z,38.3,-74.65,0.501,A7M
9/27/17,2017-09-27T09:00:00Z,38.3,-74.65,0.017,A7M
9/28/17,2017-09-28T09:00:00Z,38.3,-74.65,-0.33,A7M
9/29/17,2017-09-29T09:00:00Z,38.3,-74.65,-0.191,A7M
9/30/17,2017-09-30T09:00:00Z,38.3,-74.65,0.009,A7M
10/1/17,2017-10-01T09:00:00Z,38.3,-74.65,-0.867,A7M
10/2/17,2017-10-02T09:00:00Z,38.3,-74.65,-0.71,A7M
10/3/17,2017-10-03T09:00:00Z,38.3,-74.65,-0.281,A7M
10/4/17,2017-10-04T09:00:00Z,38.3,-74.65,-0.574,A7M
10/5/17,2017-10-05T09:00:00Z,38.3,-74.65,-0.087,A7M
10/6/17,2017-10-06T09:00:00Z,38.3,-74.65,0.109,A7M
10/7/17,2017-10-07T09:00:00Z,38.3,-74.65,0.773,A7M
10/8/17,2017-10-08T09:00:00Z,38.3,-74.65,1.635,A7M
10/9/17,2017-10-09T09:00:00Z,38.3,-74.65,1.724,A7M
10/10/17,2017-10-10T09:00:00Z,38.3,-74.65,1.831,A7M
10/11/17,2017-10-11T09:00:00Z,38.3,-74.65,2.103,A7M
10/12/17,2017-10-12T09:00:00Z,38.3,-74.65,2.248,A7M
10/13/17,2017-10-13T09:00:00Z,38.3,-74.65,1.408,A7M
10/14/17,2017-10-14T09:00:00Z,38.3,-74.65,1.328,A7M
10/15/17,2017-10-15T09:00:00Z,38.3,-74.65,1.47,A7M
10/16/17,2017-10-16T09:00:00Z,38.3,-74.65,1.696,A7M
10/17/17,2017-10-17T09:00:00Z,38.3,-74.65,0.841,A7M
10/18/17,2017-10-18T09:00:00Z,38.3,-74.65,0.887,A7M
10/19/17,2017-10-19T09:00:00Z,38.3,-74.65,1.305,A7M
10/20/17,2017-10-20T09:00:00Z,38.3,-74.65,1.438,A7M
10/21/17,2017-10-21T09:00:00Z,38.3,-74.65,1.643,A7M
10/22/17,2017-10-22T09:00:00Z,38.3,-74.65,1.079,A7M
10/23/17,2017-10-23T09:00:00Z,38.3,-74.65,0.997,A7M
10/24/17,2017-10-24T09:00:00Z,38.3,-74.65,1.915,A7M
10/25/17,2017-10-25T09:00:00Z,38.3,-74.65,1.837,A7M
10/26/17,2017-10-26T09:00:00Z,38.3,-74.65,1.69,A7M
10/27/17,2017-10-27T09:00:00Z,38.3,-74.65,1.755,A7M
10/28/17,2017-10-28T09:00:00Z,38.3,-74.65,1.932,A7M
10/29/17,2017-10-29T09:00:00Z,38.3,-74.65,1.895,A7M
10/30/17,2017-10-30T09:00:00Z,38.3,-74.65,1.899,A7M
10/31/17,2017-10-31T09:00:00Z,38.3,-74.65,2.122,A7M
11/1/17,2017-11-01T09:00:00Z,38.3,-74.65,2.456,A7M
11/2/17,2017-11-02T09:00:00Z,38.3,-74.65,2.686,A7M
11/3/17,2017-11-03T09:00:00Z,38.3,-74.65,2.731,A7M
11/4/17,2017-11-04T09:00:00Z,38.3,-74.65,2.544,A7M
11/5/17,2017-11-05T09:00:00Z,38.3,-74.65,2.655,A7M
11/6/17,2017-11-06T09:00:00Z,38.3,-74.65,2.323,A7M
11/7/17,2017-11-07T09:00:00Z,38.3,-74.65,2.165,A7M
11/8/17,2017-11-08T09:00:00Z,38.3,-74.65,1.853,A7M
11/9/17,2017-11-09T09:00:00Z,38.3,-74.65,1.472,A7M
11/10/17,2017-11-10T09:00:00Z,38.3,-74.65,1.379,A7M
11/11/17,2017-11-11T09:00:00Z,38.3,-74.65,1.517,A7M
11/12/17,2017-11-12T09:00:00Z,38.3,-74.65,1.113,A7M
11/13/17,2017-11-13T09:00:00Z,38.3,-74.65,0.758,A7M
11/14/17,2017-11-14T09:00:00Z,38.3,-74.65,0.983,A7M
11/15/17,2017-11-15T09:00:00Z,38.3,-74.65,1.404,A7M
11/16/17,2017-11-16T09:00:00Z,38.3,-74.65,1.689,A7M
11/17/17,2017-11-17T09:00:00Z,38.3,-74.65,1.711,A7M
11/18/17,2017-11-18T09:00:00Z,38.3,-74.65,1.656,A7M
11/19/17,2017-11-19T09:00:00Z,38.3,-74.65,1.553,A7M
11/20/17,2017-11-20T09:00:00Z,38.3,-74.65,1.387,A7M
11/21/17,2017-11-21T09:00:00Z,38.3,-74.65,0.712,A7M
11/22/17,2017-11-22T09:00:00Z,38.3,-74.65,0.901,A7M
11/23/17,2017-11-23T09:00:00Z,38.3,-74.65,1.3,A7M
11/24/17,2017-11-24T09:00:00Z,38.3,-74.65,1.336,A7M
4/20/23,2023-04-20T09:00:00Z,38.3,-74.65,2.797,A7M
4/21/23,2023-04-21T09:00:00Z,38.3,-74.65,3.016,A7M
4/23/23,2023-04-23T09:00:00Z,38.3,-74.65,3.226,A7M
4/24/23,2023-04-24T09:00:00Z,38.3,-74.65,3.112,A7M
4/25/23,2023-04-25T09:00:00Z,38.3,-74.65,2.632,A7M
4/26/23,2023-04-26T09:00:00Z,38.3,-74.65,2.602,A7M
4/27/23,2023-04-27T09:00:00Z,38.3,-74.65,2.32,A7M
4/28/23,2023-04-28T09:00:00Z,38.3,-74.65,1.783,A7M
4/29/23,2023-04-29T09:00:00Z,38.3,-74.65,1.352,A7M
4/30/23,2023-04-30T09:00:00Z,38.3,-74.65,1.247,A7M
5/1/23,2023-05-01T09:00:00Z,38.3,-74.65,1.434,A7M
5/2/23,2023-05-02T09:00:00Z,38.3,-74.65,1.362,A7M
5/3/23,2023-05-03T09:00:00Z,38.3,-74.65,0.782,A7M
5/4/23,2023-05-04T09:00:00Z,38.3,-74.65,0.371,A7M
5/5/23,2023-05-05T09:00:00Z,38.3,-74.65,0.762,A7M
5/6/23,2023-05-06T09:00:00Z,38.3,-74.65,1.001,A7M
5/7/23,2023-05-07T09:00:00Z,38.3,-74.65,2.025,A7M
5/8/23,2023-05-08T09:00:00Z,38.3,-74.65,1.782,A7M
5/9/23,2023-05-09T09:00:00Z,38.3,-74.65,1.582,A7M
5/10/23,2023-05-10T09:00:00Z,38.3,-74.65,1.668,A7M
5/11/23,2023-05-11T09:00:00Z,38.3,-74.65,1.737,A7M
5/12/23,2023-05-12T09:00:00Z,38.3,-74.65,1.566,A7M
5/13/23,2023-05-13T09:00:00Z,38.3,-74.65,1.798,A7M
5/14/23,2023-05-14T09:00:00Z,38.3,-74.65,2.308,A7M
5/15/23,2023-05-15T09:00:00Z,38.3,-74.65,2.28,A7M
5/16/23,2023-05-16T09:00:00Z,38.3,-74.65,1.867,A7M
5/17/23,2023-05-17T09:00:00Z,38.3,-74.65,1.576,A7M
5/18/23,2023-05-18T09:00:00Z,38.3,-74.65,1.642,A7M
5/19/23,2023-05-19T09:00:00Z,38.3,-74.65,1.338,A7M
5/20/23,2023-05-20T09:00:00Z,38.3,-74.65,1.54,A7M
5/21/23,2023-05-21T09:00:00Z,38.3,-74.65,1.629,A7M
5/22/23,2023-05-22T09:00:00Z,38.3,-74.65,1.413,A7M
5/23/23,2023-05-23T09:00:00Z,38.3,-74.65,0.748,A7M
5/24/23,2023-05-24T09:00:00Z,38.3,-74.65,0.372,A7M
5/25/23,2023-05-25T09:00:00Z,38.3,-74.65,0.256,A7M
5/26/23,2023-05-26T09:00:00Z,38.3,-74.65,0.069,A7M
5/27/23,2023-05-27T09:00:00Z,38.3,-74.65,0.069,A7M
5/28/23,2023-05-28T09:00:00Z,38.3,-74.65,-0.196,A7M
5/29/23,2023-05-29T09:00:00Z,38.3,-74.65,-1.076,A7M
5/30/23,2023-05-30T09:00:00Z,38.3,-74.65,-1.31,A7M
5/31/23,2023-05-31T09:00:00Z,38.3,-74.65,-0.588,A7M
6/1/23,2023-06-01T09:00:00Z,38.3,-74.65,-0.834,A7M
6/2/23,2023-06-02T09:00:00Z,38.3,-74.65,-1.015,A7M
6/3/23,2023-06-03T09:00:00Z,38.3,-74.65,-0.51,A7M
6/4/23,2023-06-04T09:00:00Z,38.3,-74.65,-0.704,A7M
6/5/23,2023-06-05T09:00:00Z,38.3,-74.65,-1.533,A7M
6/6/23,2023-06-06T09:00:00Z,38.3,-74.65,-1.677,A7M
6/7/23,2023-06-07T09:00:00Z,38.3,-74.65,-1.104,A7M
6/8/23,2023-06-08T09:00:00Z,38.3,-74.65,-1.294,A7M
6/9/23,2023-06-09T09:00:00Z,38.3,-74.65,-1.538,A7M
6/10/23,2023-06-10T09:00:00Z,38.3,-74.65,-2.168,A7M
6/11/23,2023-06-11T09:00:00Z,38.3,-74.65,-1.936,A7M
6/12/23,2023-06-12T09:00:00Z,38.3,-74.65,-1.149,A7M
6/13/23,2023-06-13T09:00:00Z,38.3,-74.65,-1.062,A7M
6/14/23,2023-06-14T09:00:00Z,38.3,-74.65,-0.992,A7M
6/19/23,2023-06-19T09:00:00Z,38.3,-74.65,0.208,A7M
6/20/23,2023-06-20T09:00:00Z,38.3,-74.65,0.172,A7M
6/21/23,2023-06-21T09:00:00Z,38.3,-74.65,-0.082,A7M
6/22/23,2023-06-22T09:00:00Z,38.3,-74.65,-1.476,A7M
6/23/23,2023-06-23T09:00:00Z,38.3,-74.65,-1.065,A7M
6/24/23,2023-06-24T09:00:00Z,38.3,-74.65,-1.458,A7M
6/25/23,2023-06-25T09:00:00Z,38.3,-74.65,-1.765,A7M
6/26/23,2023-06-26T09:00:00Z,38.3,-74.65,-1.472,A7M
6/27/23,2023-06-27T09:00:00Z,38.3,-74.65,-0.736,A7M
6/28/23,2023-06-28T09:00:00Z,38.3,-74.65,-0.861,A7M
6/29/23,2023-06-29T09:00:00Z,38.3,-74.65,-1.187,A7M
6/30/23,2023-06-30T09:00:00Z,38.3,-74.65,-1.233,A7M
7/1/23,2023-07-01T09:00:00Z,38.3,-74.65,-0.647,A7M
7/2/23,2023-07-02T09:00:00Z,38.3,-74.65,0.825,A7M
7/3/23,2023-07-03T09:00:00Z,38.3,-74.65,0.839,A7M
7/4/23,2023-07-04T09:00:00Z,38.3,-74.65,1.449,A7M
7/5/23,2023-07-05T09:00:00Z,38.3,-74.65,2.319,A7M
7/6/23,2023-07-06T09:00:00Z,38.3,-74.65,2.27,A7M
7/7/23,2023-07-07T09:00:00Z,38.3,-74.65,2.343,A7M
7/8/23,2023-07-08T09:00:00Z,38.3,-74.65,2.11,A7M
7/9/23,2023-07-09T09:00:00Z,38.3,-74.65,2.642,A7M
7/10/23,2023-07-10T09:00:00Z,38.3,-74.65,2.69,A7M
7/11/23,2023-07-11T09:00:00Z,38.3,-74.65,2.599,A7M
7/12/23,2023-07-12T09:00:00Z,38.3,-74.65,2.733,A7M
7/13/23,2023-07-13T09:00:00Z,38.3,-74.65,2.784,A7M
7/14/23,2023-07-14T09:00:00Z,38.3,-74.65,2.105,A7M
7/15/23,2023-07-15T09:00:00Z,38.3,-74.65,1.256,A7M
7/16/23,2023-07-16T09:00:00Z,38.3,-74.65,1.074,A7M
7/17/23,2023-07-17T09:00:00Z,38.3,-74.65,1.167,A7M
7/18/23,2023-07-18T09:00:00Z,38.3,-74.65,1.249,A7M
7/19/23,2023-07-19T09:00:00Z,38.3,-74.65,1.013,A7M
7/20/23,2023-07-20T09:00:00Z,38.3,-74.65,0.957,A7M
7/21/23,2023-07-21T09:00:00Z,38.3,-74.65,1.628,A7M
7/22/23,2023-07-22T09:00:00Z,38.3,-74.65,1.587,A7M
7/23/23,2023-07-23T09:00:00Z,38.3,-74.65,1.349,A7M
7/24/23,2023-07-24T09:00:00Z,38.3,-74.65,0.715,A7M
7/25/23,2023-07-25T09:00:00Z,38.3,-74.65,0.521,A7M
7/26/23,2023-07-26T09:00:00Z,38.3,-74.65,0.936,A7M
7/27/23,2023-07-27T09:00:00Z,38.3,-74.65,1.158,A7M
7/28/23,2023-07-28T09:00:00Z,38.3,-74.65,1.335,A7M
7/29/23,2023-07-29T09:00:00Z,38.3,-74.65,1.374,A7M
7/30/23,2023-07-30T09:00:00Z,38.3,-74.65,-0.604,A7M
7/31/23,2023-07-31T09:00:00Z,38.3,-74.65,-0.902,A7M
8/1/23,2023-08-01T09:00:00Z,38.3,-74.65,-1.273,A7M
8/2/23,2023-08-02T09:00:00Z,38.3,-74.65,-1.276,A7M
8/3/23,2023-08-03T09:00:00Z,38.3,-74.65,-1.379,A7M
8/4/23,2023-08-04T09:00:00Z,38.3,-74.65,-1.815,A7M
8/5/23,2023-08-05T09:00:00Z,38.3,-74.65,-1.262,A7M
8/6/23,2023-08-06T09:00:00Z,38.3,-74.65,-1.124,A7M
8/7/23,2023-08-07T09:00:00Z,38.3,-74.65,-1.123,A7M
8/8/23,2023-08-08T09:00:00Z,38.3,-74.65,-0.656,A7M
8/9/23,2023-08-09T09:00:00Z,38.3,-74.65,-0.9,A7M
8/10/23,2023-08-10T09:00:00Z,38.3,-74.65,-1.773,A7M
8/11/23,2023-08-11T09:00:00Z,38.3,-74.65,-1.75,A7M
8/12/23,2023-08-12T09:00:00Z,38.3,-74.65,-1.358,A7M
8/13/23,2023-08-13T09:00:00Z,38.3,-74.65,-0.916,A7M
8/14/23,2023-08-14T09:00:00Z,38.3,-74.65,-0.25,A7M
8/15/23,2023-08-15T09:00:00Z,38.3,-74.65,0.309,A7M
8/16/23,2023-08-16T09:00:00Z,38.3,-74.65,0.666,A7M
8/17/23,2023-08-17T09:00:00Z,38.3,-74.65,0.797,A7M
8/18/23,2023-08-18T09:00:00Z,38.3,-74.65,0.784,A7M
8/19/23,2023-08-19T09:00:00Z,38.3,-74.65,0.938,A7M
8/20/23,2023-08-20T09:00:00Z,38.3,-74.65,0.877,A7M
8/21/23,2023-08-21T09:00:00Z,38.3,-74.65,0.967,A7M
8/22/23,2023-08-22T09:00:00Z,38.3,-74.65,0.973,A7M
8/23/23,2023-08-23T09:00:00Z,38.3,-74.65,0.746,A7M
8/24/23,2023-08-24T09:00:00Z,38.3,-74.65,-0.081,A7M
8/25/23,2023-08-25T09:00:00Z,38.3,-74.65,-0.03,A7M
8/26/23,2023-08-26T09:00:00Z,38.3,-74.65,0.046,A7M
8/27/23,2023-08-27T09:00:00Z,38.3,-74.65,-0.05,A7M
8/28/23,2023-08-28T09:00:00Z,38.3,-74.65,0.186,A7M
8/29/23,2023-08-29T09:00:00Z,38.3,-74.65,0.458,A7M
8/30/23,2023-08-30T09:00:00Z,38.3,-74.65,0.355,A7M
8/31/23,2023-08-31T09:00:00Z,38.3,-74.65,0.059,A7M
9/1/23,2023-09-01T09:00:00Z,38.3,-74.65,-0.105,A7M
9/2/23,2023-09-02T09:00:00Z,38.3,-74.65,-0.281,A7M
9/3/23,2023-09-03T09:00:00Z,38.3,-74.65,-0.12,A7M
9/4/23,2023-09-04T09:00:00Z,38.3,-74.65,0.032,A7M
9/5/23,2023-09-05T09:00:00Z,38.3,-74.65,0.435,A7M
9/6/23,2023-09-06T09:00:00Z,38.3,-74.65,1.392,A7M
9/7/23,2023-09-07T09:00:00Z,38.3,-74.65,1.573,A7M
9/8/23,2023-09-08T09:00:00Z,38.3,-74.65,1.507,A7M
9/9/23,2023-09-09T09:00:00Z,38.3,-74.65,2.314,A7M
9/10/23,2023-09-10T09:00:00Z,38.3,-74.65,2.284,A7M
9/11/23,2023-09-11T09:00:00Z,38.3,-74.65,2.661,A7M
9/12/23,2023-09-12T09:00:00Z,38.3,-74.65,3.198,A7M
9/13/23,2023-09-13T09:00:00Z,38.3,-74.65,3.054,A7M
9/14/23,2023-09-14T09:00:00Z,38.3,-74.65,2.822,A7M
9/15/23,2023-09-15T09:00:00Z,38.3,-74.65,0.945,A7M
9/16/23,2023-09-16T09:00:00Z,38.3,-74.65,1.202,A7M
9/17/23,2023-09-17T09:00:00Z,38.3,-74.65,1.157,A7M
9/18/23,2023-09-18T09:00:00Z,38.3,-74.65,1.411,A7M
9/19/23,2023-09-19T09:00:00Z,38.3,-74.65,1.542,A7M
9/20/23,2023-09-20T09:00:00Z,38.3,-74.65,1.645,A7M
9/21/23,2023-09-21T09:00:00Z,38.3,-74.65,1.389,A7M
9/22/23,2023-09-22T09:00:00Z,38.3,-74.65,1.095,A7M
9/23/23,2023-09-23T09:00:00Z,38.3,-74.65,0.477,A7M
9/24/23,2023-09-24T09:00:00Z,38.3,-74.65,-0.388,A7M
9/25/23,2023-09-25T09:00:00Z,38.3,-74.65,-1.291,A7M
9/26/23,2023-09-26T09:00:00Z,38.3,-74.65,-1.393,A7M
9/27/23,2023-09-27T09:00:00Z,38.3,-74.65,-1.219,A7M
9/28/23,2023-09-28T09:00:00Z,38.3,-74.65,-1.073,A7M
9/29/23,2023-09-29T09:00:00Z,38.3,-74.65,-1.368,A7M
9/30/23,2023-09-30T09:00:00Z,38.3,-74.65,-1.854,A7M
10/1/23,2023-10-01T09:00:00Z,38.3,-74.65,-1.819,A7M
10/2/23,2023-10-02T09:00:00Z,38.3,-74.65,-1.568,A7M
10/3/23,2023-10-03T09:00:00Z,38.3,-74.65,-1.427,A7M
10/4/23,2023-10-04T09:00:00Z,38.3,-74.65,-0.983,A7M
10/5/23,2023-10-05T09:00:00Z,38.3,-74.65,-0.817,A7M
10/6/23,2023-10-06T09:00:00Z,38.3,-74.65,-0.713,A7M
10/7/23,2023-10-07T09:00:00Z,38.3,-74.65,-0.896,A7M
10/8/23,2023-10-08T09:00:00Z,38.3,-74.65,-0.674,A7M
10/9/23,2023-10-09T09:00:00Z,38.3,-74.65,-1.229,A7M
10/10/23,2023-10-10T09:00:00Z,38.3,-74.65,-1.403,A7M
10/11/23,2023-10-11T09:00:00Z,38.3,-74.65,-1.086,A7M
10/12/23,2023-10-12T09:00:00Z,38.3,-74.65,-0.742,A7M
10/13/23,2023-10-13T09:00:00Z,38.3,-74.65,-0.553,A7M
10/14/23,2023-10-14T09:00:00Z,38.3,-74.65,-0.679,A7M
10/15/23,2023-10-15T09:00:00Z,38.3,-74.65,-0.465,A7M
10/16/23,2023-10-16T09:00:00Z,38.3,-74.65,-0.262,A7M
10/17/23,2023-10-17T09:00:00Z,38.3,-74.65,-0.714,A7M
10/18/23,2023-10-18T09:00:00Z,38.3,-74.65,-0.909,A7M
10/19/23,2023-10-19T09:00:00Z,38.3,-74.65,-0.829,A7M
10/20/23,2023-10-20T09:00:00Z,38.3,-74.65,-0.581,A7M
10/21/23,2023-10-21T09:00:00Z,38.3,-74.65,-0.15,A7M
10/22/23,2023-10-22T09:00:00Z,38.3,-74.65,0.123,A7M
10/23/23,2023-10-23T09:00:00Z,38.3,-74.65,0.04,A7M
10/24/23,2023-10-24T09:00:00Z,38.3,-74.65,-0.05,A7M
10/25/23,2023-10-25T09:00:00Z,38.3,-74.65,0.252,A7M
10/26/23,2023-10-26T09:00:00Z,38.3,-74.65,0.728,A7M
10/27/23,2023-10-27T09:00:00Z,38.3,-74.65,0.776,A7M
10/28/23,2023-10-28T09:00:00Z,38.3,-74.65,1.142,A7M
10/29/23,2023-10-29T09:00:00Z,38.3,-74.65,1.58,A7M
10/30/23,2023-10-30T09:00:00Z,38.3,-74.65,1.866,A7M
10/31/23,2023-10-31T09:00:00Z,38.3,-74.65,2.085,A7M
11/1/23,2023-11-01T09:00:00Z,38.3,-74.65,2.405,A7M
11/2/23,2023-11-02T09:00:00Z,38.3,-74.65,0.462,A7M
11/3/23,2023-11-03T09:00:00Z,38.3,-74.65,0.465,A7M
11/4/23,2023-11-04T09:00:00Z,38.3,-74.65,0.54,A7M
11/5/23,2023-11-05T09:00:00Z,38.3,-74.65,0.905,A7M
11/6/23,2023-11-06T09:00:00Z,38.3,-74.65,1.093,A7M
11/7/23,2023-11-07T09:00:00Z,38.3,-74.65,1.333,A7M
11/8/23,2023-11-08T09:00:00Z,38.3,-74.65,1.266,A7M
11/9/23,2023-11-09T09:00:00Z,38.3,-74.65,1.318,A7M
11/10/23,2023-11-10T09:00:00Z,38.3,-74.65,1.28,A7M
11/11/23,2023-11-11T09:00:00Z,38.3,-74.65,1.539,A7M
11/12/23,2023-11-12T09:00:00Z,38.3,-74.65,1.284,A7M
11/13/23,2023-11-13T09:00:00Z,38.3,-74.65,1.193,A7M
11/14/23,2023-11-14T09:00:00Z,38.3,-74.65,1.293,A7M
11/15/23,2023-11-15T09:00:00Z,38.3,-74.65,1.307,A7M
11/16/23,2023-11-16T09:00:00Z,38.3,-74.65,1.445,A7M
11/17/23,2023-11-17T09:00:00Z,38.3,-74.65,1.338,A7M
11/18/23,2023-11-18T09:00:00Z,38.3,-74.65,1.175,A7M
11/19/23,2023-11-19T09:00:00Z,38.3,-74.65,1.514,A7M
11/20/23,2023-11-20T09:00:00Z,38.3,-74.65,1.572,A7M
11/21/23,2023-11-21T09:00:00Z,38.3,-74.65,1.877,A7M
11/22/23,2023-11-22T09:00:00Z,38.3,-74.65,0.698,A7M
11/23/23,2023-11-23T09:00:00Z,38.3,-74.65,0.873,A7M
11/24/23,2023-11-24T09:00:00Z,38.3,-74.65,1.37,A7M
11/25/23,2023-11-25T09:00:00Z,38.3,-74.65,1.439,A7M
11/26/23,2023-11-26T09:00:00Z,38.3,-74.65,1.125,A7M
11/27/23,2023-11-27T09:00:00Z,38.3,-74.65,1.125,A7M
11/28/23,2023-11-28T09:00:00Z,38.3,-74.65,0.544,A7M
11/29/23,2023-11-29T09:00:00Z,38.3,-74.65,0.515,A7M
11/30/23,2023-11-30T09:00:00Z,38.3,-74.65,0.386,A7M
12/1/23,2023-12-01T09:00:00Z,38.3,-74.65,0.455,A7M
12/2/23,2023-12-02T09:00:00Z,38.3,-74.65,0.438,A7M
12/3/23,2023-12-03T09:00:00Z,38.3,-74.65,0.521,A7M
12/5/23,2023-12-05T09:00:00Z,38.3,-74.65,0.934,A7M
12/6/23,2023-12-06T09:00:00Z,38.3,-74.65,0.535,A7M
12/7/23,2023-12-07T09:00:00Z,38.3,-74.65,0.175,A7M
12/8/23,2023-12-08T09:00:00Z,38.3,-74.65,0.227,A7M
12/9/23,2023-12-09T09:00:00Z,38.3,-74.65,0.436,A7M
12/10/23,2023-12-10T09:00:00Z,38.3,-74.65,0.667,A7M
12/11/23,2023-12-11T09:00:00Z,38.3,-74.65,0.591,A7M
12/12/23,2023-12-12T09:00:00Z,38.3,-74.65,0.025,A7M
12/13/23,2023-12-13T09:00:00Z,38.3,-74.65,0.132,A7M
12/14/23,2023-12-14T09:00:00Z,38.3,-74.65,0.723,A7M
12/15/23,2023-12-15T09:00:00Z,38.3,-74.65,0.785,A7M
12/16/23,2023-12-16T09:00:00Z,38.3,-74.65,0.653,A7M
12/17/23,2023-12-17T09:00:00Z,38.3,-74.65,0.499,A7M
12/18/23,2023-12-18T09:00:00Z,38.3,-74.65,0.268,A7M
12/19/23,2023-12-19T09:00:00Z,38.3,-74.65,0.421,A7M
12/20/23,2023-12-20T09:00:00Z,38.3,-74.65,0.352,A7M
12/21/23,2023-12-21T09:00:00Z,38.3,-74.65,0.242,A7M
12/22/23,2023-12-22T09:00:00Z,38.3,-74.65,0.371,A7M
12/23/23,2023-12-23T09:00:00Z,38.3,-74.65,0.444,A7M
12/24/23,2023-12-24T09:00:00Z,38.3,-74.65,0.701,A7M
12/25/23,2023-12-25T09:00:00Z,38.3,-74.65,0.846,A7M
12/26/23,2023-12-26T09:00:00Z,38.3,-74.65,1.049,A7M
12/27/23,2023-12-27T09:00:00Z,38.3,-74.65,1.502,A7M
12/28/23,2023-12-28T09:00:00Z,38.3,-74.65,1.435,A7M
12/29/23,2023-12-29T09:00:00Z,38.3,-74.65,1.436,A7M
12/30/23,2023-12-30T09:00:00Z,38.3,-74.65,1.191,A7M
12/31/23,2023-12-31T09:00:00Z,38.3,-74.65,1.157,A7M
1/1/24,2024-01-01T09:00:00Z,38.3,-74.65,0.922,A7M
1/2/24,2024-01-02T09:00:00Z,38.3,-74.65,1.058,A7M
1/3/24,2024-01-03T09:00:00Z,38.3,-74.65,1.034,A7M
1/4/24,2024-01-04T09:00:00Z,38.3,-74.65,1.184,A7M
1/5/24,2024-01-05T09:00:00Z,38.3,-74.65,1.301,A7M
1/6/24,2024-01-06T09:00:00Z,38.3,-74.65,1.155,A7M
1/7/24,2024-01-07T09:00:00Z,38.3,-74.65,0.992,A7M
1/8/24,2024-01-08T09:00:00Z,38.3,-74.65,0.942,A7M
1/9/24,2024-01-09T09:00:00Z,38.3,-74.65,0.031,A7M
1/10/24,2024-01-10T09:00:00Z,38.3,-74.65,0.648,A7M
1/11/24,2024-01-11T09:00:00Z,38.3,-74.65,0.785,A7M
1/12/24,2024-01-12T09:00:00Z,38.3,-74.65,0.941,A7M
1/13/24,2024-01-13T09:00:00Z,38.3,-74.65,0.909,A7M
1/14/24,2024-01-14T09:00:00Z,38.3,-74.65,0.872,A7M
1/15/24,2024-01-15T09:00:00Z,38.3,-74.65,1.092,A7M
1/16/24,2024-01-16T09:00:00Z,38.3,-74.65,0.152,A7M
1/17/24,2024-01-17T09:00:00Z,38.3,-74.65,0.395,A7M
1/18/24,2024-01-18T09:00:00Z,38.3,-74.65,0.514,A7M
1/19/24,2024-01-19T09:00:00Z,38.3,-74.65,0.771,A7M
1/20/24,2024-01-20T09:00:00Z,38.3,-74.65,-0.109,A7M
1/21/24,2024-01-21T09:00:00Z,38.3,-74.65,-0.003,A7M
1/22/24,2024-01-22T09:00:00Z,38.3,-74.65,-0.033,A7M
1/23/24,2024-01-23T09:00:00Z,38.3,-74.65,-0.015,A7M
1/24/24,2024-01-24T09:00:00Z,38.3,-74.65,0.022,A7M
1/25/24,2024-01-25T09:00:00Z,38.3,-74.65,0.191,A7M
1/26/24,2024-01-26T09:00:00Z,38.3,-74.65,-0.261,A7M
1/27/24,2024-01-27T09:00:00Z,38.3,-74.65,0.108,A7M
1/28/24,2024-01-28T09:00:00Z,38.3,-74.65,0.662,A7M
1/29/24,2024-01-29T09:00:00Z,38.3,-74.65,0.541,A7M
1/30/24,2024-01-30T09:00:00Z,38.3,-74.65,0.355,A7M
1/31/24,2024-01-31T09:00:00Z,38.3,-74.65,0.385,A7M
2/1/24,2024-02-01T09:00:00Z,38.3,-74.65,0.314,A7M
2/2/24,2024-02-02T09:00:00Z,38.3,-74.65,0.156,A7M
2/3/24,2024-02-03T09:00:00Z,38.3,-74.65,0.028,A7M
2/4/24,2024-02-04T09:00:00Z,38.3,-74.65,0.14,A7M
2/5/24,2024-02-05T09:00:00Z,38.3,-74.65,0.415,A7M
2/6/24,2024-02-06T09:00:00Z,38.3,-74.65,0.59,A7M
2/7/24,2024-02-07T09:00:00Z,38.3,-74.65,0.534,A7M
2/8/24,2024-02-08T09:00:00Z,38.3,-74.65,0.574,A7M
2/9/24,2024-02-09T09:00:00Z,38.3,-74.65,0.573,A7M
2/10/24,2024-02-10T09:00:00Z,38.3,-74.65,0.646,A7M
2/11/24,2024-02-11T09:00:00Z,38.3,-74.65,1.054,A7M
2/12/24,2024-02-12T09:00:00Z,38.3,-74.65,1.393,A7M
2/13/24,2024-02-13T09:00:00Z,38.3,-74.65,1.274,A7M
2/14/24,2024-02-14T09:00:00Z,38.3,-74.65,1.252,A7M
2/15/24,2024-02-15T09:00:00Z,38.3,-74.65,1.271,A7M
2/16/24,2024-02-16T09:00:00Z,38.3,-74.65,1,A7M
2/17/24,2024-02-17T09:00:00Z,38.3,-74.65,1.017,A7M
2/18/24,2024-02-18T09:00:00Z,38.3,-74.65,1.08,A7M
2/19/24,2024-02-19T09:00:00Z,38.3,-74.65,0.6,A7M
2/20/24,2024-02-20T09:00:00Z,38.3,-74.65,0.48,A7M
2/21/24,2024-02-21T09:00:00Z,38.3,-74.65,0.38,A7M
2/22/24,2024-02-22T09:00:00Z,38.3,-74.65,0.279,A7M
2/23/24,2024-02-23T09:00:00Z,38.3,-74.65,0.394,A7M
2/24/24,2024-02-24T09:00:00Z,38.3,-74.65,0.556,A7M
2/25/24,2024-02-25T09:00:00Z,38.3,-74.65,0.529,A7M
2/26/24,2024-02-26T09:00:00Z,38.3,-74.65,0.554,A7M
2/27/24,2024-02-27T09:00:00Z,38.3,-74.65,0.839,A7M
2/28/24,2024-02-28T09:00:00Z,38.3,-74.65,1.095,A7M
2/29/24,2024-02-29T09:00:00Z,38.3,-74.65,1.676,A7M
3/1/24,2024-03-01T09:00:00Z,38.3,-74.65,1.788,A7M
3/2/24,2024-03-02T09:00:00Z,38.3,-74.65,1.763,A7M
3/3/24,2024-03-03T09:00:00Z,38.3,-74.65,1.674,A7M
3/4/24,2024-03-04T09:00:00Z,38.3,-74.65,2.021,A7M
3/5/24,2024-03-05T09:00:00Z,38.3,-74.65,2.109,A7M
3/6/24,2024-03-06T09:00:00Z,38.3,-74.65,1.954,A7M
3/7/24,2024-03-07T09:00:00Z,38.3,-74.65,1.319,A7M
3/8/24,2024-03-08T09:00:00Z,38.3,-74.65,1.14,A7M
3/9/24,2024-03-09T09:00:00Z,38.3,-74.65,1.303,A7M
3/10/24,2024-03-10T09:00:00Z,38.3,-74.65,1.556,A7M
3/11/24,2024-03-11T09:00:00Z,38.3,-74.65,1.669,A7M
3/12/24,2024-03-12T09:00:00Z,38.3,-74.65,1.588,A7M
3/13/24,2024-03-13T09:00:00Z,38.3,-74.65,1.793,A7M
3/14/24,2024-03-14T09:00:00Z,38.3,-74.65,1.899,A7M
3/15/24,2024-03-15T09:00:00Z,38.3,-74.65,2.296,A7M
3/16/24,2024-03-16T09:00:00Z,38.3,-74.65,2.75,A7M
3/17/24,2024-03-17T09:00:00Z,38.3,-74.65,2.683,A7M
3/18/24,2024-03-18T09:00:00Z,38.3,-74.65,2.33,A7M
3/19/24,2024-03-19T09:00:00Z,38.3,-74.65,1.858,A7M
3/20/24,2024-03-20T09:00:00Z,38.3,-74.65,1.872,A7M
3/21/24,2024-03-21T09:00:00Z,38.3,-74.65,1.631,A7M
3/22/24,2024-03-22T09:00:00Z,38.3,-74.65,1.354,A7M
3/23/24,2024-03-23T09:00:00Z,38.3,-74.65,1.163,A7M
3/24/24,2024-03-24T09:00:00Z,38.3,-74.65,1.677,A7M
3/25/24,2024-03-25T09:00:00Z,38.3,-74.65,1.667,A7M
3/26/24,2024-03-26T09:00:00Z,38.3,-74.65,1.784,A7M
3/27/24,2024-03-27T09:00:00Z,38.3,-74.65,1.723,A7M
3/28/24,2024-03-28T09:00:00Z,38.3,-74.65,1.26,A7M
3/29/24,2024-03-29T09:00:00Z,38.3,-74.65,1.341,A7M
3/30/24,2024-03-30T09:00:00Z,38.3,-74.65,1.393,A7M
3/31/24,2024-03-31T09:00:00Z,38.3,-74.65,1.461,A7M
4/1/24,2024-04-01T09:00:00Z,38.3,-74.65,1.412,A7M
4/2/24,2024-04-02T09:00:00Z,38.3,-74.65,1.106,A7M
4/3/24,2024-04-03T09:00:00Z,38.3,-74.65,0.985,A7M
4/4/24,2024-04-04T09:00:00Z,38.3,-74.65,0.748,A7M
4/5/24,2024-04-05T09:00:00Z,38.3,-74.65,0.324,A7M
4/6/24,2024-04-06T09:00:00Z,38.3,-74.65,0.081,A7M
4/7/24,2024-04-07T09:00:00Z,38.3,-74.65,0.129,A7M
4/8/24,2024-04-08T09:00:00Z,38.3,-74.65,0.174,A7M
4/9/24,2024-04-09T09:00:00Z,38.3,-74.65,-0.065,A7M
4/10/24,2024-04-10T09:00:00Z,38.3,-74.65,0.092,A7M
4/11/24,2024-04-11T09:00:00Z,38.3,-74.65,0.982,A7M
4/12/24,2024-04-12T09:00:00Z,38.3,-74.65,0.965,A7M
4/13/24,2024-04-13T09:00:00Z,38.3,-74.65,0.994,A7M
4/14/24,2024-04-14T09:00:00Z,38.3,-74.65,1,A7M
4/15/24,2024-04-15T09:00:00Z,38.3,-74.65,1.866,A7M
4/16/24,2024-04-16T09:00:00Z,38.3,-74.65,1.777,A7M
4/17/24,2024-04-17T09:00:00Z,38.3,-74.65,1.792,A7M
11/3/14,2014-11-03T09:00:00Z,38.3,-74.51,0.705,T2M
11/4/14,2014-11-04T09:00:00Z,38.3,-74.51,0.65,T2M
11/5/14,2014-11-05T09:00:00Z,38.3,-74.51,0.757,T2M
11/6/14,2014-11-06T09:00:00Z,38.3,-74.51,0.747,T2M
11/7/14,2014-11-07T09:00:00Z,38.3,-74.51,1.016,T2M
11/8/14,2014-11-08T09:00:00Z,38.3,-74.51,0.696,T2M
11/9/14,2014-11-09T09:00:00Z,38.3,-74.51,0.751,T2M
11/10/14,2014-11-10T09:00:00Z,38.3,-74.51,0.938,T2M
11/11/14,2014-11-11T09:00:00Z,38.3,-74.51,1.168,T2M
11/12/14,2014-11-12T09:00:00Z,38.3,-74.51,1.148,T2M
11/13/14,2014-11-13T09:00:00Z,38.3,-74.51,1.216,T2M
11/14/14,2014-11-14T09:00:00Z,38.3,-74.51,1.015,T2M
11/15/14,2014-11-15T09:00:00Z,38.3,-74.51,-0.174,T2M
11/16/14,2014-11-16T09:00:00Z,38.3,-74.51,-0.034,T2M
11/17/14,2014-11-17T09:00:00Z,38.3,-74.51,-0.008,T2M
11/18/14,2014-11-18T09:00:00Z,38.3,-74.51,0.764,T2M
11/19/14,2014-11-19T09:00:00Z,38.3,-74.51,0.662,T2M
11/20/14,2014-11-20T09:00:00Z,38.3,-74.51,0.693,T2M
11/21/14,2014-11-21T09:00:00Z,38.3,-74.51,0.668,T2M
11/22/14,2014-11-22T09:00:00Z,38.3,-74.51,0.823,T2M
11/23/14,2014-11-23T09:00:00Z,38.3,-74.51,1.061,T2M
11/24/14,2014-11-24T09:00:00Z,38.3,-74.51,1.034,T2M
11/25/14,2014-11-25T09:00:00Z,38.3,-74.51,1.019,T2M
11/26/14,2014-11-26T09:00:00Z,38.3,-74.51,0.282,T2M
11/27/14,2014-11-27T09:00:00Z,38.3,-74.51,0.373,T2M
11/28/14,2014-11-28T09:00:00Z,38.3,-74.51,0.232,T2M
11/29/14,2014-11-29T09:00:00Z,38.3,-74.51,0.178,T2M
11/30/14,2014-11-30T09:00:00Z,38.3,-74.51,0.114,T2M
12/1/14,2014-12-01T09:00:00Z,38.3,-74.51,0.136,T2M
12/2/14,2014-12-02T09:00:00Z,38.3,-74.51,0.357,T2M
12/3/14,2014-12-03T09:00:00Z,38.3,-74.51,0.668,T2M
12/4/14,2014-12-04T09:00:00Z,38.3,-74.51,-0.18,T2M
12/5/14,2014-12-05T09:00:00Z,38.3,-74.51,-0.154,T2M
12/6/14,2014-12-06T09:00:00Z,38.3,-74.51,0.118,T2M
12/7/14,2014-12-07T09:00:00Z,38.3,-74.51,0.194,T2M
12/8/14,2014-12-08T09:00:00Z,38.3,-74.51,0.307,T2M
12/9/14,2014-12-09T09:00:00Z,38.3,-74.51,0.509,T2M
12/10/14,2014-12-10T09:00:00Z,38.3,-74.51,0.046,T2M
12/11/14,2014-12-11T09:00:00Z,38.3,-74.51,-1.059,T2M
12/12/14,2014-12-12T09:00:00Z,38.3,-74.51,-1.333,T2M
12/13/14,2014-12-13T09:00:00Z,38.3,-74.51,-1.873,T2M
12/14/14,2014-12-14T09:00:00Z,38.3,-74.51,-1.719,T2M
12/15/14,2014-12-15T09:00:00Z,38.3,-74.51,-1.735,T2M
12/16/14,2014-12-16T09:00:00Z,38.3,-74.51,-1.368,T2M
12/17/14,2014-12-17T09:00:00Z,38.3,-74.51,-0.644,T2M
12/18/14,2014-12-18T09:00:00Z,38.3,-74.51,-0.462,T2M
12/19/14,2014-12-19T09:00:00Z,38.3,-74.51,-0.616,T2M
12/20/14,2014-12-20T09:00:00Z,38.3,-74.51,-1.419,T2M
12/21/14,2014-12-21T09:00:00Z,38.3,-74.51,-1.457,T2M
12/22/14,2014-12-22T09:00:00Z,38.3,-74.51,-0.864,T2M
12/23/14,2014-12-23T09:00:00Z,38.3,-74.51,-0.736,T2M
12/24/14,2014-12-24T09:00:00Z,38.3,-74.51,-0.384,T2M
12/25/14,2014-12-25T09:00:00Z,38.3,-74.51,-0.278,T2M
12/26/14,2014-12-26T09:00:00Z,38.3,-74.51,-0.175,T2M
12/27/14,2014-12-27T09:00:00Z,38.3,-74.51,-0.33,T2M
12/28/14,2014-12-28T09:00:00Z,38.3,-74.51,-0.337,T2M
12/29/14,2014-12-29T09:00:00Z,38.3,-74.51,-0.586,T2M
12/30/14,2014-12-30T09:00:00Z,38.3,-74.51,-0.1,T2M
12/31/14,2014-12-31T09:00:00Z,38.3,-74.51,0.399,T2M
1/1/15,2015-01-01T09:00:00Z,38.3,-74.51,0.429,T2M
1/2/15,2015-01-02T09:00:00Z,38.3,-74.51,0.361,T2M
1/3/15,2015-01-03T09:00:00Z,38.3,-74.51,0.053,T2M
1/4/15,2015-01-04T09:00:00Z,38.3,-74.51,0.338,T2M
1/5/15,2015-01-05T09:00:00Z,38.3,-74.51,0.884,T2M
1/6/15,2015-01-06T09:00:00Z,38.3,-74.51,0.15,T2M
1/7/15,2015-01-07T09:00:00Z,38.3,-74.51,-1.096,T2M
1/8/15,2015-01-08T09:00:00Z,38.3,-74.51,-0.179,T2M
1/9/15,2015-01-09T09:00:00Z,38.3,-74.51,0.138,T2M
1/10/15,2015-01-10T09:00:00Z,38.3,-74.51,0.016,T2M
1/11/15,2015-01-11T09:00:00Z,38.3,-74.51,0.161,T2M
1/12/15,2015-01-12T09:00:00Z,38.3,-74.51,0.169,T2M
1/13/15,2015-01-13T09:00:00Z,38.3,-74.51,0.129,T2M
1/14/15,2015-01-14T09:00:00Z,38.3,-74.51,-0.349,T2M
1/15/15,2015-01-15T09:00:00Z,38.3,-74.51,-0.731,T2M
1/16/15,2015-01-16T09:00:00Z,38.3,-74.51,-0.574,T2M
1/17/15,2015-01-17T09:00:00Z,38.3,-74.51,-0.54,T2M
1/18/15,2015-01-18T09:00:00Z,38.3,-74.51,-0.449,T2M
1/19/15,2015-01-19T09:00:00Z,38.3,-74.51,-0.594,T2M
1/20/15,2015-01-20T09:00:00Z,38.3,-74.51,-0.603,T2M
1/21/15,2015-01-21T09:00:00Z,38.3,-74.51,-0.549,T2M
1/22/15,2015-01-22T09:00:00Z,38.3,-74.51,-0.244,T2M
1/23/15,2015-01-23T09:00:00Z,38.3,-74.51,-0.651,T2M
1/24/15,2015-01-24T09:00:00Z,38.3,-74.51,-0.886,T2M
1/25/15,2015-01-25T09:00:00Z,38.3,-74.51,-0.89,T2M
1/26/15,2015-01-26T09:00:00Z,38.3,-74.51,-1.034,T2M
1/27/15,2015-01-27T09:00:00Z,38.3,-74.51,-0.945,T2M
1/28/15,2015-01-28T09:00:00Z,38.3,-74.51,-0.722,T2M
1/29/15,2015-01-29T09:00:00Z,38.3,-74.51,-0.877,T2M
1/30/15,2015-01-30T09:00:00Z,38.3,-74.51,-1.072,T2M
1/31/15,2015-01-31T09:00:00Z,38.3,-74.51,-1.375,T2M
2/1/15,2015-02-01T09:00:00Z,38.3,-74.51,-1.857,T2M
2/2/15,2015-02-02T09:00:00Z,38.3,-74.51,-1.965,T2M
2/3/15,2015-02-03T09:00:00Z,38.3,-74.51,-2.076,T2M
2/4/15,2015-02-04T09:00:00Z,38.3,-74.51,-2.081,T2M
2/5/15,2015-02-05T09:00:00Z,38.3,-74.51,-2.074,T2M
2/6/15,2015-02-06T09:00:00Z,38.3,-74.51,-1.879,T2M
2/7/15,2015-02-07T09:00:00Z,38.3,-74.51,-1.87,T2M
2/8/15,2015-02-08T09:00:00Z,38.3,-74.51,-1.643,T2M
2/9/15,2015-02-09T09:00:00Z,38.3,-74.51,-1.017,T2M
2/10/15,2015-02-10T09:00:00Z,38.3,-74.51,-0.978,T2M
2/11/15,2015-02-11T09:00:00Z,38.3,-74.51,-1.026,T2M
2/12/15,2015-02-12T09:00:00Z,38.3,-74.51,-1.125,T2M
2/13/15,2015-02-13T09:00:00Z,38.3,-74.51,-1.171,T2M
2/14/15,2015-02-14T09:00:00Z,38.3,-74.51,-1.618,T2M
2/15/15,2015-02-15T09:00:00Z,38.3,-74.51,-1.683,T2M
2/16/15,2015-02-16T09:00:00Z,38.3,-74.51,-1.76,T2M
2/17/15,2015-02-17T09:00:00Z,38.3,-74.51,-2.181,T2M
2/18/15,2015-02-18T09:00:00Z,38.3,-74.51,-1.819,T2M
2/19/15,2015-02-19T09:00:00Z,38.3,-74.51,-2.369,T2M
2/20/15,2015-02-20T09:00:00Z,38.3,-74.51,-2.465,T2M
2/21/15,2015-02-21T09:00:00Z,38.3,-74.51,-2.388,T2M
2/22/15,2015-02-22T09:00:00Z,38.3,-74.51,-2.681,T2M
2/23/15,2015-02-23T09:00:00Z,38.3,-74.51,-2.456,T2M
2/24/15,2015-02-24T09:00:00Z,38.3,-74.51,-2.617,T2M
2/25/15,2015-02-25T09:00:00Z,38.3,-74.51,-2.748,T2M
2/26/15,2015-02-26T09:00:00Z,38.3,-74.51,-2.547,T2M
2/27/15,2015-02-27T09:00:00Z,38.3,-74.51,-1.457,T2M
2/28/15,2015-02-28T09:00:00Z,38.3,-74.51,-1.119,T2M
3/1/15,2015-03-01T09:00:00Z,38.3,-74.51,-1.832,T2M
3/2/15,2015-03-02T09:00:00Z,38.3,-74.51,-1.576,T2M
3/3/15,2015-03-03T09:00:00Z,38.3,-74.51,-1.688,T2M
3/4/15,2015-03-04T09:00:00Z,38.3,-74.51,-1.659,T2M
3/5/15,2015-03-05T09:00:00Z,38.3,-74.51,-1.371,T2M
3/6/15,2015-03-06T09:00:00Z,38.3,-74.51,-0.92,T2M
3/7/15,2015-03-07T09:00:00Z,38.3,-74.51,-0.981,T2M
3/8/15,2015-03-08T09:00:00Z,38.3,-74.51,-1.049,T2M
3/9/15,2015-03-09T09:00:00Z,38.3,-74.51,-1.117,T2M
3/10/15,2015-03-10T09:00:00Z,38.3,-74.51,-1.443,T2M
3/11/15,2015-03-11T09:00:00Z,38.3,-74.51,-1.328,T2M
3/12/15,2015-03-12T09:00:00Z,38.3,-74.51,-1.383,T2M
3/13/15,2015-03-13T09:00:00Z,38.3,-74.51,-1.508,T2M
3/14/15,2015-03-14T09:00:00Z,38.3,-74.51,-1.42,T2M
3/15/15,2015-03-15T09:00:00Z,38.3,-74.51,-1.069,T2M
3/16/15,2015-03-16T09:00:00Z,38.3,-74.51,-0.834,T2M
3/17/15,2015-03-17T09:00:00Z,38.3,-74.51,-0.822,T2M
3/18/15,2015-03-18T09:00:00Z,38.3,-74.51,-0.918,T2M
3/19/15,2015-03-19T09:00:00Z,38.3,-74.51,-0.789,T2M
3/20/15,2015-03-20T09:00:00Z,38.3,-74.51,-1.32,T2M
3/21/15,2015-03-21T09:00:00Z,38.3,-74.51,-1.145,T2M
3/22/15,2015-03-22T09:00:00Z,38.3,-74.51,-1.166,T2M
3/23/15,2015-03-23T09:00:00Z,38.3,-74.51,-1.174,T2M
3/24/15,2015-03-24T09:00:00Z,38.3,-74.51,-1.179,T2M
3/25/15,2015-03-25T09:00:00Z,38.3,-74.51,-1.093,T2M
3/26/15,2015-03-26T09:00:00Z,38.3,-74.51,-0.989,T2M
3/27/15,2015-03-27T09:00:00Z,38.3,-74.51,-1.081,T2M
3/28/15,2015-03-28T09:00:00Z,38.3,-74.51,-1.171,T2M
3/29/15,2015-03-29T09:00:00Z,38.3,-74.51,-1.54,T2M
3/30/15,2015-03-30T09:00:00Z,38.3,-74.51,-1.299,T2M
3/31/15,2015-03-31T09:00:00Z,38.3,-74.51,-1.231,T2M
4/1/15,2015-04-01T09:00:00Z,38.3,-74.51,-0.927,T2M
4/2/15,2015-04-02T09:00:00Z,38.3,-74.51,-0.828,T2M
4/3/15,2015-04-03T09:00:00Z,38.3,-74.51,-1.224,T2M
4/4/15,2015-04-04T09:00:00Z,38.3,-74.51,-0.998,T2M
4/5/15,2015-04-05T09:00:00Z,38.3,-74.51,-0.801,T2M
4/6/15,2015-04-06T09:00:00Z,38.3,-74.51,-0.886,T2M
4/7/15,2015-04-07T09:00:00Z,38.3,-74.51,-1.081,T2M
4/8/15,2015-04-08T09:00:00Z,38.3,-74.51,0.512,T2M
4/9/15,2015-04-09T09:00:00Z,38.3,-74.51,0.677,T2M
4/10/15,2015-04-10T09:00:00Z,38.3,-74.51,-0.433,T2M
4/11/15,2015-04-11T09:00:00Z,38.3,-74.51,-0.666,T2M
4/12/15,2015-04-12T09:00:00Z,38.3,-74.51,-0.638,T2M
4/13/15,2015-04-13T09:00:00Z,38.3,-74.51,-0.377,T2M
4/14/15,2015-04-14T09:00:00Z,38.3,-74.51,-0.449,T2M
4/15/15,2015-04-15T09:00:00Z,38.3,-74.51,0.112,T2M
4/16/15,2015-04-16T09:00:00Z,38.3,-74.51,1.023,T2M
4/17/15,2015-04-17T09:00:00Z,38.3,-74.51,0.962,T2M
4/18/15,2015-04-18T09:00:00Z,38.3,-74.51,1.207,T2M
4/19/15,2015-04-19T09:00:00Z,38.3,-74.51,2.281,T2M
4/20/15,2015-04-20T09:00:00Z,38.3,-74.51,1.531,T2M
4/21/15,2015-04-21T09:00:00Z,38.3,-74.51,1.209,T2M
4/22/15,2015-04-22T09:00:00Z,38.3,-74.51,0.469,T2M
4/23/15,2015-04-23T09:00:00Z,38.3,-74.51,-0.025,T2M
4/24/15,2015-04-24T09:00:00Z,38.3,-74.51,-0.307,T2M
4/25/15,2015-04-25T09:00:00Z,38.3,-74.51,-0.783,T2M
4/26/15,2015-04-26T09:00:00Z,38.3,-74.51,-0.703,T2M
4/27/15,2015-04-27T09:00:00Z,38.3,-74.51,-0.898,T2M
4/28/15,2015-04-28T09:00:00Z,38.3,-74.51,-1.122,T2M
4/29/15,2015-04-29T09:00:00Z,38.3,-74.51,-1.037,T2M
4/30/15,2015-04-30T09:00:00Z,38.3,-74.51,-0.982,T2M
5/1/15,2015-05-01T09:00:00Z,38.3,-74.51,-1.153,T2M
5/2/15,2015-05-02T09:00:00Z,38.3,-74.51,-1.226,T2M
5/3/15,2015-05-03T09:00:00Z,38.3,-74.51,-0.705,T2M
5/4/15,2015-05-04T09:00:00Z,38.3,-74.51,-0.104,T2M
5/5/15,2015-05-05T09:00:00Z,38.3,-74.51,0.084,T2M
5/6/15,2015-05-06T09:00:00Z,38.3,-74.51,0.208,T2M
5/7/15,2015-05-07T09:00:00Z,38.3,-74.51,0.988,T2M
5/8/15,2015-05-08T09:00:00Z,38.3,-74.51,1.073,T2M
5/9/15,2015-05-09T09:00:00Z,38.3,-74.51,4.69,T2M
5/10/15,2015-05-10T09:00:00Z,38.3,-74.51,4.612,T2M
5/11/15,2015-05-11T09:00:00Z,38.3,-74.51,3.924,T2M
5/12/15,2015-05-12T09:00:00Z,38.3,-74.51,2.473,T2M
5/13/15,2015-05-13T09:00:00Z,38.3,-74.51,1.421,T2M
5/14/15,2015-05-14T09:00:00Z,38.3,-74.51,1.169,T2M
5/15/15,2015-05-15T09:00:00Z,38.3,-74.51,1.112,T2M
5/16/15,2015-05-16T09:00:00Z,38.3,-74.51,1.247,T2M
5/17/15,2015-05-17T09:00:00Z,38.3,-74.51,1.85,T2M
5/18/15,2015-05-18T09:00:00Z,38.3,-74.51,2.676,T2M
5/19/15,2015-05-19T09:00:00Z,38.3,-74.51,2.093,T2M
5/20/15,2015-05-20T09:00:00Z,38.3,-74.51,1.556,T2M
5/21/15,2015-05-21T09:00:00Z,38.3,-74.51,1.524,T2M
5/22/15,2015-05-22T09:00:00Z,38.3,-74.51,0.636,T2M
5/23/15,2015-05-23T09:00:00Z,38.3,-74.51,0.234,T2M
5/24/15,2015-05-24T09:00:00Z,38.3,-74.51,0.243,T2M
5/25/15,2015-05-25T09:00:00Z,38.3,-74.51,0.851,T2M
5/26/15,2015-05-26T09:00:00Z,38.3,-74.51,1.008,T2M
5/27/15,2015-05-27T09:00:00Z,38.3,-74.51,1.327,T2M
5/28/15,2015-05-28T09:00:00Z,38.3,-74.51,1.652,T2M
5/29/15,2015-05-29T09:00:00Z,38.3,-74.51,2.259,T2M
5/30/15,2015-05-30T09:00:00Z,38.3,-74.51,2.596,T2M
5/31/15,2015-05-31T09:00:00Z,38.3,-74.51,2.407,T2M
6/1/15,2015-06-01T09:00:00Z,38.3,-74.51,2.31,T2M
6/2/15,2015-06-02T09:00:00Z,38.3,-74.51,2.178,T2M
6/3/15,2015-06-03T09:00:00Z,38.3,-74.51,1.79,T2M
6/4/15,2015-06-04T09:00:00Z,38.3,-74.51,1.105,T2M
6/5/15,2015-06-05T09:00:00Z,38.3,-74.51,-0.647,T2M
6/6/15,2015-06-06T09:00:00Z,38.3,-74.51,-1.027,T2M
6/7/15,2015-06-07T09:00:00Z,38.3,-74.51,-1.034,T2M
6/8/15,2015-06-08T09:00:00Z,38.3,-74.51,-0.694,T2M
6/9/15,2015-06-09T09:00:00Z,38.3,-74.51,0.224,T2M
6/10/15,2015-06-10T09:00:00Z,38.3,-74.51,0.126,T2M
6/11/15,2015-06-11T09:00:00Z,38.3,-74.51,0.659,T2M
6/12/15,2015-06-12T09:00:00Z,38.3,-74.51,0.733,T2M
6/13/15,2015-06-13T09:00:00Z,38.3,-74.51,0.771,T2M
6/14/15,2015-06-14T09:00:00Z,38.3,-74.51,0.949,T2M
6/15/15,2015-06-15T09:00:00Z,38.3,-74.51,1.786,T2M
6/16/15,2015-06-16T09:00:00Z,38.3,-74.51,2.532,T2M
6/17/15,2015-06-17T09:00:00Z,38.3,-74.51,2.285,T2M
6/18/15,2015-06-18T09:00:00Z,38.3,-74.51,2.19,T2M
6/19/15,2015-06-19T09:00:00Z,38.3,-74.51,1.836,T2M
6/20/15,2015-06-20T09:00:00Z,38.3,-74.51,2.579,T2M
6/21/15,2015-06-21T09:00:00Z,38.3,-74.51,1.318,T2M
6/22/15,2015-06-22T09:00:00Z,38.3,-74.51,1.751,T2M
6/23/15,2015-06-23T09:00:00Z,38.3,-74.51,1.544,T2M
6/24/15,2015-06-24T09:00:00Z,38.3,-74.51,1.3,T2M
6/25/15,2015-06-25T09:00:00Z,38.3,-74.51,0.762,T2M
6/26/15,2015-06-26T09:00:00Z,38.3,-74.51,0.493,T2M
6/27/15,2015-06-27T09:00:00Z,38.3,-74.51,0.221,T2M
6/28/15,2015-06-28T09:00:00Z,38.3,-74.51,0.325,T2M
6/29/15,2015-06-29T09:00:00Z,38.3,-74.51,0.081,T2M
6/30/15,2015-06-30T09:00:00Z,38.3,-74.51,-0.058,T2M
7/1/15,2015-07-01T09:00:00Z,38.3,-74.51,0.086,T2M
7/2/15,2015-07-02T09:00:00Z,38.3,-74.51,0.025,T2M
7/3/15,2015-07-03T09:00:00Z,38.3,-74.51,-0.107,T2M
7/4/15,2015-07-04T09:00:00Z,38.3,-74.51,-0.076,T2M
7/5/15,2015-07-05T09:00:00Z,38.3,-74.51,0.93,T2M
7/6/15,2015-07-06T09:00:00Z,38.3,-74.51,0.82,T2M
7/7/15,2015-07-07T09:00:00Z,38.3,-74.51,0.728,T2M
7/8/15,2015-07-08T09:00:00Z,38.3,-74.51,0.618,T2M
7/9/15,2015-07-09T09:00:00Z,38.3,-74.51,0.626,T2M
7/10/15,2015-07-10T09:00:00Z,38.3,-74.51,0.765,T2M
7/11/15,2015-07-11T09:00:00Z,38.3,-74.51,0.584,T2M
7/12/15,2015-07-12T09:00:00Z,38.3,-74.51,0.401,T2M
7/13/15,2015-07-13T09:00:00Z,38.3,-74.51,0.272,T2M
7/14/15,2015-07-14T09:00:00Z,38.3,-74.51,0.848,T2M
7/15/15,2015-07-15T09:00:00Z,38.3,-74.51,0.901,T2M
7/16/15,2015-07-16T09:00:00Z,38.3,-74.51,0.406,T2M
7/17/15,2015-07-17T09:00:00Z,38.3,-74.51,-0.276,T2M
7/18/15,2015-07-18T09:00:00Z,38.3,-74.51,-0.549,T2M
7/19/15,2015-07-19T09:00:00Z,38.3,-74.51,-0.452,T2M
7/20/15,2015-07-20T09:00:00Z,38.3,-74.51,0.99,T2M
7/21/15,2015-07-21T09:00:00Z,38.3,-74.51,0.779,T2M
7/22/15,2015-07-22T09:00:00Z,38.3,-74.51,0.462,T2M
7/23/15,2015-07-23T09:00:00Z,38.3,-74.51,0.194,T2M
7/24/15,2015-07-24T09:00:00Z,38.3,-74.51,0.023,T2M
7/25/15,2015-07-25T09:00:00Z,38.3,-74.51,-0.118,T2M
7/26/15,2015-07-26T09:00:00Z,38.3,-74.51,0.877,T2M
7/27/15,2015-07-27T09:00:00Z,38.3,-74.51,0.73,T2M
7/28/15,2015-07-28T09:00:00Z,38.3,-74.51,0.872,T2M
7/29/15,2015-07-29T09:00:00Z,38.3,-74.51,0.913,T2M
7/30/15,2015-07-30T09:00:00Z,38.3,-74.51,1.221,T2M
7/31/15,2015-07-31T09:00:00Z,38.3,-74.51,1.871,T2M
8/1/15,2015-08-01T09:00:00Z,38.3,-74.51,1.39,T2M
8/2/15,2015-08-02T09:00:00Z,38.3,-74.51,1.22,T2M
8/3/15,2015-08-03T09:00:00Z,38.3,-74.51,1.14,T2M
8/4/15,2015-08-04T09:00:00Z,38.3,-74.51,1.172,T2M
8/5/15,2015-08-05T09:00:00Z,38.3,-74.51,1.284,T2M
8/6/15,2015-08-06T09:00:00Z,38.3,-74.51,1.403,T2M
8/7/15,2015-08-07T09:00:00Z,38.3,-74.51,-0.171,T2M
8/8/15,2015-08-08T09:00:00Z,38.3,-74.51,-0.346,T2M
8/9/15,2015-08-09T09:00:00Z,38.3,-74.51,-0.766,T2M
8/10/15,2015-08-10T09:00:00Z,38.3,-74.51,-1.007,T2M
8/11/15,2015-08-11T09:00:00Z,38.3,-74.51,-0.675,T2M
8/12/15,2015-08-12T09:00:00Z,38.3,-74.51,-0.505,T2M
8/13/15,2015-08-13T09:00:00Z,38.3,-74.51,0.036,T2M
8/14/15,2015-08-14T09:00:00Z,38.3,-74.51,0.257,T2M
8/15/15,2015-08-15T09:00:00Z,38.3,-74.51,0.507,T2M
8/16/15,2015-08-16T09:00:00Z,38.3,-74.51,0.907,T2M
8/17/15,2015-08-17T09:00:00Z,38.3,-74.51,1.202,T2M
8/18/15,2015-08-18T09:00:00Z,38.3,-74.51,1.303,T2M
8/19/15,2015-08-19T09:00:00Z,38.3,-74.51,1.254,T2M
8/20/15,2015-08-20T09:00:00Z,38.3,-74.51,1.176,T2M
8/21/15,2015-08-21T09:00:00Z,38.3,-74.51,1.297,T2M
8/22/15,2015-08-22T09:00:00Z,38.3,-74.51,1.224,T2M
8/23/15,2015-08-23T09:00:00Z,38.3,-74.51,1.237,T2M
8/24/15,2015-08-24T09:00:00Z,38.3,-74.51,1.271,T2M
8/25/15,2015-08-25T09:00:00Z,38.3,-74.51,1.267,T2M
8/26/15,2015-08-26T09:00:00Z,38.3,-74.51,1.417,T2M
8/27/15,2015-08-27T09:00:00Z,38.3,-74.51,1.088,T2M
8/28/15,2015-08-28T09:00:00Z,38.3,-74.51,0.925,T2M
8/29/15,2015-08-29T09:00:00Z,38.3,-74.51,0.961,T2M
8/30/15,2015-08-30T09:00:00Z,38.3,-74.51,1.049,T2M
8/31/15,2015-08-31T09:00:00Z,38.3,-74.51,1.29,T2M
9/1/15,2015-09-01T09:00:00Z,38.3,-74.51,1.334,T2M
9/2/15,2015-09-02T09:00:00Z,38.3,-74.51,1.703,T2M
9/3/15,2015-09-03T09:00:00Z,38.3,-74.51,2.175,T2M
9/4/15,2015-09-04T09:00:00Z,38.3,-74.51,2.245,T2M
9/5/15,2015-09-05T09:00:00Z,38.3,-74.51,1.751,T2M
9/6/15,2015-09-06T09:00:00Z,38.3,-74.51,1.611,T2M
9/7/15,2015-09-07T09:00:00Z,38.3,-74.51,1.898,T2M
9/8/15,2015-09-08T09:00:00Z,38.3,-74.51,1.772,T2M
9/9/15,2015-09-09T09:00:00Z,38.3,-74.51,2.577,T2M
9/10/15,2015-09-10T09:00:00Z,38.3,-74.51,2.793,T2M
9/11/15,2015-09-11T09:00:00Z,38.3,-74.51,2.187,T2M
9/12/15,2015-09-12T09:00:00Z,38.3,-74.51,1.968,T2M
9/13/15,2015-09-13T09:00:00Z,38.3,-74.51,2.159,T2M
9/14/15,2015-09-14T09:00:00Z,38.3,-74.51,1.742,T2M
9/15/15,2015-09-15T09:00:00Z,38.3,-74.51,1.642,T2M
9/16/15,2015-09-16T09:00:00Z,38.3,-74.51,1.571,T2M
9/17/15,2015-09-17T09:00:00Z,38.3,-74.51,2.534,T2M
9/18/15,2015-09-18T09:00:00Z,38.3,-74.51,3.07,T2M
9/19/15,2015-09-19T09:00:00Z,38.3,-74.51,3.069,T2M
9/20/15,2015-09-20T09:00:00Z,38.3,-74.51,3.29,T2M
9/21/15,2015-09-21T09:00:00Z,38.3,-74.51,3.253,T2M
9/22/15,2015-09-22T09:00:00Z,38.3,-74.51,2.475,T2M
9/23/15,2015-09-23T09:00:00Z,38.3,-74.51,2.064,T2M
9/24/15,2015-09-24T09:00:00Z,38.3,-74.51,2.11,T2M
9/25/15,2015-09-25T09:00:00Z,38.3,-74.51,2.324,T2M
9/26/15,2015-09-26T09:00:00Z,38.3,-74.51,1.522,T2M
9/27/15,2015-09-27T09:00:00Z,38.3,-74.51,0.96,T2M
9/28/15,2015-09-28T09:00:00Z,38.3,-74.51,1.248,T2M
9/29/15,2015-09-29T09:00:00Z,38.3,-74.51,1.32,T2M
9/30/15,2015-09-30T09:00:00Z,38.3,-74.51,1.475,T2M
10/1/15,2015-10-01T09:00:00Z,38.3,-74.51,1.335,T2M
10/2/15,2015-10-02T09:00:00Z,38.3,-74.51,0.945,T2M
10/3/15,2015-10-03T09:00:00Z,38.3,-74.51,0.394,T2M
10/4/15,2015-10-04T09:00:00Z,38.3,-74.51,-0.176,T2M
10/5/15,2015-10-05T09:00:00Z,38.3,-74.51,-1.044,T2M
10/6/15,2015-10-06T09:00:00Z,38.3,-74.51,-1.557,T2M
10/7/15,2015-10-07T09:00:00Z,38.3,-74.51,-1.709,T2M
10/8/15,2015-10-08T09:00:00Z,38.3,-74.51,-1.412,T2M
10/9/15,2015-10-09T09:00:00Z,38.3,-74.51,-1.439,T2M
10/10/15,2015-10-10T09:00:00Z,38.3,-74.51,-1.533,T2M
10/11/15,2015-10-11T09:00:00Z,38.3,-74.51,-1.369,T2M
10/12/15,2015-10-12T09:00:00Z,38.3,-74.51,-1.087,T2M
10/13/15,2015-10-13T09:00:00Z,38.3,-74.51,-0.863,T2M
10/14/15,2015-10-14T09:00:00Z,38.3,-74.51,-0.568,T2M
10/15/15,2015-10-15T09:00:00Z,38.3,-74.51,-0.428,T2M
10/16/15,2015-10-16T09:00:00Z,38.3,-74.51,-0.416,T2M
10/17/15,2015-10-17T09:00:00Z,38.3,-74.51,-0.313,T2M
10/18/15,2015-10-18T09:00:00Z,38.3,-74.51,-0.138,T2M
10/19/15,2015-10-19T09:00:00Z,38.3,-74.51,-0.673,T2M
10/20/15,2015-10-20T09:00:00Z,38.3,-74.51,-0.492,T2M
10/21/15,2015-10-21T09:00:00Z,38.3,-74.51,0.01,T2M
10/22/15,2015-10-22T09:00:00Z,38.3,-74.51,0.021,T2M
10/23/15,2015-10-23T09:00:00Z,38.3,-74.51,0.204,T2M
10/24/15,2015-10-24T09:00:00Z,38.3,-74.51,0.269,T2M
10/25/15,2015-10-25T09:00:00Z,38.3,-74.51,0.216,T2M
10/26/15,2015-10-26T09:00:00Z,38.3,-74.51,-0.273,T2M
10/27/15,2015-10-27T09:00:00Z,38.3,-74.51,0.501,T2M
10/28/15,2015-10-28T09:00:00Z,38.3,-74.51,0.778,T2M
10/29/15,2015-10-29T09:00:00Z,38.3,-74.51,0.462,T2M
10/30/15,2015-10-30T09:00:00Z,38.3,-74.51,0.491,T2M
10/31/15,2015-10-31T09:00:00Z,38.3,-74.51,0.694,T2M
11/1/15,2015-11-01T09:00:00Z,38.3,-74.51,1.021,T2M
11/2/15,2015-11-02T09:00:00Z,38.3,-74.51,1.262,T2M
11/3/15,2015-11-03T09:00:00Z,38.3,-74.51,1.162,T2M
11/4/15,2015-11-04T09:00:00Z,38.3,-74.51,1.128,T2M
11/5/15,2015-11-05T09:00:00Z,38.3,-74.51,1.342,T2M
11/6/15,2015-11-06T09:00:00Z,38.3,-74.51,1.708,T2M
11/7/15,2015-11-07T09:00:00Z,38.3,-74.51,1.881,T2M
11/8/15,2015-11-08T09:00:00Z,38.3,-74.51,1.831,T2M
11/9/15,2015-11-09T09:00:00Z,38.3,-74.51,1.835,T2M
11/10/15,2015-11-10T09:00:00Z,38.3,-74.51,1.799,T2M
11/11/15,2015-11-11T09:00:00Z,38.3,-74.51,1.915,T2M
11/12/15,2015-11-12T09:00:00Z,38.3,-74.51,1.944,T2M
11/13/15,2015-11-13T09:00:00Z,38.3,-74.51,2.04,T2M
11/14/15,2015-11-14T09:00:00Z,38.3,-74.51,2.172,T2M
11/15/15,2015-11-15T09:00:00Z,38.3,-74.51,2.235,T2M
11/16/15,2015-11-16T09:00:00Z,38.3,-74.51,2.293,T2M
11/17/15,2015-11-17T09:00:00Z,38.3,-74.51,2.284,T2M
11/18/15,2015-11-18T09:00:00Z,38.3,-74.51,2.229,T2M
11/19/15,2015-11-19T09:00:00Z,38.3,-74.51,2.223,T2M
11/20/15,2015-11-20T09:00:00Z,38.3,-74.51,2.532,T2M
11/21/15,2015-11-21T09:00:00Z,38.3,-74.51,2.739,T2M
11/22/15,2015-11-22T09:00:00Z,38.3,-74.51,1.951,T2M
11/23/15,2015-11-23T09:00:00Z,38.3,-74.51,1.607,T2M
11/24/15,2015-11-24T09:00:00Z,38.3,-74.51,1.249,T2M
11/25/15,2015-11-25T09:00:00Z,38.3,-74.51,1.592,T2M
11/26/15,2015-11-26T09:00:00Z,38.3,-74.51,2.068,T2M
11/27/15,2015-11-27T09:00:00Z,38.3,-74.51,1.805,T2M
11/28/15,2015-11-28T09:00:00Z,38.3,-74.51,1.659,T2M
11/29/15,2015-11-29T09:00:00Z,38.3,-74.51,1.855,T2M
11/30/15,2015-11-30T09:00:00Z,38.3,-74.51,2.33,T2M
12/1/15,2015-12-01T09:00:00Z,38.3,-74.51,2.094,T2M
12/2/15,2015-12-02T09:00:00Z,38.3,-74.51,1.914,T2M
12/3/15,2015-12-03T09:00:00Z,38.3,-74.51,2.023,T2M
12/4/15,2015-12-04T09:00:00Z,38.3,-74.51,2.383,T2M
12/5/15,2015-12-05T09:00:00Z,38.3,-74.51,2.466,T2M
12/6/15,2015-12-06T09:00:00Z,38.3,-74.51,2,T2M
12/7/15,2015-12-07T09:00:00Z,38.3,-74.51,1.978,T2M
12/8/15,2015-12-08T09:00:00Z,38.3,-74.51,1.91,T2M
12/9/15,2015-12-09T09:00:00Z,38.3,-74.51,2.208,T2M
12/10/15,2015-12-10T09:00:00Z,38.3,-74.51,2.139,T2M
12/11/15,2015-12-11T09:00:00Z,38.3,-74.51,2.023,T2M
12/12/15,2015-12-12T09:00:00Z,38.3,-74.51,2.164,T2M
12/13/15,2015-12-13T09:00:00Z,38.3,-74.51,2.316,T2M
12/14/15,2015-12-14T09:00:00Z,38.3,-74.51,3.191,T2M
12/15/15,2015-12-15T09:00:00Z,38.3,-74.51,3.398,T2M
12/16/15,2015-12-16T09:00:00Z,38.3,-74.51,3.381,T2M
12/17/15,2015-12-17T09:00:00Z,38.3,-74.51,3.47,T2M
12/18/15,2015-12-18T09:00:00Z,38.3,-74.51,2.725,T2M
12/19/15,2015-12-19T09:00:00Z,38.3,-74.51,2.788,T2M
12/20/15,2015-12-20T09:00:00Z,38.3,-74.51,2.763,T2M
12/21/15,2015-12-21T09:00:00Z,38.3,-74.51,2.884,T2M
12/22/15,2015-12-22T09:00:00Z,38.3,-74.51,3.062,T2M
12/23/15,2015-12-23T09:00:00Z,38.3,-74.51,3.552,T2M
12/24/15,2015-12-24T09:00:00Z,38.3,-74.51,3.789,T2M
12/25/15,2015-12-25T09:00:00Z,38.3,-74.51,3.934,T2M
12/26/15,2015-12-26T09:00:00Z,38.3,-74.51,4.203,T2M
12/27/15,2015-12-27T09:00:00Z,38.3,-74.51,4.131,T2M
12/28/15,2015-12-28T09:00:00Z,38.3,-74.51,3.421,T2M
12/29/15,2015-12-29T09:00:00Z,38.3,-74.51,3.166,T2M
12/30/15,2015-12-30T09:00:00Z,38.3,-74.51,3.285,T2M
12/31/15,2015-12-31T09:00:00Z,38.3,-74.51,3.397,T2M
1/1/16,2016-01-01T09:00:00Z,38.3,-74.51,3.89,T2M
1/2/16,2016-01-02T09:00:00Z,38.3,-74.51,3.867,T2M
1/3/16,2016-01-03T09:00:00Z,38.3,-74.51,3.852,T2M
1/4/16,2016-01-04T09:00:00Z,38.3,-74.51,3.78,T2M
1/5/16,2016-01-05T09:00:00Z,38.3,-74.51,3.038,T2M
1/6/16,2016-01-06T09:00:00Z,38.3,-74.51,2.724,T2M
1/7/16,2016-01-07T09:00:00Z,38.3,-74.51,2.938,T2M
1/8/16,2016-01-08T09:00:00Z,38.3,-74.51,2.995,T2M
1/9/16,2016-01-09T09:00:00Z,38.3,-74.51,2.964,T2M
1/10/16,2016-01-10T09:00:00Z,38.3,-74.51,2.877,T2M
1/11/16,2016-01-11T09:00:00Z,38.3,-74.51,3.025,T2M
1/12/16,2016-01-12T09:00:00Z,38.3,-74.51,3.172,T2M
1/13/16,2016-01-13T09:00:00Z,38.3,-74.51,2.866,T2M
1/14/16,2016-01-14T09:00:00Z,38.3,-74.51,2.702,T2M
1/15/16,2016-01-15T09:00:00Z,38.3,-74.51,2.393,T2M
1/16/16,2016-01-16T09:00:00Z,38.3,-74.51,2.419,T2M
1/17/16,2016-01-17T09:00:00Z,38.3,-74.51,2.35,T2M
1/18/16,2016-01-18T09:00:00Z,38.3,-74.51,2.506,T2M
1/19/16,2016-01-19T09:00:00Z,38.3,-74.51,2.368,T2M
1/20/16,2016-01-20T09:00:00Z,38.3,-74.51,2.353,T2M
1/21/16,2016-01-21T09:00:00Z,38.3,-74.51,2.419,T2M
1/22/16,2016-01-22T09:00:00Z,38.3,-74.51,2.211,T2M
1/23/16,2016-01-23T09:00:00Z,38.3,-74.51,1.284,T2M
1/24/16,2016-01-24T09:00:00Z,38.3,-74.51,0.282,T2M
1/25/16,2016-01-25T09:00:00Z,38.3,-74.51,0.518,T2M
1/26/16,2016-01-26T09:00:00Z,38.3,-74.51,0.534,T2M
1/27/16,2016-01-27T09:00:00Z,38.3,-74.51,1.115,T2M
1/28/16,2016-01-28T09:00:00Z,38.3,-74.51,1.08,T2M
1/29/16,2016-01-29T09:00:00Z,38.3,-74.51,0.68,T2M
1/30/16,2016-01-30T09:00:00Z,38.3,-74.51,0.545,T2M
1/31/16,2016-01-31T09:00:00Z,38.3,-74.51,0.803,T2M
2/1/16,2016-02-01T09:00:00Z,38.3,-74.51,0.883,T2M
2/2/16,2016-02-02T09:00:00Z,38.3,-74.51,1.028,T2M
2/3/16,2016-02-03T09:00:00Z,38.3,-74.51,1.071,T2M
2/4/16,2016-02-04T09:00:00Z,38.3,-74.51,0.909,T2M
2/5/16,2016-02-05T09:00:00Z,38.3,-74.51,0.72,T2M
2/6/16,2016-02-06T09:00:00Z,38.3,-74.51,0.873,T2M
2/7/16,2016-02-07T09:00:00Z,38.3,-74.51,0.967,T2M
2/8/16,2016-02-08T09:00:00Z,38.3,-74.51,1.135,T2M
2/9/16,2016-02-09T09:00:00Z,38.3,-74.51,1.516,T2M
2/10/16,2016-02-10T09:00:00Z,38.3,-74.51,1.072,T2M
2/11/16,2016-02-11T09:00:00Z,38.3,-74.51,1.017,T2M
2/12/16,2016-02-12T09:00:00Z,38.3,-74.51,0.932,T2M
2/13/16,2016-02-13T09:00:00Z,38.3,-74.51,1.001,T2M
2/14/16,2016-02-14T09:00:00Z,38.3,-74.51,0.844,T2M
2/15/16,2016-02-15T09:00:00Z,38.3,-74.51,0.887,T2M
2/16/16,2016-02-16T09:00:00Z,38.3,-74.51,1,T2M
2/17/16,2016-02-17T09:00:00Z,38.3,-74.51,1.052,T2M
2/18/16,2016-02-18T09:00:00Z,38.3,-74.51,1.153,T2M
2/19/16,2016-02-19T09:00:00Z,38.3,-74.51,1.266,T2M
2/20/16,2016-02-20T09:00:00Z,38.3,-74.51,1.39,T2M
2/21/16,2016-02-21T09:00:00Z,38.3,-74.51,1.585,T2M
2/22/16,2016-02-22T09:00:00Z,38.3,-74.51,1.753,T2M
2/23/16,2016-02-23T09:00:00Z,38.3,-74.51,1.791,T2M
2/24/16,2016-02-24T09:00:00Z,38.3,-74.51,1.645,T2M
2/25/16,2016-02-25T09:00:00Z,38.3,-74.51,0.772,T2M
2/26/16,2016-02-26T09:00:00Z,38.3,-74.51,0.501,T2M
2/27/16,2016-02-27T09:00:00Z,38.3,-74.51,1.005,T2M
2/28/16,2016-02-28T09:00:00Z,38.3,-74.51,1.066,T2M
3/1/16,2016-03-01T09:00:00Z,38.3,-74.51,1.57,T2M
3/2/16,2016-03-02T09:00:00Z,38.3,-74.51,1.301,T2M
3/3/16,2016-03-03T09:00:00Z,38.3,-74.51,1.351,T2M
3/4/16,2016-03-04T09:00:00Z,38.3,-74.51,1.458,T2M
3/5/16,2016-03-05T09:00:00Z,38.3,-74.51,1.681,T2M
3/6/16,2016-03-06T09:00:00Z,38.3,-74.51,1.557,T2M
3/7/16,2016-03-07T09:00:00Z,38.3,-74.51,1.465,T2M
3/8/16,2016-03-08T09:00:00Z,38.3,-74.51,2.701,T2M
3/9/16,2016-03-09T09:00:00Z,38.3,-74.51,3.293,T2M
3/10/16,2016-03-10T09:00:00Z,38.3,-74.51,3.147,T2M
3/11/16,2016-03-11T09:00:00Z,38.3,-74.51,2.682,T2M
3/12/16,2016-03-12T09:00:00Z,38.3,-74.51,2.44,T2M
3/13/16,2016-03-13T09:00:00Z,38.3,-74.51,2.097,T2M
3/14/16,2016-03-14T09:00:00Z,38.3,-74.51,1.615,T2M
3/15/16,2016-03-15T09:00:00Z,38.3,-74.51,1.547,T2M
3/16/16,2016-03-16T09:00:00Z,38.3,-74.51,1.744,T2M
3/17/16,2016-03-17T09:00:00Z,38.3,-74.51,1.561,T2M
3/18/16,2016-03-18T09:00:00Z,38.3,-74.51,1.776,T2M
3/19/16,2016-03-19T09:00:00Z,38.3,-74.51,1.937,T2M
3/20/16,2016-03-20T09:00:00Z,38.3,-74.51,2.105,T2M
3/21/16,2016-03-21T09:00:00Z,38.3,-74.51,1.221,T2M
3/22/16,2016-03-22T09:00:00Z,38.3,-74.51,1.135,T2M
3/23/16,2016-03-23T09:00:00Z,38.3,-74.51,1.465,T2M
3/24/16,2016-03-24T09:00:00Z,38.3,-74.51,1.65,T2M
3/25/16,2016-03-25T09:00:00Z,38.3,-74.51,1.951,T2M
3/26/16,2016-03-26T09:00:00Z,38.3,-74.51,1.781,T2M
3/27/16,2016-03-27T09:00:00Z,38.3,-74.51,2.272,T2M
3/28/16,2016-03-28T09:00:00Z,38.3,-74.51,2.149,T2M
3/29/16,2016-03-29T09:00:00Z,38.3,-74.51,2.092,T2M
3/30/16,2016-03-30T09:00:00Z,38.3,-74.51,2.116,T2M
3/31/16,2016-03-31T09:00:00Z,38.3,-74.51,2.138,T2M
4/1/16,2016-04-01T09:00:00Z,38.3,-74.51,2.066,T2M
4/2/16,2016-04-02T09:00:00Z,38.3,-74.51,1.956,T2M
4/3/16,2016-04-03T09:00:00Z,38.3,-74.51,1.949,T2M
4/4/16,2016-04-04T09:00:00Z,38.3,-74.51,1.921,T2M
4/5/16,2016-04-05T09:00:00Z,38.3,-74.51,1.396,T2M
4/6/16,2016-04-06T09:00:00Z,38.3,-74.51,1.31,T2M
4/7/16,2016-04-07T09:00:00Z,38.3,-74.51,1.144,T2M
4/8/16,2016-04-08T09:00:00Z,38.3,-74.51,1.084,T2M
4/9/16,2016-04-09T09:00:00Z,38.3,-74.51,1.272,T2M
4/10/16,2016-04-10T09:00:00Z,38.3,-74.51,1.2,T2M
4/11/16,2016-04-11T09:00:00Z,38.3,-74.51,0.883,T2M
4/12/16,2016-04-12T09:00:00Z,38.3,-74.51,1.512,T2M
4/13/16,2016-04-13T09:00:00Z,38.3,-74.51,1.469,T2M
4/14/16,2016-04-14T09:00:00Z,38.3,-74.51,1.203,T2M
4/15/16,2016-04-15T09:00:00Z,38.3,-74.51,0.986,T2M
4/16/16,2016-04-16T09:00:00Z,38.3,-74.51,0.601,T2M
4/17/16,2016-04-17T09:00:00Z,38.3,-74.51,0.522,T2M
4/18/16,2016-04-18T09:00:00Z,38.3,-74.51,0.341,T2M
4/19/16,2016-04-19T09:00:00Z,38.3,-74.51,0.343,T2M
4/20/16,2016-04-20T09:00:00Z,38.3,-74.51,0.757,T2M
4/21/16,2016-04-21T09:00:00Z,38.3,-74.51,0.784,T2M
4/22/16,2016-04-22T09:00:00Z,38.3,-74.51,0.807,T2M
4/23/16,2016-04-23T09:00:00Z,38.3,-74.51,0.882,T2M
4/24/16,2016-04-24T09:00:00Z,38.3,-74.51,0.634,T2M
4/25/16,2016-04-25T09:00:00Z,38.3,-74.51,0.381,T2M
4/26/16,2016-04-26T09:00:00Z,38.3,-74.51,-0.191,T2M
4/27/16,2016-04-27T09:00:00Z,38.3,-74.51,-0.49,T2M
4/28/16,2016-04-28T09:00:00Z,38.3,-74.51,0.264,T2M
4/29/16,2016-04-29T09:00:00Z,38.3,-74.51,0.005,T2M
4/30/16,2016-04-30T09:00:00Z,38.3,-74.51,0.146,T2M
5/1/16,2016-05-01T09:00:00Z,38.3,-74.51,-0.006,T2M
5/2/16,2016-05-02T09:00:00Z,38.3,-74.51,-0.559,T2M
5/3/16,2016-05-03T09:00:00Z,38.3,-74.51,-0.984,T2M
5/4/16,2016-05-04T09:00:00Z,38.3,-74.51,-1.071,T2M
5/5/16,2016-05-05T09:00:00Z,38.3,-74.51,-1.777,T2M
5/6/16,2016-05-06T09:00:00Z,38.3,-74.51,-1.48,T2M
5/7/16,2016-05-07T09:00:00Z,38.3,-74.51,-0.788,T2M
5/8/16,2016-05-08T09:00:00Z,38.3,-74.51,-0.614,T2M
5/9/16,2016-05-09T09:00:00Z,38.3,-74.51,-0.59,T2M
5/10/16,2016-05-10T09:00:00Z,38.3,-74.51,-1.224,T2M
5/11/16,2016-05-11T09:00:00Z,38.3,-74.51,-1.382,T2M
5/12/16,2016-05-12T09:00:00Z,38.3,-74.51,-1.317,T2M
5/13/16,2016-05-13T09:00:00Z,38.3,-74.51,-0.644,T2M
5/14/16,2016-05-14T09:00:00Z,38.3,-74.51,-1.063,T2M
5/15/16,2016-05-15T09:00:00Z,38.3,-74.51,-1.307,T2M
5/16/16,2016-05-16T09:00:00Z,38.3,-74.51,-1.423,T2M
5/17/16,2016-05-17T09:00:00Z,38.3,-74.51,-1.307,T2M
5/18/16,2016-05-18T09:00:00Z,38.3,-74.51,-1.468,T2M
5/19/16,2016-05-19T09:00:00Z,38.3,-74.51,-1.73,T2M
5/20/16,2016-05-20T09:00:00Z,38.3,-74.51,-1.474,T2M
5/21/16,2016-05-21T09:00:00Z,38.3,-74.51,-1.512,T2M
5/22/16,2016-05-22T09:00:00Z,38.3,-74.51,-2.369,T2M
5/23/16,2016-05-23T09:00:00Z,38.3,-74.51,-0.826,T2M
5/24/16,2016-05-24T09:00:00Z,38.3,-74.51,-1.152,T2M
5/25/16,2016-05-25T09:00:00Z,38.3,-74.51,-1.262,T2M
5/26/16,2016-05-26T09:00:00Z,38.3,-74.51,-0.718,T2M
5/27/16,2016-05-27T09:00:00Z,38.3,-74.51,-0.565,T2M
5/28/16,2016-05-28T09:00:00Z,38.3,-74.51,-0.977,T2M
5/29/16,2016-05-29T09:00:00Z,38.3,-74.51,-1.171,T2M
5/30/16,2016-05-30T09:00:00Z,38.3,-74.51,-1.116,T2M
5/31/16,2016-05-31T09:00:00Z,38.3,-74.51,1.423,T2M
6/1/16,2016-06-01T09:00:00Z,38.3,-74.51,1.941,T2M
6/2/16,2016-06-02T09:00:00Z,38.3,-74.51,1.994,T2M
6/3/16,2016-06-03T09:00:00Z,38.3,-74.51,1.578,T2M
6/4/16,2016-06-04T09:00:00Z,38.3,-74.51,1.157,T2M
6/5/16,2016-06-05T09:00:00Z,38.3,-74.51,0.948,T2M
6/6/16,2016-06-06T09:00:00Z,38.3,-74.51,2.155,T2M
6/7/16,2016-06-07T09:00:00Z,38.3,-74.51,1.925,T2M
6/8/16,2016-06-08T09:00:00Z,38.3,-74.51,0.621,T2M
6/9/16,2016-06-09T09:00:00Z,38.3,-74.51,-0.389,T2M
6/10/16,2016-06-10T09:00:00Z,38.3,-74.51,-0.398,T2M
6/11/16,2016-06-11T09:00:00Z,38.3,-74.51,-0.946,T2M
6/12/16,2016-06-12T09:00:00Z,38.3,-74.51,-0.396,T2M
6/13/16,2016-06-13T09:00:00Z,38.3,-74.51,-0.298,T2M
6/14/16,2016-06-14T09:00:00Z,38.3,-74.51,-0.091,T2M
6/15/16,2016-06-15T09:00:00Z,38.3,-74.51,-0.411,T2M
6/16/16,2016-06-16T09:00:00Z,38.3,-74.51,-0.809,T2M
6/17/16,2016-06-17T09:00:00Z,38.3,-74.51,-1.877,T2M
6/18/16,2016-06-18T09:00:00Z,38.3,-74.51,-2.193,T2M
6/19/16,2016-06-19T09:00:00Z,38.3,-74.51,-2.144,T2M
6/20/16,2016-06-20T09:00:00Z,38.3,-74.51,-1.853,T2M
6/21/16,2016-06-21T09:00:00Z,38.3,-74.51,-1.02,T2M
6/22/16,2016-06-22T09:00:00Z,38.3,-74.51,-0.444,T2M
6/23/16,2016-06-23T09:00:00Z,38.3,-74.51,-0.57,T2M
6/24/16,2016-06-24T09:00:00Z,38.3,-74.51,-1.18,T2M
6/25/16,2016-06-25T09:00:00Z,38.3,-74.51,-1.286,T2M
6/26/16,2016-06-26T09:00:00Z,38.3,-74.51,-1.219,T2M
6/27/16,2016-06-27T09:00:00Z,38.3,-74.51,-1.221,T2M
6/28/16,2016-06-28T09:00:00Z,38.3,-74.51,-0.942,T2M
6/29/16,2016-06-29T09:00:00Z,38.3,-74.51,0.062,T2M
6/30/16,2016-06-30T09:00:00Z,38.3,-74.51,-0.045,T2M
7/1/16,2016-07-01T09:00:00Z,38.3,-74.51,-0.125,T2M
7/2/16,2016-07-02T09:00:00Z,38.3,-74.51,0.252,T2M
7/3/16,2016-07-03T09:00:00Z,38.3,-74.51,0.138,T2M
7/4/16,2016-07-04T09:00:00Z,38.3,-74.51,-0.531,T2M
7/5/16,2016-07-05T09:00:00Z,38.3,-74.51,0.087,T2M
7/6/16,2016-07-06T09:00:00Z,38.3,-74.51,0.835,T2M
7/7/16,2016-07-07T09:00:00Z,38.3,-74.51,0.448,T2M
7/8/16,2016-07-08T09:00:00Z,38.3,-74.51,0.397,T2M
7/9/16,2016-07-09T09:00:00Z,38.3,-74.51,1.191,T2M
7/10/16,2016-07-10T09:00:00Z,38.3,-74.51,1.648,T2M
7/11/16,2016-07-11T09:00:00Z,38.3,-74.51,0.792,T2M
7/12/16,2016-07-12T09:00:00Z,38.3,-74.51,0.461,T2M
7/13/16,2016-07-13T09:00:00Z,38.3,-74.51,0.682,T2M
7/14/16,2016-07-14T09:00:00Z,38.3,-74.51,0.815,T2M
7/15/16,2016-07-15T09:00:00Z,38.3,-74.51,0.974,T2M
7/16/16,2016-07-16T09:00:00Z,38.3,-74.51,1.369,T2M
7/17/16,2016-07-17T09:00:00Z,38.3,-74.51,1.493,T2M
7/25/16,2016-07-25T09:00:00Z,38.3,-74.51,0.79,T2M
7/26/16,2016-07-26T09:00:00Z,38.3,-74.51,1.954,T2M
7/27/16,2016-07-27T09:00:00Z,38.3,-74.51,3.045,T2M
7/28/16,2016-07-28T09:00:00Z,38.3,-74.51,3.008,T2M
7/29/16,2016-07-29T09:00:00Z,38.3,-74.51,2.855,T2M
7/30/16,2016-07-30T09:00:00Z,38.3,-74.51,2.685,T2M
7/31/16,2016-07-31T09:00:00Z,38.3,-74.51,2.487,T2M
8/1/16,2016-08-01T09:00:00Z,38.3,-74.51,1.99,T2M
8/2/16,2016-08-02T09:00:00Z,38.3,-74.51,1.792,T2M
8/3/16,2016-08-03T09:00:00Z,38.3,-74.51,1.209,T2M
8/4/16,2016-08-04T09:00:00Z,38.3,-74.51,0.845,T2M
8/5/16,2016-08-05T09:00:00Z,38.3,-74.51,0.856,T2M
8/6/16,2016-08-06T09:00:00Z,38.3,-74.51,1.235,T2M
8/7/16,2016-08-07T09:00:00Z,38.3,-74.51,1.321,T2M
8/8/16,2016-08-08T09:00:00Z,38.3,-74.51,1.15,T2M
8/9/16,2016-08-09T09:00:00Z,38.3,-74.51,1.192,T2M
8/10/16,2016-08-10T09:00:00Z,38.3,-74.51,1.145,T2M
8/11/16,2016-08-11T09:00:00Z,38.3,-74.51,2.078,T2M
8/12/16,2016-08-12T09:00:00Z,38.3,-74.51,2.314,T2M
8/13/16,2016-08-13T09:00:00Z,38.3,-74.51,2.797,T2M
8/14/16,2016-08-14T09:00:00Z,38.3,-74.51,3.044,T2M
8/15/16,2016-08-15T09:00:00Z,38.3,-74.51,3.171,T2M
8/16/16,2016-08-16T09:00:00Z,38.3,-74.51,3.438,T2M
8/17/16,2016-08-17T09:00:00Z,38.3,-74.51,3.344,T2M
8/18/16,2016-08-18T09:00:00Z,38.3,-74.51,3.165,T2M
8/19/16,2016-08-19T09:00:00Z,38.3,-74.51,3.153,T2M
8/20/16,2016-08-20T09:00:00Z,38.3,-74.51,3.349,T2M
8/21/16,2016-08-21T09:00:00Z,38.3,-74.51,3.42,T2M
8/22/16,2016-08-22T09:00:00Z,38.3,-74.51,3.002,T2M
8/23/16,2016-08-23T09:00:00Z,38.3,-74.51,2.906,T2M
8/24/16,2016-08-24T09:00:00Z,38.3,-74.51,2.506,T2M
8/25/16,2016-08-25T09:00:00Z,38.3,-74.51,2.529,T2M
8/26/16,2016-08-26T09:00:00Z,38.3,-74.51,2.194,T2M
8/27/16,2016-08-27T09:00:00Z,38.3,-74.51,2.309,T2M
8/28/16,2016-08-28T09:00:00Z,38.3,-74.51,2.427,T2M
8/29/16,2016-08-29T09:00:00Z,38.3,-74.51,2.483,T2M
8/30/16,2016-08-30T09:00:00Z,38.3,-74.51,2.379,T2M
8/31/16,2016-08-31T09:00:00Z,38.3,-74.51,2.642,T2M
9/1/16,2016-09-01T09:00:00Z,38.3,-74.51,1.547,T2M
9/2/16,2016-09-02T09:00:00Z,38.3,-74.51,1.748,T2M
9/3/16,2016-09-03T09:00:00Z,38.3,-74.51,1.881,T2M
9/4/16,2016-09-04T09:00:00Z,38.3,-74.51,0.873,T2M
9/5/16,2016-09-05T09:00:00Z,38.3,-74.51,-0.116,T2M
9/6/16,2016-09-06T09:00:00Z,38.3,-74.51,-0.504,T2M
9/7/16,2016-09-07T09:00:00Z,38.3,-74.51,-0.652,T2M
9/8/16,2016-09-08T09:00:00Z,38.3,-74.51,-0.132,T2M
9/9/16,2016-09-09T09:00:00Z,38.3,-74.51,0.128,T2M
9/10/16,2016-09-10T09:00:00Z,38.3,-74.51,1.182,T2M
9/11/16,2016-09-11T09:00:00Z,38.3,-74.51,1.138,T2M
9/12/16,2016-09-12T09:00:00Z,38.3,-74.51,0.342,T2M
9/13/16,2016-09-13T09:00:00Z,38.3,-74.51,0.368,T2M
9/14/16,2016-09-14T09:00:00Z,38.3,-74.51,0.707,T2M
9/15/16,2016-09-15T09:00:00Z,38.3,-74.51,1.174,T2M
9/16/16,2016-09-16T09:00:00Z,38.3,-74.51,0.763,T2M
9/17/16,2016-09-17T09:00:00Z,38.3,-74.51,0.799,T2M
9/18/16,2016-09-18T09:00:00Z,38.3,-74.51,1.507,T2M
9/19/16,2016-09-19T09:00:00Z,38.3,-74.51,2.079,T2M
9/20/16,2016-09-20T09:00:00Z,38.3,-74.51,2.024,T2M
9/21/16,2016-09-21T09:00:00Z,38.3,-74.51,1.804,T2M
9/22/16,2016-09-22T09:00:00Z,38.3,-74.51,1.166,T2M
9/23/16,2016-09-23T09:00:00Z,38.3,-74.51,1.214,T2M
9/24/16,2016-09-24T09:00:00Z,38.3,-74.51,1.432,T2M
9/25/16,2016-09-25T09:00:00Z,38.3,-74.51,1.433,T2M
9/26/16,2016-09-26T09:00:00Z,38.3,-74.51,0.537,T2M
9/27/16,2016-09-27T09:00:00Z,38.3,-74.51,0.308,T2M
9/28/16,2016-09-28T09:00:00Z,38.3,-74.51,0.51,T2M
9/29/16,2016-09-29T09:00:00Z,38.3,-74.51,1.019,T2M
9/30/16,2016-09-30T09:00:00Z,38.3,-74.51,0.731,T2M
10/1/16,2016-10-01T09:00:00Z,38.3,-74.51,0.095,T2M
10/2/16,2016-10-02T09:00:00Z,38.3,-74.51,0.329,T2M
10/3/16,2016-10-03T09:00:00Z,38.3,-74.51,0.2,T2M
10/4/16,2016-10-04T09:00:00Z,38.3,-74.51,-0.274,T2M
10/5/16,2016-10-05T09:00:00Z,38.3,-74.51,-0.657,T2M
10/6/16,2016-10-06T09:00:00Z,38.3,-74.51,-0.603,T2M
10/7/16,2016-10-07T09:00:00Z,38.3,-74.51,-0.207,T2M
10/8/16,2016-10-08T09:00:00Z,38.3,-74.51,-0.286,T2M
10/9/16,2016-10-09T09:00:00Z,38.3,-74.51,-0.58,T2M
10/10/16,2016-10-10T09:00:00Z,38.3,-74.51,-0.486,T2M
10/11/16,2016-10-11T09:00:00Z,38.3,-74.51,-0.654,T2M
10/12/16,2016-10-12T09:00:00Z,38.3,-74.51,-0.58,T2M
10/13/16,2016-10-13T09:00:00Z,38.3,-74.51,-0.511,T2M
10/14/16,2016-10-14T09:00:00Z,38.3,-74.51,-0.502,T2M
10/15/16,2016-10-15T09:00:00Z,38.3,-74.51,-0.463,T2M
10/16/16,2016-10-16T09:00:00Z,38.3,-74.51,-0.308,T2M
10/17/16,2016-10-17T09:00:00Z,38.3,-74.51,-0.028,T2M
10/18/16,2016-10-18T09:00:00Z,38.3,-74.51,0.501,T2M
10/19/16,2016-10-19T09:00:00Z,38.3,-74.51,0.802,T2M
10/20/16,2016-10-20T09:00:00Z,38.3,-74.51,1.662,T2M
10/21/16,2016-10-21T09:00:00Z,38.3,-74.51,1.836,T2M
10/22/16,2016-10-22T09:00:00Z,38.3,-74.51,1.283,T2M
10/23/16,2016-10-23T09:00:00Z,38.3,-74.51,0.809,T2M
10/24/16,2016-10-24T09:00:00Z,38.3,-74.51,0.667,T2M
10/25/16,2016-10-25T09:00:00Z,38.3,-74.51,0.534,T2M
10/26/16,2016-10-26T09:00:00Z,38.3,-74.51,0.41,T2M
10/27/16,2016-10-27T09:00:00Z,38.3,-74.51,0.527,T2M
10/28/16,2016-10-28T09:00:00Z,38.3,-74.51,0.169,T2M
10/29/16,2016-10-29T09:00:00Z,38.3,-74.51,0.553,T2M
10/30/16,2016-10-30T09:00:00Z,38.3,-74.51,0.825,T2M
10/31/16,2016-10-31T09:00:00Z,38.3,-74.51,1.148,T2M
11/1/16,2016-11-01T09:00:00Z,38.3,-74.51,0.718,T2M
11/2/16,2016-11-02T09:00:00Z,38.3,-74.51,0.663,T2M
11/3/16,2016-11-03T09:00:00Z,38.3,-74.51,0.526,T2M
11/4/16,2016-11-04T09:00:00Z,38.3,-74.51,1.089,T2M
11/5/16,2016-11-05T09:00:00Z,38.3,-74.51,1.293,T2M
11/6/16,2016-11-06T09:00:00Z,38.3,-74.51,1.496,T2M
11/7/16,2016-11-07T09:00:00Z,38.3,-74.51,1.27,T2M
11/8/16,2016-11-08T09:00:00Z,38.3,-74.51,1.445,T2M
11/9/16,2016-11-09T09:00:00Z,38.3,-74.51,1.412,T2M
11/10/16,2016-11-10T09:00:00Z,38.3,-74.51,1.306,T2M
11/11/16,2016-11-11T09:00:00Z,38.3,-74.51,1.356,T2M
11/12/16,2016-11-12T09:00:00Z,38.3,-74.51,1.31,T2M
11/13/16,2016-11-13T09:00:00Z,38.3,-74.51,1.155,T2M
11/14/16,2016-11-14T09:00:00Z,38.3,-74.51,1.56,T2M
11/15/16,2016-11-15T09:00:00Z,38.3,-74.51,1.427,T2M
11/16/16,2016-11-16T09:00:00Z,38.3,-74.51,1.497,T2M
11/17/16,2016-11-17T09:00:00Z,38.3,-74.51,1.372,T2M
11/18/16,2016-11-18T09:00:00Z,38.3,-74.51,1.491,T2M
11/19/16,2016-11-19T09:00:00Z,38.3,-74.51,1.649,T2M
11/20/16,2016-11-20T09:00:00Z,38.3,-74.51,1.426,T2M
11/21/16,2016-11-21T09:00:00Z,38.3,-74.51,0.995,T2M
11/22/16,2016-11-22T09:00:00Z,38.3,-74.51,1.036,T2M
11/23/16,2016-11-23T09:00:00Z,38.3,-74.51,1.131,T2M
11/24/16,2016-11-24T09:00:00Z,38.3,-74.51,0.816,T2M
11/25/16,2016-11-25T09:00:00Z,38.3,-74.51,0.804,T2M
11/26/16,2016-11-26T09:00:00Z,38.3,-74.51,0.931,T2M
11/27/16,2016-11-27T09:00:00Z,38.3,-74.51,0.699,T2M
11/28/16,2016-11-28T09:00:00Z,38.3,-74.51,0.691,T2M
11/29/16,2016-11-29T09:00:00Z,38.3,-74.51,0.575,T2M
11/30/16,2016-11-30T09:00:00Z,38.3,-74.51,0.884,T2M
12/1/16,2016-12-01T09:00:00Z,38.3,-74.51,1.167,T2M
12/2/16,2016-12-02T09:00:00Z,38.3,-74.51,1.408,T2M
12/3/16,2016-12-03T09:00:00Z,38.3,-74.51,2.013,T2M
12/4/16,2016-12-04T09:00:00Z,38.3,-74.51,1.878,T2M
12/5/16,2016-12-05T09:00:00Z,38.3,-74.51,1.45,T2M
12/6/16,2016-12-06T09:00:00Z,38.3,-74.51,0.872,T2M
12/7/16,2016-12-07T09:00:00Z,38.3,-74.51,-0.375,T2M
12/8/16,2016-12-08T09:00:00Z,38.3,-74.51,0.018,T2M
12/9/16,2016-12-09T09:00:00Z,38.3,-74.51,0.478,T2M
12/10/16,2016-12-10T09:00:00Z,38.3,-74.51,0.708,T2M
12/11/16,2016-12-11T09:00:00Z,38.3,-74.51,0.764,T2M
12/12/16,2016-12-12T09:00:00Z,38.3,-74.51,0.926,T2M
12/13/16,2016-12-13T09:00:00Z,38.3,-74.51,0.996,T2M
12/14/16,2016-12-14T09:00:00Z,38.3,-74.51,0.326,T2M
12/15/16,2016-12-15T09:00:00Z,38.3,-74.51,0.387,T2M
12/16/16,2016-12-16T09:00:00Z,38.3,-74.51,0.54,T2M
12/17/16,2016-12-17T09:00:00Z,38.3,-74.51,0.726,T2M
12/18/16,2016-12-18T09:00:00Z,38.3,-74.51,0.821,T2M
12/19/16,2016-12-19T09:00:00Z,38.3,-74.51,0.701,T2M
12/20/16,2016-12-20T09:00:00Z,38.3,-74.51,0.451,T2M
12/21/16,2016-12-21T09:00:00Z,38.3,-74.51,0.913,T2M
12/22/16,2016-12-22T09:00:00Z,38.3,-74.51,1.24,T2M
12/23/16,2016-12-23T09:00:00Z,38.3,-74.51,1.404,T2M
12/24/16,2016-12-24T09:00:00Z,38.3,-74.51,1.23,T2M
12/25/16,2016-12-25T09:00:00Z,38.3,-74.51,1.291,T2M
12/26/16,2016-12-26T09:00:00Z,38.3,-74.51,1.359,T2M
12/27/16,2016-12-27T09:00:00Z,38.3,-74.51,0.706,T2M
12/28/16,2016-12-28T09:00:00Z,38.3,-74.51,0.519,T2M
1/8/17,2017-01-08T09:00:00Z,38.3,-74.51,-0.639,T2M
1/9/17,2017-01-09T09:00:00Z,38.3,-74.51,-0.036,T2M
1/10/17,2017-01-10T09:00:00Z,38.3,-74.51,-0.003,T2M
1/11/17,2017-01-11T09:00:00Z,38.3,-74.51,-0.003,T2M
1/12/17,2017-01-12T09:00:00Z,38.3,-74.51,0.414,T2M
1/13/17,2017-01-13T09:00:00Z,38.3,-74.51,0.702,T2M
1/14/17,2017-01-14T09:00:00Z,38.3,-74.51,0.687,T2M
1/15/17,2017-01-15T09:00:00Z,38.3,-74.51,1.369,T2M
1/16/17,2017-01-16T09:00:00Z,38.3,-74.51,1.784,T2M
1/17/17,2017-01-17T09:00:00Z,38.3,-74.51,0.922,T2M
1/18/17,2017-01-18T09:00:00Z,38.3,-74.51,1.026,T2M
1/19/17,2017-01-19T09:00:00Z,38.3,-74.51,1.316,T2M
1/20/17,2017-01-20T09:00:00Z,38.3,-74.51,1.29,T2M
1/21/17,2017-01-21T09:00:00Z,38.3,-74.51,1.493,T2M
1/22/17,2017-01-22T09:00:00Z,38.3,-74.51,2.674,T2M
1/23/17,2017-01-23T09:00:00Z,38.3,-74.51,2.551,T2M
1/24/17,2017-01-24T09:00:00Z,38.3,-74.51,0.659,T2M
1/25/17,2017-01-25T09:00:00Z,38.3,-74.51,-0.239,T2M
1/26/17,2017-01-26T09:00:00Z,38.3,-74.51,0.602,T2M
1/27/17,2017-01-27T09:00:00Z,38.3,-74.51,0.826,T2M
1/28/17,2017-01-28T09:00:00Z,38.3,-74.51,0.931,T2M
1/29/17,2017-01-29T09:00:00Z,38.3,-74.51,0.803,T2M
1/30/17,2017-01-30T09:00:00Z,38.3,-74.51,0.577,T2M
1/31/17,2017-01-31T09:00:00Z,38.3,-74.51,0.693,T2M
2/1/17,2017-02-01T09:00:00Z,38.3,-74.51,0.527,T2M
2/2/17,2017-02-02T09:00:00Z,38.3,-74.51,0.359,T2M
2/3/17,2017-02-03T09:00:00Z,38.3,-74.51,0.662,T2M
2/4/17,2017-02-04T09:00:00Z,38.3,-74.51,0.792,T2M
2/5/17,2017-02-05T09:00:00Z,38.3,-74.51,1.098,T2M
2/6/17,2017-02-06T09:00:00Z,38.3,-74.51,1.27,T2M
2/7/17,2017-02-07T09:00:00Z,38.3,-74.51,1.249,T2M
2/8/17,2017-02-08T09:00:00Z,38.3,-74.51,1.046,T2M
2/9/17,2017-02-09T09:00:00Z,38.3,-74.51,1.091,T2M
2/10/17,2017-02-10T09:00:00Z,38.3,-74.51,1.013,T2M
2/11/17,2017-02-11T09:00:00Z,38.3,-74.51,1.457,T2M
2/12/17,2017-02-12T09:00:00Z,38.3,-74.51,1.302,T2M
2/13/17,2017-02-13T09:00:00Z,38.3,-74.51,1.276,T2M
2/14/17,2017-02-14T09:00:00Z,38.3,-74.51,0.676,T2M
2/15/17,2017-02-15T09:00:00Z,38.3,-74.51,0.299,T2M
2/16/17,2017-02-16T09:00:00Z,38.3,-74.51,0.694,T2M
2/17/17,2017-02-17T09:00:00Z,38.3,-74.51,0.812,T2M
2/18/17,2017-02-18T09:00:00Z,38.3,-74.51,0.908,T2M
2/19/17,2017-02-19T09:00:00Z,38.3,-74.51,0.904,T2M
2/20/17,2017-02-20T09:00:00Z,38.3,-74.51,1.269,T2M
2/21/17,2017-02-21T09:00:00Z,38.3,-74.51,1.498,T2M
2/22/17,2017-02-22T09:00:00Z,38.3,-74.51,1.198,T2M
2/23/17,2017-02-23T09:00:00Z,38.3,-74.51,1.022,T2M
2/24/17,2017-02-24T09:00:00Z,38.3,-74.51,1.271,T2M
2/25/17,2017-02-25T09:00:00Z,38.3,-74.51,0.988,T2M
2/26/17,2017-02-26T09:00:00Z,38.3,-74.51,0.84,T2M
2/27/17,2017-02-27T09:00:00Z,38.3,-74.51,0.947,T2M
2/28/17,2017-02-28T09:00:00Z,38.3,-74.51,1.103,T2M
3/1/17,2017-03-01T09:00:00Z,38.3,-74.51,1.619,T2M
3/2/17,2017-03-02T09:00:00Z,38.3,-74.51,2.149,T2M
3/3/17,2017-03-03T09:00:00Z,38.3,-74.51,1.994,T2M
3/4/17,2017-03-04T09:00:00Z,38.3,-74.51,1.993,T2M
3/5/17,2017-03-05T09:00:00Z,38.3,-74.51,1.836,T2M
3/6/17,2017-03-06T09:00:00Z,38.3,-74.51,1.832,T2M
3/7/17,2017-03-07T09:00:00Z,38.3,-74.51,1.745,T2M
3/8/17,2017-03-08T09:00:00Z,38.3,-74.51,2.31,T2M
3/9/17,2017-03-09T09:00:00Z,38.3,-74.51,2.323,T2M
3/10/17,2017-03-10T09:00:00Z,38.3,-74.51,1.951,T2M
3/11/17,2017-03-11T09:00:00Z,38.3,-74.51,1.347,T2M
3/12/17,2017-03-12T09:00:00Z,38.3,-74.51,1.178,T2M
3/13/17,2017-03-13T09:00:00Z,38.3,-74.51,0.957,T2M
3/14/17,2017-03-14T09:00:00Z,38.3,-74.51,0.563,T2M
3/15/17,2017-03-15T09:00:00Z,38.3,-74.51,0.315,T2M
3/16/17,2017-03-16T09:00:00Z,38.3,-74.51,0.17,T2M
3/17/17,2017-03-17T09:00:00Z,38.3,-74.51,0.278,T2M
3/18/17,2017-03-18T09:00:00Z,38.3,-74.51,0.22,T2M
3/19/17,2017-03-19T09:00:00Z,38.3,-74.51,0.499,T2M
3/20/17,2017-03-20T09:00:00Z,38.3,-74.51,0.528,T2M
3/21/17,2017-03-21T09:00:00Z,38.3,-74.51,0.606,T2M
3/22/17,2017-03-22T09:00:00Z,38.3,-74.51,0.067,T2M
3/23/17,2017-03-23T09:00:00Z,38.3,-74.51,-0.234,T2M
3/24/17,2017-03-24T09:00:00Z,38.3,-74.51,-0.573,T2M
3/25/17,2017-03-25T09:00:00Z,38.3,-74.51,-0.496,T2M
3/26/17,2017-03-26T09:00:00Z,38.3,-74.51,0.034,T2M
3/27/17,2017-03-27T09:00:00Z,38.3,-74.51,0.567,T2M
3/28/17,2017-03-28T09:00:00Z,38.3,-74.51,0.855,T2M
3/29/17,2017-03-29T09:00:00Z,38.3,-74.51,0.684,T2M
3/30/17,2017-03-30T09:00:00Z,38.3,-74.51,0.591,T2M
3/31/17,2017-03-31T09:00:00Z,38.3,-74.51,0.508,T2M
4/1/17,2017-04-01T09:00:00Z,38.3,-74.51,-0.217,T2M
4/2/17,2017-04-02T09:00:00Z,38.3,-74.51,-0.135,T2M
4/3/17,2017-04-03T09:00:00Z,38.3,-74.51,-0.621,T2M
4/4/17,2017-04-04T09:00:00Z,38.3,-74.51,-0.758,T2M
4/5/17,2017-04-05T09:00:00Z,38.3,-74.51,-0.115,T2M
4/6/17,2017-04-06T09:00:00Z,38.3,-74.51,-0.257,T2M
4/7/17,2017-04-07T09:00:00Z,38.3,-74.51,-0.277,T2M
4/8/17,2017-04-08T09:00:00Z,38.3,-74.51,-0.132,T2M
4/9/17,2017-04-09T09:00:00Z,38.3,-74.51,-0.004,T2M
4/10/17,2017-04-10T09:00:00Z,38.3,-74.51,-0.178,T2M
4/11/17,2017-04-11T09:00:00Z,38.3,-74.51,-0.169,T2M
4/12/17,2017-04-12T09:00:00Z,38.3,-74.51,1.091,T2M
4/13/17,2017-04-13T09:00:00Z,38.3,-74.51,1.46,T2M
4/14/17,2017-04-14T09:00:00Z,38.3,-74.51,1.496,T2M
4/15/17,2017-04-15T09:00:00Z,38.3,-74.51,1.363,T2M
4/16/17,2017-04-16T09:00:00Z,38.3,-74.51,1.144,T2M
4/17/17,2017-04-17T09:00:00Z,38.3,-74.51,1.486,T2M
4/18/17,2017-04-18T09:00:00Z,38.3,-74.51,1.843,T2M
4/19/17,2017-04-19T09:00:00Z,38.3,-74.51,1.649,T2M
4/20/17,2017-04-20T09:00:00Z,38.3,-74.51,1.428,T2M
4/21/17,2017-04-21T09:00:00Z,38.3,-74.51,1.358,T2M
4/22/17,2017-04-22T09:00:00Z,38.3,-74.51,2.648,T2M
4/23/17,2017-04-23T09:00:00Z,38.3,-74.51,2.432,T2M
4/24/17,2017-04-24T09:00:00Z,38.3,-74.51,2.149,T2M
4/25/17,2017-04-25T09:00:00Z,38.3,-74.51,1.887,T2M
4/26/17,2017-04-26T09:00:00Z,38.3,-74.51,1.487,T2M
4/27/17,2017-04-27T09:00:00Z,38.3,-74.51,1.419,T2M
4/28/17,2017-04-28T09:00:00Z,38.3,-74.51,1.825,T2M
4/29/17,2017-04-29T09:00:00Z,38.3,-74.51,2.764,T2M
4/30/17,2017-04-30T09:00:00Z,38.3,-74.51,3.012,T2M
5/1/17,2017-05-01T09:00:00Z,38.3,-74.51,2.662,T2M
5/2/17,2017-05-02T09:00:00Z,38.3,-74.51,2.664,T2M
5/3/17,2017-05-03T09:00:00Z,38.3,-74.51,2.426,T2M
5/4/17,2017-05-04T09:00:00Z,38.3,-74.51,2.24,T2M
5/5/17,2017-05-05T09:00:00Z,38.3,-74.51,2.2,T2M
5/6/17,2017-05-06T09:00:00Z,38.3,-74.51,2.02,T2M
5/7/17,2017-05-07T09:00:00Z,38.3,-74.51,2.084,T2M
5/8/17,2017-05-08T09:00:00Z,38.3,-74.51,1.888,T2M
5/9/17,2017-05-09T09:00:00Z,38.3,-74.51,1.703,T2M
5/10/17,2017-05-10T09:00:00Z,38.3,-74.51,1.518,T2M
5/11/17,2017-05-11T09:00:00Z,38.3,-74.51,0.976,T2M
5/12/17,2017-05-12T09:00:00Z,38.3,-74.51,-0.082,T2M
5/13/17,2017-05-13T09:00:00Z,38.3,-74.51,-0.315,T2M
5/14/17,2017-05-14T09:00:00Z,38.3,-74.51,-0.472,T2M
5/15/17,2017-05-15T09:00:00Z,38.3,-74.51,-0.568,T2M
5/16/17,2017-05-16T09:00:00Z,38.3,-74.51,-0.291,T2M
5/17/17,2017-05-17T09:00:00Z,38.3,-74.51,0.053,T2M
5/18/17,2017-05-18T09:00:00Z,38.3,-74.51,0.354,T2M
5/19/17,2017-05-19T09:00:00Z,38.3,-74.51,0.272,T2M
5/20/17,2017-05-20T09:00:00Z,38.3,-74.51,-0.137,T2M
5/21/17,2017-05-21T09:00:00Z,38.3,-74.51,-0.269,T2M
5/22/17,2017-05-22T09:00:00Z,38.3,-74.51,-1.052,T2M
5/23/17,2017-05-23T09:00:00Z,38.3,-74.51,-1.898,T2M
5/24/17,2017-05-24T09:00:00Z,38.3,-74.51,-0.994,T2M
5/25/17,2017-05-25T09:00:00Z,38.3,-74.51,-1.118,T2M
5/26/17,2017-05-26T09:00:00Z,38.3,-74.51,-1.023,T2M
5/27/17,2017-05-27T09:00:00Z,38.3,-74.51,-0.659,T2M
5/28/17,2017-05-28T09:00:00Z,38.3,-74.51,-0.846,T2M
5/29/17,2017-05-29T09:00:00Z,38.3,-74.51,-1.733,T2M
5/30/17,2017-05-30T09:00:00Z,38.3,-74.51,-0.754,T2M
5/31/17,2017-05-31T09:00:00Z,38.3,-74.51,-0.989,T2M
6/1/17,2017-06-01T09:00:00Z,38.3,-74.51,-0.853,T2M
6/2/17,2017-06-02T09:00:00Z,38.3,-74.51,-0.189,T2M
6/3/17,2017-06-03T09:00:00Z,38.3,-74.51,-0.18,T2M
6/4/17,2017-06-04T09:00:00Z,38.3,-74.51,-0.189,T2M
6/5/17,2017-06-05T09:00:00Z,38.3,-74.51,-0.276,T2M
6/6/17,2017-06-06T09:00:00Z,38.3,-74.51,-1.278,T2M
6/7/17,2017-06-07T09:00:00Z,38.3,-74.51,-2.141,T2M
6/8/17,2017-06-08T09:00:00Z,38.3,-74.51,-2.63,T2M
6/9/17,2017-06-09T09:00:00Z,38.3,-74.51,-2.005,T2M
6/10/17,2017-06-10T09:00:00Z,38.3,-74.51,-2.558,T2M
6/11/17,2017-06-11T09:00:00Z,38.3,-74.51,-2.733,T2M
6/12/17,2017-06-12T09:00:00Z,38.3,-74.51,-2.269,T2M
6/13/17,2017-06-13T09:00:00Z,38.3,-74.51,0.042,T2M
6/14/17,2017-06-14T09:00:00Z,38.3,-74.51,1.002,T2M
6/15/17,2017-06-15T09:00:00Z,38.3,-74.51,0.507,T2M
6/16/17,2017-06-16T09:00:00Z,38.3,-74.51,-0.019,T2M
6/17/17,2017-06-17T09:00:00Z,38.3,-74.51,1.064,T2M
6/18/17,2017-06-18T09:00:00Z,38.3,-74.51,1.463,T2M
6/19/17,2017-06-19T09:00:00Z,38.3,-74.51,1.12,T2M
6/20/17,2017-06-20T09:00:00Z,38.3,-74.51,1.055,T2M
6/21/17,2017-06-21T09:00:00Z,38.3,-74.51,0.671,T2M
6/22/17,2017-06-22T09:00:00Z,38.3,-74.51,0.022,T2M
6/23/17,2017-06-23T09:00:00Z,38.3,-74.51,0.504,T2M
6/24/17,2017-06-24T09:00:00Z,38.3,-74.51,0.066,T2M
6/25/17,2017-06-25T09:00:00Z,38.3,-74.51,0.032,T2M
6/26/17,2017-06-26T09:00:00Z,38.3,-74.51,0.013,T2M
6/27/17,2017-06-27T09:00:00Z,38.3,-74.51,0.162,T2M
6/28/17,2017-06-28T09:00:00Z,38.3,-74.51,-0.1,T2M
6/29/17,2017-06-29T09:00:00Z,38.3,-74.51,-0.459,T2M
6/30/17,2017-06-30T09:00:00Z,38.3,-74.51,-1.116,T2M
7/1/17,2017-07-01T09:00:00Z,38.3,-74.51,-1.016,T2M
7/2/17,2017-07-02T09:00:00Z,38.3,-74.51,-0.734,T2M
7/3/17,2017-07-03T09:00:00Z,38.3,-74.51,0.384,T2M
7/4/17,2017-07-04T09:00:00Z,38.3,-74.51,0.322,T2M
7/5/17,2017-07-05T09:00:00Z,38.3,-74.51,0.13,T2M
7/6/17,2017-07-06T09:00:00Z,38.3,-74.51,-0.002,T2M
7/7/17,2017-07-07T09:00:00Z,38.3,-74.51,0.105,T2M
7/8/17,2017-07-08T09:00:00Z,38.3,-74.51,0.235,T2M
7/9/17,2017-07-09T09:00:00Z,38.3,-74.51,0.558,T2M
7/10/17,2017-07-10T09:00:00Z,38.3,-74.51,1.073,T2M
7/11/17,2017-07-11T09:00:00Z,38.3,-74.51,1.147,T2M
7/12/17,2017-07-12T09:00:00Z,38.3,-74.51,1.506,T2M
7/13/17,2017-07-13T09:00:00Z,38.3,-74.51,1.523,T2M
7/14/17,2017-07-14T09:00:00Z,38.3,-74.51,1.938,T2M
7/15/17,2017-07-15T09:00:00Z,38.3,-74.51,2.318,T2M
7/16/17,2017-07-16T09:00:00Z,38.3,-74.51,1.969,T2M
7/17/17,2017-07-17T09:00:00Z,38.3,-74.51,1.51,T2M
7/18/17,2017-07-18T09:00:00Z,38.3,-74.51,1.516,T2M
7/19/17,2017-07-19T09:00:00Z,38.3,-74.51,2.021,T2M
7/20/17,2017-07-20T09:00:00Z,38.3,-74.51,2.248,T2M
7/21/17,2017-07-21T09:00:00Z,38.3,-74.51,1.943,T2M
7/22/17,2017-07-22T09:00:00Z,38.3,-74.51,1.18,T2M
7/23/17,2017-07-23T09:00:00Z,38.3,-74.51,1.404,T2M
7/24/17,2017-07-24T09:00:00Z,38.3,-74.51,1.589,T2M
7/25/17,2017-07-25T09:00:00Z,38.3,-74.51,1.601,T2M
7/26/17,2017-07-26T09:00:00Z,38.3,-74.51,1.536,T2M
7/27/17,2017-07-27T09:00:00Z,38.3,-74.51,0.847,T2M
7/28/17,2017-07-28T09:00:00Z,38.3,-74.51,0.148,T2M
7/29/17,2017-07-29T09:00:00Z,38.3,-74.51,-2.252,T2M
7/30/17,2017-07-30T09:00:00Z,38.3,-74.51,-2.296,T2M
7/31/17,2017-07-31T09:00:00Z,38.3,-74.51,-2.378,T2M
8/1/17,2017-08-01T09:00:00Z,38.3,-74.51,-2.608,T2M
8/2/17,2017-08-02T09:00:00Z,38.3,-74.51,-2.719,T2M
8/3/17,2017-08-03T09:00:00Z,38.3,-74.51,-1.472,T2M
8/4/17,2017-08-04T09:00:00Z,38.3,-74.51,-1.275,T2M
8/5/17,2017-08-05T09:00:00Z,38.3,-74.51,-1.321,T2M
8/6/17,2017-08-06T09:00:00Z,38.3,-74.51,-1.322,T2M
8/7/17,2017-08-07T09:00:00Z,38.3,-74.51,-1.316,T2M
8/8/17,2017-08-08T09:00:00Z,38.3,-74.51,-1.82,T2M
8/9/17,2017-08-09T09:00:00Z,38.3,-74.51,-1.718,T2M
8/10/17,2017-08-10T09:00:00Z,38.3,-74.51,-1.682,T2M
8/11/17,2017-08-11T09:00:00Z,38.3,-74.51,-1.428,T2M
8/12/17,2017-08-12T09:00:00Z,38.3,-74.51,-1.164,T2M
8/13/17,2017-08-13T09:00:00Z,38.3,-74.51,-0.81,T2M
8/14/17,2017-08-14T09:00:00Z,38.3,-74.51,-0.494,T2M
8/15/17,2017-08-15T09:00:00Z,38.3,-74.51,-0.285,T2M
8/16/17,2017-08-16T09:00:00Z,38.3,-74.51,0.709,T2M
8/17/17,2017-08-17T09:00:00Z,38.3,-74.51,0.684,T2M
8/18/17,2017-08-18T09:00:00Z,38.3,-74.51,0.732,T2M
8/19/17,2017-08-19T09:00:00Z,38.3,-74.51,1.047,T2M
8/20/17,2017-08-20T09:00:00Z,38.3,-74.51,0.938,T2M
8/21/17,2017-08-21T09:00:00Z,38.3,-74.51,1.029,T2M
8/22/17,2017-08-22T09:00:00Z,38.3,-74.51,1.13,T2M
8/23/17,2017-08-23T09:00:00Z,38.3,-74.51,1.394,T2M
8/24/17,2017-08-24T09:00:00Z,38.3,-74.51,1.248,T2M
8/25/17,2017-08-25T09:00:00Z,38.3,-74.51,1.043,T2M
8/26/17,2017-08-26T09:00:00Z,38.3,-74.51,0.997,T2M
8/27/17,2017-08-27T09:00:00Z,38.3,-74.51,0.189,T2M
8/28/17,2017-08-28T09:00:00Z,38.3,-74.51,0.226,T2M
8/29/17,2017-08-29T09:00:00Z,38.3,-74.51,0.076,T2M
8/30/17,2017-08-30T09:00:00Z,38.3,-74.51,-2.046,T2M
8/31/17,2017-08-31T09:00:00Z,38.3,-74.51,-2.118,T2M
9/1/17,2017-09-01T09:00:00Z,38.3,-74.51,-2.087,T2M
9/2/17,2017-09-02T09:00:00Z,38.3,-74.51,-2.125,T2M
9/3/17,2017-09-03T09:00:00Z,38.3,-74.51,-1.722,T2M
9/4/17,2017-09-04T09:00:00Z,38.3,-74.51,-1.445,T2M
9/5/17,2017-09-05T09:00:00Z,38.3,-74.51,-1.384,T2M
9/6/17,2017-09-06T09:00:00Z,38.3,-74.51,-1.436,T2M
9/7/17,2017-09-07T09:00:00Z,38.3,-74.51,-0.64,T2M
9/8/17,2017-09-08T09:00:00Z,38.3,-74.51,-0.993,T2M
9/9/17,2017-09-09T09:00:00Z,38.3,-74.51,-0.859,T2M
9/10/17,2017-09-10T09:00:00Z,38.3,-74.51,-0.896,T2M
9/11/17,2017-09-11T09:00:00Z,38.3,-74.51,-0.807,T2M
9/12/17,2017-09-12T09:00:00Z,38.3,-74.51,-0.79,T2M
9/13/17,2017-09-13T09:00:00Z,38.3,-74.51,-1.286,T2M
9/14/17,2017-09-14T09:00:00Z,38.3,-74.51,-0.741,T2M
9/15/17,2017-09-15T09:00:00Z,38.3,-74.51,-0.598,T2M
9/16/17,2017-09-16T09:00:00Z,38.3,-74.51,-0.407,T2M
9/17/17,2017-09-17T09:00:00Z,38.3,-74.51,-0.073,T2M
9/18/17,2017-09-18T09:00:00Z,38.3,-74.51,0.593,T2M
9/19/17,2017-09-19T09:00:00Z,38.3,-74.51,-0.547,T2M
9/20/17,2017-09-20T09:00:00Z,38.3,-74.51,-0.544,T2M
9/21/17,2017-09-21T09:00:00Z,38.3,-74.51,-0.679,T2M
9/22/17,2017-09-22T09:00:00Z,38.3,-74.51,-0.61,T2M
9/23/17,2017-09-23T09:00:00Z,38.3,-74.51,-0.943,T2M
9/24/17,2017-09-24T09:00:00Z,38.3,-74.51,-0.156,T2M
9/25/17,2017-09-25T09:00:00Z,38.3,-74.51,0.242,T2M
9/26/17,2017-09-26T09:00:00Z,38.3,-74.51,0.209,T2M
9/27/17,2017-09-27T09:00:00Z,38.3,-74.51,-0.327,T2M
9/28/17,2017-09-28T09:00:00Z,38.3,-74.51,-0.338,T2M
9/29/17,2017-09-29T09:00:00Z,38.3,-74.51,-0.302,T2M
9/30/17,2017-09-30T09:00:00Z,38.3,-74.51,-0.259,T2M
10/1/17,2017-10-01T09:00:00Z,38.3,-74.51,-1.06,T2M
10/2/17,2017-10-02T09:00:00Z,38.3,-74.51,-1.049,T2M
10/3/17,2017-10-03T09:00:00Z,38.3,-74.51,-0.622,T2M
10/4/17,2017-10-04T09:00:00Z,38.3,-74.51,-0.826,T2M
10/5/17,2017-10-05T09:00:00Z,38.3,-74.51,-0.093,T2M
10/6/17,2017-10-06T09:00:00Z,38.3,-74.51,0.027,T2M
10/7/17,2017-10-07T09:00:00Z,38.3,-74.51,0.245,T2M
10/8/17,2017-10-08T09:00:00Z,38.3,-74.51,1.33,T2M
10/9/17,2017-10-09T09:00:00Z,38.3,-74.51,1.394,T2M
10/10/17,2017-10-10T09:00:00Z,38.3,-74.51,1.792,T2M
10/11/17,2017-10-11T09:00:00Z,38.3,-74.51,2.043,T2M
10/12/17,2017-10-12T09:00:00Z,38.3,-74.51,2.215,T2M
10/13/17,2017-10-13T09:00:00Z,38.3,-74.51,1.316,T2M
10/14/17,2017-10-14T09:00:00Z,38.3,-74.51,1.172,T2M
10/15/17,2017-10-15T09:00:00Z,38.3,-74.51,1.316,T2M
10/16/17,2017-10-16T09:00:00Z,38.3,-74.51,1.46,T2M
10/17/17,2017-10-17T09:00:00Z,38.3,-74.51,0.819,T2M
10/18/17,2017-10-18T09:00:00Z,38.3,-74.51,0.639,T2M
10/19/17,2017-10-19T09:00:00Z,38.3,-74.51,1.001,T2M
10/20/17,2017-10-20T09:00:00Z,38.3,-74.51,1.274,T2M
10/21/17,2017-10-21T09:00:00Z,38.3,-74.51,1.345,T2M
10/22/17,2017-10-22T09:00:00Z,38.3,-74.51,1.266,T2M
10/23/17,2017-10-23T09:00:00Z,38.3,-74.51,1.242,T2M
10/24/17,2017-10-24T09:00:00Z,38.3,-74.51,1.719,T2M
10/25/17,2017-10-25T09:00:00Z,38.3,-74.51,1.656,T2M
10/26/17,2017-10-26T09:00:00Z,38.3,-74.51,1.374,T2M
10/27/17,2017-10-27T09:00:00Z,38.3,-74.51,1.393,T2M
10/28/17,2017-10-28T09:00:00Z,38.3,-74.51,1.541,T2M
10/29/17,2017-10-29T09:00:00Z,38.3,-74.51,1.508,T2M
10/30/17,2017-10-30T09:00:00Z,38.3,-74.51,1.515,T2M
10/31/17,2017-10-31T09:00:00Z,38.3,-74.51,1.712,T2M
11/1/17,2017-11-01T09:00:00Z,38.3,-74.51,2.377,T2M
11/2/17,2017-11-02T09:00:00Z,38.3,-74.51,2.578,T2M
11/3/17,2017-11-03T09:00:00Z,38.3,-74.51,2.694,T2M
11/4/17,2017-11-04T09:00:00Z,38.3,-74.51,2.396,T2M
11/5/17,2017-11-05T09:00:00Z,38.3,-74.51,2.496,T2M
11/6/17,2017-11-06T09:00:00Z,38.3,-74.51,2.248,T2M
11/7/17,2017-11-07T09:00:00Z,38.3,-74.51,2.168,T2M
11/8/17,2017-11-08T09:00:00Z,38.3,-74.51,1.817,T2M
11/9/17,2017-11-09T09:00:00Z,38.3,-74.51,1.42,T2M
11/10/17,2017-11-10T09:00:00Z,38.3,-74.51,1.421,T2M
11/11/17,2017-11-11T09:00:00Z,38.3,-74.51,1.572,T2M
11/12/17,2017-11-12T09:00:00Z,38.3,-74.51,1.131,T2M
11/13/17,2017-11-13T09:00:00Z,38.3,-74.51,0.91,T2M
11/14/17,2017-11-14T09:00:00Z,38.3,-74.51,1.134,T2M
11/15/17,2017-11-15T09:00:00Z,38.3,-74.51,1.503,T2M
11/16/17,2017-11-16T09:00:00Z,38.3,-74.51,1.716,T2M
11/17/17,2017-11-17T09:00:00Z,38.3,-74.51,1.842,T2M
11/18/17,2017-11-18T09:00:00Z,38.3,-74.51,1.815,T2M
11/19/17,2017-11-19T09:00:00Z,38.3,-74.51,1.857,T2M
11/20/17,2017-11-20T09:00:00Z,38.3,-74.51,1.572,T2M
11/21/17,2017-11-21T09:00:00Z,38.3,-74.51,1.636,T2M
11/22/17,2017-11-22T09:00:00Z,38.3,-74.51,1.296,T2M
11/23/17,2017-11-23T09:00:00Z,38.3,-74.51,1.335,T2M
4/20/23,2023-04-20T09:00:00Z,38.3,-74.51,2.606,T2M
4/21/23,2023-04-21T09:00:00Z,38.3,-74.51,2.761,T2M
4/23/23,2023-04-23T09:00:00Z,38.3,-74.51,3.306,T2M
4/24/23,2023-04-24T09:00:00Z,38.3,-74.51,3.021,T2M
4/25/23,2023-04-25T09:00:00Z,38.3,-74.51,2.506,T2M
4/26/23,2023-04-26T09:00:00Z,38.3,-74.51,2.534,T2M
4/27/23,2023-04-27T09:00:00Z,38.3,-74.51,2.284,T2M
4/28/23,2023-04-28T09:00:00Z,38.3,-74.51,1.645,T2M
4/29/23,2023-04-29T09:00:00Z,38.3,-74.51,1.192,T2M
4/30/23,2023-04-30T09:00:00Z,38.3,-74.51,1.158,T2M
5/1/23,2023-05-01T09:00:00Z,38.3,-74.51,1.179,T2M
5/2/23,2023-05-02T09:00:00Z,38.3,-74.51,1.059,T2M
5/3/23,2023-05-03T09:00:00Z,38.3,-74.51,0.858,T2M
5/4/23,2023-05-04T09:00:00Z,38.3,-74.51,0.767,T2M
5/5/23,2023-05-05T09:00:00Z,38.3,-74.51,1.102,T2M
5/6/23,2023-05-06T09:00:00Z,38.3,-74.51,1.405,T2M
5/7/23,2023-05-07T09:00:00Z,38.3,-74.51,2.188,T2M
5/8/23,2023-05-08T09:00:00Z,38.3,-74.51,1.878,T2M
5/9/23,2023-05-09T09:00:00Z,38.3,-74.51,1.805,T2M
5/10/23,2023-05-10T09:00:00Z,38.3,-74.51,1.947,T2M
5/11/23,2023-05-11T09:00:00Z,38.3,-74.51,1.817,T2M
5/12/23,2023-05-12T09:00:00Z,38.3,-74.51,1.766,T2M
5/13/23,2023-05-13T09:00:00Z,38.3,-74.51,2.003,T2M
5/14/23,2023-05-14T09:00:00Z,38.3,-74.51,2.329,T2M
5/15/23,2023-05-15T09:00:00Z,38.3,-74.51,2.086,T2M
5/16/23,2023-05-16T09:00:00Z,38.3,-74.51,1.837,T2M
5/17/23,2023-05-17T09:00:00Z,38.3,-74.51,1.615,T2M
5/18/23,2023-05-18T09:00:00Z,38.3,-74.51,1.673,T2M
5/19/23,2023-05-19T09:00:00Z,38.3,-74.51,1.415,T2M
5/20/23,2023-05-20T09:00:00Z,38.3,-74.51,1.52,T2M
5/21/23,2023-05-21T09:00:00Z,38.3,-74.51,1.587,T2M
5/22/23,2023-05-22T09:00:00Z,38.3,-74.51,1.446,T2M
5/23/23,2023-05-23T09:00:00Z,38.3,-74.51,0.713,T2M
5/24/23,2023-05-24T09:00:00Z,38.3,-74.51,0.35,T2M
5/25/23,2023-05-25T09:00:00Z,38.3,-74.51,0.289,T2M
5/26/23,2023-05-26T09:00:00Z,38.3,-74.51,0.112,T2M
5/27/23,2023-05-27T09:00:00Z,38.3,-74.51,0.01,T2M
5/28/23,2023-05-28T09:00:00Z,38.3,-74.51,-0.307,T2M
5/29/23,2023-05-29T09:00:00Z,38.3,-74.51,-1.2,T2M
5/30/23,2023-05-30T09:00:00Z,38.3,-74.51,-1.597,T2M
5/31/23,2023-05-31T09:00:00Z,38.3,-74.51,-0.863,T2M
6/1/23,2023-06-01T09:00:00Z,38.3,-74.51,-1.194,T2M
6/2/23,2023-06-02T09:00:00Z,38.3,-74.51,-0.847,T2M
6/3/23,2023-06-03T09:00:00Z,38.3,-74.51,-0.388,T2M
6/4/23,2023-06-04T09:00:00Z,38.3,-74.51,-0.603,T2M
6/5/23,2023-06-05T09:00:00Z,38.3,-74.51,-1.721,T2M
6/6/23,2023-06-06T09:00:00Z,38.3,-74.51,-2.069,T2M
6/7/23,2023-06-07T09:00:00Z,38.3,-74.51,-1.38,T2M
6/8/23,2023-06-08T09:00:00Z,38.3,-74.51,-1.252,T2M
6/9/23,2023-06-09T09:00:00Z,38.3,-74.51,-1.736,T2M
6/10/23,2023-06-10T09:00:00Z,38.3,-74.51,-2.495,T2M
6/11/23,2023-06-11T09:00:00Z,38.3,-74.51,-2.139,T2M
6/12/23,2023-06-12T09:00:00Z,38.3,-74.51,-1.429,T2M
6/13/23,2023-06-13T09:00:00Z,38.3,-74.51,-1.811,T2M
6/14/23,2023-06-14T09:00:00Z,38.3,-74.51,-1.822,T2M
6/19/23,2023-06-19T09:00:00Z,38.3,-74.51,0.243,T2M
6/20/23,2023-06-20T09:00:00Z,38.3,-74.51,0.136,T2M
6/21/23,2023-06-21T09:00:00Z,38.3,-74.51,-0.034,T2M
6/22/23,2023-06-22T09:00:00Z,38.3,-74.51,-1.659,T2M
6/23/23,2023-06-23T09:00:00Z,38.3,-74.51,-1.24,T2M
6/24/23,2023-06-24T09:00:00Z,38.3,-74.51,-1.426,T2M
6/25/23,2023-06-25T09:00:00Z,38.3,-74.51,-1.706,T2M
6/26/23,2023-06-26T09:00:00Z,38.3,-74.51,-1.336,T2M
6/27/23,2023-06-27T09:00:00Z,38.3,-74.51,-1.079,T2M
6/28/23,2023-06-28T09:00:00Z,38.3,-74.51,-1.206,T2M
6/29/23,2023-06-29T09:00:00Z,38.3,-74.51,-1.61,T2M
6/30/23,2023-06-30T09:00:00Z,38.3,-74.51,-1.391,T2M
7/1/23,2023-07-01T09:00:00Z,38.3,-74.51,-0.711,T2M
7/2/23,2023-07-02T09:00:00Z,38.3,-74.51,0.244,T2M
7/3/23,2023-07-03T09:00:00Z,38.3,-74.51,0.483,T2M
7/4/23,2023-07-04T09:00:00Z,38.3,-74.51,2.091,T2M
7/5/23,2023-07-05T09:00:00Z,38.3,-74.51,2.384,T2M
7/6/23,2023-07-06T09:00:00Z,38.3,-74.51,2.272,T2M
7/7/23,2023-07-07T09:00:00Z,38.3,-74.51,2.287,T2M
7/8/23,2023-07-08T09:00:00Z,38.3,-74.51,2.093,T2M
7/9/23,2023-07-09T09:00:00Z,38.3,-74.51,2.269,T2M
7/10/23,2023-07-10T09:00:00Z,38.3,-74.51,2.075,T2M
7/11/23,2023-07-11T09:00:00Z,38.3,-74.51,1.909,T2M
7/12/23,2023-07-12T09:00:00Z,38.3,-74.51,1.817,T2M
7/13/23,2023-07-13T09:00:00Z,38.3,-74.51,1.939,T2M
7/14/23,2023-07-14T09:00:00Z,38.3,-74.51,1.628,T2M
7/15/23,2023-07-15T09:00:00Z,38.3,-74.51,1.345,T2M
7/16/23,2023-07-16T09:00:00Z,38.3,-74.51,1.166,T2M
7/17/23,2023-07-17T09:00:00Z,38.3,-74.51,1.114,T2M
7/18/23,2023-07-18T09:00:00Z,38.3,-74.51,1.42,T2M
7/19/23,2023-07-19T09:00:00Z,38.3,-74.51,1.235,T2M
7/20/23,2023-07-20T09:00:00Z,38.3,-74.51,1.46,T2M
7/21/23,2023-07-21T09:00:00Z,38.3,-74.51,1.985,T2M
7/22/23,2023-07-22T09:00:00Z,38.3,-74.51,1.733,T2M
7/23/23,2023-07-23T09:00:00Z,38.3,-74.51,1.7,T2M
7/24/23,2023-07-24T09:00:00Z,38.3,-74.51,0.901,T2M
7/25/23,2023-07-25T09:00:00Z,38.3,-74.51,0.677,T2M
7/26/23,2023-07-26T09:00:00Z,38.3,-74.51,0.715,T2M
7/27/23,2023-07-27T09:00:00Z,38.3,-74.51,0.845,T2M
7/28/23,2023-07-28T09:00:00Z,38.3,-74.51,1.48,T2M
7/29/23,2023-07-29T09:00:00Z,38.3,-74.51,1.429,T2M
7/30/23,2023-07-30T09:00:00Z,38.3,-74.51,-0.168,T2M
7/31/23,2023-07-31T09:00:00Z,38.3,-74.51,-0.25,T2M
8/1/23,2023-08-01T09:00:00Z,38.3,-74.51,-0.588,T2M
8/2/23,2023-08-02T09:00:00Z,38.3,-74.51,-0.765,T2M
8/3/23,2023-08-03T09:00:00Z,38.3,-74.51,-1.203,T2M
8/4/23,2023-08-04T09:00:00Z,38.3,-74.51,-1.51,T2M
8/5/23,2023-08-05T09:00:00Z,38.3,-74.51,-1.088,T2M
8/6/23,2023-08-06T09:00:00Z,38.3,-74.51,-0.873,T2M
8/7/23,2023-08-07T09:00:00Z,38.3,-74.51,-0.794,T2M
8/8/23,2023-08-08T09:00:00Z,38.3,-74.51,-0.791,T2M
8/9/23,2023-08-09T09:00:00Z,38.3,-74.51,-1.137,T2M
8/10/23,2023-08-10T09:00:00Z,38.3,-74.51,-1.561,T2M
8/11/23,2023-08-11T09:00:00Z,38.3,-74.51,-1.259,T2M
8/12/23,2023-08-12T09:00:00Z,38.3,-74.51,-0.855,T2M
8/13/23,2023-08-13T09:00:00Z,38.3,-74.51,-0.501,T2M
8/14/23,2023-08-14T09:00:00Z,38.3,-74.51,0.404,T2M
8/15/23,2023-08-15T09:00:00Z,38.3,-74.51,0.59,T2M
8/16/23,2023-08-16T09:00:00Z,38.3,-74.51,0.936,T2M
8/17/23,2023-08-17T09:00:00Z,38.3,-74.51,0.881,T2M
8/18/23,2023-08-18T09:00:00Z,38.3,-74.51,0.911,T2M
8/19/23,2023-08-19T09:00:00Z,38.3,-74.51,0.92,T2M
8/20/23,2023-08-20T09:00:00Z,38.3,-74.51,0.756,T2M
8/21/23,2023-08-21T09:00:00Z,38.3,-74.51,0.952,T2M
8/22/23,2023-08-22T09:00:00Z,38.3,-74.51,0.766,T2M
8/23/23,2023-08-23T09:00:00Z,38.3,-74.51,0.739,T2M
8/24/23,2023-08-24T09:00:00Z,38.3,-74.51,0.416,T2M
8/25/23,2023-08-25T09:00:00Z,38.3,-74.51,-0.053,T2M
8/26/23,2023-08-26T09:00:00Z,38.3,-74.51,-0.078,T2M
8/27/23,2023-08-27T09:00:00Z,38.3,-74.51,-0.273,T2M
8/28/23,2023-08-28T09:00:00Z,38.3,-74.51,0.21,T2M
8/29/23,2023-08-29T09:00:00Z,38.3,-74.51,0.65,T2M
8/30/23,2023-08-30T09:00:00Z,38.3,-74.51,0.606,T2M
8/31/23,2023-08-31T09:00:00Z,38.3,-74.51,-0.09,T2M
9/1/23,2023-09-01T09:00:00Z,38.3,-74.51,-0.283,T2M
9/2/23,2023-09-02T09:00:00Z,38.3,-74.51,-0.719,T2M
9/3/23,2023-09-03T09:00:00Z,38.3,-74.51,-0.38,T2M
9/4/23,2023-09-04T09:00:00Z,38.3,-74.51,0.049,T2M
9/5/23,2023-09-05T09:00:00Z,38.3,-74.51,0.388,T2M
9/6/23,2023-09-06T09:00:00Z,38.3,-74.51,1.468,T2M
9/7/23,2023-09-07T09:00:00Z,38.3,-74.51,1.723,T2M
9/8/23,2023-09-08T09:00:00Z,38.3,-74.51,1.652,T2M
9/9/23,2023-09-09T09:00:00Z,38.3,-74.51,2.415,T2M
9/10/23,2023-09-10T09:00:00Z,38.3,-74.51,2.481,T2M
9/11/23,2023-09-11T09:00:00Z,38.3,-74.51,2.678,T2M
9/12/23,2023-09-12T09:00:00Z,38.3,-74.51,3.262,T2M
9/13/23,2023-09-13T09:00:00Z,38.3,-74.51,3.046,T2M
9/14/23,2023-09-14T09:00:00Z,38.3,-74.51,2.756,T2M
9/15/23,2023-09-15T09:00:00Z,38.3,-74.51,0.589,T2M
9/16/23,2023-09-16T09:00:00Z,38.3,-74.51,0.693,T2M
9/17/23,2023-09-17T09:00:00Z,38.3,-74.51,0.98,T2M
9/18/23,2023-09-18T09:00:00Z,38.3,-74.51,1.336,T2M
9/19/23,2023-09-19T09:00:00Z,38.3,-74.51,1.6,T2M
9/20/23,2023-09-20T09:00:00Z,38.3,-74.51,1.505,T2M
9/21/23,2023-09-21T09:00:00Z,38.3,-74.51,0.966,T2M
9/22/23,2023-09-22T09:00:00Z,38.3,-74.51,0.85,T2M
9/23/23,2023-09-23T09:00:00Z,38.3,-74.51,0.308,T2M
9/24/23,2023-09-24T09:00:00Z,38.3,-74.51,-0.984,T2M
9/25/23,2023-09-25T09:00:00Z,38.3,-74.51,-1.48,T2M
9/26/23,2023-09-26T09:00:00Z,38.3,-74.51,-1.523,T2M
9/27/23,2023-09-27T09:00:00Z,38.3,-74.51,-1.16,T2M
9/28/23,2023-09-28T09:00:00Z,38.3,-74.51,-0.975,T2M
9/29/23,2023-09-29T09:00:00Z,38.3,-74.51,-1.384,T2M
9/30/23,2023-09-30T09:00:00Z,38.3,-74.51,-2.004,T2M
10/1/23,2023-10-01T09:00:00Z,38.3,-74.51,-1.928,T2M
10/2/23,2023-10-02T09:00:00Z,38.3,-74.51,-1.569,T2M
10/3/23,2023-10-03T09:00:00Z,38.3,-74.51,-1.447,T2M
10/4/23,2023-10-04T09:00:00Z,38.3,-74.51,-1.005,T2M
10/5/23,2023-10-05T09:00:00Z,38.3,-74.51,-0.75,T2M
10/6/23,2023-10-06T09:00:00Z,38.3,-74.51,-0.635,T2M
10/7/23,2023-10-07T09:00:00Z,38.3,-74.51,-0.649,T2M
10/8/23,2023-10-08T09:00:00Z,38.3,-74.51,-0.366,T2M
10/9/23,2023-10-09T09:00:00Z,38.3,-74.51,-0.829,T2M
10/10/23,2023-10-10T09:00:00Z,38.3,-74.51,-0.846,T2M
10/11/23,2023-10-11T09:00:00Z,38.3,-74.51,-0.719,T2M
10/12/23,2023-10-12T09:00:00Z,38.3,-74.51,-0.45,T2M
10/13/23,2023-10-13T09:00:00Z,38.3,-74.51,0.611,T2M
10/14/23,2023-10-14T09:00:00Z,38.3,-74.51,0.822,T2M
10/15/23,2023-10-15T09:00:00Z,38.3,-74.51,0.019,T2M
10/16/23,2023-10-16T09:00:00Z,38.3,-74.51,-0.191,T2M
10/17/23,2023-10-17T09:00:00Z,38.3,-74.51,-0.026,T2M
10/18/23,2023-10-18T09:00:00Z,38.3,-74.51,-0.443,T2M
10/19/23,2023-10-19T09:00:00Z,38.3,-74.51,-0.503,T2M
10/20/23,2023-10-20T09:00:00Z,38.3,-74.51,-0.515,T2M
10/21/23,2023-10-21T09:00:00Z,38.3,-74.51,-0.079,T2M
10/22/23,2023-10-22T09:00:00Z,38.3,-74.51,0.172,T2M
10/23/23,2023-10-23T09:00:00Z,38.3,-74.51,0.112,T2M
10/24/23,2023-10-24T09:00:00Z,38.3,-74.51,0.111,T2M
10/25/23,2023-10-25T09:00:00Z,38.3,-74.51,0.38,T2M
10/26/23,2023-10-26T09:00:00Z,38.3,-74.51,0.731,T2M
10/27/23,2023-10-27T09:00:00Z,38.3,-74.51,0.55,T2M
10/28/23,2023-10-28T09:00:00Z,38.3,-74.51,1.09,T2M
10/29/23,2023-10-29T09:00:00Z,38.3,-74.51,1.466,T2M
10/30/23,2023-10-30T09:00:00Z,38.3,-74.51,1.748,T2M
10/31/23,2023-10-31T09:00:00Z,38.3,-74.51,1.977,T2M
11/1/23,2023-11-01T09:00:00Z,38.3,-74.51,2.395,T2M
11/2/23,2023-11-02T09:00:00Z,38.3,-74.51,0.584,T2M
11/3/23,2023-11-03T09:00:00Z,38.3,-74.51,0.676,T2M
11/4/23,2023-11-04T09:00:00Z,38.3,-74.51,0.685,T2M
11/5/23,2023-11-05T09:00:00Z,38.3,-74.51,1.062,T2M
11/6/23,2023-11-06T09:00:00Z,38.3,-74.51,1.282,T2M
11/7/23,2023-11-07T09:00:00Z,38.3,-74.51,1.341,T2M
11/8/23,2023-11-08T09:00:00Z,38.3,-74.51,1.211,T2M
11/9/23,2023-11-09T09:00:00Z,38.3,-74.51,1.185,T2M
11/10/23,2023-11-10T09:00:00Z,38.3,-74.51,1.13,T2M
11/11/23,2023-11-11T09:00:00Z,38.3,-74.51,1.417,T2M
11/12/23,2023-11-12T09:00:00Z,38.3,-74.51,1.27,T2M
11/13/23,2023-11-13T09:00:00Z,38.3,-74.51,1.087,T2M
11/14/23,2023-11-14T09:00:00Z,38.3,-74.51,1.097,T2M
11/15/23,2023-11-15T09:00:00Z,38.3,-74.51,1.418,T2M
11/16/23,2023-11-16T09:00:00Z,38.3,-74.51,1.273,T2M
11/17/23,2023-11-17T09:00:00Z,38.3,-74.51,1.319,T2M
11/18/23,2023-11-18T09:00:00Z,38.3,-74.51,1.206,T2M
11/19/23,2023-11-19T09:00:00Z,38.3,-74.51,1.418,T2M
11/20/23,2023-11-20T09:00:00Z,38.3,-74.51,1.33,T2M
11/21/23,2023-11-21T09:00:00Z,38.3,-74.51,1.477,T2M
11/22/23,2023-11-22T09:00:00Z,38.3,-74.51,0.608,T2M
11/23/23,2023-11-23T09:00:00Z,38.3,-74.51,0.973,T2M
11/24/23,2023-11-24T09:00:00Z,38.3,-74.51,1.292,T2M
11/25/23,2023-11-25T09:00:00Z,38.3,-74.51,1.371,T2M
11/26/23,2023-11-26T09:00:00Z,38.3,-74.51,1,T2M
11/27/23,2023-11-27T09:00:00Z,38.3,-74.51,1.035,T2M
11/28/23,2023-11-28T09:00:00Z,38.3,-74.51,0.703,T2M
11/29/23,2023-11-29T09:00:00Z,38.3,-74.51,0.361,T2M
11/30/23,2023-11-30T09:00:00Z,38.3,-74.51,0.27,T2M
12/1/23,2023-12-01T09:00:00Z,38.3,-74.51,0.199,T2M
12/2/23,2023-12-02T09:00:00Z,38.3,-74.51,0.369,T2M
12/3/23,2023-12-03T09:00:00Z,38.3,-74.51,0.341,T2M
12/5/23,2023-12-05T09:00:00Z,38.3,-74.51,0.773,T2M
12/6/23,2023-12-06T09:00:00Z,38.3,-74.51,0.47,T2M
12/7/23,2023-12-07T09:00:00Z,38.3,-74.51,-0.11,T2M
12/8/23,2023-12-08T09:00:00Z,38.3,-74.51,-0.194,T2M
12/9/23,2023-12-09T09:00:00Z,38.3,-74.51,-0.224,T2M
12/10/23,2023-12-10T09:00:00Z,38.3,-74.51,0.073,T2M
12/11/23,2023-12-11T09:00:00Z,38.3,-74.51,0.203,T2M
12/12/23,2023-12-12T09:00:00Z,38.3,-74.51,-0.312,T2M
12/13/23,2023-12-13T09:00:00Z,38.3,-74.51,0.065,T2M
12/14/23,2023-12-14T09:00:00Z,38.3,-74.51,0.444,T2M
12/15/23,2023-12-15T09:00:00Z,38.3,-74.51,0.294,T2M
12/16/23,2023-12-16T09:00:00Z,38.3,-74.51,0.327,T2M
12/17/23,2023-12-17T09:00:00Z,38.3,-74.51,0.32,T2M
12/18/23,2023-12-18T09:00:00Z,38.3,-74.51,-0.224,T2M
12/19/23,2023-12-19T09:00:00Z,38.3,-74.51,0.234,T2M
12/20/23,2023-12-20T09:00:00Z,38.3,-74.51,0.158,T2M
12/21/23,2023-12-21T09:00:00Z,38.3,-74.51,-0.08,T2M
12/22/23,2023-12-22T09:00:00Z,38.3,-74.51,0.103,T2M
12/23/23,2023-12-23T09:00:00Z,38.3,-74.51,0.109,T2M
12/24/23,2023-12-24T09:00:00Z,38.3,-74.51,0.19,T2M
12/25/23,2023-12-25T09:00:00Z,38.3,-74.51,0.409,T2M
12/26/23,2023-12-26T09:00:00Z,38.3,-74.51,0.627,T2M
12/27/23,2023-12-27T09:00:00Z,38.3,-74.51,0.982,T2M
12/28/23,2023-12-28T09:00:00Z,38.3,-74.51,0.989,T2M
12/29/23,2023-12-29T09:00:00Z,38.3,-74.51,1.006,T2M
12/30/23,2023-12-30T09:00:00Z,38.3,-74.51,1.009,T2M
12/31/23,2023-12-31T09:00:00Z,38.3,-74.51,0.962,T2M
1/1/24,2024-01-01T09:00:00Z,38.3,-74.51,0.643,T2M
1/2/24,2024-01-02T09:00:00Z,38.3,-74.51,1.086,T2M
1/3/24,2024-01-03T09:00:00Z,38.3,-74.51,1.155,T2M
1/4/24,2024-01-04T09:00:00Z,38.3,-74.51,1.001,T2M
1/5/24,2024-01-05T09:00:00Z,38.3,-74.51,1.059,T2M
1/6/24,2024-01-06T09:00:00Z,38.3,-74.51,0.897,T2M
1/7/24,2024-01-07T09:00:00Z,38.3,-74.51,0.844,T2M
1/8/24,2024-01-08T09:00:00Z,38.3,-74.51,0.633,T2M
1/9/24,2024-01-09T09:00:00Z,38.3,-74.51,0.164,T2M
1/10/24,2024-01-10T09:00:00Z,38.3,-74.51,0.467,T2M
1/11/24,2024-01-11T09:00:00Z,38.3,-74.51,0.493,T2M
1/12/24,2024-01-12T09:00:00Z,38.3,-74.51,0.635,T2M
1/13/24,2024-01-13T09:00:00Z,38.3,-74.51,0.708,T2M
1/14/24,2024-01-14T09:00:00Z,38.3,-74.51,0.77,T2M
1/15/24,2024-01-15T09:00:00Z,38.3,-74.51,0.967,T2M
1/16/24,2024-01-16T09:00:00Z,38.3,-74.51,0.066,T2M
1/17/24,2024-01-17T09:00:00Z,38.3,-74.51,0.315,T2M
1/18/24,2024-01-18T09:00:00Z,38.3,-74.51,0.523,T2M
1/19/24,2024-01-19T09:00:00Z,38.3,-74.51,0.765,T2M
1/20/24,2024-01-20T09:00:00Z,38.3,-74.51,0.022,T2M
1/21/24,2024-01-21T09:00:00Z,38.3,-74.51,-0.169,T2M
1/22/24,2024-01-22T09:00:00Z,38.3,-74.51,-0.04,T2M
1/23/24,2024-01-23T09:00:00Z,38.3,-74.51,0.194,T2M
1/24/24,2024-01-24T09:00:00Z,38.3,-74.51,0.382,T2M
1/25/24,2024-01-25T09:00:00Z,38.3,-74.51,-0.1,T2M
1/26/24,2024-01-26T09:00:00Z,38.3,-74.51,-0.534,T2M
1/27/24,2024-01-27T09:00:00Z,38.3,-74.51,-0.318,T2M
1/28/24,2024-01-28T09:00:00Z,38.3,-74.51,0.101,T2M
1/29/24,2024-01-29T09:00:00Z,38.3,-74.51,-0.236,T2M
1/30/24,2024-01-30T09:00:00Z,38.3,-74.51,-0.195,T2M
1/31/24,2024-01-31T09:00:00Z,38.3,-74.51,-0.051,T2M
2/1/24,2024-02-01T09:00:00Z,38.3,-74.51,-0.111,T2M
2/2/24,2024-02-02T09:00:00Z,38.3,-74.51,-0.357,T2M
2/3/24,2024-02-03T09:00:00Z,38.3,-74.51,-0.174,T2M
2/4/24,2024-02-04T09:00:00Z,38.3,-74.51,0.056,T2M
2/5/24,2024-02-05T09:00:00Z,38.3,-74.51,0.283,T2M
2/6/24,2024-02-06T09:00:00Z,38.3,-74.51,0.698,T2M
2/7/24,2024-02-07T09:00:00Z,38.3,-74.51,0.408,T2M
2/8/24,2024-02-08T09:00:00Z,38.3,-74.51,0.533,T2M
2/9/24,2024-02-09T09:00:00Z,38.3,-74.51,0.613,T2M
2/10/24,2024-02-10T09:00:00Z,38.3,-74.51,0.631,T2M
2/11/24,2024-02-11T09:00:00Z,38.3,-74.51,0.875,T2M
2/12/24,2024-02-12T09:00:00Z,38.3,-74.51,1.161,T2M
2/13/24,2024-02-13T09:00:00Z,38.3,-74.51,1.196,T2M
2/14/24,2024-02-14T09:00:00Z,38.3,-74.51,1.176,T2M
2/15/24,2024-02-15T09:00:00Z,38.3,-74.51,1.164,T2M
2/16/24,2024-02-16T09:00:00Z,38.3,-74.51,1.05,T2M
2/17/24,2024-02-17T09:00:00Z,38.3,-74.51,1.173,T2M
2/18/24,2024-02-18T09:00:00Z,38.3,-74.51,1.105,T2M
2/19/24,2024-02-19T09:00:00Z,38.3,-74.51,0.562,T2M
2/20/24,2024-02-20T09:00:00Z,38.3,-74.51,0.443,T2M
2/21/24,2024-02-21T09:00:00Z,38.3,-74.51,0.454,T2M
2/22/24,2024-02-22T09:00:00Z,38.3,-74.51,0.225,T2M
2/23/24,2024-02-23T09:00:00Z,38.3,-74.51,0.331,T2M
2/24/24,2024-02-24T09:00:00Z,38.3,-74.51,0.268,T2M
2/25/24,2024-02-25T09:00:00Z,38.3,-74.51,0.254,T2M
2/26/24,2024-02-26T09:00:00Z,38.3,-74.51,0.453,T2M
2/27/24,2024-02-27T09:00:00Z,38.3,-74.51,0.806,T2M
2/28/24,2024-02-28T09:00:00Z,38.3,-74.51,0.933,T2M
2/29/24,2024-02-29T09:00:00Z,38.3,-74.51,0.977,T2M
3/1/24,2024-03-01T09:00:00Z,38.3,-74.51,1.209,T2M
3/2/24,2024-03-02T09:00:00Z,38.3,-74.51,1.286,T2M
3/3/24,2024-03-03T09:00:00Z,38.3,-74.51,1.29,T2M
3/4/24,2024-03-04T09:00:00Z,38.3,-74.51,1.55,T2M
3/5/24,2024-03-05T09:00:00Z,38.3,-74.51,1.545,T2M
3/6/24,2024-03-06T09:00:00Z,38.3,-74.51,1.275,T2M
3/7/24,2024-03-07T09:00:00Z,38.3,-74.51,0.763,T2M
3/8/24,2024-03-08T09:00:00Z,38.3,-74.51,0.625,T2M
3/9/24,2024-03-09T09:00:00Z,38.3,-74.51,0.763,T2M
3/10/24,2024-03-10T09:00:00Z,38.3,-74.51,1.335,T2M
3/11/24,2024-03-11T09:00:00Z,38.3,-74.51,1.427,T2M
3/12/24,2024-03-12T09:00:00Z,38.3,-74.51,1.297,T2M
3/13/24,2024-03-13T09:00:00Z,38.3,-74.51,1.456,T2M
3/14/24,2024-03-14T09:00:00Z,38.3,-74.51,1.507,T2M
3/15/24,2024-03-15T09:00:00Z,38.3,-74.51,1.972,T2M
3/16/24,2024-03-16T09:00:00Z,38.3,-74.51,2.056,T2M
3/17/24,2024-03-17T09:00:00Z,38.3,-74.51,1.979,T2M
3/18/24,2024-03-18T09:00:00Z,38.3,-74.51,1.973,T2M
3/19/24,2024-03-19T09:00:00Z,38.3,-74.51,1.63,T2M
3/20/24,2024-03-20T09:00:00Z,38.3,-74.51,1.707,T2M
3/21/24,2024-03-21T09:00:00Z,38.3,-74.51,1.462,T2M
3/22/24,2024-03-22T09:00:00Z,38.3,-74.51,1.148,T2M
3/23/24,2024-03-23T09:00:00Z,38.3,-74.51,0.957,T2M
3/24/24,2024-03-24T09:00:00Z,38.3,-74.51,1.475,T2M
3/25/24,2024-03-25T09:00:00Z,38.3,-74.51,1.531,T2M
3/26/24,2024-03-26T09:00:00Z,38.3,-74.51,1.626,T2M
3/27/24,2024-03-27T09:00:00Z,38.3,-74.51,1.617,T2M
3/28/24,2024-03-28T09:00:00Z,38.3,-74.51,1.114,T2M
3/29/24,2024-03-29T09:00:00Z,38.3,-74.51,1.025,T2M
3/30/24,2024-03-30T09:00:00Z,38.3,-74.51,1.011,T2M
3/31/24,2024-03-31T09:00:00Z,38.3,-74.51,1.067,T2M
4/1/24,2024-04-01T09:00:00Z,38.3,-74.51,1.179,T2M
4/2/24,2024-04-02T09:00:00Z,38.3,-74.51,0.877,T2M
4/3/24,2024-04-03T09:00:00Z,38.3,-74.51,0.75,T2M
4/4/24,2024-04-04T09:00:00Z,38.3,-74.51,0.573,T2M
4/5/24,2024-04-05T09:00:00Z,38.3,-74.51,0.13,T2M
4/6/24,2024-04-06T09:00:00Z,38.3,-74.51,-0.121,T2M
4/7/24,2024-04-07T09:00:00Z,38.3,-74.51,-0.083,T2M
4/8/24,2024-04-08T09:00:00Z,38.3,-74.51,-0.023,T2M
4/9/24,2024-04-09T09:00:00Z,38.3,-74.51,-0.239,T2M
4/10/24,2024-04-10T09:00:00Z,38.3,-74.51,-0.118,T2M
4/11/24,2024-04-11T09:00:00Z,38.3,-74.51,0.816,T2M
4/12/24,2024-04-12T09:00:00Z,38.3,-74.51,0.768,T2M
4/13/24,2024-04-13T09:00:00Z,38.3,-74.51,0.623,T2M
4/14/24,2024-04-14T09:00:00Z,38.3,-74.51,0.669,T2M
4/15/24,2024-04-15T09:00:00Z,38.3,-74.51,1.383,T2M
4/16/24,2024-04-16T09:00:00Z,38.3,-74.51,1.418,T2M
4/17/24,2024-04-17T09:00:00Z,38.3,-74.51,1.557,T2M