Date,Year,Month,bottom_temp,sst,sss,stratification,dist_shore_km,dist_200m_km,depth_m,DailyOccurrence,Site,DeviceType,Period,lat,lon
11/3/14,2014,11,17.07805824,17.01935387,33.25938797,-0.001630677,48.7,55.9,36,0,T2M,Archival,1,38.3032,-74.5052
11/3/14,2014,11,16.91793251,16.87615967,33.03092575,-0.00119,36,67.9,35,0,A7M,Archival,1,38.3031,-74.6525
11/3/14,2014,11,16.4925499,16.43383789,32.90654755,-0.002446334,21.4,83.3,24,0,A2M,Archival,1,38.378,-74.8051
11/4/14,2014,11,17.0939846,17.00754356,33.29973984,-0.00240114,48.7,55.9,36,0,T2M,Archival,1,38.3032,-74.5052
11/4/14,2014,11,16.84503365,16.84281349,33.11154556,-0.00006,36,67.9,35,0,A7M,Archival,1,38.3031,-74.6525
11/4/14,2014,11,16.02432823,15.92700291,32.55921555,-0.004055222,21.4,83.3,24,0,A2M,Archival,1,38.378,-74.8051
11/5/14,2014,11,17.14123535,17.12701988,33.35860825,-0.000394874,48.7,55.9,36,0,T2M,Archival,1,38.3032,-74.5052
11/5/14,2014,11,16.98687172,16.81905174,33.12878418,-0.00479,36,67.9,35,0,A7M,Archival,1,38.3031,-74.6525
11/5/14,2014,11,16.32988548,15.80409908,32.3469429,-0.021907767,21.4,83.3,24,0,A2M,Archival,1,38.378,-74.8051
11/6/14,2014,11,16.81613159,16.9807415,33.36732483,0.004572497,48.7,55.9,36,0,T2M,Archival,1,38.3032,-74.5052
11/6/14,2014,11,16.74902916,16.62037849,33.03252792,-0.00368,36,67.9,35,0,A7M,Archival,1,38.3031,-74.6525
11/6/14,2014,11,16.34029961,15.7760725,32.29893112,-0.023509463,21.4,83.3,24,0,A2M,Archival,1,38.378,-74.8051
11/7/14,2014,11,16.95914078,16.86716461,33.35137558,-0.002554893,48.7,55.9,36,0,T2M,Archival,1,38.3032,-74.5052
11/7/14,2014,11,16.86900139,16.26542282,32.85651779,-0.01725,36,67.9,35,0,A7M,Archival,1,38.3031,-74.6525
11/7/14,2014,11,16.45645714,15.6833868,32.33805466,-0.032211264,21.4,83.3,24,0,A2M,Archival,1,38.378,-74.8051
11/8/14,2014,11,17.1956234,16.61318398,33.40612411,-0.016178873,48.7,55.9,36,0,T2M,Archival,1,38.3032,-74.5052
11/8/14,2014,11,16.58244896,16.31879616,33.11541748,-0.00753,36,67.9,35,0,A7M,Archival,1,38.3031,-74.6525
11/8/14,2014,11,15.63700485,15.52437592,32.58738327,-0.004692872,21.4,83.3,24,0,A2M,Archival,1,38.378,-74.8051
11/9/14,2014,11,17.50578117,16.63184166,33.31388474,-0.024276098,48.7,55.9,36,0,T2M,Archival,1,38.3032,-74.5052
11/9/14,2014,11,16.36804962,16.00760651,32.98054886,-0.0103,36,67.9,35,0,A7M,Archival,1,38.3031,-74.6525
11/9/14,2014,11,15.28074741,15.20081234,32.53186417,-0.003330628,21.4,83.3,24,0,A2M,Archival,1,38.378,-74.8051
11/10/14,2014,11,17.72224998,16.58642769,33.19072342,-0.031550619,48.7,55.9,36,0,T2M,Archival,1,38.3032,-74.5052
11/10/14,2014,11,16.50218773,15.95578003,32.93701553,-0.01561,36,67.9,35,0,A7M,Archival,1,38.3031,-74.6525
11/10/14,2014,11,15.25925732,15.20026493,32.53087234,-0.002458016,21.4,83.3,24,0,A2M,Archival,1,38.378,-74.8051
11/11/14,2014,11,17.50565529,16.56509972,33.23129654,-0.026126544,48.7,55.9,36,0,T2M,Archival,1,38.3032,-74.5052
11/11/14,2014,11,16.16749382,16.06166267,33.01822662,-0.00302,36,67.9,35,0,A7M,Archival,1,38.3031,-74.6525
11/11/14,2014,11,15.24327087,15.24630356,32.55493546,0.000126362,21.4,83.3,24,0,A2M,Archival,1,38.378,-74.8051
11/12/14,2014,11,17.04199409,16.22971535,33.2195015,-0.022563299,48.7,55.9,36,0,T2M,Archival,1,38.3032,-74.5052
11/12/14,2014,11,15.66253757,15.7323103,32.95685196,0.00199,36,67.9,35,0,A7M,Archival,1,38.3031,-74.6525
11/12/14,2014,11,14.8901968,15.07221222,32.47682571,0.007583976,21.4,83.3,24,0,A2M,Archival,1,38.378,-74.8051
11/13/14,2014,11,16.95853424,15.92116833,33.27727509,-0.02881572,48.7,55.9,36,0,T2M,Archival,1,38.3032,-74.5052
11/13/14,2014,11,15.68872547,15.47542667,32.97117615,-0.00609,36,67.9,35,0,A7M,Archival,1,38.3031,-74.6525
11/13/14,2014,11,14.84725094,14.79335499,32.51567078,-0.002245665,21.4,83.3,24,0,A2M,Archival,1,38.378,-74.8051
11/14/14,2014,11,16.40294838,15.68829346,33.34375381,-0.019851526,48.7,55.9,36,0,T2M,Archival,1,38.3032,-74.5052
11/14/14,2014,11,15.28936005,15.24718761,33.01845551,-0.0012,36,67.9,35,0,A7M,Archival,1,38.3031,-74.6525
11/14/14,2014,11,14.77358913,14.73119736,32.68873215,-0.001766324,21.4,83.3,24,0,A2M,Archival,1,38.378,-74.8051
11/15/14,2014,11,15.23600769,15.18699932,33.63486099,-0.001361344,48.7,55.9,36,0,T2M,Archival,1,38.3032,-74.5052
11/15/14,2014,11,14.74410534,14.65748501,33.23304367,-0.00247,36,67.9,35,0,A7M,Archival,1,38.3031,-74.6525
11/15/14,2014,11,14.27637005,14.22855282,32.84965897,-0.001992385,21.4,83.3,24,0,A2M,Archival,1,38.378,-74.8051
11/16/14,2014,11,15.04073429,15.00756073,33.65525818,-0.000921488,48.7,55.9,36,0,T2M,Archival,1,38.3032,-74.5052
11/16/14,2014,11,14.54911137,14.5112114,33.26235962,-0.00108,36,67.9,35,0,A7M,Archival,1,38.3031,-74.6525
11/16/14,2014,11,14.07507992,14.02302551,32.86891174,-0.002168934,21.4,83.3,24,1,A2M,Archival,1,38.378,-74.8051
11/17/14,2014,11,15.00631046,14.99593067,33.64396667,-0.000288328,48.7,55.9,36,0,T2M,Archival,1,38.3032,-74.5052
11/17/14,2014,11,14.56861496,14.53654385,33.2821312,-0.00092,36,67.9,35,0,A7M,Archival,1,38.3031,-74.6525
11/17/14,2014,11,14.05742931,13.95228863,32.85571289,-0.004380862,21.4,83.3,24,0,A2M,Archival,1,38.378,-74.8051
11/18/14,2014,11,15.36112499,15.24454784,33.76307297,-0.003238254,48.7,55.9,36,0,T2M,Archival,1,38.3032,-74.5052
11/18/14,2014,11,14.86179733,14.76117802,33.40190125,-0.00287,36,67.9,35,0,A7M,Archival,1,38.3031,-74.6525
11/18/14,2014,11,13.87953472,13.81498623,32.80046463,-0.002689521,21.4,83.3,24,0,A2M,Archival,1,38.378,-74.8051
11/19/14,2014,11,15.15790939,14.97491837,33.83596802,-0.005083084,48.7,55.9,36,0,T2M,Archival,1,38.3032,-74.5052
11/19/14,2014,11,14.44583416,14.37602615,33.44716644,-0.00199,36,67.9,35,0,A7M,Archival,1,38.3031,-74.6525
11/19/14,2014,11,12.92495251,12.86138153,32.62042999,-0.002648791,21.4,83.3,24,0,A2M,Archival,1,38.378,-74.8051
11/20/14,2014,11,15.84705067,14.34008121,33.38183212,-0.041860263,48.7,55.9,36,0,T2M,Archival,1,38.3032,-74.5052
11/20/14,2014,11,14.10967922,13.66660023,33.0863266,-0.01266,36,67.9,35,0,A7M,Archival,1,38.3031,-74.6525
11/20/14,2014,11,12.75076008,12.71579742,32.69365311,-0.001456777,21.4,83.3,24,0,A2M,Archival,1,38.378,-74.8051
11/21/14,2014,11,15.93618488,14.43171597,33.46154785,-0.041790803,48.7,55.9,36,0,T2M,Archival,1,38.3032,-74.5052
11/21/14,2014,11,14.70169163,13.58441925,33.08285522,-0.03192,36,67.9,35,0,A7M,Archival,1,38.3031,-74.6525
11/21/14,2014,11,12.32106495,12.29723835,32.670681,-0.000992775,21.4,83.3,24,1,A2M,Archival,1,38.378,-74.8051
11/22/14,2014,11,15.89834499,14.11062717,33.54235458,-0.049658828,48.7,55.9,36,0,T2M,Archival,1,38.3032,-74.5052
11/22/14,2014,11,14.2977066,13.55612946,33.29066467,-0.02119,36,67.9,35,0,A7M,Archival,1,38.3031,-74.6525
11/22/14,2014,11,12.01072216,11.96282673,32.7273674,-0.001995643,21.4,83.3,24,0,A2M,Archival,1,38.378,-74.8051
11/23/14,2014,11,15.6238327,14.20355892,33.64713669,-0.039452049,48.7,55.9,36,0,T2M,Archival,1,38.3032,-74.5052
11/23/14,2014,11,14.21908283,13.63579845,33.32749939,-0.01667,36,67.9,35,1,A7M,Archival,1,38.3031,-74.6525
11/23/14,2014,11,11.62566376,11.59489059,32.6627388,-0.001282215,21.4,83.3,24,0,A2M,Archival,1,38.378,-74.8051
11/24/14,2014,11,15.07486057,14.00936127,33.61665344,-0.029597203,48.7,55.9,36,1,T2M,Archival,1,38.3032,-74.5052
11/24/14,2014,11,14.82942486,13.6210556,33.39256668,-0.03452,36,67.9,35,1,A7M,Archival,1,38.3031,-74.6525
11/24/14,2014,11,11.82083988,11.85510921,32.75384521,0.001427889,21.4,83.3,24,0,A2M,Archival,1,38.378,-74.8051
11/25/14,2014,11,15.00457859,14.04008961,33.58282089,-0.026791361,48.7,55.9,36,0,T2M,Archival,1,38.3032,-74.5052
11/25/14,2014,11,15.01779842,13.12340069,33.12991333,-0.05413,36,67.9,35,1,A7M,Archival,1,38.3031,-74.6525
11/25/14,2014,11,12.48041916,11.81202984,32.66988373,-0.027849555,21.4,83.3,24,1,A2M,Archival,1,38.378,-74.8051
11/26/14,2014,11,14.96073246,14.06423569,33.64677048,-0.024902688,48.7,55.9,36,1,T2M,Archival,1,38.3032,-74.5052
11/26/14,2014,11,14.86476135,13.3272543,33.30564499,-0.04393,36,67.9,35,1,A7M,Archival,1,38.3031,-74.6525
11/26/14,2014,11,12.4050951,11.80388165,32.69384384,-0.025050561,21.4,83.3,24,1,A2M,Archival,1,38.378,-74.8051
11/27/14,2014,11,15.30984116,14.95438385,33.82627106,-0.009873814,48.7,55.9,36,1,T2M,Archival,1,38.3032,-74.5052
11/27/14,2014,11,14.16009521,14.09157562,33.4002533,-0.00196,36,67.9,35,1,A7M,Archival,1,38.3031,-74.6525
11/27/14,2014,11,12.63719559,12.56090927,32.64952087,-0.003178596,21.4,83.3,24,0,A2M,Archival,1,38.378,-74.8051
11/28/14,2014,11,14.95693111,14.88305283,33.871521,-0.002052175,48.7,55.9,36,0,T2M,Archival,1,38.3032,-74.5052
11/28/14,2014,11,13.98616409,13.92995453,33.40974808,-0.00161,36,67.9,35,0,A7M,Archival,1,38.3031,-74.6525
11/28/14,2014,11,12.2303648,12.16676044,32.57269669,-0.002650181,21.4,83.3,24,0,A2M,Archival,1,38.378,-74.8051
11/29/14,2014,11,14.6698637,14.63810825,33.87765884,-0.000882096,48.7,55.9,36,0,T2M,Archival,1,38.3032,-74.5052
11/29/14,2014,11,13.83499908,13.79306889,33.45633316,-0.0012,36,67.9,35,0,A7M,Archival,1,38.3031,-74.6525
11/29/14,2014,11,11.88003063,11.81094074,32.54992294,-0.002878745,21.4,83.3,24,0,A2M,Archival,1,38.378,-74.8051
11/30/14,2014,11,14.57468796,14.53416729,33.88128662,-0.001125574,48.7,55.9,36,0,T2M,Archival,1,38.3032,-74.5052
11/30/14,2014,11,13.83517075,13.73203278,33.46611786,-0.00295,36,67.9,35,0,A7M,Archival,1,38.3031,-74.6525
11/30/14,2014,11,12.23011208,11.92028713,32.59485245,-0.012909373,21.4,83.3,24,0,A2M,Archival,1,38.378,-74.8051
12/1/14,2014,12,13.61028957,13.5269165,33.8688736,-0.002315919,48.7,55.9,36,0,T2M,Archival,1,38.3032,-74.5052
12/1/14,2014,12,13.10361576,11.82746983,33.05302048,-0.03646,36,67.9,35,0,A7M,Archival,1,38.3031,-74.6525
12/1/14,2014,12,12.17416,10.706604,32.45827866,-0.061148167,21.4,83.3,24,1,A2M,Archival,1,38.378,-74.8051
12/2/14,2014,12,13.78635788,13.383214,33.84963608,-0.011198441,48.7,55.9,36,0,T2M,Archival,1,38.3032,-74.5052
12/2/14,2014,12,13.21417904,12.00448513,33.1778717,-0.03456,36,67.9,35,0,A7M,Archival,1,38.3031,-74.6525
12/2/14,2014,12,11.73861313,10.9911623,32.63151932,-0.031143785,21.4,83.3,24,0,A2M,Archival,1,38.378,-74.8051
12/3/14,2014,12,13.92327785,13.9014101,33.90968323,-0.000607438,48.7,55.9,36,0,T2M,Archival,1,38.3032,-74.5052
12/3/14,2014,12,13.07955837,12.56185627,33.24888229,-0.01479,36,67.9,35,0,A7M,Archival,1,38.3031,-74.6525
12/3/14,2014,12,11.74658966,11.69361591,32.79713058,-0.002207239,21.4,83.3,24,1,A2M,Archival,1,38.378,-74.8051
12/4/14,2014,12,13.99805355,13.78201294,33.90468597,-0.006001128,48.7,55.9,36,0,T2M,Archival,1,38.3032,-74.5052
12/4/14,2014,12,13.1291647,12.43030643,33.21416092,-0.01997,36,67.9,35,0,A7M,Archival,1,38.3031,-74.6525
12/4/14,2014,12,11.55383205,11.37957764,32.6469841,-0.007260601,21.4,83.3,24,1,A2M,Archival,1,38.378,-74.8051
12/5/14,2014,12,14.05893421,13.73721409,33.92606735,-0.00893667,48.7,55.9,36,0,T2M,Archival,1,38.3032,-74.5052
12/5/14,2014,12,13.17783833,12.60929394,33.33411026,-0.01624,36,67.9,35,0,A7M,Archival,1,38.3031,-74.6525
12/5/14,2014,12,11.33845997,11.32437897,32.65818787,-0.000586708,21.4,83.3,24,0,A2M,Archival,1,38.378,-74.8051
12/6/14,2014,12,12.95024776,13.55803585,33.95449448,0.016883002,48.7,55.9,36,1,T2M,Archival,1,38.3032,-74.5052
12/6/14,2014,12,11.97698307,12.36837006,33.35746765,0.01118,36,67.9,35,1,A7M,Archival,1,38.3031,-74.6525
12/6/14,2014,12,10.91016102,11.16014481,32.66716766,0.010415991,21.4,83.3,24,0,A2M,Archival,1,38.378,-74.8051
12/7/14,2014,12,12.91932392,13.18131733,33.91745377,0.007277595,48.7,55.9,36,0,T2M,Archival,1,38.3032,-74.5052
12/7/14,2014,12,12.00718594,12.0515337,33.38020325,0.00127,36,67.9,35,1,A7M,Archival,1,38.3031,-74.6525
12/7/14,2014,12,11.02572727,10.90809345,32.6506691,-0.004901409,21.4,83.3,24,1,A2M,Archival,1,38.378,-74.8051
12/8/14,2014,12,12.57600498,12.55812931,33.91651154,-0.000496546,48.7,55.9,36,0,T2M,Archival,1,38.3032,-74.5052
12/8/14,2014,12,11.64934254,11.6366663,33.53770447,-0.00036,36,67.9,35,1,A7M,Archival,1,38.3031,-74.6525
12/8/14,2014,12,10.76690006,10.75285435,32.90098953,-0.000585238,21.4,83.3,24,1,A2M,Archival,1,38.378,-74.8051
12/9/14,2014,12,12.45057583,12.45167446,33.65266418,3.05E-05,48.7,55.9,36,0,T2M,Archival,1,38.3032,-74.5052
12/9/14,2014,12,11.51355267,11.52527714,33.281353,0.00033,36,67.9,35,1,A7M,Archival,1,38.3031,-74.6525
12/9/14,2014,12,10.46155071,10.46627045,32.78046417,0.000196656,21.4,83.3,24,0,A2M,Archival,1,38.378,-74.8051
12/10/14,2014,12,12.00737286,11.94897079,33.23255539,-0.001622279,48.7,55.9,36,0,T2M,Archival,1,38.3032,-74.5052
12/10/14,2014,12,11.01316452,10.97848225,32.85571289,-0.00099,36,67.9,35,1,A7M,Archival,1,38.3031,-74.6525
12/10/14,2014,12,10.06611538,10.01855183,32.6041832,-0.001981815,21.4,83.3,24,0,A2M,Archival,1,38.378,-74.8051
12/11/14,2014,12,11.72971725,11.64464855,33.17970657,-0.00236302,48.7,55.9,36,0,T2M,Archival,1,38.3032,-74.5052
12/11/14,2014,12,10.78295803,10.73918247,32.83405304,-0.00125,36,67.9,35,0,A7M,Archival,1,38.3031,-74.6525
12/11/14,2014,12,9.716723442,9.489689827,32.41358566,-0.009459734,21.4,83.3,24,0,A2M,Archival,1,38.378,-74.8051
12/12/14,2014,12,11.24772358,11.10884857,33.16756821,-0.003857639,48.7,55.9,36,0,T2M,Archival,1,38.3032,-74.5052
12/12/14,2014,12,10.27189159,10.17807198,32.81713486,-0.00268,36,67.9,35,1,A7M,Archival,1,38.3031,-74.6525
12/12/14,2014,12,9.258767128,8.335939407,31.94328308,-0.038451155,21.4,83.3,24,1,A2M,Archival,1,38.378,-74.8051
12/13/14,2014,12,11.16059017,10.90162182,33.07091904,-0.007193565,48.7,55.9,36,1,T2M,Archival,1,38.3032,-74.5052
12/13/14,2014,12,10.34595871,10.22108746,32.89564896,-0.00357,36,67.9,35,1,A7M,Archival,1,38.3031,-74.6525
12/13/14,2014,12,9.055390358,8.284562111,32.0127182,-0.032117844,21.4,83.3,24,1,A2M,Archival,1,38.378,-74.8051
12/14/14,2014,12,11.02404308,10.65511608,33.01109695,-0.010247972,48.7,55.9,36,1,T2M,Archival,1,38.3032,-74.5052
12/14/14,2014,12,10.16612339,10.0909586,32.88657761,-0.00215,36,67.9,35,1,A7M,Archival,1,38.3031,-74.6525
12/14/14,2014,12,8.749025345,8.229460716,32.08140945,-0.021648526,21.4,83.3,24,1,A2M,Archival,1,38.378,-74.8051
12/15/14,2014,12,10.45324898,10.16592503,33.22224045,-0.007981221,48.7,55.9,36,1,T2M,Archival,1,38.3032,-74.5052
12/15/14,2014,12,9.615743637,9.568255424,32.90100479,-0.00136,36,67.9,35,1,A7M,Archival,1,38.3031,-74.6525
12/15/14,2014,12,8.623585701,8.454828262,32.39656448,-0.00703156,21.4,83.3,24,0,A2M,Archival,1,38.378,-74.8051
12/16/14,2014,12,10.62444019,10.20764637,33.25659943,-0.011577606,48.7,55.9,36,0,T2M,Archival,1,38.3032,-74.5052
12/16/14,2014,12,9.604681969,9.485258102,32.88585663,-0.00341,36,67.9,35,0,A7M,Archival,1,38.3031,-74.6525
12/16/14,2014,12,8.811715126,7.744379044,31.76911926,-0.044472337,21.4,83.3,24,0,A2M,Archival,1,38.378,-74.8051
12/17/14,2014,12,10.98034668,10.24633694,33.25841904,-0.02038916,48.7,55.9,36,0,T2M,Archival,1,38.3032,-74.5052
12/17/14,2014,12,9.796830177,9.499289513,32.85129547,-0.0085,36,67.9,35,0,A7M,Archival,1,38.3031,-74.6525
12/17/14,2014,12,8.978931427,7.438848972,31.10185432,-0.064170102,21.4,83.3,24,0,A2M,Archival,1,38.378,-74.8051
12/18/14,2014,12,10.74994564,10.61903763,33.2175827,-0.003636334,48.7,55.9,36,0,T2M,Archival,1,38.3032,-74.5052
12/18/14,2014,12,9.71325779,9.965144157,32.7282486,0.0072,36,67.9,35,0,A7M,Archival,1,38.3031,-74.6525
12/18/14,2014,12,9.002141953,8.073124886,31.17064476,-0.038709044,21.4,83.3,24,0,A2M,Archival,1,38.378,-74.8051
12/19/14,2014,12,10.83099365,10.40845585,33.28798294,-0.011737161,48.7,55.9,36,0,T2M,Archival,1,38.3032,-74.5052
12/19/14,2014,12,10.12931347,9.808473587,32.84658813,-0.00917,36,67.9,35,0,A7M,Archival,1,38.3031,-74.6525
12/19/14,2014,12,9.244888306,7.837533474,31.42285347,-0.058639785,21.4,83.3,24,0,A2M,Archival,1,38.378,-74.8051
12/20/14,2014,12,10.86153793,10.27410984,33.31935501,-0.016317447,48.7,55.9,36,1,T2M,Archival,1,38.3032,-74.5052
12/20/14,2014,12,10.28385639,9.536610603,32.85634995,-0.02135,36,67.9,35,0,A7M,Archival,1,38.3031,-74.6525
12/20/14,2014,12,9.332486153,7.969879627,31.72700691,-0.056775272,21.4,83.3,24,0,A2M,Archival,1,38.378,-74.8051
12/21/14,2014,12,10.92052746,9.496029854,33.18181992,-0.039569378,48.7,55.9,36,0,T2M,Archival,1,38.3032,-74.5052
12/21/14,2014,12,10.5189352,8.806860924,32.63524246,-0.04892,36,67.9,35,0,A7M,Archival,1,38.3031,-74.6525
12/21/14,2014,12,9.568483353,7.83300972,31.79074097,-0.072311401,21.4,83.3,24,0,A2M,Archival,1,38.378,-74.8051
12/22/14,2014,12,10.8097887,9.522849083,33.16895676,-0.035748323,48.7,55.9,36,0,T2M,Archival,1,38.3032,-74.5052
12/22/14,2014,12,10.36634827,8.686743736,32.5789299,-0.04799,36,67.9,35,1,A7M,Archival,1,38.3031,-74.6525
12/22/14,2014,12,9.368339539,7.795322418,31.812006,-0.06554238,21.4,83.3,24,0,A2M,Archival,1,38.378,-74.8051
12/23/14,2014,12,10.65208721,9.825745583,33.21502304,-0.022953934,48.7,55.9,36,1,T2M,Archival,1,38.3032,-74.5052
12/23/14,2014,12,10.17658329,9.062795639,32.62615585,-0.03182,36,67.9,35,1,A7M,Archival,1,38.3031,-74.6525
12/23/14,2014,12,9.070614815,8.152918816,31.87101555,-0.038237333,21.4,83.3,24,1,A2M,Archival,1,38.378,-74.8051
12/24/14,2014,12,9.507535934,10.56074429,33.56055832,0.029255788,48.7,55.9,36,0,T2M,Archival,1,38.3032,-74.5052
12/24/14,2014,12,9.116113663,9.070006371,32.50001907,-0.00132,36,67.9,35,1,A7M,Archival,1,38.3031,-74.6525
12/24/14,2014,12,8.150471687,8.326952934,31.88394928,0.007353385,21.4,83.3,24,1,A2M,Archival,1,38.378,-74.8051
12/25/14,2014,12,9.49485302,10.49056721,33.37649918,0.027658727,48.7,55.9,36,1,T2M,Archival,1,38.3032,-74.5052
12/25/14,2014,12,9.047572136,8.752526283,32.07622147,-0.00843,36,67.9,35,1,A7M,Archival,1,38.3031,-74.6525
12/25/14,2014,12,8.312094688,7.907812595,31.21440697,-0.016845087,21.4,83.3,24,1,A2M,Archival,1,38.378,-74.8051
12/26/14,2014,12,9.624085426,10.22426128,33.39490891,0.016671552,48.7,55.9,36,1,T2M,Archival,1,38.3032,-74.5052
12/26/14,2014,12,9.182656288,8.831293106,32.36135864,-0.01004,36,67.9,35,1,A7M,Archival,1,38.3031,-74.6525
12/26/14,2014,12,8.207554817,7.759672165,31.12458229,-0.018661777,21.4,83.3,24,1,A2M,Archival,1,38.378,-74.8051
12/27/14,2014,12,9.827815056,10.20431805,33.27528,0.010458416,48.7,55.9,36,1,T2M,Archival,1,38.3032,-74.5052
12/27/14,2014,12,9.274740219,8.654402733,32.31644821,-0.01772,36,67.9,35,1,A7M,Archival,1,38.3031,-74.6525
12/27/14,2014,12,8.227033615,7.396219254,31.03432274,-0.034617265,21.4,83.3,24,1,A2M,Archival,1,38.378,-74.8051
12/28/14,2014,12,9.950775146,10.01531982,33.17124557,0.001792908,48.7,55.9,36,0,T2M,Archival,1,38.3032,-74.5052
12/28/14,2014,12,9.369715691,8.529222488,32.1451683,-0.02401,36,67.9,35,0,A7M,Archival,1,38.3031,-74.6525
12/28/14,2014,12,8.384654045,7.33138895,30.98380089,-0.043886046,21.4,83.3,24,0,A2M,Archival,1,38.378,-74.8051
12/29/14,2014,12,10.08214855,9.913601875,33.02579117,-0.004681852,48.7,55.9,36,0,T2M,Archival,1,38.3032,-74.5052
12/29/14,2014,12,9.443616867,8.581377983,31.99360657,-0.02464,36,67.9,35,1,A7M,Archival,1,38.3031,-74.6525
12/29/14,2014,12,8.493309021,7.551199436,30.99225044,-0.039254566,21.4,83.3,24,1,A2M,Archival,1,38.378,-74.8051
12/30/14,2014,12,10.59589958,10.32580853,33.38351059,-0.007502529,48.7,55.9,36,0,T2M,Archival,1,38.3032,-74.5052
12/30/14,2014,12,9.913012505,9.163590431,32.4838562,-0.02141,36,67.9,35,1,A7M,Archival,1,38.3031,-74.6525
12/30/14,2014,12,8.775434494,8.289767265,31.42672539,-0.020236135,21.4,83.3,24,1,A2M,Archival,1,38.378,-74.8051
12/31/14,2014,12,10.46269608,10.36393452,33.467556,-0.002743377,48.7,55.9,36,0,T2M,Archival,1,38.3032,-74.5052
12/31/14,2014,12,9.793796539,9.290097237,32.65409851,-0.01439,36,67.9,35,0,A7M,Archival,1,38.3031,-74.6525
12/31/14,2014,12,8.705228806,8.405553818,31.71736336,-0.012486458,21.4,83.3,24,0,A2M,Archival,1,38.378,-74.8051
1/1/15,2015,1,10.57806969,10.06838989,33.51207733,-0.014157772,48.7,55.9,36,0,T2M,Archival,1,38.3032,-74.5052
1/1/15,2015,1,9.954031944,9.064038277,32.7908287,-0.02543,36,67.9,35,0,A7M,Archival,1,38.3031,-74.6525
1/1/15,2015,1,8.888795853,7.702716827,31.42320251,-0.049419959,21.4,83.3,24,0,A2M,Archival,1,38.378,-74.8051
1/2/15,2015,1,10.43697262,9.548220634,33.44651413,-0.024687555,48.7,55.9,36,0,T2M,Archival,1,38.3032,-74.5052
1/2/15,2015,1,9.826498985,8.162489891,32.34206772,-0.04754,36,67.9,35,0,A7M,Archival,1,38.3031,-74.6525
1/2/15,2015,1,8.718148232,7.019706249,31.03174591,-0.070768416,21.4,83.3,24,0,A2M,Archival,1,38.378,-74.8051
1/3/15,2015,1,10.53283787,9.134879112,33.27680588,-0.038832188,48.7,55.9,36,0,T2M,Archival,1,38.3032,-74.5052
1/3/15,2015,1,9.819680214,8.157338142,32.50659943,-0.0475,36,67.9,35,0,A7M,Archival,1,38.3031,-74.6525
1/3/15,2015,1,8.642323494,7.081113338,31.34606171,-0.065050423,21.4,83.3,24,0,A2M,Archival,1,38.378,-74.8051
1/4/15,2015,1,10.56580639,9.112055779,33.18709946,-0.040381961,48.7,55.9,36,0,T2M,Archival,1,38.3032,-74.5052
1/4/15,2015,1,9.938768387,8.251378059,32.45006943,-0.04821,36,67.9,35,0,A7M,Archival,1,38.3031,-74.6525
1/4/15,2015,1,8.851614952,7.376598358,31.51552773,-0.061459025,21.4,83.3,24,0,A2M,Archival,1,38.378,-74.8051
1/5/15,2015,1,11.10883045,9.09854126,32.64301682,-0.055841366,48.7,55.9,36,0,T2M,Archival,1,38.3032,-74.5052
1/5/15,2015,1,10.31052876,8.276772499,32.171978,-0.05811,36,67.9,35,1,A7M,Archival,1,38.3031,-74.6525
1/5/15,2015,1,9.075302124,7.755336761,31.94635963,-0.054998557,21.4,83.3,24,0,A2M,Archival,1,38.378,-74.8051
1/6/15,2015,1,11.31984806,8.874609947,32.58886337,-0.067923281,48.7,55.9,36,0,T2M,Archival,1,38.3032,-74.5052
1/6/15,2015,1,10.37697124,8.394267082,32.34252548,-0.05665,36,67.9,35,0,A7M,Archival,1,38.3031,-74.6525
1/6/15,2015,1,9.055640221,7.877408504,32.19408798,-0.049092988,21.4,83.3,24,0,A2M,Archival,1,38.378,-74.8051
1/7/15,2015,1,11.53144455,8.742676735,32.55959702,-0.077465773,48.7,55.9,36,0,T2M,Archival,1,38.3032,-74.5052
1/7/15,2015,1,10.80375385,8.264882088,32.32745361,-0.07254,36,67.9,35,0,A7M,Archival,1,38.3031,-74.6525
1/7/15,2015,1,9.057929039,7.706859112,32.21216202,-0.05629458,21.4,83.3,24,0,A2M,Archival,1,38.378,-74.8051
1/8/15,2015,1,11.35239887,8.973227501,32.95170212,-0.066088094,48.7,55.9,36,1,T2M,Archival,1,38.3032,-74.5052
1/8/15,2015,1,10.39766693,7.896013737,32.75941849,-0.07148,36,67.9,35,1,A7M,Archival,1,38.3031,-74.6525
1/8/15,2015,1,7.248227596,6.725749969,32.52329636,-0.021769901,21.4,83.3,24,0,A2M,Archival,1,38.378,-74.8051
1/9/15,2015,1,11.26405621,8.878734589,33.07034683,-0.066258934,48.7,55.9,36,1,T2M,Archival,1,38.3032,-74.5052
1/9/15,2015,1,9.904031754,7.960147381,32.911129,-0.05554,36,67.9,35,1,A7M,Archival,1,38.3031,-74.6525
1/9/15,2015,1,6.335152149,6.273834705,32.50553894,-0.002554893,21.4,83.3,24,0,A2M,Archival,1,38.378,-74.8051
1/10/15,2015,1,10.25463963,8.74136734,33.26106644,-0.042035341,48.7,55.9,36,1,T2M,Archival,1,38.3032,-74.5052
1/10/15,2015,1,9.846423149,8.125971794,33.03164673,-0.04916,36,67.9,35,0,A7M,Archival,1,38.3031,-74.6525
1/10/15,2015,1,6.462524891,6.370258808,32.59634018,-0.00384442,21.4,83.3,24,0,A2M,Archival,1,38.378,-74.8051
1/11/15,2015,1,10.14892006,7.947081089,33.55266953,-0.061162194,48.7,55.9,36,0,T2M,Archival,1,38.3032,-74.5052
1/11/15,2015,1,8.477211952,7.099174023,33.18498993,-0.03937,36,67.9,35,1,A7M,Archival,1,38.3031,-74.6525
1/11/15,2015,1,5.253763676,5.024240017,32.4848938,-0.009563486,21.4,83.3,24,0,A2M,Archival,1,38.378,-74.8051
1/12/15,2015,1,10.12594604,8.04487133,33.55367279,-0.057807631,48.7,55.9,36,1,T2M,Archival,1,38.3032,-74.5052
1/12/15,2015,1,8.475419044,7.195850849,33.22451401,-0.03656,36,67.9,35,1,A7M,Archival,1,38.3031,-74.6525
1/12/15,2015,1,5.522773743,5.09840107,32.48114777,-0.017682195,21.4,83.3,24,0,A2M,Archival,1,38.378,-74.8051
1/13/15,2015,1,9.970284462,8.190242767,33.52713013,-0.049445603,48.7,55.9,36,0,T2M,Archival,1,38.3032,-74.5052
1/13/15,2015,1,8.18550396,7.21431303,33.20456314,-0.02775,36,67.9,35,0,A7M,Archival,1,38.3031,-74.6525
1/13/15,2015,1,5.584529877,5.157898426,32.46513748,-0.01777631,21.4,83.3,24,0,A2M,Archival,1,38.378,-74.8051
1/14/15,2015,1,9.112285614,8.85390377,33.76367569,-0.007177273,48.7,55.9,36,1,T2M,Archival,1,38.3032,-74.5052
1/14/15,2015,1,7.415980816,7.393568039,33.17301941,-0.00064,36,67.9,35,1,A7M,Archival,1,38.3031,-74.6525
1/14/15,2015,1,6.726593018,6.711004257,32.73028946,-0.000649532,21.4,83.3,24,0,A2M,Archival,1,38.378,-74.8051
1/15/15,2015,1,8.731580734,8.709052086,33.74879074,-0.000625796,48.7,55.9,36,1,T2M,Archival,1,38.3032,-74.5052
1/15/15,2015,1,7.260536671,7.192914486,33.04066086,-0.00193,36,67.9,35,1,A7M,Archival,1,38.3031,-74.6525
1/15/15,2015,1,6.087212086,6.074514389,32.44827271,-0.000529071,21.4,83.3,24,1,A2M,Archival,1,38.378,-74.8051
1/16/15,2015,1,8.792424202,8.650510788,33.77891922,-0.003942039,48.7,55.9,36,1,T2M,Archival,1,38.3032,-74.5052
1/16/15,2015,1,7.718461514,7.084600925,33.01697922,-0.01811,36,67.9,35,1,A7M,Archival,1,38.3031,-74.6525
1/16/15,2015,1,6.190900803,5.296208858,31.99127007,-0.037278831,21.4,83.3,24,0,A2M,Archival,1,38.378,-74.8051
1/17/15,2015,1,8.519843102,8.280015945,33.76722336,-0.006661865,48.7,55.9,36,1,T2M,Archival,1,38.3032,-74.5052
1/17/15,2015,1,7.766405106,7.087385178,33.10799789,-0.0194,36,67.9,35,1,A7M,Archival,1,38.3031,-74.6525
1/17/15,2015,1,6.403542995,5.430990219,31.84929657,-0.040523032,21.4,83.3,24,1,A2M,Archival,1,38.378,-74.8051
1/18/15,2015,1,8.24938488,8.211064339,33.74534988,-0.001064459,48.7,55.9,36,1,T2M,Archival,1,38.3032,-74.5052
1/18/15,2015,1,7.819134235,7.145185471,33.16725159,-0.01926,36,67.9,35,1,A7M,Archival,1,38.3031,-74.6525
1/18/15,2015,1,6.663190365,5.253205776,31.73014259,-0.058749358,21.4,83.3,24,1,A2M,Archival,1,38.378,-74.8051
1/19/15,2015,1,8.304022789,7.862990856,33.58102036,-0.012250887,48.7,55.9,36,1,T2M,Archival,1,38.3032,-74.5052
1/19/15,2015,1,7.901025772,6.71665144,32.83871078,-0.03384,36,67.9,35,1,A7M,Archival,1,38.3031,-74.6525
1/19/15,2015,1,6.921973705,5.06259203,31.47964287,-0.077474236,21.4,83.3,24,0,A2M,Archival,1,38.378,-74.8051
1/20/15,2015,1,8.451252937,7.848115921,33.69925308,-0.016753806,48.7,55.9,36,1,T2M,Archival,1,38.3032,-74.5052
1/20/15,2015,1,7.859876633,6.584674835,32.95621109,-0.03643,36,67.9,35,1,A7M,Archival,1,38.3031,-74.6525
1/20/15,2015,1,6.438997746,4.676812172,31.57740974,-0.073424399,21.4,83.3,24,1,A2M,Archival,1,38.378,-74.8051
1/21/15,2015,1,8.613219261,8.019218445,33.78805161,-0.016500023,48.7,55.9,36,1,T2M,Archival,1,38.3032,-74.5052
1/21/15,2015,1,8.059561729,6.867619038,33.14761353,-0.03406,36,67.9,35,1,A7M,Archival,1,38.3031,-74.6525
1/21/15,2015,1,6.149303436,4.991802216,31.82202148,-0.048229218,21.4,83.3,24,1,A2M,Archival,1,38.378,-74.8051
1/22/15,2015,1,8.537381172,7.993093967,33.79231644,-0.015119089,48.7,55.9,36,1,T2M,Archival,1,38.3032,-74.5052
1/22/15,2015,1,7.960661411,6.88860321,33.22787094,-0.03063,36,67.9,35,1,A7M,Archival,1,38.3031,-74.6525
1/22/15,2015,1,6.062145233,5.452448368,32.27196121,-0.025404036,21.4,83.3,24,1,A2M,Archival,1,38.378,-74.8051
1/23/15,2015,1,7.912774563,7.699890137,33.70530701,-0.005913456,48.7,55.9,36,1,T2M,Archival,1,38.3032,-74.5052
1/23/15,2015,1,7.270765781,6.885501385,33.08050537,-0.01101,36,67.9,35,1,A7M,Archival,1,38.3031,-74.6525
1/23/15,2015,1,6.042144299,5.785772324,32.22063446,-0.010682166,21.4,83.3,24,1,A2M,Archival,1,38.378,-74.8051
1/24/15,2015,1,7.755352497,7.402114391,33.67502213,-0.00981217,48.7,55.9,36,1,T2M,Archival,1,38.3032,-74.5052
1/24/15,2015,1,7.106721401,6.552379131,33.00082016,-0.01584,36,67.9,35,1,A7M,Archival,1,38.3031,-74.6525
1/24/15,2015,1,5.945291042,5.855687618,32.26603317,-0.003733476,21.4,83.3,24,1,A2M,Archival,1,38.378,-74.8051
1/25/15,2015,1,7.813052654,7.309257984,33.73664093,-0.013994296,48.7,55.9,36,0,T2M,Archival,1,38.3032,-74.5052
1/25/15,2015,1,7.165785313,6.231805801,32.98141098,-0.02669,36,67.9,35,1,A7M,Archival,1,38.3031,-74.6525
1/25/15,2015,1,6.106948853,5.419267178,32.13844681,-0.028653403,21.4,83.3,24,0,A2M,Archival,1,38.378,-74.8051
1/26/15,2015,1,7.419071198,6.594890594,33.7705574,-0.022893906,48.7,55.9,36,1,T2M,Archival,1,38.3032,-74.5052
1/26/15,2015,1,6.935445309,5.743789673,33.07065201,-0.03405,36,67.9,35,1,A7M,Archival,1,38.3031,-74.6525
1/26/15,2015,1,5.68274498,4.531405926,31.60725403,-0.047972461,21.4,83.3,24,1,A2M,Archival,1,38.378,-74.8051
1/27/15,2015,1,6.807967663,6.78333807,33.84770584,-0.000684155,48.7,55.9,36,0,T2M,Archival,1,38.3032,-74.5052
1/27/15,2015,1,5.742795944,5.661474705,33.22490311,-0.00232,36,67.9,35,0,A7M,Archival,1,38.3031,-74.6525
1/27/15,2015,1,5.131607533,5.107966423,32.47993088,-0.000985046,21.4,83.3,24,0,A2M,Archival,1,38.378,-74.8051
1/28/15,2015,1,6.767021179,6.729888439,33.75445175,-0.001031465,48.7,55.9,36,0,T2M,Archival,1,38.3032,-74.5052
1/28/15,2015,1,5.666812897,5.628428936,33.3674736,-0.0011,36,67.9,35,0,A7M,Archival,1,38.3031,-74.6525
1/28/15,2015,1,4.645436764,4.597482204,32.59155655,-0.001998107,21.4,83.3,24,0,A2M,Archival,1,38.378,-74.8051
1/29/15,2015,1,6.404588699,6.404459476,33.73236465,-3.59E-06,48.7,55.9,36,1,T2M,Archival,1,38.3032,-74.5052
1/29/15,2015,1,5.427241802,5.393660069,33.28784561,-0.00096,36,67.9,35,1,A7M,Archival,1,38.3031,-74.6525
1/29/15,2015,1,4.231934547,4.043807983,32.50722122,-0.007838607,21.4,83.3,24,1,A2M,Archival,1,38.378,-74.8051
1/30/15,2015,1,6.488231659,6.409445286,33.73724365,-0.00218851,48.7,55.9,36,0,T2M,Archival,1,38.3032,-74.5052
1/30/15,2015,1,5.6614151,5.296054363,33.23398209,-0.01044,36,67.9,35,0,A7M,Archival,1,38.3031,-74.6525
1/30/15,2015,1,4.553076267,3.578696489,31.76076698,-0.040599157,21.4,83.3,24,0,A2M,Archival,1,38.378,-74.8051
1/31/15,2015,1,6.144578934,6.080832958,33.68312073,-0.001770722,48.7,55.9,36,1,T2M,Archival,1,38.3032,-74.5052
1/31/15,2015,1,5.339672565,5.214969158,33.32658768,-0.00356,36,67.9,35,0,A7M,Archival,1,38.3031,-74.6525
1/31/15,2015,1,4.033964634,3.774843454,32.39351273,-0.010796716,21.4,83.3,24,0,A2M,Archival,1,38.378,-74.8051
2/1/15,2015,2,6.114008427,6.289745808,33.55787277,0.004881594,48.7,55.9,36,1,T2M,Archival,1,38.3032,-74.5052
2/1/15,2015,2,5.31359005,5.445747852,33.29663086,0.00378,36,67.9,35,0,A7M,Archival,1,38.3031,-74.6525
2/1/15,2015,2,3.884947777,3.371398211,32.0777092,-0.021397899,21.4,83.3,24,0,A2M,Archival,1,38.378,-74.8051
2/2/15,2015,2,6.175116062,6.269488811,33.53613663,0.002621465,48.7,55.9,36,1,T2M,Archival,1,38.3032,-74.5052
2/2/15,2015,2,5.497594357,5.076854229,32.95607376,-0.01202,36,67.9,35,1,A7M,Archival,1,38.3031,-74.6525
2/2/15,2015,2,4.381896496,3.217849493,31.68109703,-0.048501958,21.4,83.3,24,1,A2M,Archival,1,38.378,-74.8051
2/3/15,2015,2,6.294258118,6.058822155,33.54764557,-0.006539888,48.7,55.9,36,0,T2M,Archival,1,38.3032,-74.5052
2/3/15,2015,2,6.020282745,5.120655537,33.10091019,-0.0257,36,67.9,35,1,A7M,Archival,1,38.3031,-74.6525
2/3/15,2015,2,4.235535145,3.651288033,32.19594193,-0.02434363,21.4,83.3,24,0,A2M,Archival,1,38.378,-74.8051
2/4/15,2015,2,5.151868343,5.679312229,33.56032944,0.014651219,48.7,55.9,36,0,T2M,Archival,1,38.3032,-74.5052
2/4/15,2015,2,4.636408329,5.324095249,33.26652908,0.01965,36,67.9,35,0,A7M,Archival,1,38.3031,-74.6525
2/4/15,2015,2,3.445123434,3.93683815,32.22842789,0.020488113,21.4,83.3,24,0,A2M,Archival,1,38.378,-74.8051
2/5/15,2015,2,5.458868027,5.489939213,33.53909302,0.000863089,48.7,55.9,36,0,T2M,Archival,1,38.3032,-74.5052
2/5/15,2015,2,4.734344006,5.070834637,33.16178894,0.00961,36,67.9,35,0,A7M,Archival,1,38.3031,-74.6525
2/5/15,2015,2,4.066011906,3.415090561,31.76343536,-0.027121723,21.4,83.3,24,1,A2M,Archival,1,38.378,-74.8051
2/6/15,2015,2,5.628885269,5.453973293,33.66630173,-0.004858666,48.7,55.9,36,1,T2M,Archival,1,38.3032,-74.5052
2/6/15,2015,2,4.651713848,4.497283459,33.27138138,-0.00441,36,67.9,35,1,A7M,Archival,1,38.3031,-74.6525
2/6/15,2015,2,4.058386326,3.853657961,32.70685577,-0.008530349,21.4,83.3,24,1,A2M,Archival,1,38.378,-74.8051
2/7/15,2015,2,6.123958111,5.4234128,33.6440239,-0.019459592,48.7,55.9,36,0,T2M,Archival,1,38.3032,-74.5052
2/7/15,2015,2,4.735197544,4.458031178,33.24287033,-0.00792,36,67.9,35,0,A7M,Archival,1,38.3031,-74.6525
2/7/15,2015,2,4.117304325,3.116049767,32.16700363,-0.04171894,21.4,83.3,24,1,A2M,Archival,1,38.378,-74.8051
2/8/15,2015,2,6.488081455,5.460078716,33.61561203,-0.028555632,48.7,55.9,36,0,T2M,Archival,1,38.3032,-74.5052
2/8/15,2015,2,4.986430645,4.611172199,33.22126007,-0.01072,36,67.9,35,1,A7M,Archival,1,38.3031,-74.6525
2/8/15,2015,2,4.303992748,3.087372065,31.99711418,-0.050692528,21.4,83.3,24,1,A2M,Archival,1,38.378,-74.8051
2/9/15,2015,2,6.99757719,5.476734638,33.56994247,-0.042245626,48.7,55.9,36,1,T2M,Archival,1,38.3032,-74.5052
2/9/15,2015,2,5.344997883,4.399406433,32.9915657,-0.02702,36,67.9,35,1,A7M,Archival,1,38.3031,-74.6525
2/9/15,2015,2,4.301859379,3.353339911,32.08095932,-0.039521645,21.4,83.3,24,0,A2M,Archival,1,38.378,-74.8051
2/10/15,2015,2,5.572276592,5.405929565,33.95814896,-0.004620751,48.7,55.9,36,0,T2M,Archival,1,38.3032,-74.5052
2/10/15,2015,2,4.042438984,3.573050499,33.20236588,-0.01341,36,67.9,35,0,A7M,Archival,1,38.3031,-74.6525
2/10/15,2015,2,2.778069735,2.773556471,32.66698456,-0.000188053,21.4,83.3,24,0,A2M,Archival,1,38.378,-74.8051
2/11/15,2015,2,5.482812405,5.481420994,33.90990829,-3.87E-05,48.7,55.9,36,0,T2M,Archival,1,38.3032,-74.5052
2/11/15,2015,2,4.01602602,4.01570797,33.44851685,-0.00001,36,67.9,35,0,A7M,Archival,1,38.3031,-74.6525
2/11/15,2015,2,2.905186653,2.900257349,32.94037628,-0.000205388,21.4,83.3,24,0,A2M,Archival,1,38.378,-74.8051
2/12/15,2015,2,5.535315037,5.506812572,33.77885818,-0.000791735,48.7,55.9,36,0,T2M,Archival,1,38.3032,-74.5052
2/12/15,2015,2,4.179875851,4.102017879,33.37288284,-0.00222,36,67.9,35,0,A7M,Archival,1,38.3031,-74.6525
2/12/15,2015,2,3.114911795,2.790849924,32.7889328,-0.013502578,21.4,83.3,24,0,A2M,Archival,1,38.378,-74.8051
2/13/15,2015,2,5.278889656,5.193178654,33.69258499,-0.002380861,48.7,55.9,36,0,T2M,Archival,1,38.3032,-74.5052
2/13/15,2015,2,4.179318905,4.03661108,33.34931564,-0.00408,36,67.9,35,0,A7M,Archival,1,38.3031,-74.6525
2/13/15,2015,2,3.083199739,2.711965561,32.60567856,-0.015468091,21.4,83.3,24,0,A2M,Archival,1,38.378,-74.8051
2/14/15,2015,2,5.187248707,5.104361057,33.66859055,-0.002302435,48.7,55.9,36,0,T2M,Archival,1,38.3032,-74.5052
2/14/15,2015,2,4.165631771,3.925149202,33.38055801,-0.00687,36,67.9,35,1,A7M,Archival,1,38.3031,-74.6525
2/14/15,2015,2,2.97879982,2.432417154,32.55758286,-0.022765944,21.4,83.3,24,0,A2M,Archival,1,38.378,-74.8051
2/15/15,2015,2,5.06438303,4.988363266,33.7293663,-0.00211166,48.7,55.9,36,0,T2M,Archival,1,38.3032,-74.5052
2/15/15,2015,2,3.922147036,3.301854134,33.13262177,-0.01772,36,67.9,35,1,A7M,Archival,1,38.3031,-74.6525
2/15/15,2015,2,3.108803749,2.633969307,32.65281296,-0.019784768,21.4,83.3,24,0,A2M,Archival,1,38.378,-74.8051
2/16/15,2015,2,3.994312048,3.946069002,33.66202164,-0.001340085,48.7,55.9,36,0,T2M,Archival,1,38.3032,-74.5052
2/16/15,2015,2,2.824462891,2.750480413,33.28738403,-0.00211,36,67.9,35,0,A7M,Archival,1,38.3031,-74.6525
2/16/15,2015,2,1.873573899,1.811011434,32.79728317,-0.002606769,21.4,83.3,24,1,A2M,Archival,1,38.378,-74.8051
2/17/15,2015,2,4.105199337,3.98713994,33.69268799,-0.003279428,48.7,55.9,36,1,T2M,Archival,1,38.3032,-74.5052
2/17/15,2015,2,2.973609924,2.727070093,33.2999115,-0.00704,36,67.9,35,1,A7M,Archival,1,38.3031,-74.6525
2/17/15,2015,2,1.621559978,1.155951142,32.51057434,-0.019400368,21.4,83.3,24,1,A2M,Archival,1,38.378,-74.8051
2/18/15,2015,2,4.11366272,4.009826183,33.72242737,-0.002884348,48.7,55.9,36,1,T2M,Archival,1,38.3032,-74.5052
2/18/15,2015,2,3.013964653,2.671792746,33.32387161,-0.00978,36,67.9,35,1,A7M,Archival,1,38.3031,-74.6525
2/18/15,2015,2,1.692340374,1.33144033,32.66358566,-0.015037502,21.4,83.3,24,1,A2M,Archival,1,38.378,-74.8051
2/19/15,2015,2,4.26049614,4.106824875,33.57278061,-0.004268646,48.7,55.9,36,1,T2M,Archival,1,38.3032,-74.5052
2/19/15,2015,2,3.131171227,2.780438662,33.20944595,-0.01002,36,67.9,35,1,A7M,Archival,1,38.3031,-74.6525
2/19/15,2015,2,1.895852566,1.515203595,32.6436348,-0.015860374,21.4,83.3,24,0,A2M,Archival,1,38.378,-74.8051
2/20/15,2015,2,3.87285924,3.779605627,33.56171036,-0.002590378,48.7,55.9,36,1,T2M,Archival,1,38.3032,-74.5052
2/20/15,2015,2,2.979835272,2.744475126,33.27695465,-0.00672,36,67.9,35,0,A7M,Archival,1,38.3031,-74.6525
2/20/15,2015,2,1.091655374,0.890977621,32.44452286,-0.008361573,21.4,83.3,24,0,A2M,Archival,1,38.378,-74.8051
2/21/15,2015,2,3.881272078,3.746505499,33.67343521,-0.003743516,48.7,55.9,36,1,T2M,Archival,1,38.3032,-74.5052
2/21/15,2015,2,3.429022074,2.424035311,33.21241379,-0.02871,36,67.9,35,1,A7M,Archival,1,38.3031,-74.6525
2/21/15,2015,2,1.253876328,0.550389588,32.2910347,-0.029311948,21.4,83.3,24,0,A2M,Archival,1,38.378,-74.8051
2/22/15,2015,2,4.363942146,4.045540333,33.49331284,-0.008844495,48.7,55.9,36,0,T2M,Archival,1,38.3032,-74.5052
2/22/15,2015,2,3.702733278,2.096875429,32.5827179,-0.04588,36,67.9,35,0,A7M,Archival,1,38.3031,-74.6525
2/22/15,2015,2,2.06743288,1.958621979,32.37691116,-0.004533788,21.4,83.3,24,1,A2M,Archival,1,38.378,-74.8051
2/23/15,2015,2,4.487319946,4.372954845,33.61343765,-0.003176808,48.7,55.9,36,0,T2M,Archival,1,38.3032,-74.5052
2/23/15,2015,2,3.715656519,2.53840661,32.81598282,-0.03364,36,67.9,35,0,A7M,Archival,1,38.3031,-74.6525
2/23/15,2015,2,2.066001177,1.812693954,32.26710129,-0.010554468,21.4,83.3,24,0,A2M,Archival,1,38.378,-74.8051
2/24/15,2015,2,4.539512634,4.541769505,33.75566101,6.27E-05,48.7,55.9,36,0,T2M,Archival,1,38.3032,-74.5052
2/24/15,2015,2,3.653114319,3.440662622,33.4344101,-0.00607,36,67.9,35,0,A7M,Archival,1,38.3031,-74.6525
2/24/15,2015,2,1.800101638,1.576072693,32.54732132,-0.009334539,21.4,83.3,24,1,A2M,Archival,1,38.378,-74.8051
2/25/15,2015,2,4.883877277,4.462684631,33.74345016,-0.011699796,48.7,55.9,36,1,T2M,Archival,1,38.3032,-74.5052
2/25/15,2015,2,3.766964912,3.316960335,33.32550812,-0.01286,36,67.9,35,1,A7M,Archival,1,38.3031,-74.6525
2/25/15,2015,2,1.92428875,1.457068086,32.2713356,-0.019467528,21.4,83.3,24,0,A2M,Archival,1,38.378,-74.8051
2/26/15,2015,2,4.908924103,4.613652706,33.78094101,-0.008201983,48.7,55.9,36,1,T2M,Archival,1,38.3032,-74.5052
2/26/15,2015,2,3.84903121,3.409326315,33.36171341,-0.01256,36,67.9,35,1,A7M,Archival,1,38.3031,-74.6525
2/26/15,2015,2,2.072308779,1.653070331,32.3535614,-0.017468269,21.4,83.3,24,0,A2M,Archival,1,38.378,-74.8051
2/27/15,2015,2,4.691884041,4.655299664,33.77126694,-0.001016233,48.7,55.9,36,0,T2M,Archival,1,38.3032,-74.5052
2/27/15,2015,2,3.411526918,3.318815947,33.30009079,-0.00265,36,67.9,35,0,A7M,Archival,1,38.3031,-74.6525
2/27/15,2015,2,2.370513201,2.0112257,32.58716202,-0.014970313,21.4,83.3,24,0,A2M,Archival,1,38.378,-74.8051
2/28/15,2015,2,3.808473587,3.643296003,33.73476791,-0.004588266,48.7,55.9,36,0,T2M,Archival,1,38.3032,-74.5052
2/28/15,2015,2,2.644042969,2.320469379,33.13251877,-0.00924,36,67.9,35,0,A7M,Archival,1,38.3031,-74.6525
2/28/15,2015,2,1.703623652,1.407455802,32.18567276,-0.012340327,21.4,83.3,24,0,A2M,Archival,1,38.378,-74.8051
3/1/15,2015,3,3.856164217,3.845487356,33.79217911,-0.000296579,48.7,55.9,36,0,T2M,Archival,1,38.3032,-74.5052
3/1/15,2015,3,2.494809628,2.339403152,33.18400955,-0.00444,36,67.9,35,0,A7M,Archival,1,38.3031,-74.6525
3/1/15,2015,3,1.755865693,1.526966691,32.36954117,-0.009537458,21.4,83.3,24,0,A2M,Archival,1,38.378,-74.8051
3/2/15,2015,3,4.074533939,3.797915459,33.72710419,-0.007683847,48.7,55.9,36,0,T2M,Archival,1,38.3032,-74.5052
3/2/15,2015,3,2.710827589,2.467314959,33.17020798,-0.00696,36,67.9,35,0,A7M,Archival,1,38.3031,-74.6525
3/2/15,2015,3,1.875554204,1.531142354,32.01888275,-0.014350494,21.4,83.3,24,0,A2M,Archival,1,38.378,-74.8051
3/3/15,2015,3,4.945364475,4.590929985,33.79785538,-0.009845403,48.7,55.9,36,0,T2M,Archival,1,38.3032,-74.5052
3/3/15,2015,3,3.792663574,3.359227419,33.21385574,-0.01238,36,67.9,35,0,A7M,Archival,1,38.3031,-74.6525
3/3/15,2015,3,2.938190222,2.189525843,31.64227867,-0.031194349,21.4,83.3,24,0,A2M,Archival,1,38.378,-74.8051
3/4/15,2015,3,4.985602379,4.485954762,33.68409729,-0.0138791,48.7,55.9,36,1,T2M,Archival,1,38.3032,-74.5052
3/4/15,2015,3,3.950124979,3.484784842,33.10279465,-0.0133,36,67.9,35,1,A7M,Archival,1,38.3031,-74.6525
3/4/15,2015,3,3.210131645,2.328055143,31.43099213,-0.036753188,21.4,83.3,24,1,A2M,Archival,1,38.378,-74.8051
3/5/15,2015,3,5.20254755,4.412791252,33.60200119,-0.021937675,48.7,55.9,36,1,T2M,Archival,1,38.3032,-74.5052
3/5/15,2015,3,4.208459854,3.480324984,32.94524002,-0.0208,36,67.9,35,1,A7M,Archival,1,38.3031,-74.6525
3/5/15,2015,3,3.360076666,2.355703354,31.32531166,-0.041848888,21.4,83.3,24,1,A2M,Archival,1,38.378,-74.8051
3/6/15,2015,3,4.152748108,3.630351305,33.79729843,-0.014511022,48.7,55.9,36,1,T2M,Archival,1,38.3032,-74.5052
3/6/15,2015,3,3.312948465,2.002487421,33.0945549,-0.03744,36,67.9,35,1,A7M,Archival,1,38.3031,-74.6525
3/6/15,2015,3,2.479105711,1.992974162,32.52225876,-0.020255481,21.4,83.3,24,1,A2M,Archival,1,38.378,-74.8051
3/7/15,2015,3,4.140057087,4.025740147,33.92266464,-0.003175471,48.7,55.9,36,0,T2M,Archival,1,38.3032,-74.5052
3/7/15,2015,3,3.119778872,1.835044742,33.05711746,-0.03671,36,67.9,35,1,A7M,Archival,1,38.3031,-74.6525
3/7/15,2015,3,2.057829142,1.399610043,32.24904251,-0.027425796,21.4,83.3,24,1,A2M,Archival,1,38.378,-74.8051
3/8/15,2015,3,4.736927986,3.77135396,33.82632446,-0.026821501,48.7,55.9,36,0,T2M,Archival,1,38.3032,-74.5052
3/8/15,2015,3,3.368297338,1.954550624,32.64831161,-0.04039,36,67.9,35,0,A7M,Archival,1,38.3031,-74.6525
3/8/15,2015,3,2.364384174,1.64969337,31.38745689,-0.029778784,21.4,83.3,24,0,A2M,Archival,1,38.378,-74.8051
3/9/15,2015,3,5.00844717,4.93215704,33.83302689,-0.00211917,48.7,55.9,36,0,T2M,Archival,1,38.3032,-74.5052
3/9/15,2015,3,3.873817444,3.3792696,32.44906235,-0.01413,36,67.9,35,0,A7M,Archival,1,38.3031,-74.6525
3/9/15,2015,3,2.90080142,3.021277666,31.22610474,0.005019844,21.4,83.3,24,0,A2M,Archival,1,38.378,-74.8051
3/10/15,2015,3,5.101928234,5.178767681,33.75329971,0.002134429,48.7,55.9,36,1,T2M,Archival,1,38.3032,-74.5052
3/10/15,2015,3,3.957659483,3.934529305,32.41358566,-0.00066,36,67.9,35,0,A7M,Archival,1,38.3031,-74.6525
3/10/15,2015,3,3.086946487,3.463365316,31.18852234,0.015684118,21.4,83.3,24,1,A2M,Archival,1,38.378,-74.8051
3/11/15,2015,3,5.220968723,5.311084747,33.4352417,0.002503223,48.7,55.9,36,0,T2M,Archival,1,38.3032,-74.5052
3/11/15,2015,3,4.027141094,4.318020344,32.0326004,0.00831,36,67.9,35,0,A7M,Archival,1,38.3031,-74.6525
3/11/15,2015,3,3.222383738,3.903027296,31.05947876,0.028360148,21.4,83.3,24,0,A2M,Archival,1,38.378,-74.8051
3/12/15,2015,3,5.037997246,4.616990566,33.26107788,-0.01169463,48.7,55.9,36,0,T2M,Archival,1,38.3032,-74.5052
3/12/15,2015,3,3.684464216,3.374498606,32.03353119,-0.00886,36,67.9,35,0,A7M,Archival,1,38.3031,-74.6525
3/12/15,2015,3,2.461586475,2.360766411,31.20988655,-0.004200836,21.4,83.3,24,1,A2M,Archival,1,38.378,-74.8051
3/13/15,2015,3,5.000756741,4.743376255,33.47968674,-0.007149458,48.7,55.9,36,1,T2M,Archival,1,38.3032,-74.5052
3/13/15,2015,3,3.763512373,3.570825815,32.52629471,-0.00551,36,67.9,35,1,A7M,Archival,1,38.3031,-74.6525
3/13/15,2015,3,2.560713053,2.460804224,31.40668297,-0.004162868,21.4,83.3,24,1,A2M,Archival,1,38.378,-74.8051
3/14/15,2015,3,5.10438633,5.123523712,33.63444901,0.000531594,48.7,55.9,36,1,T2M,Archival,1,38.3032,-74.5052
3/14/15,2015,3,3.679294825,3.828067064,32.75996399,0.00425,36,67.9,35,1,A7M,Archival,1,38.3031,-74.6525
3/14/15,2015,3,2.545591593,2.643637896,31.60857391,0.004085263,21.4,83.3,24,1,A2M,Archival,1,38.378,-74.8051
3/15/15,2015,3,5.846613407,5.639876842,34.16204834,-0.005742682,48.7,55.9,36,0,T2M,Archival,1,38.3032,-74.5052
3/15/15,2015,3,4.278223038,3.871029854,32.82814026,-0.01163,36,67.9,35,0,A7M,Archival,1,38.3031,-74.6525
3/15/15,2015,3,2.748039484,2.635885954,31.61374474,-0.004673064,21.4,83.3,24,0,A2M,Archival,1,38.378,-74.8051
3/16/15,2015,3,5.717237473,5.946649551,34.11610794,0.006372558,48.7,55.9,36,1,T2M,Archival,1,38.3032,-74.5052
3/16/15,2015,3,4.359270573,4.299866199,32.97311401,-0.0017,36,67.9,35,1,A7M,Archival,1,38.3031,-74.6525
3/16/15,2015,3,2.928539276,3.197285891,31.7805233,0.011197776,21.4,83.3,24,0,A2M,Archival,1,38.378,-74.8051
3/17/15,2015,3,5.801374435,6.210676193,34.11854172,0.011369493,48.7,55.9,36,0,T2M,Archival,1,38.3032,-74.5052
3/17/15,2015,3,4.553209782,4.598491192,32.89558411,0.00129,36,67.9,35,0,A7M,Archival,1,38.3031,-74.6525
3/17/15,2015,3,3.275441885,3.491358519,31.86313057,0.008996526,21.4,83.3,24,0,A2M,Archival,1,38.378,-74.8051
3/18/15,2015,3,5.642929077,5.839944363,33.92725372,0.005472647,48.7,55.9,36,0,T2M,Archival,1,38.3032,-74.5052
3/18/15,2015,3,4.29741621,4.363069534,32.8678894,0.00188,36,67.9,35,0,A7M,Archival,1,38.3031,-74.6525
3/18/15,2015,3,2.958438635,3.295714378,31.99490547,0.014053156,21.4,83.3,24,0,A2M,Archival,1,38.378,-74.8051
3/19/15,2015,3,5.507678509,5.816320419,34.05730057,0.008573386,48.7,55.9,36,1,T2M,Archival,1,38.3032,-74.5052
3/19/15,2015,3,4.215762615,4.477228165,33.12263107,0.00747,36,67.9,35,1,A7M,Archival,1,38.3031,-74.6525
3/19/15,2015,3,2.804250479,3.156811953,32.06634521,0.014690061,21.4,83.3,24,0,A2M,Archival,1,38.378,-74.8051
3/20/15,2015,3,5.554498672,5.668298721,33.97678757,0.003161112,48.7,55.9,36,1,T2M,Archival,1,38.3032,-74.5052
3/20/15,2015,3,4.254720211,4.546172619,33.16858292,0.00833,36,67.9,35,1,A7M,Archival,1,38.3031,-74.6525
3/20/15,2015,3,2.97773242,3.276227713,32.15545273,0.012437304,21.4,83.3,24,1,A2M,Archival,1,38.378,-74.8051
3/21/15,2015,3,4.804764748,5.700689793,33.83212662,0.024886807,48.7,55.9,36,1,T2M,Archival,1,38.3032,-74.5052
3/21/15,2015,3,3.590023756,4.399902821,33.04870224,0.02314,36,67.9,35,1,A7M,Archival,1,38.3031,-74.6525
3/21/15,2015,3,2.690829515,3.460577965,32.43244553,0.032072852,21.4,83.3,24,0,A2M,Archival,1,38.378,-74.8051
3/22/15,2015,3,4.742819786,5.716697216,33.71643829,0.027052151,48.7,55.9,36,1,T2M,Archival,1,38.3032,-74.5052
3/22/15,2015,3,3.528222799,4.276202679,32.81285477,0.02137,36,67.9,35,0,A7M,Archival,1,38.3031,-74.6525
3/22/15,2015,3,3.014950991,3.465081215,31.21647072,0.018755426,21.4,83.3,24,0,A2M,Archival,1,38.378,-74.8051
3/23/15,2015,3,4.846304417,5.744355679,33.71084976,0.024945868,48.7,55.9,36,1,T2M,Archival,1,38.3032,-74.5052
3/23/15,2015,3,3.688728571,4.524442673,33.00294495,0.02388,36,67.9,35,0,A7M,Archival,1,38.3031,-74.6525
3/23/15,2015,3,3.042604208,3.731892347,31.57364082,0.028720339,21.4,83.3,24,0,A2M,Archival,1,38.378,-74.8051
3/24/15,2015,3,5.921208858,6.092170238,33.9042511,0.004748927,48.7,55.9,36,0,T2M,Archival,1,38.3032,-74.5052
3/24/15,2015,3,4.516798973,5.000401497,33.34589767,0.01382,36,67.9,35,0,A7M,Archival,1,38.3031,-74.6525
3/24/15,2015,3,3.587090731,3.785016775,31.72282219,0.008246919,21.4,83.3,24,0,A2M,Archival,1,38.378,-74.8051
3/25/15,2015,3,5.99003458,6.287624836,33.92646408,0.008266396,48.7,55.9,36,0,T2M,Archival,1,38.3032,-74.5052
3/25/15,2015,3,4.581889153,5.22962141,33.37322617,0.01851,36,67.9,35,0,A7M,Archival,1,38.3031,-74.6525
3/25/15,2015,3,3.768261194,4.084747314,32.08895111,0.013186922,21.4,83.3,24,0,A2M,Archival,1,38.378,-74.8051
3/26/15,2015,3,6.068826675,6.543715954,33.90099716,0.013191369,48.7,55.9,36,0,T2M,Archival,1,38.3032,-74.5052
3/26/15,2015,3,4.648570538,5.423621655,33.18544388,0.02214,36,67.9,35,0,A7M,Archival,1,38.3031,-74.6525
3/26/15,2015,3,3.93219018,4.69067049,31.41029167,0.031603346,21.4,83.3,24,0,A2M,Archival,1,38.378,-74.8051
3/27/15,2015,3,6.635337353,6.669363499,33.70999908,0.000945171,48.7,55.9,36,0,T2M,Archival,1,38.3032,-74.5052
3/27/15,2015,3,5.239170551,5.674559116,32.26590347,0.01244,36,67.9,35,0,A7M,Archival,1,38.3031,-74.6525
3/27/15,2015,3,4.525445461,5.035930157,31.14167595,0.021270196,21.4,83.3,24,0,A2M,Archival,1,38.378,-74.8051
3/28/15,2015,3,6.557388783,6.540990353,33.6488266,-0.000455512,48.7,55.9,36,0,T2M,Archival,1,38.3032,-74.5052
3/28/15,2015,3,5.37979269,5.787527084,33.01431656,0.01165,36,67.9,35,0,A7M,Archival,1,38.3031,-74.6525
3/28/15,2015,3,4.605467319,5.148551464,31.59198761,0.022628506,21.4,83.3,24,0,A2M,Archival,1,38.378,-74.8051
3/29/15,2015,3,6.430791378,5.877632141,33.44738388,-0.015365534,48.7,55.9,36,0,T2M,Archival,1,38.3032,-74.5052
3/29/15,2015,3,5.423180103,5.371089935,32.98469543,-0.00149,36,67.9,35,0,A7M,Archival,1,38.3031,-74.6525
3/29/15,2015,3,4.602587223,4.882240295,31.94256592,0.011652211,21.4,83.3,24,1,A2M,Archival,1,38.378,-74.8051
3/30/15,2015,3,5.061263561,5.001646519,33.51073456,-0.001656029,48.7,55.9,36,0,T2M,Archival,1,38.3032,-74.5052
3/30/15,2015,3,3.970268488,4.112091541,32.79610825,0.00405,36,67.9,35,0,A7M,Archival,1,38.3031,-74.6525
3/30/15,2015,3,3.193213701,3.740359068,31.86772919,0.022797724,21.4,83.3,24,0,A2M,Archival,1,38.378,-74.8051
3/31/15,2015,3,5.690188885,4.723461151,33.29334641,-0.026853548,48.7,55.9,36,0,T2M,Archival,1,38.3032,-74.5052
3/31/15,2015,3,4.25294733,4.338875294,32.69325638,0.00246,36,67.9,35,0,A7M,Archival,1,38.3031,-74.6525
3/31/15,2015,3,3.443934441,3.80669713,31.41644859,0.015115112,21.4,83.3,24,0,A2M,Archival,1,38.378,-74.8051
4/1/15,2015,4,6.00529623,4.930836201,33.24236298,-0.029846112,48.7,55.9,36,0,T2M,Archival,1,38.3032,-74.5052
4/1/15,2015,4,4.504945755,4.541719913,32.38539124,0.00105,36,67.9,35,0,A7M,Archival,1,38.3031,-74.6525
4/1/15,2015,4,3.556231499,4.205748558,31.54487038,0.027063211,21.4,83.3,24,0,A2M,Archival,1,38.378,-74.8051
4/2/15,2015,4,5.554589748,5.318714619,33.25365829,-0.006552087,48.7,55.9,36,0,T2M,Archival,1,38.3032,-74.5052
4/2/15,2015,4,3.976083994,4.814677715,32.63879776,0.02396,36,67.9,35,0,A7M,Archival,1,38.3031,-74.6525
4/2/15,2015,4,2.972731352,4.411782742,31.62510109,0.059960475,21.4,83.3,24,0,A2M,Archival,1,38.378,-74.8051
4/3/15,2015,4,6.189846516,5.55793047,33.12696838,-0.017553224,48.7,55.9,36,0,T2M,Archival,1,38.3032,-74.5052
4/3/15,2015,4,4.425779343,4.958172321,32.19923019,0.01521,36,67.9,35,0,A7M,Archival,1,38.3031,-74.6525
4/3/15,2015,4,3.297088861,4.219376087,31.59275246,0.038428634,21.4,83.3,24,0,A2M,Archival,1,38.378,-74.8051
4/4/15,2015,4,7.012747288,5.947949886,32.41485214,-0.029577706,48.7,55.9,36,0,T2M,Archival,1,38.3032,-74.5052
4/4/15,2015,4,5.154065609,5.299572468,32.0005722,0.00416,36,67.9,35,0,A7M,Archival,1,38.3031,-74.6525
4/4/15,2015,4,3.800706625,4.799228191,31.83265114,0.041605065,21.4,83.3,24,0,A2M,Archival,1,38.378,-74.8051
4/5/15,2015,4,7.188049316,6.384987354,32.55830002,-0.022307277,48.7,55.9,36,0,T2M,Archival,1,38.3032,-74.5052
4/5/15,2015,4,5.614801884,5.778392315,32.23028183,0.00467,36,67.9,35,0,A7M,Archival,1,38.3031,-74.6525
4/5/15,2015,4,4.206660748,5.303362846,31.89582825,0.045695921,21.4,83.3,24,0,A2M,Archival,1,38.378,-74.8051
4/6/15,2015,4,7.298969746,6.719898224,32.53780746,-0.01608532,48.7,55.9,36,0,T2M,Archival,1,38.3032,-74.5052
4/6/15,2015,4,5.865419388,6.097186565,32.19364548,0.00662,36,67.9,35,0,A7M,Archival,1,38.3031,-74.6525
4/6/15,2015,4,4.466274261,5.599714756,31.78709221,0.047226687,21.4,83.3,24,0,A2M,Archival,1,38.378,-74.8051
4/7/15,2015,4,7.519685745,7.157215118,32.49329376,-0.010068629,48.7,55.9,36,0,T2M,Archival,1,38.3032,-74.5052
4/7/15,2015,4,6.080479145,6.534036636,32.11723709,0.01296,36,67.9,35,0,A7M,Archival,1,38.3031,-74.6525
4/7/15,2015,4,4.748339176,5.94874239,31.87308693,0.050016801,21.4,83.3,24,0,A2M,Archival,1,38.378,-74.8051
4/8/15,2015,4,7.984283924,7.516681194,32.40908813,-0.012988965,48.7,55.9,36,0,T2M,Archival,1,38.3032,-74.5052
4/8/15,2015,4,6.440776825,7.011840343,31.96069336,0.01632,36,67.9,35,0,A7M,Archival,1,38.3031,-74.6525
4/8/15,2015,4,5.115983486,6.644704819,31.75974464,0.063696722,21.4,83.3,24,0,A2M,Archival,1,38.378,-74.8051
4/9/15,2015,4,7.163536072,7.804117203,32.04351044,0.01779392,48.7,55.9,36,0,T2M,Archival,1,38.3032,-74.5052
4/9/15,2015,4,5.815573215,7.099662781,31.55755806,0.03669,36,67.9,35,0,A7M,Archival,1,38.3031,-74.6525
4/9/15,2015,4,4.341175079,6.980669022,31.34552193,0.109978914,21.4,83.3,24,0,A2M,Archival,1,38.378,-74.8051
4/10/15,2015,4,6.416949749,8.121744156,32.10972977,0.0473554,48.7,55.9,36,0,T2M,Archival,1,38.3032,-74.5052
4/10/15,2015,4,5.752668858,7.142892838,31.86042023,0.03972,36,67.9,35,0,A7M,Archival,1,38.3031,-74.6525
4/10/15,2015,4,4.582798958,6.968486786,31.56456757,0.09940366,21.4,83.3,24,0,A2M,Archival,1,38.378,-74.8051
4/11/15,2015,4,5.793708801,7.207811832,32.20701218,0.03928064,48.7,55.9,36,0,T2M,Archival,1,38.3032,-74.5052
4/11/15,2015,4,5.208457947,6.220644474,32.0420723,0.02892,36,67.9,35,0,A7M,Archival,1,38.3031,-74.6525
4/11/15,2015,4,4.075437546,6.390103817,31.61183929,0.096444428,21.4,83.3,24,0,A2M,Archival,1,38.378,-74.8051
4/12/15,2015,4,5.915724277,7.484397411,32.28689194,0.043574254,48.7,55.9,36,0,T2M,Archival,1,38.3032,-74.5052
4/12/15,2015,4,5.442153931,6.630556583,32.04557419,0.03395,36,67.9,35,0,A7M,Archival,1,38.3031,-74.6525
4/12/15,2015,4,4.1438241,6.725737095,31.61716652,0.107579708,21.4,83.3,24,0,A2M,Archival,1,38.378,-74.8051
4/13/15,2015,4,6.052712917,8.13398838,32.34422684,0.057813207,48.7,55.9,36,0,T2M,Archival,1,38.3032,-74.5052
4/13/15,2015,4,5.643514156,7.284883499,32.0614357,0.0469,36,67.9,35,0,A7M,Archival,1,38.3031,-74.6525
4/13/15,2015,4,4.319020748,7.181734562,31.55062675,0.119279742,21.4,83.3,24,0,A2M,Archival,1,38.378,-74.8051
4/14/15,2015,4,5.884816647,8.279459,32.40363312,0.066517843,48.7,55.9,36,0,T2M,Archival,1,38.3032,-74.5052
4/14/15,2015,4,5.507980347,7.614259243,31.98052406,0.06018,36,67.9,35,0,A7M,Archival,1,38.3031,-74.6525
4/14/15,2015,4,4.328182697,7.227277756,31.34238243,0.120795627,21.4,83.3,24,0,A2M,Archival,1,38.378,-74.8051
4/15/15,2015,4,5.997386456,8.808691025,32.33963776,0.078091794,48.7,55.9,36,0,T2M,Archival,1,38.3032,-74.5052
4/15/15,2015,4,5.485826492,7.953938007,32.10297775,0.07052,36,67.9,35,0,A7M,Archival,1,38.3031,-74.6525
4/15/15,2015,4,4.392079353,7.54972887,31.51719856,0.13156873,21.4,83.3,24,0,A2M,Archival,1,38.378,-74.8051
4/16/15,2015,4,6.085013866,9.320628166,32.39051437,0.089878175,48.7,55.9,36,0,T2M,Archival,1,38.3032,-74.5052
4/16/15,2015,4,5.510740757,8.486581802,32.21424484,0.08502,36,67.9,35,0,A7M,Archival,1,38.3031,-74.6525
4/16/15,2015,4,4.516767502,8.103837013,31.55762672,0.14946123,21.4,83.3,24,0,A2M,Archival,1,38.378,-74.8051
4/17/15,2015,4,6.045045376,9.874591827,32.42355728,0.10637629,48.7,55.9,36,0,T2M,Archival,1,38.3032,-74.5052
4/17/15,2015,4,5.561691284,9.189551353,32.2447319,0.10365,36,67.9,35,0,A7M,Archival,1,38.3031,-74.6525
4/17/15,2015,4,4.873972893,8.787478447,31.50325203,0.163062731,21.4,83.3,24,0,A2M,Archival,1,38.378,-74.8051
4/18/15,2015,4,6.231685638,10.1518774,32.39993286,0.108894216,48.7,55.9,36,0,T2M,Archival,1,38.3032,-74.5052
4/18/15,2015,4,5.699878693,9.64495182,32.06236649,0.11272,36,67.9,35,0,A7M,Archival,1,38.3031,-74.6525
4/18/15,2015,4,5.005340099,9.339165688,31.41581726,0.180576066,21.4,83.3,24,0,A2M,Archival,1,38.378,-74.8051
4/19/15,2015,4,6.2759552,10.47593212,32.40423965,0.116666026,48.7,55.9,36,0,T2M,Archival,1,38.3032,-74.5052
4/19/15,2015,4,5.76261282,10.01819229,32.08817673,0.12159,36,67.9,35,0,A7M,Archival,1,38.3031,-74.6525
4/19/15,2015,4,5.104121685,9.600991249,31.48472404,0.187369565,21.4,83.3,24,0,A2M,Archival,1,38.378,-74.8051
4/20/15,2015,4,5.571321011,9.809272766,32.54037857,0.117720882,48.7,55.9,36,0,T2M,Archival,1,38.3032,-74.5052
4/20/15,2015,4,4.63381958,8.712788582,32.35909271,0.11654,36,67.9,35,0,A7M,Archival,1,38.3031,-74.6525
4/20/15,2015,4,3.965912819,8.46877861,31.61923218,0.187619408,21.4,83.3,24,0,A2M,Archival,1,38.378,-74.8051
4/21/15,2015,4,5.861453533,9.679865837,32.61932755,0.106067008,48.7,55.9,36,0,T2M,Archival,1,38.3032,-74.5052
4/21/15,2015,4,4.546285152,8.714632034,31.97732735,0.1191,36,67.9,35,0,A7M,Archival,1,38.3031,-74.6525
4/21/15,2015,4,3.989660978,8.682718277,31.18643761,0.195544054,21.4,83.3,24,0,A2M,Archival,1,38.378,-74.8051
4/22/15,2015,4,5.826065063,9.850239754,32.63289261,0.11178263,48.7,55.9,36,0,T2M,Archival,1,38.3032,-74.5052
4/22/15,2015,4,4.612556934,9.105827332,31.78910637,0.12838,36,67.9,35,0,A7M,Archival,1,38.3031,-74.6525
4/22/15,2015,4,4.118341446,9.212407112,30.97729492,0.212252736,21.4,83.3,24,0,A2M,Archival,1,38.378,-74.8051
4/23/15,2015,4,7.063340664,9.68018055,32.34273148,0.072689997,48.7,55.9,36,0,T2M,Archival,1,38.3032,-74.5052
4/23/15,2015,4,5.886135101,9.383899689,31.58838463,0.09994,36,67.9,35,0,A7M,Archival,1,38.3031,-74.6525
4/23/15,2015,4,5.350572109,9.319672585,31.28496552,0.165379186,21.4,83.3,24,0,A2M,Archival,1,38.378,-74.8051
4/24/15,2015,4,7.320294857,9.489409447,32.50191116,0.060253183,48.7,55.9,36,0,T2M,Archival,1,38.3032,-74.5052
4/24/15,2015,4,6.271636486,9.157406807,31.79301453,0.08245,36,67.9,35,0,A7M,Archival,1,38.3031,-74.6525
4/24/15,2015,4,5.684269428,9.094733238,31.50769234,0.142102659,21.4,83.3,24,0,A2M,Archival,1,38.378,-74.8051
4/25/15,2015,4,7.32756567,9.36987114,32.69513321,0.056730707,48.7,55.9,36,0,T2M,Archival,1,38.3032,-74.5052
4/25/15,2015,4,6.422044754,9.01670742,32.0707283,0.07413,36,67.9,35,0,A7M,Archival,1,38.3031,-74.6525
4/25/15,2015,4,5.940167904,9.064033508,31.74176788,0.130161067,21.4,83.3,24,0,A2M,Archival,1,38.378,-74.8051
4/26/15,2015,4,7.388999939,9.394556999,32.65427399,0.055709918,48.7,55.9,36,0,T2M,Archival,1,38.3032,-74.5052
4/26/15,2015,4,6.428864956,8.801282883,32.10082626,0.06778,36,67.9,35,0,A7M,Archival,1,38.3031,-74.6525
4/26/15,2015,4,5.698293686,8.784386635,31.83081627,0.128587206,21.4,83.3,24,0,A2M,Archival,1,38.378,-74.8051
4/27/15,2015,4,7.488839626,9.745085716,32.74656296,0.062673502,48.7,55.9,36,0,T2M,Archival,1,38.3032,-74.5052
4/27/15,2015,4,6.448925018,9.142271996,32.14156342,0.07695,36,67.9,35,0,A7M,Archival,1,38.3031,-74.6525
4/27/15,2015,4,5.831499577,9.157201767,31.80738831,0.138570925,21.4,83.3,24,0,A2M,Archival,1,38.378,-74.8051
4/28/15,2015,4,7.66358757,9.815462112,32.71147537,0.059774293,48.7,55.9,36,1,T2M,Archival,1,38.3032,-74.5052
4/28/15,2015,4,6.643884182,9.276402473,32.12712479,0.07521,36,67.9,35,0,A7M,Archival,1,38.3031,-74.6525
4/28/15,2015,4,6.075647354,9.437569618,31.72466278,0.140080094,21.4,83.3,24,0,A2M,Archival,1,38.378,-74.8051
4/29/15,2015,4,7.882896423,10.14873695,32.72154236,0.062940015,48.7,55.9,36,1,T2M,Archival,1,38.3032,-74.5052
4/29/15,2015,4,6.938676834,9.66529274,32.13080597,0.0779,36,67.9,35,1,A7M,Archival,1,38.3031,-74.6525
4/29/15,2015,4,6.37326622,10.3336935,31.2346859,0.165017804,21.4,83.3,24,0,A2M,Archival,1,38.378,-74.8051
4/30/15,2015,4,8.007538795,10.59386444,32.60020828,0.071842379,48.7,55.9,36,1,T2M,Archival,1,38.3032,-74.5052
4/30/15,2015,4,7.06440115,10.43799973,31.95713043,0.09639,36,67.9,35,0,A7M,Archival,1,38.3031,-74.6525
4/30/15,2015,4,6.493196487,11.51294327,29.05264282,0.209156116,21.4,83.3,24,0,A2M,Archival,1,38.378,-74.8051
5/1/15,2015,5,7.803424835,10.79330921,32.6950531,0.083052344,48.7,55.9,36,0,T2M,Archival,1,38.3032,-74.5052
5/1/15,2015,5,6.895735264,10.68200302,32.04519272,0.10818,36,67.9,35,0,A7M,Archival,1,38.3031,-74.6525
5/1/15,2015,5,6.467536449,11.44043255,30.05997658,0.207204004,21.4,83.3,24,0,A2M,Archival,1,38.378,-74.8051
5/2/15,2015,5,6.781816959,9.346615791,33.17522049,0.071244412,48.7,55.9,36,0,T2M,Archival,1,38.3032,-74.5052
5/2/15,2015,5,5.90123558,9.129782677,32.43645477,0.09224,36,67.9,35,0,A7M,Archival,1,38.3031,-74.6525
5/2/15,2015,5,5.557697296,9.452124596,31.97649574,0.162267804,21.4,83.3,24,0,A2M,Archival,1,38.378,-74.8051
5/3/15,2015,5,6.428877354,9.712546349,33.24175644,0.091213028,48.7,55.9,36,0,T2M,Archival,1,38.3032,-74.5052
5/3/15,2015,5,5.719600677,9.563541412,32.41791916,0.10983,36,67.9,35,0,A7M,Archival,1,38.3031,-74.6525
5/3/15,2015,5,5.605321407,10.36566639,31.02805901,0.198347708,21.4,83.3,24,0,A2M,Archival,1,38.378,-74.8051
5/4/15,2015,5,6.648245335,10.39691544,33.0026741,0.104129725,48.7,55.9,36,0,T2M,Archival,1,38.3032,-74.5052
5/4/15,2015,5,5.99865675,10.5373621,31.85614204,0.12968,36,67.9,35,0,A7M,Archival,1,38.3031,-74.6525
5/4/15,2015,5,5.91736412,11.6661768,29.6863575,0.239533861,21.4,83.3,24,0,A2M,Archival,1,38.378,-74.8051
5/5/15,2015,5,6.80405283,11.11243343,32.48247528,0.119677239,48.7,55.9,36,0,T2M,Archival,1,38.3032,-74.5052
5/5/15,2015,5,6.280448437,11.75071335,30.59200096,0.15629,36,67.9,35,0,A7M,Archival,1,38.3031,-74.6525
5/5/15,2015,5,6.267374516,12.16618347,29.83609009,0.245783707,21.4,83.3,24,0,A2M,Archival,1,38.378,-74.8051
5/6/15,2015,5,7.162979603,12.33579731,31.34232903,0.143689381,48.7,55.9,36,0,T2M,Archival,1,38.3032,-74.5052
5/6/15,2015,5,6.658075333,12.60329437,30.30529976,0.16986,36,67.9,35,0,A7M,Archival,1,38.3031,-74.6525
5/6/15,2015,5,6.721119404,12.66027164,30.41797447,0.247464677,21.4,83.3,24,0,A2M,Archival,1,38.378,-74.8051
5/7/15,2015,5,7.200669765,13.05578136,31.16815948,0.162641989,48.7,55.9,36,0,T2M,Archival,1,38.3032,-74.5052
5/7/15,2015,5,6.730008602,13.22532272,30.35547447,0.18558,36,67.9,35,0,A7M,Archival,1,38.3031,-74.6525
5/7/15,2015,5,6.70606041,13.22488403,30.58452797,0.271617651,21.4,83.3,24,0,A2M,Archival,1,38.378,-74.8051
5/8/15,2015,5,7.00317955,14.3726759,31.15392494,0.204708232,48.7,55.9,36,0,T2M,Archival,1,38.3032,-74.5052
5/8/15,2015,5,6.538354397,14.58442783,30.50387001,0.22989,36,67.9,35,0,A7M,Archival,1,38.3031,-74.6525
5/8/15,2015,5,6.735914707,14.4648056,30.77681732,0.322037121,21.4,83.3,24,0,A2M,Archival,1,38.378,-74.8051
5/9/15,2015,5,6.909029484,14.85070896,31.22068024,0.220602208,48.7,55.9,36,0,T2M,Archival,1,38.3032,-74.5052
5/9/15,2015,5,6.451368809,15.0557394,30.6118145,0.24584,36,67.9,35,0,A7M,Archival,1,38.3031,-74.6525
5/9/15,2015,5,6.677615643,14.9811058,30.80371284,0.345978757,21.4,83.3,24,0,A2M,Archival,1,38.378,-74.8051
5/10/15,2015,5,6.403614044,15.38345242,31.04183388,0.249439955,48.7,55.9,36,0,T2M,Archival,1,38.3032,-74.5052
5/10/15,2015,5,6.064397812,15.49861622,30.69498253,0.26955,36,67.9,35,0,A7M,Archival,1,38.3031,-74.6525
5/10/15,2015,5,6.37134409,15.39043427,30.72133636,0.375795424,21.4,83.3,24,0,A2M,Archival,1,38.378,-74.8051
5/11/15,2015,5,6.711256027,15.78283215,30.87763786,0.251988226,48.7,55.9,36,0,T2M,Archival,1,38.3032,-74.5052
5/11/15,2015,5,6.645764828,16.10101128,30.75982094,0.27015,36,67.9,35,0,A7M,Archival,1,38.3031,-74.6525
5/11/15,2015,5,7.173273563,16.0219574,30.47979927,0.36869516,21.4,83.3,24,0,A2M,Archival,1,38.378,-74.8051
5/12/15,2015,5,6.816589832,15.71666336,30.99955559,0.247224265,48.7,55.9,36,0,T2M,Archival,1,38.3032,-74.5052
5/12/15,2015,5,6.762750149,16.33143806,30.87409401,0.27339,36,67.9,35,0,A7M,Archival,1,38.3031,-74.6525
5/12/15,2015,5,7.271835804,16.52935219,30.91564178,0.385729849,21.4,83.3,24,0,A2M,Archival,1,38.378,-74.8051
5/13/15,2015,5,7.195216656,15.21659756,31.24782753,0.222816136,48.7,55.9,36,0,T2M,Archival,1,38.3032,-74.5052
5/13/15,2015,5,6.983091831,15.19328976,31.11374092,0.23458,36,67.9,35,0,A7M,Archival,1,38.3031,-74.6525
5/13/15,2015,5,7.363076687,14.12616825,31.34686279,0.281795482,21.4,83.3,24,0,A2M,Archival,1,38.378,-74.8051
5/14/15,2015,5,7.199631214,13.78627491,31.52839661,0.182962325,48.7,55.9,36,0,T2M,Archival,1,38.3032,-74.5052
5/14/15,2015,5,6.796348572,13.46918011,31.43998146,0.19065,36,67.9,35,0,A7M,Archival,1,38.3031,-74.6525
5/14/15,2015,5,7.20228529,12.97984314,31.55423164,0.240731577,21.4,83.3,24,0,A2M,Archival,1,38.378,-74.8051
5/15/15,2015,5,6.800813198,14.10885906,31.60713196,0.203001274,48.7,55.9,36,0,T2M,Archival,1,38.3032,-74.5052
5/15/15,2015,5,6.46282053,13.64795208,31.55508423,0.20529,36,67.9,35,0,A7M,Archival,1,38.3031,-74.6525
5/15/15,2015,5,6.791640759,13.40159512,31.62456512,0.275414765,21.4,83.3,24,0,A2M,Archival,1,38.378,-74.8051
5/16/15,2015,5,6.813706875,14.43738651,31.63230324,0.211768879,48.7,55.9,36,0,T2M,Archival,1,38.3032,-74.5052
5/16/15,2015,5,6.432397842,14.09963989,31.57523155,0.21906,36,67.9,35,0,A7M,Archival,1,38.3031,-74.6525
5/16/15,2015,5,6.734695435,13.92526627,31.76868439,0.299607118,21.4,83.3,24,0,A2M,Archival,1,38.378,-74.8051
5/17/15,2015,5,7.180768967,15.81455135,31.66954803,0.239827289,48.7,55.9,36,0,T2M,Archival,1,38.3032,-74.5052
5/17/15,2015,5,7.03766489,15.78151703,31.57470894,0.24982,36,67.9,35,0,A7M,Archival,1,38.3031,-74.6525
5/17/15,2015,5,7.723798752,15.45841694,31.59428215,0.322275758,21.4,83.3,24,0,A2M,Archival,1,38.378,-74.8051
5/18/15,2015,5,7.262357712,16.44750404,31.68451691,0.255142954,48.7,55.9,36,0,T2M,Archival,1,38.3032,-74.5052
5/18/15,2015,5,7.180524349,16.37269783,31.62286568,0.26263,36,67.9,35,0,A7M,Archival,1,38.3031,-74.6525
5/18/15,2015,5,7.913363934,16.03447533,31.57434082,0.338379641,21.4,83.3,24,0,A2M,Archival,1,38.378,-74.8051
5/19/15,2015,5,7.012951374,16.98205757,31.85059166,0.276919617,48.7,55.9,36,0,T2M,Archival,1,38.3032,-74.5052
5/19/15,2015,5,6.984308243,16.77528763,31.75707436,0.27974,36,67.9,35,0,A7M,Archival,1,38.3031,-74.6525
5/19/15,2015,5,7.840557098,16.68185616,31.60856056,0.368387461,21.4,83.3,24,0,A2M,Archival,1,38.378,-74.8051
5/20/15,2015,5,8.323391914,16.18117523,32.11454773,0.218271759,48.7,55.9,36,0,T2M,Archival,1,38.3032,-74.5052
5/20/15,2015,5,8.27890873,16.10650444,31.92560768,0.22365,36,67.9,35,0,A7M,Archival,1,38.3031,-74.6525
5/20/15,2015,5,9.386995316,16.32330132,31.70271873,0.28901275,21.4,83.3,24,0,A2M,Archival,1,38.378,-74.8051
5/21/15,2015,5,8.579354286,15.81277943,32.30654526,0.200928476,48.7,55.9,36,0,T2M,Archival,1,38.3032,-74.5052
5/21/15,2015,5,8.552269936,15.64256573,32.16040421,0.20258,36,67.9,35,0,A7M,Archival,1,38.3031,-74.6525
5/21/15,2015,5,9.660917282,15.57931423,31.84606361,0.246599873,21.4,83.3,24,0,A2M,Archival,1,38.378,-74.8051
5/22/15,2015,5,8.584201813,15.10610104,32.5512619,0.181163867,48.7,55.9,36,0,T2M,Archival,1,38.3032,-74.5052
5/22/15,2015,5,8.595558167,15.02465057,32.43099213,0.18369,36,67.9,35,0,A7M,Archival,1,38.3031,-74.6525
5/22/15,2015,5,9.780591011,14.85657215,32.05818176,0.211499214,21.4,83.3,24,0,A2M,Archival,1,38.378,-74.8051
5/23/15,2015,5,8.991197586,14.45341778,33.0278511,0.151728339,48.7,55.9,36,0,T2M,Archival,1,38.3032,-74.5052
5/23/15,2015,5,9.233569145,14.60835648,33.00549698,0.15357,36,67.9,35,0,A7M,Archival,1,38.3031,-74.6525
5/23/15,2015,5,10.54943466,14.7208643,32.50290298,0.173809568,21.4,83.3,24,0,A2M,Archival,1,38.378,-74.8051
5/24/15,2015,5,9.117068291,14.63478947,33.02708054,0.153270033,48.7,55.9,36,1,T2M,Archival,1,38.3032,-74.5052
5/24/15,2015,5,9.37003994,14.76385498,33.05673599,0.15411,36,67.9,35,1,A7M,Archival,1,38.3031,-74.6525
5/24/15,2015,5,10.5305872,15.04837704,32.38777161,0.188241243,21.4,83.3,24,0,A2M,Archival,1,38.378,-74.8051
5/25/15,2015,5,9.598741531,14.86439896,32.78119278,0.146268262,48.7,55.9,36,0,T2M,Archival,1,38.3032,-74.5052
5/25/15,2015,5,9.782011986,15.5004158,32.72011185,0.16338,36,67.9,35,0,A7M,Archival,1,38.3031,-74.6525
5/25/15,2015,5,10.80840588,16.11390495,32.05625916,0.221062462,21.4,83.3,24,0,A2M,Archival,1,38.378,-74.8051
5/26/15,2015,5,9.875711441,16.07964897,32.68490982,0.172331598,48.7,55.9,36,0,T2M,Archival,1,38.3032,-74.5052
5/26/15,2015,5,10.25587177,16.74967003,32.62504959,0.18554,36,67.9,35,0,A7M,Archival,1,38.3031,-74.6525
5/26/15,2015,5,11.06509495,16.66950226,32.1237793,0.233516971,21.4,83.3,24,0,A2M,Archival,1,38.378,-74.8051
5/27/15,2015,5,10.28926277,16.77865982,32.52832031,0.180261029,48.7,55.9,36,0,T2M,Archival,1,38.3032,-74.5052
5/27/15,2015,5,10.61907959,17.12827682,32.29462051,0.18598,36,67.9,35,0,A7M,Archival,1,38.3031,-74.6525
5/27/15,2015,5,11.35791779,16.9967823,32.0344429,0.234952688,21.4,83.3,24,0,A2M,Archival,1,38.378,-74.8051
5/28/15,2015,5,10.85530567,17.40070534,32.24284363,0.181816657,48.7,55.9,36,0,T2M,Archival,1,38.3032,-74.5052
5/28/15,2015,5,11.15160275,17.47027397,32.18232346,0.18053,36,67.9,35,0,A7M,Archival,1,38.3031,-74.6525
5/28/15,2015,5,11.7360878,16.81837082,32.2925148,0.211761793,21.4,83.3,24,0,A2M,Archival,1,38.378,-74.8051
5/29/15,2015,5,11.76143169,18.66237068,32.22737503,0.19169275,48.7,55.9,36,0,T2M,Archival,1,38.3032,-74.5052
5/29/15,2015,5,12.26263714,18.65964317,32.41939926,0.18277,36,67.9,35,0,A7M,Archival,1,38.3031,-74.6525
5/29/15,2015,5,12.92943192,17.92270088,32.38273621,0.208052874,21.4,83.3,24,0,A2M,Archival,1,38.378,-74.8051
5/30/15,2015,5,11.81919479,19.45963669,32.24648666,0.212234497,48.7,55.9,36,0,T2M,Archival,1,38.3032,-74.5052
5/30/15,2015,5,12.36528873,19.39020538,32.44418716,0.20071,36,67.9,35,0,A7M,Archival,1,38.3031,-74.6525
5/30/15,2015,5,13.09128284,18.55448151,32.47745132,0.227633278,21.4,83.3,24,0,A2M,Archival,1,38.378,-74.8051
5/31/15,2015,5,11.79606628,19.70869827,32.29008865,0.219795333,48.7,55.9,36,0,T2M,Archival,1,38.3032,-74.5052
5/31/15,2015,5,12.38823414,19.51602936,32.47225189,0.20365,36,67.9,35,0,A7M,Archival,1,38.3031,-74.6525
5/31/15,2015,5,13.07337093,18.21909904,32.66411591,0.214405338,21.4,83.3,24,0,A2M,Archival,1,38.378,-74.8051
6/1/15,2015,6,12.43721771,19.52803421,32.29372787,0.196967125,48.7,55.9,36,0,T2M,Archival,1,38.3032,-74.5052
6/1/15,2015,6,12.94987011,19.48927689,32.50969696,0.18684,36,67.9,35,0,A7M,Archival,1,38.3031,-74.6525
6/1/15,2015,6,13.66303921,18.4222641,32.71483994,0.198301037,21.4,83.3,24,0,A2M,Archival,1,38.378,-74.8051
6/2/15,2015,6,12.28642941,19.94835091,32.34865189,0.212831153,48.7,55.9,36,0,T2M,Archival,1,38.3032,-74.5052
6/2/15,2015,6,12.90509796,19.77662086,32.53738403,0.19633,36,67.9,35,0,A7M,Archival,1,38.3031,-74.6525
6/2/15,2015,6,13.60374355,18.58587837,32.79943466,0.207588951,21.4,83.3,24,0,A2M,Archival,1,38.378,-74.8051
6/3/15,2015,6,11.73014355,19.65873909,32.52468491,0.220238765,48.7,55.9,36,0,T2M,Archival,1,38.3032,-74.5052
6/3/15,2015,6,12.86163425,19.5285244,32.37375259,0.19048,36,67.9,35,0,A7M,Archival,1,38.3031,-74.6525
6/3/15,2015,6,13.45130634,18.7576313,32.63603592,0.221096873,21.4,83.3,24,0,A2M,Archival,1,38.378,-74.8051
6/4/15,2015,6,11.4569521,17.34174538,32.86267853,0.16346648,48.7,55.9,36,0,T2M,Archival,1,38.3032,-74.5052
6/4/15,2015,6,12.38491917,17.30185318,32.50577927,0.14048,36,67.9,35,0,A7M,Archival,1,38.3031,-74.6525
6/4/15,2015,6,14.24872684,17.61165428,32.38586426,0.140121977,21.4,83.3,24,0,A2M,Archival,1,38.378,-74.8051
6/5/15,2015,6,11.04358387,17.42512321,32.63415909,0.177264982,48.7,55.9,36,0,T2M,Archival,1,38.3032,-74.5052
6/5/15,2015,6,11.99832153,17.13556862,32.35863113,0.14678,36,67.9,35,0,A7M,Archival,1,38.3031,-74.6525
6/5/15,2015,6,15.53822613,17.61500359,32.14096451,0.086532394,21.4,83.3,24,0,A2M,Archival,1,38.378,-74.8051
6/6/15,2015,6,10.94373226,17.32492447,32.65532684,0.177255339,48.7,55.9,36,0,T2M,Archival,1,38.3032,-74.5052
6/6/15,2015,6,11.68857574,17.01743126,32.31747055,0.15225,36,67.9,35,0,A7M,Archival,1,38.3031,-74.6525
6/6/15,2015,6,15.91910839,17.26680946,32.05508041,0.056154211,21.4,83.3,24,0,A2M,Archival,1,38.378,-74.8051
6/7/15,2015,6,10.87904739,17.23510933,32.74576187,0.176557276,48.7,55.9,36,0,T2M,Archival,1,38.3032,-74.5052
6/7/15,2015,6,11.44114208,17.00484467,32.36766434,0.15896,36,67.9,35,0,A7M,Archival,1,38.3031,-74.6525
6/7/15,2015,6,15.31163883,17.2888813,32.0762825,0.082385103,21.4,83.3,24,0,A2M,Archival,1,38.378,-74.8051
6/8/15,2015,6,10.89469051,17.51591301,32.75646973,0.183922847,48.7,55.9,36,0,T2M,Archival,1,38.3032,-74.5052
6/8/15,2015,6,11.36289692,17.30831337,32.34987259,0.16987,36,67.9,35,0,A7M,Archival,1,38.3031,-74.6525
6/8/15,2015,6,14.46159267,17.60435677,32.12731552,0.130948504,21.4,83.3,24,0,A2M,Archival,1,38.378,-74.8051
6/9/15,2015,6,11.11765575,17.39624977,32.59661102,0.174405389,48.7,55.9,36,0,T2M,Archival,1,38.3032,-74.5052
6/9/15,2015,6,11.34931183,17.66737747,32.22903824,0.18052,36,67.9,35,0,A7M,Archival,1,38.3031,-74.6525
6/9/15,2015,6,13.04772568,17.82393456,32.31062317,0.199008703,21.4,83.3,24,0,A2M,Archival,1,38.378,-74.8051
6/10/15,2015,6,10.73871708,18.55260468,32.56029892,0.217052433,48.7,55.9,36,0,T2M,Archival,1,38.3032,-74.5052
6/10/15,2015,6,10.95927334,18.55135536,32.33420181,0.21692,36,67.9,35,0,A7M,Archival,1,38.3031,-74.6525
6/10/15,2015,6,12.0091629,18.53633308,32.38196182,0.271965424,21.4,83.3,24,0,A2M,Archival,1,38.378,-74.8051
6/11/15,2015,6,10.71937084,19.01478386,32.52649307,0.230428139,48.7,55.9,36,0,T2M,Archival,1,38.3032,-74.5052
6/11/15,2015,6,11.01182175,18.95300293,32.36218643,0.22689,36,67.9,35,0,A7M,Archival,1,38.3031,-74.6525
6/11/15,2015,6,11.94381046,18.83430862,32.25992966,0.28710409,21.4,83.3,24,0,A2M,Archival,1,38.378,-74.8051
6/12/15,2015,6,10.84325409,19.28335381,32.43584824,0.234447214,48.7,55.9,36,0,T2M,Archival,1,38.3032,-74.5052
6/12/15,2015,6,11.17503834,19.20994377,32.39346695,0.22957,36,67.9,35,0,A7M,Archival,1,38.3031,-74.6525
6/12/15,2015,6,12.06102467,18.85993004,32.1866684,0.283287724,21.4,83.3,24,0,A2M,Archival,1,38.378,-74.8051
6/13/15,2015,6,11.59057903,20.38904381,32.4324379,0.244401799,48.7,55.9,36,0,T2M,Archival,1,38.3032,-74.5052
6/13/15,2015,6,12.12269974,20.30545044,32.36862564,0.23379,36,67.9,35,0,A7M,Archival,1,38.3031,-74.6525
6/13/15,2015,6,13.2392664,19.51987076,32.03123474,0.261691848,21.4,83.3,24,0,A2M,Archival,1,38.378,-74.8051
6/14/15,2015,6,11.68526936,21.15976715,32.42888641,0.263180494,48.7,55.9,36,0,T2M,Archival,1,38.3032,-74.5052
6/14/15,2015,6,12.26713276,21.0948925,32.34534073,0.25222,36,67.9,35,0,A7M,Archival,1,38.3031,-74.6525
6/14/15,2015,6,13.35025311,20.65013695,32.09147644,0.304161827,21.4,83.3,24,0,A2M,Archival,1,38.378,-74.8051
6/15/15,2015,6,11.50917816,21.56062508,32.40921783,0.279206859,48.7,55.9,36,0,T2M,Archival,1,38.3032,-74.5052
6/15/15,2015,6,12.21246052,21.40217781,32.2453804,0.26256,36,67.9,35,0,A7M,Archival,1,38.3031,-74.6525
6/15/15,2015,6,13.2105484,20.76721382,32.06663895,0.314861059,21.4,83.3,24,0,A2M,Archival,1,38.378,-74.8051
6/16/15,2015,6,10.87411213,21.92325401,32.43745422,0.306920608,48.7,55.9,36,0,T2M,Archival,1,38.3032,-74.5052
6/16/15,2015,6,11.96374607,21.7194767,32.241436,0.27874,36,67.9,35,0,A7M,Archival,1,38.3031,-74.6525
6/16/15,2015,6,13.30695248,21.12323189,32.02371216,0.325678309,21.4,83.3,24,0,A2M,Archival,1,38.378,-74.8051
6/17/15,2015,6,10.65167236,22.26978111,32.42469406,0.322725243,48.7,55.9,36,0,T2M,Archival,1,38.3032,-74.5052
6/17/15,2015,6,11.84023952,22.05060005,32.14179993,0.29172,36,67.9,35,0,A7M,Archival,1,38.3031,-74.6525
6/17/15,2015,6,13.32106304,21.92501259,31.91739082,0.358497898,21.4,83.3,24,0,A2M,Archival,1,38.378,-74.8051
6/18/15,2015,6,10.27994347,22.45310974,32.49924088,0.338143508,48.7,55.9,36,0,T2M,Archival,1,38.3032,-74.5052
6/18/15,2015,6,11.56496525,22.0558033,32.20770645,0.29974,36,67.9,35,0,A7M,Archival,1,38.3031,-74.6525
6/18/15,2015,6,13.17125416,21.77346802,31.95675087,0.358425577,21.4,83.3,24,0,A2M,Archival,1,38.378,-74.8051
6/19/15,2015,6,10.64487553,22.62506104,32.46171951,0.332782931,48.7,55.9,36,0,T2M,Archival,1,38.3032,-74.5052
6/19/15,2015,6,11.90414906,22.26119995,32.11814499,0.29592,36,67.9,35,0,A7M,Archival,1,38.3031,-74.6525
6/19/15,2015,6,13.71180248,22.02563667,31.80237389,0.346409758,21.4,83.3,24,0,A2M,Archival,1,38.378,-74.8051
6/20/15,2015,6,10.59047031,23.13054657,32.44900513,0.348335452,48.7,55.9,36,0,T2M,Archival,1,38.3032,-74.5052
6/20/15,2015,6,11.74419308,22.84887886,32.05857468,0.31728,36,67.9,35,0,A7M,Archival,1,38.3031,-74.6525
6/20/15,2015,6,13.69252682,22.76611137,31.67286491,0.378066023,21.4,83.3,24,0,A2M,Archival,1,38.378,-74.8051
6/21/15,2015,6,10.41801929,22.82450867,32.37809372,0.344624705,48.7,55.9,36,0,T2M,Archival,1,38.3032,-74.5052
6/21/15,2015,6,11.55923748,22.53009224,31.94303894,0.31345,36,67.9,35,0,A7M,Archival,1,38.3031,-74.6525
6/21/15,2015,6,13.39037704,22.22409821,31.5939846,0.368071715,21.4,83.3,24,0,A2M,Archival,1,38.378,-74.8051
6/22/15,2015,6,9.75599575,23.51535797,32.39220047,0.382204506,48.7,55.9,36,0,T2M,Archival,1,38.3032,-74.5052
6/22/15,2015,6,11.01422405,23.09914398,31.83714294,0.34528,36,67.9,35,0,A7M,Archival,1,38.3031,-74.6525
6/22/15,2015,6,12.93284225,22.69640541,31.42384911,0.406815132,21.4,83.3,24,0,A2M,Archival,1,38.378,-74.8051
6/23/15,2015,6,9.648495674,23.80322838,32.31526184,0.39318702,48.7,55.9,36,1,T2M,Archival,1,38.3032,-74.5052
6/23/15,2015,6,10.83118153,23.34009361,31.73013306,0.3574,36,67.9,35,1,A7M,Archival,1,38.3031,-74.6525
6/23/15,2015,6,12.5518198,22.44119835,31.41102028,0.412057439,21.4,83.3,24,1,A2M,Archival,1,38.378,-74.8051
6/24/15,2015,6,9.508907318,23.83515358,32.12097549,0.397951285,48.7,55.9,36,1,T2M,Archival,1,38.3032,-74.5052
6/24/15,2015,6,10.6482029,23.33449364,31.65502167,0.36247,36,67.9,35,1,A7M,Archival,1,38.3031,-74.6525
6/24/15,2015,6,12.33874512,22.21769714,31.68391609,0.411623001,21.4,83.3,24,1,A2M,Archival,1,38.378,-74.8051
6/25/15,2015,6,9.811675072,23.38813591,32.15511703,0.377123912,48.7,55.9,36,0,T2M,Archival,1,38.3032,-74.5052
6/25/15,2015,6,11.05301666,23.05710793,31.6408844,0.34297,36,67.9,35,0,A7M,Archival,1,38.3031,-74.6525
6/25/15,2015,6,12.70441341,22.47769928,31.53595543,0.407220244,21.4,83.3,24,0,A2M,Archival,1,38.378,-74.8051
6/26/15,2015,6,9.788109779,23.50332451,32.020401,0.380978187,48.7,55.9,36,0,T2M,Archival,1,38.3032,-74.5052
6/26/15,2015,6,11.05096149,23.11938286,31.50975037,0.34481,36,67.9,35,0,A7M,Archival,1,38.3031,-74.6525
6/26/15,2015,6,12.53296947,22.88568306,31.24434662,0.431363066,21.4,83.3,24,0,A2M,Archival,1,38.378,-74.8051
6/27/15,2015,6,9.762475967,23.1151886,32.21214676,0.370908684,48.7,55.9,36,0,T2M,Archival,1,38.3032,-74.5052
6/27/15,2015,6,11.08901978,22.70733833,31.70567322,0.33195,36,67.9,35,0,A7M,Archival,1,38.3031,-74.6525
6/27/15,2015,6,12.51923656,22.43437767,31.37414742,0.413130879,21.4,83.3,24,0,A2M,Archival,1,38.378,-74.8051
6/28/15,2015,6,8.713914871,22.41858864,32.22282028,0.380685382,48.7,55.9,36,0,T2M,Archival,1,38.3032,-74.5052
6/28/15,2015,6,10.54911137,22.09458923,31.7914257,0.32987,36,67.9,35,0,A7M,Archival,1,38.3031,-74.6525
6/28/15,2015,6,12.11332989,21.71435547,31.24632263,0.400042733,21.4,83.3,24,0,A2M,Archival,1,38.378,-74.8051
6/29/15,2015,6,8.504178047,22.40189362,32.27739716,0.386047655,48.7,55.9,36,0,T2M,Archival,1,38.3032,-74.5052
6/29/15,2015,6,10.23909283,21.95784187,31.72974205,0.33482,36,67.9,35,0,A7M,Archival,1,38.3031,-74.6525
6/29/15,2015,6,12.19166088,22.35206413,30.80389404,0.423350135,21.4,83.3,24,0,A2M,Archival,1,38.378,-74.8051
6/30/15,2015,6,8.550428391,22.67590523,32.22130585,0.392374357,48.7,55.9,36,0,T2M,Archival,1,38.3032,-74.5052
6/30/15,2015,6,10.01619816,22.34855843,31.64999962,0.35235,36,67.9,35,0,A7M,Archival,1,38.3031,-74.6525
6/30/15,2015,6,12.08646393,22.66051674,30.93881416,0.440585534,21.4,83.3,24,0,A2M,Archival,1,38.378,-74.8051
7/1/15,2015,7,9.633272171,22.88796806,32.07178879,0.368185997,48.7,55.9,36,0,T2M,Archival,1,38.3032,-74.5052
7/1/15,2015,7,11.09943867,22.73153877,31.38526726,0.33235,36,67.9,35,0,A7M,Archival,1,38.3031,-74.6525
7/1/15,2015,7,13.10490036,22.24624634,31.19763374,0.380889416,21.4,83.3,24,0,A2M,Archival,1,38.378,-74.8051
7/2/15,2015,7,9.701760292,23.1252346,31.87933922,0.372874286,48.7,55.9,36,0,T2M,Archival,1,38.3032,-74.5052
7/2/15,2015,7,11.04910183,23.10323906,31.21158791,0.3444,36,67.9,35,0,A7M,Archival,1,38.3031,-74.6525
7/2/15,2015,7,13.0539856,22.13033867,31.41098213,0.378181378,21.4,83.3,24,0,A2M,Archival,1,38.378,-74.8051
7/3/15,2015,7,9.823342323,23.37091827,31.84290504,0.376321554,48.7,55.9,36,0,T2M,Archival,1,38.3032,-74.5052
7/3/15,2015,7,11.10611057,23.24146271,31.16840172,0.34672,36,67.9,35,0,A7M,Archival,1,38.3031,-74.6525
7/3/15,2015,7,13.10847759,22.59101295,31.25336647,0.39510564,21.4,83.3,24,0,A2M,Archival,1,38.378,-74.8051
7/4/15,2015,7,10.24626064,23.56709862,31.95723152,0.370023277,48.7,55.9,36,0,T2M,Archival,1,38.3032,-74.5052
7/4/15,2015,7,11.57052898,23.10029411,31.22623253,0.32942,36,67.9,35,0,A7M,Archival,1,38.3031,-74.6525
7/4/15,2015,7,13.3650856,22.53184319,31.11907387,0.381948233,21.4,83.3,24,0,A2M,Archival,1,38.378,-74.8051
7/5/15,2015,7,9.931160927,23.64009857,31.97354698,0.380803823,48.7,55.9,36,0,T2M,Archival,1,38.3032,-74.5052
7/5/15,2015,7,11.50542068,22.89933968,31.18601227,0.32554,36,67.9,35,0,A7M,Archival,1,38.3031,-74.6525
7/5/15,2015,7,13.27990818,22.45585442,30.90492249,0.382331093,21.4,83.3,24,0,A2M,Archival,1,38.378,-74.8051
7/6/15,2015,7,9.670119286,23.90556526,31.99518776,0.395429055,48.7,55.9,36,0,T2M,Archival,1,38.3032,-74.5052
7/6/15,2015,7,11.47715282,23.15479469,31.22513771,0.33365,36,67.9,35,0,A7M,Archival,1,38.3031,-74.6525
7/6/15,2015,7,13.30800343,22.32909203,30.71170044,0.375878692,21.4,83.3,24,0,A2M,Archival,1,38.378,-74.8051
7/7/15,2015,7,10.04728794,24.23259735,32.00833893,0.394036373,48.7,55.9,36,0,T2M,Archival,1,38.3032,-74.5052
7/7/15,2015,7,11.63757324,23.64785004,31.23938179,0.34315,36,67.9,35,0,A7M,Archival,1,38.3031,-74.6525
7/7/15,2015,7,13.7061224,23.01378059,30.73320961,0.387819091,21.4,83.3,24,0,A2M,Archival,1,38.378,-74.8051
7/8/15,2015,7,9.897091866,24.33713341,31.89802742,0.401112265,48.7,55.9,36,0,T2M,Archival,1,38.3032,-74.5052
7/8/15,2015,7,11.21307373,23.56893158,31.13233948,0.35302,36,67.9,35,0,A7M,Archival,1,38.3031,-74.6525
7/8/15,2015,7,13.42387676,23.35973167,31.02163696,0.413993955,21.4,83.3,24,0,A2M,Archival,1,38.378,-74.8051
7/9/15,2015,7,9.730186462,24.61134148,31.60195923,0.413365417,48.7,55.9,36,0,T2M,Archival,1,38.3032,-74.5052
7/9/15,2015,7,10.80937195,24.13712883,31.06566048,0.38079,36,67.9,35,0,A7M,Archival,1,38.3031,-74.6525
7/9/15,2015,7,13.03714466,23.41867065,31.26403618,0.432563583,21.4,83.3,24,0,A2M,Archival,1,38.378,-74.8051
7/10/15,2015,7,10.86627102,24.61100197,31.73146629,0.381798082,48.7,55.9,36,0,T2M,Archival,1,38.3032,-74.5052
7/10/15,2015,7,11.8897295,24.16013908,31.22684669,0.35058,36,67.9,35,0,A7M,Archival,1,38.3031,-74.6525
7/10/15,2015,7,14.01296902,23.60526466,31.30489159,0.399678985,21.4,83.3,24,0,A2M,Archival,1,38.378,-74.8051
7/11/15,2015,7,11.00484467,24.69439507,32.02390671,0.380265289,48.7,55.9,36,0,T2M,Archival,1,38.3032,-74.5052
7/11/15,2015,7,11.97780228,24.14118385,31.43345833,0.34753,36,67.9,35,0,A7M,Archival,1,38.3031,-74.6525
7/11/15,2015,7,14.15985012,23.79579926,31.38146782,0.401497881,21.4,83.3,24,0,A2M,Archival,1,38.378,-74.8051
7/12/15,2015,7,11.05177975,24.73954582,31.98304558,0.380215724,48.7,55.9,36,0,T2M,Archival,1,38.3032,-74.5052
7/12/15,2015,7,11.94336796,24.13288879,31.47200775,0.34827,36,67.9,35,0,A7M,Archival,1,38.3031,-74.6525
7/12/15,2015,7,14.05376053,23.88726044,31.36064339,0.409729163,21.4,83.3,24,0,A2M,Archival,1,38.378,-74.8051
7/13/15,2015,7,11.33012676,25.31028748,31.72536278,0.388337798,48.7,55.9,36,0,T2M,Archival,1,38.3032,-74.5052
7/13/15,2015,7,12.07029247,24.66297722,31.4942379,0.35979,36,67.9,35,0,A7M,Archival,1,38.3031,-74.6525
7/13/15,2015,7,14.07152843,24.3054142,31.41320992,0.426411907,21.4,83.3,24,0,A2M,Archival,1,38.378,-74.8051
7/14/15,2015,7,11.36110306,25.10980988,31.60849571,0.381908523,48.7,55.9,36,0,T2M,Archival,1,38.3032,-74.5052
7/14/15,2015,7,12.034729,24.50127411,31.54543877,0.35619,36,67.9,35,0,A7M,Archival,1,38.3031,-74.6525
7/14/15,2015,7,13.82478333,24.27747536,31.44463539,0.435528835,21.4,83.3,24,0,A2M,Archival,1,38.378,-74.8051
7/15/15,2015,7,11.40560246,24.69327736,31.59222412,0.369102081,48.7,55.9,36,0,T2M,Archival,1,38.3032,-74.5052
7/15/15,2015,7,12.00486279,24.44082451,31.52062988,0.35531,36,67.9,35,0,A7M,Archival,1,38.3031,-74.6525
7/15/15,2015,7,13.63421345,23.92897987,31.50111198,0.428948601,21.4,83.3,24,0,A2M,Archival,1,38.378,-74.8051
7/16/15,2015,7,12.01123047,24.58921051,31.85512733,0.349388334,48.7,55.9,36,0,T2M,Archival,1,38.3032,-74.5052
7/16/15,2015,7,13.05031109,24.0568409,31.78473854,0.31447,36,67.9,35,0,A7M,Archival,1,38.3031,-74.6525
7/16/15,2015,7,15.4429512,23.94244385,31.50345421,0.354145527,21.4,83.3,24,0,A2M,Archival,1,38.378,-74.8051
7/17/15,2015,7,11.58036327,24.77288055,32.19892502,0.366458813,48.7,55.9,36,0,T2M,Archival,1,38.3032,-74.5052
7/17/15,2015,7,13.41991043,23.87583923,31.96860504,0.29874,36,67.9,35,0,A7M,Archival,1,38.3031,-74.6525
7/17/15,2015,7,15.73269272,23.43510628,31.65319824,0.320933898,21.4,83.3,24,0,A2M,Archival,1,38.378,-74.8051
7/18/15,2015,7,11.55669403,24.81953239,32.22812271,0.368412177,48.7,55.9,36,0,T2M,Archival,1,38.3032,-74.5052
7/18/15,2015,7,13.21956348,24.03209496,31.96942139,0.30893,36,67.9,35,0,A7M,Archival,1,38.3031,-74.6525
7/18/15,2015,7,15.35559368,23.87923431,31.41752052,0.355151693,21.4,83.3,24,0,A2M,Archival,1,38.378,-74.8051
7/19/15,2015,7,11.84638882,25.2634182,32.1546936,0.372695261,48.7,55.9,36,0,T2M,Archival,1,38.3032,-74.5052
7/19/15,2015,7,13.34592056,24.73098755,31.95884895,0.32529,36,67.9,35,0,A7M,Archival,1,38.3031,-74.6525
7/19/15,2015,7,15.48684788,24.95056725,31.35753441,0.39432164,21.4,83.3,24,0,A2M,Archival,1,38.378,-74.8051
7/20/15,2015,7,11.82607746,25.66277885,32.16617584,0.384352816,48.7,55.9,36,0,T2M,Archival,1,38.3032,-74.5052
7/20/15,2015,7,13.1472702,25.35803795,31.77761269,0.34888,36,67.9,35,0,A7M,Archival,1,38.3031,-74.6525
7/20/15,2015,7,15.21142578,25.4280014,31.43741417,0.425690651,21.4,83.3,24,0,A2M,Archival,1,38.378,-74.8051
7/21/15,2015,7,11.75576115,26.0209713,32.18985367,0.396255838,48.7,55.9,36,0,T2M,Archival,1,38.3032,-74.5052
7/21/15,2015,7,12.99822521,25.90757179,31.63624573,0.36884,36,67.9,35,0,A7M,Archival,1,38.3031,-74.6525
7/21/15,2015,7,15.07122135,25.73239708,31.50317574,0.444215655,21.4,83.3,24,0,A2M,Archival,1,38.378,-74.8051
7/22/15,2015,7,11.92027569,25.54039764,32.04580688,0.378336721,48.7,55.9,36,0,T2M,Archival,1,38.3032,-74.5052
7/22/15,2015,7,13.26454639,25.20300865,31.42477226,0.3411,36,67.9,35,0,A7M,Archival,1,38.3031,-74.6525
7/22/15,2015,7,15.47375107,25.02750206,31.40679169,0.398072958,21.4,83.3,24,0,A2M,Archival,1,38.378,-74.8051
7/23/15,2015,7,11.96625614,25.42266846,32.12182236,0.373789231,48.7,55.9,36,0,T2M,Archival,1,38.3032,-74.5052
7/23/15,2015,7,13.23630047,25.02660561,31.54357147,0.33687,36,67.9,35,0,A7M,Archival,1,38.3031,-74.6525
7/23/15,2015,7,15.40779209,24.95999336,31.45922852,0.398008386,21.4,83.3,24,0,A2M,Archival,1,38.378,-74.8051
7/24/15,2015,7,12.11330795,25.48906136,32.15218353,0.371548706,48.7,55.9,36,1,T2M,Archival,1,38.3032,-74.5052
7/24/15,2015,7,13.206707,25.07088661,31.68886566,0.33898,36,67.9,35,1,A7M,Archival,1,38.3031,-74.6525
7/24/15,2015,7,15.57013798,25.07025337,31.5127697,0.395838141,21.4,83.3,24,0,A2M,Archival,1,38.378,-74.8051
7/25/15,2015,7,12.48527527,26.1703949,32.19421768,0.380142212,48.7,55.9,36,0,T2M,Archival,1,38.3032,-74.5052
7/25/15,2015,7,13.57497311,25.45444489,31.92436981,0.33941,36,67.9,35,0,A7M,Archival,1,38.3031,-74.6525
7/25/15,2015,7,15.91142178,25.21554565,31.71460915,0.387671828,21.4,83.3,24,0,A2M,Archival,1,38.378,-74.8051
7/26/15,2015,7,12.51829815,26.15659142,32.20749664,0.37884148,48.7,55.9,36,0,T2M,Archival,1,38.3032,-74.5052
7/26/15,2015,7,13.68680477,25.44172859,31.88612175,0.33585,36,67.9,35,0,A7M,Archival,1,38.3031,-74.6525
7/26/15,2015,7,15.87936115,24.88671875,31.65278053,0.375306567,21.4,83.3,24,0,A2M,Archival,1,38.378,-74.8051
7/27/15,2015,7,12.46474934,26.03316689,32.19117355,0.376900487,48.7,55.9,36,0,T2M,Archival,1,38.3032,-74.5052
7/27/15,2015,7,13.6754427,25.44293785,31.82704926,0.33621,36,67.9,35,0,A7M,Archival,1,38.3031,-74.6525
7/27/15,2015,7,15.66439533,24.87552071,31.58844948,0.383796891,21.4,83.3,24,0,A2M,Archival,1,38.378,-74.8051
7/28/15,2015,7,13.94257069,25.4290905,32.16527939,0.319069995,48.7,55.9,36,0,T2M,Archival,1,38.3032,-74.5052
7/28/15,2015,7,15.58618069,25.20523834,31.8112812,0.27483,36,67.9,35,0,A7M,Archival,1,38.3031,-74.6525
7/28/15,2015,7,17.94295692,25.07383919,31.65504265,0.297120094,21.4,83.3,24,0,A2M,Archival,1,38.378,-74.8051
7/29/15,2015,7,14.01664829,25.49997902,32.09069824,0.318981409,48.7,55.9,36,0,T2M,Archival,1,38.3032,-74.5052
7/29/15,2015,7,15.60677814,25.43133545,31.78234863,0.2807,36,67.9,35,0,A7M,Archival,1,38.3031,-74.6525
7/29/15,2015,7,17.9103508,25.24066925,31.73451042,0.305429935,21.4,83.3,24,0,A2M,Archival,1,38.378,-74.8051
7/30/15,2015,7,13.99574947,25.52870941,31.99771118,0.320359998,48.7,55.9,36,0,T2M,Archival,1,38.3032,-74.5052
7/30/15,2015,7,15.57083416,25.63865089,31.86065102,0.28765,36,67.9,35,0,A7M,Archival,1,38.3031,-74.6525
7/30/15,2015,7,17.80935097,24.7674408,31.9154644,0.28992041,21.4,83.3,24,0,A2M,Archival,1,38.378,-74.8051
7/31/15,2015,7,14.91336918,26.06379509,32.08618546,0.309734053,48.7,55.9,36,0,T2M,Archival,1,38.3032,-74.5052
7/31/15,2015,7,16.55709457,26.12502289,32.15444946,0.27337,36,67.9,35,0,A7M,Archival,1,38.3031,-74.6525
7/31/15,2015,7,19.02412224,25.25027275,32.30845642,0.259422938,21.4,83.3,24,1,A2M,Archival,1,38.378,-74.8051
8/1/15,2015,8,15.30650234,26.26281738,32.13522339,0.304342084,48.7,55.9,36,0,T2M,Archival,1,38.3032,-74.5052
8/1/15,2015,8,16.81999016,26.23758698,32.25348282,0.26907,36,67.9,35,0,A7M,Archival,1,38.3031,-74.6525
8/1/15,2015,8,19.40590096,25.54990387,32.48339844,0.256000121,21.4,83.3,24,0,A2M,Archival,1,38.378,-74.8051
8/2/15,2015,8,15.84474468,26.48204231,32.18791199,0.29548049,48.7,55.9,36,0,T2M,Archival,1,38.3032,-74.5052
8/2/15,2015,8,17.01678085,26.20293427,32.46476364,0.26246,36,67.9,35,0,A7M,Archival,1,38.3031,-74.6525
8/2/15,2015,8,19.31628036,25.43721199,32.61310196,0.255038818,21.4,83.3,24,0,A2M,Archival,1,38.378,-74.8051
8/3/15,2015,8,16.78769112,26.61749268,32.27745438,0.273050043,48.7,55.9,36,0,T2M,Archival,1,38.3032,-74.5052
8/3/15,2015,8,17.95573997,26.37195778,32.6317482,0.24046,36,67.9,35,0,A7M,Archival,1,38.3031,-74.6525
8/3/15,2015,8,20.38399315,25.7941227,32.63862991,0.225422064,21.4,83.3,24,0,A2M,Archival,1,38.378,-74.8051
8/4/15,2015,8,16.74327087,26.11213875,32.65657425,0.26024633,48.7,55.9,36,0,T2M,Archival,1,38.3032,-74.5052
8/4/15,2015,8,17.95311928,25.80618286,32.92969131,0.22437,36,67.9,35,0,A7M,Archival,1,38.3031,-74.6525
8/4/15,2015,8,19.98176384,25.07320404,32.43163681,0.212143342,21.4,83.3,24,0,A2M,Archival,1,38.378,-74.8051
8/5/15,2015,8,17.2185688,25.79478264,33.02519989,0.238228162,48.7,55.9,36,0,T2M,Archival,1,38.3032,-74.5052
8/5/15,2015,8,18.09593964,25.59645844,33.21000671,0.2143,36,67.9,35,0,A7M,Archival,1,38.3031,-74.6525
8/5/15,2015,8,19.89420128,24.76499367,33.10259247,0.202949683,21.4,83.3,24,0,A2M,Archival,1,38.378,-74.8051
8/6/15,2015,8,17.86210632,26.93075752,33.20717621,0.251906978,48.7,55.9,36,0,T2M,Archival,1,38.3032,-74.5052
8/6/15,2015,8,19.45804977,26.81194878,33.32201767,0.21011,36,67.9,35,0,A7M,Archival,1,38.3031,-74.6525
8/6/15,2015,8,21.81880379,26.19976807,33.0354805,0.182540178,21.4,83.3,24,0,A2M,Archival,1,38.378,-74.8051
8/7/15,2015,8,18.19631767,27.10853577,33.20686722,0.247561614,48.7,55.9,36,0,T2M,Archival,1,38.3032,-74.5052
8/7/15,2015,8,19.80819511,26.98742676,33.29526901,0.20512,36,67.9,35,0,A7M,Archival,1,38.3031,-74.6525
8/7/15,2015,8,22.00887871,26.60703087,33.05806351,0.191589673,21.4,83.3,24,0,A2M,Archival,1,38.378,-74.8051
8/8/15,2015,8,17.22373581,26.932127,33.0389328,0.269677533,48.7,55.9,36,0,T2M,Archival,1,38.3032,-74.5052
8/8/15,2015,8,19.35388184,26.73653603,33.05273056,0.21093,36,67.9,35,0,A7M,Archival,1,38.3031,-74.6525
8/8/15,2015,8,21.8856678,26.68366432,33.13783264,0.199916522,21.4,83.3,24,0,A2M,Archival,1,38.378,-74.8051
8/9/15,2015,8,12.32579041,25.10813141,32.82363892,0.355065028,48.7,55.9,36,0,T2M,Archival,1,38.3032,-74.5052
8/9/15,2015,8,16.01562881,24.65585518,32.7663002,0.24686,36,67.9,35,0,A7M,Archival,1,38.3031,-74.6525
8/9/15,2015,8,19.46339989,24.89928627,32.78274536,0.226495266,21.4,83.3,24,0,A2M,Archival,1,38.378,-74.8051
8/10/15,2015,8,12.11877346,24.826231,32.41563797,0.352984932,48.7,55.9,36,0,T2M,Archival,1,38.3032,-74.5052
8/10/15,2015,8,15.58506393,24.42420006,32.44871521,0.25255,36,67.9,35,0,A7M,Archival,1,38.3031,-74.6525
8/10/15,2015,8,19.34869003,24.53314781,32.49424362,0.216019074,21.4,83.3,24,0,A2M,Archival,1,38.378,-74.8051
8/11/15,2015,8,12.09980297,24.88070869,32.22679138,0.355025159,48.7,55.9,36,0,T2M,Archival,1,38.3032,-74.5052
8/11/15,2015,8,14.9891634,24.38019753,32.35844803,0.26832,36,67.9,35,0,A7M,Archival,1,38.3031,-74.6525
8/11/15,2015,8,18.59399986,24.12703896,32.2691803,0.230543296,21.4,83.3,24,0,A2M,Archival,1,38.378,-74.8051
8/12/15,2015,8,11.94665051,25.04784584,32.25727844,0.363922093,48.7,55.9,36,0,T2M,Archival,1,38.3032,-74.5052
8/12/15,2015,8,13.96918869,24.56284332,32.42212296,0.30268,36,67.9,35,0,A7M,Archival,1,38.3031,-74.6525
8/12/15,2015,8,17.40828323,23.96751595,32.1782074,0.273301363,21.4,83.3,24,0,A2M,Archival,1,38.378,-74.8051
8/13/15,2015,8,11.92438984,25.30364227,32.14097595,0.371645901,48.7,55.9,36,0,T2M,Archival,1,38.3032,-74.5052
8/13/15,2015,8,13.86264896,24.98483276,32.31566238,0.31778,36,67.9,35,0,A7M,Archival,1,38.3031,-74.6525
8/13/15,2015,8,17.14699364,24.44223022,32.19543457,0.303968191,21.4,83.3,24,0,A2M,Archival,1,38.378,-74.8051
8/14/15,2015,8,11.86122799,25.32718658,32.06558609,0.374054405,48.7,55.9,36,0,T2M,Archival,1,38.3032,-74.5052
8/14/15,2015,8,13.76312923,25.18173409,32.22355652,0.32625,36,67.9,35,0,A7M,Archival,1,38.3031,-74.6525
8/14/15,2015,8,17.06154442,24.55573463,32.17945862,0.312257926,21.4,83.3,24,0,A2M,Archival,1,38.378,-74.8051
8/15/15,2015,8,10.43289375,25.44458771,32.23388672,0.416991499,48.7,55.9,36,0,T2M,Archival,1,38.3032,-74.5052
8/15/15,2015,8,12.90492725,25.3035202,32.4209404,0.35425,36,67.9,35,0,A7M,Archival,1,38.3031,-74.6525
8/15/15,2015,8,16.86600685,24.57000732,32.34893417,0.32100002,21.4,83.3,24,0,A2M,Archival,1,38.378,-74.8051
8/16/15,2015,8,10.32390976,25.76158714,32.24124908,0.428824372,48.7,55.9,36,0,T2M,Archival,1,38.3032,-74.5052
8/16/15,2015,8,12.77680492,25.62365532,32.45610046,0.36705,36,67.9,35,0,A7M,Archival,1,38.3031,-74.6525
8/16/15,2015,8,16.64529228,24.79765129,32.26294708,0.339681625,21.4,83.3,24,0,A2M,Archival,1,38.378,-74.8051
8/17/15,2015,8,10.16984367,25.84432983,32.24431992,0.435402393,48.7,55.9,36,0,T2M,Archival,1,38.3032,-74.5052
8/17/15,2015,8,12.45198822,25.7262249,32.47805405,0.37926,36,67.9,35,0,A7M,Archival,1,38.3031,-74.6525
8/17/15,2015,8,16.27744484,25.00001717,32.2419014,0.363440514,21.4,83.3,24,0,A2M,Archival,1,38.378,-74.8051
8/18/15,2015,8,9.278800964,25.74286079,32.30196381,0.457334995,48.7,55.9,36,0,T2M,Archival,1,38.3032,-74.5052
8/18/15,2015,8,11.35039234,25.68475533,32.64326096,0.40955,36,67.9,35,0,A7M,Archival,1,38.3031,-74.6525
8/18/15,2015,8,14.98020649,25.24790001,32.47980881,0.427820563,21.4,83.3,24,0,A2M,Archival,1,38.378,-74.8051
8/19/15,2015,8,9.189930916,26.01758766,32.33761978,0.46743491,48.7,55.9,36,0,T2M,Archival,1,38.3032,-74.5052
8/19/15,2015,8,11.34511471,25.93414497,32.6746788,0.41683,36,67.9,35,0,A7M,Archival,1,38.3031,-74.6525
8/19/15,2015,8,14.69617081,25.69087982,32.50780487,0.458112876,21.4,83.3,24,0,A2M,Archival,1,38.378,-74.8051
8/20/15,2015,8,9.145147324,26.27979279,32.34331131,0.475962374,48.7,55.9,36,0,T2M,Archival,1,38.3032,-74.5052
8/20/15,2015,8,11.69316101,26.24599648,32.66589737,0.4158,36,67.9,35,0,A7M,Archival,1,38.3031,-74.6525
8/20/15,2015,8,15.20250225,25.90637398,32.54260254,0.445994655,21.4,83.3,24,0,A2M,Archival,1,38.378,-74.8051
8/21/15,2015,8,9.150359154,26.05491638,32.44279099,0.469571034,48.7,55.9,36,0,T2M,Archival,1,38.3032,-74.5052
8/21/15,2015,8,11.465065,26.11632538,32.67907333,0.41861,36,67.9,35,0,A7M,Archival,1,38.3031,-74.6525
8/21/15,2015,8,14.63531494,25.55936432,32.65785217,0.455168724,21.4,83.3,24,0,A2M,Archival,1,38.378,-74.8051
8/22/15,2015,8,9.137286186,26.14937782,32.372509,0.472558101,48.7,55.9,36,0,T2M,Archival,1,38.3032,-74.5052
8/22/15,2015,8,11.61484909,26.11245728,32.55553818,0.41422,36,67.9,35,0,A7M,Archival,1,38.3031,-74.6525
8/22/15,2015,8,15.11109829,25.76805115,32.66112518,0.444039702,21.4,83.3,24,0,A2M,Archival,1,38.378,-74.8051
8/23/15,2015,8,9.01082325,25.81919098,32.30189514,0.466899104,48.7,55.9,36,0,T2M,Archival,1,38.3032,-74.5052
8/23/15,2015,8,11.65663433,25.68531799,32.402771,0.40082,36,67.9,35,0,A7M,Archival,1,38.3031,-74.6525
8/23/15,2015,8,15.62578201,25.5608654,32.6579628,0.413961808,21.4,83.3,24,0,A2M,Archival,1,38.378,-74.8051
8/24/15,2015,8,8.504229546,26.11382294,32.39793015,0.489155372,48.7,55.9,36,0,T2M,Archival,1,38.3032,-74.5052
8/24/15,2015,8,10.77791309,25.90244484,32.41677094,0.43213,36,67.9,35,0,A7M,Archival,1,38.3031,-74.6525
8/25/15,2015,8,8.43321991,26.09777641,32.35733414,0.490682125,48.7,55.9,36,0,T2M,Archival,1,38.3032,-74.5052
8/25/15,2015,8,10.67175198,25.82767677,32.43750381,0.43303,36,67.9,35,0,A7M,Archival,1,38.3031,-74.6525
8/26/15,2015,8,8.440077782,26.1285305,32.23490524,0.491345909,48.7,55.9,36,0,T2M,Archival,1,38.3032,-74.5052
8/26/15,2015,8,10.57666302,25.89698792,32.39616776,0.43772,36,67.9,35,0,A7M,Archival,1,38.3031,-74.6525
8/27/15,2015,8,9.038367271,25.38958168,32.11051559,0.4542004,48.7,55.9,36,0,T2M,Archival,1,38.3032,-74.5052
8/27/15,2015,8,11.37527466,25.22840118,32.22114182,0.3958,36,67.9,35,0,A7M,Archival,1,38.3031,-74.6525
8/28/15,2015,8,9.328774452,24.92747498,32.11040115,0.433297237,48.7,55.9,36,0,T2M,Archival,1,38.3032,-74.5052
8/28/15,2015,8,11.50236893,24.80203438,32.20220566,0.37999,36,67.9,35,0,A7M,Archival,1,38.3031,-74.6525
8/29/15,2015,8,9.581601143,24.66936302,32.11613464,0.419104497,48.7,55.9,36,1,T2M,Archival,1,38.3032,-74.5052
8/29/15,2015,8,11.52994251,24.62448692,32.20958328,0.37413,36,67.9,35,0,A7M,Archival,1,38.3031,-74.6525
8/30/15,2015,8,10.21780682,25.47966957,32.20285416,0.423940632,48.7,55.9,36,0,T2M,Archival,1,38.3032,-74.5052
8/30/15,2015,8,12.13642406,25.39637756,32.38428116,0.37886,36,67.9,35,0,A7M,Archival,1,38.3031,-74.6525
8/31/15,2015,8,10.54405689,25.63128662,32.22725677,0.419089715,48.7,55.9,36,0,T2M,Archival,1,38.3032,-74.5052
8/31/15,2015,8,11.96978378,25.6037426,32.43790054,0.38954,36,67.9,35,0,A7M,Archival,1,38.3031,-74.6525
9/1/15,2015,9,10.71109772,25.80161285,32.25724411,0.419180976,48.7,55.9,36,0,T2M,Archival,1,38.3032,-74.5052
9/1/15,2015,9,11.3918047,25.78075218,32.44736862,0.41111,36,67.9,35,0,A7M,Archival,1,38.3031,-74.6525
9/2/15,2015,9,8.639340401,26.04135323,32.34824753,0.483389245,48.7,55.9,36,0,T2M,Archival,1,38.3032,-74.5052
9/2/15,2015,9,10.21625614,25.95981598,32.4345932,0.44982,36,67.9,35,0,A7M,Archival,1,38.3031,-74.6525
9/3/15,2015,9,8.92134285,26.20906067,32.36189651,0.480214384,48.7,55.9,36,0,T2M,Archival,1,38.3032,-74.5052
9/3/15,2015,9,10.87179661,26.12518501,32.43937302,0.43581,36,67.9,35,0,A7M,Archival,1,38.3031,-74.6525
9/4/15,2015,9,9.295120239,26.32530022,32.36613846,0.473060555,48.7,55.9,36,0,T2M,Archival,1,38.3032,-74.5052
9/4/15,2015,9,11.23790836,26.28145027,32.43045807,0.42982,36,67.9,35,0,A7M,Archival,1,38.3031,-74.6525
9/5/15,2015,9,11.04822445,25.79830933,32.3196373,0.40972458,48.7,55.9,36,0,T2M,Archival,1,38.3032,-74.5052
9/5/15,2015,9,14.53808975,25.6267395,32.19969559,0.31682,36,67.9,35,0,A7M,Archival,1,38.3031,-74.6525
9/6/15,2015,9,11.95654583,25.48642159,32.18481827,0.375829882,48.7,55.9,36,0,T2M,Archival,1,38.3032,-74.5052
9/6/15,2015,9,15.95832539,25.20554924,32.11333084,0.26421,36,67.9,35,0,A7M,Archival,1,38.3031,-74.6525
9/7/15,2015,9,12.30179596,25.53294373,32.15015793,0.367531882,48.7,55.9,36,0,T2M,Archival,1,38.3032,-74.5052
9/7/15,2015,9,15.30657864,25.12936592,32.07152939,0.28065,36,67.9,35,0,A7M,Archival,1,38.3031,-74.6525
9/8/15,2015,9,11.68915939,25.70171928,32.27619934,0.389237775,48.7,55.9,36,0,T2M,Archival,1,38.3032,-74.5052
9/8/15,2015,9,14.2921629,25.34791565,32.26327515,0.31588,36,67.9,35,0,A7M,Archival,1,38.3031,-74.6525
9/9/15,2015,9,11.29775524,25.91332054,32.30430222,0.405987925,48.7,55.9,36,0,T2M,Archival,1,38.3032,-74.5052
9/9/15,2015,9,13.32925892,25.69207001,32.25194168,0.35322,36,67.9,35,0,A7M,Archival,1,38.3031,-74.6525
9/10/15,2015,9,11.07330418,25.87367821,32.3102684,0.411121501,48.7,55.9,36,0,T2M,Archival,1,38.3032,-74.5052
9/10/15,2015,9,12.77933598,25.72385406,32.07322693,0.36984,36,67.9,35,0,A7M,Archival,1,38.3031,-74.6525
9/11/15,2015,9,11.39397144,25.33887672,32.19932938,0.38735848,48.7,55.9,36,0,T2M,Archival,1,38.3032,-74.5052
9/11/15,2015,9,12.96246338,25.33170509,31.86237144,0.35341,36,67.9,35,0,A7M,Archival,1,38.3031,-74.6525
9/12/15,2015,9,11.49791431,25.07721519,32.18069077,0.377202802,48.7,55.9,36,0,T2M,Archival,1,38.3032,-74.5052
9/12/15,2015,9,13.06070042,24.90863228,31.84653664,0.33851,36,67.9,35,0,A7M,Archival,1,38.3031,-74.6525
9/13/15,2015,9,11.45226002,24.70065498,32.09257126,0.368010971,48.7,55.9,36,0,T2M,Archival,1,38.3032,-74.5052
9/13/15,2015,9,13.10834503,24.68287086,31.78113365,0.3307,36,67.9,35,0,A7M,Archival,1,38.3031,-74.6525
9/14/15,2015,9,11.27691269,23.79102516,32.09705353,0.347614235,48.7,55.9,36,0,T2M,Archival,1,38.3032,-74.5052
9/14/15,2015,9,12.9973402,23.56736755,31.77375603,0.302,36,67.9,35,0,A7M,Archival,1,38.3031,-74.6525
9/15/15,2015,9,11.16023254,23.51073647,32.13101578,0.343069553,48.7,55.9,36,0,T2M,Archival,1,38.3032,-74.5052
9/15/15,2015,9,12.61851501,23.36026955,31.84586334,0.30691,36,67.9,35,0,A7M,Archival,1,38.3031,-74.6525
9/16/15,2015,9,11.25902653,23.80723572,32.16382217,0.348561366,48.7,55.9,36,0,T2M,Archival,1,38.3032,-74.5052
9/16/15,2015,9,12.38938236,23.67656898,31.89365196,0.32249,36,67.9,35,0,A7M,Archival,1,38.3031,-74.6525
9/17/15,2015,9,10.47228146,23.89222145,32.27051544,0.372776111,48.7,55.9,36,0,T2M,Archival,1,38.3032,-74.5052
9/17/15,2015,9,11.54709339,23.60696983,32.02455902,0.34457,36,67.9,35,0,A7M,Archival,1,38.3031,-74.6525
9/18/15,2015,9,10.60341549,23.86319733,32.26014328,0.368327273,48.7,55.9,36,0,T2M,Archival,1,38.3032,-74.5052
9/18/15,2015,9,11.90442181,23.55024529,32.01166153,0.33274,36,67.9,35,0,A7M,Archival,1,38.3031,-74.6525
9/19/15,2015,9,10.66384411,24.1320591,32.2930603,0.374117083,48.7,55.9,36,0,T2M,Archival,1,38.3032,-74.5052
9/19/15,2015,9,12.03770065,23.8808136,32.04629135,0.33837,36,67.9,35,0,A7M,Archival,1,38.3031,-74.6525
9/19/15,2015,9,15.90361404,23.90969086,32.18168259,0.333586534,21.4,83.3,24,0,A2M,Archival,1,38.378,-74.8051
9/20/15,2015,9,10.6559,24.64741516,32.47719193,0.388653199,48.7,55.9,36,0,T2M,Archival,1,38.3032,-74.5052
9/20/15,2015,9,12.19556808,24.48108673,32.11057663,0.35101,36,67.9,35,0,A7M,Archival,1,38.3031,-74.6525
9/20/15,2015,9,16.7299614,24.52934265,32.17348862,0.324974219,21.4,83.3,24,0,A2M,Archival,1,38.378,-74.8051
9/21/15,2015,9,11.18773556,24.24524498,32.60338211,0.362708595,48.7,55.9,36,0,T2M,Archival,1,38.3032,-74.5052
9/21/15,2015,9,13.52780437,23.89553642,32.12719345,0.29622,36,67.9,35,0,A7M,Archival,1,38.3031,-74.6525
9/21/15,2015,9,18.80719757,24.00431633,32.01062775,0.216546615,21.4,83.3,24,0,A2M,Archival,1,38.378,-74.8051
9/22/15,2015,9,11.99496841,23.92897987,32.85946655,0.331500318,48.7,55.9,36,0,T2M,Archival,1,38.3032,-74.5052
9/22/15,2015,9,16.30032158,23.66816521,32.28519821,0.21051,36,67.9,35,0,A7M,Archival,1,38.3031,-74.6525
9/22/15,2015,9,21.18258476,23.30395699,31.66296959,0.088390509,21.4,83.3,24,0,A2M,Archival,1,38.378,-74.8051
9/23/15,2015,9,13.9705801,22.93019295,33.06246185,0.248878135,48.7,55.9,36,0,T2M,Archival,1,38.3032,-74.5052
9/23/15,2015,9,17.24607277,22.585989,32.56221008,0.15257,36,67.9,35,0,A7M,Archival,1,38.3031,-74.6525
9/23/15,2015,9,21.08448792,21.5043335,31.46809959,0.017493566,21.4,83.3,24,0,A2M,Archival,1,38.378,-74.8051
9/24/15,2015,9,15.08130932,22.48061562,33.02916336,0.205536286,48.7,55.9,36,0,T2M,Archival,1,38.3032,-74.5052
9/24/15,2015,9,18.03864288,21.87067223,32.58204269,0.10949,36,67.9,35,0,A7M,Archival,1,38.3031,-74.6525
9/24/15,2015,9,21.15439796,21.1406765,31.6530323,-0.000571728,21.4,83.3,24,0,A2M,Archival,1,38.378,-74.8051
9/25/15,2015,9,15.90586472,22.1335907,33.14873123,0.172992388,48.7,55.9,36,0,T2M,Archival,1,38.3032,-74.5052
9/25/15,2015,9,19.62444496,21.76662445,32.64822006,0.06121,36,67.9,35,0,A7M,Archival,1,38.3031,-74.6525
9/25/15,2015,9,21.40881157,21.40821266,31.8309536,-2.50E-05,21.4,83.3,24,0,A2M,Archival,1,38.378,-74.8051
9/26/15,2015,9,19.99703598,22.22183418,33.79462433,0.06179995,48.7,55.9,36,0,T2M,Archival,1,38.3032,-74.5052
9/26/15,2015,9,22.00675201,22.01523399,32.58924866,0.00024,36,67.9,35,0,A7M,Archival,1,38.3031,-74.6525
9/26/15,2015,9,22.12185478,22.11739159,31.93551064,-0.000185966,21.4,83.3,24,0,A2M,Archival,1,38.378,-74.8051
9/27/15,2015,9,21.46019745,21.49230385,33.54864502,0.000891844,48.7,55.9,36,0,T2M,Archival,1,38.3032,-74.5052
9/27/15,2015,9,22.03935051,22.06859779,32.48958969,0.00084,36,67.9,35,0,A7M,Archival,1,38.3031,-74.6525
9/27/15,2015,9,22.10405731,22.11827278,32.02400589,0.000592311,21.4,83.3,24,0,A2M,Archival,1,38.378,-74.8051
9/28/15,2015,9,21.17499733,21.40380669,33.44704819,0.006355815,48.7,55.9,36,0,T2M,Archival,1,38.3032,-74.5052
9/28/15,2015,9,22.04537964,22.18564415,32.39191818,0.00401,36,67.9,35,0,A7M,Archival,1,38.3031,-74.6525
9/28/15,2015,9,22.08833313,22.21687889,32.04081726,0.005356073,21.4,83.3,24,0,A2M,Archival,1,38.378,-74.8051
9/29/15,2015,9,21.6642704,22.39989281,33.77723694,0.020433956,48.7,55.9,36,0,T2M,Archival,1,38.3032,-74.5052
9/29/15,2015,9,21.95221519,22.74546814,32.55400467,0.02266,36,67.9,35,0,A7M,Archival,1,38.3031,-74.6525
9/29/15,2015,9,21.95963287,22.63620949,31.95223427,0.028190692,21.4,83.3,24,0,A2M,Archival,1,38.378,-74.8051
9/30/15,2015,9,21.71263885,22.66539764,33.80385208,0.026465522,48.7,55.9,36,0,T2M,Archival,1,38.3032,-74.5052
9/30/15,2015,9,21.81926918,22.89109993,32.48830795,0.03062,36,67.9,35,0,A7M,Archival,1,38.3031,-74.6525
9/30/15,2015,9,22.00786781,22.63520241,31.76241875,0.026138941,21.4,83.3,24,0,A2M,Archival,1,38.378,-74.8051
10/1/15,2015,10,21.72270203,22.16950417,33.48286819,0.012411171,48.7,55.9,36,0,T2M,Archival,1,38.3032,-74.5052
10/1/15,2015,10,21.84941101,22.37722206,32.52239227,0.01508,36,67.9,35,0,A7M,Archival,1,38.3031,-74.6525
10/1/15,2015,10,22.10744476,22.33383369,31.81570625,0.009432872,21.4,83.3,24,0,A2M,Archival,1,38.378,-74.8051
10/2/15,2015,10,19.88474655,19.88790131,33.29879379,8.76E-05,48.7,55.9,36,0,T2M,Archival,1,38.3032,-74.5052
10/2/15,2015,10,20.34615326,20.48806763,32.41776657,0.00405,36,67.9,35,0,A7M,Archival,1,38.3031,-74.6525
10/2/15,2015,10,20.46566391,20.57421875,31.90854836,0.004523118,21.4,83.3,24,0,A2M,Archival,1,38.378,-74.8051
10/3/15,2015,10,19.50092316,19.50090408,33.13991928,-5.30E-07,48.7,55.9,36,0,T2M,Archival,1,38.3032,-74.5052
10/3/15,2015,10,20.00344276,20.00085258,32.45508957,-0.00007,36,67.9,35,0,A7M,Archival,1,38.3031,-74.6525
10/3/15,2015,10,20.0770359,20.07242775,32.19219208,-0.000192006,21.4,83.3,24,0,A2M,Archival,1,38.378,-74.8051
10/4/15,2015,10,19.33755493,19.33700371,33.01615524,-1.53E-05,48.7,55.9,36,0,T2M,Archival,1,38.3032,-74.5052
10/4/15,2015,10,19.92038345,19.92207718,32.508255,0.00005,36,67.9,35,0,A7M,Archival,1,38.3031,-74.6525
10/4/15,2015,10,19.80384636,19.806036,32.36930466,9.12E-05,21.4,83.3,24,0,A2M,Archival,1,38.378,-74.8051
10/5/15,2015,10,19.29791451,19.29927635,33.16698074,3.78E-05,48.7,55.9,36,0,T2M,Archival,1,38.3032,-74.5052
10/5/15,2015,10,19.83085251,19.83363342,32.66835403,0.00008,36,67.9,35,0,A7M,Archival,1,38.3031,-74.6525
10/5/15,2015,10,19.43945694,19.4623127,32.39704514,0.000952323,21.4,83.3,24,0,A2M,Archival,1,38.378,-74.8051
10/6/15,2015,10,19.38710594,19.41487312,33.50235367,0.000771311,48.7,55.9,36,0,T2M,Archival,1,38.3032,-74.5052
10/6/15,2015,10,19.50837135,19.51742744,32.82698441,0.00026,36,67.9,35,0,A7M,Archival,1,38.3031,-74.6525
10/6/15,2015,10,19.11666298,19.1202755,32.24963379,0.000150522,21.4,83.3,24,0,A2M,Archival,1,38.378,-74.8051
10/7/15,2015,10,19.39805031,19.45129967,33.54545975,0.001479149,48.7,55.9,36,0,T2M,Archival,1,38.3032,-74.5052
10/7/15,2015,10,19.5835743,19.51406479,32.85429764,-0.00199,36,67.9,35,0,A7M,Archival,1,38.3031,-74.6525
10/7/15,2015,10,19.03920937,19.07509995,32.25259781,0.001495441,21.4,83.3,24,0,A2M,Archival,1,38.378,-74.8051
10/8/15,2015,10,18.33313942,19.51467705,33.5997963,0.03282049,48.7,55.9,36,0,T2M,Archival,1,38.3032,-74.5052
10/8/15,2015,10,19.01255226,19.36481667,32.81694412,0.01006,36,67.9,35,0,A7M,Archival,1,38.3031,-74.6525
10/8/15,2015,10,18.90206528,18.98996353,31.94171906,0.003662427,21.4,83.3,24,0,A2M,Archival,1,38.378,-74.8051
10/9/15,2015,10,18.27945328,19.55297279,33.53081131,0.035375542,48.7,55.9,36,0,T2M,Archival,1,38.3032,-74.5052
10/9/15,2015,10,18.90709496,19.32758904,32.67799759,0.01201,36,67.9,35,0,A7M,Archival,1,38.3031,-74.6525
10/9/15,2015,10,18.90197945,19.03613472,31.90457916,0.005589803,21.4,83.3,24,0,A2M,Archival,1,38.378,-74.8051
10/10/15,2015,10,18.2196064,19.3748455,33.46546555,0.032089975,48.7,55.9,36,0,T2M,Archival,1,38.3032,-74.5052
10/10/15,2015,10,18.70534706,19.23760223,32.61441422,0.01521,36,67.9,35,0,A7M,Archival,1,38.3031,-74.6525
10/10/15,2015,10,18.90926933,19.00889397,31.94236183,0.004151026,21.4,83.3,24,0,A2M,Archival,1,38.378,-74.8051
10/11/15,2015,10,17.96674919,18.99183083,33.67162704,0.02847449,48.7,55.9,36,0,T2M,Archival,1,38.3032,-74.5052
10/11/15,2015,10,18.65018463,19.00704384,33.12118912,0.0102,36,67.9,35,0,A7M,Archival,1,38.3031,-74.6525
10/11/15,2015,10,18.93498802,18.86995888,32.21616745,-0.002709548,21.4,83.3,24,0,A2M,Archival,1,38.378,-74.8051
10/12/15,2015,10,17.95223427,19.08444786,33.71751785,0.031450378,48.7,55.9,36,0,T2M,Archival,1,38.3032,-74.5052
10/12/15,2015,10,18.57312012,19.083395,33.14751434,0.01458,36,67.9,35,0,A7M,Archival,1,38.3031,-74.6525
10/12/15,2015,10,18.97229958,18.94537163,32.17101669,-0.001121998,21.4,83.3,24,0,A2M,Archival,1,38.378,-74.8051
10/13/15,2015,10,17.90261841,19.2872982,33.73812103,0.038463328,48.7,55.9,36,0,T2M,Archival,1,38.3032,-74.5052
10/13/15,2015,10,18.35362625,19.24532318,32.8323555,0.02548,36,67.9,35,0,A7M,Archival,1,38.3031,-74.6525
10/13/15,2015,10,18.98177719,19.04596138,31.92011452,0.002674341,21.4,83.3,24,0,A2M,Archival,1,38.378,-74.8051
10/14/15,2015,10,18.71405029,19.12261963,33.4184227,0.011349148,48.7,55.9,36,0,T2M,Archival,1,38.3032,-74.5052
10/14/15,2015,10,18.67144775,19.0433712,32.41572571,0.01063,36,67.9,35,0,A7M,Archival,1,38.3031,-74.6525
10/14/15,2015,10,19.04400253,18.80953407,31.72490501,-0.009769519,21.4,83.3,24,0,A2M,Archival,1,38.378,-74.8051
10/15/15,2015,10,18.81540298,18.97939491,33.39606476,0.004555331,48.7,55.9,36,0,T2M,Archival,1,38.3032,-74.5052
10/15/15,2015,10,18.71324348,18.86344528,32.70217896,0.00429,36,67.9,35,0,A7M,Archival,1,38.3031,-74.6525
10/15/15,2015,10,19.09808922,18.68280983,31.81346321,-0.017303308,21.4,83.3,24,0,A2M,Archival,1,38.378,-74.8051
10/16/15,2015,10,18.94673347,18.85311699,33.37263107,-0.002600458,48.7,55.9,36,0,T2M,Archival,1,38.3032,-74.5052
10/16/15,2015,10,18.78015518,18.69104004,32.48440933,-0.00255,36,67.9,35,0,A7M,Archival,1,38.3031,-74.6525
10/16/15,2015,10,19.12623405,18.54074287,31.84317589,-0.024395466,21.4,83.3,24,0,A2M,Archival,1,38.378,-74.8051
10/17/15,2015,10,18.82040596,18.39733315,33.32789612,-0.011752023,48.7,55.9,36,0,T2M,Archival,1,38.3032,-74.5052
10/17/15,2015,10,18.31376839,18.20534325,32.4088974,-0.0031,36,67.9,35,0,A7M,Archival,1,38.3031,-74.6525
10/17/15,2015,10,18.5310421,18.07492638,31.84448051,-0.019004822,21.4,83.3,24,0,A2M,Archival,1,38.378,-74.8051
10/18/15,2015,10,18.83592033,17.97927666,33.33965302,-0.023795658,48.7,55.9,36,0,T2M,Archival,1,38.3032,-74.5052
10/18/15,2015,10,18.37246132,17.87303734,32.74785995,-0.01427,36,67.9,35,0,A7M,Archival,1,38.3031,-74.6525
10/18/15,2015,10,18.51950264,17.70817375,31.96320534,-0.03380537,21.4,83.3,24,0,A2M,Archival,1,38.378,-74.8051
10/19/15,2015,10,18.81021118,17.66778755,33.41203308,-0.03173399,48.7,55.9,36,0,T2M,Archival,1,38.3032,-74.5052
10/19/15,2015,10,18.38715935,17.56702995,32.95802307,-0.02343,36,67.9,35,0,A7M,Archival,1,38.3031,-74.6525
10/19/15,2015,10,18.40755844,17.40475655,32.22504425,-0.041783412,21.4,83.3,24,0,A2M,Archival,1,38.378,-74.8051
10/20/15,2015,10,17.54129791,18.20110512,33.57453537,0.018327978,48.7,55.9,36,0,T2M,Archival,1,38.3032,-74.5052
10/20/15,2015,10,17.71261024,17.90901947,33.09814835,0.00561,36,67.9,35,0,A7M,Archival,1,38.3031,-74.6525
10/20/15,2015,10,18.01699638,17.49204063,32.23367691,-0.021873156,21.4,83.3,24,0,A2M,Archival,1,38.378,-74.8051
10/21/15,2015,10,17.73554611,18.19965363,33.52511978,0.012891875,48.7,55.9,36,0,T2M,Archival,1,38.3032,-74.5052
10/21/15,2015,10,17.88643646,17.71053314,32.5850029,-0.00503,36,67.9,35,0,A7M,Archival,1,38.3031,-74.6525
10/21/15,2015,10,18.09644508,17.62766075,32.09272003,-0.019532681,21.4,83.3,24,0,A2M,Archival,1,38.378,-74.8051
10/22/15,2015,10,17.49059296,18.18180656,33.30083847,0.019200378,48.7,55.9,36,0,T2M,Archival,1,38.3032,-74.5052
10/22/15,2015,10,17.83354568,17.76992416,32.50320435,-0.00182,36,67.9,35,0,A7M,Archival,1,38.3031,-74.6525
10/22/15,2015,10,18.15019226,17.77367973,32.17541122,-0.015688022,21.4,83.3,24,0,A2M,Archival,1,38.378,-74.8051
10/23/15,2015,10,16.82110023,17.96528435,33.38857269,0.031782892,48.7,55.9,36,0,T2M,Archival,1,38.3032,-74.5052
10/23/15,2015,10,16.78416634,17.50375748,32.49168777,0.02056,36,67.9,35,0,A7M,Archival,1,38.3031,-74.6525
10/23/15,2015,10,17.15934944,17.38835907,32.19371033,0.009542068,21.4,83.3,24,0,A2M,Archival,1,38.378,-74.8051
10/24/15,2015,10,16.8716526,17.78236771,33.5919075,0.025297642,48.7,55.9,36,0,T2M,Archival,1,38.3032,-74.5052
10/24/15,2015,10,16.78494453,17.33612251,32.86525726,0.01575,36,67.9,35,0,A7M,Archival,1,38.3031,-74.6525
10/24/15,2015,10,17.21940804,17.12298012,32.31370544,-0.00401783,21.4,83.3,24,0,A2M,Archival,1,38.378,-74.8051
10/25/15,2015,10,16.96190643,17.59840202,33.58858871,0.017680433,48.7,55.9,36,0,T2M,Archival,1,38.3032,-74.5052
10/25/15,2015,10,16.89896965,17.1564312,32.81360626,0.00736,36,67.9,35,0,A7M,Archival,1,38.3031,-74.6525
10/25/15,2015,10,17.22999382,16.91947174,32.32963181,-0.01293842,21.4,83.3,24,0,A2M,Archival,1,38.378,-74.8051
10/26/15,2015,10,18.1889286,17.84513092,33.62382507,-0.009549936,48.7,55.9,36,0,T2M,Archival,1,38.3032,-74.5052
10/26/15,2015,10,17.93360519,17.23984528,32.8986702,-0.01982,36,67.9,35,0,A7M,Archival,1,38.3031,-74.6525
10/26/15,2015,10,17.76108742,16.92284775,32.36194992,-0.034926653,21.4,83.3,24,0,A2M,Archival,1,38.378,-74.8051
10/27/15,2015,10,18.21712303,17.85539055,33.69435501,-0.010048125,48.7,55.9,36,0,T2M,Archival,1,38.3032,-74.5052
10/27/15,2015,10,18.01462746,17.36531639,33.08975601,-0.01855,36,67.9,35,0,A7M,Archival,1,38.3031,-74.6525
10/27/15,2015,10,17.43254852,16.90886116,32.49842072,-0.021820307,21.4,83.3,24,0,A2M,Archival,1,38.378,-74.8051
10/28/15,2015,10,18.19023132,17.94999313,33.75594711,-0.006673283,48.7,55.9,36,0,T2M,Archival,1,38.3032,-74.5052
10/28/15,2015,10,18.02252197,17.49481392,33.10616684,-0.01508,36,67.9,35,0,A7M,Archival,1,38.3031,-74.6525
10/28/15,2015,10,17.14389038,17.11403275,32.55212784,-0.001244068,21.4,83.3,24,0,A2M,Archival,1,38.378,-74.8051
10/29/15,2015,10,17.56962013,17.90233421,33.59425354,0.009242058,48.7,55.9,36,0,T2M,Archival,1,38.3032,-74.5052
10/29/15,2015,10,17.42993736,17.38918877,32.89253616,-0.00116,36,67.9,35,0,A7M,Archival,1,38.3031,-74.6525
10/29/15,2015,10,16.8576889,17.01895332,32.36712646,0.006719351,21.4,83.3,24,0,A2M,Archival,1,38.378,-74.8051
10/30/15,2015,10,17.60874176,17.75363922,33.47624207,0.004024929,48.7,55.9,36,0,T2M,Archival,1,38.3032,-74.5052
10/30/15,2015,10,17.45883179,17.28639603,32.79701614,-0.00493,36,67.9,35,0,A7M,Archival,1,38.3031,-74.6525
10/30/15,2015,10,17.02882385,16.93003464,32.19552994,-0.004116217,21.4,83.3,24,0,A2M,Archival,1,38.378,-74.8051
10/31/15,2015,10,17.64616585,17.56803703,33.57934952,-0.002170245,48.7,55.9,36,0,T2M,Archival,1,38.3032,-74.5052
10/31/15,2015,10,17.50852966,17.12822533,32.9819603,-0.01087,36,67.9,35,0,A7M,Archival,1,38.3031,-74.6525
10/31/15,2015,10,17.09966087,16.73521614,32.33462143,-0.015185197,21.4,83.3,24,1,A2M,Archival,1,38.378,-74.8051
11/1/15,2015,11,16.98960304,17.47506142,33.56803894,0.013484955,48.7,55.9,36,0,T2M,Archival,1,38.3032,-74.5052
11/1/15,2015,11,16.97194862,16.94559479,32.95834351,-0.00075,36,67.9,35,0,A7M,Archival,1,38.3031,-74.6525
11/1/15,2015,11,16.85671043,16.46409798,32.20524979,-0.016358852,21.4,83.3,24,0,A2M,Archival,1,38.378,-74.8051
11/2/15,2015,11,16.93046379,17.37978745,33.51026535,0.012481213,48.7,55.9,36,0,T2M,Archival,1,38.3032,-74.5052
11/2/15,2015,11,16.88817215,16.86948967,32.86384201,-0.00053,36,67.9,35,0,A7M,Archival,1,38.3031,-74.6525
11/2/15,2015,11,16.8305912,16.45215225,32.16142273,-0.01576829,21.4,83.3,24,0,A2M,Archival,1,38.378,-74.8051
11/3/15,2015,11,16.89704895,17.40036011,33.55160141,0.013980865,48.7,55.9,36,0,T2M,Archival,1,38.3032,-74.5052
11/3/15,2015,11,16.86250496,16.870821,32.88748932,0.00024,36,67.9,35,0,A7M,Archival,1,38.3031,-74.6525
11/3/15,2015,11,16.85035896,16.45103836,32.21025848,-0.016638358,21.4,83.3,24,0,A2M,Archival,1,38.378,-74.8051
11/4/15,2015,11,17.38233566,17.51344109,33.56430435,0.003641817,48.7,55.9,36,0,T2M,Archival,1,38.3032,-74.5052
11/4/15,2015,11,17.15609932,17.03408241,32.87620544,-0.00349,36,67.9,35,0,A7M,Archival,1,38.3031,-74.6525
11/4/15,2015,11,17.05414963,16.6930542,32.20203781,-0.015045643,21.4,83.3,24,0,A2M,Archival,1,38.378,-74.8051
11/5/15,2015,11,17.40187645,17.57613182,33.47394943,0.004840427,48.7,55.9,36,0,T2M,Archival,1,38.3032,-74.5052
11/5/15,2015,11,17.20570374,17.18490601,32.81959152,-0.00059,36,67.9,35,0,A7M,Archival,1,38.3031,-74.6525
11/5/15,2015,11,17.1134758,16.88218117,32.21811295,-0.009637276,21.4,83.3,24,0,A2M,Archival,1,38.378,-74.8051
11/6/15,2015,11,17.39165115,17.66032219,33.36007309,0.007463084,48.7,55.9,36,0,T2M,Archival,1,38.3032,-74.5052
11/6/15,2015,11,17.24069786,17.31736755,32.65713501,0.00219,36,67.9,35,0,A7M,Archival,1,38.3031,-74.6525
11/6/15,2015,11,17.13977623,17.08251381,32.2345314,-0.002385934,21.4,83.3,24,0,A2M,Archival,1,38.378,-74.8051
11/7/15,2015,11,18.12827492,17.94932938,33.20802307,-0.004970709,48.7,55.9,36,0,T2M,Archival,1,38.3032,-74.5052
11/7/15,2015,11,17.69870949,17.52593613,32.49417114,-0.00494,36,67.9,35,0,A7M,Archival,1,38.3031,-74.6525
11/7/15,2015,11,17.33917809,17.32836151,32.11668396,-0.000450691,21.4,83.3,24,0,A2M,Archival,1,38.378,-74.8051
11/8/15,2015,11,18.36130333,17.70152855,33.34911728,-0.018327077,48.7,55.9,36,0,T2M,Archival,1,38.3032,-74.5052
11/8/15,2015,11,17.91538048,17.30580139,32.73773193,-0.01742,36,67.9,35,0,A7M,Archival,1,38.3031,-74.6525
11/8/15,2015,11,17.40156746,17.03419304,32.25841141,-0.015307268,21.4,83.3,24,0,A2M,Archival,1,38.378,-74.8051
11/9/15,2015,11,18.42532158,17.56377602,33.55883789,-0.023931821,48.7,55.9,36,0,T2M,Archival,1,38.3032,-74.5052
11/9/15,2015,11,18.01905632,17.24862099,33.03539658,-0.02201,36,67.9,35,0,A7M,Archival,1,38.3031,-74.6525
11/9/15,2015,11,17.46444511,16.83611298,32.39806366,-0.026180506,21.4,83.3,24,0,A2M,Archival,1,38.378,-74.8051
11/10/15,2015,11,18.68781471,17.66606712,33.50550842,-0.028381877,48.7,55.9,36,0,T2M,Archival,1,38.3032,-74.5052
11/10/15,2015,11,17.97506142,17.29897881,32.93983078,-0.01932,36,67.9,35,0,A7M,Archival,1,38.3031,-74.6525
11/10/15,2015,11,17.28704071,16.76970673,32.21778488,-0.021555583,21.4,83.3,24,0,A2M,Archival,1,38.378,-74.8051
11/11/15,2015,11,18.5915699,17.37273598,33.23400497,-0.033856498,48.7,55.9,36,0,T2M,Archival,1,38.3032,-74.5052
11/11/15,2015,11,17.81038284,17.00196266,32.65117645,-0.0231,36,67.9,35,1,A7M,Archival,1,38.3031,-74.6525
11/11/15,2015,11,17.14599419,16.57497597,32.15924072,-0.023792426,21.4,83.3,24,0,A2M,Archival,1,38.378,-74.8051
11/12/15,2015,11,18.50485039,17.02785492,33.08284378,-0.041027652,48.7,55.9,36,0,T2M,Archival,1,38.3032,-74.5052
11/12/15,2015,11,17.71581841,16.68023109,32.5017128,-0.02959,36,67.9,35,0,A7M,Archival,1,38.3031,-74.6525
11/12/15,2015,11,17.05728722,16.19831848,32.01307297,-0.035790364,21.4,83.3,24,0,A2M,Archival,1,38.378,-74.8051
11/13/15,2015,11,18.61468887,17.02928352,32.98267746,-0.044039037,48.7,55.9,36,0,T2M,Archival,1,38.3032,-74.5052
11/13/15,2015,11,17.58787346,16.58066368,32.64452744,-0.02878,36,67.9,35,1,A7M,Archival,1,38.3031,-74.6525
11/13/15,2015,11,17.06320572,15.95697498,32.14572525,-0.046092947,21.4,83.3,24,0,A2M,Archival,1,38.378,-74.8051
11/14/15,2015,11,18.8062191,17.10622215,33.32988358,-0.047222137,48.7,55.9,36,0,T2M,Archival,1,38.3032,-74.5052
11/14/15,2015,11,17.94914436,16.51863098,32.90844727,-0.04087,36,67.9,35,0,A7M,Archival,1,38.3031,-74.6525
11/14/15,2015,11,17.26551819,16.11823845,32.74007797,-0.047803322,21.4,83.3,24,0,A2M,Archival,1,38.378,-74.8051
11/15/15,2015,11,18.3514576,16.7956295,33.55101395,-0.043217447,48.7,55.9,36,0,T2M,Archival,1,38.3032,-74.5052
11/15/15,2015,11,17.72360802,16.28106117,33.14651871,-0.04122,36,67.9,35,0,A7M,Archival,1,38.3031,-74.6525
11/15/15,2015,11,17.12162971,15.8690691,33.0637207,-0.052190026,21.4,83.3,24,0,A2M,Archival,1,38.378,-74.8051
11/16/15,2015,11,17.41868019,16.16649818,33.29090881,-0.034782834,48.7,55.9,36,0,T2M,Archival,1,38.3032,-74.5052
11/16/15,2015,11,16.93696785,15.91040134,33.13071442,-0.02933,36,67.9,35,0,A7M,Archival,1,38.3031,-74.6525
11/16/15,2015,11,16.4023056,15.38617325,33.04779434,-0.042338848,21.4,83.3,24,0,A2M,Archival,1,38.378,-74.8051
11/17/15,2015,11,17.38158607,16.07894325,33.3231163,-0.036184523,48.7,55.9,36,0,T2M,Archival,1,38.3032,-74.5052
11/17/15,2015,11,16.9362545,15.85571289,33.19436646,-0.03087,36,67.9,35,0,A7M,Archival,1,38.3031,-74.6525
11/17/15,2015,11,16.43343544,15.28520966,33.01527786,-0.047842741,21.4,83.3,24,0,A2M,Archival,1,38.378,-74.8051
11/18/15,2015,11,17.68960571,16.26451302,33.69465256,-0.039585908,48.7,55.9,36,0,T2M,Archival,1,38.3032,-74.5052
11/18/15,2015,11,16.77902412,15.79989243,33.29468918,-0.02798,36,67.9,35,0,A7M,Archival,1,38.3031,-74.6525
11/18/15,2015,11,15.56145191,15.32214451,33.09549332,-0.009971142,21.4,83.3,24,0,A2M,Archival,1,38.378,-74.8051
11/19/15,2015,11,18.63695717,16.61491585,33.69525528,-0.056167814,48.7,55.9,36,0,T2M,Archival,1,38.3032,-74.5052
11/19/15,2015,11,16.92928505,15.76371479,33.22010422,-0.0333,36,67.9,35,0,A7M,Archival,1,38.3031,-74.6525
11/19/15,2015,11,15.29790497,15.24289799,33.0587883,-0.002291958,21.4,83.3,24,0,A2M,Archival,1,38.378,-74.8051
11/20/15,2015,11,18.57529831,16.62070274,33.61217117,-0.054294321,48.7,55.9,36,0,T2M,Archival,1,38.3032,-74.5052
11/20/15,2015,11,16.87914848,15.63984203,33.13866806,-0.03541,36,67.9,35,0,A7M,Archival,1,38.3031,-74.6525
11/20/15,2015,11,15.27396774,15.15753269,32.99127579,-0.00485146,21.4,83.3,24,0,A2M,Archival,1,38.378,-74.8051
11/21/15,2015,11,18.2533474,16.46647072,33.73017502,-0.049635463,48.7,55.9,36,0,T2M,Archival,1,38.3032,-74.5052
11/21/15,2015,11,16.41407585,15.6166029,33.32722092,-0.02278,36,67.9,35,0,A7M,Archival,1,38.3031,-74.6525
11/21/15,2015,11,14.90693188,14.87880611,33.08740234,-0.001171907,21.4,83.3,24,0,A2M,Archival,1,38.378,-74.8051
11/22/15,2015,11,17.65310669,16.10569,33.64356232,-0.042983797,48.7,55.9,36,0,T2M,Archival,1,38.3032,-74.5052
11/22/15,2015,11,15.70597935,15.3701086,33.28329849,-0.0096,36,67.9,35,0,A7M,Archival,1,38.3031,-74.6525
11/22/15,2015,11,14.78337479,14.78012466,33.0635643,-0.000135422,21.4,83.3,24,0,A2M,Archival,1,38.378,-74.8051
11/23/15,2015,11,17.41337395,15.71624374,33.65923309,-0.047142506,48.7,55.9,36,0,T2M,Archival,1,38.3032,-74.5052
11/23/15,2015,11,15.46957397,15.03119183,33.28396225,-0.01253,36,67.9,35,0,A7M,Archival,1,38.3031,-74.6525
11/23/15,2015,11,14.48315716,14.43796539,33.04891968,-0.00188299,21.4,83.3,24,0,A2M,Archival,1,38.378,-74.8051
11/24/15,2015,11,17.13003731,15.50698853,33.74791718,-0.045084688,48.7,55.9,36,0,T2M,Archival,1,38.3032,-74.5052
11/24/15,2015,11,14.80542755,14.71784687,33.28345871,-0.0025,36,67.9,35,0,A7M,Archival,1,38.3031,-74.6525
11/24/15,2015,11,14.19176579,14.14382553,33.06638718,-0.001997511,21.4,83.3,24,0,A2M,Archival,1,38.378,-74.8051
11/25/15,2015,11,16.1527729,15.07369518,33.7771225,-0.029974381,48.7,55.9,36,0,T2M,Archival,1,38.3032,-74.5052
11/25/15,2015,11,14.4202795,14.45150375,33.27218246,0.00089,36,67.9,35,0,A7M,Archival,1,38.3031,-74.6525
11/25/15,2015,11,14.00321579,13.96767807,32.93528366,-0.001480738,21.4,83.3,24,1,A2M,Archival,1,38.378,-74.8051
11/26/15,2015,11,15.73897457,14.98711395,33.89161682,-0.020885017,48.7,55.9,36,0,T2M,Archival,1,38.3032,-74.5052
11/26/15,2015,11,14.3448,14.33236599,33.28742599,-0.00036,36,67.9,35,1,A7M,Archival,1,38.3031,-74.6525
11/26/15,2015,11,13.90320301,13.90606308,32.94277573,0.00011917,21.4,83.3,24,1,A2M,Archival,1,38.378,-74.8051
11/27/15,2015,11,15.6170454,14.98758221,33.89425278,-0.017485089,48.7,55.9,36,0,T2M,Archival,1,38.3032,-74.5052
11/27/15,2015,11,14.42115498,14.30880737,33.28295898,-0.00321,36,67.9,35,0,A7M,Archival,1,38.3031,-74.6525
11/27/15,2015,11,13.85817814,13.82030869,32.89976883,-0.001577894,21.4,83.3,24,1,A2M,Archival,1,38.378,-74.8051
11/28/15,2015,11,15.98913574,15.52939987,33.93564224,-0.012770441,48.7,55.9,36,1,T2M,Archival,1,38.3032,-74.5052
11/28/15,2015,11,14.8243742,14.6446619,33.41245651,-0.00513,36,67.9,35,1,A7M,Archival,1,38.3031,-74.6525
11/28/15,2015,11,13.80417728,13.73520184,32.88919449,-0.002873977,21.4,83.3,24,1,A2M,Archival,1,38.378,-74.8051
11/29/15,2015,11,15.85495663,15.44609547,33.89767456,-0.011357254,48.7,55.9,36,0,T2M,Archival,1,38.3032,-74.5052
11/29/15,2015,11,14.94863987,14.65724182,33.43883896,-0.00833,36,67.9,35,1,A7M,Archival,1,38.3031,-74.6525
11/29/15,2015,11,13.83517456,13.72376251,32.90345383,-0.004642169,21.4,83.3,24,1,A2M,Archival,1,38.378,-74.8051
11/30/15,2015,11,15.71772099,15.59447765,33.98600006,-0.003423426,48.7,55.9,36,1,T2M,Archival,1,38.3032,-74.5052
11/30/15,2015,11,14.68696213,14.64568424,33.43845367,-0.00118,36,67.9,35,1,A7M,Archival,1,38.3031,-74.6525
11/30/15,2015,11,13.95602417,13.94465923,33.03147125,-0.000473539,21.4,83.3,24,1,A2M,Archival,1,38.378,-74.8051
12/1/15,2015,12,15.28874207,15.2979784,33.94274139,0.000256565,48.7,55.9,36,0,T2M,Archival,1,38.3032,-74.5052
12/1/15,2015,12,14.14891338,14.16058826,33.26549911,0.00033,36,67.9,35,0,A7M,Archival,1,38.3031,-74.6525
12/1/15,2015,12,13.45789719,13.46957397,32.82950974,0.000486533,21.4,83.3,24,1,A2M,Archival,1,38.378,-74.8051
12/2/15,2015,12,15.26318264,15.13202572,33.86060715,-0.003643248,48.7,55.9,36,0,T2M,Archival,1,38.3032,-74.5052
12/2/15,2015,12,14.17964458,13.93450451,33.13425064,-0.007,36,67.9,35,1,A7M,Archival,1,38.3031,-74.6525
12/2/15,2015,12,13.30491352,13.20919418,32.59801102,-0.003988306,21.4,83.3,24,0,A2M,Archival,1,38.378,-74.8051
12/3/15,2015,12,15.62958145,14.92651844,33.72506714,-0.019529528,48.7,55.9,36,1,T2M,Archival,1,38.3032,-74.5052
12/3/15,2015,12,14.53491211,14.04002094,33.15578842,-0.01414,36,67.9,35,0,A7M,Archival,1,38.3031,-74.6525
12/3/15,2015,12,13.55802917,13.19848919,32.57075882,-0.014980833,21.4,83.3,24,1,A2M,Archival,1,38.378,-74.8051
12/4/15,2015,12,14.97313023,14.51015568,33.88372421,-0.012860404,48.7,55.9,36,0,T2M,Archival,1,38.3032,-74.5052
12/4/15,2015,12,13.9393301,13.80915737,33.40218353,-0.00372,36,67.9,35,0,A7M,Archival,1,38.3031,-74.6525
12/4/15,2015,12,13.01689816,12.82457256,32.73991013,-0.008013566,21.4,83.3,24,0,A2M,Archival,1,38.378,-74.8051
12/5/15,2015,12,14.84224415,14.25679111,33.89632416,-0.016262584,48.7,55.9,36,0,T2M,Archival,1,38.3032,-74.5052
12/5/15,2015,12,13.95324802,13.65872288,33.4656868,-0.00842,36,67.9,35,0,A7M,Archival,1,38.3031,-74.6525
12/5/15,2015,12,12.89698124,12.78858185,32.84196472,-0.004516641,21.4,83.3,24,1,A2M,Archival,1,38.378,-74.8051
12/6/15,2015,12,14.72445774,14.1270256,33.91832352,-0.016595337,48.7,55.9,36,0,T2M,Archival,1,38.3032,-74.5052
12/6/15,2015,12,13.69077778,13.45559978,33.4094696,-0.00672,36,67.9,35,1,A7M,Archival,1,38.3031,-74.6525
12/6/15,2015,12,12.854846,12.80913258,32.89689636,-0.001904726,21.4,83.3,24,1,A2M,Archival,1,38.378,-74.8051
12/7/15,2015,12,14.66029358,14.36367798,33.78602219,-0.008239322,48.7,55.9,36,0,T2M,Archival,1,38.3032,-74.5052
12/7/15,2015,12,13.56875992,13.75645351,33.38818359,0.00536,36,67.9,35,1,A7M,Archival,1,38.3031,-74.6525
12/7/15,2015,12,12.85552883,12.90277863,32.59218216,0.001968741,21.4,83.3,24,1,A2M,Archival,1,38.378,-74.8051
12/8/15,2015,12,14.79111004,14.30938816,33.79437256,-0.013381163,48.7,55.9,36,1,T2M,Archival,1,38.3032,-74.5052
12/8/15,2015,12,13.80107403,13.75100994,33.43702316,-0.00143,36,67.9,35,1,A7M,Archival,1,38.3031,-74.6525
12/8/15,2015,12,13.0676651,12.81118011,32.62799454,-0.010686874,21.4,83.3,24,1,A2M,Archival,1,38.378,-74.8051
12/9/15,2015,12,14.78490543,14.2255249,33.80675125,-0.015538348,48.7,55.9,36,1,T2M,Archival,1,38.3032,-74.5052
12/9/15,2015,12,13.8615427,13.65180111,33.4426918,-0.00599,36,67.9,35,1,A7M,Archival,1,38.3031,-74.6525
12/9/15,2015,12,13.19289494,12.82536602,32.75279999,-0.015313705,21.4,83.3,24,1,A2M,Archival,1,38.378,-74.8051
12/10/15,2015,12,14.31787777,13.71053028,33.81183243,-0.016870764,48.7,55.9,36,1,T2M,Archival,1,38.3032,-74.5052
12/10/15,2015,12,13.42165375,13.18369675,33.34964371,-0.0068,36,67.9,35,1,A7M,Archival,1,38.3031,-74.6525
12/10/15,2015,12,12.98492813,12.42142868,32.53471756,-0.023479144,21.4,83.3,24,1,A2M,Archival,1,38.378,-74.8051
12/11/15,2015,12,14.26830387,13.7136755,33.78474426,-0.015406344,48.7,55.9,36,0,T2M,Archival,1,38.3032,-74.5052
12/11/15,2015,12,13.49451065,13.1622057,33.30862808,-0.00949,36,67.9,35,0,A7M,Archival,1,38.3031,-74.6525
12/11/15,2015,12,12.99188614,12.27477169,32.41814041,-0.029879769,21.4,83.3,24,1,A2M,Archival,1,38.378,-74.8051
12/12/15,2015,12,14.378829,13.58527851,33.66595078,-0.022043069,48.7,55.9,36,1,T2M,Archival,1,38.3032,-74.5052
12/12/15,2015,12,13.63571835,13.07267284,33.1944809,-0.01609,36,67.9,35,1,A7M,Archival,1,38.3031,-74.6525
12/12/15,2015,12,13.09429169,12.16474628,32.41840744,-0.038731058,21.4,83.3,24,1,A2M,Archival,1,38.378,-74.8051
12/13/15,2015,12,13.93296814,13.99169922,33.63940048,0.001631419,48.7,55.9,36,0,T2M,Archival,1,38.3032,-74.5052
12/13/15,2015,12,13.01225376,13.40781784,33.10656357,0.0113,36,67.9,35,0,A7M,Archival,1,38.3031,-74.6525
12/13/15,2015,12,12.53299236,12.48840237,32.50703812,-0.001857917,21.4,83.3,24,0,A2M,Archival,1,38.378,-74.8051
12/14/15,2015,12,14.02998829,14.18151855,33.65420151,0.004209174,48.7,55.9,36,0,T2M,Archival,1,38.3032,-74.5052
12/14/15,2015,12,13.16522694,13.58947372,33.07885361,0.01212,36,67.9,35,0,A7M,Archival,1,38.3031,-74.6525
12/14/15,2015,12,12.5923605,12.68458176,32.57889557,0.003842553,21.4,83.3,24,0,A2M,Archival,1,38.378,-74.8051
12/15/15,2015,12,14.27295017,14.07733536,33.58684158,-0.005433745,48.7,55.9,36,0,T2M,Archival,1,38.3032,-74.5052
12/15/15,2015,12,13.45731831,13.33206844,33.00647736,-0.00358,36,67.9,35,0,A7M,Archival,1,38.3031,-74.6525
12/15/15,2015,12,12.84180737,12.62531281,32.74087143,-0.009020607,21.4,83.3,24,0,A2M,Archival,1,38.378,-74.8051
12/16/15,2015,12,14.42584229,14.28731251,33.59517288,-0.003848049,48.7,55.9,36,0,T2M,Archival,1,38.3032,-74.5052
12/16/15,2015,12,13.49747944,13.52022266,33.13706589,0.00065,36,67.9,35,0,A7M,Archival,1,38.3031,-74.6525
12/16/15,2015,12,12.82283497,12.59566784,32.74042892,-0.009465297,21.4,83.3,24,1,A2M,Archival,1,38.378,-74.8051
12/17/15,2015,12,14.30580425,14.21739578,33.50718689,-0.002455791,48.7,55.9,36,0,T2M,Archival,1,38.3032,-74.5052
12/17/15,2015,12,13.43438721,13.47261524,33.05859375,0.00109,36,67.9,35,0,A7M,Archival,1,38.3031,-74.6525
12/17/15,2015,12,12.8119173,12.73442554,32.71777725,-0.003228823,21.4,83.3,24,0,A2M,Archival,1,38.378,-74.8051
12/18/15,2015,12,14.21189117,14.22319126,33.35267639,0.000313891,48.7,55.9,36,0,T2M,Archival,1,38.3032,-74.5052
12/18/15,2015,12,13.30843258,13.45760727,32.9174118,0.00426,36,67.9,35,0,A7M,Archival,1,38.3031,-74.6525
12/18/15,2015,12,12.75886822,12.78743267,32.6215477,0.001190186,21.4,83.3,24,0,A2M,Archival,1,38.378,-74.8051
12/19/15,2015,12,14.32673168,13.85598373,33.35972977,-0.013076332,48.7,55.9,36,0,T2M,Archival,1,38.3032,-74.5052
12/19/15,2015,12,13.65702534,13.1594286,33.08234787,-0.01422,36,67.9,35,0,A7M,Archival,1,38.3031,-74.6525
12/19/15,2015,12,13.13201046,12.437253,32.58562851,-0.028948228,21.4,83.3,24,0,A2M,Archival,1,38.378,-74.8051
12/20/15,2015,12,14.68967438,13.50456905,33.51403809,-0.032919592,48.7,55.9,36,0,T2M,Archival,1,38.3032,-74.5052
12/20/15,2015,12,14.04671574,12.9860611,33.35781479,-0.0303,36,67.9,35,0,A7M,Archival,1,38.3031,-74.6525
12/20/15,2015,12,13.06978512,12.27558422,32.91864395,-0.033091704,21.4,83.3,24,0,A2M,Archival,1,38.378,-74.8051
12/21/15,2015,12,15.03782749,13.6160965,33.74238205,-0.039492528,48.7,55.9,36,0,T2M,Archival,1,38.3032,-74.5052
12/21/15,2015,12,14.49386501,13.17409134,33.50030136,-0.03771,36,67.9,35,0,A7M,Archival,1,38.3031,-74.6525
12/21/15,2015,12,12.82030869,12.48616505,33.14110947,-0.013922652,21.4,83.3,24,0,A2M,Archival,1,38.378,-74.8051
12/22/15,2015,12,15.35590649,14.03223515,33.86244965,-0.036768648,48.7,55.9,36,0,T2M,Archival,1,38.3032,-74.5052
12/22/15,2015,12,14.92570496,13.44719028,33.40699387,-0.04224,36,67.9,35,0,A7M,Archival,1,38.3031,-74.6525
12/22/15,2015,12,13.51626205,13.31680298,33.05687714,-0.008310795,21.4,83.3,24,0,A2M,Archival,1,38.378,-74.8051
12/23/15,2015,12,15.4669199,14.12299633,33.68708038,-0.03733121,48.7,55.9,36,0,T2M,Archival,1,38.3032,-74.5052
12/23/15,2015,12,15.0300684,13.62814331,33.26016617,-0.04006,36,67.9,35,0,A7M,Archival,1,38.3031,-74.6525
12/23/15,2015,12,13.73205948,13.42231083,32.82901764,-0.012906194,21.4,83.3,24,0,A2M,Archival,1,38.378,-74.8051
12/24/15,2015,12,15.3520689,14.1689415,33.61885834,-0.03286465,48.7,55.9,36,0,T2M,Archival,1,38.3032,-74.5052
12/24/15,2015,12,14.94747829,13.68337345,33.20210648,-0.03612,36,67.9,35,0,A7M,Archival,1,38.3031,-74.6525
12/24/15,2015,12,13.91483307,13.37089062,32.8331871,-0.022664269,21.4,83.3,24,0,A2M,Archival,1,38.378,-74.8051
12/25/15,2015,12,15.50599957,13.83938694,33.46113205,-0.046294795,48.7,55.9,36,0,T2M,Archival,1,38.3032,-74.5052
12/25/15,2015,12,14.78234577,13.19915676,33.04029465,-0.04523,36,67.9,35,0,A7M,Archival,1,38.3031,-74.6525
12/25/15,2015,12,13.58562756,12.55244827,32.65789413,-0.043049137,21.4,83.3,24,0,A2M,Archival,1,38.378,-74.8051
12/26/15,2015,12,15.41727448,13.72671127,33.38708496,-0.046960089,48.7,55.9,36,0,T2M,Archival,1,38.3032,-74.5052
12/26/15,2015,12,14.69381714,13.07980633,32.96634293,-0.04611,36,67.9,35,0,A7M,Archival,1,38.3031,-74.6525
12/26/15,2015,12,13.57052994,12.57098103,32.67469406,-0.041647871,21.4,83.3,24,0,A2M,Archival,1,38.378,-74.8051
12/27/15,2015,12,14.79340363,13.75254822,33.48910522,-0.02891265,48.7,55.9,36,0,T2M,Archival,1,38.3032,-74.5052
12/27/15,2015,12,13.95324326,12.9228735,33.05130386,-0.02944,36,67.9,35,0,A7M,Archival,1,38.3031,-74.6525
12/27/15,2015,12,12.97876835,12.56147289,32.76241684,-0.017387311,21.4,83.3,24,0,A2M,Archival,1,38.378,-74.8051
12/28/15,2015,12,15.5329237,13.97085476,33.22029495,-0.043390804,48.7,55.9,36,0,T2M,Archival,1,38.3032,-74.5052
12/28/15,2015,12,14.59919834,13.35899067,32.85041809,-0.03543,36,67.9,35,0,A7M,Archival,1,38.3031,-74.6525
12/28/15,2015,12,13.54455662,13.10038471,32.65837097,-0.018507163,21.4,83.3,24,1,A2M,Archival,1,38.378,-74.8051
12/29/15,2015,12,14.90054035,13.96343136,33.36581039,-0.026030805,48.7,55.9,36,0,T2M,Archival,1,38.3032,-74.5052
12/29/15,2015,12,13.95046616,13.43571377,33.04630661,-0.01471,36,67.9,35,0,A7M,Archival,1,38.3031,-74.6525
12/29/15,2015,12,12.93018627,12.94935894,32.77173233,0.000798861,21.4,83.3,24,1,A2M,Archival,1,38.378,-74.8051
12/30/15,2015,12,14.72046661,13.82102203,33.25904465,-0.024984572,48.7,55.9,36,1,T2M,Archival,1,38.3032,-74.5052
12/30/15,2015,12,13.6366806,13.24966431,32.95874405,-0.01106,36,67.9,35,1,A7M,Archival,1,38.3031,-74.6525
12/30/15,2015,12,12.57348728,12.49528885,32.49444199,-0.003258268,21.4,83.3,24,1,A2M,Archival,1,38.378,-74.8051
12/31/15,2015,12,14.09024811,14.00060177,33.24816513,-0.002490176,48.7,55.9,36,1,T2M,Archival,1,38.3032,-74.5052
12/31/15,2015,12,12.93669605,13.18360233,32.99576187,0.00705,36,67.9,35,1,A7M,Archival,1,38.3031,-74.6525
12/31/15,2015,12,11.82075977,12.14123821,32.39344406,0.013353268,21.4,83.3,24,1,A2M,Archival,1,38.378,-74.8051
1/1/16,2016,1,14.09519482,13.62694263,33.2480278,-0.013007005,48.7,55.9,36,1,T2M,Archival,1,38.3032,-74.5052
1/1/16,2016,1,13.06080246,12.83512878,33.05161285,-0.00645,36,67.9,35,1,A7M,Archival,1,38.3031,-74.6525
1/1/16,2016,1,11.84463215,11.61731434,32.39916229,-0.009471575,21.4,83.3,24,1,A2M,Archival,1,38.378,-74.8051
1/2/16,2016,1,14.27026367,13.27137661,33.30168152,-0.027746863,48.7,55.9,36,0,T2M,Archival,1,38.3032,-74.5052
1/2/16,2016,1,13.40753651,12.4993372,33.09562302,-0.02595,36,67.9,35,0,A7M,Archival,1,38.3031,-74.6525
1/2/16,2016,1,12.05064392,11.26258564,32.41126633,-0.032835762,21.4,83.3,24,1,A2M,Archival,1,38.378,-74.8051
1/3/16,2016,1,14.22200394,12.85493755,33.33472824,-0.037974066,48.7,55.9,36,1,T2M,Archival,1,38.3032,-74.5052
1/3/16,2016,1,13.312397,11.93923092,32.98616409,-0.03923,36,67.9,35,1,A7M,Archival,1,38.3031,-74.6525
1/3/16,2016,1,11.87167072,10.6753397,32.09038162,-0.049847126,21.4,83.3,24,1,A2M,Archival,1,38.378,-74.8051
1/4/16,2016,1,14.69662857,12.65898514,33.41672134,-0.056601206,48.7,55.9,36,0,T2M,Archival,1,38.3032,-74.5052
1/4/16,2016,1,13.83666229,11.95249176,33.15680313,-0.05383,36,67.9,35,0,A7M,Archival,1,38.3031,-74.6525
1/4/16,2016,1,12.32215977,10.62215519,32.33298874,-0.070833524,21.4,83.3,24,0,A2M,Archival,1,38.378,-74.8051
1/5/16,2016,1,14.75113392,12.43816757,33.64717102,-0.064249065,48.7,55.9,36,0,T2M,Archival,1,38.3032,-74.5052
1/5/16,2016,1,13.80968475,11.62718296,33.31576157,-0.06236,36,67.9,35,1,A7M,Archival,1,38.3031,-74.6525
1/5/16,2016,1,11.52074909,11.08312511,32.97140503,-0.018234332,21.4,83.3,24,0,A2M,Archival,1,38.378,-74.8051
1/6/16,2016,1,14.19513702,12.42278576,33.97704697,-0.04923198,48.7,55.9,36,0,T2M,Archival,1,38.3032,-74.5052
1/6/16,2016,1,13.07733154,11.24677181,33.36251831,-0.0523,36,67.9,35,1,A7M,Archival,1,38.3031,-74.6525
1/6/16,2016,1,11.86949635,10.93776035,32.96219635,-0.038822333,21.4,83.3,24,1,A2M,Archival,1,38.378,-74.8051
1/7/16,2016,1,14.13880634,12.25850201,33.95178604,-0.052230676,48.7,55.9,36,1,T2M,Archival,1,38.3032,-74.5052
1/7/16,2016,1,13.35844803,11.34453487,33.461689,-0.05754,36,67.9,35,1,A7M,Archival,1,38.3031,-74.6525
1/7/16,2016,1,11.45936871,9.146184921,31.05327034,-0.096382658,21.4,83.3,24,0,A2M,Archival,1,38.378,-74.8051
1/8/16,2016,1,14.06766033,12.39705181,34.03641129,-0.046405792,48.7,55.9,36,0,T2M,Archival,1,38.3032,-74.5052
1/8/16,2016,1,13.21768951,11.73897076,33.63245773,-0.04225,36,67.9,35,0,A7M,Archival,1,38.3031,-74.6525
1/8/16,2016,1,11.24916172,10.10337543,32.28475952,-0.047741095,21.4,83.3,24,0,A2M,Archival,1,38.378,-74.8051
1/9/16,2016,1,12.64431858,11.67682934,34.00823212,-0.026874701,48.7,55.9,36,0,T2M,Archival,1,38.3032,-74.5052
1/9/16,2016,1,11.28907394,11.02364063,33.56100082,-0.00758,36,67.9,35,0,A7M,Archival,1,38.3031,-74.6525
1/9/16,2016,1,11.00220108,10.57313347,33.18241119,-0.017877817,21.4,83.3,24,0,A2M,Archival,1,38.378,-74.8051
1/10/16,2016,1,11.88907909,11.53160572,33.95303345,-0.009929816,48.7,55.9,36,0,T2M,Archival,1,38.3032,-74.5052
1/10/16,2016,1,10.72671986,10.72445774,33.44213486,-0.00006,36,67.9,35,0,A7M,Archival,1,38.3031,-74.6525
1/10/16,2016,1,10.66314411,10.58432579,33.04393387,-0.003284097,21.4,83.3,24,0,A2M,Archival,1,38.378,-74.8051
1/11/16,2016,1,11.75435638,11.312397,33.92590332,-0.012276649,48.7,55.9,36,1,T2M,Archival,1,38.3032,-74.5052
1/11/16,2016,1,10.93010426,10.45272923,33.37051773,-0.01364,36,67.9,35,1,A7M,Archival,1,38.3031,-74.6525
1/11/16,2016,1,10.84004974,9.314282417,31.13240242,-0.063573639,21.4,83.3,24,1,A2M,Archival,1,38.378,-74.8051
1/12/16,2016,1,11.4100256,11.70296478,33.97421646,0.0081372,48.7,55.9,36,1,T2M,Archival,1,38.3032,-74.5052
1/12/16,2016,1,10.68235779,10.23909664,33.27601242,-0.01266,36,67.9,35,1,A7M,Archival,1,38.3031,-74.6525
1/12/16,2016,1,10.47755718,8.621259689,31.37849617,-0.077345729,21.4,83.3,24,0,A2M,Archival,1,38.378,-74.8051
1/13/16,2016,1,11.75513363,11.14632893,33.90047073,-0.016911242,48.7,55.9,36,0,T2M,Archival,1,38.3032,-74.5052
1/13/16,2016,1,11.18761349,9.570775032,32.71982193,-0.0462,36,67.9,35,0,A7M,Archival,1,38.3031,-74.6525
1/13/16,2016,1,10.74201965,8.936789513,32.23906708,-0.075217923,21.4,83.3,24,0,A2M,Archival,1,38.378,-74.8051
1/14/16,2016,1,12.00425434,10.94450474,33.92664719,-0.029437489,48.7,55.9,36,0,T2M,Archival,1,38.3032,-74.5052
1/14/16,2016,1,11.42688084,9.612443924,33.0682106,-0.05184,36,67.9,35,0,A7M,Archival,1,38.3031,-74.6525
1/14/16,2016,1,10.0645113,8.77500248,32.49693298,-0.053729534,21.4,83.3,24,0,A2M,Archival,1,38.378,-74.8051
1/15/16,2016,1,12.55498123,11.64055729,33.53047562,-0.025400665,48.7,55.9,36,0,T2M,Archival,1,38.3032,-74.5052
1/15/16,2016,1,11.87994289,10.65639591,33.13929749,-0.03496,36,67.9,35,0,A7M,Archival,1,38.3031,-74.6525
1/15/16,2016,1,10.25497341,9.546455383,32.72985077,-0.029521585,21.4,83.3,24,1,A2M,Archival,1,38.378,-74.8051
1/16/16,2016,1,12.52397442,11.75570202,33.48152924,-0.0213409,48.7,55.9,36,1,T2M,Archival,1,38.3032,-74.5052
1/16/16,2016,1,11.75480652,10.68766308,33.07057571,-0.03049,36,67.9,35,1,A7M,Archival,1,38.3031,-74.6525
1/16/16,2016,1,10.24371815,9.745081902,32.76341629,-0.02077651,21.4,83.3,24,1,A2M,Archival,1,38.378,-74.8051
1/17/16,2016,1,12.46115208,11.39916229,33.44244003,-0.029499716,48.7,55.9,36,1,T2M,Archival,1,38.3032,-74.5052
1/17/16,2016,1,11.58194351,10.32946682,33.01582336,-0.03579,36,67.9,35,1,A7M,Archival,1,38.3031,-74.6525
1/17/16,2016,1,10.15085793,9.626472473,32.84567642,-0.021849394,21.4,83.3,24,1,A2M,Archival,1,38.378,-74.8051
1/18/16,2016,1,11.6469965,9.776497841,33.46271896,-0.051958296,48.7,55.9,36,0,T2M,Archival,1,38.3032,-74.5052
1/18/16,2016,1,10.69362354,8.962076187,33.06135559,-0.04947,36,67.9,35,0,A7M,Archival,1,38.3031,-74.6525
1/18/16,2016,1,8.948379517,8.633133888,32.94378662,-0.013135235,21.4,83.3,24,1,A2M,Archival,1,38.378,-74.8051
1/19/16,2016,1,10.9186182,9.929169655,33.73297882,-0.027484682,48.7,55.9,36,1,T2M,Archival,1,38.3032,-74.5052
1/19/16,2016,1,10.84522152,8.898864746,33.30334854,-0.05561,36,67.9,35,0,A7M,Archival,1,38.3031,-74.6525
1/19/16,2016,1,7.905375957,7.821525574,32.84112167,-0.003493766,21.4,83.3,24,0,A2M,Archival,1,38.378,-74.8051
1/20/16,2016,1,9.868224144,9.81537056,33.97685623,-0.001468155,48.7,55.9,36,0,T2M,Archival,1,38.3032,-74.5052
1/20/16,2016,1,9.00545311,8.933213234,33.5664978,-0.00206,36,67.9,35,0,A7M,Archival,1,38.3031,-74.6525
1/20/16,2016,1,7.414161682,7.364639759,32.8976326,-0.002063413,21.4,83.3,24,0,A2M,Archival,1,38.378,-74.8051
1/21/16,2016,1,9.189167976,9.152651787,33.96944809,-0.001014339,48.7,55.9,36,0,T2M,Archival,1,38.3032,-74.5052
1/21/16,2016,1,8.393284798,8.355934143,33.54738235,-0.00107,36,67.9,35,0,A7M,Archival,1,38.3031,-74.6525
1/21/16,2016,1,7.105577469,7.050228119,32.91978455,-0.002306223,21.4,83.3,24,0,A2M,Archival,1,38.378,-74.8051
1/22/16,2016,1,9.136791229,9.098650932,33.99549484,-0.001059453,48.7,55.9,36,0,T2M,Archival,1,38.3032,-74.5052
1/22/16,2016,1,8.477787971,8.440188408,33.64044189,-0.00107,36,67.9,35,0,A7M,Archival,1,38.3031,-74.6525
1/22/16,2016,1,7.129512787,7.085929394,32.98851395,-0.001815975,21.4,83.3,24,0,A2M,Archival,1,38.378,-74.8051
1/23/16,2016,1,9.435696602,9.441640854,34.01232147,0.000165118,48.7,55.9,36,0,T2M,Archival,1,38.3032,-74.5052
1/23/16,2016,1,8.168728828,8.171347618,33.4853363,0.00007,36,67.9,35,0,A7M,Archival,1,38.3031,-74.6525
1/23/16,2016,1,7.208238602,7.210277081,32.97045135,8.49E-05,21.4,83.3,24,0,A2M,Archival,1,38.378,-74.8051
1/24/16,2016,1,9.256737709,9.234911919,33.84119797,-0.000606272,48.7,55.9,36,1,T2M,Archival,1,38.3032,-74.5052
1/24/16,2016,1,7.712385178,7.688587666,33.41654205,-0.00068,36,67.9,35,1,A7M,Archival,1,38.3031,-74.6525
1/24/16,2016,1,6.159053802,6.134000301,32.81460953,-0.001043896,21.4,83.3,24,0,A2M,Archival,1,38.378,-74.8051
1/25/16,2016,1,8.334736824,8.336728096,33.60377884,5.53E-05,48.7,55.9,36,1,T2M,Archival,1,38.3032,-74.5052
1/25/16,2016,1,7.102697372,7.088449478,33.34713745,-0.00041,36,67.9,35,1,A7M,Archival,1,38.3031,-74.6525
1/25/16,2016,1,5.663194656,5.60401535,32.85793686,-0.002465804,21.4,83.3,24,1,A2M,Archival,1,38.378,-74.8051
1/26/16,2016,1,8.260006905,8.274147034,33.54707718,0.000392781,48.7,55.9,36,1,T2M,Archival,1,38.3032,-74.5052
1/26/16,2016,1,7.24119997,6.923316956,33.27135849,-0.00908,36,67.9,35,1,A7M,Archival,1,38.3031,-74.6525
1/26/16,2016,1,5.880878448,4.829489231,32.34269333,-0.043807884,21.4,83.3,24,1,A2M,Archival,1,38.378,-74.8051
1/27/16,2016,1,8.624874115,8.6257658,33.57811737,2.48E-05,48.7,55.9,36,1,T2M,Archival,1,38.3032,-74.5052
1/27/16,2016,1,7.795341969,7.230007648,32.98391342,-0.01615,36,67.9,35,1,A7M,Archival,1,38.3031,-74.6525
1/27/16,2016,1,6.873542786,5.653176785,31.85227203,-0.050848583,21.4,83.3,24,1,A2M,Archival,1,38.378,-74.8051
1/28/16,2016,1,8.829478264,8.641736984,33.60814285,-0.005215036,48.7,55.9,36,1,T2M,Archival,1,38.3032,-74.5052
1/28/16,2016,1,8.066911697,7.547162533,33.14627457,-0.01485,36,67.9,35,1,A7M,Archival,1,38.3031,-74.6525
1/28/16,2016,1,7.024198532,5.82302618,32.05598831,-0.050048848,21.4,83.3,24,1,A2M,Archival,1,38.378,-74.8051
1/29/16,2016,1,8.936476707,8.642148018,33.60401154,-0.008175797,48.7,55.9,36,1,T2M,Archival,1,38.3032,-74.5052
1/29/16,2016,1,8.223479271,7.512343884,33.1061554,-0.02032,36,67.9,35,1,A7M,Archival,1,38.3031,-74.6525
1/29/16,2016,1,7.184875965,5.979135513,32.13690567,-0.050239185,21.4,83.3,24,1,A2M,Archival,1,38.378,-74.8051
1/30/16,2016,1,8.593753815,8.532735825,33.54097366,-0.001694944,48.7,55.9,36,1,T2M,Archival,1,38.3032,-74.5052
1/30/16,2016,1,8.178192139,7.263988018,33.0520668,-0.02612,36,67.9,35,1,A7M,Archival,1,38.3031,-74.6525
1/30/16,2016,1,6.708534241,5.890666485,32.34276962,-0.034077823,21.4,83.3,24,1,A2M,Archival,1,38.378,-74.8051
1/31/16,2016,1,8.569112778,8.481590271,33.5303688,-0.002431181,48.7,55.9,36,1,T2M,Archival,1,38.3032,-74.5052
1/31/16,2016,1,8.107338905,7.051949978,32.97030258,-0.03015,36,67.9,35,1,A7M,Archival,1,38.3031,-74.6525
1/31/16,2016,1,6.600809574,5.866022587,32.3782959,-0.030616124,21.4,83.3,24,1,A2M,Archival,1,38.378,-74.8051
2/1/16,2016,2,9.008152962,8.511575699,33.52676392,-0.013793813,48.7,55.9,36,1,T2M,Archival,1,38.3032,-74.5052
2/1/16,2016,2,8.453932762,6.682472229,32.72302628,-0.05061,36,67.9,35,1,A7M,Archival,1,38.3031,-74.6525
2/1/16,2016,2,7.123172283,6.283555984,32.47027588,-0.034984012,21.4,83.3,24,1,A2M,Archival,1,38.378,-74.8051
2/2/16,2016,2,9.159651756,8.592824936,33.42713547,-0.015745189,48.7,55.9,36,1,T2M,Archival,1,38.3032,-74.5052
2/2/16,2016,2,8.463321686,7.080460072,32.75255585,-0.03951,36,67.9,35,1,A7M,Archival,1,38.3031,-74.6525
2/2/16,2016,2,7.025402546,6.504971981,32.3522377,-0.021684607,21.4,83.3,24,1,A2M,Archival,1,38.378,-74.8051
2/3/16,2016,2,8.901507378,8.814586639,33.4967804,-0.002414465,48.7,55.9,36,1,T2M,Archival,1,38.3032,-74.5052
2/3/16,2016,2,8.250733376,7.325029373,32.86029434,-0.02645,36,67.9,35,1,A7M,Archival,1,38.3031,-74.6525
2/3/16,2016,2,6.991109371,6.570810795,32.39838791,-0.017512441,21.4,83.3,24,1,A2M,Archival,1,38.378,-74.8051
2/4/16,2016,2,8.922118187,8.643340111,33.25379562,-0.007743835,48.7,55.9,36,1,T2M,Archival,1,38.3032,-74.5052
2/4/16,2016,2,8.2224617,7.218051434,32.59166336,-0.0287,36,67.9,35,1,A7M,Archival,1,38.3031,-74.6525
2/4/16,2016,2,7.281919003,6.700032711,32.2560997,-0.024245262,21.4,83.3,24,1,A2M,Archival,1,38.378,-74.8051
2/5/16,2016,2,8.792071342,7.801328182,33.15328217,-0.027520643,48.7,55.9,36,1,T2M,Archival,1,38.3032,-74.5052
2/5/16,2016,2,8.013665199,6.774007797,32.5999794,-0.03542,36,67.9,35,1,A7M,Archival,1,38.3031,-74.6525
2/5/16,2016,2,6.759455204,6.268728256,32.20878983,-0.020446956,21.4,83.3,24,1,A2M,Archival,1,38.378,-74.8051
2/6/16,2016,2,8.516594887,7.752305508,33.31218719,-0.021230261,48.7,55.9,36,1,T2M,Archival,1,38.3032,-74.5052
2/6/16,2016,2,7.838472366,6.960515499,32.93720245,-0.02508,36,67.9,35,1,A7M,Archival,1,38.3031,-74.6525
2/6/16,2016,2,6.637182713,6.281518936,32.34848785,-0.014819324,21.4,83.3,24,1,A2M,Archival,1,38.378,-74.8051
2/7/16,2016,2,8.427017212,7.645610809,33.31790543,-0.021705733,48.7,55.9,36,1,T2M,Archival,1,38.3032,-74.5052
2/7/16,2016,2,7.844753742,6.913424969,32.95193863,-0.02661,36,67.9,35,1,A7M,Archival,1,38.3031,-74.6525
2/7/16,2016,2,6.823029995,6.031551361,32.13763809,-0.032978276,21.4,83.3,24,1,A2M,Archival,1,38.378,-74.8051
2/8/16,2016,2,8.485141754,8.380027771,33.54351807,-0.002919833,48.7,55.9,36,1,T2M,Archival,1,38.3032,-74.5052
2/8/16,2016,2,7.811517715,7.395942688,33.07004547,-0.01187,36,67.9,35,1,A7M,Archival,1,38.3031,-74.6525
2/8/16,2016,2,6.969189167,6.778678894,32.54960251,-0.007937928,21.4,83.3,24,1,A2M,Archival,1,38.378,-74.8051
2/9/16,2016,2,8.374867439,8.3797369,33.54728699,0.000135263,48.7,55.9,36,1,T2M,Archival,1,38.3032,-74.5052
2/9/16,2016,2,7.337145329,7.340652943,32.9779892,0.0001,36,67.9,35,1,A7M,Archival,1,38.3031,-74.6525
2/9/16,2016,2,6.812505245,6.838342667,32.37350082,0.001076559,21.4,83.3,24,1,A2M,Archival,1,38.378,-74.8051
2/10/16,2016,2,8.290700912,8.213050842,33.52290726,-0.002156946,48.7,55.9,36,1,T2M,Archival,1,38.3032,-74.5052
2/10/16,2016,2,7.462766647,7.12663126,32.99387741,-0.0096,36,67.9,35,1,A7M,Archival,1,38.3031,-74.6525
2/10/16,2016,2,6.833479404,6.378966808,31.30970192,-0.018938025,21.4,83.3,24,0,A2M,Archival,1,38.378,-74.8051
2/11/16,2016,2,8.336643219,8.304508209,33.39315414,-0.000892639,48.7,55.9,36,1,T2M,Archival,1,38.3032,-74.5052
2/11/16,2016,2,7.473325253,7.063154697,32.88478851,-0.01172,36,67.9,35,1,A7M,Archival,1,38.3031,-74.6525
2/11/16,2016,2,6.58509016,5.833932877,31.18233299,-0.03129822,21.4,83.3,24,0,A2M,Archival,1,38.378,-74.8051
2/12/16,2016,2,8.305041313,8.244704247,33.46533966,-0.00167603,48.7,55.9,36,1,T2M,Archival,1,38.3032,-74.5052
2/12/16,2016,2,7.773265839,6.883849621,32.89684677,-0.02541,36,67.9,35,1,A7M,Archival,1,38.3031,-74.6525
2/12/16,2016,2,6.717698574,5.530498981,31.5809021,-0.04946665,21.4,83.3,24,1,A2M,Archival,1,38.378,-74.8051
2/13/16,2016,2,8.402201653,8.314129829,33.54521942,-0.00244644,48.7,55.9,36,0,T2M,Archival,1,38.3032,-74.5052
2/13/16,2016,2,7.872600079,6.866727829,32.93538284,-0.02874,36,67.9,35,0,A7M,Archival,1,38.3031,-74.6525
2/13/16,2016,2,6.741685867,5.473409176,31.82683372,-0.052844862,21.4,83.3,24,0,A2M,Archival,1,38.378,-74.8051
2/14/16,2016,2,6.729044437,6.683141232,33.640522,-0.001275089,48.7,55.9,36,0,T2M,Archival,1,38.3032,-74.5052
2/14/16,2016,2,6.091646194,5.583202362,33.14314651,-0.01453,36,67.9,35,0,A7M,Archival,1,38.3031,-74.6525
2/14/16,2016,2,4.445146084,4.189389229,32.08641815,-0.010656536,21.4,83.3,24,0,A2M,Archival,1,38.378,-74.8051
2/15/16,2016,2,6.517974854,6.494434357,33.66640472,-0.000653903,48.7,55.9,36,1,T2M,Archival,1,38.3032,-74.5052
2/15/16,2016,2,5.974050045,5.363934994,33.1867485,-0.01743,36,67.9,35,1,A7M,Archival,1,38.3031,-74.6525
2/15/16,2016,2,4.634617329,4.006364346,32.18907166,-0.026177208,21.4,83.3,24,1,A2M,Archival,1,38.378,-74.8051
2/16/16,2016,2,6.546991348,6.551434994,33.65365982,0.000123435,48.7,55.9,36,0,T2M,Archival,1,38.3032,-74.5052
2/16/16,2016,2,5.671327591,5.275942326,33.037323,-0.0113,36,67.9,35,0,A7M,Archival,1,38.3031,-74.6525
2/16/16,2016,2,4.967006207,4.004640102,32.02233505,-0.040098588,21.4,83.3,24,1,A2M,Archival,1,38.378,-74.8051
2/17/16,2016,2,7.793674946,7.681064606,33.58811569,-0.003128065,48.7,55.9,36,0,T2M,Archival,1,38.3032,-74.5052
2/17/16,2016,2,7.127290249,5.89274168,32.69172668,-0.03527,36,67.9,35,0,A7M,Archival,1,38.3031,-74.6525
2/17/16,2016,2,6.282478333,4.981582642,32.11815643,-0.054203987,21.4,83.3,24,0,A2M,Archival,1,38.378,-74.8051
2/18/16,2016,2,7.875251293,7.919157028,33.64609146,0.001219604,48.7,55.9,36,0,T2M,Archival,1,38.3032,-74.5052
2/18/16,2016,2,7.321439743,6.483219147,33.00109863,-0.02395,36,67.9,35,1,A7M,Archival,1,38.3031,-74.6525
2/18/16,2016,2,6.228069305,5.115481853,32.15420151,-0.04635781,21.4,83.3,24,1,A2M,Archival,1,38.378,-74.8051
2/19/16,2016,2,7.916545868,7.93315649,33.66414261,0.000461406,48.7,55.9,36,0,T2M,Archival,1,38.3032,-74.5052
2/19/16,2016,2,7.282176971,6.651559353,33.12490082,-0.01802,36,67.9,35,0,A7M,Archival,1,38.3031,-74.6525
2/19/16,2016,2,5.836077213,5.372876644,32.37230301,-0.019300024,21.4,83.3,24,0,A2M,Archival,1,38.378,-74.8051
2/20/16,2016,2,7.785286427,7.939304352,33.55812454,0.004278276,48.7,55.9,36,0,T2M,Archival,1,38.3032,-74.5052
2/20/16,2016,2,6.555777073,6.461771011,32.97943878,-0.00269,36,67.9,35,0,A7M,Archival,1,38.3031,-74.6525
2/20/16,2016,2,5.528907299,5.247276783,32.14928055,-0.011734605,21.4,83.3,24,0,A2M,Archival,1,38.378,-74.8051
2/21/16,2016,2,7.914921284,7.530987263,33.39583206,-0.010664834,48.7,55.9,36,0,T2M,Archival,1,38.3032,-74.5052
2/21/16,2016,2,6.803883076,5.87426424,32.55158234,-0.02656,36,67.9,35,0,A7M,Archival,1,38.3031,-74.6525
2/21/16,2016,2,5.904859066,4.711680889,31.81507111,-0.049715757,21.4,83.3,24,1,A2M,Archival,1,38.378,-74.8051
2/22/16,2016,2,7.903850555,7.492647648,33.29089737,-0.011422303,48.7,55.9,36,0,T2M,Archival,1,38.3032,-74.5052
2/22/16,2016,2,6.928328991,6.048507214,32.50242615,-0.02514,36,67.9,35,0,A7M,Archival,1,38.3031,-74.6525
2/22/16,2016,2,6.007259369,5.101457119,31.88714027,-0.03774176,21.4,83.3,24,0,A2M,Archival,1,38.378,-74.8051
2/23/16,2016,2,8.054067612,7.652033329,33.60092545,-0.011167619,48.7,55.9,36,0,T2M,Archival,1,38.3032,-74.5052
2/23/16,2016,2,6.474596024,6.269175053,32.99938965,-0.00587,36,67.9,35,1,A7M,Archival,1,38.3031,-74.6525
2/23/16,2016,2,5.173507214,5.195937634,32.13681412,0.000934601,21.4,83.3,24,0,A2M,Archival,1,38.378,-74.8051
2/24/16,2016,2,7.571151733,7.724816799,33.65900803,0.004268474,48.7,55.9,36,0,T2M,Archival,1,38.3032,-74.5052
2/24/16,2016,2,6.003461361,6.10260582,32.82142639,0.00283,36,67.9,35,1,A7M,Archival,1,38.3031,-74.6525
2/24/16,2016,2,4.589217663,5.310695171,31.90373802,0.030061563,21.4,83.3,24,0,A2M,Archival,1,38.378,-74.8051
2/25/16,2016,2,7.57359457,7.456292629,33.53279495,-0.003258387,48.7,55.9,36,1,T2M,Archival,1,38.3032,-74.5052
2/25/16,2016,2,6.433172703,5.991416931,32.77511597,-0.01262,36,67.9,35,1,A7M,Archival,1,38.3031,-74.6525
2/25/16,2016,2,5.044476986,5.088530064,31.59235382,0.001835545,21.4,83.3,24,1,A2M,Archival,1,38.378,-74.8051
2/26/16,2016,2,9.115830421,7.756786346,33.16354752,-0.037751224,48.7,55.9,36,0,T2M,Archival,1,38.3032,-74.5052
2/26/16,2016,2,7.875589371,6.736438751,32.73535156,-0.03255,36,67.9,35,0,A7M,Archival,1,38.3031,-74.6525
2/26/16,2016,2,6.461379528,5.755680084,32.10678864,-0.029404143,21.4,83.3,24,0,A2M,Archival,1,38.378,-74.8051
2/27/16,2016,2,9.155041695,7.046571255,32.93020248,-0.058568623,48.7,55.9,36,0,T2M,Archival,1,38.3032,-74.5052
2/27/16,2016,2,8.107162476,6.637419224,32.66348648,-0.04199,36,67.9,35,0,A7M,Archival,1,38.3031,-74.6525
2/27/16,2016,2,6.402992725,5.841262817,32.28138351,-0.023405413,21.4,83.3,24,1,A2M,Archival,1,38.378,-74.8051
2/28/16,2016,2,8.919077873,7.000435352,32.95891953,-0.053295626,48.7,55.9,36,0,T2M,Archival,1,38.3032,-74.5052
2/28/16,2016,2,8.190545082,6.524152756,32.52474976,-0.04761,36,67.9,35,1,A7M,Archival,1,38.3031,-74.6525
2/28/16,2016,2,6.625721455,5.76981163,31.98610497,-0.035662909,21.4,83.3,24,1,A2M,Archival,1,38.378,-74.8051
2/29/16,2016,2,7.488955975,6.012104511,32.54137421,-0.0422,36,67.9,35,0,A7M,Archival,1,38.3031,-74.6525
3/1/16,2016,3,9.007044792,6.573960781,32.6801796,-0.067585667,48.7,55.9,36,0,T2M,Archival,1,38.3032,-74.5052
3/1/16,2016,3,7.986009121,6.043404102,32.49104691,-0.0555,36,67.9,35,0,A7M,Archival,1,38.3031,-74.6525
3/1/16,2016,3,6.21749258,5.239510059,31.86354828,-0.040749272,21.4,83.3,24,0,A2M,Archival,1,38.378,-74.8051
3/2/16,2016,3,9.248515129,6.956522465,32.78624725,-0.063666463,48.7,55.9,36,1,T2M,Archival,1,38.3032,-74.5052
3/2/16,2016,3,8.19699955,6.253227234,32.49868011,-0.05554,36,67.9,35,1,A7M,Archival,1,38.3031,-74.6525
3/2/16,2016,3,6.804913044,5.580518723,32.11163712,-0.05101643,21.4,83.3,24,1,A2M,Archival,1,38.378,-74.8051
3/3/16,2016,3,9.750695229,7.863999844,33.15477753,-0.052408205,48.7,55.9,36,0,T2M,Archival,1,38.3032,-74.5052
3/3/16,2016,3,8.727109909,6.617206573,32.4344902,-0.06028,36,67.9,35,1,A7M,Archival,1,38.3031,-74.6525
3/3/16,2016,3,6.725907803,5.857691288,31.95053673,-0.036175688,21.4,83.3,24,1,A2M,Archival,1,38.378,-74.8051
3/4/16,2016,3,9.659194946,8.075500488,33.20235062,-0.043991513,48.7,55.9,36,1,T2M,Archival,1,38.3032,-74.5052
3/4/16,2016,3,8.742136955,6.939706326,32.59906769,-0.0515,36,67.9,35,1,A7M,Archival,1,38.3031,-74.6525
3/4/16,2016,3,6.800551891,6.173972607,32.10097122,-0.02610747,21.4,83.3,24,1,A2M,Archival,1,38.378,-74.8051
3/5/16,2016,3,9.005788803,8.333436966,33.24277878,-0.01867644,48.7,55.9,36,1,T2M,Archival,1,38.3032,-74.5052
3/5/16,2016,3,7.807079792,7.057163239,32.48827362,-0.02143,36,67.9,35,1,A7M,Archival,1,38.3031,-74.6525
3/5/16,2016,3,6.551919937,6.218111515,31.87261772,-0.013908684,21.4,83.3,24,1,A2M,Archival,1,38.378,-74.8051
3/6/16,2016,3,9.217751503,8.169683456,33.28311157,-0.029113001,48.7,55.9,36,1,T2M,Archival,1,38.3032,-74.5052
3/6/16,2016,3,7.699853897,6.951721668,32.26541519,-0.02138,36,67.9,35,1,A7M,Archival,1,38.3031,-74.6525
3/6/16,2016,3,6.6751194,5.873841763,30.95535278,-0.033386568,21.4,83.3,24,0,A2M,Archival,1,38.378,-74.8051
3/7/16,2016,3,9.209439278,8.212603569,33.23156738,-0.027689881,48.7,55.9,36,1,T2M,Archival,1,38.3032,-74.5052
3/7/16,2016,3,7.872823715,6.991445065,32.27999496,-0.02518,36,67.9,35,1,A7M,Archival,1,38.3031,-74.6525
3/7/16,2016,3,6.768962383,6.061896801,30.94735146,-0.029461066,21.4,83.3,24,1,A2M,Archival,1,38.378,-74.8051
3/8/16,2016,3,9.407915115,8.296205521,33.15395737,-0.030880822,48.7,55.9,36,1,T2M,Archival,1,38.3032,-74.5052
3/8/16,2016,3,8.452843666,7.291715145,32.24455643,-0.03318,36,67.9,35,1,A7M,Archival,1,38.3031,-74.6525
3/8/16,2016,3,7.007750988,6.468078613,30.92050743,-0.022486349,21.4,83.3,24,1,A2M,Archival,1,38.378,-74.8051
3/9/16,2016,3,9.425742149,8.171221733,33.11716461,-0.034847789,48.7,55.9,36,1,T2M,Archival,1,38.3032,-74.5052
3/9/16,2016,3,8.610836029,7.224869251,32.10190964,-0.0396,36,67.9,35,0,A7M,Archival,1,38.3031,-74.6525
3/9/16,2016,3,7.093158722,6.573715687,30.94252968,-0.02164346,21.4,83.3,24,1,A2M,Archival,1,38.378,-74.8051
3/10/16,2016,3,9.573666573,8.105414391,32.82226944,-0.040784783,48.7,55.9,36,1,T2M,Archival,1,38.3032,-74.5052
3/10/16,2016,3,8.840605736,7.278544903,31.57961082,-0.04463,36,67.9,35,1,A7M,Archival,1,38.3031,-74.6525
3/10/16,2016,3,7.39993906,7.011663914,30.96420288,-0.016178131,21.4,83.3,24,0,A2M,Archival,1,38.378,-74.8051
3/11/16,2016,3,9.782897949,8.213763237,32.41130829,-0.043587075,48.7,55.9,36,1,T2M,Archival,1,38.3032,-74.5052
3/11/16,2016,3,9.063593864,7.674293041,31.4139328,-0.03969,36,67.9,35,1,A7M,Archival,1,38.3031,-74.6525
3/11/16,2016,3,7.669261932,7.683582306,31.13254356,0.000596682,21.4,83.3,24,1,A2M,Archival,1,38.378,-74.8051
3/12/16,2016,3,9.970283508,9.108950615,32.14729309,-0.023925914,48.7,55.9,36,1,T2M,Archival,1,38.3032,-74.5052
3/12/16,2016,3,9.221071243,8.468446732,31.31540871,-0.0215,36,67.9,35,0,A7M,Archival,1,38.3031,-74.6525
3/12/16,2016,3,7.868248463,8.241488457,30.81963158,0.015551666,21.4,83.3,24,1,A2M,Archival,1,38.378,-74.8051
3/13/16,2016,3,9.749209404,9.243239403,32.04230118,-0.014054722,48.7,55.9,36,0,T2M,Archival,1,38.3032,-74.5052
3/13/16,2016,3,9.024046898,8.552987099,31.20145226,-0.01346,36,67.9,35,1,A7M,Archival,1,38.3031,-74.6525
3/13/16,2016,3,7.773390293,8.400761604,30.64737892,0.026140471,21.4,83.3,24,0,A2M,Archival,1,38.378,-74.8051
3/14/16,2016,3,9.663413048,9.512207031,32.22481918,-0.004200167,48.7,55.9,36,1,T2M,Archival,1,38.3032,-74.5052
3/14/16,2016,3,8.996958733,8.724328041,31.25638008,-0.00779,36,67.9,35,1,A7M,Archival,1,38.3031,-74.6525
3/14/16,2016,3,7.710772991,8.441140175,30.81591988,0.030431966,21.4,83.3,24,1,A2M,Archival,1,38.378,-74.8051
3/15/16,2016,3,9.081591606,8.696346283,31.66603851,-0.010701259,48.7,55.9,36,1,T2M,Archival,1,38.3032,-74.5052
3/15/16,2016,3,8.177670479,7.70149231,30.6417141,-0.01361,36,67.9,35,1,A7M,Archival,1,38.3031,-74.6525
3/15/16,2016,3,6.703250885,6.875268936,30.64028358,0.007167419,21.4,83.3,24,1,A2M,Archival,1,38.378,-74.8051
3/16/16,2016,3,8.51759243,8.64311409,31.72335815,0.003486713,48.7,55.9,36,1,T2M,Archival,1,38.3032,-74.5052
3/16/16,2016,3,7.593305588,7.799480915,30.6966877,0.00589,36,67.9,35,1,A7M,Archival,1,38.3031,-74.6525
3/16/16,2016,3,6.343626022,6.889448643,30.77544594,0.022742609,21.4,83.3,24,1,A2M,Archival,1,38.378,-74.8051
3/17/16,2016,3,8.394659996,8.748778343,31.48438835,0.009836621,48.7,55.9,36,1,T2M,Archival,1,38.3032,-74.5052
3/17/16,2016,3,7.559561253,7.955932617,30.83291435,0.01132,36,67.9,35,1,A7M,Archival,1,38.3031,-74.6525
3/17/16,2016,3,6.416324615,7.283548832,30.91161919,0.036134342,21.4,83.3,24,1,A2M,Archival,1,38.378,-74.8051
3/18/16,2016,3,7.925494671,8.907155991,31.82547188,0.02726837,48.7,55.9,36,1,T2M,Archival,1,38.3032,-74.5052
3/18/16,2016,3,7.118247509,8.160851479,31.12219238,0.02979,36,67.9,35,1,A7M,Archival,1,38.3031,-74.6525
3/18/16,2016,3,6.347563267,7.653982162,30.93490601,0.054434121,21.4,83.3,24,1,A2M,Archival,1,38.378,-74.8051
3/19/16,2016,3,7.990468502,8.967819214,32.05199432,0.027148631,48.7,55.9,36,1,T2M,Archival,1,38.3032,-74.5052
3/19/16,2016,3,7.237830639,8.23883152,31.36723518,0.0286,36,67.9,35,0,A7M,Archival,1,38.3031,-74.6525
3/19/16,2016,3,6.501001358,7.74971962,31.01777649,0.052029928,21.4,83.3,24,1,A2M,Archival,1,38.378,-74.8051
3/20/16,2016,3,7.776304722,9.099991798,33.04478073,0.036769085,48.7,55.9,36,0,T2M,Archival,1,38.3032,-74.5052
3/20/16,2016,3,7.032758713,8.283845901,32.24204636,0.03575,36,67.9,35,1,A7M,Archival,1,38.3031,-74.6525
3/20/16,2016,3,6.526452541,7.567193508,31.78916168,0.043364207,21.4,83.3,24,0,A2M,Archival,1,38.378,-74.8051
3/21/16,2016,3,8.048277855,8.143984795,33.42272949,0.002658526,48.7,55.9,36,1,T2M,Archival,1,38.3032,-74.5052
3/21/16,2016,3,7.096130848,7.202868938,32.82154846,0.00305,36,67.9,35,1,A7M,Archival,1,38.3031,-74.6525
3/21/16,2016,3,6.768308163,6.767289639,32.23832321,-4.24E-05,21.4,83.3,24,1,A2M,Archival,1,38.378,-74.8051
3/22/16,2016,3,8.003697395,8.003874779,33.37921524,4.93E-06,48.7,55.9,36,0,T2M,Archival,1,38.3032,-74.5052
3/22/16,2016,3,7.187137127,7.151153564,32.85004044,-0.00103,36,67.9,35,1,A7M,Archival,1,38.3031,-74.6525
3/22/16,2016,3,6.789274693,6.703237534,31.93916893,-0.003584882,21.4,83.3,24,1,A2M,Archival,1,38.378,-74.8051
3/23/16,2016,3,8.229439735,7.948005676,33.21712112,-0.007817613,48.7,55.9,36,1,T2M,Archival,1,38.3032,-74.5052
3/23/16,2016,3,7.497400761,7.195373535,32.19738007,-0.00863,36,67.9,35,1,A7M,Archival,1,38.3031,-74.6525
3/23/16,2016,3,6.926021099,7.128082752,31.1479702,0.008419236,21.4,83.3,24,1,A2M,Archival,1,38.378,-74.8051
3/24/16,2016,3,7.871515751,6.855618954,32.91541672,-0.028219355,48.7,55.9,36,1,T2M,Archival,1,38.3032,-74.5052
3/24/16,2016,3,7.315191269,6.593400478,31.84414101,-0.02062,36,67.9,35,1,A7M,Archival,1,38.3031,-74.6525
3/24/16,2016,3,6.768215179,6.843911648,31.21897888,0.00315402,21.4,83.3,24,0,A2M,Archival,1,38.378,-74.8051
3/25/16,2016,3,7.849556446,7.101903439,32.42303467,-0.020768139,48.7,55.9,36,1,T2M,Archival,1,38.3032,-74.5052
3/25/16,2016,3,7.470711231,7.159318924,31.57625389,-0.0089,36,67.9,35,1,A7M,Archival,1,38.3031,-74.6525
3/25/16,2016,3,6.945150852,7.269291401,31.45984459,0.013505856,21.4,83.3,24,0,A2M,Archival,1,38.378,-74.8051
3/26/16,2016,3,7.842195988,7.43478775,32.11354828,-0.011316895,48.7,55.9,36,1,T2M,Archival,1,38.3032,-74.5052
3/26/16,2016,3,7.534246922,7.572033405,31.57375336,0.00108,36,67.9,35,1,A7M,Archival,1,38.3031,-74.6525
3/26/16,2016,3,7.021270275,7.677688122,31.58394623,0.027350744,21.4,83.3,24,1,A2M,Archival,1,38.378,-74.8051
3/27/16,2016,3,7.552947521,7.911951065,32.47065735,0.009972321,48.7,55.9,36,1,T2M,Archival,1,38.3032,-74.5052
3/27/16,2016,3,6.994937897,7.618384838,31.77685738,0.01781,36,67.9,35,0,A7M,Archival,1,38.3031,-74.6525
3/27/16,2016,3,6.468393326,7.529844284,31.44325447,0.044227123,21.4,83.3,24,1,A2M,Archival,1,38.378,-74.8051
3/28/16,2016,3,7.553419113,8.323486328,32.87135696,0.021390756,48.7,55.9,36,1,T2M,Archival,1,38.3032,-74.5052
3/28/16,2016,3,6.848106384,8.061083794,31.81588936,0.03466,36,67.9,35,1,A7M,Archival,1,38.3031,-74.6525
3/28/16,2016,3,6.390622616,8.025425911,31.32517242,0.068116804,21.4,83.3,24,0,A2M,Archival,1,38.378,-74.8051
3/29/16,2016,3,7.657601833,8.258364677,32.7526741,0.016687857,48.7,55.9,36,1,T2M,Archival,1,38.3032,-74.5052
3/29/16,2016,3,6.978219986,7.931484699,31.86491966,0.02724,36,67.9,35,1,A7M,Archival,1,38.3031,-74.6525
3/29/16,2016,3,6.514863968,7.795714855,31.24354744,0.053368787,21.4,83.3,24,0,A2M,Archival,1,38.378,-74.8051
3/30/16,2016,3,7.648713589,8.144314766,32.90193939,0.013766699,48.7,55.9,36,0,T2M,Archival,1,38.3032,-74.5052
3/30/16,2016,3,7.286914349,7.924073696,32.19716263,0.0182,36,67.9,35,0,A7M,Archival,1,38.3031,-74.6525
3/30/16,2016,3,6.926385403,7.769765377,31.50830269,0.035140832,21.4,83.3,24,0,A2M,Archival,1,38.378,-74.8051
3/31/16,2016,3,7.676101685,8.33148098,32.82140732,0.01820498,48.7,55.9,36,0,T2M,Archival,1,38.3032,-74.5052
3/31/16,2016,3,7.341803074,8.089184761,32.17915344,0.02135,36,67.9,35,0,A7M,Archival,1,38.3031,-74.6525
3/31/16,2016,3,6.970941544,8.019838333,31.4779892,0.043704033,21.4,83.3,24,0,A2M,Archival,1,38.378,-74.8051
4/1/16,2016,4,7.860095501,8.715490341,32.62976456,0.023760968,48.7,55.9,36,0,T2M,Archival,1,38.3032,-74.5052
4/1/16,2016,4,7.473743439,8.586327553,31.91368103,0.03179,36,67.9,35,0,A7M,Archival,1,38.3031,-74.6525
4/1/16,2016,4,7.148408413,8.691888809,31.61255836,0.064311683,21.4,83.3,24,0,A2M,Archival,1,38.378,-74.8051
4/2/16,2016,4,10.05968761,8.631415367,32.08879089,-0.039674229,48.7,55.9,36,0,T2M,Archival,1,38.3032,-74.5052
4/2/16,2016,4,9.760233879,8.718369484,31.77453423,-0.02977,36,67.9,35,0,A7M,Archival,1,38.3031,-74.6525
4/2/16,2016,4,8.878060341,8.807351112,31.60897064,-0.002946218,21.4,83.3,24,0,A2M,Archival,1,38.378,-74.8051
4/3/16,2016,4,10.1883564,8.982533455,32.57214355,-0.033495082,48.7,55.9,36,1,T2M,Archival,1,38.3032,-74.5052
4/3/16,2016,4,10.01409435,8.993780136,32.36513138,-0.02915,36,67.9,35,0,A7M,Archival,1,38.3031,-74.6525
4/3/16,2016,4,9.186930656,8.818572044,32.32193375,-0.015348276,21.4,83.3,24,1,A2M,Archival,1,38.378,-74.8051
4/4/16,2016,4,10.14146328,9.445224762,33.0571022,-0.019339959,48.7,55.9,36,0,T2M,Archival,1,38.3032,-74.5052
4/4/16,2016,4,10.02220631,9.268452644,32.87263107,-0.02154,36,67.9,35,0,A7M,Archival,1,38.3031,-74.6525
4/4/16,2016,4,9.444788933,8.854704857,32.74219894,-0.024586836,21.4,83.3,24,0,A2M,Archival,1,38.378,-74.8051
4/5/16,2016,4,9.146159172,8.639046669,32.93915558,-0.014086458,48.7,55.9,36,0,T2M,Archival,1,38.3032,-74.5052
4/5/16,2016,4,8.979094505,8.602934837,32.85768509,-0.01075,36,67.9,35,1,A7M,Archival,1,38.3031,-74.6525
4/5/16,2016,4,8.562884331,8.621687889,32.85034561,0.002450148,21.4,83.3,24,0,A2M,Archival,1,38.378,-74.8051
4/6/16,2016,4,8.863556862,8.412697792,33.04486465,-0.012523863,48.7,55.9,36,0,T2M,Archival,1,38.3032,-74.5052
4/6/16,2016,4,8.740496635,8.429410934,32.92205429,-0.00889,36,67.9,35,0,A7M,Archival,1,38.3031,-74.6525
4/6/16,2016,4,8.486474037,8.421015739,32.74172974,-0.002727429,21.4,83.3,24,0,A2M,Archival,1,38.378,-74.8051
4/7/16,2016,4,8.754609108,8.500286102,33.02123642,-0.007064528,48.7,55.9,36,0,T2M,Archival,1,38.3032,-74.5052
4/7/16,2016,4,8.698535919,8.543574333,32.89677811,-0.00443,36,67.9,35,0,A7M,Archival,1,38.3031,-74.6525
4/7/16,2016,4,8.507538795,8.642400742,32.43965912,0.005619248,21.4,83.3,24,0,A2M,Archival,1,38.378,-74.8051
4/8/16,2016,4,8.983229637,9.082770348,33.08205795,0.00276502,48.7,55.9,36,0,T2M,Archival,1,38.3032,-74.5052
4/8/16,2016,4,8.875699043,9.072224617,32.98720551,0.00562,36,67.9,35,0,A7M,Archival,1,38.3031,-74.6525
4/8/16,2016,4,8.697974205,8.831906319,32.59905243,0.005580505,21.4,83.3,24,0,A2M,Archival,1,38.378,-74.8051
4/9/16,2016,4,9.106732368,9.282235146,33.11113358,0.004875077,48.7,55.9,36,0,T2M,Archival,1,38.3032,-74.5052
4/9/16,2016,4,8.982209206,9.211665154,33.0006218,0.00656,36,67.9,35,0,A7M,Archival,1,38.3031,-74.6525
4/9/16,2016,4,8.871357918,9.013449669,32.62918472,0.00592049,21.4,83.3,24,0,A2M,Archival,1,38.378,-74.8051
4/10/16,2016,4,9.140798569,9.109462738,33.11527634,-0.00087044,48.7,55.9,36,1,T2M,Archival,1,38.3032,-74.5052
4/10/16,2016,4,9.029561043,9.081268311,32.99994659,0.00148,36,67.9,35,0,A7M,Archival,1,38.3031,-74.6525
4/10/16,2016,4,8.864527702,8.942489624,32.76031113,0.003248413,21.4,83.3,24,0,A2M,Archival,1,38.378,-74.8051
4/11/16,2016,4,9.82256031,8.810696602,33.25562286,-0.028107325,48.7,55.9,36,0,T2M,Archival,1,38.3032,-74.5052
4/11/16,2016,4,9.048544884,8.825028419,33.07055664,-0.00639,36,67.9,35,0,A7M,Archival,1,38.3031,-74.6525
4/11/16,2016,4,8.70811367,8.745757103,32.58233643,0.001568476,21.4,83.3,24,0,A2M,Archival,1,38.378,-74.8051
4/12/16,2016,4,9.900956154,9.150765419,33.27717209,-0.020838632,48.7,55.9,36,1,T2M,Archival,1,38.3032,-74.5052
4/12/16,2016,4,9.429050446,9.188305855,33.06534576,-0.00688,36,67.9,35,0,A7M,Archival,1,38.3031,-74.6525
4/12/16,2016,4,8.868807793,9.046851158,32.75969696,0.007418474,21.4,83.3,24,0,A2M,Archival,1,38.378,-74.8051
4/13/16,2016,4,9.883215904,9.337575912,33.31056595,-0.015156666,48.7,55.9,36,0,T2M,Archival,1,38.3032,-74.5052
4/13/16,2016,4,9.550531387,9.234676361,33.11925888,-0.00902,36,67.9,35,0,A7M,Archival,1,38.3031,-74.6525
4/13/16,2016,4,9.020939827,9.131877899,32.91703415,0.00462242,21.4,83.3,24,0,A2M,Archival,1,38.378,-74.8051
4/14/16,2016,4,8.495235443,9.05714798,33.36579132,0.015608682,48.7,55.9,36,0,T2M,Archival,1,38.3032,-74.5052
4/14/16,2016,4,8.367890358,8.862576485,33.19822693,0.01413,36,67.9,35,0,A7M,Archival,1,38.3031,-74.6525
4/14/16,2016,4,8.278419495,8.888073921,33.10118866,0.025402268,21.4,83.3,24,0,A2M,Archival,1,38.378,-74.8051
4/15/16,2016,4,8.428584099,9.021573067,33.332798,0.016471916,48.7,55.9,36,0,T2M,Archival,1,38.3032,-74.5052
4/15/16,2016,4,8.317688942,8.91986084,33.21835709,0.0172,36,67.9,35,0,A7M,Archival,1,38.3031,-74.6525
4/15/16,2016,4,8.43142128,9.052859306,33.10179138,0.025893251,21.4,83.3,24,0,A2M,Archival,1,38.378,-74.8051
4/16/16,2016,4,8.444810867,8.889826775,33.23723221,0.012361553,48.7,55.9,36,0,T2M,Archival,1,38.3032,-74.5052
4/16/16,2016,4,8.281852722,8.993665695,33.14896774,0.02034,36,67.9,35,0,A7M,Archival,1,38.3031,-74.6525
4/16/16,2016,4,8.644174576,9.17258358,33.03260422,0.022017042,21.4,83.3,24,0,A2M,Archival,1,38.378,-74.8051
4/17/16,2016,4,8.019068718,8.730278015,33.21783829,0.019755814,48.7,55.9,36,0,T2M,Archival,1,38.3032,-74.5052
4/17/16,2016,4,8.010311127,8.876731873,33.03878403,0.02475,36,67.9,35,0,A7M,Archival,1,38.3031,-74.6525
4/17/16,2016,4,8.591088295,9.158107758,32.68083572,0.023625811,21.4,83.3,24,0,A2M,Archival,1,38.378,-74.8051
4/18/16,2016,4,7.906888962,9.046010017,33.25105667,0.031642252,48.7,55.9,36,0,T2M,Archival,1,38.3032,-74.5052
4/18/16,2016,4,8.015647888,9.099310875,33.03013992,0.03096,36,67.9,35,0,A7M,Archival,1,38.3031,-74.6525
4/18/16,2016,4,8.867855072,9.58325386,32.56820297,0.029808283,21.4,83.3,24,0,A2M,Archival,1,38.378,-74.8051
4/19/16,2016,4,7.943080425,9.645173073,33.22645569,0.047280351,48.7,55.9,36,0,T2M,Archival,1,38.3032,-74.5052
4/19/16,2016,4,8.043868065,9.767712593,33.02640915,0.04925,36,67.9,35,0,A7M,Archival,1,38.3031,-74.6525
4/19/16,2016,4,8.991269112,10.40930271,32.40967178,0.059084733,21.4,83.3,24,0,A2M,Archival,1,38.378,-74.8051
4/20/16,2016,4,7.880730152,9.956485748,33.19665146,0.057659878,48.7,55.9,36,0,T2M,Archival,1,38.3032,-74.5052
4/20/16,2016,4,7.976518631,10.02252769,33.00175095,0.05846,36,67.9,35,0,A7M,Archival,1,38.3031,-74.6525
4/20/16,2016,4,8.773022652,10.546422,32.41422653,0.07389164,21.4,83.3,24,0,A2M,Archival,1,38.378,-74.8051
4/21/16,2016,4,7.878438473,10.10377789,33.20856094,0.061814984,48.7,55.9,36,0,T2M,Archival,1,38.3032,-74.5052
4/21/16,2016,4,7.995708466,10.13987255,33.01486588,0.06126,36,67.9,35,0,A7M,Archival,1,38.3031,-74.6525
4/21/16,2016,4,8.770524025,10.58155632,32.36147308,0.075459679,21.4,83.3,24,0,A2M,Archival,1,38.378,-74.8051
4/22/16,2016,4,7.897806644,10.30535126,33.16607666,0.066876239,48.7,55.9,36,0,T2M,Archival,1,38.3032,-74.5052
4/22/16,2016,4,8.012511253,10.73469543,32.87131119,0.07778,36,67.9,35,0,A7M,Archival,1,38.3031,-74.6525
4/22/16,2016,4,8.804049492,11.23140621,32.2626915,0.101139863,21.4,83.3,24,0,A2M,Archival,1,38.378,-74.8051
4/23/16,2016,4,7.678639889,10.21273422,33.09427261,0.070391509,48.7,55.9,36,0,T2M,Archival,1,38.3032,-74.5052
4/23/16,2016,4,7.74405241,10.89173889,32.62428665,0.08993,36,67.9,35,0,A7M,Archival,1,38.3031,-74.6525
4/23/16,2016,4,8.402074814,11.50580502,32.16673279,0.129322092,21.4,83.3,24,0,A2M,Archival,1,38.378,-74.8051
4/24/16,2016,4,7.645051479,10.36174107,33.09270859,0.0754636,48.7,55.9,36,0,T2M,Archival,1,38.3032,-74.5052
4/24/16,2016,4,7.736517429,10.83248997,32.72821426,0.08846,36,67.9,35,0,A7M,Archival,1,38.3031,-74.6525
4/24/16,2016,4,8.382629395,11.43804073,32.15982819,0.127308806,21.4,83.3,24,0,A2M,Archival,1,38.378,-74.8051
4/25/16,2016,4,7.630960464,10.50703907,33.11720657,0.079891072,48.7,55.9,36,0,T2M,Archival,1,38.3032,-74.5052
4/25/16,2016,4,7.732029438,10.73606968,32.79078674,0.08583,36,67.9,35,0,A7M,Archival,1,38.3031,-74.6525
4/25/16,2016,4,8.305815697,11.42574406,31.94282532,0.129997015,21.4,83.3,24,0,A2M,Archival,1,38.378,-74.8051
4/26/16,2016,4,7.983476639,10.3712225,33.05821228,0.066326274,48.7,55.9,36,0,T2M,Archival,1,38.3032,-74.5052
4/26/16,2016,4,8.097641945,11.20794964,32.52550888,0.08887,36,67.9,35,0,A7M,Archival,1,38.3031,-74.6525
4/26/16,2016,4,8.621397972,11.70131397,31.9688282,0.128329833,21.4,83.3,24,0,A2M,Archival,1,38.378,-74.8051
4/27/16,2016,4,8.025090218,10.80093861,32.95111465,0.0771069,48.7,55.9,36,0,T2M,Archival,1,38.3032,-74.5052
4/27/16,2016,4,8.162534714,11.62831593,32.42480469,0.09902,36,67.9,35,0,A7M,Archival,1,38.3031,-74.6525
4/27/16,2016,4,8.675425529,11.94044113,32.14687729,0.136042317,21.4,83.3,24,0,A2M,Archival,1,38.378,-74.8051
4/28/16,2016,4,7.90392065,10.6718626,32.99847794,0.076887276,48.7,55.9,36,0,T2M,Archival,1,38.3032,-74.5052
4/28/16,2016,4,8.084301949,11.17089558,32.48795319,0.08819,36,67.9,35,0,A7M,Archival,1,38.3031,-74.6525
4/28/16,2016,4,8.4696064,11.70559692,32.06058121,0.134832939,21.4,83.3,24,0,A2M,Archival,1,38.378,-74.8051
4/29/16,2016,4,8.508357048,10.80670166,32.98882675,0.063842906,48.7,55.9,36,0,T2M,Archival,1,38.3032,-74.5052
4/29/16,2016,4,8.662086487,11.08996201,32.56405258,0.06937,36,67.9,35,0,A7M,Archival,1,38.3031,-74.6525
4/29/16,2016,4,9.159318924,11.69494724,32.10728836,0.10565118,21.4,83.3,24,0,A2M,Archival,1,38.378,-74.8051
4/30/16,2016,4,8.396653175,10.7641592,33.01375961,0.065764056,48.7,55.9,36,0,T2M,Archival,1,38.3032,-74.5052
4/30/16,2016,4,8.656802177,10.99248505,32.45952225,0.06673,36,67.9,35,0,A7M,Archival,1,38.3031,-74.6525
4/30/16,2016,4,9.655026436,11.31833553,31.97417259,0.069304546,21.4,83.3,24,0,A2M,Archival,1,38.378,-74.8051
5/1/16,2016,5,8.344097137,10.85334873,33.05421448,0.069701433,48.7,55.9,36,0,T2M,Archival,1,38.3032,-74.5052
5/1/16,2016,5,8.634456635,11.10047913,32.41246414,0.07046,36,67.9,35,0,A7M,Archival,1,38.3031,-74.6525
5/1/16,2016,5,10.01428986,11.50568676,31.89589882,0.062141538,21.4,83.3,24,0,A2M,Archival,1,38.378,-74.8051
5/2/16,2016,5,8.830384254,11.73430252,32.93942261,0.080664396,48.7,55.9,36,0,T2M,Archival,1,38.3032,-74.5052
5/2/16,2016,5,9.006526947,12.06578445,32.16087723,0.08741,36,67.9,35,0,A7M,Archival,1,38.3031,-74.6525
5/2/16,2016,5,10.35301971,12.40126705,31.57563591,0.085343639,21.4,83.3,24,0,A2M,Archival,1,38.378,-74.8051
5/3/16,2016,5,8.799716949,12.20948315,32.7431221,0.094715728,48.7,55.9,36,0,T2M,Archival,1,38.3032,-74.5052
5/3/16,2016,5,8.962459564,12.57461452,31.90286064,0.1032,36,67.9,35,0,A7M,Archival,1,38.3031,-74.6525
5/3/16,2016,5,10.19382,12.98386383,31.24316216,0.116251826,21.4,83.3,24,0,A2M,Archival,1,38.378,-74.8051
5/4/16,2016,5,8.737524986,12.39438629,32.70273209,0.101579481,48.7,55.9,36,0,T2M,Archival,1,38.3032,-74.5052
5/4/16,2016,5,8.964084625,12.74868011,31.97550201,0.10813,36,67.9,35,0,A7M,Archival,1,38.3031,-74.6525
5/4/16,2016,5,10.26522541,12.92790699,31.43388176,0.110945066,21.4,83.3,24,0,A2M,Archival,1,38.378,-74.8051
5/5/16,2016,5,8.564598083,11.30497646,32.83442688,0.076121622,48.7,55.9,36,0,T2M,Archival,1,38.3032,-74.5052
5/5/16,2016,5,8.965592384,11.557477,32.48313522,0.07405,36,67.9,35,0,A7M,Archival,1,38.3031,-74.6525
5/5/16,2016,5,10.60663128,11.64315891,32.21968842,0.043188651,21.4,83.3,24,0,A2M,Archival,1,38.378,-74.8051
5/6/16,2016,5,8.294346809,10.03192902,32.9400444,0.048266172,48.7,55.9,36,0,T2M,Archival,1,38.3032,-74.5052
5/6/16,2016,5,9.983706474,10.1977911,32.63703537,0.00612,36,67.9,35,0,A7M,Archival,1,38.3031,-74.6525
5/6/16,2016,5,10.74932098,10.77024078,32.61263657,0.000871658,21.4,83.3,24,0,A2M,Archival,1,38.378,-74.8051
5/7/16,2016,5,8.096645355,10.01596928,32.8822403,0.053314553,48.7,55.9,36,0,T2M,Archival,1,38.3032,-74.5052
5/7/16,2016,5,9.782764435,10.36757088,32.58897018,0.01671,36,67.9,35,0,A7M,Archival,1,38.3031,-74.6525
5/7/16,2016,5,10.58222103,11.20066071,32.39779663,0.02576832,21.4,83.3,24,0,A2M,Archival,1,38.378,-74.8051
5/8/16,2016,5,8.215950012,10.67943096,32.78953552,0.068430026,48.7,55.9,36,0,T2M,Archival,1,38.3032,-74.5052
5/8/16,2016,5,9.447694778,10.95407104,32.52444839,0.04304,36,67.9,35,0,A7M,Archival,1,38.3031,-74.6525
5/8/16,2016,5,10.27815723,12.03594971,31.76851845,0.073241353,21.4,83.3,24,0,A2M,Archival,1,38.378,-74.8051
5/9/16,2016,5,8.258563995,11.00978184,32.744133,0.076422718,48.7,55.9,36,0,T2M,Archival,1,38.3032,-74.5052
5/9/16,2016,5,9.333722115,11.23558044,32.51408005,0.05434,36,67.9,35,0,A7M,Archival,1,38.3031,-74.6525
5/9/16,2016,5,10.29641914,12.28107548,31.7845974,0.082694014,21.4,83.3,24,0,A2M,Archival,1,38.378,-74.8051
5/10/16,2016,5,8.324574471,11.51369762,32.71914673,0.088586754,48.7,55.9,36,0,T2M,Archival,1,38.3032,-74.5052
5/10/16,2016,5,9.224007607,11.86353302,32.46483612,0.07542,36,67.9,35,0,A7M,Archival,1,38.3031,-74.6525
5/10/16,2016,5,10.36712646,12.84511662,31.67365074,0.10324959,21.4,83.3,24,0,A2M,Archival,1,38.378,-74.8051
5/11/16,2016,5,8.432692528,11.78354931,32.74503708,0.093079355,48.7,55.9,36,0,T2M,Archival,1,38.3032,-74.5052
5/11/16,2016,5,9.295048714,12.01718903,32.40629578,0.07778,36,67.9,35,0,A7M,Archival,1,38.3031,-74.6525
5/11/16,2016,5,10.60342121,12.89959049,31.57180786,0.09567372,21.4,83.3,24,0,A2M,Archival,1,38.378,-74.8051
5/12/16,2016,5,8.486514091,12.24884033,32.77006149,0.104509062,48.7,55.9,36,0,T2M,Archival,1,38.3032,-74.5052
5/12/16,2016,5,9.19481945,12.3735857,32.45010757,0.09082,36,67.9,35,0,A7M,Archival,1,38.3031,-74.6525
5/12/16,2016,5,10.52879524,13.23295498,31.60830879,0.112673322,21.4,83.3,24,0,A2M,Archival,1,38.378,-74.8051
5/13/16,2016,5,8.520001411,12.38077831,32.77046585,0.107243803,48.7,55.9,36,0,T2M,Archival,1,38.3032,-74.5052
5/13/16,2016,5,9.116881371,12.54008484,32.43891525,0.09781,36,67.9,35,0,A7M,Archival,1,38.3031,-74.6525
5/13/16,2016,5,10.39977074,13.3917284,31.53092957,0.124664903,21.4,83.3,24,0,A2M,Archival,1,38.378,-74.8051
5/14/16,2016,5,9.684628487,11.86272907,32.64183807,0.060502794,48.7,55.9,36,0,T2M,Archival,1,38.3032,-74.5052
5/14/16,2016,5,10.24940014,12.52428818,32.18457794,0.065,36,67.9,35,0,A7M,Archival,1,38.3031,-74.6525
5/14/16,2016,5,11.58369732,13.40056324,31.25863838,0.075702747,21.4,83.3,24,0,A2M,Archival,1,38.378,-74.8051
5/15/16,2016,5,9.809279442,11.67044163,32.61797714,0.05169895,48.7,55.9,36,0,T2M,Archival,1,38.3032,-74.5052
5/15/16,2016,5,10.23700619,12.65904713,32.04833603,0.0692,36,67.9,35,0,A7M,Archival,1,38.3031,-74.6525
5/15/16,2016,5,11.49886703,13.34086514,31.36992836,0.076749921,21.4,83.3,24,0,A2M,Archival,1,38.378,-74.8051
5/16/16,2016,5,9.997116089,11.30272579,32.70617676,0.036266936,48.7,55.9,36,0,T2M,Archival,1,38.3032,-74.5052
5/16/16,2016,5,10.18035507,12.23449707,32.20130539,0.05869,36,67.9,35,0,A7M,Archival,1,38.3031,-74.6525
5/16/16,2016,5,11.34463978,13.0270195,31.5240345,0.070099155,21.4,83.3,24,0,A2M,Archival,1,38.378,-74.8051
5/17/16,2016,5,9.617109299,12.27503204,32.72220993,0.073831187,48.7,55.9,36,0,T2M,Archival,1,38.3032,-74.5052
5/17/16,2016,5,9.759877205,12.98569393,32.14997864,0.09217,36,67.9,35,0,A7M,Archival,1,38.3031,-74.6525
5/17/16,2016,5,10.7874527,13.30295658,31.38619423,0.104812662,21.4,83.3,24,0,A2M,Archival,1,38.378,-74.8051
5/18/16,2016,5,9.529072762,12.69898701,32.70943069,0.088053173,48.7,55.9,36,0,T2M,Archival,1,38.3032,-74.5052
5/18/16,2016,5,9.612784386,12.93746281,32.31877899,0.09499,36,67.9,35,0,A7M,Archival,1,38.3031,-74.6525
5/18/16,2016,5,10.61874104,13.56242752,31.43015099,0.122653604,21.4,83.3,24,0,A2M,Archival,1,38.378,-74.8051
5/19/16,2016,5,9.578929901,12.74430561,32.95299911,0.087927103,48.7,55.9,36,0,T2M,Archival,1,38.3032,-74.5052
5/19/16,2016,5,9.753240585,12.66395473,32.55275345,0.08316,36,67.9,35,0,A7M,Archival,1,38.3031,-74.6525
5/19/16,2016,5,10.78208923,13.2620821,31.71363831,0.103333036,21.4,83.3,24,0,A2M,Archival,1,38.378,-74.8051
5/20/16,2016,5,10.19862556,12.52782059,32.9275322,0.064699862,48.7,55.9,36,0,T2M,Archival,1,38.3032,-74.5052
5/20/16,2016,5,10.20600796,12.49084091,32.3585701,0.06528,36,67.9,35,0,A7M,Archival,1,38.3031,-74.6525
5/20/16,2016,5,11.07470608,13.3668623,31.55382538,0.095506509,21.4,83.3,24,0,A2M,Archival,1,38.378,-74.8051
5/21/16,2016,5,10.25828266,12.60286713,32.91449356,0.065127346,48.7,55.9,36,0,T2M,Archival,1,38.3032,-74.5052
5/21/16,2016,5,10.26064682,12.54013157,32.39061356,0.06513,36,67.9,35,0,A7M,Archival,1,38.3031,-74.6525
5/21/16,2016,5,11.0123558,13.37141323,31.59025764,0.098294059,21.4,83.3,24,0,A2M,Archival,1,38.378,-74.8051
5/22/16,2016,5,10.23265076,12.22636032,32.85173035,0.055380821,48.7,55.9,36,0,T2M,Archival,1,38.3032,-74.5052
5/22/16,2016,5,10.33632565,12.15058422,32.25251007,0.05184,36,67.9,35,0,A7M,Archival,1,38.3031,-74.6525
5/22/16,2016,5,11.69160843,12.23352432,31.84249687,0.022579829,21.4,83.3,24,0,A2M,Archival,1,38.378,-74.8051
5/23/16,2016,5,10.19940376,12.22421741,32.8069725,0.056244824,48.7,55.9,36,0,T2M,Archival,1,38.3032,-74.5052
5/23/16,2016,5,10.4451189,12.42829514,32.04625702,0.05666,36,67.9,35,0,A7M,Archival,1,38.3031,-74.6525
5/23/16,2016,5,11.85623169,12.5366478,31.73715401,0.028350671,21.4,83.3,24,0,A2M,Archival,1,38.378,-74.8051
5/24/16,2016,5,10.18862247,12.80826187,32.73607254,0.072767761,48.7,55.9,36,0,T2M,Archival,1,38.3032,-74.5052
5/24/16,2016,5,10.37207317,12.89974689,31.96651649,0.07222,36,67.9,35,0,A7M,Archival,1,38.3031,-74.6525
5/24/16,2016,5,11.99812794,13.49570942,31.23283195,0.062399228,21.4,83.3,24,0,A2M,Archival,1,38.378,-74.8051
5/25/16,2016,5,10.19929409,13.34369659,32.60743332,0.087344514,48.7,55.9,36,0,T2M,Archival,1,38.3032,-74.5052
5/25/16,2016,5,10.28954029,13.28967381,31.95114899,0.08572,36,67.9,35,0,A7M,Archival,1,38.3031,-74.6525
5/25/16,2016,5,11.87483311,14.35734177,30.49718285,0.103437861,21.4,83.3,24,0,A2M,Archival,1,38.378,-74.8051
5/26/16,2016,5,10.31753159,13.98783875,32.64742279,0.101952977,48.7,55.9,36,0,T2M,Archival,1,38.3032,-74.5052
5/26/16,2016,5,10.46936512,14.21767521,32.14422989,0.10709,36,67.9,35,0,A7M,Archival,1,38.3031,-74.6525
5/26/16,2016,5,12.05603027,15.04992676,30.49353981,0.124745687,21.4,83.3,24,0,A2M,Archival,1,38.378,-74.8051
5/27/16,2016,5,10.38262367,14.58638763,32.5331459,0.116771221,48.7,55.9,36,0,T2M,Archival,1,38.3032,-74.5052
5/27/16,2016,5,10.51975822,15.29224682,31.59523582,0.13636,36,67.9,35,0,A7M,Archival,1,38.3031,-74.6525
5/27/16,2016,5,11.9548378,15.55528259,30.25588417,0.150018533,21.4,83.3,24,0,A2M,Archival,1,38.378,-74.8051
5/28/16,2016,5,10.44518375,15.31466198,32.33758926,0.135263284,48.7,55.9,36,0,T2M,Archival,1,38.3032,-74.5052
5/28/16,2016,5,10.49052906,16.00902939,30.98737335,0.15767,36,67.9,35,0,A7M,Archival,1,38.3031,-74.6525
5/28/16,2016,5,11.75758743,15.79008389,30.74019623,0.168020686,21.4,83.3,24,0,A2M,Archival,1,38.378,-74.8051
5/29/16,2016,5,10.47324085,17.14271927,32.34767151,0.185263289,48.7,55.9,36,0,T2M,Archival,1,38.3032,-74.5052
5/29/16,2016,5,10.53807831,17.70641518,31.12296104,0.20481,36,67.9,35,0,A7M,Archival,1,38.3031,-74.6525
5/29/16,2016,5,12.06040478,17.45396042,30.94125175,0.224731485,21.4,83.3,24,0,A2M,Archival,1,38.378,-74.8051
5/30/16,2016,5,10.47188473,17.56076241,32.28043747,0.196913269,48.7,55.9,36,0,T2M,Archival,1,38.3032,-74.5052
5/30/16,2016,5,10.53168011,18.12840271,31.2372036,0.21705,36,67.9,35,0,A7M,Archival,1,38.3031,-74.6525
5/30/16,2016,5,11.92509842,17.95810509,31.03330803,0.251375278,21.4,83.3,24,0,A2M,Archival,1,38.378,-74.8051
5/31/16,2016,5,10.45257092,18.13567543,31.88350105,0.21341957,48.7,55.9,36,0,T2M,Archival,1,38.3032,-74.5052
5/31/16,2016,5,10.54968739,18.67197609,31.07545662,0.23207,36,67.9,35,0,A7M,Archival,1,38.3031,-74.6525
5/31/16,2016,5,11.92648983,18.3902874,30.89538765,0.269324899,21.4,83.3,24,0,A2M,Archival,1,38.378,-74.8051
6/1/16,2016,6,10.80892849,18.87371635,31.84591866,0.224021885,48.7,55.9,36,0,T2M,Archival,1,38.3032,-74.5052
6/1/16,2016,6,10.76673412,19.2382679,31.20030022,0.24204,36,67.9,35,0,A7M,Archival,1,38.3031,-74.6525
6/1/16,2016,6,12.05504513,18.89869118,30.94646645,0.285151919,21.4,83.3,24,0,A2M,Archival,1,38.378,-74.8051
6/2/16,2016,6,10.78261948,18.96774673,31.98091698,0.227364646,48.7,55.9,36,0,T2M,Archival,1,38.3032,-74.5052
6/2/16,2016,6,10.79847622,19.32308769,31.29459572,0.24356,36,67.9,35,0,A7M,Archival,1,38.3031,-74.6525
6/2/16,2016,6,12.00392818,19.22313881,31.01438141,0.300800443,21.4,83.3,24,0,A2M,Archival,1,38.378,-74.8051
6/3/16,2016,6,10.65368748,19.02462959,32.09729767,0.23252617,48.7,55.9,36,0,T2M,Archival,1,38.3032,-74.5052
6/3/16,2016,6,10.88228607,19.45033073,31.29323387,0.2448,36,67.9,35,0,A7M,Archival,1,38.3031,-74.6525
6/3/16,2016,6,12.28509998,19.47607994,31.00133705,0.299624165,21.4,83.3,24,0,A2M,Archival,1,38.378,-74.8051
6/4/16,2016,6,10.08840179,18.66731644,32.08518219,0.238303185,48.7,55.9,36,0,T2M,Archival,1,38.3032,-74.5052
6/4/16,2016,6,10.544631,19.16193008,31.27599144,0.24621,36,67.9,35,0,A7M,Archival,1,38.3031,-74.6525
6/4/16,2016,6,11.97283459,19.27778435,30.9337368,0.304372907,21.4,83.3,24,0,A2M,Archival,1,38.378,-74.8051
6/5/16,2016,6,10.07228565,18.93269539,32.03954697,0.246122493,48.7,55.9,36,0,T2M,Archival,1,38.3032,-74.5052
6/5/16,2016,6,10.45048809,19.39645195,31.28388405,0.2556,36,67.9,35,0,A7M,Archival,1,38.3031,-74.6525
6/5/16,2016,6,11.78116131,19.49053764,30.86878204,0.321224014,21.4,83.3,24,0,A2M,Archival,1,38.378,-74.8051
6/6/16,2016,6,10.11811638,18.93510056,31.7015686,0.244916227,48.7,55.9,36,0,T2M,Archival,1,38.3032,-74.5052
6/6/16,2016,6,10.37377834,19.31244087,31.15166283,0.25539,36,67.9,35,0,A7M,Archival,1,38.3031,-74.6525
6/6/16,2016,6,11.54526043,18.88201523,30.85036659,0.305698117,21.4,83.3,24,0,A2M,Archival,1,38.378,-74.8051
6/7/16,2016,6,11.42015076,19.32735634,31.53448296,0.219644599,48.7,55.9,36,0,T2M,Archival,1,38.3032,-74.5052
6/7/16,2016,6,11.52488804,19.75436211,31.14641762,0.23513,36,67.9,35,0,A7M,Archival,1,38.3031,-74.6525
6/7/16,2016,6,12.84154224,19.20497322,30.88947105,0.265142957,21.4,83.3,24,0,A2M,Archival,1,38.378,-74.8051
6/8/16,2016,6,11.65730286,19.47662354,31.44748116,0.217203352,48.7,55.9,36,0,T2M,Archival,1,38.3032,-74.5052
6/8/16,2016,6,11.70916367,19.60099983,31.1306591,0.22548,36,67.9,35,0,A7M,Archival,1,38.3031,-74.6525
6/8/16,2016,6,12.98780918,19.38498688,30.80011177,0.266549071,21.4,83.3,24,0,A2M,Archival,1,38.378,-74.8051
6/9/16,2016,6,11.87262726,18.73974037,31.68220711,0.190753142,48.7,55.9,36,0,T2M,Archival,1,38.3032,-74.5052
6/9/16,2016,6,11.86045742,18.67932892,31.30795479,0.19482,36,67.9,35,0,A7M,Archival,1,38.3031,-74.6525
6/9/16,2016,6,13.4414072,18.03150558,31.23402214,0.191254099,21.4,83.3,24,0,A2M,Archival,1,38.378,-74.8051
6/10/16,2016,6,11.77752209,18.35893822,31.78791809,0.182817115,48.7,55.9,36,0,T2M,Archival,1,38.3032,-74.5052
6/10/16,2016,6,11.57361889,18.59503365,31.42743492,0.20061,36,67.9,35,0,A7M,Archival,1,38.3031,-74.6525
6/10/16,2016,6,13.04387951,18.21952248,31.24661827,0.21565179,21.4,83.3,24,0,A2M,Archival,1,38.378,-74.8051
6/11/16,2016,6,11.82995892,18.45883369,31.80058479,0.184135411,48.7,55.9,36,0,T2M,Archival,1,38.3032,-74.5052
6/11/16,2016,6,11.65733242,18.73555374,31.48078156,0.20223,36,67.9,35,0,A7M,Archival,1,38.3031,-74.6525
6/11/16,2016,6,12.77654362,18.42994499,31.30876732,0.235558391,21.4,83.3,24,0,A2M,Archival,1,38.378,-74.8051
6/12/16,2016,6,11.91888714,18.96390343,31.67649841,0.195694897,48.7,55.9,36,0,T2M,Archival,1,38.3032,-74.5052
6/12/16,2016,6,11.75154209,19.17835045,31.45043755,0.21219,36,67.9,35,0,A7M,Archival,1,38.3031,-74.6525
6/12/16,2016,6,12.5575304,19.0039196,31.30700684,0.26859955,21.4,83.3,24,0,A2M,Archival,1,38.378,-74.8051
6/13/16,2016,6,12.02525711,18.96784782,31.78858185,0.192849742,48.7,55.9,36,0,T2M,Archival,1,38.3032,-74.5052
6/13/16,2016,6,11.91507339,19.16459274,31.53662682,0.20713,36,67.9,35,0,A7M,Archival,1,38.3031,-74.6525
6/13/16,2016,6,12.82179642,19.13184547,31.25505257,0.262918711,21.4,83.3,24,0,A2M,Archival,1,38.378,-74.8051
6/14/16,2016,6,12.02555943,19.12166595,31.91355324,0.19711407,48.7,55.9,36,0,T2M,Archival,1,38.3032,-74.5052
6/14/16,2016,6,11.97841263,19.31434059,31.67862701,0.2096,36,67.9,35,0,A7M,Archival,1,38.3031,-74.6525
6/14/16,2016,6,12.83616257,19.35629463,31.3320694,0.271672169,21.4,83.3,24,0,A2M,Archival,1,38.378,-74.8051
6/15/16,2016,6,12.06000233,19.3324585,31.94550133,0.202012671,48.7,55.9,36,0,T2M,Archival,1,38.3032,-74.5052
6/15/16,2016,6,12.03265285,19.49664879,31.71027184,0.21326,36,67.9,35,0,A7M,Archival,1,38.3031,-74.6525
6/15/16,2016,6,12.81485462,19.46712494,31.30197716,0.27717793,21.4,83.3,24,0,A2M,Archival,1,38.378,-74.8051
6/16/16,2016,6,12.40008831,18.96568108,32.0256691,0.182377577,48.7,55.9,36,0,T2M,Archival,1,38.3032,-74.5052
6/16/16,2016,6,12.24965382,19.36424065,31.73950005,0.20327,36,67.9,35,0,A7M,Archival,1,38.3031,-74.6525
6/16/16,2016,6,12.85700989,19.59186745,31.23402977,0.280619065,21.4,83.3,24,0,A2M,Archival,1,38.378,-74.8051
6/17/16,2016,6,12.34590244,18.45485115,32.14355087,0.16969302,48.7,55.9,36,0,T2M,Archival,1,38.3032,-74.5052
6/17/16,2016,6,12.25622177,18.80072975,31.92640114,0.18699,36,67.9,35,0,A7M,Archival,1,38.3031,-74.6525
6/17/16,2016,6,13.07318783,19.12938499,31.57179451,0.252341549,21.4,83.3,24,0,A2M,Archival,1,38.378,-74.8051
6/18/16,2016,6,12.23947525,18.33658028,32.20898056,0.169364029,48.7,55.9,36,0,T2M,Archival,1,38.3032,-74.5052
6/18/16,2016,6,12.28409576,18.54974556,32.0091095,0.17902,36,67.9,35,0,A7M,Archival,1,38.3031,-74.6525
6/18/16,2016,6,13.29766178,18.94593811,31.80796242,0.235344847,21.4,83.3,24,0,A2M,Archival,1,38.378,-74.8051
6/19/16,2016,6,10.80271816,19.36427689,32.25814056,0.237821076,48.7,55.9,36,0,T2M,Archival,1,38.3032,-74.5052
6/19/16,2016,6,11.19992065,19.580513,32.12838745,0.23945,36,67.9,35,0,A7M,Archival,1,38.3031,-74.6525
6/19/16,2016,6,12.47565556,19.77375221,31.82783699,0.304087361,21.4,83.3,24,0,A2M,Archival,1,38.378,-74.8051
6/20/16,2016,6,10.7457304,19.96393967,32.24345016,0.256061369,48.7,55.9,36,0,T2M,Archival,1,38.3032,-74.5052
6/20/16,2016,6,11.09258366,20.2298336,32.11178207,0.26106,36,67.9,35,0,A7M,Archival,1,38.3031,-74.6525
6/20/16,2016,6,12.2979784,20.4109726,31.39362526,0.338041425,21.4,83.3,24,0,A2M,Archival,1,38.378,-74.8051
6/21/16,2016,6,10.84490299,20.26251602,32.234478,0.261600362,48.7,55.9,36,0,T2M,Archival,1,38.3032,-74.5052
6/21/16,2016,6,11.08069992,20.66345596,31.9522953,0.27379,36,67.9,35,0,A7M,Archival,1,38.3031,-74.6525
6/21/16,2016,6,12.17751408,20.60347557,31.22866631,0.351081729,21.4,83.3,24,0,A2M,Archival,1,38.378,-74.8051
6/22/16,2016,6,11.795331,20.47377205,32.13373947,0.241067807,48.7,55.9,36,0,T2M,Archival,1,38.3032,-74.5052
6/22/16,2016,6,11.80999851,20.74938774,31.54076958,0.25541,36,67.9,35,0,A7M,Archival,1,38.3031,-74.6525
6/22/16,2016,6,12.79341125,20.74476433,31.08299065,0.331306378,21.4,83.3,24,0,A2M,Archival,1,38.378,-74.8051
6/23/16,2016,6,11.97610474,20.76928139,32.08284378,0.244254907,48.7,55.9,36,0,T2M,Archival,1,38.3032,-74.5052
6/23/16,2016,6,11.96654415,20.98278999,31.49844933,0.25761,36,67.9,35,0,A7M,Archival,1,38.3031,-74.6525
6/23/16,2016,6,12.78815079,20.96310043,31.15058708,0.340622902,21.4,83.3,24,0,A2M,Archival,1,38.378,-74.8051
6/24/16,2016,6,11.93871021,20.88861084,31.97624969,0.248608351,48.7,55.9,36,0,T2M,Archival,1,38.3032,-74.5052
6/24/16,2016,6,11.98767185,20.9918232,31.39042854,0.25726,36,67.9,35,0,A7M,Archival,1,38.3031,-74.6525
6/24/16,2016,6,12.82830048,20.92662239,31.10927773,0.33743008,21.4,83.3,24,0,A2M,Archival,1,38.378,-74.8051
6/25/16,2016,6,12.28100872,21.10150909,32.04351425,0.245013899,48.7,55.9,36,0,T2M,Archival,1,38.3032,-74.5052
6/25/16,2016,6,12.28856945,21.14877892,31.50272942,0.25315,36,67.9,35,0,A7M,Archival,1,38.3031,-74.6525
6/25/16,2016,6,13.37080002,21.22031212,31.03502083,0.327063004,21.4,83.3,24,0,A2M,Archival,1,38.378,-74.8051
6/26/16,2016,6,11.84761906,21.14037132,32.05375671,0.258132007,48.7,55.9,36,0,T2M,Archival,1,38.3032,-74.5052
6/26/16,2016,6,12.18943691,21.32002449,31.58231926,0.26087,36,67.9,35,0,A7M,Archival,1,38.3031,-74.6525
6/26/16,2016,6,13.44839954,21.34051323,30.9524765,0.32883807,21.4,83.3,24,0,A2M,Archival,1,38.378,-74.8051
6/27/16,2016,6,11.51832962,21.52142334,31.99055481,0.277863714,48.7,55.9,36,0,T2M,Archival,1,38.3032,-74.5052
6/27/16,2016,6,12.12741756,21.77983284,31.49773407,0.27578,36,67.9,35,0,A7M,Archival,1,38.3031,-74.6525
6/27/16,2016,6,13.46393967,21.82775116,30.81204224,0.348492146,21.4,83.3,24,0,A2M,Archival,1,38.378,-74.8051
6/28/16,2016,6,12.25852966,21.63165855,31.87481499,0.260364691,48.7,55.9,36,0,T2M,Archival,1,38.3032,-74.5052
6/28/16,2016,6,12.83002472,21.79939079,31.37347984,0.25627,36,67.9,35,0,A7M,Archival,1,38.3031,-74.6525
6/28/16,2016,6,14.05781651,21.80977821,30.68410492,0.322998405,21.4,83.3,24,0,A2M,Archival,1,38.378,-74.8051
6/29/16,2016,6,12.37804127,21.71328735,31.68863678,0.259312391,48.7,55.9,36,0,T2M,Archival,1,38.3032,-74.5052
6/29/16,2016,6,12.82684803,21.94537163,30.97060966,0.26053,36,67.9,35,0,A7M,Archival,1,38.3031,-74.6525
6/29/16,2016,6,13.98009205,21.69391441,30.88629723,0.321409265,21.4,83.3,24,0,A2M,Archival,1,38.378,-74.8051
6/30/16,2016,6,12.44796085,22.02280235,31.56074715,0.265967819,48.7,55.9,36,0,T2M,Archival,1,38.3032,-74.5052
6/30/16,2016,6,12.87571716,22.21201324,30.83810616,0.26675,36,67.9,35,0,A7M,Archival,1,38.3031,-74.6525
6/30/16,2016,6,14.00828266,21.96053123,30.94984627,0.331343691,21.4,83.3,24,0,A2M,Archival,1,38.378,-74.8051
7/1/16,2016,7,12.451478,22.54530525,31.48845863,0.28038409,48.7,55.9,36,0,T2M,Archival,1,38.3032,-74.5052
7/1/16,2016,7,13.12330627,22.76270294,30.90818596,0.27541,36,67.9,35,0,A7M,Archival,1,38.3031,-74.6525
7/1/16,2016,7,14.21807194,22.22920799,30.94429207,0.333797336,21.4,83.3,24,0,A2M,Archival,1,38.378,-74.8051
7/2/16,2016,7,12.71607304,22.69421577,31.21458244,0.277170632,48.7,55.9,36,0,T2M,Archival,1,38.3032,-74.5052
7/2/16,2016,7,13.26254177,22.65269661,31.05199432,0.26829,36,67.9,35,0,A7M,Archival,1,38.3031,-74.6525
7/2/16,2016,7,14.15604877,21.77128029,31.09378815,0.317301313,21.4,83.3,24,0,A2M,Archival,1,38.378,-74.8051
7/3/16,2016,7,12.94502544,22.83773232,31.29910851,0.274797413,48.7,55.9,36,0,T2M,Archival,1,38.3032,-74.5052
7/3/16,2016,7,13.48334599,22.7033844,31.09499168,0.26343,36,67.9,35,0,A7M,Archival,1,38.3031,-74.6525
7/3/16,2016,7,14.44480801,22.08287239,31.19427299,0.318252683,21.4,83.3,24,0,A2M,Archival,1,38.378,-74.8051
7/4/16,2016,7,14.11232281,22.94981575,31.33260345,0.245485915,48.7,55.9,36,0,T2M,Archival,1,38.3032,-74.5052
7/4/16,2016,7,14.58831692,22.99675751,31.15274239,0.24024,36,67.9,35,0,A7M,Archival,1,38.3031,-74.6525
7/4/16,2016,7,15.8373518,22.75315285,31.26264191,0.288158377,21.4,83.3,24,0,A2M,Archival,1,38.378,-74.8051
7/5/16,2016,7,14.69405079,23.22604179,31.48188972,0.23699975,48.7,55.9,36,0,T2M,Archival,1,38.3032,-74.5052
7/5/16,2016,7,14.9750433,23.47918701,31.21331787,0.24298,36,67.9,35,0,A7M,Archival,1,38.3031,-74.6525
7/5/16,2016,7,15.91908169,23.34176064,31.30610847,0.309278289,21.4,83.3,24,0,A2M,Archival,1,38.378,-74.8051
7/6/16,2016,7,15.18960285,23.77830696,31.40052986,0.238575114,48.7,55.9,36,0,T2M,Archival,1,38.3032,-74.5052
7/6/16,2016,7,15.29235077,24.07979584,31.23253441,0.25107,36,67.9,35,0,A7M,Archival,1,38.3031,-74.6525
7/6/16,2016,7,16.13752556,24.02355194,31.36734009,0.328584433,21.4,83.3,24,0,A2M,Archival,1,38.378,-74.8051
7/7/16,2016,7,15.03811646,24.60218239,31.4386673,0.265668498,48.7,55.9,36,0,T2M,Archival,1,38.3032,-74.5052
7/7/16,2016,7,15.29283237,24.6615696,31.34304047,0.26768,36,67.9,35,0,A7M,Archival,1,38.3031,-74.6525
7/7/16,2016,7,16.07837677,24.12995338,31.45290565,0.335482359,21.4,83.3,24,0,A2M,Archival,1,38.378,-74.8051
7/8/16,2016,7,14.71706676,24.8418045,31.3833828,0.281242715,48.7,55.9,36,0,T2M,Archival,1,38.3032,-74.5052
7/8/16,2016,7,15.16091633,24.79572105,31.41374397,0.27528,36,67.9,35,0,A7M,Archival,1,38.3031,-74.6525
7/8/16,2016,7,15.98921299,24.18176079,31.48915672,0.341356158,21.4,83.3,24,0,A2M,Archival,1,38.378,-74.8051
7/9/16,2016,7,13.62961864,25.25734138,31.3539753,0.322992298,48.7,55.9,36,0,T2M,Archival,1,38.3032,-74.5052
7/9/16,2016,7,14.54616928,25.11115837,31.36315155,0.30186,36,67.9,35,0,A7M,Archival,1,38.3031,-74.6525
7/9/16,2016,7,15.70040989,24.86401939,31.33575439,0.381817063,21.4,83.3,24,0,A2M,Archival,1,38.378,-74.8051
7/10/16,2016,7,11.74527836,24.23615837,31.43061638,0.346968889,48.7,55.9,36,0,T2M,Archival,1,38.3032,-74.5052
7/10/16,2016,7,13.16394806,24.03502083,31.39344788,0.3106,36,67.9,35,0,A7M,Archival,1,38.3031,-74.6525
7/10/16,2016,7,14.68828106,24.00997925,31.19669914,0.388404091,21.4,83.3,24,0,A2M,Archival,1,38.378,-74.8051
7/11/16,2016,7,11.15869904,24.14930153,31.45226288,0.360850069,48.7,55.9,36,0,T2M,Archival,1,38.3032,-74.5052
7/11/16,2016,7,12.85703659,23.87061882,31.38672447,0.31467,36,67.9,35,0,A7M,Archival,1,38.3031,-74.6525
7/11/16,2016,7,14.54292965,23.38714409,31.21636963,0.368508935,21.4,83.3,24,0,A2M,Archival,1,38.378,-74.8051
7/12/16,2016,7,10.86048603,24.26693535,31.515131,0.37240137,48.7,55.9,36,0,T2M,Archival,1,38.3032,-74.5052
7/12/16,2016,7,12.43719482,24.10407066,31.44484711,0.33334,36,67.9,35,0,A7M,Archival,1,38.3031,-74.6525
7/12/16,2016,7,14.29345322,23.57256889,31.30971527,0.38662982,21.4,83.3,24,0,A2M,Archival,1,38.378,-74.8051
7/13/16,2016,7,11.21434307,25.02654839,31.50770569,0.38367237,48.7,55.9,36,0,T2M,Archival,1,38.3032,-74.5052
7/13/16,2016,7,12.85806751,24.8752594,31.46935463,0.34335,36,67.9,35,0,A7M,Archival,1,38.3031,-74.6525
7/13/16,2016,7,15.16034985,24.26251411,31.23069572,0.379256845,21.4,83.3,24,0,A2M,Archival,1,38.378,-74.8051
7/14/16,2016,7,11.32450008,25.58322716,31.49629784,0.396075752,48.7,55.9,36,0,T2M,Archival,1,38.3032,-74.5052
7/14/16,2016,7,12.75953388,25.49584389,31.40861702,0.36389,36,67.9,35,0,A7M,Archival,1,38.3031,-74.6525
7/14/16,2016,7,15.11845493,25.09929466,31.1044445,0.415868322,21.4,83.3,24,0,A2M,Archival,1,38.378,-74.8051
7/15/16,2016,7,11.30294895,25.99624443,31.51603889,0.408147097,48.7,55.9,36,0,T2M,Archival,1,38.3032,-74.5052
7/15/16,2016,7,12.6222353,25.88477898,31.29419899,0.37893,36,67.9,35,0,A7M,Archival,1,38.3031,-74.6525
7/15/16,2016,7,14.89953613,25.52420616,31.25119019,0.442694585,21.4,83.3,24,0,A2M,Archival,1,38.378,-74.8051
7/16/16,2016,7,12.41387463,25.79874611,31.57978058,0.371801986,48.7,55.9,36,0,T2M,Archival,1,38.3032,-74.5052
7/16/16,2016,7,13.59825993,25.91589546,31.29437447,0.35193,36,67.9,35,0,A7M,Archival,1,38.3031,-74.6525
7/16/16,2016,7,15.78825665,25.03909492,31.30377769,0.385451595,21.4,83.3,24,0,A2M,Archival,1,38.378,-74.8051
7/17/16,2016,7,12.69674778,25.75694847,31.55369759,0.362783353,48.7,55.9,36,0,T2M,Archival,1,38.3032,-74.5052
7/17/16,2016,7,15.42439651,24.18713951,31.41295624,0.365114292,21.4,83.3,24,0,A2M,Archival,1,38.378,-74.8051
7/25/16,2016,7,13.47799206,27.43508148,32.52342987,0.387696928,48.7,55.9,36,0,T2M,Archival,1,38.3032,-74.5052
7/25/16,2016,7,14.44822598,26.75256348,32.18348694,0.35155,36,67.9,35,0,A7M,Archival,1,38.3031,-74.6525
7/25/16,2016,7,15.21284103,25.51907921,31.31184196,0.429426591,21.4,83.3,24,0,A2M,Archival,1,38.378,-74.8051
7/26/16,2016,7,13.44275951,27.16485023,32.5224762,0.381169187,48.7,55.9,36,0,T2M,Archival,1,38.3032,-74.5052
7/26/16,2016,7,14.52277088,26.03569603,31.83472252,0.32894,36,67.9,35,0,A7M,Archival,1,38.3031,-74.6525
7/26/16,2016,7,15.24851227,24.66787148,31.17379189,0.3924733,21.4,83.3,24,0,A2M,Archival,1,38.378,-74.8051
7/27/16,2016,7,13.3604269,27.58399963,32.52267075,0.395099243,48.7,55.9,36,0,T2M,Archival,1,38.3032,-74.5052
7/27/16,2016,7,14.47443771,26.51631165,31.85656548,0.34405,36,67.9,35,0,A7M,Archival,1,38.3031,-74.6525
7/27/16,2016,7,15.08302975,25.4489212,31.18836975,0.431912144,21.4,83.3,24,0,A2M,Archival,1,38.378,-74.8051
7/28/16,2016,7,13.3566246,27.68029594,32.52417374,0.397879759,48.7,55.9,36,0,T2M,Archival,1,38.3032,-74.5052
7/28/16,2016,7,14.6320219,26.59916878,31.74551964,0.34192,36,67.9,35,0,A7M,Archival,1,38.3031,-74.6525
7/28/16,2016,7,15.55623913,25.94505501,31.2940731,0.432867328,21.4,83.3,24,0,A2M,Archival,1,38.378,-74.8051
7/29/16,2016,7,12.90534115,27.48216057,32.41918182,0.404911651,48.7,55.9,36,0,T2M,Archival,1,38.3032,-74.5052
7/29/16,2016,7,14.31968975,26.34002876,31.64014626,0.34344,36,67.9,35,0,A7M,Archival,1,38.3031,-74.6525
7/29/16,2016,7,15.41981411,25.73482704,31.42534637,0.429792205,21.4,83.3,24,0,A2M,Archival,1,38.378,-74.8051
7/30/16,2016,7,12.63320923,27.32350731,32.27186203,0.408063836,48.7,55.9,36,0,T2M,Archival,1,38.3032,-74.5052
7/30/16,2016,7,14.07960224,26.07141304,31.6509304,0.34262,36,67.9,35,0,A7M,Archival,1,38.3031,-74.6525
7/30/16,2016,7,15.38142872,25.19208717,31.71430779,0.408777436,21.4,83.3,24,0,A2M,Archival,1,38.378,-74.8051
7/31/16,2016,7,12.44775105,27.30979347,32.33263016,0.412834512,48.7,55.9,36,0,T2M,Archival,1,38.3032,-74.5052
7/31/16,2016,7,13.85358143,26.13374138,31.68692017,0.35086,36,67.9,35,0,A7M,Archival,1,38.3031,-74.6525
7/31/16,2016,7,15.40797901,25.06334496,31.68245506,0.402306914,21.4,83.3,24,0,A2M,Archival,1,38.378,-74.8051
8/1/16,2016,8,12.23958683,27.20591545,32.14558792,0.415731351,48.7,55.9,36,0,T2M,Archival,1,38.3032,-74.5052
8/1/16,2016,8,13.5475502,25.97538948,31.74705315,0.35508,36,67.9,35,0,A7M,Archival,1,38.3031,-74.6525
8/1/16,2016,8,15.23393154,25.11963654,31.7113266,0.411904375,21.4,83.3,24,0,A2M,Archival,1,38.378,-74.8051
8/2/16,2016,8,12.09362125,27.49387932,32.13411331,0.427784946,48.7,55.9,36,0,T2M,Archival,1,38.3032,-74.5052
8/2/16,2016,8,13.38793659,26.70552063,31.84652138,0.3805,36,67.9,35,0,A7M,Archival,1,38.3031,-74.6525
8/2/16,2016,8,15.41397762,25.37893486,31.72535706,0.415206552,21.4,83.3,24,0,A2M,Archival,1,38.378,-74.8051
8/3/16,2016,8,11.60156631,27.09783745,32.02161407,0.430451976,48.7,55.9,36,0,T2M,Archival,1,38.3032,-74.5052
8/3/16,2016,8,13.01149845,26.8460083,32.03134537,0.39527,36,67.9,35,0,A7M,Archival,1,38.3031,-74.6525
8/3/16,2016,8,15.34287262,25.65849113,31.83065224,0.429817438,21.4,83.3,24,0,A2M,Archival,1,38.378,-74.8051
8/4/16,2016,8,11.51926804,26.37790108,31.86676216,0.412739807,48.7,55.9,36,0,T2M,Archival,1,38.3032,-74.5052
8/4/16,2016,8,13.15378857,26.33874321,32.00721741,0.37671,36,67.9,35,0,A7M,Archival,1,38.3031,-74.6525
8/4/16,2016,8,15.88513565,25.71833611,31.9559803,0.409716686,21.4,83.3,24,0,A2M,Archival,1,38.378,-74.8051
8/5/16,2016,8,11.55462742,26.18079948,31.87947273,0.406282557,48.7,55.9,36,0,T2M,Archival,1,38.3032,-74.5052
8/5/16,2016,8,13.08281231,26.10476685,32.03218842,0.37206,36,67.9,35,0,A7M,Archival,1,38.3031,-74.6525
8/5/16,2016,8,16.05712128,25.42358208,31.96151543,0.3902692,21.4,83.3,24,0,A2M,Archival,1,38.378,-74.8051
8/6/16,2016,8,11.58704376,26.30166054,32.04842758,0.408739355,48.7,55.9,36,0,T2M,Archival,1,38.3032,-74.5052
8/6/16,2016,8,12.57943821,26.21490669,32.13796616,0.38958,36,67.9,35,0,A7M,Archival,1,38.3031,-74.6525
8/6/16,2016,8,15.19757462,24.95830345,31.62790489,0.406697035,21.4,83.3,24,0,A2M,Archival,1,38.378,-74.8051
8/7/16,2016,8,11.65680218,26.40930939,32.14130402,0.409791867,48.7,55.9,36,0,T2M,Archival,1,38.3032,-74.5052
8/7/16,2016,8,12.34040737,26.16524315,32.04343414,0.395,36,67.9,35,0,A7M,Archival,1,38.3031,-74.6525
8/7/16,2016,8,14.68612385,25.19676399,31.51467133,0.437943339,21.4,83.3,24,0,A2M,Archival,1,38.378,-74.8051
8/8/16,2016,8,11.65425396,26.65424156,32.10629654,0.416666322,48.7,55.9,36,0,T2M,Archival,1,38.3032,-74.5052
8/8/16,2016,8,12.33200741,26.33576202,32.02264786,0.40011,36,67.9,35,0,A7M,Archival,1,38.3031,-74.6525
8/8/16,2016,8,14.26453686,25.59988403,31.55560112,0.472306132,21.4,83.3,24,0,A2M,Archival,1,38.378,-74.8051
8/9/16,2016,8,10.96753216,26.95701408,32.01477432,0.444152276,48.7,55.9,36,0,T2M,Archival,1,38.3032,-74.5052
8/9/16,2016,8,12.33610249,26.57486916,31.90220642,0.40682,36,67.9,35,0,A7M,Archival,1,38.3031,-74.6525
8/9/16,2016,8,15.31480694,26.14498901,31.52473259,0.451257586,21.4,83.3,24,0,A2M,Archival,1,38.378,-74.8051
8/10/16,2016,8,11.05989933,27.06394768,32.05306625,0.444556899,48.7,55.9,36,0,T2M,Archival,1,38.3032,-74.5052
8/10/16,2016,8,12.37480545,26.6335392,31.78521156,0.40739,36,67.9,35,0,A7M,Archival,1,38.3031,-74.6525
8/10/16,2016,8,15.16418552,26.24776268,31.48911858,0.461815715,21.4,83.3,24,0,A2M,Archival,1,38.378,-74.8051
8/11/16,2016,8,10.95125294,27.2021389,32.05252075,0.451413499,48.7,55.9,36,0,T2M,Archival,1,38.3032,-74.5052
8/11/16,2016,8,12.0992012,26.84992409,31.69269753,0.42145,36,67.9,35,0,A7M,Archival,1,38.3031,-74.6525
8/11/16,2016,8,14.54815769,26.29517555,31.57201958,0.489459078,21.4,83.3,24,0,A2M,Archival,1,38.378,-74.8051
8/12/16,2016,8,11.10139465,27.06575012,32.00069046,0.443454319,48.7,55.9,36,0,T2M,Archival,1,38.3032,-74.5052
8/12/16,2016,8,12.79225159,27.1896286,31.9073391,0.41135,36,67.9,35,0,A7M,Archival,1,38.3031,-74.6525
8/12/16,2016,8,16.05547905,26.3148098,31.83453941,0.427472115,21.4,83.3,24,0,A2M,Archival,1,38.378,-74.8051
8/13/16,2016,8,10.88909149,27.25585938,32.14713669,0.454632441,48.7,55.9,36,0,T2M,Archival,1,38.3032,-74.5052
8/13/16,2016,8,12.25443172,27.35606956,32.03679276,0.43148,36,67.9,35,0,A7M,Archival,1,38.3031,-74.6525
8/13/16,2016,8,15.27461147,25.77112007,31.99382973,0.437354525,21.4,83.3,24,0,A2M,Archival,1,38.378,-74.8051
8/14/16,2016,8,10.77689838,27.63245964,32.14222717,0.468210035,48.7,55.9,36,0,T2M,Archival,1,38.3032,-74.5052
8/14/16,2016,8,11.97841358,27.13174438,32.00020599,0.43295,36,67.9,35,0,A7M,Archival,1,38.3031,-74.6525
8/14/16,2016,8,14.65100002,25.50474548,32.07899857,0.452239394,21.4,83.3,24,0,A2M,Archival,1,38.378,-74.8051
8/15/16,2016,8,10.06472111,27.71723938,32.23456955,0.49034773,48.7,55.9,36,0,T2M,Archival,1,38.3032,-74.5052
8/15/16,2016,8,12.0317955,27.24098206,32.1788063,0.43455,36,67.9,35,0,A7M,Archival,1,38.3031,-74.6525
8/15/16,2016,8,15.36545849,26.43790436,32.13386536,0.461351911,21.4,83.3,24,0,A2M,Archival,1,38.378,-74.8051
8/16/16,2016,8,10.29017639,27.88823509,32.24157333,0.488834964,48.7,55.9,36,0,T2M,Archival,1,38.3032,-74.5052
8/16/16,2016,8,12.46504498,27.64188576,32.19887924,0.43362,36,67.9,35,0,A7M,Archival,1,38.3031,-74.6525
8/16/16,2016,8,15.82473755,26.92646027,32.16336441,0.46257178,21.4,83.3,24,0,A2M,Archival,1,38.378,-74.8051
8/17/16,2016,8,10.27756214,27.46828461,32.23424149,0.477520068,48.7,55.9,36,0,T2M,Archival,1,38.3032,-74.5052
8/17/16,2016,8,12.34993267,26.84713554,32.27205658,0.41421,36,67.9,35,0,A7M,Archival,1,38.3031,-74.6525
8/17/16,2016,8,15.53314304,25.32089043,32.09266663,0.407822808,21.4,83.3,24,0,A2M,Archival,1,38.378,-74.8051
8/18/16,2016,8,10.69790268,27.24270058,32.16367722,0.459577719,48.7,55.9,36,0,T2M,Archival,1,38.3032,-74.5052
8/18/16,2016,8,12.16156292,26.54508018,32.18806076,0.41096,36,67.9,35,0,A7M,Archival,1,38.3031,-74.6525
8/18/16,2016,8,15.23349094,25.35436058,32.02305984,0.421702902,21.4,83.3,24,0,A2M,Archival,1,38.378,-74.8051
8/19/16,2016,8,10.87007236,27.24999237,32.14484024,0.454997778,48.7,55.9,36,0,T2M,Archival,1,38.3032,-74.5052
8/19/16,2016,8,12.41369534,26.65318489,32.19237137,0.40684,36,67.9,35,0,A7M,Archival,1,38.3031,-74.6525
8/19/16,2016,8,15.16754913,25.72260475,31.96844482,0.439793984,21.4,83.3,24,0,A2M,Archival,1,38.378,-74.8051
8/20/16,2016,8,10.91355038,27.56474495,32.15849686,0.462533183,48.7,55.9,36,0,T2M,Archival,1,38.3032,-74.5052
8/20/16,2016,8,12.66887283,26.84470177,32.21275711,0.40502,36,67.9,35,0,A7M,Archival,1,38.3031,-74.6525
8/20/16,2016,8,15.51551056,26.05144691,31.8957386,0.438997348,21.4,83.3,24,0,A2M,Archival,1,38.378,-74.8051
8/21/16,2016,8,12.08666897,27.83050728,32.01509476,0.437328842,48.7,55.9,36,0,T2M,Archival,1,38.3032,-74.5052
8/21/16,2016,8,13.65293884,27.05437469,32.15557098,0.3829,36,67.9,35,0,A7M,Archival,1,38.3031,-74.6525
8/21/16,2016,8,16.08615685,26.06337166,31.87053108,0.415717284,21.4,83.3,24,0,A2M,Archival,1,38.378,-74.8051
8/22/16,2016,8,12.02393246,27.10593987,31.93656731,0.41894465,48.7,55.9,36,0,T2M,Archival,1,38.3032,-74.5052
8/22/16,2016,8,13.78444576,26.33217621,32.14814758,0.35851,36,67.9,35,0,A7M,Archival,1,38.3031,-74.6525
8/22/16,2016,8,16.15458488,25.25756073,31.81477356,0.37929066,21.4,83.3,24,0,A2M,Archival,1,38.378,-74.8051
8/23/16,2016,8,12.10003376,26.58065224,31.89219093,0.402239402,48.7,55.9,36,0,T2M,Archival,1,38.3032,-74.5052
8/23/16,2016,8,14.1045866,26.0362339,32.07239914,0.3409,36,67.9,35,0,A7M,Archival,1,38.3031,-74.6525
8/23/16,2016,8,16.84206581,25.19875336,31.99284554,0.348195314,21.4,83.3,24,0,A2M,Archival,1,38.378,-74.8051
8/24/16,2016,8,11.76868725,26.23387909,32.01696396,0.401810884,48.7,55.9,36,0,T2M,Archival,1,38.3032,-74.5052
8/24/16,2016,8,13.98547268,25.90529633,32.25251389,0.34057,36,67.9,35,0,A7M,Archival,1,38.3031,-74.6525
8/24/16,2016,8,16.70209503,24.97587585,32.07263565,0.344740868,21.4,83.3,24,0,A2M,Archival,1,38.378,-74.8051
8/25/16,2016,8,11.80590916,26.20978355,32.07607269,0.400107622,48.7,55.9,36,0,T2M,Archival,1,38.3032,-74.5052
8/25/16,2016,8,13.75310516,25.82540131,32.32696533,0.34492,36,67.9,35,0,A7M,Archival,1,38.3031,-74.6525
8/25/16,2016,8,16.67435265,24.41365814,31.84222603,0.322471062,21.4,83.3,24,0,A2M,Archival,1,38.378,-74.8051
8/26/16,2016,8,11.9801321,25.99098778,32.25192261,0.389190435,48.7,55.9,36,0,T2M,Archival,1,38.3032,-74.5052
8/26/16,2016,8,13.34931087,25.3830719,32.32978821,0.34382,36,67.9,35,0,A7M,Archival,1,38.3031,-74.6525
8/26/16,2016,8,16.24795341,24.18154335,31.99297333,0.330566247,21.4,83.3,24,0,A2M,Archival,1,38.378,-74.8051
8/27/16,2016,8,13.34495258,26.22759056,32.28416061,0.357851055,48.7,55.9,36,0,T2M,Archival,1,38.3032,-74.5052
8/27/16,2016,8,14.34305573,25.55471039,32.27783585,0.32033,36,67.9,35,0,A7M,Archival,1,38.3031,-74.6525
8/27/16,2016,8,16.79044342,24.7030468,32.15660477,0.329691807,21.4,83.3,24,0,A2M,Archival,1,38.378,-74.8051
8/28/16,2016,8,13.50975418,26.45105553,32.22589493,0.359480593,48.7,55.9,36,0,T2M,Archival,1,38.3032,-74.5052
8/28/16,2016,8,14.63488293,25.77670097,32.3381691,0.31834,36,67.9,35,0,A7M,Archival,1,38.3031,-74.6525
8/28/16,2016,8,16.9930687,24.97504234,32.16979218,0.332582235,21.4,83.3,24,0,A2M,Archival,1,38.378,-74.8051
8/29/16,2016,8,13.45383549,26.38150024,32.19871902,0.359101799,48.7,55.9,36,0,T2M,Archival,1,38.3032,-74.5052
8/29/16,2016,8,14.9437027,25.81151581,32.33719635,0.31051,36,67.9,35,0,A7M,Archival,1,38.3031,-74.6525
8/29/16,2016,8,17.18233299,24.95823479,32.11838531,0.323995908,21.4,83.3,24,0,A2M,Archival,1,38.378,-74.8051
8/30/16,2016,8,11.3424139,26.9307251,32.24802017,0.433008644,48.7,55.9,36,0,T2M,Archival,1,38.3032,-74.5052
8/30/16,2016,8,13.0450325,26.30288506,32.33533096,0.3788,36,67.9,35,0,A7M,Archival,1,38.3031,-74.6525
8/30/16,2016,8,15.81694126,25.27638817,31.95132446,0.394143621,21.4,83.3,24,0,A2M,Archival,1,38.378,-74.8051
8/31/16,2016,8,10.94379425,27.01617432,32.28973389,0.446455002,48.7,55.9,36,0,T2M,Archival,1,38.3032,-74.5052
8/31/16,2016,8,12.76821899,26.36533356,32.28747559,0.38849,36,67.9,35,0,A7M,Archival,1,38.3031,-74.6525
8/31/16,2016,8,15.71418858,25.32125664,31.74813843,0.400294503,21.4,83.3,24,0,A2M,Archival,1,38.378,-74.8051
9/1/16,2016,9,11.04018021,26.89507866,32.31261063,0.440413846,48.7,55.9,36,0,T2M,Archival,1,38.3032,-74.5052
9/1/16,2016,9,12.64578247,25.94832039,32.13177109,0.38007,36,67.9,35,0,A7M,Archival,1,38.3031,-74.6525
9/1/16,2016,9,15.64212513,25.20531654,31.67630196,0.398466309,21.4,83.3,24,0,A2M,Archival,1,38.378,-74.8051
9/2/16,2016,9,11.11809254,25.95539284,32.43476486,0.412147231,48.7,55.9,36,0,T2M,Archival,1,38.3032,-74.5052
9/2/16,2016,9,12.62751293,24.79493904,32.10341263,0.34764,36,67.9,35,0,A7M,Archival,1,38.3031,-74.6525
9/2/16,2016,9,15.3303957,24.27071381,31.64733315,0.372513254,21.4,83.3,24,0,A2M,Archival,1,38.378,-74.8051
9/3/16,2016,9,11.0909071,25.03893471,32.43481445,0.387445211,48.7,55.9,36,0,T2M,Archival,1,38.3032,-74.5052
9/3/16,2016,9,13.29323578,24.03642845,32.40445328,0.30695,36,67.9,35,0,A7M,Archival,1,38.3031,-74.6525
9/3/16,2016,9,16.39450264,23.3992672,31.97985077,0.29186519,21.4,83.3,24,0,A2M,Archival,1,38.378,-74.8051
9/4/16,2016,9,11.98355865,22.8930378,32.51465225,0.303041087,48.7,55.9,36,0,T2M,Archival,1,38.3032,-74.5052
9/4/16,2016,9,15.81069183,23.15479851,32.34410858,0.20983,36,67.9,35,0,A7M,Archival,1,38.3031,-74.6525
9/4/16,2016,9,21.67172241,22.27448082,32.28598404,0.025114934,21.4,83.3,24,0,A2M,Archival,1,38.378,-74.8051
9/5/16,2016,9,15.17204189,22.64783287,32.90594864,0.20766086,48.7,55.9,36,0,T2M,Archival,1,38.3032,-74.5052
9/5/16,2016,9,19.87570763,23.31251335,32.39863968,0.09819,36,67.9,35,0,A7M,Archival,1,38.3031,-74.6525
9/5/16,2016,9,22.8882122,23.00710297,32.36597061,0.004953782,21.4,83.3,24,0,A2M,Archival,1,38.378,-74.8051
9/6/16,2016,9,15.29137516,22.81104469,32.84763336,0.208879709,48.7,55.9,36,0,T2M,Archival,1,38.3032,-74.5052
9/6/16,2016,9,20.74820518,23.19330025,32.20944977,0.06986,36,67.9,35,0,A7M,Archival,1,38.3031,-74.6525
9/6/16,2016,9,22.80386353,22.94016457,32.21789551,0.00567921,21.4,83.3,24,0,A2M,Archival,1,38.378,-74.8051
9/7/16,2016,9,15.65346527,23.11759949,32.5500145,0.207337062,48.7,55.9,36,0,T2M,Archival,1,38.3032,-74.5052
9/7/16,2016,9,20.49951935,23.29932594,32.04121017,0.07999,36,67.9,35,0,A7M,Archival,1,38.3031,-74.6525
9/7/16,2016,9,22.81562233,23.11252403,32.14646149,0.012370904,21.4,83.3,24,0,A2M,Archival,1,38.378,-74.8051
9/8/16,2016,9,16.97121239,23.69689941,32.2529068,0.18682464,48.7,55.9,36,0,T2M,Archival,1,38.3032,-74.5052
9/8/16,2016,9,21.0560379,23.68486214,31.97417641,0.07511,36,67.9,35,0,A7M,Archival,1,38.3031,-74.6525
9/8/16,2016,9,23.43091393,23.66368675,31.90205193,0.009698868,21.4,83.3,24,0,A2M,Archival,1,38.378,-74.8051
9/9/16,2016,9,17.35339355,23.88004494,32.06333542,0.181295872,48.7,55.9,36,0,T2M,Archival,1,38.3032,-74.5052
9/9/16,2016,9,20.61690331,23.90165138,31.88899422,0.09385,36,67.9,35,0,A7M,Archival,1,38.3031,-74.6525
9/9/16,2016,9,23.43216705,24.11625099,31.82398224,0.028503497,21.4,83.3,24,0,A2M,Archival,1,38.378,-74.8051
9/10/16,2016,9,17.27308083,24.08796501,31.99992943,0.189302338,48.7,55.9,36,0,T2M,Archival,1,38.3032,-74.5052
9/10/16,2016,9,19.89878273,24.12723351,31.8626194,0.12081,36,67.9,35,0,A7M,Archival,1,38.3031,-74.6525
9/10/16,2016,9,23.27687073,24.31255913,31.84758949,0.043153683,21.4,83.3,24,0,A2M,Archival,1,38.378,-74.8051
9/11/16,2016,9,15.1983223,23.5905056,32.12418747,0.233116203,48.7,55.9,36,0,T2M,Archival,1,38.3032,-74.5052
9/11/16,2016,9,17.56078339,23.96119881,32.08492661,0.18287,36,67.9,35,0,A7M,Archival,1,38.3031,-74.6525
9/11/16,2016,9,21.57117653,23.90334892,31.85838318,0.09717385,21.4,83.3,24,0,A2M,Archival,1,38.378,-74.8051
9/12/16,2016,9,14.97124195,23.42635536,32.12494278,0.234864261,48.7,55.9,36,0,T2M,Archival,1,38.3032,-74.5052
9/12/16,2016,9,17.03932762,23.7168026,32.09676361,0.19078,36,67.9,35,0,A7M,Archival,1,38.3031,-74.6525
9/12/16,2016,9,21.23674583,23.730093,31.93363953,0.103889465,21.4,83.3,24,0,A2M,Archival,1,38.378,-74.8051
9/13/16,2016,9,15.18519688,23.23820686,32.15805817,0.223694722,48.7,55.9,36,0,T2M,Archival,1,38.3032,-74.5052
9/13/16,2016,9,17.36155128,23.51083946,32.09740067,0.17569,36,67.9,35,0,A7M,Archival,1,38.3031,-74.6525
9/13/16,2016,9,21.04472923,23.49497986,31.95613098,0.102093776,21.4,83.3,24,0,A2M,Archival,1,38.378,-74.8051
9/14/16,2016,9,16.19021034,23.12408638,32.1031189,0.192607668,48.7,55.9,36,0,T2M,Archival,1,38.3032,-74.5052
9/14/16,2016,9,17.94041634,23.42411041,32.0667572,0.15668,36,67.9,35,0,A7M,Archival,1,38.3031,-74.6525
9/14/16,2016,9,20.52392387,23.20095253,31.84274864,0.111542861,21.4,83.3,24,0,A2M,Archival,1,38.378,-74.8051
9/15/16,2016,9,16.51888466,23.1181736,32.09127426,0.183313582,48.7,55.9,36,0,T2M,Archival,1,38.3032,-74.5052
9/15/16,2016,9,17.85069084,23.28011131,32.04060364,0.15513,36,67.9,35,0,A7M,Archival,1,38.3031,-74.6525
9/15/16,2016,9,20.36515236,23.20607948,31.87161827,0.118371964,21.4,83.3,24,0,A2M,Archival,1,38.378,-74.8051
9/16/16,2016,9,15.85593128,22.3541851,32.17685318,0.180507051,48.7,55.9,36,0,T2M,Archival,1,38.3032,-74.5052
9/16/16,2016,9,18.03245735,22.55535126,32.02001572,0.12923,36,67.9,35,0,A7M,Archival,1,38.3031,-74.6525
9/16/16,2016,9,20.82859612,22.70013428,31.91234398,0.077980757,21.4,83.3,24,0,A2M,Archival,1,38.378,-74.8051
9/17/16,2016,9,16.58040619,22.26261902,32.55077362,0.157839245,48.7,55.9,36,0,T2M,Archival,1,38.3032,-74.5052
9/17/16,2016,9,19.05675697,22.42393303,32.40891647,0.09621,36,67.9,35,0,A7M,Archival,1,38.3031,-74.6525
9/17/16,2016,9,21.88385963,22.57487488,32.23207474,0.028792302,21.4,83.3,24,0,A2M,Archival,1,38.378,-74.8051
9/18/16,2016,9,16.63558769,22.74298096,32.55935287,0.169649813,48.7,55.9,36,0,T2M,Archival,1,38.3032,-74.5052
9/18/16,2016,9,18.96866989,22.8967762,32.42414093,0.11223,36,67.9,35,0,A7M,Archival,1,38.3031,-74.6525
9/18/16,2016,9,21.68748665,23.05410957,32.15340042,0.056942622,21.4,83.3,24,0,A2M,Archival,1,38.378,-74.8051
9/19/16,2016,9,16.7746315,23.21469879,32.47531509,0.178890758,48.7,55.9,36,0,T2M,Archival,1,38.3032,-74.5052
9/19/16,2016,9,18.52646065,23.40873528,32.38370514,0.13949,36,67.9,35,0,A7M,Archival,1,38.3031,-74.6525
9/19/16,2016,9,21.06914139,23.56797791,32.05833817,0.104118188,21.4,83.3,24,0,A2M,Archival,1,38.378,-74.8051
9/20/16,2016,9,17.08624458,23.06404686,32.45135498,0.166050063,48.7,55.9,36,0,T2M,Archival,1,38.3032,-74.5052
9/20/16,2016,9,18.96412468,23.20274162,32.2857933,0.1211,36,67.9,35,0,A7M,Archival,1,38.3031,-74.6525
9/20/16,2016,9,21.47658348,23.59110451,31.89434052,0.088105043,21.4,83.3,24,0,A2M,Archival,1,38.378,-74.8051
9/21/16,2016,9,17.06384087,22.83885384,32.47406387,0.160417027,48.7,55.9,36,0,T2M,Archival,1,38.3032,-74.5052
9/21/16,2016,9,19.1384964,22.99736023,32.28563309,0.11025,36,67.9,35,0,A7M,Archival,1,38.3031,-74.6525
9/21/16,2016,9,21.62779999,23.47464561,31.93148994,0.076951901,21.4,83.3,24,0,A2M,Archival,1,38.378,-74.8051
9/22/16,2016,9,16.92110443,22.75966644,32.56510162,0.162182278,48.7,55.9,36,0,T2M,Archival,1,38.3032,-74.5052
9/22/16,2016,9,19.290308,22.8711319,32.31617355,0.10231,36,67.9,35,0,A7M,Archival,1,38.3031,-74.6525
9/22/16,2016,9,21.91926765,23.28002357,32.02578354,0.056698163,21.4,83.3,24,0,A2M,Archival,1,38.378,-74.8051
9/23/16,2016,9,17.3059864,22.7845459,32.66971207,0.152182208,48.7,55.9,36,0,T2M,Archival,1,38.3032,-74.5052
9/23/16,2016,9,19.46687508,22.83344078,32.14551544,0.09619,36,67.9,35,0,A7M,Archival,1,38.3031,-74.6525
9/23/16,2016,9,21.72432518,23.17636681,31.94081306,0.060501734,21.4,83.3,24,0,A2M,Archival,1,38.378,-74.8051
9/24/16,2016,9,17.17144775,22.73182869,32.59901047,0.154455026,48.7,55.9,36,0,T2M,Archival,1,38.3032,-74.5052
9/24/16,2016,9,19.03137016,22.91693115,32.07779694,0.11102,36,67.9,35,0,A7M,Archival,1,38.3031,-74.6525
9/24/16,2016,9,21.58330727,23.16998482,31.84702492,0.066111565,21.4,83.3,24,0,A2M,Archival,1,38.378,-74.8051
9/25/16,2016,9,17.53089333,22.07760811,32.42849731,0.126297633,48.7,55.9,36,0,T2M,Archival,1,38.3032,-74.5052
9/25/16,2016,9,19.35916328,22.25961494,32.14373398,0.08287,36,67.9,35,0,A7M,Archival,1,38.3031,-74.6525
9/25/16,2016,9,22.05356789,22.48592186,31.71528435,0.018014749,21.4,83.3,24,0,A2M,Archival,1,38.378,-74.8051
9/26/16,2016,9,15.94167042,21.6004467,32.30415726,0.15718823,48.7,55.9,36,1,T2M,Archival,1,38.3032,-74.5052
9/26/16,2016,9,17.78097725,21.53482628,32.19329453,0.10725,36,67.9,35,0,A7M,Archival,1,38.3031,-74.6525
9/26/16,2016,9,20.18551064,21.30308723,31.6364193,0.046565692,21.4,83.3,24,0,A2M,Archival,1,38.378,-74.8051
9/27/16,2016,9,15.58923626,21.49342537,32.27035904,0.164005253,48.7,55.9,36,0,T2M,Archival,1,38.3032,-74.5052
9/27/16,2016,9,17.32458687,21.23068428,32.0215683,0.1116,36,67.9,35,0,A7M,Archival,1,38.3031,-74.6525
9/27/16,2016,9,19.51196098,21.310812,31.59304047,0.074952126,21.4,83.3,24,0,A2M,Archival,1,38.378,-74.8051
9/28/16,2016,9,15.2549057,21.52032661,32.19642258,0.17403947,48.7,55.9,36,0,T2M,Archival,1,38.3032,-74.5052
9/28/16,2016,9,16.93407631,21.30943871,31.97843933,0.12501,36,67.9,35,0,A7M,Archival,1,38.3031,-74.6525
9/28/16,2016,9,19.17489243,21.36013222,31.61104774,0.091051658,21.4,83.3,24,0,A2M,Archival,1,38.378,-74.8051
9/29/16,2016,9,15.47852039,22.02027702,32.33181,0.181715462,48.7,55.9,36,0,T2M,Archival,1,38.3032,-74.5052
9/29/16,2016,9,18.14210701,21.78732109,32.12891006,0.10415,36,67.9,35,0,A7M,Archival,1,38.3031,-74.6525
9/29/16,2016,9,20.52956581,21.54173851,31.68748283,0.042173862,21.4,83.3,24,0,A2M,Archival,1,38.378,-74.8051
9/30/16,2016,9,16.03814697,21.51684761,32.49551773,0.152186129,48.7,55.9,36,0,T2M,Archival,1,38.3032,-74.5052
9/30/16,2016,9,21.08391762,21.54256439,32.11231995,0.0131,36,67.9,35,0,A7M,Archival,1,38.3031,-74.6525
9/30/16,2016,9,21.68997002,21.78272247,31.81508064,0.003864686,21.4,83.3,24,0,A2M,Archival,1,38.378,-74.8051
10/1/16,2016,10,17.10307503,20.83319855,32.63188553,0.103614542,48.7,55.9,36,0,T2M,Archival,1,38.3032,-74.5052
10/1/16,2016,10,21.35621643,21.72290611,31.99819946,0.01048,36,67.9,35,0,A7M,Archival,1,38.3031,-74.6525
10/1/16,2016,10,22.13216972,22.25520325,31.85194588,0.005126397,21.4,83.3,24,0,A2M,Archival,1,38.378,-74.8051
10/2/16,2016,10,17.03567314,20.85195732,32.73184586,0.106007894,48.7,55.9,36,0,T2M,Archival,1,38.3032,-74.5052
10/2/16,2016,10,19.80719185,21.75385284,31.93220329,0.05562,36,67.9,35,0,A7M,Archival,1,38.3031,-74.6525
10/2/16,2016,10,20.76788521,22.0178299,31.80834961,0.052081029,21.4,83.3,24,0,A2M,Archival,1,38.378,-74.8051
10/3/16,2016,10,17.44985771,20.82487297,32.61240768,0.093750424,48.7,55.9,36,0,T2M,Archival,1,38.3032,-74.5052
10/3/16,2016,10,19.7622261,21.58740997,31.88846779,0.05215,36,67.9,35,0,A7M,Archival,1,38.3031,-74.6525
10/3/16,2016,10,20.71886253,21.93397713,31.7681427,0.050629775,21.4,83.3,24,0,A2M,Archival,1,38.378,-74.8051
10/4/16,2016,10,17.34348869,20.40055275,32.59331894,0.084918446,48.7,55.9,36,0,T2M,Archival,1,38.3032,-74.5052
10/4/16,2016,10,19.68688011,21.06519318,31.96476555,0.03938,36,67.9,35,0,A7M,Archival,1,38.3031,-74.6525
10/4/16,2016,10,20.65020943,21.56773949,31.71241188,0.038230419,21.4,83.3,24,0,A2M,Archival,1,38.378,-74.8051
10/5/16,2016,10,19.5906601,19.70303535,32.6897316,0.003121535,48.7,55.9,36,0,T2M,Archival,1,38.3032,-74.5052
10/5/16,2016,10,20.56644249,20.58470345,32.10108185,0.00052,36,67.9,35,0,A7M,Archival,1,38.3031,-74.6525
10/5/16,2016,10,20.74941635,20.73801422,31.56222343,-0.000475089,21.4,83.3,24,0,A2M,Archival,1,38.378,-74.8051
10/6/16,2016,10,19.46720505,19.5428257,32.65517044,0.002100574,48.7,55.9,36,0,T2M,Archival,1,38.3032,-74.5052
10/6/16,2016,10,20.35470772,20.3789196,32.06986618,0.00069,36,67.9,35,0,A7M,Archival,1,38.3031,-74.6525
10/6/16,2016,10,20.40270042,20.40768242,31.51076317,0.000207583,21.4,83.3,24,0,A2M,Archival,1,38.378,-74.8051
10/7/16,2016,10,19.35425186,19.57610703,32.69175339,0.006162643,48.7,55.9,36,0,T2M,Archival,1,38.3032,-74.5052
10/7/16,2016,10,20.30509949,20.35676003,32.12361526,0.00148,36,67.9,35,0,A7M,Archival,1,38.3031,-74.6525
10/7/16,2016,10,20.35137367,20.38421822,31.52099419,0.001368523,21.4,83.3,24,0,A2M,Archival,1,38.378,-74.8051
10/8/16,2016,10,16.45070648,20.62662697,32.65690994,0.115997791,48.7,55.9,36,0,T2M,Archival,1,38.3032,-74.5052
10/8/16,2016,10,17.84917641,21.08695221,32.04908752,0.09251,36,67.9,35,0,A7M,Archival,1,38.3031,-74.6525
10/8/16,2016,10,19.15704536,20.85544395,31.43282127,0.070766608,21.4,83.3,24,0,A2M,Archival,1,38.378,-74.8051
10/9/16,2016,10,16.71920586,19.74499702,32.60606003,0.084049755,48.7,55.9,36,0,T2M,Archival,1,38.3032,-74.5052
10/9/16,2016,10,18.63897705,20.35824776,31.93843842,0.04912,36,67.9,35,0,A7M,Archival,1,38.3031,-74.6525
10/9/16,2016,10,19.81301308,20.33682823,31.34106255,0.021825631,21.4,83.3,24,0,A2M,Archival,1,38.378,-74.8051
10/10/16,2016,10,18.4665699,18.45176888,32.67064285,-0.00041114,48.7,55.9,36,0,T2M,Archival,1,38.3032,-74.5052
10/10/16,2016,10,19.51087761,19.4821167,32.23255539,-0.00082,36,67.9,35,0,A7M,Archival,1,38.3031,-74.6525
10/10/16,2016,10,19.4246006,19.39119148,31.69894218,-0.001392047,21.4,83.3,24,0,A2M,Archival,1,38.378,-74.8051
10/11/16,2016,10,18.61579323,18.55539131,33.04414749,-0.001677831,48.7,55.9,36,0,T2M,Archival,1,38.3032,-74.5052
10/11/16,2016,10,18.94861603,18.94658852,32.5352211,-0.00006,36,67.9,35,0,A7M,Archival,1,38.3031,-74.6525
10/11/16,2016,10,18.80684471,18.83257103,31.992136,0.00107193,21.4,83.3,24,0,A2M,Archival,1,38.378,-74.8051
10/12/16,2016,10,18.54015923,18.63915062,33.07723999,0.002749761,48.7,55.9,36,0,T2M,Archival,1,38.3032,-74.5052
10/12/16,2016,10,18.84067726,18.95397949,32.5306778,0.00324,36,67.9,35,0,A7M,Archival,1,38.3031,-74.6525
10/12/16,2016,10,18.80033112,18.8941288,31.99462318,0.003908237,21.4,83.3,24,0,A2M,Archival,1,38.378,-74.8051
10/13/16,2016,10,18.51638794,18.78031731,33.08906937,0.007331371,48.7,55.9,36,0,T2M,Archival,1,38.3032,-74.5052
10/13/16,2016,10,18.76596832,18.99157715,32.51065445,0.00645,36,67.9,35,0,A7M,Archival,1,38.3031,-74.6525
10/13/16,2016,10,18.84545898,19.08897209,31.97066307,0.010146379,21.4,83.3,24,0,A2M,Archival,1,38.378,-74.8051
10/14/16,2016,10,18.05825996,18.73844719,33.17260361,0.01889409,48.7,55.9,36,0,T2M,Archival,1,38.3032,-74.5052
10/14/16,2016,10,18.3085022,18.84450912,32.59105301,0.01531,36,67.9,35,0,A7M,Archival,1,38.3031,-74.6525
10/14/16,2016,10,18.64424896,18.96393013,32.0123291,0.013320049,21.4,83.3,24,0,A2M,Archival,1,38.378,-74.8051
10/15/16,2016,10,18.06922913,18.51396179,33.30078506,0.012353685,48.7,55.9,36,0,T2M,Archival,1,38.3032,-74.5052
10/15/16,2016,10,18.41598701,18.48607826,32.66609573,0.002,36,67.9,35,0,A7M,Archival,1,38.3031,-74.6525
10/15/16,2016,10,18.68764687,18.68898582,32.17366028,5.58E-05,21.4,83.3,24,0,A2M,Archival,1,38.378,-74.8051
10/16/16,2016,10,18.09012032,18.45885277,33.34565353,0.010242568,48.7,55.9,36,0,T2M,Archival,1,38.3032,-74.5052
10/16/16,2016,10,18.38682747,18.45511436,32.64381027,0.00195,36,67.9,35,0,A7M,Archival,1,38.3031,-74.6525
10/16/16,2016,10,18.60845375,18.66364861,32.1086235,0.002299786,21.4,83.3,24,0,A2M,Archival,1,38.378,-74.8051
10/17/16,2016,10,18.29208565,18.8505497,33.21208191,0.01551289,48.7,55.9,36,0,T2M,Archival,1,38.3032,-74.5052
10/17/16,2016,10,18.73321533,18.94857025,32.53336716,0.00615,36,67.9,35,0,A7M,Archival,1,38.3031,-74.6525
10/17/16,2016,10,19.04037476,19.06707191,31.65100288,0.001112382,21.4,83.3,24,0,A2M,Archival,1,38.378,-74.8051
10/18/16,2016,10,18.33873749,19.06764412,33.02165985,0.020247406,48.7,55.9,36,0,T2M,Archival,1,38.3032,-74.5052
10/18/16,2016,10,18.75135231,19.28435326,32.2335701,0.01523,36,67.9,35,0,A7M,Archival,1,38.3031,-74.6525
10/18/16,2016,10,19.09924316,19.31723976,31.40924644,0.009083192,21.4,83.3,24,0,A2M,Archival,1,38.378,-74.8051
10/19/16,2016,10,18.30263519,19.26571274,32.74675751,0.026752154,48.7,55.9,36,0,T2M,Archival,1,38.3032,-74.5052
10/19/16,2016,10,18.70221901,19.48164558,31.83010101,0.02227,36,67.9,35,0,A7M,Archival,1,38.3031,-74.6525
10/19/16,2016,10,19.10103989,19.47988129,31.42141914,0.015785058,21.4,83.3,24,0,A2M,Archival,1,38.378,-74.8051
10/20/16,2016,10,18.76996994,19.46797752,32.55672073,0.0193891,48.7,55.9,36,0,T2M,Archival,1,38.3032,-74.5052
10/20/16,2016,10,19.0138607,19.57912254,31.6657486,0.01615,36,67.9,35,0,A7M,Archival,1,38.3031,-74.6525
10/20/16,2016,10,19.18273354,19.56316376,31.36715698,0.015851259,21.4,83.3,24,0,A2M,Archival,1,38.378,-74.8051
10/21/16,2016,10,18.76224327,19.61071396,32.49775314,0.02356863,48.7,55.9,36,0,T2M,Archival,1,38.3032,-74.5052
10/21/16,2016,10,18.98213577,19.69272041,31.64194489,0.0203,36,67.9,35,0,A7M,Archival,1,38.3031,-74.6525
10/21/16,2016,10,19.16308022,19.6384182,31.46816063,0.019805749,21.4,83.3,24,0,A2M,Archival,1,38.378,-74.8051
10/22/16,2016,10,18.69396019,19.26115227,32.52024078,0.015755335,48.7,55.9,36,0,T2M,Archival,1,38.3032,-74.5052
10/22/16,2016,10,18.91952133,19.26209641,31.98257446,0.00979,36,67.9,35,0,A7M,Archival,1,38.3031,-74.6525
10/22/16,2016,10,19.14084816,19.26436424,31.87193871,0.005146503,21.4,83.3,24,0,A2M,Archival,1,38.378,-74.8051
10/23/16,2016,10,18.5153141,18.57489967,32.9189949,0.001655155,48.7,55.9,36,1,T2M,Archival,1,38.3032,-74.5052
10/23/16,2016,10,18.93268585,18.50434303,32.55988693,-0.01224,36,67.9,35,1,A7M,Archival,1,38.3031,-74.6525
10/23/16,2016,10,18.96901512,18.66699982,32.37197495,-0.012583971,21.4,83.3,24,0,A2M,Archival,1,38.378,-74.8051
10/24/16,2016,10,16.56711578,18.49244881,32.56038666,0.053481473,48.7,55.9,36,0,T2M,Archival,1,38.3032,-74.5052
10/24/16,2016,10,18.11289597,18.46160889,32.33402252,0.00996,36,67.9,35,0,A7M,Archival,1,38.3031,-74.6525
10/24/16,2016,10,18.83168221,18.62487221,32.41537857,-0.008617083,21.4,83.3,24,0,A2M,Archival,1,38.378,-74.8051
10/25/16,2016,10,15.41120815,18.26086235,32.70687485,0.079157061,48.7,55.9,36,0,T2M,Archival,1,38.3032,-74.5052
10/25/16,2016,10,17.63020325,18.16876411,32.5242157,0.01539,36,67.9,35,0,A7M,Archival,1,38.3031,-74.6525
10/25/16,2016,10,18.75257874,18.29183388,32.43865967,-0.019197702,21.4,83.3,24,0,A2M,Archival,1,38.378,-74.8051
10/26/16,2016,10,15.16702175,17.57325745,32.90818787,0.06683988,48.7,55.9,36,0,T2M,Archival,1,38.3032,-74.5052
10/26/16,2016,10,16.53944778,17.40429115,32.64540482,0.02471,36,67.9,35,0,A7M,Archival,1,38.3031,-74.6525
10/26/16,2016,10,17.62945557,17.47514153,32.44825745,-0.006429752,21.4,83.3,24,0,A2M,Archival,1,38.378,-74.8051
10/27/16,2016,10,15.49915791,17.26285744,33.0243454,0.048991654,48.7,55.9,36,0,T2M,Archival,1,38.3032,-74.5052
10/27/16,2016,10,16.65568352,17.09597206,32.66386032,0.01258,36,67.9,35,0,A7M,Archival,1,38.3031,-74.6525
10/27/16,2016,10,17.50662041,17.2009964,32.49559402,-0.012734334,21.4,83.3,24,0,A2M,Archival,1,38.378,-74.8051
10/28/16,2016,10,15.4956665,17.10851288,33.02233887,0.044801288,48.7,55.9,36,0,T2M,Archival,1,38.3032,-74.5052
10/28/16,2016,10,16.47690964,17.01470757,32.6512413,0.01537,36,67.9,35,0,A7M,Archival,1,38.3031,-74.6525
10/28/16,2016,10,17.34313774,17.14398384,32.51576233,-0.008298079,21.4,83.3,24,0,A2M,Archival,1,38.378,-74.8051
10/29/16,2016,10,16.21576691,17.6029892,33.04183578,0.038533953,48.7,55.9,36,0,T2M,Archival,1,38.3032,-74.5052
10/29/16,2016,10,17.30080414,17.53339577,32.69197845,0.00665,36,67.9,35,0,A7M,Archival,1,38.3031,-74.6525
10/29/16,2016,10,17.73410225,17.58980942,32.42748642,-0.006012201,21.4,83.3,24,0,A2M,Archival,1,38.378,-74.8051
10/30/16,2016,10,16.00185204,17.64855957,33.00053787,0.045741876,48.7,55.9,36,0,T2M,Archival,1,38.3032,-74.5052
10/30/16,2016,10,17.03700638,17.62336731,32.63467789,0.01675,36,67.9,35,0,A7M,Archival,1,38.3031,-74.6525
10/30/16,2016,10,17.75620651,17.65182686,32.40196228,-0.004349152,21.4,83.3,24,0,A2M,Archival,1,38.378,-74.8051
10/31/16,2016,10,15.88656616,17.66075325,32.98424149,0.049282975,48.7,55.9,36,0,T2M,Archival,1,38.3032,-74.5052
10/31/16,2016,10,16.82747078,17.64609528,32.66044235,0.02339,36,67.9,35,0,A7M,Archival,1,38.3031,-74.6525
10/31/16,2016,10,17.75332832,17.6592865,32.44298553,-0.003918409,21.4,83.3,24,0,A2M,Archival,1,38.378,-74.8051
11/1/16,2016,11,16.10161209,17.44804764,33.12365341,0.037400987,48.7,55.9,36,0,T2M,Archival,1,38.3032,-74.5052
11/1/16,2016,11,16.941082,17.37170219,32.8224411,0.0123,36,67.9,35,0,A7M,Archival,1,38.3031,-74.6525
11/1/16,2016,11,17.4301815,17.39544487,32.51761627,-0.00144736,21.4,83.3,24,0,A2M,Archival,1,38.378,-74.8051
11/2/16,2016,11,16.10115623,17.41447258,33.116745,0.03648101,48.7,55.9,36,0,T2M,Archival,1,38.3032,-74.5052
11/2/16,2016,11,17.06513023,17.3573494,32.80017853,0.00835,36,67.9,35,0,A7M,Archival,1,38.3031,-74.6525
11/2/16,2016,11,17.41362381,17.37361717,32.49420929,-0.001666943,21.4,83.3,24,0,A2M,Archival,1,38.378,-74.8051
11/3/16,2016,11,16.01078224,17.46747017,33.07381821,0.040463554,48.7,55.9,36,0,T2M,Archival,1,38.3032,-74.5052
11/3/16,2016,11,16.952034,17.42348099,32.76292801,0.01347,36,67.9,35,0,A7M,Archival,1,38.3031,-74.6525
11/3/16,2016,11,17.40880966,17.36796761,32.42777634,-0.001701752,21.4,83.3,24,0,A2M,Archival,1,38.378,-74.8051
11/4/16,2016,11,16.43073845,17.41021156,33.0410347,0.027207587,48.7,55.9,36,0,T2M,Archival,1,38.3032,-74.5052
11/4/16,2016,11,17.02513123,17.36927795,32.73361588,0.00983,36,67.9,35,0,A7M,Archival,1,38.3031,-74.6525
11/4/16,2016,11,17.42720032,17.30387878,32.32606888,-0.005138397,21.4,83.3,24,0,A2M,Archival,1,38.378,-74.8051
11/5/16,2016,11,16.51748466,17.15042114,33.10092163,0.017581569,48.7,55.9,36,0,T2M,Archival,1,38.3032,-74.5052
11/5/16,2016,11,17.13872337,17.11374474,32.84077072,-0.00071,36,67.9,35,0,A7M,Archival,1,38.3031,-74.6525
11/5/16,2016,11,17.18726158,17.1260643,32.45680618,-0.002549887,21.4,83.3,24,0,A2M,Archival,1,38.378,-74.8051
11/6/16,2016,11,16.55963516,16.99567223,33.09117508,0.012112141,48.7,55.9,36,0,T2M,Archival,1,38.3032,-74.5052
11/6/16,2016,11,17.13702774,16.97189331,32.8590889,-0.00472,36,67.9,35,0,A7M,Archival,1,38.3031,-74.6525
11/6/16,2016,11,17.00006676,16.95004272,32.46207809,-0.002084335,21.4,83.3,24,0,A2M,Archival,1,38.378,-74.8051
11/7/16,2016,11,16.41594124,16.92692947,33.17481613,0.014194118,48.7,55.9,36,0,T2M,Archival,1,38.3032,-74.5052
11/7/16,2016,11,16.68393898,16.70686913,32.85494995,0.00066,36,67.9,35,0,A7M,Archival,1,38.3031,-74.6525
11/7/16,2016,11,16.75542259,16.74925232,32.47669601,-0.000257095,21.4,83.3,24,0,A2M,Archival,1,38.378,-74.8051
11/8/16,2016,11,16.59645844,16.62833214,33.15247726,0.000885381,48.7,55.9,36,0,T2M,Archival,1,38.3032,-74.5052
11/8/16,2016,11,16.40743446,16.39127922,32.84910202,-0.00046,36,67.9,35,0,A7M,Archival,1,38.3031,-74.6525
11/8/16,2016,11,16.50133133,16.48120308,32.40696716,-0.000838677,21.4,83.3,24,0,A2M,Archival,1,38.378,-74.8051
11/9/16,2016,11,16.57448769,16.46462059,33.13072968,-0.003051864,48.7,55.9,36,0,T2M,Archival,1,38.3032,-74.5052
11/9/16,2016,11,16.4295845,16.25247002,32.83239746,-0.00506,36,67.9,35,0,A7M,Archival,1,38.3031,-74.6525
11/9/16,2016,11,16.42444229,16.20561409,32.28978729,-0.009117842,21.4,83.3,24,0,A2M,Archival,1,38.378,-74.8051
11/10/16,2016,11,16.81452751,16.45910645,33.03110504,-0.009872807,48.7,55.9,36,0,T2M,Archival,1,38.3032,-74.5052
11/10/16,2016,11,16.50124168,16.32346916,32.79408646,-0.00508,36,67.9,35,0,A7M,Archival,1,38.3031,-74.6525
11/10/16,2016,11,16.36353111,16.15388107,32.2991066,-0.008735418,21.4,83.3,24,0,A2M,Archival,1,38.378,-74.8051
11/11/16,2016,11,16.71446419,16.31075478,33.0719223,-0.01121415,48.7,55.9,36,1,T2M,Archival,1,38.3032,-74.5052
11/11/16,2016,11,16.27656746,16.24806404,32.87000275,-0.00081,36,67.9,35,1,A7M,Archival,1,38.3031,-74.6525
11/11/16,2016,11,15.97164059,15.91957474,32.32409286,-0.00216941,21.4,83.3,24,0,A2M,Archival,1,38.378,-74.8051
11/12/16,2016,11,16.44783211,16.23884583,33.1590538,-0.005805175,48.7,55.9,36,0,T2M,Archival,1,38.3032,-74.5052
11/12/16,2016,11,16.11245918,16.07248306,32.90538788,-0.00114,36,67.9,35,0,A7M,Archival,1,38.3031,-74.6525
11/12/16,2016,11,15.68561459,15.64291859,32.35174179,-0.001779,21.4,83.3,24,0,A2M,Archival,1,38.378,-74.8051
11/13/16,2016,11,15.58012486,16.02013016,33.23811722,0.01222237,48.7,55.9,36,0,T2M,Archival,1,38.3032,-74.5052
11/13/16,2016,11,15.56592178,15.7971487,32.95705414,0.00661,36,67.9,35,0,A7M,Archival,1,38.3031,-74.6525
11/13/16,2016,11,15.46506882,15.40535259,32.45939255,-0.002488176,21.4,83.3,24,0,A2M,Archival,1,38.378,-74.8051
11/14/16,2016,11,15.63400745,15.89590549,33.2929039,0.007274946,48.7,55.9,36,0,T2M,Archival,1,38.3032,-74.5052
11/14/16,2016,11,15.64896393,15.63645649,33.00636292,-0.00036,36,67.9,35,0,A7M,Archival,1,38.3031,-74.6525
11/14/16,2016,11,15.30179214,14.91854763,32.24147034,-0.015968521,21.4,83.3,24,0,A2M,Archival,1,38.378,-74.8051
11/15/16,2016,11,15.71450329,15.84688854,33.29688644,0.003677368,48.7,55.9,36,0,T2M,Archival,1,38.3032,-74.5052
11/15/16,2016,11,15.66337872,15.57767487,33.01133728,-0.00245,36,67.9,35,0,A7M,Archival,1,38.3031,-74.6525
11/15/16,2016,11,15.18581295,15.03922272,32.37582779,-0.006107926,21.4,83.3,24,0,A2M,Archival,1,38.378,-74.8051
11/16/16,2016,11,16.09870148,15.69700336,33.21296692,-0.011158281,48.7,55.9,36,0,T2M,Archival,1,38.3032,-74.5052
11/16/16,2016,11,15.50072479,15.47391987,32.92466354,-0.00077,36,67.9,35,0,A7M,Archival,1,38.3031,-74.6525
11/16/16,2016,11,15.18988895,15.12993717,32.55791855,-0.002497991,21.4,83.3,24,0,A2M,Archival,1,38.378,-74.8051
11/17/16,2016,11,16.00801659,15.61105251,33.17983627,-0.01102678,48.7,55.9,36,0,T2M,Archival,1,38.3032,-74.5052
11/17/16,2016,11,15.45017719,15.39715576,32.92389679,-0.00151,36,67.9,35,0,A7M,Archival,1,38.3031,-74.6525
11/17/16,2016,11,15.09211636,14.80656147,32.40218735,-0.01189812,21.4,83.3,24,0,A2M,Archival,1,38.378,-74.8051
11/18/16,2016,11,15.77248859,15.54925251,33.21198654,-0.006201002,48.7,55.9,36,0,T2M,Archival,1,38.3032,-74.5052
11/18/16,2016,11,15.30477142,15.29631805,32.91109467,-0.00024,36,67.9,35,0,A7M,Archival,1,38.3031,-74.6525
11/18/16,2016,11,14.94196224,14.92288494,32.57037735,-0.000794888,21.4,83.3,24,0,A2M,Archival,1,38.378,-74.8051
11/19/16,2016,11,15.46693707,15.45166397,33.14946365,-0.000424253,48.7,55.9,36,0,T2M,Archival,1,38.3032,-74.5052
11/19/16,2016,11,15.04811954,15.05329514,32.76780319,0.00015,36,67.9,35,0,A7M,Archival,1,38.3031,-74.6525
11/19/16,2016,11,14.65215588,14.64130402,32.5245018,-0.000452161,21.4,83.3,24,0,A2M,Archival,1,38.378,-74.8051
11/20/16,2016,11,15.37988663,15.32804203,33.17557907,-0.001440128,48.7,55.9,36,0,T2M,Archival,1,38.3032,-74.5052
11/20/16,2016,11,14.94026661,14.89741898,32.78808975,-0.00122,36,67.9,35,0,A7M,Archival,1,38.3031,-74.6525
11/20/16,2016,11,14.33127689,14.28259754,32.48514175,-0.002028306,21.4,83.3,24,1,A2M,Archival,1,38.378,-74.8051
11/21/16,2016,11,15.04479122,14.98920822,33.28274155,-0.001543972,48.7,55.9,36,0,T2M,Archival,1,38.3032,-74.5052
11/21/16,2016,11,14.50472736,14.45471954,32.95303726,-0.00143,36,67.9,35,0,A7M,Archival,1,38.3031,-74.6525
11/21/16,2016,11,13.66634083,13.61343384,32.52057266,-0.002204458,21.4,83.3,24,1,A2M,Archival,1,38.378,-74.8051
11/22/16,2016,11,15.33495617,14.9428606,33.55338669,-0.010891543,48.7,55.9,36,0,T2M,Archival,1,38.3032,-74.5052
11/22/16,2016,11,13.99995136,13.96524429,32.99119949,-0.00099,36,67.9,35,1,A7M,Archival,1,38.3031,-74.6525
11/22/16,2016,11,12.93386745,12.89134598,32.5911293,-0.001771728,21.4,83.3,24,0,A2M,Archival,1,38.378,-74.8051
11/23/16,2016,11,15.70388794,14.69837666,33.6234436,-0.027930869,48.7,55.9,36,0,T2M,Archival,1,38.3032,-74.5052
11/23/16,2016,11,14.16905308,13.99808788,33.12410355,-0.00488,36,67.9,35,0,A7M,Archival,1,38.3031,-74.6525
11/23/16,2016,11,12.62144852,12.58061981,32.63202286,-0.001701196,21.4,83.3,24,0,A2M,Archival,1,38.378,-74.8051
11/24/16,2016,11,15.5219698,14.51446438,33.63386917,-0.027986262,48.7,55.9,36,0,T2M,Archival,1,38.3032,-74.5052
11/24/16,2016,11,14.32042313,13.981637,33.19738388,-0.00968,36,67.9,35,0,A7M,Archival,1,38.3031,-74.6525
11/24/16,2016,11,12.4807024,12.44923019,32.64494705,-0.001311342,21.4,83.3,24,0,A2M,Archival,1,38.378,-74.8051
11/25/16,2016,11,15.14600086,13.87354374,33.50955963,-0.035346031,48.7,55.9,36,0,T2M,Archival,1,38.3032,-74.5052
11/25/16,2016,11,13.6934433,13.57871342,33.09846115,-0.00328,36,67.9,35,0,A7M,Archival,1,38.3031,-74.6525
11/25/16,2016,11,12.34102154,12.37003231,32.51128769,0.001208782,21.4,83.3,24,0,A2M,Archival,1,38.378,-74.8051
11/26/16,2016,11,14.57732105,14.03974628,33.531147,-0.014932632,48.7,55.9,36,0,T2M,Archival,1,38.3032,-74.5052
11/26/16,2016,11,13.45482159,13.42398071,33.01896667,-0.00088,36,67.9,35,0,A7M,Archival,1,38.3031,-74.6525
11/26/16,2016,11,12.70847607,12.70934582,32.55464935,3.62E-05,21.4,83.3,24,0,A2M,Archival,1,38.378,-74.8051
11/27/16,2016,11,14.3915863,14.06432247,33.63408279,-0.009090662,48.7,55.9,36,0,T2M,Archival,1,38.3032,-74.5052
11/27/16,2016,11,13.411129,13.36628628,33.05112839,-0.00128,36,67.9,35,0,A7M,Archival,1,38.3031,-74.6525
11/27/16,2016,11,12.72977066,12.68752766,32.5827179,-0.001760125,21.4,83.3,24,0,A2M,Archival,1,38.378,-74.8051
11/28/16,2016,11,13.98827457,13.71848583,33.65145493,-0.007494132,48.7,55.9,36,0,T2M,Archival,1,38.3032,-74.5052
11/28/16,2016,11,13.20144939,13.10447025,33.20713806,-0.00277,36,67.9,35,0,A7M,Archival,1,38.3031,-74.6525
11/28/16,2016,11,12.35089588,12.22883511,32.56935501,-0.005085866,21.4,83.3,24,1,A2M,Archival,1,38.378,-74.8051
11/29/16,2016,11,13.86808395,13.74440861,33.67563248,-0.003435426,48.7,55.9,36,0,T2M,Archival,1,38.3032,-74.5052
11/29/16,2016,11,13.27894211,12.99473858,33.16945648,-0.00812,36,67.9,35,0,A7M,Archival,1,38.3031,-74.6525
11/29/16,2016,11,12.40771198,12.04570484,32.49409866,-0.015083631,21.4,83.3,24,0,A2M,Archival,1,38.378,-74.8051
11/30/16,2016,11,14.24967575,13.73251629,33.56182861,-0.014365541,48.7,55.9,36,0,T2M,Archival,1,38.3032,-74.5052
11/30/16,2016,11,13.52397823,12.85661316,32.9258461,-0.01907,36,67.9,35,1,A7M,Archival,1,38.3031,-74.6525
11/30/16,2016,11,12.69881439,12.20297718,32.52513123,-0.020659884,21.4,83.3,24,0,A2M,Archival,1,38.378,-74.8051
12/1/16,2016,12,14.85410595,13.91883945,33.42134476,-0.025979625,48.7,55.9,36,0,T2M,Archival,1,38.3032,-74.5052
12/1/16,2016,12,13.97673702,13.21242905,32.95229721,-0.02184,36,67.9,35,0,A7M,Archival,1,38.3031,-74.6525
12/2/16,2016,12,14.81023502,13.85869694,33.47683334,-0.026431613,48.7,55.9,36,0,T2M,Archival,1,38.3032,-74.5052
12/2/16,2016,12,14.07300091,13.13766479,33.00108719,-0.02672,36,67.9,35,0,A7M,Archival,1,38.3031,-74.6525
12/2/16,2016,12,13.16320896,12.32271194,32.51974869,-0.035020709,21.4,83.3,24,1,A2M,Archival,1,38.378,-74.8051
12/3/16,2016,12,14.76170349,13.77371216,33.55937195,-0.027444204,48.7,55.9,36,0,T2M,Archival,1,38.3032,-74.5052
12/3/16,2016,12,14.15266418,13.03571033,33.12749863,-0.03191,36,67.9,35,0,A7M,Archival,1,38.3031,-74.6525
12/3/16,2016,12,12.40843201,12.07989597,32.61008835,-0.013689001,21.4,83.3,24,1,A2M,Archival,1,38.378,-74.8051
12/4/16,2016,12,13.68144894,13.30645275,33.52132416,-0.010416561,48.7,55.9,36,0,T2M,Archival,1,38.3032,-74.5052
12/4/16,2016,12,12.94265652,12.66193295,33.17983627,-0.00802,36,67.9,35,0,A7M,Archival,1,38.3031,-74.6525
12/4/16,2016,12,11.62739563,11.51929092,32.61512375,-0.004504363,21.4,83.3,24,0,A2M,Archival,1,38.378,-74.8051
12/5/16,2016,12,13.30423737,13.05263805,33.42959976,-0.00698887,48.7,55.9,36,0,T2M,Archival,1,38.3032,-74.5052
12/5/16,2016,12,12.73684025,12.49332047,33.10924911,-0.00696,36,67.9,35,0,A7M,Archival,1,38.3031,-74.6525
12/5/16,2016,12,11.75315571,11.57142258,32.65206528,-0.007572214,21.4,83.3,24,1,A2M,Archival,1,38.378,-74.8051
12/6/16,2016,12,13.23640537,13.11677265,33.54345703,-0.003323131,48.7,55.9,36,0,T2M,Archival,1,38.3032,-74.5052
12/6/16,2016,12,12.64341259,12.4339304,33.12360382,-0.00599,36,67.9,35,0,A7M,Archival,1,38.3031,-74.6525
12/6/16,2016,12,11.66471195,11.55967045,32.70133591,-0.004376729,21.4,83.3,24,0,A2M,Archival,1,38.378,-74.8051
12/7/16,2016,12,12.99334812,13.05038071,33.57962418,0.001584238,48.7,55.9,36,0,T2M,Archival,1,38.3032,-74.5052
12/7/16,2016,12,12.25469112,12.27816391,33.039608,0.00067,36,67.9,35,0,A7M,Archival,1,38.3031,-74.6525
12/7/16,2016,12,11.58294392,11.59486771,32.62145996,0.000496825,21.4,83.3,24,0,A2M,Archival,1,38.378,-74.8051
12/8/16,2016,12,12.91198063,12.87047195,33.51963806,-0.001153019,48.7,55.9,36,0,T2M,Archival,1,38.3032,-74.5052
12/8/16,2016,12,12.28417683,12.05002213,32.9277916,-0.00669,36,67.9,35,0,A7M,Archival,1,38.3031,-74.6525
12/8/16,2016,12,11.53574085,11.47761631,32.49723816,-0.002421856,21.4,83.3,24,0,A2M,Archival,1,38.378,-74.8051
12/9/16,2016,12,12.69911671,12.6485405,33.52386093,-0.001404895,48.7,55.9,36,0,T2M,Archival,1,38.3032,-74.5052
12/9/16,2016,12,12.14127636,11.9805479,33.04148483,-0.00459,36,67.9,35,0,A7M,Archival,1,38.3031,-74.6525
12/9/16,2016,12,11.06036472,11.00825977,32.44682693,-0.00217104,21.4,83.3,24,0,A2M,Archival,1,38.378,-74.8051
12/10/16,2016,12,12.44323826,12.38933277,33.49446487,-0.001497375,48.7,55.9,36,0,T2M,Archival,1,38.3032,-74.5052
12/10/16,2016,12,11.8688736,11.79680729,33.10634613,-0.00206,36,67.9,35,0,A7M,Archival,1,38.3031,-74.6525
12/10/16,2016,12,10.46172523,10.40586185,32.3614502,-0.002327641,21.4,83.3,24,0,A2M,Archival,1,38.378,-74.8051
12/11/16,2016,12,12.27538586,12.24086475,33.52482986,-0.00095892,48.7,55.9,36,0,T2M,Archival,1,38.3032,-74.5052
12/11/16,2016,12,11.7607584,11.7194643,33.20165634,-0.00118,36,67.9,35,0,A7M,Archival,1,38.3031,-74.6525
12/11/16,2016,12,10.25381756,10.22402287,32.41576385,-0.001241446,21.4,83.3,24,0,A2M,Archival,1,38.378,-74.8051
12/12/16,2016,12,12.32171249,12.2892828,33.57580185,-0.000900825,48.7,55.9,36,0,T2M,Archival,1,38.3032,-74.5052
12/12/16,2016,12,11.79281139,11.70505524,33.21519852,-0.00251,36,67.9,35,0,A7M,Archival,1,38.3031,-74.6525
12/12/16,2016,12,10.16671753,10.0839386,32.39190292,-0.003449122,21.4,83.3,24,0,A2M,Archival,1,38.378,-74.8051
12/13/16,2016,12,12.62803364,12.70510387,33.61264801,0.00214084,48.7,55.9,36,0,T2M,Archival,1,38.3032,-74.5052
12/13/16,2016,12,12.11357117,11.93876934,33.17725372,-0.00499,36,67.9,35,0,A7M,Archival,1,38.3031,-74.6525
12/13/16,2016,12,10.31084919,10.23953724,32.32450485,-0.002971331,21.4,83.3,24,0,A2M,Archival,1,38.378,-74.8051
12/14/16,2016,12,12.69108486,12.67355824,33.65936661,-0.000486851,48.7,55.9,36,0,T2M,Archival,1,38.3032,-74.5052
12/14/16,2016,12,12.21197987,12.01229477,33.29513931,-0.00571,36,67.9,35,1,A7M,Archival,1,38.3031,-74.6525
12/14/16,2016,12,10.44543171,10.41538334,32.45163727,-0.001252015,21.4,83.3,24,1,A2M,Archival,1,38.378,-74.8051
12/15/16,2016,12,12.62773418,12.5617075,33.70239639,-0.001834075,48.7,55.9,36,0,T2M,Archival,1,38.3032,-74.5052
12/15/16,2016,12,12.07749081,11.78687668,33.30014801,-0.0083,36,67.9,35,1,A7M,Archival,1,38.3031,-74.6525
12/15/16,2016,12,10.35248566,10.17370701,32.47825241,-0.00744911,21.4,83.3,24,1,A2M,Archival,1,38.378,-74.8051
12/16/16,2016,12,12.01470566,11.95987701,33.81106949,-0.001523018,48.7,55.9,36,0,T2M,Archival,1,38.3032,-74.5052
12/16/16,2016,12,11.16591358,11.07825756,33.35200119,-0.0025,36,67.9,35,0,A7M,Archival,1,38.3031,-74.6525
12/16/16,2016,12,9.284082413,9.214953423,32.50102234,-0.002880375,21.4,83.3,24,0,A2M,Archival,1,38.378,-74.8051
12/17/16,2016,12,11.81062603,11.74696255,33.74831772,-0.00176843,48.7,55.9,36,0,T2M,Archival,1,38.3032,-74.5052
12/17/16,2016,12,10.89792728,10.81666279,33.28609848,-0.00232,36,67.9,35,0,A7M,Archival,1,38.3031,-74.6525
12/17/16,2016,12,9.278018951,9.258444786,32.62811661,-0.00081559,21.4,83.3,24,0,A2M,Archival,1,38.378,-74.8051
12/18/16,2016,12,12.07554626,11.49079895,33.59096527,-0.016242981,48.7,55.9,36,0,T2M,Archival,1,38.3032,-74.5052
12/18/16,2016,12,10.9971838,10.57028484,33.14305496,-0.0122,36,67.9,35,0,A7M,Archival,1,38.3031,-74.6525
12/18/16,2016,12,9.531966209,9.536183357,32.70072174,0.000175714,21.4,83.3,24,0,A2M,Archival,1,38.378,-74.8051
12/19/16,2016,12,12.08981609,11.5450964,33.83379745,-0.015131103,48.7,55.9,36,0,T2M,Archival,1,38.3032,-74.5052
12/19/16,2016,12,10.92823124,10.40505695,33.32618713,-0.01495,36,67.9,35,0,A7M,Archival,1,38.3031,-74.6525
12/19/16,2016,12,9.163321495,9.126581192,32.7239151,-0.001530846,21.4,83.3,24,0,A2M,Archival,1,38.378,-74.8051
12/20/16,2016,12,11.83097553,11.84983158,34.06360245,0.000523779,48.7,55.9,36,0,T2M,Archival,1,38.3032,-74.5052
12/20/16,2016,12,10.24578953,10.199893,33.34073257,-0.00131,36,67.9,35,0,A7M,Archival,1,38.3031,-74.6525
12/20/16,2016,12,9.082634926,9.046800613,32.75313568,-0.001493096,21.4,83.3,24,1,A2M,Archival,1,38.378,-74.8051
12/21/16,2016,12,11.77943897,11.73215771,34.04501724,-0.001313368,48.7,55.9,36,0,T2M,Archival,1,38.3032,-74.5052
12/21/16,2016,12,10.03059292,9.953022957,33.28842926,-0.00222,36,67.9,35,0,A7M,Archival,1,38.3031,-74.6525
12/21/16,2016,12,8.853790283,8.783400536,32.67517471,-0.002932906,21.4,83.3,24,0,A2M,Archival,1,38.378,-74.8051
12/22/16,2016,12,11.97464371,11.88219929,34.10403061,-0.002567901,48.7,55.9,36,0,T2M,Archival,1,38.3032,-74.5052
12/22/16,2016,12,10.55308151,10.23810101,33.32934952,-0.009,36,67.9,35,0,A7M,Archival,1,38.3031,-74.6525
12/22/16,2016,12,9.195710182,8.865359306,32.49095535,-0.01376462,21.4,83.3,24,0,A2M,Archival,1,38.378,-74.8051
12/23/16,2016,12,11.75873661,11.62411976,34.05104446,-0.003739357,48.7,55.9,36,0,T2M,Archival,1,38.3032,-74.5052
12/23/16,2016,12,10.79748917,10.24162006,33.38142395,-0.01588,36,67.9,35,0,A7M,Archival,1,38.3031,-74.6525
12/23/16,2016,12,9.111976624,8.808220863,32.55812073,-0.01265649,21.4,83.3,24,0,A2M,Archival,1,38.378,-74.8051
12/24/16,2016,12,11.74826336,11.57349873,34.05265808,-0.004854573,48.7,55.9,36,0,T2M,Archival,1,38.3032,-74.5052
12/24/16,2016,12,10.77428436,10.22519207,33.40874863,-0.01569,36,67.9,35,1,A7M,Archival,1,38.3031,-74.6525
12/24/16,2016,12,9.263068199,8.440268517,32.45574188,-0.03428332,21.4,83.3,24,1,A2M,Archival,1,38.378,-74.8051
12/25/16,2016,12,11.60004807,11.17978287,34.0982666,-0.011674033,48.7,55.9,36,0,T2M,Archival,1,38.3032,-74.5052
12/25/16,2016,12,10.75541019,9.700203896,33.27684402,-0.03015,36,67.9,35,1,A7M,Archival,1,38.3031,-74.6525
12/25/16,2016,12,9.056752205,7.966758728,32.2611351,-0.045416395,21.4,83.3,24,1,A2M,Archival,1,38.378,-74.8051
12/26/16,2016,12,11.52286148,11.31450653,34.19309998,-0.005787637,48.7,55.9,36,0,T2M,Archival,1,38.3032,-74.5052
12/26/16,2016,12,10.81039906,10.07300663,33.548172,-0.02107,36,67.9,35,1,A7M,Archival,1,38.3031,-74.6525
12/26/16,2016,12,9.137937546,8.319930077,32.48019028,-0.034083645,21.4,83.3,24,0,A2M,Archival,1,38.378,-74.8051
12/27/16,2016,12,11.47274303,11.28413391,34.14746094,-0.005239142,48.7,55.9,36,0,T2M,Archival,1,38.3032,-74.5052
12/27/16,2016,12,10.77201176,9.851080894,33.36366653,-0.02631,36,67.9,35,0,A7M,Archival,1,38.3031,-74.6525
12/27/16,2016,12,9.569581032,8.238615036,32.41238022,-0.055456916,21.4,83.3,24,0,A2M,Archival,1,38.378,-74.8051
12/28/16,2016,12,11.85186863,11.16267776,34.00105667,-0.019144191,48.7,55.9,36,0,T2M,Archival,1,38.3032,-74.5052
12/28/16,2016,12,11.31628036,9.325095177,33.04728317,-0.05689,36,67.9,35,1,A7M,Archival,1,38.3031,-74.6525
12/28/16,2016,12,9.622239113,8.137450218,32.47046661,-0.061866204,21.4,83.3,24,1,A2M,Archival,1,38.378,-74.8051
12/29/16,2016,12,11.34192944,9.605931282,33.24663925,-0.0496,36,67.9,35,1,A7M,Archival,1,38.3031,-74.6525
12/29/16,2016,12,9.563189507,8.307196617,32.55366516,-0.052333037,21.4,83.3,24,1,A2M,Archival,1,38.378,-74.8051
12/30/16,2016,12,11.42325497,9.512571335,33.25455093,-0.05459,36,67.9,35,1,A7M,Archival,1,38.3031,-74.6525
12/30/16,2016,12,10.07734966,8.377071381,32.65696716,-0.070844928,21.4,83.3,24,0,A2M,Archival,1,38.378,-74.8051
12/31/16,2016,12,11.18881607,9.961216927,33.47810364,-0.03507,36,67.9,35,1,A7M,Archival,1,38.3031,-74.6525
12/31/16,2016,12,9.453539848,8.948342323,33.07753372,-0.021049897,21.4,83.3,24,0,A2M,Archival,1,38.378,-74.8051
1/1/17,2017,1,11.65854645,9.762588501,33.50902939,-0.05417,36,67.9,35,1,A7M,Archival,1,38.3031,-74.6525
1/1/17,2017,1,9.376703262,9.129183769,33.26207352,-0.010313312,21.4,83.3,24,1,A2M,Archival,1,38.378,-74.8051
1/2/17,2017,1,11.67681789,9.711605072,33.52907944,-0.05615,36,67.9,35,1,A7M,Archival,1,38.3031,-74.6525
1/2/17,2017,1,9.861317635,9.261405945,33.35631943,-0.02499632,21.4,83.3,24,1,A2M,Archival,1,38.378,-74.8051
1/3/17,2017,1,10.50195599,9.625711441,33.56944275,-0.02504,36,67.9,35,1,A7M,Archival,1,38.3031,-74.6525
1/3/17,2017,1,8.991398811,8.989314079,33.26111984,-8.69E-05,21.4,83.3,24,1,A2M,Archival,1,38.378,-74.8051
1/4/17,2017,1,9.823324203,9.366195679,33.36124802,-0.01306,36,67.9,35,1,A7M,Archival,1,38.3031,-74.6525
1/4/17,2017,1,8.920636177,8.448648453,32.78770828,-0.019666155,21.4,83.3,24,1,A2M,Archival,1,38.378,-74.8051
1/5/17,2017,1,10.07529163,9.414323807,33.49291992,-0.01888,36,67.9,35,1,A7M,Archival,1,38.3031,-74.6525
1/5/17,2017,1,8.897284508,8.158909798,32.80727005,-0.030765613,21.4,83.3,24,1,A2M,Archival,1,38.378,-74.8051
1/6/17,2017,1,10.0242033,9.083392143,33.59687424,-0.02688,36,67.9,35,1,A7M,Archival,1,38.3031,-74.6525
1/6/17,2017,1,8.108534813,7.360128403,32.70156479,-0.0311836,21.4,83.3,24,1,A2M,Archival,1,38.378,-74.8051
1/7/17,2017,1,9.641352654,9.015227318,33.61155319,-0.01789,36,67.9,35,0,A7M,Archival,1,38.3031,-74.6525
1/7/17,2017,1,7.903364658,7.829500675,32.97047806,-0.003077666,21.4,83.3,24,0,A2M,Archival,1,38.378,-74.8051
1/8/17,2017,1,9.883094788,9.82127285,33.95727921,-0.001717276,48.7,55.9,36,0,T2M,Archival,1,38.3032,-74.5052
1/8/17,2017,1,8.271677971,8.203968048,33.24043655,-0.00193,36,67.9,35,0,A7M,Archival,1,38.3031,-74.6525
1/8/17,2017,1,7.401815891,7.337454319,32.75665665,-0.002681732,21.4,83.3,24,1,A2M,Archival,1,38.378,-74.8051
1/9/17,2017,1,9.700537682,9.653813362,34.01774216,-0.001297898,48.7,55.9,36,0,T2M,Archival,1,38.3032,-74.5052
1/9/17,2017,1,8.379782677,8.325294495,33.48984146,-0.00156,36,67.9,35,0,A7M,Archival,1,38.3031,-74.6525
1/9/17,2017,1,7.137176514,7.044534206,32.79095078,-0.003860096,21.4,83.3,24,0,A2M,Archival,1,38.378,-74.8051
1/10/17,2017,1,9.574626923,9.557238579,34.02230835,-0.00048301,48.7,55.9,36,0,T2M,Archival,1,38.3032,-74.5052
1/10/17,2017,1,8.481995583,8.321645737,33.53755951,-0.00458,36,67.9,35,0,A7M,Archival,1,38.3031,-74.6525
1/10/17,2017,1,7.23380661,6.225305557,32.54248428,-0.042020877,21.4,83.3,24,0,A2M,Archival,1,38.378,-74.8051
1/11/17,2017,1,9.644358635,9.556975365,34.00991821,-0.002427313,48.7,55.9,36,1,T2M,Archival,1,38.3032,-74.5052
1/11/17,2017,1,8.687731743,8.06051445,33.39763641,-0.01792,36,67.9,35,0,A7M,Archival,1,38.3031,-74.6525
1/11/17,2017,1,7.577812195,6.009273052,32.36471558,-0.065355798,21.4,83.3,24,0,A2M,Archival,1,38.378,-74.8051
1/12/17,2017,1,9.58803463,10.73797512,33.9402504,0.031942791,48.7,55.9,36,1,T2M,Archival,1,38.3032,-74.5052
1/12/17,2017,1,8.929362297,8.642207146,33.09506607,-0.0082,36,67.9,35,1,A7M,Archival,1,38.3031,-74.6525
1/12/17,2017,1,7.967630863,7.418069839,32.51190186,-0.022898376,21.4,83.3,24,0,A2M,Archival,1,38.378,-74.8051
1/13/17,2017,1,10.01364613,10.07065868,33.65722656,0.001583682,48.7,55.9,36,1,T2M,Archival,1,38.3032,-74.5052
1/13/17,2017,1,9.288354874,8.496665955,33.05736923,-0.02262,36,67.9,35,1,A7M,Archival,1,38.3031,-74.6525
1/13/17,2017,1,8.207192421,7.309058666,32.65121841,-0.03742224,21.4,83.3,24,0,A2M,Archival,1,38.378,-74.8051
1/14/17,2017,1,10.07360744,9.897882462,33.65641785,-0.00488125,48.7,55.9,36,1,T2M,Archival,1,38.3032,-74.5052
1/14/17,2017,1,9.29613018,8.651313782,33.17012405,-0.01842,36,67.9,35,1,A7M,Archival,1,38.3031,-74.6525
1/14/17,2017,1,8.100535393,7.508595943,32.73181534,-0.024664144,21.4,83.3,24,1,A2M,Archival,1,38.378,-74.8051
1/15/17,2017,1,10.10927296,9.276324272,33.7416954,-0.023137463,48.7,55.9,36,1,T2M,Archival,1,38.3032,-74.5052
1/15/17,2017,1,9.202431679,7.64858675,33.06541824,-0.0444,36,67.9,35,0,A7M,Archival,1,38.3031,-74.6525
1/15/17,2017,1,7.876878262,6.544922352,32.54171371,-0.055498163,21.4,83.3,24,1,A2M,Archival,1,38.378,-74.8051
1/16/17,2017,1,10.16374302,9.357859612,33.82618332,-0.02238565,48.7,55.9,36,0,T2M,Archival,1,38.3032,-74.5052
1/16/17,2017,1,9.227786064,7.755256653,33.17697906,-0.04207,36,67.9,35,1,A7M,Archival,1,38.3031,-74.6525
1/16/17,2017,1,7.711872578,6.423627377,32.52078247,-0.053676883,21.4,83.3,24,1,A2M,Archival,1,38.378,-74.8051
1/17/17,2017,1,10.16329479,9.349165916,33.81295395,-0.022614691,48.7,55.9,36,0,T2M,Archival,1,38.3032,-74.5052
1/17/17,2017,1,9.27247715,7.870513916,33.19670486,-0.04006,36,67.9,35,0,A7M,Archival,1,38.3031,-74.6525
1/17/17,2017,1,7.840952396,6.527519226,32.48944473,-0.054726382,21.4,83.3,24,1,A2M,Archival,1,38.378,-74.8051
1/18/17,2017,1,10.14674282,9.946090698,33.74444199,-0.00557367,48.7,55.9,36,0,T2M,Archival,1,38.3032,-74.5052
1/18/17,2017,1,9.236721992,8.348677635,33.15130997,-0.02537,36,67.9,35,0,A7M,Archival,1,38.3031,-74.6525
1/18/17,2017,1,7.817484379,6.921703815,32.48220444,-0.03732419,21.4,83.3,24,0,A2M,Archival,1,38.378,-74.8051
1/19/17,2017,1,9.929169655,9.974935532,33.71634293,0.001271274,48.7,55.9,36,1,T2M,Archival,1,38.3032,-74.5052
1/19/17,2017,1,9.099746704,8.49029541,33.06016159,-0.01741,36,67.9,35,0,A7M,Archival,1,38.3031,-74.6525
1/19/17,2017,1,7.898442745,7.293692112,32.52077866,-0.025197943,21.4,83.3,24,0,A2M,Archival,1,38.378,-74.8051
1/20/17,2017,1,9.832520485,9.883131981,33.73327255,0.001405875,48.7,55.9,36,1,T2M,Archival,1,38.3032,-74.5052
1/20/17,2017,1,9.037526131,8.243059158,32.91334915,-0.0227,36,67.9,35,0,A7M,Archival,1,38.3031,-74.6525
1/20/17,2017,1,7.940288544,7.240594864,32.36404419,-0.029153903,21.4,83.3,24,0,A2M,Archival,1,38.378,-74.8051
1/21/17,2017,1,9.810861588,10.25714016,33.65005112,0.012396627,48.7,55.9,36,0,T2M,Archival,1,38.3032,-74.5052
1/21/17,2017,1,9.11505127,8.765673637,32.8727951,-0.00998,36,67.9,35,0,A7M,Archival,1,38.3031,-74.6525
1/21/17,2017,1,8.018191338,7.781838894,32.22603607,-0.009848018,21.4,83.3,24,0,A2M,Archival,1,38.378,-74.8051
1/22/17,2017,1,9.804424286,10.4129858,33.58514786,0.016904487,48.7,55.9,36,1,T2M,Archival,1,38.3032,-74.5052
1/22/17,2017,1,9.256590843,9.023810387,32.8509407,-0.00665,36,67.9,35,0,A7M,Archival,1,38.3031,-74.6525
1/22/17,2017,1,8.205188751,7.98840189,32.22116852,-0.009032786,21.4,83.3,24,0,A2M,Archival,1,38.378,-74.8051
1/23/17,2017,1,9.665015221,10.45918179,33.76171494,0.022060182,48.7,55.9,36,0,T2M,Archival,1,38.3032,-74.5052
1/23/17,2017,1,9.147316933,9.291183472,33.22898865,0.00411,36,67.9,35,0,A7M,Archival,1,38.3031,-74.6525
1/23/17,2017,1,8.114356995,8.201386452,32.62423706,0.003626227,21.4,83.3,24,0,A2M,Archival,1,38.378,-74.8051
1/24/17,2017,1,8.634793282,8.619233131,33.76703262,-0.000432226,48.7,55.9,36,0,T2M,Archival,1,38.3032,-74.5052
1/24/17,2017,1,7.502315998,7.48141098,33.22046661,-0.0006,36,67.9,35,0,A7M,Archival,1,38.3031,-74.6525
1/24/17,2017,1,6.609138966,6.586061954,32.6975708,-0.000961542,21.4,83.3,24,0,A2M,Archival,1,38.378,-74.8051
1/25/17,2017,1,7.936822414,7.918182373,33.5366478,-0.000517779,48.7,55.9,36,0,T2M,Archival,1,38.3032,-74.5052
1/25/17,2017,1,7.108764648,7.099448681,33.27363968,-0.00027,36,67.9,35,0,A7M,Archival,1,38.3031,-74.6525
1/25/17,2017,1,6.362140179,6.094091415,32.81725693,-0.011168698,21.4,83.3,24,0,A2M,Archival,1,38.378,-74.8051
1/26/17,2017,1,7.857385635,7.764746189,33.4838295,-0.002573318,48.7,55.9,36,0,T2M,Archival,1,38.3032,-74.5052
1/26/17,2017,1,7.187970638,6.805236816,32.98267746,-0.01094,36,67.9,35,0,A7M,Archival,1,38.3031,-74.6525
1/26/17,2017,1,6.450376987,6.109329224,31.75383759,-0.014210323,21.4,83.3,24,0,A2M,Archival,1,38.378,-74.8051
1/27/17,2017,1,7.84886694,8.342284203,33.41779709,0.013706035,48.7,55.9,36,0,T2M,Archival,1,38.3032,-74.5052
1/27/17,2017,1,7.241092205,7.314085484,32.73962784,0.00209,36,67.9,35,1,A7M,Archival,1,38.3031,-74.6525
1/27/17,2017,1,6.582471371,6.737432003,31.87526512,0.006456693,21.4,83.3,24,0,A2M,Archival,1,38.378,-74.8051
1/28/17,2017,1,8.49346447,8.076617241,33.25530624,-0.01157909,48.7,55.9,36,1,T2M,Archival,1,38.3032,-74.5052
1/28/17,2017,1,7.824092865,7.186568737,32.58312988,-0.01821,36,67.9,35,1,A7M,Archival,1,38.3031,-74.6525
1/28/17,2017,1,7.100081921,6.70408392,32.24168777,-0.016499917,21.4,83.3,24,0,A2M,Archival,1,38.378,-74.8051
1/29/17,2017,1,9.28371048,7.530288219,32.92397308,-0.048706174,48.7,55.9,36,0,T2M,Archival,1,38.3032,-74.5052
1/29/17,2017,1,8.505850792,7.189005375,32.71736908,-0.03762,36,67.9,35,0,A7M,Archival,1,38.3031,-74.6525
1/29/17,2017,1,7.50012207,6.621464252,32.5475769,-0.036610742,21.4,83.3,24,1,A2M,Archival,1,38.378,-74.8051
1/30/17,2017,1,9.197575569,8.151574135,33.07684326,-0.029055595,48.7,55.9,36,0,T2M,Archival,1,38.3032,-74.5052
1/30/17,2017,1,8.295777321,7.441322327,32.84978104,-0.02441,36,67.9,35,0,A7M,Archival,1,38.3031,-74.6525
1/30/17,2017,1,6.893106937,6.271651745,32.65478897,-0.025893966,21.4,83.3,24,0,A2M,Archival,1,38.378,-74.8051
1/31/17,2017,1,9.309313774,7.931107044,33.13599777,-0.03828352,48.7,55.9,36,1,T2M,Archival,1,38.3032,-74.5052
1/31/17,2017,1,8.408233643,7.208218098,32.90268326,-0.03429,36,67.9,35,1,A7M,Archival,1,38.3031,-74.6525
1/31/17,2017,1,6.856323242,5.971109867,32.66713715,-0.036883891,21.4,83.3,24,0,A2M,Archival,1,38.378,-74.8051
2/1/17,2017,2,9.444448471,7.952894688,33.21179962,-0.04143205,48.7,55.9,36,0,T2M,Archival,1,38.3032,-74.5052
2/1/17,2017,2,8.55933094,7.16853714,32.99962997,-0.03974,36,67.9,35,0,A7M,Archival,1,38.3031,-74.6525
2/1/17,2017,2,7.146223545,6.020767689,32.7265358,-0.046893994,21.4,83.3,24,0,A2M,Archival,1,38.378,-74.8051
2/2/17,2017,2,9.68994236,8.902954102,33.10614777,-0.021860785,48.7,55.9,36,0,T2M,Archival,1,38.3032,-74.5052
2/2/17,2017,2,8.684765816,7.767681599,32.89738846,-0.0262,36,67.9,35,0,A7M,Archival,1,38.3031,-74.6525
2/2/17,2017,2,7.10255003,6.220582962,32.49560928,-0.036748628,21.4,83.3,24,0,A2M,Archival,1,38.378,-74.8051
2/3/17,2017,2,9.754515648,8.779921532,33.13738251,-0.027072059,48.7,55.9,36,0,T2M,Archival,1,38.3032,-74.5052
2/3/17,2017,2,8.758900642,7.71979475,32.91366959,-0.02969,36,67.9,35,0,A7M,Archival,1,38.3031,-74.6525
2/3/17,2017,2,7.121454239,6.216964722,32.51680374,-0.037687063,21.4,83.3,24,0,A2M,Archival,1,38.378,-74.8051
2/4/17,2017,2,9.715291977,8.467342377,33.23469543,-0.034665267,48.7,55.9,36,0,T2M,Archival,1,38.3032,-74.5052
2/4/17,2017,2,8.735880852,7.506382465,32.91934967,-0.03513,36,67.9,35,0,A7M,Archival,1,38.3031,-74.6525
2/4/17,2017,2,6.899964809,6.309356689,32.60557175,-0.024608672,21.4,83.3,24,0,A2M,Archival,1,38.378,-74.8051
2/5/17,2017,2,9.391002655,8.267876625,33.4576149,-0.031197945,48.7,55.9,36,0,T2M,Archival,1,38.3032,-74.5052
2/5/17,2017,2,8.588824272,7.358460903,33.1245842,-0.03515,36,67.9,35,0,A7M,Archival,1,38.3031,-74.6525
2/5/17,2017,2,6.658818722,5.739974499,32.18677521,-0.038285176,21.4,83.3,24,0,A2M,Archival,1,38.378,-74.8051
2/6/17,2017,2,9.584778786,8.305830956,33.47911453,-0.035526329,48.7,55.9,36,1,T2M,Archival,1,38.3032,-74.5052
2/6/17,2017,2,8.895091057,7.457891941,33.20094299,-0.04106,36,67.9,35,0,A7M,Archival,1,38.3031,-74.6525
2/6/17,2017,2,6.876758099,5.701137543,32.03966904,-0.04898419,21.4,83.3,24,0,A2M,Archival,1,38.378,-74.8051
2/7/17,2017,2,9.613365173,8.392095566,33.49357986,-0.033924156,48.7,55.9,36,0,T2M,Archival,1,38.3032,-74.5052
2/7/17,2017,2,9.023844719,7.498347759,33.1896286,-0.04359,36,67.9,35,0,A7M,Archival,1,38.3031,-74.6525
2/7/17,2017,2,7.329046726,5.597457886,32.02859116,-0.072149535,21.4,83.3,24,0,A2M,Archival,1,38.378,-74.8051
2/8/17,2017,2,9.550822258,7.622237682,33.5943718,-0.053571794,48.7,55.9,36,0,T2M,Archival,1,38.3032,-74.5052
2/8/17,2017,2,8.636194229,5.73513937,32.80170441,-0.08289,36,67.9,35,0,A7M,Archival,1,38.3031,-74.6525
2/8/17,2017,2,6.873334885,4.899859428,32.38563538,-0.082228144,21.4,83.3,24,0,A2M,Archival,1,38.378,-74.8051
2/9/17,2017,2,9.462704659,7.420393467,33.47771835,-0.056730866,48.7,55.9,36,0,T2M,Archival,1,38.3032,-74.5052
2/9/17,2017,2,8.515851974,5.674445629,32.59585953,-0.08118,36,67.9,35,0,A7M,Archival,1,38.3031,-74.6525
2/9/17,2017,2,6.859737873,5.232179642,32.41496658,-0.067814926,21.4,83.3,24,0,A2M,Archival,1,38.378,-74.8051
2/10/17,2017,2,8.743159294,7.212474346,33.42559814,-0.042519026,48.7,55.9,36,0,T2M,Archival,1,38.3032,-74.5052
2/10/17,2017,2,8.313976288,6.496915817,33.09587097,-0.05192,36,67.9,35,0,A7M,Archival,1,38.3031,-74.6525
2/10/17,2017,2,5.796781063,5.588484287,32.69841766,-0.008679032,21.4,83.3,24,0,A2M,Archival,1,38.378,-74.8051
2/11/17,2017,2,8.537155151,7.485835552,33.32370377,-0.029203322,48.7,55.9,36,0,T2M,Archival,1,38.3032,-74.5052
2/11/17,2017,2,8.091719627,6.943178177,33.1160202,-0.03282,36,67.9,35,0,A7M,Archival,1,38.3031,-74.6525
2/11/17,2017,2,6.194420338,6.037906647,32.73057175,-0.006521404,21.4,83.3,24,0,A2M,Archival,1,38.378,-74.8051
2/12/17,2017,2,8.830158234,7.714287281,33.41462326,-0.030996415,48.7,55.9,36,0,T2M,Archival,1,38.3032,-74.5052
2/12/17,2017,2,8.102712631,6.931883335,33.07487869,-0.03345,36,67.9,35,0,A7M,Archival,1,38.3031,-74.6525
2/12/17,2017,2,6.602440357,6.063846111,32.72924042,-0.022441427,21.4,83.3,24,0,A2M,Archival,1,38.378,-74.8051
2/13/17,2017,2,8.967736244,7.437002659,33.34840393,-0.042520377,48.7,55.9,36,0,T2M,Archival,1,38.3032,-74.5052
2/13/17,2017,2,7.883334637,6.995550156,33.14604187,-0.02537,36,67.9,35,0,A7M,Archival,1,38.3031,-74.6525
2/13/17,2017,2,6.885213852,6.240225315,32.81877136,-0.026874522,21.4,83.3,24,0,A2M,Archival,1,38.378,-74.8051
2/14/17,2017,2,7.48550415,6.633942127,33.6295929,-0.023654501,48.7,55.9,36,0,T2M,Archival,1,38.3032,-74.5052
2/14/17,2017,2,6.58433342,6.355906963,33.45279312,-0.00653,36,67.9,35,0,A7M,Archival,1,38.3031,-74.6525
2/14/17,2017,2,5.290910244,5.269795895,32.82847977,-0.000879765,21.4,83.3,24,0,A2M,Archival,1,38.378,-74.8051
2/15/17,2017,2,6.784418583,6.169507504,33.41833115,-0.017080863,48.7,55.9,36,0,T2M,Archival,1,38.3032,-74.5052
2/15/17,2017,2,6.098396778,5.955405712,33.29507828,-0.00409,36,67.9,35,0,A7M,Archival,1,38.3031,-74.6525
2/15/17,2017,2,5.714623928,5.336452007,32.89417648,-0.015757163,21.4,83.3,24,0,A2M,Archival,1,38.378,-74.8051
2/16/17,2017,2,7.053403854,6.225589752,33.46923065,-0.022994836,48.7,55.9,36,0,T2M,Archival,1,38.3032,-74.5052
2/16/17,2017,2,6.147348881,5.867540359,33.31943893,-0.00799,36,67.9,35,0,A7M,Archival,1,38.3031,-74.6525
2/16/17,2017,2,5.760303497,5.028150558,32.80779648,-0.030506372,21.4,83.3,24,0,A2M,Archival,1,38.378,-74.8051
2/17/17,2017,2,6.621871948,5.921483517,33.5106926,-0.019455234,48.7,55.9,36,0,T2M,Archival,1,38.3032,-74.5052
2/17/17,2017,2,5.956603527,5.669656277,33.33605576,-0.0082,36,67.9,35,0,A7M,Archival,1,38.3031,-74.6525
2/17/17,2017,2,5.057276249,4.94170332,32.73533249,-0.004815539,21.4,83.3,24,0,A2M,Archival,1,38.378,-74.8051
2/18/17,2017,2,6.202305317,6.114514828,33.62746429,-0.002438625,48.7,55.9,36,0,T2M,Archival,1,38.3032,-74.5052
2/18/17,2017,2,5.911038876,5.810258865,33.40935898,-0.00288,36,67.9,35,0,A7M,Archival,1,38.3031,-74.6525
2/18/17,2017,2,5.157317638,5.145791531,32.83123398,-0.000480254,21.4,83.3,24,0,A2M,Archival,1,38.378,-74.8051
2/19/17,2017,2,6.295654297,6.409679413,33.7085495,0.003167364,48.7,55.9,36,0,T2M,Archival,1,38.3032,-74.5052
2/19/17,2017,2,6.030082226,6.019117832,33.35895538,-0.00031,36,67.9,35,0,A7M,Archival,1,38.3031,-74.6525
2/19/17,2017,2,5.426240444,5.531945705,32.89822006,0.004404386,21.4,83.3,24,0,A2M,Archival,1,38.378,-74.8051
2/20/17,2017,2,6.357944489,7.463793278,33.72758484,0.030718022,48.7,55.9,36,0,T2M,Archival,1,38.3032,-74.5052
2/20/17,2017,2,5.957555294,6.991616726,33.33442307,0.02954,36,67.9,35,0,A7M,Archival,1,38.3031,-74.6525
2/20/17,2017,2,5.417365551,6.460424423,32.87232971,0.043460786,21.4,83.3,24,0,A2M,Archival,1,38.378,-74.8051
2/21/17,2017,2,6.348566532,7.496639252,33.6931572,0.031890909,48.7,55.9,36,0,T2M,Archival,1,38.3032,-74.5052
2/21/17,2017,2,5.960800648,7.182480335,33.39570236,0.03491,36,67.9,35,0,A7M,Archival,1,38.3031,-74.6525
2/21/17,2017,2,5.521922588,6.665870667,32.89944458,0.047664503,21.4,83.3,24,0,A2M,Archival,1,38.378,-74.8051
2/22/17,2017,2,6.438285828,7.579109669,33.59795761,0.031689551,48.7,55.9,36,0,T2M,Archival,1,38.3032,-74.5052
2/22/17,2017,2,5.944628239,7.362188339,33.31957245,0.0405,36,67.9,35,0,A7M,Archival,1,38.3031,-74.6525
2/22/17,2017,2,5.662205219,6.90463829,32.79256821,0.051768045,21.4,83.3,24,0,A2M,Archival,1,38.378,-74.8051
2/23/17,2017,2,6.437881947,7.118617535,33.58351898,0.018909322,48.7,55.9,36,0,T2M,Archival,1,38.3032,-74.5052
2/23/17,2017,2,5.845380306,6.925121784,33.29442215,0.03085,36,67.9,35,0,A7M,Archival,1,38.3031,-74.6525
2/23/17,2017,2,5.508955002,6.389750004,32.70334244,0.036699792,21.4,83.3,24,0,A2M,Archival,1,38.378,-74.8051
2/24/17,2017,2,6.495266438,7.290630817,33.5628624,0.022093455,48.7,55.9,36,0,T2M,Archival,1,38.3032,-74.5052
2/24/17,2017,2,5.918379307,7.098458767,33.17972565,0.03372,36,67.9,35,0,A7M,Archival,1,38.3031,-74.6525
2/24/17,2017,2,5.58319664,6.494174957,32.58925247,0.03795743,21.4,83.3,24,0,A2M,Archival,1,38.378,-74.8051
2/25/17,2017,2,6.489326477,7.434270859,33.47995377,0.026248455,48.7,55.9,36,0,T2M,Archival,1,38.3032,-74.5052
2/25/17,2017,2,5.931259155,7.319002151,33.13525009,0.03965,36,67.9,35,0,A7M,Archival,1,38.3031,-74.6525
2/25/17,2017,2,5.628931046,6.883480549,32.52292633,0.052272896,21.4,83.3,24,0,A2M,Archival,1,38.378,-74.8051
2/26/17,2017,2,6.832112789,7.116752625,33.45373154,0.007906662,48.7,55.9,36,0,T2M,Archival,1,38.3032,-74.5052
2/26/17,2017,2,6.383800507,6.918183804,33.0996666,0.01527,36,67.9,35,0,A7M,Archival,1,38.3031,-74.6525
2/26/17,2017,2,6.172739029,6.468559265,32.52817154,0.012325843,21.4,83.3,24,0,A2M,Archival,1,38.378,-74.8051
2/27/17,2017,2,6.933242321,7.003072739,33.50753784,0.001939734,48.7,55.9,36,0,T2M,Archival,1,38.3032,-74.5052
2/27/17,2017,2,6.503126621,6.770475864,33.20299911,0.00764,36,67.9,35,0,A7M,Archival,1,38.3031,-74.6525
2/27/17,2017,2,6.205509186,6.243500233,32.51419449,0.00158296,21.4,83.3,24,0,A2M,Archival,1,38.378,-74.8051
2/28/17,2017,2,7.022010326,7.29016161,33.5280571,0.007448647,48.7,55.9,36,0,T2M,Archival,1,38.3032,-74.5052
2/28/17,2017,2,6.574890137,7.049883366,33.2243309,0.01357,36,67.9,35,0,A7M,Archival,1,38.3031,-74.6525
2/28/17,2017,2,6.276060104,6.52269125,32.5778923,0.010276298,21.4,83.3,24,0,A2M,Archival,1,38.378,-74.8051
3/1/17,2017,3,6.948585033,7.886867523,33.56980896,0.026063402,48.7,55.9,36,0,T2M,Archival,1,38.3032,-74.5052
3/1/17,2017,3,6.515441895,7.410505772,33.08702469,0.02557,36,67.9,35,0,A7M,Archival,1,38.3031,-74.6525
3/1/17,2017,3,6.264570713,6.733401775,32.53772354,0.019534628,21.4,83.3,24,0,A2M,Archival,1,38.378,-74.8051
3/2/17,2017,3,7.510661602,7.860616207,33.4636116,0.009720961,48.7,55.9,36,0,T2M,Archival,1,38.3032,-74.5052
3/2/17,2017,3,6.860016346,7.213607788,33.10755539,0.0101,36,67.9,35,0,A7M,Archival,1,38.3031,-74.6525
3/2/17,2017,3,6.526086807,6.836069584,33.02057648,0.012915949,21.4,83.3,24,0,A2M,Archival,1,38.378,-74.8051
3/3/17,2017,3,7.73378706,7.659151077,33.51240921,-0.002073222,48.7,55.9,36,1,T2M,Archival,1,38.3032,-74.5052
3/3/17,2017,3,7.134622574,7.209168911,33.39079666,0.00213,36,67.9,35,1,A7M,Archival,1,38.3031,-74.6525
3/3/17,2017,3,6.841413975,6.820699692,33.32374191,-0.000863095,21.4,83.3,24,0,A2M,Archival,1,38.378,-74.8051
3/4/17,2017,3,7.534727573,7.145445347,33.52441788,-0.010813395,48.7,55.9,36,0,T2M,Archival,1,38.3032,-74.5052
3/4/17,2017,3,7.08618784,6.755830288,33.3574028,-0.00944,36,67.9,35,0,A7M,Archival,1,38.3031,-74.6525
3/4/17,2017,3,6.515501499,6.396054745,33.20788193,-0.004976948,21.4,83.3,24,0,A2M,Archival,1,38.378,-74.8051
3/5/17,2017,3,7.492039204,7.003455639,33.56609344,-0.013571766,48.7,55.9,36,1,T2M,Archival,1,38.3032,-74.5052
3/5/17,2017,3,6.999967098,6.478343487,33.24448776,-0.0149,36,67.9,35,0,A7M,Archival,1,38.3031,-74.6525
3/5/17,2017,3,6.298792362,6.202044964,33.07254791,-0.004031142,21.4,83.3,24,0,A2M,Archival,1,38.378,-74.8051
3/6/17,2017,3,7.57881546,7.048656464,33.66781998,-0.014726639,48.7,55.9,36,0,T2M,Archival,1,38.3032,-74.5052
3/6/17,2017,3,6.945657253,6.299437046,33.16891479,-0.01846,36,67.9,35,0,A7M,Archival,1,38.3031,-74.6525
3/6/17,2017,3,6.256730556,6.111707211,32.93945313,-0.006042639,21.4,83.3,24,0,A2M,Archival,1,38.378,-74.8051
3/7/17,2017,3,7.802726269,7.64261961,33.8549614,-0.004447407,48.7,55.9,36,0,T2M,Archival,1,38.3032,-74.5052
3/7/17,2017,3,7.11200285,6.713254929,33.12176132,-0.01139,36,67.9,35,0,A7M,Archival,1,38.3031,-74.6525
3/7/17,2017,3,6.571304321,6.576435089,32.88780594,0.000213782,21.4,83.3,24,1,A2M,Archival,1,38.378,-74.8051
3/8/17,2017,3,7.940993786,7.59778595,33.5700264,-0.009533551,48.7,55.9,36,0,T2M,Archival,1,38.3032,-74.5052
3/8/17,2017,3,7.311489105,7.112082958,33.19501877,-0.0057,36,67.9,35,0,A7M,Archival,1,38.3031,-74.6525
3/8/17,2017,3,6.743471146,6.868091106,32.9515686,0.005192498,21.4,83.3,24,0,A2M,Archival,1,38.378,-74.8051
3/9/17,2017,3,8.329260826,7.598778248,33.48498917,-0.020291183,48.7,55.9,36,0,T2M,Archival,1,38.3032,-74.5052
3/9/17,2017,3,7.603804111,7.336893082,33.35361099,-0.00763,36,67.9,35,0,A7M,Archival,1,38.3031,-74.6525
3/9/17,2017,3,6.975193024,6.983534336,33.11040115,0.000347555,21.4,83.3,24,0,A2M,Archival,1,38.378,-74.8051
3/10/17,2017,3,9.119965553,8.129478455,33.61635208,-0.027513531,48.7,55.9,36,0,T2M,Archival,1,38.3032,-74.5052
3/10/17,2017,3,8.298735619,7.826648235,33.46556854,-0.01349,36,67.9,35,0,A7M,Archival,1,38.3031,-74.6525
3/10/17,2017,3,7.703496456,7.597972393,33.22964859,-0.004396836,21.4,83.3,24,0,A2M,Archival,1,38.378,-74.8051
3/11/17,2017,3,9.026111603,7.937187672,33.58240128,-0.030247887,48.7,55.9,36,0,T2M,Archival,1,38.3032,-74.5052
3/11/17,2017,3,8.222079277,7.650997162,33.39473343,-0.01632,36,67.9,35,0,A7M,Archival,1,38.3031,-74.6525
3/11/17,2017,3,7.534628391,7.410940647,33.06769943,-0.005153656,21.4,83.3,24,0,A2M,Archival,1,38.378,-74.8051
3/12/17,2017,3,9.024729729,7.926212311,33.71920776,-0.030514373,48.7,55.9,36,1,T2M,Archival,1,38.3032,-74.5052
3/12/17,2017,3,8.160476685,7.532253265,33.46210098,-0.01795,36,67.9,35,1,A7M,Archival,1,38.3031,-74.6525
3/12/17,2017,3,7.267323017,7.183454037,32.9728241,-0.003494541,21.4,83.3,24,0,A2M,Archival,1,38.378,-74.8051
3/13/17,2017,3,8.018876076,7.945632458,33.8945961,-0.002034545,48.7,55.9,36,0,T2M,Archival,1,38.3032,-74.5052
3/13/17,2017,3,7.28810358,7.240753174,33.56237793,-0.00135,36,67.9,35,1,A7M,Archival,1,38.3031,-74.6525
3/13/17,2017,3,6.595569611,6.575013638,32.83485031,-0.000856499,21.4,83.3,24,1,A2M,Archival,1,38.378,-74.8051
3/14/17,2017,3,8.006220818,8.006808281,33.91104889,1.63E-05,48.7,55.9,36,0,T2M,Archival,1,38.3032,-74.5052
3/14/17,2017,3,7.296368122,7.296904087,33.56329346,0.00002,36,67.9,35,0,A7M,Archival,1,38.3031,-74.6525
3/14/17,2017,3,6.750795841,6.750677109,32.94005585,-4.95E-06,21.4,83.3,24,0,A2M,Archival,1,38.378,-74.8051
3/15/17,2017,3,7.702989578,7.645606518,33.83790588,-0.001593974,48.7,55.9,36,0,T2M,Archival,1,38.3032,-74.5052
3/15/17,2017,3,7.028433323,6.977255344,33.39452744,-0.00146,36,67.9,35,0,A7M,Archival,1,38.3031,-74.6525
3/15/17,2017,3,6.572601318,6.524302959,32.82283401,-0.002012432,21.4,83.3,24,0,A2M,Archival,1,38.378,-74.8051
3/16/17,2017,3,6.927396297,7.06669426,33.96205521,0.003869388,48.7,55.9,36,0,T2M,Archival,1,38.3032,-74.5052
3/16/17,2017,3,6.334032536,6.2985816,33.61274338,-0.00101,36,67.9,35,0,A7M,Archival,1,38.3031,-74.6525
3/16/17,2017,3,5.661551952,5.637934208,32.88457108,-0.000984073,21.4,83.3,24,0,A2M,Archival,1,38.378,-74.8051
3/17/17,2017,3,6.711591244,6.708780766,33.84027481,-7.81E-05,48.7,55.9,36,0,T2M,Archival,1,38.3032,-74.5052
3/17/17,2017,3,6.147310257,6.12955904,33.604702,-0.00051,36,67.9,35,0,A7M,Archival,1,38.3031,-74.6525
3/17/17,2017,3,5.66038084,5.603870392,33.06353378,-0.002354602,21.4,83.3,24,0,A2M,Archival,1,38.378,-74.8051
3/18/17,2017,3,6.900842667,6.860534668,33.85101318,-0.001119667,48.7,55.9,36,0,T2M,Archival,1,38.3032,-74.5052
3/18/17,2017,3,6.299044132,6.295142651,33.60417557,-0.00011,36,67.9,35,0,A7M,Archival,1,38.3031,-74.6525
3/18/17,2017,3,5.782922745,5.809997082,33.12562561,0.001128097,21.4,83.3,24,0,A2M,Archival,1,38.378,-74.8051
3/19/17,2017,3,6.757909775,6.674609661,33.93619156,-0.002313892,48.7,55.9,36,0,T2M,Archival,1,38.3032,-74.5052
3/19/17,2017,3,6.14642477,6.073568821,33.46828842,-0.00208,36,67.9,35,0,A7M,Archival,1,38.3031,-74.6525
3/19/17,2017,3,5.945370197,5.813818455,32.96373367,-0.005481323,21.4,83.3,24,0,A2M,Archival,1,38.378,-74.8051
3/20/17,2017,3,6.677021027,6.726501465,33.9622612,0.001374457,48.7,55.9,36,0,T2M,Archival,1,38.3032,-74.5052
3/20/17,2017,3,5.749763012,5.721597195,33.40236664,-0.0008,36,67.9,35,1,A7M,Archival,1,38.3031,-74.6525
3/20/17,2017,3,5.619407654,5.679962158,32.72593689,0.002523104,21.4,83.3,24,0,A2M,Archival,1,38.378,-74.8051
3/21/17,2017,3,6.475857258,6.537525177,33.91558075,0.001712998,48.7,55.9,36,1,T2M,Archival,1,38.3032,-74.5052
3/21/17,2017,3,5.822719097,5.851532459,33.41973495,0.00082,36,67.9,35,1,A7M,Archival,1,38.3031,-74.6525
3/21/17,2017,3,5.443319321,5.811714649,32.5461235,0.015349805,21.4,83.3,24,0,A2M,Archival,1,38.378,-74.8051
3/22/17,2017,3,5.555212498,6.38393259,33.94189072,0.023020003,48.7,55.9,36,0,T2M,Archival,1,38.3032,-74.5052
3/22/17,2017,3,5.037450314,5.834661961,33.40786743,0.02278,36,67.9,35,0,A7M,Archival,1,38.3031,-74.6525
3/22/17,2017,3,4.784189701,5.727226734,32.45300293,0.03929321,21.4,83.3,24,1,A2M,Archival,1,38.378,-74.8051
3/23/17,2017,3,5.67575407,6.092678547,34.04361725,0.011581235,48.7,55.9,36,1,T2M,Archival,1,38.3032,-74.5052
3/23/17,2017,3,5.320480347,5.415935516,33.66289139,0.00273,36,67.9,35,1,A7M,Archival,1,38.3031,-74.6525
3/23/17,2017,3,5.031456947,5.049029827,32.8362999,0.000732203,21.4,83.3,24,0,A2M,Archival,1,38.378,-74.8051
3/24/17,2017,3,6.002361774,6.210733414,34.06396866,0.005788101,48.7,55.9,36,0,T2M,Archival,1,38.3032,-74.5052
3/24/17,2017,3,5.446777344,5.460608006,33.60909271,0.0004,36,67.9,35,0,A7M,Archival,1,38.3031,-74.6525
3/24/17,2017,3,5.076944351,4.986824512,32.41976166,-0.003754993,21.4,83.3,24,0,A2M,Archival,1,38.378,-74.8051
3/25/17,2017,3,6.74485445,6.624429703,33.83564377,-0.003345132,48.7,55.9,36,0,T2M,Archival,1,38.3032,-74.5052
3/25/17,2017,3,6.178519726,5.976275921,32.5270462,-0.00578,36,67.9,35,0,A7M,Archival,1,38.3031,-74.6525
3/25/17,2017,3,5.856205463,6.028679371,32.07022476,0.007186413,21.4,83.3,24,0,A2M,Archival,1,38.378,-74.8051
3/26/17,2017,3,6.820197582,7.03042984,33.78476334,0.005839785,48.7,55.9,36,0,T2M,Archival,1,38.3032,-74.5052
3/26/17,2017,3,6.282504559,6.551370621,32.64435959,0.00768,36,67.9,35,0,A7M,Archival,1,38.3031,-74.6525
3/26/17,2017,3,5.951190472,6.463728428,32.13464737,0.021355748,21.4,83.3,24,0,A2M,Archival,1,38.378,-74.8051
3/27/17,2017,3,6.788015842,7.249685287,33.90258789,0.012824151,48.7,55.9,36,0,T2M,Archival,1,38.3032,-74.5052
3/27/17,2017,3,6.146673203,6.624727726,33.04118347,0.01366,36,67.9,35,0,A7M,Archival,1,38.3031,-74.6525
3/27/17,2017,3,5.768726826,6.434381008,32.11132431,0.027735591,21.4,83.3,24,0,A2M,Archival,1,38.378,-74.8051
3/28/17,2017,3,7.125181675,6.964849472,33.69168472,-0.004453672,48.7,55.9,36,0,T2M,Archival,1,38.3032,-74.5052
3/28/17,2017,3,6.147359848,6.284017563,32.57946777,0.0039,36,67.9,35,0,A7M,Archival,1,38.3031,-74.6525
3/28/17,2017,3,5.537202358,6.148211002,31.86429787,0.025458694,21.4,83.3,24,0,A2M,Archival,1,38.378,-74.8051
3/29/17,2017,3,7.038297176,6.913305759,33.45534897,-0.003471984,48.7,55.9,36,0,T2M,Archival,1,38.3032,-74.5052
3/29/17,2017,3,6.145662785,6.509754181,32.26710892,0.0104,36,67.9,35,0,A7M,Archival,1,38.3031,-74.6525
3/29/17,2017,3,5.540631771,6.562740803,31.59148216,0.042587876,21.4,83.3,24,0,A2M,Archival,1,38.378,-74.8051
3/30/17,2017,3,6.65337944,6.936778545,33.52418518,0.007872197,48.7,55.9,36,0,T2M,Archival,1,38.3032,-74.5052
3/30/17,2017,3,5.974327087,6.520359039,32.16904068,0.0156,36,67.9,35,0,A7M,Archival,1,38.3031,-74.6525
3/30/17,2017,3,5.45288229,6.596206665,31.45375061,0.047638516,21.4,83.3,24,1,A2M,Archival,1,38.378,-74.8051
3/31/17,2017,3,5.998723984,6.89217329,33.61064529,0.024818036,48.7,55.9,36,0,T2M,Archival,1,38.3032,-74.5052
3/31/17,2017,3,5.186313152,6.122505188,32.17427444,0.02675,36,67.9,35,0,A7M,Archival,1,38.3031,-74.6525
3/31/17,2017,3,4.61456871,5.983829021,31.33110046,0.057052513,21.4,83.3,24,0,A2M,Archival,1,38.378,-74.8051
4/1/17,2017,4,5.904173374,6.827085018,33.36497116,0.025636435,48.7,55.9,36,0,T2M,Archival,1,38.3032,-74.5052
4/1/17,2017,4,5.099739552,6.183871746,32.17479706,0.03098,36,67.9,35,0,A7M,Archival,1,38.3031,-74.6525
4/1/17,2017,4,4.570625782,5.923192501,31.58158875,0.056356947,21.4,83.3,24,0,A2M,Archival,1,38.378,-74.8051
4/2/17,2017,4,5.628326893,6.508620739,33.48287582,0.024452607,48.7,55.9,36,0,T2M,Archival,1,38.3032,-74.5052
4/2/17,2017,4,4.974365711,6.240968227,33.01287842,0.03619,36,67.9,35,0,A7M,Archival,1,38.3031,-74.6525
4/2/17,2017,4,4.464528561,6.149345398,32.19063187,0.070200702,21.4,83.3,24,0,A2M,Archival,1,38.378,-74.8051
4/3/17,2017,4,5.425010204,6.03938055,33.47215271,0.017065843,48.7,55.9,36,0,T2M,Archival,1,38.3032,-74.5052
4/3/17,2017,4,5.12042284,6.088384151,33.05338669,0.02766,36,67.9,35,0,A7M,Archival,1,38.3031,-74.6525
4/3/17,2017,4,4.879572868,6.331923008,32.18360519,0.060514589,21.4,83.3,24,0,A2M,Archival,1,38.378,-74.8051
4/4/17,2017,4,5.359196186,6.344032288,33.40016556,0.027356558,48.7,55.9,36,0,T2M,Archival,1,38.3032,-74.5052
4/4/17,2017,4,5.140594482,6.625813007,32.76285553,0.04243,36,67.9,35,0,A7M,Archival,1,38.3031,-74.6525
4/4/17,2017,4,4.968929768,6.688303471,32.02120209,0.071640571,21.4,83.3,24,0,A2M,Archival,1,38.378,-74.8051
4/5/17,2017,4,5.362978458,6.721466064,33.26864243,0.037735767,48.7,55.9,36,0,T2M,Archival,1,38.3032,-74.5052
4/5/17,2017,4,5.129739285,7.230848789,32.52649307,0.06003,36,67.9,35,0,A7M,Archival,1,38.3031,-74.6525
4/5/17,2017,4,5.054299831,7.390132904,31.9779377,0.097326378,21.4,83.3,24,0,A2M,Archival,1,38.378,-74.8051
4/6/17,2017,4,6.560486317,6.794872761,33.2726059,0.006510735,48.7,55.9,36,0,T2M,Archival,1,38.3032,-74.5052
4/6/17,2017,4,6.344931126,7.439081192,32.70280838,0.03126,36,67.9,35,1,A7M,Archival,1,38.3031,-74.6525
4/6/17,2017,4,6.475996017,7.82342577,32.08302689,0.056142906,21.4,83.3,24,0,A2M,Archival,1,38.378,-74.8051
4/7/17,2017,4,6.884638309,7.147367477,33.10524368,0.007298032,48.7,55.9,36,0,T2M,Archival,1,38.3032,-74.5052
4/7/17,2017,4,6.294926167,7.429168224,32.49616623,0.03241,36,67.9,35,0,A7M,Archival,1,38.3031,-74.6525
4/7/17,2017,4,6.454778194,7.651966572,32.11258316,0.049882849,21.4,83.3,24,0,A2M,Archival,1,38.378,-74.8051
4/8/17,2017,4,7.201653957,7.337901592,33.1020546,0.003784657,48.7,55.9,36,0,T2M,Archival,1,38.3032,-74.5052
4/8/17,2017,4,6.589042187,7.330976963,32.67211151,0.0212,36,67.9,35,0,A7M,Archival,1,38.3031,-74.6525
4/8/17,2017,4,6.710538864,7.383111954,32.40160751,0.028023879,21.4,83.3,24,0,A2M,Archival,1,38.378,-74.8051
4/9/17,2017,4,7.439421177,7.306213856,33.08027649,-0.003700203,48.7,55.9,36,0,T2M,Archival,1,38.3032,-74.5052
4/9/17,2017,4,6.908053875,7.319080353,32.74606705,0.01174,36,67.9,35,0,A7M,Archival,1,38.3031,-74.6525
4/9/17,2017,4,6.890043259,7.375354767,32.55601883,0.020221313,21.4,83.3,24,0,A2M,Archival,1,38.378,-74.8051
4/10/17,2017,4,7.545750141,7.674974442,33.01741409,0.003589564,48.7,55.9,36,0,T2M,Archival,1,38.3032,-74.5052
4/10/17,2017,4,6.967536926,7.713535309,32.70837784,0.02131,36,67.9,35,0,A7M,Archival,1,38.3031,-74.6525
4/10/17,2017,4,6.928732395,7.700378418,32.65739822,0.032151918,21.4,83.3,24,0,A2M,Archival,1,38.378,-74.8051
4/11/17,2017,4,7.72996664,7.951761246,32.90942001,0.006160961,48.7,55.9,36,0,T2M,Archival,1,38.3032,-74.5052
4/11/17,2017,4,7.193826675,8.1135149,32.71642685,0.02628,36,67.9,35,0,A7M,Archival,1,38.3031,-74.6525
4/11/17,2017,4,7.10484314,8.119208336,32.78583145,0.042265217,21.4,83.3,24,0,A2M,Archival,1,38.378,-74.8051
4/12/17,2017,4,8.148561478,8.604748726,32.84819794,0.012671868,48.7,55.9,36,0,T2M,Archival,1,38.3032,-74.5052
4/12/17,2017,4,7.620420933,8.811099052,32.76070023,0.03402,36,67.9,35,0,A7M,Archival,1,38.3031,-74.6525
4/12/17,2017,4,7.359006882,8.796806335,32.72840881,0.059908311,21.4,83.3,24,0,A2M,Archival,1,38.378,-74.8051
4/13/17,2017,4,8.243355751,9.071809769,32.84722519,0.023012612,48.7,55.9,36,0,T2M,Archival,1,38.3032,-74.5052
4/13/17,2017,4,7.773976803,9.378491402,32.75876999,0.04584,36,67.9,35,0,A7M,Archival,1,38.3031,-74.6525
4/13/17,2017,4,7.441955566,9.428894997,32.72841263,0.082789143,21.4,83.3,24,0,A2M,Archival,1,38.378,-74.8051
4/14/17,2017,4,8.148423195,9.22960186,32.85767746,0.030032741,48.7,55.9,36,0,T2M,Archival,1,38.3032,-74.5052
4/14/17,2017,4,7.729230404,9.660414696,32.7591362,0.05518,36,67.9,35,0,A7M,Archival,1,38.3031,-74.6525
4/14/17,2017,4,7.483335018,9.742548943,32.74108887,0.094133914,21.4,83.3,24,0,A2M,Archival,1,38.378,-74.8051
4/15/17,2017,4,8.162876129,9.669026375,32.86369705,0.041837507,48.7,55.9,36,0,T2M,Archival,1,38.3032,-74.5052
4/15/17,2017,4,7.925205708,10.12046051,32.80287933,0.06272,36,67.9,35,0,A7M,Archival,1,38.3031,-74.6525
4/15/17,2017,4,7.874415874,10.10451984,32.81694412,0.092920999,21.4,83.3,24,0,A2M,Archival,1,38.378,-74.8051
4/16/17,2017,4,8.21747303,9.860604286,32.89344025,0.045642535,48.7,55.9,36,0,T2M,Archival,1,38.3032,-74.5052
4/16/17,2017,4,8.02070713,10.25145435,32.88176727,0.06374,36,67.9,35,0,A7M,Archival,1,38.3031,-74.6525
4/16/17,2017,4,7.97494173,10.04779243,32.90021896,0.086368779,21.4,83.3,24,0,A2M,Archival,1,38.378,-74.8051
4/17/17,2017,4,8.564827919,10.59156513,32.93171692,0.056298256,48.7,55.9,36,0,T2M,Archival,1,38.3032,-74.5052
4/17/17,2017,4,8.396136284,10.8608942,32.98670578,0.07042,36,67.9,35,0,A7M,Archival,1,38.3031,-74.6525
4/17/17,2017,4,8.254361153,10.97495747,32.94927597,0.11335818,21.4,83.3,24,0,A2M,Archival,1,38.378,-74.8051
4/18/17,2017,4,8.864689827,11.0273695,32.89955521,0.060074435,48.7,55.9,36,0,T2M,Archival,1,38.3032,-74.5052
4/18/17,2017,4,8.523207664,11.09009075,32.91360855,0.07334,36,67.9,35,0,A7M,Archival,1,38.3031,-74.6525
4/18/17,2017,4,8.099108696,11.05888271,32.79291916,0.123323917,21.4,83.3,24,0,A2M,Archival,1,38.378,-74.8051
4/19/17,2017,4,8.521172523,10.94380474,32.91489792,0.067295339,48.7,55.9,36,0,T2M,Archival,1,38.3032,-74.5052
4/19/17,2017,4,8.141153336,10.86850452,32.94371033,0.07792,36,67.9,35,0,A7M,Archival,1,38.3031,-74.6525
4/19/17,2017,4,7.783559322,10.62442207,32.90123749,0.118369281,21.4,83.3,24,0,A2M,Archival,1,38.378,-74.8051
4/20/17,2017,4,8.232802391,11.23013401,32.9143486,0.083259212,48.7,55.9,36,0,T2M,Archival,1,38.3032,-74.5052
4/20/17,2017,4,7.859580517,11.15681362,32.94558334,0.09421,36,67.9,35,0,A7M,Archival,1,38.3031,-74.6525
4/20/17,2017,4,7.641284943,10.95200062,32.66672516,0.137946486,21.4,83.3,24,0,A2M,Archival,1,38.378,-74.8051
4/21/17,2017,4,8.229826927,11.70214367,33.01346588,0.096453243,48.7,55.9,36,0,T2M,Archival,1,38.3032,-74.5052
4/21/17,2017,4,8.00262928,11.65027237,32.95771027,0.10422,36,67.9,35,0,A7M,Archival,1,38.3031,-74.6525
4/21/17,2017,4,7.939098358,11.55430317,32.23299026,0.150633534,21.4,83.3,24,0,A2M,Archival,1,38.378,-74.8051
4/22/17,2017,4,7.805781841,11.61728001,32.99139404,0.105874949,48.7,55.9,36,0,T2M,Archival,1,38.3032,-74.5052
4/22/17,2017,4,7.676187038,11.47539806,32.87678909,0.10855,36,67.9,35,0,A7M,Archival,1,38.3031,-74.6525
4/22/17,2017,4,7.653699875,11.85109997,32.04816818,0.174891671,21.4,83.3,24,0,A2M,Archival,1,38.378,-74.8051
4/23/17,2017,4,7.360617161,11.46451664,32.92804337,0.113997208,48.7,55.9,36,0,T2M,Archival,1,38.3032,-74.5052
4/23/17,2017,4,7.296915054,11.25814342,32.81019974,0.11318,36,67.9,35,0,A7M,Archival,1,38.3031,-74.6525
4/23/17,2017,4,7.434842587,11.56503677,32.03429031,0.172091424,21.4,83.3,24,0,A2M,Archival,1,38.378,-74.8051
4/24/17,2017,4,7.305891037,11.52835369,32.95125961,0.117290629,48.7,55.9,36,0,T2M,Archival,1,38.3032,-74.5052
4/24/17,2017,4,7.322271824,11.08492374,32.62112427,0.1075,36,67.9,35,0,A7M,Archival,1,38.3031,-74.6525
4/24/17,2017,4,7.513893127,11.52100468,32.13307953,0.166962981,21.4,83.3,24,0,A2M,Archival,1,38.378,-74.8051
4/25/17,2017,4,7.127022266,11.4824152,33.04607391,0.120983137,48.7,55.9,36,0,T2M,Archival,1,38.3032,-74.5052
4/25/17,2017,4,7.129505634,10.65034294,32.69272995,0.1006,36,67.9,35,0,A7M,Archival,1,38.3031,-74.6525
4/25/17,2017,4,7.673749447,10.79776001,32.56233597,0.130167107,21.4,83.3,24,0,A2M,Archival,1,38.378,-74.8051
4/26/17,2017,4,7.121213436,11.379776,33.09831619,0.118293405,48.7,55.9,36,0,T2M,Archival,1,38.3032,-74.5052
4/26/17,2017,4,6.983640671,10.28496265,32.46141434,0.09432,36,67.9,35,0,A7M,Archival,1,38.3031,-74.6525
4/26/17,2017,4,8.983045578,10.70335388,32.02484512,0.071679513,21.4,83.3,24,0,A2M,Archival,1,38.378,-74.8051
4/27/17,2017,4,7.206756115,12.26208115,33.11655807,0.140425695,48.7,55.9,36,0,T2M,Archival,1,38.3032,-74.5052
4/27/17,2017,4,7.201873302,11.44125843,32.43409348,0.12113,36,67.9,35,0,A7M,Archival,1,38.3031,-74.6525
4/27/17,2017,4,9.393233299,12.51678181,31.18862724,0.130147854,21.4,83.3,24,0,A2M,Archival,1,38.378,-74.8051
4/28/17,2017,4,7.265796185,12.48369122,32.98675919,0.144941529,48.7,55.9,36,0,T2M,Archival,1,38.3032,-74.5052
4/28/17,2017,4,7.236507416,12.29265499,31.84170723,0.14446,36,67.9,35,0,A7M,Archival,1,38.3031,-74.6525
4/28/17,2017,4,8.909211159,12.87942219,30.48894501,0.16542546,21.4,83.3,24,0,A2M,Archival,1,38.378,-74.8051
4/29/17,2017,4,7.298359394,12.77717495,32.70248795,0.152189321,48.7,55.9,36,0,T2M,Archival,1,38.3032,-74.5052
4/29/17,2017,4,7.254582882,13.25357437,31.1605072,0.1714,36,67.9,35,0,A7M,Archival,1,38.3031,-74.6525
4/29/17,2017,4,8.543382645,13.24896336,30.68354225,0.196065863,21.4,83.3,24,0,A2M,Archival,1,38.378,-74.8051
4/30/17,2017,4,7.674755573,12.71843624,32.16654205,0.140102241,48.7,55.9,36,0,T2M,Archival,1,38.3032,-74.5052
4/30/17,2017,4,7.659122467,13.05955887,31.06081581,0.1543,36,67.9,35,0,A7M,Archival,1,38.3031,-74.6525
4/30/17,2017,4,8.517821312,13.25627041,30.87092781,0.197435379,21.4,83.3,24,0,A2M,Archival,1,38.378,-74.8051
5/1/17,2017,5,7.575643063,12.84331799,31.84069633,0.146324303,48.7,55.9,36,0,T2M,Archival,1,38.3032,-74.5052
5/1/17,2017,5,7.659230709,13.03511143,31.22502136,0.1536,36,67.9,35,0,A7M,Archival,1,38.3031,-74.6525
5/1/17,2017,5,8.335459709,13.18291473,31.18938637,0.201977293,21.4,83.3,24,0,A2M,Archival,1,38.378,-74.8051
5/2/17,2017,5,7.732737064,12.87732983,31.71011353,0.142905354,48.7,55.9,36,0,T2M,Archival,1,38.3032,-74.5052
5/2/17,2017,5,7.647781372,12.28581715,31.79060364,0.13252,36,67.9,35,0,A7M,Archival,1,38.3031,-74.6525
5/2/17,2017,5,8.063641548,11.75760365,31.93452263,0.153915087,21.4,83.3,24,0,A2M,Archival,1,38.378,-74.8051
5/3/17,2017,5,8.50297451,13.194417,31.8516674,0.130317847,48.7,55.9,36,0,T2M,Archival,1,38.3032,-74.5052
5/3/17,2017,5,8.29944706,12.80059433,31.91864777,0.1286,36,67.9,35,0,A7M,Archival,1,38.3031,-74.6525
5/3/17,2017,5,8.766225815,12.67444134,31.76983643,0.162842313,21.4,83.3,24,0,A2M,Archival,1,38.378,-74.8051
5/4/17,2017,5,8.543774605,13.56161499,31.88121605,0.139384455,48.7,55.9,36,0,T2M,Archival,1,38.3032,-74.5052
5/4/17,2017,5,8.409556389,13.19595051,31.94996452,0.13675,36,67.9,35,0,A7M,Archival,1,38.3031,-74.6525
5/4/17,2017,5,8.905470848,13.00790882,31.84500694,0.170934916,21.4,83.3,24,0,A2M,Archival,1,38.378,-74.8051
5/5/17,2017,5,8.285676956,13.79646015,31.91176033,0.153077311,48.7,55.9,36,0,T2M,Archival,1,38.3032,-74.5052
5/5/17,2017,5,8.388645172,13.39643097,31.99188423,0.14308,36,67.9,35,0,A7M,Archival,1,38.3031,-74.6525
5/5/17,2017,5,8.926527977,13.22742748,31.90249825,0.179204146,21.4,83.3,24,0,A2M,Archival,1,38.378,-74.8051
5/6/17,2017,5,8.309351921,13.06302643,32.15028763,0.132046514,48.7,55.9,36,0,T2M,Archival,1,38.3032,-74.5052
5/6/17,2017,5,8.864697456,13.31434917,32.14874268,0.12713,36,67.9,35,0,A7M,Archival,1,38.3031,-74.6525
5/6/17,2017,5,9.567687035,13.11160564,32.11706161,0.147663275,21.4,83.3,24,0,A2M,Archival,1,38.378,-74.8051
5/7/17,2017,5,8.202395439,13.11473751,32.27182007,0.136453946,48.7,55.9,36,0,T2M,Archival,1,38.3032,-74.5052
5/7/17,2017,5,8.741228104,13.36412811,32.21467972,0.13208,36,67.9,35,0,A7M,Archival,1,38.3031,-74.6525
5/7/17,2017,5,9.621144295,13.32771397,32.22377777,0.154440403,21.4,83.3,24,0,A2M,Archival,1,38.378,-74.8051
5/8/17,2017,5,8.068171501,13.21337891,32.32370377,0.142922428,48.7,55.9,36,0,T2M,Archival,1,38.3032,-74.5052
5/8/17,2017,5,8.702133179,13.31506634,32.25379562,0.1318,36,67.9,35,0,A7M,Archival,1,38.3031,-74.6525
5/8/17,2017,5,9.682671547,13.47458649,32.28978729,0.157996456,21.4,83.3,24,0,A2M,Archival,1,38.378,-74.8051
5/9/17,2017,5,7.532995224,13.65784931,32.46452713,0.170134836,48.7,55.9,36,0,T2M,Archival,1,38.3032,-74.5052
5/9/17,2017,5,8.428248405,13.70270443,32.36533737,0.1507,36,67.9,35,0,A7M,Archival,1,38.3031,-74.6525
5/9/17,2017,5,9.693246841,13.78405285,32.36572647,0.17045025,21.4,83.3,24,0,A2M,Archival,1,38.378,-74.8051
5/10/17,2017,5,7.376160145,14.07220459,32.49248886,0.186001235,48.7,55.9,36,0,T2M,Archival,1,38.3032,-74.5052
5/10/17,2017,5,8.275426865,14.12230682,32.33158875,0.16705,36,67.9,35,0,A7M,Archival,1,38.3031,-74.6525
5/10/17,2017,5,9.618965149,14.22237492,32.27726364,0.19180874,21.4,83.3,24,0,A2M,Archival,1,38.378,-74.8051
5/11/17,2017,5,7.22316885,14.12403393,32.55773926,0.191690697,48.7,55.9,36,0,T2M,Archival,1,38.3032,-74.5052
5/11/17,2017,5,8.106534004,14.23862553,32.31401443,0.1752,36,67.9,35,0,A7M,Archival,1,38.3031,-74.6525
5/11/17,2017,5,9.564940453,14.43376827,32.16008759,0.202867826,21.4,83.3,24,0,A2M,Archival,1,38.378,-74.8051
5/12/17,2017,5,7.814754009,13.47104645,32.70891571,0.157119234,48.7,55.9,36,0,T2M,Archival,1,38.3032,-74.5052
5/12/17,2017,5,8.594712257,13.52132893,32.35819626,0.14076,36,67.9,35,0,A7M,Archival,1,38.3031,-74.6525
5/12/17,2017,5,10.0838604,13.80288696,32.13348007,0.15495944,21.4,83.3,24,0,A2M,Archival,1,38.378,-74.8051
5/13/17,2017,5,7.554262638,13.264534,32.83023071,0.158618649,48.7,55.9,36,0,T2M,Archival,1,38.3032,-74.5052
5/13/17,2017,5,8.450873375,13.1911993,32.57162094,0.13544,36,67.9,35,0,A7M,Archival,1,38.3031,-74.6525
5/13/17,2017,5,10.23469448,13.45686436,32.13308334,0.134257078,21.4,83.3,24,0,A2M,Archival,1,38.378,-74.8051
5/14/17,2017,5,7.324923992,12.18152142,32.96345139,0.134905484,48.7,55.9,36,0,T2M,Archival,1,38.3032,-74.5052
5/14/17,2017,5,8.128106117,12.29420853,32.49831009,0.11903,36,67.9,35,0,A7M,Archival,1,38.3031,-74.6525
5/14/17,2017,5,10.47101593,12.38614941,32.07062912,0.079797228,21.4,83.3,24,0,A2M,Archival,1,38.378,-74.8051
5/15/17,2017,5,7.404630661,12.32655621,32.94678497,0.136720154,48.7,55.9,36,0,T2M,Archival,1,38.3032,-74.5052
5/15/17,2017,5,8.111268997,12.55278301,32.5140419,0.1269,36,67.9,35,0,A7M,Archival,1,38.3031,-74.6525
5/15/17,2017,5,10.73788166,13.20198536,31.65506935,0.102670987,21.4,83.3,24,0,A2M,Archival,1,38.378,-74.8051
5/16/17,2017,5,7.501199722,12.79998779,32.93080902,0.147188558,48.7,55.9,36,0,T2M,Archival,1,38.3032,-74.5052
5/16/17,2017,5,8.193579674,12.93569946,32.59071732,0.13549,36,67.9,35,0,A7M,Archival,1,38.3031,-74.6525
5/16/17,2017,5,10.75065136,13.42156601,31.48785973,0.11128811,21.4,83.3,24,0,A2M,Archival,1,38.378,-74.8051
5/17/17,2017,5,7.547623158,13.40644455,32.84379196,0.162745039,48.7,55.9,36,0,T2M,Archival,1,38.3032,-74.5052
5/17/17,2017,5,8.218512535,13.49603653,32.37811661,0.15079,36,67.9,35,0,A7M,Archival,1,38.3031,-74.6525
5/17/17,2017,5,10.39261818,14.38620281,30.17253876,0.16639936,21.4,83.3,24,0,A2M,Archival,1,38.378,-74.8051
5/18/17,2017,5,8.02346611,14.30910015,32.72913742,0.174600946,48.7,55.9,36,0,T2M,Archival,1,38.3032,-74.5052
5/18/17,2017,5,8.7474823,15.10430527,31.16181946,0.18162,36,67.9,35,0,A7M,Archival,1,38.3031,-74.6525
5/18/17,2017,5,10.85173416,15.32812977,30.62818718,0.186516484,21.4,83.3,24,0,A2M,Archival,1,38.378,-74.8051
5/19/17,2017,5,8.022720337,15.35426235,31.8652668,0.203653945,48.7,55.9,36,0,T2M,Archival,1,38.3032,-74.5052
5/19/17,2017,5,8.634490013,15.77194595,31.07308769,0.20393,36,67.9,35,0,A7M,Archival,1,38.3031,-74.6525
5/19/17,2017,5,10.61415958,16.1878891,30.72278404,0.23223873,21.4,83.3,24,0,A2M,Archival,1,38.378,-74.8051
5/20/17,2017,5,8.079105377,15.62583542,31.79437828,0.20963139,48.7,55.9,36,0,T2M,Archival,1,38.3032,-74.5052
5/20/17,2017,5,8.623626709,16.04409218,31.3179245,0.21201,36,67.9,35,0,A7M,Archival,1,38.3031,-74.6525
5/20/17,2017,5,10.58978176,16.38398933,31.02363014,0.241425316,21.4,83.3,24,0,A2M,Archival,1,38.378,-74.8051
5/21/17,2017,5,7.223544598,13.4532671,32.84454727,0.173047847,48.7,55.9,36,0,T2M,Archival,1,38.3032,-74.5052
5/21/17,2017,5,8.279658318,13.70004559,31.94848442,0.15487,36,67.9,35,0,A7M,Archival,1,38.3031,-74.6525
5/21/17,2017,5,9.98589325,14.00891399,31.78191566,0.167625864,21.4,83.3,24,0,A2M,Archival,1,38.378,-74.8051
5/22/17,2017,5,7.128950119,13.37739086,32.91664886,0.173567798,48.7,55.9,36,0,T2M,Archival,1,38.3032,-74.5052
5/22/17,2017,5,8.237878799,13.50405979,32.00513077,0.15046,36,67.9,35,0,A7M,Archival,1,38.3031,-74.6525
5/22/17,2017,5,10.29738903,14.02663326,31.57925606,0.155385176,21.4,83.3,24,0,A2M,Archival,1,38.378,-74.8051
5/23/17,2017,5,7.137057781,13.67560673,32.897995,0.18162636,48.7,55.9,36,0,T2M,Archival,1,38.3032,-74.5052
5/23/17,2017,5,7.981144428,13.76829529,31.93278694,0.16535,36,67.9,35,0,A7M,Archival,1,38.3031,-74.6525
5/23/17,2017,5,10.21573925,14.18700123,31.25119972,0.165469249,21.4,83.3,24,0,A2M,Archival,1,38.378,-74.8051
5/24/17,2017,5,7.80432272,13.95086002,32.95883179,0.170737147,48.7,55.9,36,0,T2M,Archival,1,38.3032,-74.5052
5/24/17,2017,5,8.852726936,13.97274399,32.21525574,0.14629,36,67.9,35,0,A7M,Archival,1,38.3031,-74.6525
5/24/17,2017,5,11.84358692,14.51604557,31.71896172,0.111352444,21.4,83.3,24,0,A2M,Archival,1,38.378,-74.8051
5/25/17,2017,5,7.996967793,13.88549805,32.97758102,0.163570285,48.7,55.9,36,0,T2M,Archival,1,38.3032,-74.5052
5/25/17,2017,5,9.181624413,13.98964214,32.36967087,0.13737,36,67.9,35,0,A7M,Archival,1,38.3031,-74.6525
5/25/17,2017,5,12.53006268,14.40376568,31.76420593,0.078070958,21.4,83.3,24,0,A2M,Archival,1,38.378,-74.8051
5/26/17,2017,5,8.160927773,14.08262634,32.79997635,0.164491627,48.7,55.9,36,0,T2M,Archival,1,38.3032,-74.5052
5/26/17,2017,5,9.060625076,14.60922623,32.0402832,0.15853,36,67.9,35,0,A7M,Archival,1,38.3031,-74.6525
5/26/17,2017,5,12.39651775,15.31638336,31.32565308,0.121661067,21.4,83.3,24,0,A2M,Archival,1,38.378,-74.8051
5/27/17,2017,5,8.383224487,14.57469654,32.6846199,0.171985335,48.7,55.9,36,0,T2M,Archival,1,38.3032,-74.5052
5/27/17,2017,5,8.861721992,15.17362881,31.94503021,0.18034,36,67.9,35,0,A7M,Archival,1,38.3031,-74.6525
5/27/17,2017,5,11.87609005,15.93511868,31.15440941,0.169126193,21.4,83.3,24,0,A2M,Archival,1,38.378,-74.8051
5/28/17,2017,5,8.456747055,15.0581131,32.65375137,0.183371279,48.7,55.9,36,0,T2M,Archival,1,38.3032,-74.5052
5/28/17,2017,5,8.983170509,15.67680836,31.97419548,0.19125,36,67.9,35,0,A7M,Archival,1,38.3031,-74.6525
5/28/17,2017,5,11.86597157,16.48748207,31.03563118,0.192562938,21.4,83.3,24,0,A2M,Archival,1,38.378,-74.8051
5/29/17,2017,5,8.5169487,15.34741306,32.5794487,0.189735121,48.7,55.9,36,0,T2M,Archival,1,38.3032,-74.5052
5/29/17,2017,5,9.343281746,15.75012112,32.08243942,0.18305,36,67.9,35,0,A7M,Archival,1,38.3031,-74.6525
5/29/17,2017,5,12.10479641,16.40208244,31.44570732,0.179053585,21.4,83.3,24,0,A2M,Archival,1,38.378,-74.8051
5/30/17,2017,5,8.713700294,15.96353912,32.61941147,0.201384412,48.7,55.9,36,0,T2M,Archival,1,38.3032,-74.5052
5/30/17,2017,5,10.27925205,15.85242462,32.10728455,0.15923,36,67.9,35,0,A7M,Archival,1,38.3031,-74.6525
5/30/17,2017,5,12.86861038,15.96677303,31.90323639,0.12909011,21.4,83.3,24,0,A2M,Archival,1,38.378,-74.8051
5/31/17,2017,5,8.684102058,16.03917313,32.67540359,0.20430753,48.7,55.9,36,0,T2M,Archival,1,38.3032,-74.5052
5/31/17,2017,5,10.03251743,15.9340744,32.00812912,0.16862,36,67.9,35,0,A7M,Archival,1,38.3031,-74.6525
5/31/17,2017,5,13.12907791,16.09000969,31.8039856,0.123372157,21.4,83.3,24,0,A2M,Archival,1,38.378,-74.8051
6/1/17,2017,6,8.695067406,16.28889275,32.54965591,0.210939593,48.7,55.9,36,0,T2M,Archival,1,38.3032,-74.5052
6/1/17,2017,6,9.675408363,16.19763947,31.89916229,0.18635,36,67.9,35,0,A7M,Archival,1,38.3031,-74.6525
6/1/17,2017,6,12.92972279,16.5805912,31.56453896,0.152119517,21.4,83.3,24,0,A2M,Archival,1,38.378,-74.8051
6/2/17,2017,6,8.332461357,16.46767235,32.38246536,0.225978083,48.7,55.9,36,0,T2M,Archival,1,38.3032,-74.5052
6/2/17,2017,6,9.165261269,16.385849,31.80523109,0.2063,36,67.9,35,0,A7M,Archival,1,38.3031,-74.6525
6/2/17,2017,6,12.00407124,16.99792099,31.33157921,0.208077073,21.4,83.3,24,0,A2M,Archival,1,38.378,-74.8051
6/3/17,2017,6,8.337296486,16.68495178,32.18528748,0.231879314,48.7,55.9,36,0,T2M,Archival,1,38.3032,-74.5052
6/3/17,2017,6,9.110823631,16.68030739,31.71014977,0.21627,36,67.9,35,0,A7M,Archival,1,38.3031,-74.6525
6/3/17,2017,6,11.59139347,16.95690346,31.4510746,0.223562916,21.4,83.3,24,0,A2M,Archival,1,38.378,-74.8051
6/4/17,2017,6,8.299760818,16.85692024,32.12186432,0.237698873,48.7,55.9,36,0,T2M,Archival,1,38.3032,-74.5052
6/4/17,2017,6,9.053468704,16.81419754,31.63887024,0.22174,36,67.9,35,0,A7M,Archival,1,38.3031,-74.6525
6/4/17,2017,6,11.38114834,16.93113899,31.50014305,0.231249611,21.4,83.3,24,0,A2M,Archival,1,38.378,-74.8051
6/5/17,2017,6,9.290740013,16.79900742,31.8363781,0.208562983,48.7,55.9,36,0,T2M,Archival,1,38.3032,-74.5052
6/5/17,2017,6,9.682641029,16.91638947,31.48528099,0.20668,36,67.9,35,0,A7M,Archival,1,38.3031,-74.6525
6/5/17,2017,6,11.44602871,17.53804779,31.12966156,0.253834128,21.4,83.3,24,0,A2M,Archival,1,38.378,-74.8051
6/6/17,2017,6,9.312397003,16.93210793,31.60217285,0.211658637,48.7,55.9,36,0,T2M,Archival,1,38.3032,-74.5052
6/6/17,2017,6,9.718985558,17.00610924,31.26247597,0.2082,36,67.9,35,0,A7M,Archival,1,38.3031,-74.6525
6/6/17,2017,6,11.2532959,17.80373192,30.98158073,0.272934834,21.4,83.3,24,0,A2M,Archival,1,38.378,-74.8051
6/7/17,2017,6,9.046760559,16.86283302,31.81777954,0.217113124,48.7,55.9,36,1,T2M,Archival,1,38.3032,-74.5052
6/7/17,2017,6,10.04872036,16.88711929,31.18950462,0.19538,36,67.9,35,1,A7M,Archival,1,38.3031,-74.6525
6/7/17,2017,6,12.09582806,17.53221893,30.96675301,0.226516287,21.4,83.3,24,0,A2M,Archival,1,38.378,-74.8051
6/8/17,2017,6,9.610283852,15.96986294,32.29201508,0.176654975,48.7,55.9,36,0,T2M,Archival,1,38.3032,-74.5052
6/8/17,2017,6,10.7353754,16.33865547,31.29123878,0.16009,36,67.9,35,0,A7M,Archival,1,38.3031,-74.6525
6/8/17,2017,6,12.92888546,16.93949127,30.99196815,0.167108576,21.4,83.3,24,0,A2M,Archival,1,38.378,-74.8051
6/9/17,2017,6,9.567048073,15.9354353,32.5381546,0.176899645,48.7,55.9,36,0,T2M,Archival,1,38.3032,-74.5052
6/9/17,2017,6,10.51343632,16.29228783,31.43886375,0.16511,36,67.9,35,0,A7M,Archival,1,38.3031,-74.6525
6/9/17,2017,6,12.69787693,17.01106834,30.90687752,0.179716309,21.4,83.3,24,0,A2M,Archival,1,38.378,-74.8051
6/10/17,2017,6,9.562504768,16.59248161,32.04689407,0.195277135,48.7,55.9,36,0,T2M,Archival,1,38.3032,-74.5052
6/10/17,2017,6,10.319417,16.99682236,31.13036156,0.19078,36,67.9,35,0,A7M,Archival,1,38.3031,-74.6525
6/10/17,2017,6,12.34083843,17.98957062,30.27619743,0.235363841,21.4,83.3,24,0,A2M,Archival,1,38.378,-74.8051
6/11/17,2017,6,9.698590279,18.10329628,31.63134575,0.233464056,48.7,55.9,36,0,T2M,Archival,1,38.3032,-74.5052
6/11/17,2017,6,10.44137478,18.47028351,30.78703308,0.2294,36,67.9,35,0,A7M,Archival,1,38.3031,-74.6525
6/11/17,2017,6,12.31786346,19.04742813,30.04577637,0.280398528,21.4,83.3,24,0,A2M,Archival,1,38.378,-74.8051
6/12/17,2017,6,9.696763039,18.77963829,31.26911926,0.25230209,48.7,55.9,36,0,T2M,Archival,1,38.3032,-74.5052
6/12/17,2017,6,10.35684109,19.28115654,30.44019127,0.25498,36,67.9,35,0,A7M,Archival,1,38.3031,-74.6525
6/12/17,2017,6,12.10500717,19.77466774,30.409729,0.31956919,21.4,83.3,24,0,A2M,Archival,1,38.378,-74.8051
6/13/17,2017,6,9.704525948,19.45775032,30.89895439,0.270922899,48.7,55.9,36,0,T2M,Archival,1,38.3032,-74.5052
6/13/17,2017,6,10.3001318,19.78373909,30.50080109,0.27096,36,67.9,35,0,A7M,Archival,1,38.3031,-74.6525
6/13/17,2017,6,11.97668743,20.43211746,30.59914207,0.352309585,21.4,83.3,24,0,A2M,Archival,1,38.378,-74.8051
6/14/17,2017,6,10.67157269,20.50856972,30.72311211,0.273249918,48.7,55.9,36,0,T2M,Archival,1,38.3032,-74.5052
6/14/17,2017,6,10.99137211,20.65528297,30.59037781,0.27611,36,67.9,35,0,A7M,Archival,1,38.3031,-74.6525
6/14/17,2017,6,12.29956532,20.76177979,30.4282074,0.35259227,21.4,83.3,24,0,A2M,Archival,1,38.378,-74.8051
6/15/17,2017,6,10.6874094,20.4448967,30.97752953,0.271041314,48.7,55.9,36,0,T2M,Archival,1,38.3032,-74.5052
6/15/17,2017,6,11.17496777,20.40324783,30.60979271,0.26367,36,67.9,35,0,A7M,Archival,1,38.3031,-74.6525
6/15/17,2017,6,12.5316,20.36392593,30.51635742,0.326346914,21.4,83.3,24,0,A2M,Archival,1,38.378,-74.8051
6/16/17,2017,6,10.43587494,20.46695518,31.22783089,0.278641118,48.7,55.9,36,0,T2M,Archival,1,38.3032,-74.5052
6/16/17,2017,6,11.20264339,20.2470665,30.68802071,0.25841,36,67.9,35,1,A7M,Archival,1,38.3031,-74.6525
6/16/17,2017,6,12.45114899,20.23662758,30.47058105,0.324394941,21.4,83.3,24,1,A2M,Archival,1,38.378,-74.8051
6/17/17,2017,6,10.1057024,20.69944382,31.2484436,0.294270595,48.7,55.9,36,0,T2M,Archival,1,38.3032,-74.5052
6/17/17,2017,6,11.03668213,20.42294312,30.62395287,0.26818,36,67.9,35,0,A7M,Archival,1,38.3031,-74.6525
6/17/17,2017,6,12.29628372,20.35455513,30.00743675,0.335761309,21.4,83.3,24,0,A2M,Archival,1,38.378,-74.8051
6/18/17,2017,6,10.01549435,20.51278687,30.94378853,0.291591459,48.7,55.9,36,0,T2M,Archival,1,38.3032,-74.5052
6/18/17,2017,6,10.85508442,20.36722755,30.34736633,0.27178,36,67.9,35,0,A7M,Archival,1,38.3031,-74.6525
6/18/17,2017,6,12.15478134,20.24966431,29.80354881,0.33728679,21.4,83.3,24,0,A2M,Archival,1,38.378,-74.8051
6/19/17,2017,6,10.0886755,20.31272316,30.72482872,0.284001324,48.7,55.9,36,0,T2M,Archival,1,38.3032,-74.5052
6/19/17,2017,6,10.69697094,20.12550735,30.60911369,0.26939,36,67.9,35,0,A7M,Archival,1,38.3031,-74.6525
6/19/17,2017,6,11.98592091,19.47550774,30.73928642,0.312066118,21.4,83.3,24,0,A2M,Archival,1,38.378,-74.8051
6/20/17,2017,6,10.85080624,21.18438911,31.43771935,0.287043969,48.7,55.9,36,1,T2M,Archival,1,38.3032,-74.5052
6/20/17,2017,6,11.44353199,21.23922157,31.39085197,0.27988,36,67.9,35,1,A7M,Archival,1,38.3031,-74.6525
6/20/17,2017,6,12.75882339,19.9998455,31.33569145,0.301709255,21.4,83.3,24,0,A2M,Archival,1,38.378,-74.8051
6/21/17,2017,6,11.01874447,21.53407097,31.53411293,0.292092403,48.7,55.9,36,0,T2M,Archival,1,38.3032,-74.5052
6/21/17,2017,6,11.57855701,21.46674919,31.49754906,0.28252,36,67.9,35,0,A7M,Archival,1,38.3031,-74.6525
6/21/17,2017,6,12.62026691,20.01169205,31.41205597,0.307976047,21.4,83.3,24,0,A2M,Archival,1,38.378,-74.8051
6/22/17,2017,6,11.0485487,21.70350647,31.5607357,0.295971049,48.7,55.9,36,0,T2M,Archival,1,38.3032,-74.5052
6/22/17,2017,6,11.68182373,21.29615021,31.51902962,0.2747,36,67.9,35,0,A7M,Archival,1,38.3031,-74.6525
6/22/17,2017,6,12.69438934,19.41068459,31.72049522,0.279845635,21.4,83.3,24,0,A2M,Archival,1,38.378,-74.8051
6/23/17,2017,6,11.14434719,22.22037315,31.68183708,0.307667388,48.7,55.9,36,0,T2M,Archival,1,38.3032,-74.5052
6/23/17,2017,6,12.188941,21.37336159,31.76012993,0.26241,36,67.9,35,0,A7M,Archival,1,38.3031,-74.6525
6/23/17,2017,6,13.16508389,19.2209034,31.81118584,0.252325813,21.4,83.3,24,0,A2M,Archival,1,38.378,-74.8051
6/24/17,2017,6,11.0105238,21.22760391,31.97842216,0.283807781,48.7,55.9,36,0,T2M,Archival,1,38.3032,-74.5052
6/24/17,2017,6,12.14805317,19.67591858,32.08718872,0.21508,36,67.9,35,0,A7M,Archival,1,38.3031,-74.6525
6/24/17,2017,6,13.24086857,17.74892616,31.97063446,0.187835733,21.4,83.3,24,0,A2M,Archival,1,38.378,-74.8051
6/25/17,2017,6,11.16734982,21.11490822,32.10280991,0.276321067,48.7,55.9,36,0,T2M,Archival,1,38.3032,-74.5052
6/25/17,2017,6,12.23073292,19.6324234,32.19885635,0.21148,36,67.9,35,0,A7M,Archival,1,38.3031,-74.6525
6/25/17,2017,6,13.41972733,18.61950111,32.03425217,0.216657241,21.4,83.3,24,0,A2M,Archival,1,38.378,-74.8051
6/26/17,2017,6,11.59891605,22.26709747,32.0696373,0.296338373,48.7,55.9,36,0,T2M,Archival,1,38.3032,-74.5052
6/26/17,2017,6,12.68602753,20.867733,32.12169266,0.23376,36,67.9,35,0,A7M,Archival,1,38.3031,-74.6525
6/26/17,2017,6,13.85481167,20.52623749,31.70705223,0.277976076,21.4,83.3,24,0,A2M,Archival,1,38.378,-74.8051
6/27/17,2017,6,11.46759033,22.6002903,32.06725693,0.309241666,48.7,55.9,36,0,T2M,Archival,1,38.3032,-74.5052
6/27/17,2017,6,12.64466381,21.40514183,32.10258102,0.2503,36,67.9,35,0,A7M,Archival,1,38.3031,-74.6525
6/27/17,2017,6,13.85773182,20.94526482,31.42729378,0.295313875,21.4,83.3,24,0,A2M,Archival,1,38.378,-74.8051
6/28/17,2017,6,11.26870823,22.60407448,32.04407883,0.314871285,48.7,55.9,36,0,T2M,Archival,1,38.3032,-74.5052
6/28/17,2017,6,12.54935551,21.61354828,32.0527916,0.25898,36,67.9,35,0,A7M,Archival,1,38.3031,-74.6525
6/28/17,2017,6,13.91837788,20.94585228,31.15290833,0.292811433,21.4,83.3,24,0,A2M,Archival,1,38.378,-74.8051
6/29/17,2017,6,10.53098679,22.49375725,32.12804031,0.33229918,48.7,55.9,36,0,T2M,Archival,1,38.3032,-74.5052
6/29/17,2017,6,12.36990261,21.47373199,32.25532913,0.26011,36,67.9,35,0,A7M,Archival,1,38.3031,-74.6525
6/29/17,2017,6,14.10762119,20.31233788,31.14118958,0.258529862,21.4,83.3,24,0,A2M,Archival,1,38.378,-74.8051
6/30/17,2017,6,10.16908169,21.9169178,32.34147263,0.326328781,48.7,55.9,36,0,T2M,Archival,1,38.3032,-74.5052
6/30/17,2017,6,12.14182568,20.92749596,32.00903702,0.25102,36,67.9,35,0,A7M,Archival,1,38.3031,-74.6525
6/30/17,2017,6,13.90338802,19.86076546,31.63576698,0.24822406,21.4,83.3,24,0,A2M,Archival,1,38.378,-74.8051
7/1/17,2017,7,9.773491859,21.59996605,32.46976089,0.328513172,48.7,55.9,36,0,T2M,Archival,1,38.3032,-74.5052
7/1/17,2017,7,11.75214767,21.04053688,32.38093948,0.26538,36,67.9,35,0,A7M,Archival,1,38.3031,-74.6525
7/1/17,2017,7,13.85127926,19.88280487,32.37273788,0.251313567,21.4,83.3,24,0,A2M,Archival,1,38.378,-74.8051
7/2/17,2017,7,9.753581047,22.63090324,32.60857391,0.357703394,48.7,55.9,36,0,T2M,Archival,1,38.3032,-74.5052
7/2/17,2017,7,11.55510044,22.27115822,32.56700516,0.30617,36,67.9,35,0,A7M,Archival,1,38.3031,-74.6525
7/2/17,2017,7,14.22179508,20.95281029,32.49766159,0.280458967,21.4,83.3,24,0,A2M,Archival,1,38.378,-74.8051
7/3/17,2017,7,9.895871162,23.11092377,32.61361313,0.367084795,48.7,55.9,36,0,T2M,Archival,1,38.3032,-74.5052
7/3/17,2017,7,11.65415955,22.69833183,32.55070877,0.31555,36,67.9,35,0,A7M,Archival,1,38.3031,-74.6525
7/3/17,2017,7,14.06068325,21.33933067,32.52042007,0.303276976,21.4,83.3,24,0,A2M,Archival,1,38.378,-74.8051
7/4/17,2017,7,10.09661102,23.22108269,32.61850357,0.364568657,48.7,55.9,36,0,T2M,Archival,1,38.3032,-74.5052
7/4/17,2017,7,11.7661562,22.72966766,32.54903793,0.31324,36,67.9,35,0,A7M,Archival,1,38.3031,-74.6525
7/4/17,2017,7,13.77999115,21.43331146,32.48384094,0.318888346,21.4,83.3,24,0,A2M,Archival,1,38.378,-74.8051
7/5/17,2017,7,9.913803101,23.94639587,32.67094803,0.389794244,48.7,55.9,36,0,T2M,Archival,1,38.3032,-74.5052
7/5/17,2017,7,11.52337551,23.30085564,32.61525345,0.3365,36,67.9,35,0,A7M,Archival,1,38.3031,-74.6525
7/5/17,2017,7,13.60850048,21.94164467,32.42962265,0.347214341,21.4,83.3,24,0,A2M,Archival,1,38.378,-74.8051
7/6/17,2017,7,9.766922951,23.95922852,32.65430069,0.39423071,48.7,55.9,36,0,T2M,Archival,1,38.3032,-74.5052
7/6/17,2017,7,11.62964916,23.40886879,32.65957642,0.33655,36,67.9,35,0,A7M,Archival,1,38.3031,-74.6525
7/6/17,2017,7,13.80767727,21.97316933,32.48948669,0.340228836,21.4,83.3,24,0,A2M,Archival,1,38.378,-74.8051
7/7/17,2017,7,9.542833328,24.04852104,32.66919708,0.40293577,48.7,55.9,36,0,T2M,Archival,1,38.3032,-74.5052
7/7/17,2017,7,11.48655796,23.41057396,32.6304512,0.34069,36,67.9,35,0,A7M,Archival,1,38.3031,-74.6525
7/7/17,2017,7,13.56470966,21.84597206,32.28582764,0.3450526,21.4,83.3,24,0,A2M,Archival,1,38.378,-74.8051
7/8/17,2017,7,9.489295006,24.48652649,32.82036972,0.416589763,48.7,55.9,36,0,T2M,Archival,1,38.3032,-74.5052
7/8/17,2017,7,11.61396408,23.75087738,32.68404007,0.34677,36,67.9,35,0,A7M,Archival,1,38.3031,-74.6525
7/8/17,2017,7,14.18649578,22.67131996,31.64012909,0.353534341,21.4,83.3,24,0,A2M,Archival,1,38.378,-74.8051
7/9/17,2017,7,9.598151207,24.56098747,32.80546188,0.415634341,48.7,55.9,36,0,T2M,Archival,1,38.3032,-74.5052
7/9/17,2017,7,11.42632198,23.78889465,32.50257874,0.35322,36,67.9,35,0,A7M,Archival,1,38.3031,-74.6525
7/9/17,2017,7,14.0171051,23.02994347,30.79849243,0.375534932,21.4,83.3,24,0,A2M,Archival,1,38.378,-74.8051
7/10/17,2017,7,9.666758537,24.73051643,32.7816658,0.418437719,48.7,55.9,36,0,T2M,Archival,1,38.3032,-74.5052
7/10/17,2017,7,11.36450481,24.11655235,32.49837875,0.36434,36,67.9,35,0,A7M,Archival,1,38.3031,-74.6525
7/10/17,2017,7,13.81054783,23.12296486,31.03265953,0.388017376,21.4,83.3,24,0,A2M,Archival,1,38.378,-74.8051
7/11/17,2017,7,9.987103462,25.10162163,32.82923508,0.419847727,48.7,55.9,36,0,T2M,Archival,1,38.3032,-74.5052
7/11/17,2017,7,11.44730282,24.53951836,32.30148697,0.37406,36,67.9,35,0,A7M,Archival,1,38.3031,-74.6525
7/11/17,2017,7,13.78938007,23.32535553,30.92019463,0.397332311,21.4,83.3,24,0,A2M,Archival,1,38.378,-74.8051
7/12/17,2017,7,9.808722496,25.21197319,32.69237137,0.427868075,48.7,55.9,36,0,T2M,Archival,1,38.3032,-74.5052
7/12/17,2017,7,11.12104797,24.55023766,31.74871254,0.38369,36,67.9,35,0,A7M,Archival,1,38.3031,-74.6525
7/12/17,2017,7,13.27743053,23.14023018,31.30727959,0.410949985,21.4,83.3,24,0,A2M,Archival,1,38.378,-74.8051
7/13/17,2017,7,9.731588364,25.56526184,32.40382004,0.439824263,48.7,55.9,36,0,T2M,Archival,1,38.3032,-74.5052
7/13/17,2017,7,10.93604565,24.95935631,31.69250488,0.40067,36,67.9,35,0,A7M,Archival,1,38.3031,-74.6525
7/13/17,2017,7,12.94969654,23.69270134,31.50638008,0.4476252,21.4,83.3,24,0,A2M,Archival,1,38.378,-74.8051
7/14/17,2017,7,10.8931427,25.87888145,31.85127258,0.416270521,48.7,55.9,36,0,T2M,Archival,1,38.3032,-74.5052
7/14/17,2017,7,11.82473087,24.9863987,31.54167366,0.37605,36,67.9,35,0,A7M,Archival,1,38.3031,-74.6525
7/14/17,2017,7,13.49476242,23.77784729,31.51491356,0.42846187,21.4,83.3,24,0,A2M,Archival,1,38.378,-74.8051
7/15/17,2017,7,10.63506508,26.31511879,31.74123573,0.435557048,48.7,55.9,36,0,T2M,Archival,1,38.3032,-74.5052
7/15/17,2017,7,11.65570927,25.25366402,31.48703575,0.38851,36,67.9,35,0,A7M,Archival,1,38.3031,-74.6525
7/15/17,2017,7,13.53367996,24.43764496,31.28383827,0.454331875,21.4,83.3,24,0,A2M,Archival,1,38.378,-74.8051
7/16/17,2017,7,10.38418102,26.51944733,31.78781891,0.448201842,48.7,55.9,36,0,T2M,Archival,1,38.3032,-74.5052
7/16/17,2017,7,11.56248569,25.49410439,31.54511261,0.39805,36,67.9,35,0,A7M,Archival,1,38.3031,-74.6525
7/16/17,2017,7,13.60590363,24.55493927,31.21234894,0.456209819,21.4,83.3,24,0,A2M,Archival,1,38.378,-74.8051
7/17/17,2017,7,10.76540089,26.94436455,31.95704842,0.449415657,48.7,55.9,36,0,T2M,Archival,1,38.3032,-74.5052
7/17/17,2017,7,12.16038799,26.33648109,31.78673363,0.40503,36,67.9,35,0,A7M,Archival,1,38.3031,-74.6525
7/17/17,2017,7,14.8017664,25.09643555,31.07863426,0.428944548,21.4,83.3,24,0,A2M,Archival,1,38.378,-74.8051
7/18/17,2017,7,10.69404507,26.9639492,31.93919945,0.451941782,48.7,55.9,36,0,T2M,Archival,1,38.3032,-74.5052
7/18/17,2017,7,12.08168316,26.33572388,31.87812042,0.40726,36,67.9,35,0,A7M,Archival,1,38.3031,-74.6525
7/18/17,2017,7,14.75460339,24.66970253,30.81852913,0.413129131,21.4,83.3,24,0,A2M,Archival,1,38.378,-74.8051
7/19/17,2017,7,10.61961651,27.11942482,31.95516777,0.458328009,48.7,55.9,36,0,T2M,Archival,1,38.3032,-74.5052
7/19/17,2017,7,11.9485445,26.58474922,31.86024475,0.41818,36,67.9,35,0,A7M,Archival,1,38.3031,-74.6525
7/19/17,2017,7,14.58062744,24.91336632,31.00204659,0.430530787,21.4,83.3,24,0,A2M,Archival,1,38.378,-74.8051
7/20/17,2017,7,9.980029106,26.69866371,32.15912247,0.464406517,48.7,55.9,36,0,T2M,Archival,1,38.3032,-74.5052
7/20/17,2017,7,11.57256794,25.97670937,31.79493713,0.41155,36,67.9,35,0,A7M,Archival,1,38.3031,-74.6525
7/20/17,2017,7,14.27104855,24.33706665,31.13939095,0.419417421,21.4,83.3,24,0,A2M,Archival,1,38.378,-74.8051
7/21/17,2017,7,10.02297497,26.45868111,32.23111343,0.456547393,48.7,55.9,36,0,T2M,Archival,1,38.3032,-74.5052
7/21/17,2017,7,11.44468689,25.35928535,31.62579346,0.39756,36,67.9,35,0,A7M,Archival,1,38.3031,-74.6525
7/21/17,2017,7,13.78353214,23.76725578,31.3518219,0.415988485,21.4,83.3,24,0,A2M,Archival,1,38.378,-74.8051
7/22/17,2017,7,10.02287197,26.57554626,32.1700592,0.459796508,48.7,55.9,36,0,T2M,Archival,1,38.3032,-74.5052
7/22/17,2017,7,11.38738346,25.28825378,31.61129189,0.39717,36,67.9,35,0,A7M,Archival,1,38.3031,-74.6525
7/22/17,2017,7,13.60743713,24.29830933,31.33688354,0.445453008,21.4,83.3,24,0,A2M,Archival,1,38.378,-74.8051
7/23/17,2017,7,10.54691029,26.84668541,32.06791687,0.452771531,48.7,55.9,36,0,T2M,Archival,1,38.3032,-74.5052
7/23/17,2017,7,11.74095154,25.47602654,31.5361557,0.39243,36,67.9,35,0,A7M,Archival,1,38.3031,-74.6525
7/23/17,2017,7,13.9467392,25.06934929,30.76503181,0.463442087,21.4,83.3,24,0,A2M,Archival,1,38.378,-74.8051
7/24/17,2017,7,10.37138557,26.41449547,31.87804413,0.445641941,48.7,55.9,36,0,T2M,Archival,1,38.3032,-74.5052
7/24/17,2017,7,11.61556149,25.27152061,31.33983803,0.39017,36,67.9,35,0,A7M,Archival,1,38.3031,-74.6525
7/24/17,2017,7,13.76733017,24.67635345,30.50315857,0.454542637,21.4,83.3,24,0,A2M,Archival,1,38.378,-74.8051
7/25/17,2017,7,9.895476341,25.57769775,31.57189178,0.435617261,48.7,55.9,36,0,T2M,Archival,1,38.3032,-74.5052
7/25/17,2017,7,11.41517162,23.9839344,31.33033943,0.35911,36,67.9,35,0,A7M,Archival,1,38.3031,-74.6525
7/25/17,2017,7,13.63943195,23.36569214,31.13172722,0.405260841,21.4,83.3,24,0,A2M,Archival,1,38.378,-74.8051
7/26/17,2017,7,9.919480324,25.69724274,31.59214211,0.438271178,48.7,55.9,36,0,T2M,Archival,1,38.3032,-74.5052
7/26/17,2017,7,12.32982349,24.92292213,31.52508354,0.3598,36,67.9,35,0,A7M,Archival,1,38.3031,-74.6525
7/26/17,2017,7,15.39501286,23.24606895,31.77686501,0.327127337,21.4,83.3,24,0,A2M,Archival,1,38.378,-74.8051
7/27/17,2017,7,10.05624008,25.53838348,31.7679081,0.430059539,48.7,55.9,36,0,T2M,Archival,1,38.3032,-74.5052
7/27/17,2017,7,12.50103855,25.02204323,31.77031708,0.35774,36,67.9,35,0,A7M,Archival,1,38.3031,-74.6525
7/27/17,2017,7,15.96387959,23.66573334,31.94928932,0.320910573,21.4,83.3,24,0,A2M,Archival,1,38.378,-74.8051
7/28/17,2017,7,9.881863594,25.22907829,31.91833496,0.426311519,48.7,55.9,36,0,T2M,Archival,1,38.3032,-74.5052
7/28/17,2017,7,11.91404057,24.24261284,31.94535637,0.35224,36,67.9,35,0,A7M,Archival,1,38.3031,-74.6525
7/28/17,2017,7,15.23345184,23.56651306,31.74328041,0.347210884,21.4,83.3,24,0,A2M,Archival,1,38.378,-74.8051
7/29/17,2017,7,11.3004694,23.97664452,31.66283989,0.352115975,48.7,55.9,36,0,T2M,Archival,1,38.3032,-74.5052
7/29/17,2017,7,12.93908215,23.44068909,31.81770134,0.30005,36,67.9,35,0,A7M,Archival,1,38.3031,-74.6525
7/29/17,2017,7,16.01037216,23.4930706,31.50676727,0.311779102,21.4,83.3,24,0,A2M,Archival,1,38.378,-74.8051
7/30/17,2017,7,12.02383041,22.38707161,32.00818253,0.287867811,48.7,55.9,36,0,T2M,Archival,1,38.3032,-74.5052
7/30/17,2017,7,15.70042896,21.89765739,32.1762352,0.17706,36,67.9,35,0,A7M,Archival,1,38.3031,-74.6525
7/30/17,2017,7,20.42640114,21.54730797,32.32646561,0.046704451,21.4,83.3,24,0,A2M,Archival,1,38.378,-74.8051
7/31/17,2017,7,12.30300808,22.55202484,31.99082375,0.28469491,48.7,55.9,36,0,T2M,Archival,1,38.3032,-74.5052
7/31/17,2017,7,15.82961559,21.73503113,32.17798615,0.16873,36,67.9,35,0,A7M,Archival,1,38.3031,-74.6525
7/31/17,2017,7,21.60134315,22.39031029,32.14422226,0.032873631,21.4,83.3,24,0,A2M,Archival,1,38.378,-74.8051
8/1/17,2017,8,11.18420792,23.17932701,32.01177979,0.333197753,48.7,55.9,36,0,T2M,Archival,1,38.3032,-74.5052
8/1/17,2017,8,13.99282455,22.59356499,32.1973877,0.24574,36,67.9,35,0,A7M,Archival,1,38.3031,-74.6525
8/1/17,2017,8,19.91760063,23.34140205,32.18293381,0.142658393,21.4,83.3,24,0,A2M,Archival,1,38.378,-74.8051
8/2/17,2017,8,10.91364956,23.71993828,32.05420303,0.355730242,48.7,55.9,36,0,T2M,Archival,1,38.3032,-74.5052
8/2/17,2017,8,13.14300823,23.45015144,32.19857025,0.29449,36,67.9,35,0,A7M,Archival,1,38.3031,-74.6525
8/2/17,2017,8,18.61372185,23.88240051,31.95338249,0.219528278,21.4,83.3,24,0,A2M,Archival,1,38.378,-74.8051
8/3/17,2017,8,10.6688776,23.73690796,32.10546494,0.363000843,48.7,55.9,36,0,T2M,Archival,1,38.3032,-74.5052
8/3/17,2017,8,12.62446594,23.9442749,32.19780731,0.32342,36,67.9,35,0,A7M,Archival,1,38.3031,-74.6525
8/3/17,2017,8,17.40507317,23.9222641,31.77297211,0.271549622,21.4,83.3,24,0,A2M,Archival,1,38.378,-74.8051
8/4/17,2017,8,10.94547272,23.26967049,32.15422058,0.342338827,48.7,55.9,36,0,T2M,Archival,1,38.3032,-74.5052
8/4/17,2017,8,12.93762302,23.76947594,32.29432297,0.30948,36,67.9,35,0,A7M,Archival,1,38.3031,-74.6525
8/4/17,2017,8,17.92068672,23.57583427,31.84724617,0.235631148,21.4,83.3,24,0,A2M,Archival,1,38.378,-74.8051
8/5/17,2017,8,11.06778049,23.54804993,32.17387772,0.346674151,48.7,55.9,36,0,T2M,Archival,1,38.3032,-74.5052
8/5/17,2017,8,12.71509457,24.02462006,32.24018478,0.32313,36,67.9,35,0,A7M,Archival,1,38.3031,-74.6525
8/5/17,2017,8,17.33356285,23.64853668,31.79512787,0.26312391,21.4,83.3,24,0,A2M,Archival,1,38.378,-74.8051
8/6/17,2017,8,11.11295986,23.53537941,32.11267853,0.34506721,48.7,55.9,36,0,T2M,Archival,1,38.3032,-74.5052
8/6/17,2017,8,12.43994904,23.84597015,32.25844955,0.32589,36,67.9,35,0,A7M,Archival,1,38.3031,-74.6525
8/6/17,2017,8,17.3727932,23.63828087,31.9202137,0.261061986,21.4,83.3,24,0,A2M,Archival,1,38.378,-74.8051
8/7/17,2017,8,10.98228073,23.59452248,32.0736618,0.350340048,48.7,55.9,36,0,T2M,Archival,1,38.3032,-74.5052
8/7/17,2017,8,12.13658047,23.99607086,32.32960892,0.33884,36,67.9,35,0,A7M,Archival,1,38.3031,-74.6525
8/7/17,2017,8,17.00456047,23.60577393,31.89535332,0.275050561,21.4,83.3,24,0,A2M,Archival,1,38.378,-74.8051
8/8/17,2017,8,11.04827881,23.57922554,32.01725388,0.348081854,48.7,55.9,36,0,T2M,Archival,1,38.3032,-74.5052
8/8/17,2017,8,12.17858601,23.77416229,32.10430145,0.3313,36,67.9,35,0,A7M,Archival,1,38.3031,-74.6525
8/8/17,2017,8,15.91722012,23.24513435,31.71405983,0.30532976,21.4,83.3,24,0,A2M,Archival,1,38.378,-74.8051
8/9/17,2017,8,11.26397419,23.81752586,31.98032379,0.348709769,48.7,55.9,36,0,T2M,Archival,1,38.3032,-74.5052
8/9/17,2017,8,12.85792065,24.02886391,32.15297318,0.31917,36,67.9,35,0,A7M,Archival,1,38.3031,-74.6525
8/9/17,2017,8,16.73893356,23.5326252,31.7403717,0.283070485,21.4,83.3,24,0,A2M,Archival,1,38.378,-74.8051
8/10/17,2017,8,11.39913464,24.18710518,32.11161423,0.355221404,48.7,55.9,36,0,T2M,Archival,1,38.3032,-74.5052
8/10/17,2017,8,13.53229046,24.44329834,32.30690384,0.31174,36,67.9,35,0,A7M,Archival,1,38.3031,-74.6525
8/10/17,2017,8,17.82575989,24.05861855,31.81435394,0.259702444,21.4,83.3,24,0,A2M,Archival,1,38.378,-74.8051
8/11/17,2017,8,11.48491001,24.25888824,32.14421844,0.354832729,48.7,55.9,36,0,T2M,Archival,1,38.3032,-74.5052
8/11/17,2017,8,13.60865307,24.47375298,32.31535721,0.31043,36,67.9,35,0,A7M,Archival,1,38.3031,-74.6525
8/11/17,2017,8,18.08759117,24.09078217,31.81272125,0.250132958,21.4,83.3,24,0,A2M,Archival,1,38.378,-74.8051
8/12/17,2017,8,11.3654089,24.34404564,32.151474,0.360517687,48.7,55.9,36,0,T2M,Archival,1,38.3032,-74.5052
8/12/17,2017,8,13.53196239,24.5383625,32.27690506,0.31447,36,67.9,35,0,A7M,Archival,1,38.3031,-74.6525
8/12/17,2017,8,17.5669117,24.19955444,31.75285339,0.276360114,21.4,83.3,24,0,A2M,Archival,1,38.378,-74.8051
8/13/17,2017,8,11.50457096,25.20256615,32.20140076,0.380499866,48.7,55.9,36,0,T2M,Archival,1,38.3032,-74.5052
8/13/17,2017,8,13.79139805,25.36281013,32.22503281,0.33061,36,67.9,35,0,A7M,Archival,1,38.3031,-74.6525
8/13/17,2017,8,18.08687782,24.87265205,31.62406921,0.282740593,21.4,83.3,24,0,A2M,Archival,1,38.378,-74.8051
8/14/17,2017,8,11.55717468,25.36714935,32.1692009,0.383610408,48.7,55.9,36,0,T2M,Archival,1,38.3032,-74.5052
8/14/17,2017,8,13.61411285,25.57551003,32.223629,0.34175,36,67.9,35,0,A7M,Archival,1,38.3031,-74.6525
8/14/17,2017,8,17.87553406,25.15055275,31.68367004,0.303125779,21.4,83.3,24,0,A2M,Archival,1,38.378,-74.8051
8/15/17,2017,8,11.43791294,25.4933033,32.10265732,0.39042751,48.7,55.9,36,0,T2M,Archival,1,38.3032,-74.5052
8/15/17,2017,8,13.54849529,25.73025513,32.20197296,0.34805,36,67.9,35,0,A7M,Archival,1,38.3031,-74.6525
8/15/17,2017,8,17.51226044,25.3774662,31.71270943,0.327716907,21.4,83.3,24,0,A2M,Archival,1,38.378,-74.8051
8/16/17,2017,8,10.33971214,25.60750008,32.07865524,0.42410522,48.7,55.9,36,0,T2M,Archival,1,38.3032,-74.5052
8/16/17,2017,8,12.53139782,25.76027489,32.1803093,0.37797,36,67.9,35,0,A7M,Archival,1,38.3031,-74.6525
8/16/17,2017,8,16.31216812,25.31969261,31.6950531,0.37531352,21.4,83.3,24,0,A2M,Archival,1,38.378,-74.8051
8/17/17,2017,8,10.23265362,25.55097961,31.96550751,0.425509055,48.7,55.9,36,0,T2M,Archival,1,38.3032,-74.5052
8/17/17,2017,8,12.53338528,25.63787842,32.11557388,0.37441,36,67.9,35,0,A7M,Archival,1,38.3031,-74.6525
8/17/17,2017,8,16.29103279,25.22216606,31.69473076,0.372130553,21.4,83.3,24,0,A2M,Archival,1,38.378,-74.8051
8/18/17,2017,8,9.889531136,25.49393654,31.9498291,0.433455706,48.7,55.9,36,0,T2M,Archival,1,38.3032,-74.5052
8/18/17,2017,8,12.28953171,25.53341484,32.09005356,0.3784,36,67.9,35,0,A7M,Archival,1,38.3031,-74.6525
8/18/17,2017,8,15.87815571,24.99649239,31.73301888,0.379930695,21.4,83.3,24,0,A2M,Archival,1,38.378,-74.8051
8/19/17,2017,8,11.12264919,25.24600792,31.89546394,0.39231552,48.7,55.9,36,0,T2M,Archival,1,38.3032,-74.5052
8/19/17,2017,8,13.29260254,25.34148407,31.96455956,0.34425,36,67.9,35,0,A7M,Archival,1,38.3031,-74.6525
8/19/17,2017,8,16.70232391,24.98706818,31.65564156,0.345197678,21.4,83.3,24,0,A2M,Archival,1,38.378,-74.8051
8/20/17,2017,8,11.27591324,25.39611244,31.78855133,0.392227756,48.7,55.9,36,0,T2M,Archival,1,38.3032,-74.5052
8/20/17,2017,8,13.30692291,25.39879799,31.92753601,0.34548,36,67.9,35,0,A7M,Archival,1,38.3031,-74.6525
8/20/17,2017,8,16.79460716,25.28851318,31.75635529,0.353912751,21.4,83.3,24,0,A2M,Archival,1,38.378,-74.8051
8/21/17,2017,8,11.46980572,25.53465271,31.77229881,0.390690194,48.7,55.9,36,0,T2M,Archival,1,38.3032,-74.5052
8/21/17,2017,8,13.44935513,25.4757309,31.89224052,0.34361,36,67.9,35,0,A7M,Archival,1,38.3031,-74.6525
8/21/17,2017,8,17.25012207,25.34586906,31.83461761,0.337322791,21.4,83.3,24,0,A2M,Archival,1,38.378,-74.8051
8/22/17,2017,8,11.82553005,26.0249939,32.03927231,0.394429551,48.7,55.9,36,0,T2M,Archival,1,38.3032,-74.5052
8/22/17,2017,8,13.98509121,26.1297245,32.16868973,0.34699,36,67.9,35,0,A7M,Archival,1,38.3031,-74.6525
8/22/17,2017,8,17.69182205,25.58532143,31.99556732,0.328895807,21.4,83.3,24,0,A2M,Archival,1,38.378,-74.8051
8/23/17,2017,8,11.66866207,26.17003059,32.16389465,0.402815792,48.7,55.9,36,0,T2M,Archival,1,38.3032,-74.5052
8/23/17,2017,8,13.48880482,26.35857964,32.25452042,0.36771,36,67.9,35,0,A7M,Archival,1,38.3031,-74.6525
8/23/17,2017,8,16.67748451,25.49977112,32.18177795,0.367595275,21.4,83.3,24,0,A2M,Archival,1,38.378,-74.8051
8/24/17,2017,8,11.53226948,26.26659393,32.07633591,0.40928679,48.7,55.9,36,0,T2M,Archival,1,38.3032,-74.5052
8/24/17,2017,8,13.3591423,26.4336319,32.24081802,0.37356,36,67.9,35,0,A7M,Archival,1,38.3031,-74.6525
8/24/17,2017,8,16.74995995,26.00086021,32.23491287,0.385454178,21.4,83.3,24,0,A2M,Archival,1,38.378,-74.8051
8/25/17,2017,8,12.63120747,25.65034294,31.99255371,0.361642652,48.7,55.9,36,0,T2M,Archival,1,38.3032,-74.5052
8/25/17,2017,8,14.65052509,25.64520454,32.13238907,0.31413,36,67.9,35,0,A7M,Archival,1,38.3031,-74.6525
8/25/17,2017,8,18.07021523,25.42875671,32.22146225,0.306605895,21.4,83.3,24,0,A2M,Archival,1,38.378,-74.8051
8/26/17,2017,8,12.56459808,25.46982765,31.9098835,0.358478599,48.7,55.9,36,0,T2M,Archival,1,38.3032,-74.5052
8/26/17,2017,8,14.73039246,25.47083282,32.04829025,0.30687,36,67.9,35,0,A7M,Archival,1,38.3031,-74.6525
8/26/17,2017,8,18.41769981,25.26435852,32.23610306,0.285277446,21.4,83.3,24,0,A2M,Archival,1,38.378,-74.8051
8/27/17,2017,8,12.37921238,24.94006538,31.82041168,0.348912583,48.7,55.9,36,0,T2M,Archival,1,38.3032,-74.5052
8/27/17,2017,8,14.75062561,24.87182617,31.9337101,0.28918,36,67.9,35,0,A7M,Archival,1,38.3031,-74.6525
8/27/17,2017,8,18.59613228,24.83216858,32.25374985,0.259834846,21.4,83.3,24,0,A2M,Archival,1,38.378,-74.8051
8/28/17,2017,8,15.00645924,24.43848991,31.65727997,0.262000852,48.7,55.9,36,0,T2M,Archival,1,38.3032,-74.5052
8/28/17,2017,8,17.3345623,24.14657593,31.70932579,0.19463,36,67.9,35,0,A7M,Archival,1,38.3031,-74.6525
8/28/17,2017,8,20.57360649,24.27801514,32.08359146,0.15435036,21.4,83.3,24,0,A2M,Archival,1,38.378,-74.8051
8/29/17,2017,8,14.79947186,23.89949989,31.54690742,0.252778557,48.7,55.9,36,0,T2M,Archival,1,38.3032,-74.5052
8/29/17,2017,8,17.85419655,23.73709679,31.63594818,0.16808,36,67.9,35,0,A7M,Archival,1,38.3031,-74.6525
8/29/17,2017,8,21.1571331,23.82034111,31.90617561,0.110967,21.4,83.3,24,0,A2M,Archival,1,38.378,-74.8051
8/30/17,2017,8,15.67080021,22.20549774,31.87723351,0.181519376,48.7,55.9,36,0,T2M,Archival,1,38.3032,-74.5052
8/30/17,2017,8,19.72465706,22.92193604,31.52247047,0.09135,36,67.9,35,0,A7M,Archival,1,38.3031,-74.6525
8/30/17,2017,8,22.76634979,22.88517189,31.64351463,0.004950921,21.4,83.3,24,0,A2M,Archival,1,38.378,-74.8051
8/31/17,2017,8,14.25919056,22.28760719,31.86727715,0.223011573,48.7,55.9,36,0,T2M,Archival,1,38.3032,-74.5052
8/31/17,2017,8,17.64838409,23.6971302,31.6121769,0.17282,36,67.9,35,0,A7M,Archival,1,38.3031,-74.6525
8/31/17,2017,8,21.99904442,23.36302757,31.6339283,0.056832631,21.4,83.3,24,0,A2M,Archival,1,38.378,-74.8051
9/1/17,2017,9,13.84957027,22.92726326,31.77518463,0.252158138,48.7,55.9,36,0,T2M,Archival,1,38.3032,-74.5052
9/1/17,2017,9,16.2675972,23.71155739,31.62734413,0.21268,36,67.9,35,0,A7M,Archival,1,38.3031,-74.6525
9/1/17,2017,9,22.1271534,23.53964996,31.57014465,0.058854024,21.4,83.3,24,0,A2M,Archival,1,38.378,-74.8051
9/2/17,2017,9,14.15746784,22.2320652,31.84561157,0.224294371,48.7,55.9,36,0,T2M,Archival,1,38.3032,-74.5052
9/2/17,2017,9,16.3630352,23.02882957,31.59372902,0.19045,36,67.9,35,0,A7M,Archival,1,38.3031,-74.6525
9/2/17,2017,9,22.15043831,23.0948925,31.63317108,0.039352258,21.4,83.3,24,0,A2M,Archival,1,38.378,-74.8051
9/3/17,2017,9,12.72580242,22.01241302,31.89435005,0.257961406,48.7,55.9,36,0,T2M,Archival,1,38.3032,-74.5052
9/3/17,2017,9,15.48460007,22.62436676,31.57725334,0.20399,36,67.9,35,0,A7M,Archival,1,38.3031,-74.6525
9/3/17,2017,9,20.89585304,22.64532661,31.49810219,0.072894732,21.4,83.3,24,0,A2M,Archival,1,38.378,-74.8051
9/4/17,2017,9,12.3649826,22.07215691,31.77905846,0.269643731,48.7,55.9,36,0,T2M,Archival,1,38.3032,-74.5052
9/4/17,2017,9,14.88310146,22.43662071,31.51236725,0.21581,36,67.9,35,0,A7M,Archival,1,38.3031,-74.6525
9/4/17,2017,9,20.48553276,22.62486076,31.44704628,0.089138667,21.4,83.3,24,0,A2M,Archival,1,38.378,-74.8051
9/5/17,2017,9,12.13719082,22.51386833,31.66935158,0.288241042,48.7,55.9,36,0,T2M,Archival,1,38.3032,-74.5052
9/5/17,2017,9,13.7300024,22.75377846,31.56985474,0.25782,36,67.9,35,0,A7M,Archival,1,38.3031,-74.6525
9/5/17,2017,9,19.18771935,22.84017181,31.25604057,0.15218552,21.4,83.3,24,0,A2M,Archival,1,38.378,-74.8051
9/6/17,2017,9,13.33375072,22.63516045,31.72509766,0.258372492,48.7,55.9,36,0,T2M,Archival,1,38.3032,-74.5052
9/6/17,2017,9,13.84282398,22.76731873,31.64066505,0.25499,36,67.9,35,0,A7M,Archival,1,38.3031,-74.6525
9/6/17,2017,9,17.26675987,22.71037865,31.19455147,0.226817449,21.4,83.3,24,0,A2M,Archival,1,38.378,-74.8051
9/7/17,2017,9,13.59949875,22.43634224,31.68847847,0.245467875,48.7,55.9,36,0,T2M,Archival,1,38.3032,-74.5052
9/7/17,2017,9,13.8946619,22.57759857,31.56375885,0.24808,36,67.9,35,0,A7M,Archival,1,38.3031,-74.6525
9/7/17,2017,9,16.94229698,22.55654335,31.18906212,0.233926932,21.4,83.3,24,0,A2M,Archival,1,38.378,-74.8051
9/8/17,2017,9,13.82149601,22.20372581,31.694664,0.232839717,48.7,55.9,36,0,T2M,Archival,1,38.3032,-74.5052
9/8/17,2017,9,14.04644775,22.39062309,31.54044151,0.23841,36,67.9,35,0,A7M,Archival,1,38.3031,-74.6525
9/8/17,2017,9,17.33688927,22.33760262,31.16994667,0.208363056,21.4,83.3,24,0,A2M,Archival,1,38.378,-74.8051
9/9/17,2017,9,13.79746628,22.11080742,31.77218819,0.230926143,48.7,55.9,36,0,T2M,Archival,1,38.3032,-74.5052
9/9/17,2017,9,14.02439976,22.31746864,31.59301567,0.23694,36,67.9,35,0,A7M,Archival,1,38.3031,-74.6525
9/9/17,2017,9,17.23585129,22.25852013,31.2176075,0.209277868,21.4,83.3,24,0,A2M,Archival,1,38.378,-74.8051
9/10/17,2017,9,13.57842159,21.80854034,31.77848816,0.22861441,48.7,55.9,36,0,T2M,Archival,1,38.3032,-74.5052
9/10/17,2017,9,14.40403461,22.00333595,31.60957527,0.21712,36,67.9,35,0,A7M,Archival,1,38.3031,-74.6525
9/10/17,2017,9,18.10170937,22.0940876,31.3596859,0.166349093,21.4,83.3,24,0,A2M,Archival,1,38.378,-74.8051
9/11/17,2017,9,13.16370773,21.59830284,31.80964851,0.234294309,48.7,55.9,36,0,T2M,Archival,1,38.3032,-74.5052
9/11/17,2017,9,15.15757275,21.67338371,31.60381889,0.18617,36,67.9,35,0,A7M,Archival,1,38.3031,-74.6525
9/11/17,2017,9,19.16715813,21.9046917,31.44369698,0.114063899,21.4,83.3,24,0,A2M,Archival,1,38.378,-74.8051
9/12/17,2017,9,15.03299999,21.83621407,31.75821495,0.188978169,48.7,55.9,36,0,T2M,Archival,1,38.3032,-74.5052
9/12/17,2017,9,16.97763634,21.76615334,31.48966217,0.13681,36,67.9,35,0,A7M,Archival,1,38.3031,-74.6525
9/12/17,2017,9,20.52900696,21.94165993,31.22659111,0.05886054,21.4,83.3,24,0,A2M,Archival,1,38.378,-74.8051
9/13/17,2017,9,14.91578579,21.9069519,31.67407227,0.194199059,48.7,55.9,36,0,T2M,Archival,1,38.3032,-74.5052
9/13/17,2017,9,16.84314156,21.86834908,31.44294548,0.14358,36,67.9,35,0,A7M,Archival,1,38.3031,-74.6525
9/13/17,2017,9,20.05900002,21.97562408,31.14352989,0.079859336,21.4,83.3,24,0,A2M,Archival,1,38.378,-74.8051
9/14/17,2017,9,14.56078053,21.92687416,31.57247353,0.204613712,48.7,55.9,36,0,T2M,Archival,1,38.3032,-74.5052
9/14/17,2017,9,16.39668083,21.92120171,31.37526703,0.15784,36,67.9,35,0,A7M,Archival,1,38.3031,-74.6525
9/14/17,2017,9,19.34483147,22.14560699,30.93847847,0.11669898,21.4,83.3,24,0,A2M,Archival,1,38.378,-74.8051
9/15/17,2017,9,14.63656235,22.23835182,31.51872253,0.211160819,48.7,55.9,36,0,T2M,Archival,1,38.3032,-74.5052
9/15/17,2017,9,16.26046181,22.30200195,31.3620224,0.17262,36,67.9,35,0,A7M,Archival,1,38.3031,-74.6525
9/15/17,2017,9,18.94069099,22.52693748,30.83305931,0.149426937,21.4,83.3,24,0,A2M,Archival,1,38.378,-74.8051
9/16/17,2017,9,14.69039917,22.34957886,31.48834038,0.212754991,48.7,55.9,36,0,T2M,Archival,1,38.3032,-74.5052
9/16/17,2017,9,16.03088188,22.45444298,31.3469162,0.18353,36,67.9,35,0,A7M,Archival,1,38.3031,-74.6525
9/16/17,2017,9,18.71921349,22.62774658,30.90334511,0.162855546,21.4,83.3,24,0,A2M,Archival,1,38.378,-74.8051
9/17/17,2017,9,14.69678497,22.37585258,31.47626495,0.213307434,48.7,55.9,36,0,T2M,Archival,1,38.3032,-74.5052
9/17/17,2017,9,16.01897621,22.44585419,31.36682892,0.18363,36,67.9,35,0,A7M,Archival,1,38.3031,-74.6525
9/17/17,2017,9,18.67240143,22.57563019,30.99276543,0.162634532,21.4,83.3,24,0,A2M,Archival,1,38.378,-74.8051
9/18/17,2017,9,15.99925518,22.55632973,31.53335381,0.18214096,48.7,55.9,36,0,T2M,Archival,1,38.3032,-74.5052
9/18/17,2017,9,16.98140907,22.59558868,31.40976524,0.16041,36,67.9,35,0,A7M,Archival,1,38.3031,-74.6525
9/18/17,2017,9,19.69379425,22.74048805,31.05164337,0.126945575,21.4,83.3,24,0,A2M,Archival,1,38.378,-74.8051
9/19/17,2017,9,16.2937336,22.27176094,31.36675072,0.166056315,48.7,55.9,36,0,T2M,Archival,1,38.3032,-74.5052
9/19/17,2017,9,17.90558434,22.3449955,31.38441277,0.12684,36,67.9,35,0,A7M,Archival,1,38.3031,-74.6525
9/19/17,2017,9,21.31935692,22.39250755,31.17795372,0.04471461,21.4,83.3,24,0,A2M,Archival,1,38.378,-74.8051
9/20/17,2017,9,16.76857567,20.82516289,31.62047386,0.112682978,48.7,55.9,36,0,T2M,Archival,1,38.3032,-74.5052
9/20/17,2017,9,20.79403877,21.63645172,31.13147545,0.02407,36,67.9,35,0,A7M,Archival,1,38.3031,-74.6525
9/20/17,2017,9,21.68426514,21.74223137,31.27815056,0.00241526,21.4,83.3,24,0,A2M,Archival,1,38.378,-74.8051
9/21/17,2017,9,16.48120308,20.59546852,31.57414246,0.114285151,48.7,55.9,36,0,T2M,Archival,1,38.3032,-74.5052
9/21/17,2017,9,20.01500702,21.33170319,31.11880684,0.03762,36,67.9,35,0,A7M,Archival,1,38.3031,-74.6525
9/21/17,2017,9,20.65662956,22.0402298,31.19618034,0.05765001,21.4,83.3,24,0,A2M,Archival,1,38.378,-74.8051
9/22/17,2017,9,16.32398415,20.81889343,31.43096161,0.124858591,48.7,55.9,36,0,T2M,Archival,1,38.3032,-74.5052
9/22/17,2017,9,19.22307396,21.38040924,31.08150482,0.06164,36,67.9,35,0,A7M,Archival,1,38.3031,-74.6525
9/22/17,2017,9,20.72574615,22.37493324,31.13626289,0.068716129,21.4,83.3,24,0,A2M,Archival,1,38.378,-74.8051
9/23/17,2017,9,15.43569946,20.94107437,31.2798481,0.152927081,48.7,55.9,36,0,T2M,Archival,1,38.3032,-74.5052
9/23/17,2017,9,18.81707764,21.26374054,31.00538063,0.0699,36,67.9,35,0,A7M,Archival,1,38.3031,-74.6525
9/23/17,2017,9,20.83507347,22.32341003,31.21510506,0.062014023,21.4,83.3,24,0,A2M,Archival,1,38.378,-74.8051
9/24/17,2017,9,15.77153683,20.75927925,31.28242493,0.138548401,48.7,55.9,36,0,T2M,Archival,1,38.3032,-74.5052
9/24/17,2017,9,18.05180168,21.22233391,31.11830711,0.09059,36,67.9,35,0,A7M,Archival,1,38.3031,-74.6525
9/24/17,2017,9,20.58658791,22.33821678,30.98955536,0.072984536,21.4,83.3,24,0,A2M,Archival,1,38.378,-74.8051
9/25/17,2017,9,16.00563622,20.81069374,31.28340721,0.13347382,48.7,55.9,36,0,T2M,Archival,1,38.3032,-74.5052
9/25/17,2017,9,17.75059319,21.20443726,31.16282082,0.09868,36,67.9,35,0,A7M,Archival,1,38.3031,-74.6525
9/25/17,2017,9,20.47456169,22.15802574,30.98592567,0.070144335,21.4,83.3,24,0,A2M,Archival,1,38.378,-74.8051
9/26/17,2017,9,16.07536507,20.75213432,31.40944099,0.129910257,48.7,55.9,36,0,T2M,Archival,1,38.3032,-74.5052
9/26/17,2017,9,17.85979462,20.87825584,31.22511101,0.08624,36,67.9,35,0,A7M,Archival,1,38.3031,-74.6525
9/26/17,2017,9,20.4732151,21.72405815,31.15143585,0.05211846,21.4,83.3,24,0,A2M,Archival,1,38.378,-74.8051
9/27/17,2017,9,16.88333893,21.08879852,31.64551353,0.116818322,48.7,55.9,36,0,T2M,Archival,1,38.3032,-74.5052
9/27/17,2017,9,18.91222572,21.35016632,31.37117958,0.06966,36,67.9,35,0,A7M,Archival,1,38.3031,-74.6525
9/27/17,2017,9,21.7461853,21.98274422,31.22177315,0.009856621,21.4,83.3,24,0,A2M,Archival,1,38.378,-74.8051
9/28/17,2017,9,17.35987282,20.81015968,31.98575783,0.095841302,48.7,55.9,36,0,T2M,Archival,1,38.3032,-74.5052
9/28/17,2017,9,20.02570152,21.35874939,31.42913818,0.03809,36,67.9,35,0,A7M,Archival,1,38.3031,-74.6525
9/28/17,2017,9,21.93925285,21.96412849,31.26876068,0.001036485,21.4,83.3,24,0,A2M,Archival,1,38.378,-74.8051
9/29/17,2017,9,17.49434471,20.56353951,32.23228455,0.085255411,48.7,55.9,36,0,T2M,Archival,1,38.3032,-74.5052
9/29/17,2017,9,20.56224251,21.35252953,31.51197243,0.02258,36,67.9,35,0,A7M,Archival,1,38.3031,-74.6525
9/29/17,2017,9,22.04519463,22.08629036,31.35737419,0.001712322,21.4,83.3,24,0,A2M,Archival,1,38.378,-74.8051
9/30/17,2017,9,17.59979057,20.38537025,32.14770126,0.077377213,48.7,55.9,36,0,T2M,Archival,1,38.3032,-74.5052
9/30/17,2017,9,19.58735275,21.16975975,31.49944496,0.04521,36,67.9,35,0,A7M,Archival,1,38.3031,-74.6525
9/30/17,2017,9,21.30120468,21.8863163,31.33353424,0.024379651,21.4,83.3,24,0,A2M,Archival,1,38.378,-74.8051
10/1/17,2017,10,17.82776833,19.4337616,32.34171295,0.044610924,48.7,55.9,36,0,T2M,Archival,1,38.3032,-74.5052
10/1/17,2017,10,19.55749512,20.18871498,31.64485359,0.01803,36,67.9,35,0,A7M,Archival,1,38.3031,-74.6525
10/1/17,2017,10,21.33105278,21.3296032,31.35420036,-6.04E-05,21.4,83.3,24,0,A2M,Archival,1,38.378,-74.8051
10/2/17,2017,10,17.95322609,19.58923912,32.55230331,0.045444806,48.7,55.9,36,0,T2M,Archival,1,38.3032,-74.5052
10/2/17,2017,10,20.07583809,20.20831871,31.72533417,0.00379,36,67.9,35,0,A7M,Archival,1,38.3031,-74.6525
10/2/17,2017,10,21.16915703,21.20245934,31.38961029,0.001387596,21.4,83.3,24,0,A2M,Archival,1,38.378,-74.8051
10/3/17,2017,10,16.31456184,19.45480919,32.39908218,0.087229093,48.7,55.9,36,0,T2M,Archival,1,38.3032,-74.5052
10/3/17,2017,10,18.16266632,19.9425087,31.57094002,0.05085,36,67.9,35,0,A7M,Archival,1,38.3031,-74.6525
10/3/17,2017,10,19.92933273,20.90570068,31.2693634,0.040681998,21.4,83.3,24,0,A2M,Archival,1,38.378,-74.8051
10/4/17,2017,10,16.62089348,19.43310165,32.41516113,0.078116894,48.7,55.9,36,0,T2M,Archival,1,38.3032,-74.5052
10/4/17,2017,10,18.19567299,19.92093849,31.57175636,0.04929,36,67.9,35,0,A7M,Archival,1,38.3031,-74.6525
10/4/17,2017,10,19.96819496,20.7328701,31.23990822,0.031861464,21.4,83.3,24,0,A2M,Archival,1,38.378,-74.8051
10/5/17,2017,10,16.45738792,19.63387489,32.2941246,0.088235749,48.7,55.9,36,0,T2M,Archival,1,38.3032,-74.5052
10/5/17,2017,10,17.78133583,20.16195869,31.51903534,0.06802,36,67.9,35,0,A7M,Archival,1,38.3031,-74.6525
10/5/17,2017,10,20.01125336,20.75471306,31.20586586,0.030977488,21.4,83.3,24,0,A2M,Archival,1,38.378,-74.8051
10/6/17,2017,10,16.22234535,20.76209831,31.8357296,0.126104249,48.7,55.9,36,0,T2M,Archival,1,38.3032,-74.5052
10/6/17,2017,10,17.32195473,21.310112,31.52569389,0.11395,36,67.9,35,0,A7M,Archival,1,38.3031,-74.6525
10/6/17,2017,10,20.05773354,21.33654594,31.18393135,0.05328385,21.4,83.3,24,0,A2M,Archival,1,38.378,-74.8051
10/7/17,2017,10,16.1684494,21.23068619,31.75303459,0.140617688,48.7,55.9,36,0,T2M,Archival,1,38.3032,-74.5052
10/7/17,2017,10,17.13729668,21.75793648,31.42099571,0.13202,36,67.9,35,0,A7M,Archival,1,38.3031,-74.6525
10/7/17,2017,10,19.38960266,21.7285614,31.11421204,0.097456614,21.4,83.3,24,0,A2M,Archival,1,38.378,-74.8051
10/8/17,2017,10,15.91395187,21.5368576,31.71851158,0.156191826,48.7,55.9,36,0,T2M,Archival,1,38.3032,-74.5052
10/8/17,2017,10,16.95124435,22.01424217,31.30382538,0.14466,36,67.9,35,0,A7M,Archival,1,38.3031,-74.6525
10/8/17,2017,10,19.02444077,22.05748177,31.06224823,0.126376708,21.4,83.3,24,0,A2M,Archival,1,38.378,-74.8051
10/9/17,2017,10,15.40928364,21.80911446,31.6753521,0.177773078,48.7,55.9,36,0,T2M,Archival,1,38.3032,-74.5052
10/9/17,2017,10,16.76449776,22.15690422,31.37563515,0.15407,36,67.9,35,0,A7M,Archival,1,38.3031,-74.6525
10/9/17,2017,10,19.2329464,22.28390503,31.08817291,0.127123276,21.4,83.3,24,0,A2M,Archival,1,38.378,-74.8051
10/10/17,2017,10,15.1824255,22.11938477,31.51138878,0.192693313,48.7,55.9,36,0,T2M,Archival,1,38.3032,-74.5052
10/10/17,2017,10,16.22084808,22.38668633,31.37438202,0.17617,36,67.9,35,0,A7M,Archival,1,38.3031,-74.6525
10/10/17,2017,10,18.79710197,22.30638313,31.15011024,0.146220048,21.4,83.3,24,0,A2M,Archival,1,38.378,-74.8051
10/11/17,2017,10,15.05988407,22.11860466,31.51223946,0.196075572,48.7,55.9,36,0,T2M,Archival,1,38.3032,-74.5052
10/11/17,2017,10,15.89775562,22.38316536,31.39569092,0.1853,36,67.9,35,0,A7M,Archival,1,38.3031,-74.6525
10/11/17,2017,10,18.55986214,22.39011955,31.20817757,0.159594059,21.4,83.3,24,0,A2M,Archival,1,38.378,-74.8051
10/12/17,2017,10,17.66844177,20.60940742,31.52121925,0.08169349,48.7,55.9,36,0,T2M,Archival,1,38.3032,-74.5052
10/12/17,2017,10,18.05334282,20.91729164,31.39214325,0.08183,36,67.9,35,0,A7M,Archival,1,38.3031,-74.6525
10/12/17,2017,10,19.29025078,21.26755333,31.25210762,0.082387606,21.4,83.3,24,0,A2M,Archival,1,38.378,-74.8051
10/13/17,2017,10,18.13888741,19.57459259,31.97134209,0.0398807,48.7,55.9,36,0,T2M,Archival,1,38.3032,-74.5052
10/13/17,2017,10,19.49144173,20.08500481,31.57803154,0.01696,36,67.9,35,0,A7M,Archival,1,38.3031,-74.6525
10/13/17,2017,10,20.57312202,20.57858467,31.25732613,0.00022761,21.4,83.3,24,0,A2M,Archival,1,38.378,-74.8051
10/14/17,2017,10,18.30907631,19.59983063,32.04120636,0.035854287,48.7,55.9,36,0,T2M,Archival,1,38.3032,-74.5052
10/14/17,2017,10,19.91254997,20.06273842,31.593256,0.00429,36,67.9,35,0,A7M,Archival,1,38.3031,-74.6525
10/14/17,2017,10,20.67917824,20.75547981,31.12883759,0.003179232,21.4,83.3,24,0,A2M,Archival,1,38.378,-74.8051
10/15/17,2017,10,18.15380096,19.79922867,31.97854042,0.045706325,48.7,55.9,36,0,T2M,Archival,1,38.3032,-74.5052
10/15/17,2017,10,19.16453934,20.06921387,31.57670593,0.02585,36,67.9,35,0,A7M,Archival,1,38.3031,-74.6525
10/15/17,2017,10,19.9742775,20.5873394,31.00121307,0.025544246,21.4,83.3,24,0,A2M,Archival,1,38.378,-74.8051
10/16/17,2017,10,18.05556297,19.87011147,31.83844566,0.050404125,48.7,55.9,36,0,T2M,Archival,1,38.3032,-74.5052
10/16/17,2017,10,18.92488289,20.38022804,31.32406807,0.04158,36,67.9,35,0,A7M,Archival,1,38.3031,-74.6525
10/16/17,2017,10,19.90584755,20.70893669,30.77198601,0.033462048,21.4,83.3,24,0,A2M,Archival,1,38.378,-74.8051
10/17/17,2017,10,18.09461784,19.21265602,31.95803261,0.031056616,48.7,55.9,36,0,T2M,Archival,1,38.3032,-74.5052
10/17/17,2017,10,18.85128021,19.44153214,31.61378479,0.01686,36,67.9,35,0,A7M,Archival,1,38.3031,-74.6525
10/17/17,2017,10,19.90183449,19.908741,31.09728241,0.000287771,21.4,83.3,24,0,A2M,Archival,1,38.378,-74.8051
10/18/17,2017,10,18.09773445,19.42040443,32.12182236,0.036740833,48.7,55.9,36,0,T2M,Archival,1,38.3032,-74.5052
10/18/17,2017,10,19.20981598,19.69171333,31.67266655,0.01377,36,67.9,35,0,A7M,Archival,1,38.3031,-74.6525
10/18/17,2017,10,19.89348221,19.91389465,31.21567535,0.000850519,21.4,83.3,24,0,A2M,Archival,1,38.378,-74.8051
10/19/17,2017,10,18.1251812,19.42042923,32.09324265,0.035979112,48.7,55.9,36,0,T2M,Archival,1,38.3032,-74.5052
10/19/17,2017,10,19.12795067,19.65340996,31.66510963,0.01501,36,67.9,35,0,A7M,Archival,1,38.3031,-74.6525
10/19/17,2017,10,19.8985157,19.82785225,31.01346588,-0.002944311,21.4,83.3,24,0,A2M,Archival,1,38.378,-74.8051
10/20/17,2017,10,18.18347931,19.4349823,32.05973816,0.034763972,48.7,55.9,36,0,T2M,Archival,1,38.3032,-74.5052
10/20/17,2017,10,18.88681984,19.63054276,31.63168335,0.02125,36,67.9,35,0,A7M,Archival,1,38.3031,-74.6525
10/20/17,2017,10,19.88646889,19.75038338,30.84976006,-0.00567023,21.4,83.3,24,0,A2M,Archival,1,38.378,-74.8051
10/21/17,2017,10,17.48677444,19.05016136,32.1466217,0.043427414,48.7,55.9,36,0,T2M,Archival,1,38.3032,-74.5052
10/21/17,2017,10,17.83704376,19.27652931,31.79139137,0.04113,36,67.9,35,0,A7M,Archival,1,38.3031,-74.6525
10/21/17,2017,10,18.90328026,19.34808159,30.90605927,0.018533389,21.4,83.3,24,0,A2M,Archival,1,38.378,-74.8051
10/22/17,2017,10,17.50440788,19.00623131,32.18286514,0.041717317,48.7,55.9,36,0,T2M,Archival,1,38.3032,-74.5052
10/22/17,2017,10,17.78349876,19.23903656,31.82911491,0.04159,36,67.9,35,0,A7M,Archival,1,38.3031,-74.6525
10/22/17,2017,10,18.80051422,19.32562637,30.9169445,0.021879673,21.4,83.3,24,0,A2M,Archival,1,38.378,-74.8051
10/23/17,2017,10,17.48143768,18.97313499,32.19407654,0.041436036,48.7,55.9,36,0,T2M,Archival,1,38.3032,-74.5052
10/23/17,2017,10,17.84153366,19.16843987,31.85566521,0.03791,36,67.9,35,0,A7M,Archival,1,38.3031,-74.6525
10/23/17,2017,10,18.68712616,19.31437874,30.99928093,0.026135524,21.4,83.3,24,0,A2M,Archival,1,38.378,-74.8051
10/24/17,2017,10,17.18008995,19.19272041,32.27954483,0.055906402,48.7,55.9,36,0,T2M,Archival,1,38.3032,-74.5052
10/24/17,2017,10,17.77516747,19.41258049,31.89333344,0.04678,36,67.9,35,0,A7M,Archival,1,38.3031,-74.6525
10/24/17,2017,10,18.54889679,19.57299232,31.0841465,0.042670647,21.4,83.3,24,0,A2M,Archival,1,38.378,-74.8051
10/25/17,2017,10,16.99915123,19.25083923,32.11161423,0.062546889,48.7,55.9,36,0,T2M,Archival,1,38.3032,-74.5052
10/25/17,2017,10,17.59696579,19.55838585,31.5714283,0.05604,36,67.9,35,0,A7M,Archival,1,38.3031,-74.6525
10/25/17,2017,10,18.42473793,19.63697624,31.13715935,0.05050993,21.4,83.3,24,0,A2M,Archival,1,38.378,-74.8051
10/26/17,2017,10,16.98301125,18.99712372,32.14419937,0.055947569,48.7,55.9,36,0,T2M,Archival,1,38.3032,-74.5052
10/26/17,2017,10,17.61717987,19.09512901,31.71274757,0.04223,36,67.9,35,0,A7M,Archival,1,38.3031,-74.6525
10/26/17,2017,10,18.59387779,19.22493362,31.23968506,0.026293993,21.4,83.3,24,0,A2M,Archival,1,38.378,-74.8051
10/27/17,2017,10,17.70037842,18.90896416,32.20257568,0.033571826,48.7,55.9,36,0,T2M,Archival,1,38.3032,-74.5052
10/27/17,2017,10,18.12890053,19.07523537,31.84106445,0.02704,36,67.9,35,0,A7M,Archival,1,38.3031,-74.6525
10/27/17,2017,10,19.2082653,19.19492149,31.26986122,-0.000555992,21.4,83.3,24,0,A2M,Archival,1,38.378,-74.8051
10/28/17,2017,10,18.15744781,18.81804085,32.24412918,0.018349806,48.7,55.9,36,0,T2M,Archival,1,38.3032,-74.5052
10/28/17,2017,10,18.31807518,19.02027702,31.84671593,0.02006,36,67.9,35,0,A7M,Archival,1,38.3031,-74.6525
10/28/17,2017,10,19.19506073,19.03111839,31.2183094,-0.006830931,21.4,83.3,24,0,A2M,Archival,1,38.378,-74.8051
10/29/17,2017,10,18.21203423,18.8543663,32.10318756,0.017842558,48.7,55.9,36,0,T2M,Archival,1,38.3032,-74.5052
10/29/17,2017,10,18.37470436,19.06169319,31.72631645,0.01963,36,67.9,35,0,A7M,Archival,1,38.3031,-74.6525
10/29/17,2017,10,19.02049255,19.10178185,31.23119354,0.003387054,21.4,83.3,24,0,A2M,Archival,1,38.378,-74.8051
10/30/17,2017,10,17.55152321,19.04353905,31.95926476,0.041444884,48.7,55.9,36,0,T2M,Archival,1,38.3032,-74.5052
10/30/17,2017,10,18.02794456,19.08074951,31.65435028,0.03008,36,67.9,35,0,A7M,Archival,1,38.3031,-74.6525
10/30/17,2017,10,18.80130196,18.99152184,31.2715168,0.007925828,21.4,83.3,24,0,A2M,Archival,1,38.378,-74.8051
10/31/17,2017,10,18.49377251,18.62443352,32.22115326,0.003629473,48.7,55.9,36,0,T2M,Archival,1,38.3032,-74.5052
10/31/17,2017,10,18.43783951,18.67594147,31.87721825,0.0068,36,67.9,35,0,A7M,Archival,1,38.3031,-74.6525
10/31/17,2017,10,18.95626259,18.60130119,31.68543816,-0.014790058,21.4,83.3,24,0,A2M,Archival,1,38.378,-74.8051
11/1/17,2017,11,18.69831467,18.51883125,32.3384552,-0.00498565,48.7,55.9,36,0,T2M,Archival,1,38.3032,-74.5052
11/1/17,2017,11,18.75532532,18.54171944,31.9933567,-0.0061,36,67.9,35,0,A7M,Archival,1,38.3031,-74.6525
11/1/17,2017,11,19.01906013,18.41590691,31.87684441,-0.025131385,21.4,83.3,24,0,A2M,Archival,1,38.378,-74.8051
11/2/17,2017,11,18.9026432,18.42327309,32.27240753,-0.013315837,48.7,55.9,36,0,T2M,Archival,1,38.3032,-74.5052
11/2/17,2017,11,18.63120842,18.41504097,31.99309349,-0.00618,36,67.9,35,0,A7M,Archival,1,38.3031,-74.6525
11/2/17,2017,11,18.73710442,18.29316902,31.81668091,-0.018497308,21.4,83.3,24,0,A2M,Archival,1,38.378,-74.8051
11/3/17,2017,11,18.76247597,18.43571281,32.22299957,-0.009076754,48.7,55.9,36,0,T2M,Archival,1,38.3032,-74.5052
11/3/17,2017,11,18.66998482,18.46065712,31.94983673,-0.00598,36,67.9,35,0,A7M,Archival,1,38.3031,-74.6525
11/3/17,2017,11,18.67946243,18.33852577,31.79659081,-0.014205694,21.4,83.3,24,0,A2M,Archival,1,38.378,-74.8051
11/4/17,2017,11,18.72018242,18.26693535,32.18514633,-0.012590196,48.7,55.9,36,0,T2M,Archival,1,38.3032,-74.5052
11/4/17,2017,11,18.71057892,18.27815437,31.99086952,-0.01235,36,67.9,35,0,A7M,Archival,1,38.3031,-74.6525
11/4/17,2017,11,18.57664108,18.18773651,31.82421112,-0.016204357,21.4,83.3,24,0,A2M,Archival,1,38.378,-74.8051
11/5/17,2017,11,18.21304512,17.90219116,32.17338181,-0.008634832,48.7,55.9,36,0,T2M,Archival,1,38.3032,-74.5052
11/5/17,2017,11,18.53629875,17.9546299,31.97626305,-0.01662,36,67.9,35,0,A7M,Archival,1,38.3031,-74.6525
11/5/17,2017,11,18.17828941,18.05137253,31.78082085,-0.005288204,21.4,83.3,24,0,A2M,Archival,1,38.378,-74.8051
11/6/17,2017,11,17.55014801,17.7923069,32.03384399,0.006726636,48.7,55.9,36,0,T2M,Archival,1,38.3032,-74.5052
11/6/17,2017,11,18.42091179,17.87826347,31.80589485,-0.0155,36,67.9,35,0,A7M,Archival,1,38.3031,-74.6525
11/6/17,2017,11,18.04970169,18.03416252,31.59501839,-0.000647465,21.4,83.3,24,0,A2M,Archival,1,38.378,-74.8051
11/7/17,2017,11,17.66834831,17.71509743,32.01206589,0.001298587,48.7,55.9,36,0,T2M,Archival,1,38.3032,-74.5052
11/7/17,2017,11,18.3018856,17.87005424,31.84963989,-0.01234,36,67.9,35,0,A7M,Archival,1,38.3031,-74.6525
11/7/17,2017,11,18.05552864,17.92220879,31.56173706,-0.005554994,21.4,83.3,24,0,A2M,Archival,1,38.378,-74.8051
11/8/17,2017,11,18.56992149,17.71115685,31.95623589,-0.023854574,48.7,55.9,36,0,T2M,Archival,1,38.3032,-74.5052
11/8/17,2017,11,18.41202164,17.67697334,31.79250336,-0.021,36,67.9,35,0,A7M,Archival,1,38.3031,-74.6525
11/8/17,2017,11,17.86754227,17.812994,31.60304832,-0.002272844,21.4,83.3,24,0,A2M,Archival,1,38.378,-74.8051
11/9/17,2017,11,18.21787643,17.66251373,32.27706146,-0.015426742,48.7,55.9,36,0,T2M,Archival,1,38.3032,-74.5052
11/9/17,2017,11,17.42676353,17.37909508,31.72933197,-0.00136,36,67.9,35,0,A7M,Archival,1,38.3031,-74.6525
11/9/17,2017,11,17.42541695,17.40319824,31.54427338,-0.000925779,21.4,83.3,24,0,A2M,Archival,1,38.378,-74.8051
11/10/17,2017,11,18.10666847,17.49214935,32.37256622,-0.017069976,48.7,55.9,36,0,T2M,Archival,1,38.3032,-74.5052
11/10/17,2017,11,17.39445114,17.23728371,31.7779007,-0.00449,36,67.9,35,0,A7M,Archival,1,38.3031,-74.6525
11/10/17,2017,11,17.16512108,17.06933784,31.48931313,-0.003990968,21.4,83.3,24,0,A2M,Archival,1,38.378,-74.8051
11/11/17,2017,11,17.91832161,17.0158844,32.4563942,-0.0250677,48.7,55.9,36,0,T2M,Archival,1,38.3032,-74.5052
11/11/17,2017,11,16.9580822,16.89599609,31.88926888,-0.00177,36,67.9,35,0,A7M,Archival,1,38.3031,-74.6525
11/11/17,2017,11,16.62415886,16.56854057,31.58312988,-0.002317429,21.4,83.3,24,0,A2M,Archival,1,38.378,-74.8051
11/12/17,2017,11,17.11796951,16.85876656,32.45840073,-0.007200082,48.7,55.9,36,0,T2M,Archival,1,38.3032,-74.5052
11/12/17,2017,11,16.77873421,16.75332451,31.93977356,-0.00073,36,67.9,35,0,A7M,Archival,1,38.3031,-74.6525
11/12/17,2017,11,16.39721107,16.35709,31.61602783,-0.001671712,21.4,83.3,24,0,A2M,Archival,1,38.378,-74.8051
11/13/17,2017,11,17.02392006,16.76362801,32.41906357,-0.007230335,48.7,55.9,36,0,T2M,Archival,1,38.3032,-74.5052
11/13/17,2017,11,16.77891541,16.69374847,31.96135521,-0.00243,36,67.9,35,0,A7M,Archival,1,38.3031,-74.6525
11/13/17,2017,11,16.31945419,16.18073082,31.54956055,-0.005780141,21.4,83.3,24,0,A2M,Archival,1,38.378,-74.8051
11/14/17,2017,11,15.40904999,15.79752445,32.39207458,0.010790957,48.7,55.9,36,0,T2M,Archival,1,38.3032,-74.5052
11/14/17,2017,11,14.8927269,15.64041233,31.99401093,0.02136,36,67.9,35,0,A7M,Archival,1,38.3031,-74.6525
11/14/17,2017,11,14.97439289,15.29433727,31.68492889,0.013331016,21.4,83.3,24,0,A2M,Archival,1,38.378,-74.8051
11/15/17,2017,11,15.42714024,15.40547562,32.54299545,-0.000601795,48.7,55.9,36,0,T2M,Archival,1,38.3032,-74.5052
11/15/17,2017,11,14.81800365,14.87994766,31.96019173,0.00177,36,67.9,35,0,A7M,Archival,1,38.3031,-74.6525
11/15/17,2017,11,14.82877636,14.79987431,31.63554955,-0.001204252,21.4,83.3,24,0,A2M,Archival,1,38.378,-74.8051
11/16/17,2017,11,15.31868744,15.25380993,32.47154617,-0.001802153,48.7,55.9,36,0,T2M,Archival,1,38.3032,-74.5052
11/16/17,2017,11,14.67985439,14.59220219,31.922472,-0.0025,36,67.9,35,0,A7M,Archival,1,38.3031,-74.6525
11/16/17,2017,11,14.45203114,14.36533737,31.5176487,-0.00361224,21.4,83.3,24,0,A2M,Archival,1,38.378,-74.8051
11/17/17,2017,11,15.69218731,15.68421936,32.47060394,-0.000221332,48.7,55.9,36,0,T2M,Archival,1,38.3032,-74.5052
11/17/17,2017,11,15.26324558,15.12896729,31.97677803,-0.00384,36,67.9,35,0,A7M,Archival,1,38.3031,-74.6525
11/17/17,2017,11,14.6523428,14.56785107,31.46059608,-0.003520489,21.4,83.3,24,0,A2M,Archival,1,38.378,-74.8051
11/18/17,2017,11,15.73082447,15.49883556,32.47573471,-0.006444136,48.7,55.9,36,0,T2M,Archival,1,38.3032,-74.5052
11/18/17,2017,11,15.13301373,15.08586502,32.051754,-0.00135,36,67.9,35,0,A7M,Archival,1,38.3031,-74.6525
11/18/17,2017,11,14.3582983,14.30947876,31.41533089,-0.002034148,21.4,83.3,24,0,A2M,Archival,1,38.378,-74.8051
11/19/17,2017,11,15.62157154,15.47567368,32.49663925,-0.004052718,48.7,55.9,36,0,T2M,Archival,1,38.3032,-74.5052
11/19/17,2017,11,15.19595337,15.14725876,32.06847763,-0.00139,36,67.9,35,0,A7M,Archival,1,38.3031,-74.6525
11/19/17,2017,11,14.58283901,14.57147503,31.56837463,-0.000473499,21.4,83.3,24,0,A2M,Archival,1,38.378,-74.8051
11/20/17,2017,11,15.5405035,15.44292736,32.64244461,-0.002710448,48.7,55.9,36,0,T2M,Archival,1,38.3032,-74.5052
11/20/17,2017,11,15.35693645,15.12164307,32.21073914,-0.00672,36,67.9,35,0,A7M,Archival,1,38.3031,-74.6525
11/20/17,2017,11,14.46811008,14.39273834,31.58918762,-0.003140489,21.4,83.3,24,0,A2M,Archival,1,38.378,-74.8051
11/21/17,2017,11,15.33417416,15.27761364,32.75102615,-0.001571125,48.7,55.9,36,0,T2M,Archival,1,38.3032,-74.5052
11/21/17,2017,11,15.4123764,14.91878605,32.31041718,-0.0141,36,67.9,35,0,A7M,Archival,1,38.3031,-74.6525
11/21/17,2017,11,14.23181534,13.96062469,31.53012085,-0.01129961,21.4,83.3,24,0,A2M,Archival,1,38.378,-74.8051
11/22/17,2017,11,14.53540325,15.24075317,32.76980972,0.019593053,48.7,55.9,36,0,T2M,Archival,1,38.3032,-74.5052
11/22/17,2017,11,15.3820076,14.85979462,32.33627701,-0.01492,36,67.9,35,0,A7M,Archival,1,38.3031,-74.6525
11/22/17,2017,11,14.77200794,14.21369267,31.75263405,-0.023263137,21.4,83.3,24,0,A2M,Archival,1,38.378,-74.8051
11/23/17,2017,11,14.35983372,15.02145863,32.98746109,0.01837847,48.7,55.9,36,0,T2M,Archival,1,38.3032,-74.5052
11/23/17,2017,11,15.06450367,14.68367386,32.6749115,-0.01088,36,67.9,35,0,A7M,Archival,1,38.3031,-74.6525
11/23/17,2017,11,14.35922623,13.65419102,31.83188629,-0.029376467,21.4,83.3,24,0,A2M,Archival,1,38.378,-74.8051
11/24/17,2017,11,15.03350353,14.46501064,32.7113266,-0.01624,36,67.9,35,1,A7M,Archival,1,38.3031,-74.6525
5/27/21,2021,5,12.92559528,17.99800873,31.9664135,0.133484564,36,67.9,38,0,RTWB,Real Time,2,38.3031,-74.645
5/28/21,2021,5,13.00480747,18.17038155,31.98113823,0.13593616,36,67.9,38,0,RTWB,Real Time,2,38.3031,-74.645
5/29/21,2021,5,12.93173695,17.48742485,32.01252747,0.119886524,36,67.9,38,0,RTWB,Real Time,2,38.3031,-74.645
5/30/21,2021,5,13.78628159,15.44224262,32.64245224,0.043577922,36,67.9,38,0,RTWB,Real Time,2,38.3031,-74.645
5/31/21,2021,5,14.58940411,14.83979893,32.75992966,0.006589337,36,67.9,38,0,RTWB,Real Time,2,38.3031,-74.645
6/1/21,2021,6,14.33111095,15.36287022,32.67717361,0.02715156,36,67.9,38,0,RTWB,Real Time,2,38.3031,-74.645
6/2/21,2021,6,13.04539204,15.89156628,32.54683304,0.074899322,36,67.9,38,0,RTWB,Real Time,2,38.3031,-74.645
6/3/21,2021,6,12.74103069,16.37382698,32.43986511,0.095599902,36,67.9,38,0,RTWB,Real Time,2,38.3031,-74.645
6/4/21,2021,6,12.34704971,16.50539017,32.13033295,0.109430012,36,67.9,38,0,RTWB,Real Time,2,38.3031,-74.645
6/5/21,2021,6,11.88533783,17.69506836,32.00210953,0.152887646,36,67.9,38,0,RTWB,Real Time,2,38.3031,-74.645
6/6/21,2021,6,11.51037693,18.12591362,31.91555786,0.174093071,36,67.9,38,0,RTWB,Real Time,2,38.3031,-74.645
6/7/21,2021,6,11.33214283,18.56523705,31.85063744,0.190344585,36,67.9,38,0,RTWB,Real Time,2,38.3031,-74.645
6/8/21,2021,6,12.11682224,19.66307449,31.78576088,0.198585586,36,67.9,38,0,RTWB,Real Time,2,38.3031,-74.645
6/9/21,2021,6,12.21623516,20.15956688,31.81062508,0.209035045,36,67.9,38,0,RTWB,Real Time,2,38.3031,-74.645
6/10/21,2021,6,12.27996731,20.68725204,31.85327339,0.221244335,36,67.9,38,0,RTWB,Real Time,2,38.3031,-74.645
6/11/21,2021,6,12.61657619,19.61778831,31.99899483,0.184242424,36,67.9,38,0,RTWB,Real Time,2,38.3031,-74.645
6/12/21,2021,6,12.99367905,19.12092972,32.05209732,0.161243439,36,67.9,38,0,RTWB,Real Time,2,38.3031,-74.645
6/13/21,2021,6,13.30765152,19.2013607,32.07643509,0.15509761,36,67.9,38,0,RTWB,Real Time,2,38.3031,-74.645
6/14/21,2021,6,13.1313715,20.54668999,31.85594368,0.19513996,36,67.9,38,0,RTWB,Real Time,2,38.3031,-74.645
6/15/21,2021,6,12.80440807,20.96757698,31.85244751,0.214820234,36,67.9,38,0,RTWB,Real Time,2,38.3031,-74.645
6/16/21,2021,6,12.77555466,21.41880226,31.84806824,0.227453884,36,67.9,38,0,RTWB,Real Time,2,38.3031,-74.645
6/17/21,2021,6,13.18298054,21.18927765,31.89240074,0.210692029,36,67.9,38,0,RTWB,Real Time,2,38.3031,-74.645
6/18/21,2021,6,13.27228069,21.36206627,31.85218048,0.212889094,36,67.9,38,1,RTWB,Real Time,2,38.3031,-74.645
6/19/21,2021,6,13.18814182,21.4597683,31.70678711,0.217674381,36,67.9,38,0,RTWB,Real Time,2,38.3031,-74.645
6/20/21,2021,6,13.83351803,22.11096382,31.94472694,0.217827521,36,67.9,38,0,RTWB,Real Time,2,38.3031,-74.645
6/21/21,2021,6,13.79318905,22.46325874,32.03155518,0.228159729,36,67.9,38,0,RTWB,Real Time,2,38.3031,-74.645
6/22/21,2021,6,13.74802303,22.83463287,32.02462387,0.239121312,36,67.9,38,0,RTWB,Real Time,2,38.3031,-74.645
6/23/21,2021,6,14.27321625,21.727005,31.9458828,0.196152336,36,67.9,38,0,RTWB,Real Time,2,38.3031,-74.645
6/24/21,2021,6,14.60661411,21.32128716,31.97791862,0.176701922,36,67.9,38,0,RTWB,Real Time,2,38.3031,-74.645
6/25/21,2021,6,14.84082127,21.14776802,32.05218124,0.165972283,36,67.9,38,0,RTWB,Real Time,2,38.3031,-74.645
6/26/21,2021,6,15.12332439,22.09750366,32.16528702,0.183531033,36,67.9,38,0,RTWB,Real Time,2,38.3031,-74.645
6/27/21,2021,6,14.852211,22.3210907,32.11873245,0.196549466,36,67.9,38,0,RTWB,Real Time,2,38.3031,-74.645
6/28/21,2021,6,14.46884441,22.62386322,32.08119965,0.214605758,36,67.9,38,0,RTWB,Real Time,2,38.3031,-74.645
6/29/21,2021,6,14.25799847,23.77722359,32.26190186,0.250505924,36,67.9,38,0,RTWB,Real Time,2,38.3031,-74.645
6/30/21,2021,6,13.89136124,24.08168221,32.2307663,0.268166341,36,67.9,38,0,RTWB,Real Time,2,38.3031,-74.645
7/1/21,2021,7,13.44394779,24.55496979,32.26828384,0.292395316,36,67.9,38,0,RTWB,Real Time,2,38.3031,-74.645
7/2/21,2021,7,13.3252058,23.95469856,32.21590042,0.279723494,36,67.9,38,0,RTWB,Real Time,2,38.3031,-74.645
7/3/21,2021,7,13.54004669,23.58751488,32.21329117,0.264407058,36,67.9,38,0,RTWB,Real Time,2,38.3031,-74.645
7/4/21,2021,7,14.58913517,23.78836632,32.15063095,0.24208503,36,67.9,38,0,RTWB,Real Time,2,38.3031,-74.645
7/5/21,2021,7,15.04345036,23.73715782,32.08237076,0.228781775,36,67.9,38,0,RTWB,Real Time,2,38.3031,-74.645
7/6/21,2021,7,14.71037674,23.90175819,32.06688309,0.241878459,36,67.9,38,0,RTWB,Real Time,2,38.3031,-74.645
7/7/21,2021,7,13.88330364,24.06390572,31.55760956,0.267910581,36,67.9,38,0,RTWB,Real Time,2,38.3031,-74.645
7/8/21,2021,7,14.30480671,23.42426872,31.99825478,0.239985842,36,67.9,38,0,RTWB,Real Time,2,38.3031,-74.645
7/9/21,2021,7,13.8033905,22.60092926,32.61208344,0.231514178,36,67.9,38,0,RTWB,Real Time,2,38.3031,-74.645
7/10/21,2021,7,13.86355972,22.56468391,32.92568588,0.228976952,36,67.9,38,0,RTWB,Real Time,2,38.3031,-74.645
7/11/21,2021,7,15.45875645,23.25595284,32.85275269,0.205189379,36,67.9,38,0,RTWB,Real Time,2,38.3031,-74.645
7/12/21,2021,7,15.85418606,23.0858326,32.87242508,0.190306488,36,67.9,38,0,RTWB,Real Time,2,38.3031,-74.645
7/13/21,2021,7,15.59482861,23.10175514,32.84612274,0.197550698,36,67.9,38,0,RTWB,Real Time,2,38.3031,-74.645
7/14/21,2021,7,15.73936367,23.65051842,32.69727325,0.208188283,36,67.9,38,0,RTWB,Real Time,2,38.3031,-74.645
7/15/21,2021,7,15.80015469,24.07411766,32.44829178,0.217735868,36,67.9,38,0,RTWB,Real Time,2,38.3031,-74.645
7/16/21,2021,7,15.59195328,24.48676872,32.44235229,0.234074091,36,67.9,38,0,RTWB,Real Time,2,38.3031,-74.645
7/17/21,2021,7,15.44625473,25.25391579,32.6064415,0.258096344,36,67.9,38,0,RTWB,Real Time,2,38.3031,-74.645
7/18/21,2021,7,15.07711315,24.86772728,32.68071365,0.25764774,36,67.9,38,0,RTWB,Real Time,2,38.3031,-74.645
7/19/21,2021,7,14.84376907,24.69267845,32.742836,0.259181826,36,67.9,38,0,RTWB,Real Time,2,38.3031,-74.645
7/20/21,2021,7,14.51938629,23.99892426,32.78243637,0.249461525,36,67.9,38,0,RTWB,Real Time,2,38.3031,-74.645
7/21/21,2021,7,14.48859406,24.18983269,32.80868912,0.255295753,36,67.9,38,0,RTWB,Real Time,2,38.3031,-74.645
7/22/21,2021,7,14.5031271,24.14240456,32.73265457,0.253665196,36,67.9,38,0,RTWB,Real Time,2,38.3031,-74.645
7/23/21,2021,7,15.4967165,24.2920475,32.63040161,0.231456079,36,67.9,38,0,RTWB,Real Time,2,38.3031,-74.645
7/24/21,2021,7,15.53318787,24.6140213,32.60074234,0.238969301,36,67.9,38,0,RTWB,Real Time,2,38.3031,-74.645
7/25/21,2021,7,15.50579739,24.26298523,32.22001266,0.230452312,36,67.9,38,0,RTWB,Real Time,2,38.3031,-74.645
7/26/21,2021,7,14.15134335,23.75556755,31.61282921,0.252742742,36,67.9,38,0,RTWB,Real Time,2,38.3031,-74.645
7/27/21,2021,7,13.90529346,24.25229645,31.87413025,0.272289552,36,67.9,38,0,RTWB,Real Time,2,38.3031,-74.645
7/28/21,2021,7,13.84259796,24.50515938,32.05462265,0.280593721,36,67.9,38,0,RTWB,Real Time,2,38.3031,-74.645
7/29/21,2021,7,12.76145077,24.90124512,32.1962738,0.319468272,36,67.9,38,0,RTWB,Real Time,2,38.3031,-74.645
7/30/21,2021,7,12.11477947,24.35669899,32.50684738,0.322155777,36,67.9,38,0,RTWB,Real Time,2,38.3031,-74.645
7/31/21,2021,7,11.94647503,24.49365044,32.52458954,0.330188827,36,67.9,38,0,RTWB,Real Time,2,38.3031,-74.645
8/1/21,2021,8,11.62469196,23.7298584,32.52749634,0.318557011,36,67.9,38,0,RTWB,Real Time,2,38.3031,-74.645
8/2/21,2021,8,11.26854038,23.51764679,32.50150299,0.322344905,36,67.9,38,0,RTWB,Real Time,2,38.3031,-74.645
8/3/21,2021,8,11.29327869,23.88845825,32.46579742,0.331452094,36,67.9,38,0,RTWB,Real Time,2,38.3031,-74.645
8/4/21,2021,8,11.6077776,23.4201889,32.62519455,0.310852929,36,67.9,38,0,RTWB,Real Time,2,38.3031,-74.645
8/5/21,2021,8,12.51282978,23.17124748,32.53383255,0.280484676,36,67.9,38,0,RTWB,Real Time,2,38.3031,-74.645
8/6/21,2021,8,13.05205631,23.45757294,32.48193741,0.273829385,36,67.9,38,0,RTWB,Real Time,2,38.3031,-74.645
8/7/21,2021,8,13.51998043,23.8596344,32.36799622,0.272096157,36,67.9,38,0,RTWB,Real Time,2,38.3031,-74.645
8/8/21,2021,8,13.0816412,23.28993225,32.27856827,0.268639238,36,67.9,38,0,RTWB,Real Time,2,38.3031,-74.645
8/9/21,2021,8,13.48925495,22.84168243,32.09589005,0.246116513,36,67.9,38,0,RTWB,Real Time,2,38.3031,-74.645
8/10/21,2021,8,13.53192616,24.20201111,32.02086258,0.280791709,36,67.9,38,0,RTWB,Real Time,2,38.3031,-74.645
8/11/21,2021,8,13.20376301,24.56534576,31.0665226,0.29898902,36,67.9,38,0,RTWB,Real Time,2,38.3031,-74.645
8/12/21,2021,8,12.75783825,25.04221535,31.02038574,0.323273082,36,67.9,38,0,RTWB,Real Time,2,38.3031,-74.645
8/13/21,2021,8,14.20184326,25.40598488,31.36372375,0.294845832,36,67.9,38,0,RTWB,Real Time,2,38.3031,-74.645
8/14/21,2021,8,14.18144321,25.60917091,31.5326252,0.300729676,36,67.9,38,0,RTWB,Real Time,2,38.3031,-74.645
8/15/21,2021,8,14.09272289,25.76947784,31.55150414,0.307283025,36,67.9,38,0,RTWB,Real Time,2,38.3031,-74.645
8/16/21,2021,8,14.90376759,25.82065582,31.56733704,0.287286533,36,67.9,38,0,RTWB,Real Time,2,38.3031,-74.645
8/17/21,2021,8,14.83766651,25.76712036,31.5941906,0.287617207,36,67.9,38,0,RTWB,Real Time,2,38.3031,-74.645
8/18/21,2021,8,14.29603481,26.10484314,31.58203888,0.310758114,36,67.9,38,0,RTWB,Real Time,2,38.3031,-74.645
8/19/21,2021,8,14.59033108,26.33087349,31.77781868,0.308961642,36,67.9,38,0,RTWB,Real Time,2,38.3031,-74.645
8/20/21,2021,8,13.96060944,26.32744026,31.74291229,0.325442916,36,67.9,38,0,RTWB,Real Time,2,38.3031,-74.645
8/21/21,2021,8,13.76808453,26.14127541,31.7720089,0.325610286,36,67.9,38,0,RTWB,Real Time,2,38.3031,-74.645
8/22/21,2021,8,13.2321167,25.89883232,31.66310883,0.333334622,36,67.9,38,0,RTWB,Real Time,2,38.3031,-74.645
8/23/21,2021,8,13.14416599,25.76402855,31.53700829,0.332101646,36,67.9,38,0,RTWB,Real Time,2,38.3031,-74.645
8/24/21,2021,8,12.71525669,25.77733803,31.49168205,0.343738983,36,67.9,38,0,RTWB,Real Time,2,38.3031,-74.645
8/25/21,2021,8,13.87852383,26.85986519,31.53072929,0.341614246,36,67.9,38,0,RTWB,Real Time,2,38.3031,-74.645
8/26/21,2021,8,13.73254681,27.23835945,31.47424316,0.355416122,36,67.9,38,0,RTWB,Real Time,2,38.3031,-74.645
8/27/21,2021,8,13.38139725,27.4348526,31.45479393,0.369827772,36,67.9,38,0,RTWB,Real Time,2,38.3031,-74.645
8/28/21,2021,8,14.0185051,27.19721031,31.39741516,0.346808032,36,67.9,38,0,RTWB,Real Time,2,38.3031,-74.645
8/29/21,2021,8,14.48665237,27.17040253,31.34247398,0.333782899,36,67.9,38,0,RTWB,Real Time,2,38.3031,-74.645
8/30/21,2021,8,14.4584837,27.17672157,31.22374725,0.33469047,36,67.9,38,0,RTWB,Real Time,2,38.3031,-74.645
8/31/21,2021,8,14.36876392,27.33639717,31.1180954,0.341253507,36,67.9,38,0,RTWB,Real Time,2,38.3031,-74.645
9/1/21,2021,9,13.98076725,27.31944275,31.0398922,0.351017776,36,67.9,38,0,RTWB,Real Time,2,38.3031,-74.645
9/2/21,2021,9,14.03342533,25.2077198,31.37303352,0.294060381,36,67.9,38,0,RTWB,Real Time,2,38.3031,-74.645
9/3/21,2021,9,15.31383419,23.24162483,31.49552155,0.20862607,36,67.9,38,0,RTWB,Real Time,2,38.3031,-74.645
9/4/21,2021,9,15.29432392,23.40249062,31.49886894,0.213372808,36,67.9,38,0,RTWB,Real Time,2,38.3031,-74.645
9/5/21,2021,9,14.55623341,23.27614021,31.50631905,0.229471232,36,67.9,38,0,RTWB,Real Time,2,38.3031,-74.645
9/6/21,2021,9,13.34654331,23.63370705,31.51706696,0.270714835,36,67.9,38,0,RTWB,Real Time,2,38.3031,-74.645
9/7/21,2021,9,12.87020779,23.86042595,31.51029015,0.289216267,36,67.9,38,0,RTWB,Real Time,2,38.3031,-74.645
9/8/21,2021,9,12.72439671,24.29419708,31.44261932,0.304468431,36,67.9,38,0,RTWB,Real Time,2,38.3031,-74.645
9/9/21,2021,9,12.82573986,24.0535183,31.60218811,0.295467854,36,67.9,38,0,RTWB,Real Time,2,38.3031,-74.645
9/10/21,2021,9,12.96114731,23.23838043,31.66667938,0.270453503,36,67.9,38,0,RTWB,Real Time,2,38.3031,-74.645
9/11/21,2021,9,13.08378601,22.86264992,31.6530838,0.257338524,36,67.9,38,0,RTWB,Real Time,2,38.3031,-74.645
9/12/21,2021,9,12.39687443,23.04131126,31.60362816,0.280116759,36,67.9,38,0,RTWB,Real Time,2,38.3031,-74.645
9/13/21,2021,9,11.03537655,23.62007332,31.61944771,0.331176231,36,67.9,38,0,RTWB,Real Time,2,38.3031,-74.645
9/14/21,2021,9,10.83370876,23.96482849,31.63401222,0.345555782,36,67.9,38,0,RTWB,Real Time,2,38.3031,-74.645
9/15/21,2021,9,12.9447279,24.000597,31.75930214,0.290943924,36,67.9,38,0,RTWB,Real Time,2,38.3031,-74.645
9/16/21,2021,9,12.55577755,24.07814598,31.82244682,0.303220222,36,67.9,38,0,RTWB,Real Time,2,38.3031,-74.645
9/17/21,2021,9,12.62202168,24.07595253,31.81604767,0.301419233,36,67.9,38,0,RTWB,Real Time,2,38.3031,-74.645
9/18/21,2021,9,14.59947109,23.67232704,31.70548058,0.238759367,36,67.9,38,0,RTWB,Real Time,2,38.3031,-74.645
9/19/21,2021,9,15.71893215,23.63152313,31.49298286,0.208226078,36,67.9,38,0,RTWB,Real Time,2,38.3031,-74.645
9/20/21,2021,9,16.44521141,23.49994469,31.30797386,0.185650876,36,67.9,38,0,RTWB,Real Time,2,38.3031,-74.645
9/21/21,2021,9,17.9968853,23.4338131,31.32698059,0.143077047,36,67.9,38,0,RTWB,Real Time,2,38.3031,-74.645
9/22/21,2021,9,17.74962807,23.62151909,31.33347511,0.154523448,36,67.9,38,0,RTWB,Real Time,2,38.3031,-74.645
9/23/21,2021,9,17.18376541,23.60949707,31.2924118,0.169098202,36,67.9,38,0,RTWB,Real Time,2,38.3031,-74.645
9/24/21,2021,9,18.23245811,23.36353111,31.28851128,0.135028237,36,67.9,38,0,RTWB,Real Time,2,38.3031,-74.645
9/25/21,2021,9,18.32287025,23.02941895,31.44709206,0.123856544,36,67.9,38,0,RTWB,Real Time,2,38.3031,-74.645
9/26/21,2021,9,18.23973274,22.79252625,31.46551323,0.119810355,36,67.9,38,0,RTWB,Real Time,2,38.3031,-74.645
9/27/21,2021,9,17.07428169,22.83805275,31.50003815,0.151678186,36,67.9,38,0,RTWB,Real Time,2,38.3031,-74.645
9/28/21,2021,9,16.09437752,22.73068237,31.4640522,0.174639601,36,67.9,38,0,RTWB,Real Time,2,38.3031,-74.645
9/29/21,2021,9,15.31268024,22.67815971,31.52412605,0.193828407,36,67.9,38,1,RTWB,Real Time,2,38.3031,-74.645
9/30/21,2021,9,16.34322166,22.18747711,31.62387657,0.153796196,36,67.9,38,0,RTWB,Real Time,2,38.3031,-74.645
10/1/21,2021,10,16.60308647,21.96093941,31.58175468,0.14099613,36,67.9,38,0,RTWB,Real Time,2,38.3031,-74.645
10/2/21,2021,10,16.42385483,21.84996796,31.59034157,0.142792451,36,67.9,38,0,RTWB,Real Time,2,38.3031,-74.645
10/3/21,2021,10,15.01745129,22.141119,31.53765106,0.18746494,36,67.9,38,0,RTWB,Real Time,2,38.3031,-74.645
10/4/21,2021,10,14.20533752,22.27278137,31.04752159,0.212301154,36,67.9,38,0,RTWB,Real Time,2,38.3031,-74.645
10/5/21,2021,10,14.28570557,22.47999001,30.73571587,0.215639064,36,67.9,38,0,RTWB,Real Time,2,38.3031,-74.645
10/6/21,2021,10,15.83615971,22.28968811,30.68260193,0.169829695,36,67.9,38,0,RTWB,Real Time,2,38.3031,-74.645
10/7/21,2021,10,16.41563606,22.01733398,30.9118576,0.147413103,36,67.9,38,0,RTWB,Real Time,2,38.3031,-74.645
10/8/21,2021,10,16.16654778,22.00178528,31.0200634,0.153558882,36,67.9,38,0,RTWB,Real Time,2,38.3031,-74.645
10/9/21,2021,10,17.15341377,21.63181305,31.25961113,0.117852613,36,67.9,38,0,RTWB,Real Time,2,38.3031,-74.645
10/10/21,2021,10,18.48066902,21.44230843,31.54257011,0.077937879,36,67.9,38,0,RTWB,Real Time,2,38.3031,-74.645
10/11/21,2021,10,20.21565437,21.21192741,31.83912849,0.026217712,36,67.9,38,0,RTWB,Real Time,2,38.3031,-74.645
10/12/21,2021,10,20.46610451,21.26427078,32.24962234,0.021004376,36,67.9,38,0,RTWB,Real Time,2,38.3031,-74.645
10/13/21,2021,10,20.90383339,21.11726189,32.36196899,0.005616539,36,67.9,38,0,RTWB,Real Time,2,38.3031,-74.645
10/14/21,2021,10,20.56828499,21.20620155,32.20495987,0.016787278,36,67.9,38,0,RTWB,Real Time,2,38.3031,-74.645
10/15/21,2021,10,20.35471153,21.80789757,32.13915634,0.038241738,36,67.9,38,0,RTWB,Real Time,2,38.3031,-74.645
10/16/21,2021,10,20.23228264,21.70991325,31.94864082,0.038885016,36,67.9,38,0,RTWB,Real Time,2,38.3031,-74.645
10/17/21,2021,10,19.98075294,21.17436028,31.97139549,0.031410719,36,67.9,38,0,RTWB,Real Time,2,38.3031,-74.645
10/18/21,2021,10,18.8264389,20.75772285,32.30540085,0.050823262,36,67.9,38,0,RTWB,Real Time,2,38.3031,-74.645
10/19/21,2021,10,18.22281075,20.33862877,32.3649292,0.055679422,36,67.9,38,0,RTWB,Real Time,2,38.3031,-74.645
10/20/21,2021,10,17.72797203,20.22862816,32.11388779,0.06580674,36,67.9,38,0,RTWB,Real Time,2,38.3031,-74.645
10/21/21,2021,10,17.58208466,20.201828,31.74220467,0.068940614,36,67.9,38,0,RTWB,Real Time,2,38.3031,-74.645
10/22/21,2021,10,16.76564217,20.37696648,31.56868935,0.09503485,36,67.9,38,0,RTWB,Real Time,2,38.3031,-74.645
10/23/21,2021,10,15.46649647,20.1657753,31.80280495,0.123665232,36,67.9,38,0,RTWB,Real Time,2,38.3031,-74.645
10/24/21,2021,10,16.20182991,20.07999611,32.05551529,0.102057005,36,67.9,38,0,RTWB,Real Time,2,38.3031,-74.645
10/25/21,2021,10,16.33590508,20.16483116,31.97067833,0.100761213,36,67.9,38,0,RTWB,Real Time,2,38.3031,-74.645
10/26/21,2021,10,15.80134583,20.16581726,31.94766808,0.114854511,36,67.9,38,0,RTWB,Real Time,2,38.3031,-74.645
10/27/21,2021,10,16.91940689,19.26652718,32.29130936,0.061766323,36,67.9,38,0,RTWB,Real Time,2,38.3031,-74.645
10/28/21,2021,10,18.72626305,18.88481522,32.39235687,0.004172426,36,67.9,38,0,RTWB,Real Time,2,38.3031,-74.645
10/29/21,2021,10,19.04013634,18.88435364,32.68906021,-0.004099545,36,67.9,38,0,RTWB,Real Time,2,38.3031,-74.645
10/30/21,2021,10,19.2913475,19.23068428,32.85981369,-0.001596401,36,67.9,38,0,RTWB,Real Time,2,38.3031,-74.645
10/31/21,2021,10,19.20510864,19.01862144,32.51914978,-0.004907558,36,67.9,38,0,RTWB,Real Time,2,38.3031,-74.645
11/1/21,2021,11,19.22021866,18.78487206,32.38731766,-0.01145649,36,67.9,38,0,RTWB,Real Time,2,38.3031,-74.645
11/2/21,2021,11,19.04861832,19.00854683,32.61629105,-0.001054513,36,67.9,38,0,RTWB,Real Time,2,38.3031,-74.645
11/3/21,2021,11,18.99853134,18.80681229,32.7592926,-0.005045238,36,67.9,38,0,RTWB,Real Time,2,38.3031,-74.645
11/4/21,2021,11,18.97341919,18.60126495,32.85104752,-0.009793533,36,67.9,38,0,RTWB,Real Time,2,38.3031,-74.645
11/5/21,2021,11,18.46521187,18.23651123,33.03524017,-0.006018438,36,67.9,38,0,RTWB,Real Time,2,38.3031,-74.645
11/6/21,2021,11,17.87604523,17.84281731,32.99369049,-0.000874419,36,67.9,38,0,RTWB,Real Time,2,38.3031,-74.645
11/7/21,2021,11,17.58819199,17.56430817,33.0487709,-0.000628522,36,67.9,38,0,RTWB,Real Time,2,38.3031,-74.645
11/8/21,2021,11,17.24220657,17.28199577,33.13624573,0.001047084,36,67.9,38,0,RTWB,Real Time,2,38.3031,-74.645
11/9/21,2021,11,17.05244827,17.08327293,33.01589584,0.000811175,36,67.9,38,0,RTWB,Real Time,2,38.3031,-74.645
11/10/21,2021,11,17.14915276,17.05926895,32.95170212,-0.002365363,36,67.9,38,0,RTWB,Real Time,2,38.3031,-74.645
11/11/21,2021,11,17.14081192,17.0293808,33.06813049,-0.002932398,36,67.9,38,1,RTWB,Real Time,2,38.3031,-74.645
11/12/21,2021,11,17.14637184,17.09069252,33.02474213,-0.001465245,36,67.9,38,0,RTWB,Real Time,2,38.3031,-74.645
11/13/21,2021,11,17.14817238,16.98298454,32.9211235,-0.004347048,36,67.9,38,0,RTWB,Real Time,2,38.3031,-74.645
11/14/21,2021,11,16.19718742,17.0531559,32.90881729,0.022525486,36,67.9,38,0,RTWB,Real Time,2,38.3031,-74.645
11/15/21,2021,11,16.11313057,16.75907707,32.91347122,0.016998592,36,67.9,38,0,RTWB,Real Time,2,38.3031,-74.645
11/16/21,2021,11,16.24048042,16.30867195,33.04879379,0.001794514,36,67.9,38,0,RTWB,Real Time,2,38.3031,-74.645
11/17/21,2021,11,16.06497192,16.17688179,33.18255997,0.002944996,36,67.9,38,0,RTWB,Real Time,2,38.3031,-74.645
11/18/21,2021,11,15.98752689,15.88728809,32.82426834,-0.002637863,36,67.9,38,0,RTWB,Real Time,2,38.3031,-74.645
11/19/21,2021,11,15.8426466,15.64525604,32.65825653,-0.005194488,36,67.9,38,0,RTWB,Real Time,2,38.3031,-74.645
11/20/21,2021,11,15.74862194,15.54014492,32.95872879,-0.005486237,36,67.9,38,0,RTWB,Real Time,2,38.3031,-74.645
11/21/21,2021,11,15.71690845,15.41731167,32.97854233,-0.007884126,36,67.9,38,0,RTWB,Real Time,2,38.3031,-74.645
11/22/21,2021,11,15.73644257,15.37531757,32.98991394,-0.009503289,36,67.9,38,0,RTWB,Real Time,2,38.3031,-74.645
11/23/21,2021,11,15.92021561,15.42883587,33.14383698,-0.012931046,36,67.9,38,0,RTWB,Real Time,2,38.3031,-74.645
11/24/21,2021,11,15.53615093,15.01796341,33.21026611,-0.013636514,36,67.9,38,0,RTWB,Real Time,2,38.3031,-74.645
11/25/21,2021,11,15.1699295,14.81770706,33.24677277,-0.009269012,36,67.9,38,0,RTWB,Real Time,2,38.3031,-74.645
11/26/21,2021,11,14.83590412,14.93185043,33.35274887,0.002524903,36,67.9,38,0,RTWB,Real Time,2,38.3031,-74.645
11/27/21,2021,11,14.89265919,14.36048126,33.39804459,-0.014004682,36,67.9,38,0,RTWB,Real Time,2,38.3031,-74.645
11/28/21,2021,11,14.86007595,13.63115978,32.98924255,-0.032339899,36,67.9,38,0,RTWB,Real Time,2,38.3031,-74.645
11/29/21,2021,11,14.87514973,13.74714947,33.11036682,-0.029684217,36,67.9,38,0,RTWB,Real Time,2,38.3031,-74.645
11/30/21,2021,11,14.85058594,13.63537121,33.33712006,-0.031979335,36,67.9,38,0,RTWB,Real Time,2,38.3031,-74.645
12/1/21,2021,12,14.92696381,13.22622299,33.13340378,-0.044756337,36,67.9,38,0,RTWB,Real Time,2,38.3031,-74.645
12/2/21,2021,12,14.65361786,13.25307465,32.74102402,-0.0368564,36,67.9,38,0,RTWB,Real Time,2,38.3031,-74.645
12/3/21,2021,12,14.8085289,12.99689579,32.54785919,-0.047674556,36,67.9,38,0,RTWB,Real Time,2,38.3031,-74.645
12/4/21,2021,12,14.89099121,12.96868515,32.69316864,-0.050587002,36,67.9,38,0,RTWB,Real Time,2,38.3031,-74.645
12/5/21,2021,12,14.7744627,13.56008053,32.68864822,-0.031957426,36,67.9,38,1,RTWB,Real Time,2,38.3031,-74.645
12/6/21,2021,12,14.6860199,13.41893673,32.67257309,-0.033344294,36,67.9,38,1,RTWB,Real Time,2,38.3031,-74.645
12/7/21,2021,12,14.73228836,13.08492184,32.54850388,-0.043351751,36,67.9,38,0,RTWB,Real Time,2,38.3031,-74.645
12/8/21,2021,12,14.88460541,13.29700947,32.73620605,-0.041778841,36,67.9,38,0,RTWB,Real Time,2,38.3031,-74.645
12/9/21,2021,12,14.86947155,13.08787918,32.83569717,-0.04688401,36,67.9,38,1,RTWB,Real Time,2,38.3031,-74.645
12/10/21,2021,12,14.67814255,12.72682667,32.79100418,-0.051350418,36,67.9,38,0,RTWB,Real Time,2,38.3031,-74.645
12/11/21,2021,12,13.87242508,12.4869318,32.78871155,-0.036460349,36,67.9,38,1,RTWB,Real Time,2,38.3031,-74.645
12/12/21,2021,12,14.04308796,12.61233807,32.93497467,-0.037651313,36,67.9,38,0,RTWB,Real Time,2,38.3031,-74.645
12/13/21,2021,12,14.16373158,12.67400455,33.13554764,-0.039203343,36,67.9,38,0,RTWB,Real Time,2,38.3031,-74.645
12/14/21,2021,12,13.95394039,12.99022675,33.227314,-0.025360885,36,67.9,38,0,RTWB,Real Time,2,38.3031,-74.645
12/15/21,2021,12,13.81933212,12.87887287,33.28848648,-0.024748928,36,67.9,38,0,RTWB,Real Time,2,38.3031,-74.645
12/16/21,2021,12,13.5600214,12.65373611,33.22420883,-0.023849613,36,67.9,38,0,RTWB,Real Time,2,38.3031,-74.645
12/17/21,2021,12,14.11744213,13.22548771,33.19125748,-0.023472485,36,67.9,38,0,RTWB,Real Time,2,38.3031,-74.645
12/18/21,2021,12,14.28075504,13.35711288,33.27283096,-0.024306373,36,67.9,38,1,RTWB,Real Time,2,38.3031,-74.645
12/19/21,2021,12,14.19365692,13.27273178,33.2674675,-0.024234872,36,67.9,38,0,RTWB,Real Time,2,38.3031,-74.645
12/20/21,2021,12,13.55376816,11.91188717,33.29481125,-0.043207394,36,67.9,38,1,RTWB,Real Time,2,38.3031,-74.645
12/21/21,2021,12,13.24563217,11.62898636,33.14819717,-0.042543311,36,67.9,38,1,RTWB,Real Time,2,38.3031,-74.645
12/22/21,2021,12,13.434062,11.91372681,33.3696022,-0.040008821,36,67.9,38,1,RTWB,Real Time,2,38.3031,-74.645
12/23/21,2021,12,13.32450199,12.42388153,33.35770416,-0.023700538,36,67.9,38,1,RTWB,Real Time,2,38.3031,-74.645
12/24/21,2021,12,12.36964798,12.17768478,33.33184433,-0.005051663,36,67.9,38,1,RTWB,Real Time,2,38.3031,-74.645
12/25/21,2021,12,12.76996708,12.10677624,33.28216553,-0.017452391,36,67.9,38,1,RTWB,Real Time,2,38.3031,-74.645
12/26/21,2021,12,13.03214264,12.10439682,32.96531677,-0.024414364,36,67.9,38,1,RTWB,Real Time,2,38.3031,-74.645
12/27/21,2021,12,12.98711014,12.15302753,33.33050156,-0.021949542,36,67.9,38,0,RTWB,Real Time,2,38.3031,-74.645
12/28/21,2021,12,12.93016052,12.0919981,33.39681625,-0.022056906,36,67.9,38,0,RTWB,Real Time,2,38.3031,-74.645
12/29/21,2021,12,12.05674076,11.75338364,33.58124924,-0.007983082,36,67.9,38,0,RTWB,Real Time,2,38.3031,-74.645
12/30/21,2021,12,12.02451229,11.69141674,33.51708984,-0.008765672,36,67.9,38,0,RTWB,Real Time,2,38.3031,-74.645
12/31/21,2021,12,12.00259686,11.50293827,33.39971161,-0.01314891,36,67.9,38,1,RTWB,Real Time,2,38.3031,-74.645
1/1/22,2022,1,11.59920216,10.74783993,33.17066574,-0.022404269,36,67.9,38,1,RTWB,Real Time,2,38.3031,-74.645
1/2/22,2022,1,11.65067577,10.63630199,32.88671494,-0.026694047,36,67.9,38,1,RTWB,Real Time,2,38.3031,-74.645
1/3/22,2022,1,11.53499317,10.80847073,33.1347847,-0.019119012,36,67.9,38,1,RTWB,Real Time,2,38.3031,-74.645
1/4/22,2022,1,10.58123779,10.53203106,33.33259964,-0.001294914,36,67.9,38,1,RTWB,Real Time,2,38.3031,-74.645
1/5/22,2022,1,10.69398975,10.41457653,33.31586075,-0.00735298,36,67.9,38,1,RTWB,Real Time,2,38.3031,-74.645
1/6/22,2022,1,10.81772137,10.2865715,33.14966202,-0.013977628,36,67.9,38,1,RTWB,Real Time,2,38.3031,-74.645
1/7/22,2022,1,10.82903576,10.23897839,33.37736511,-0.015527826,36,67.9,38,0,RTWB,Real Time,2,38.3031,-74.645
1/8/22,2022,1,10.22855663,10.16717529,33.49129105,-0.001615298,36,67.9,38,1,RTWB,Real Time,2,38.3031,-74.645
1/9/22,2022,1,10.17906189,10.01084805,33.4942894,-0.00442668,36,67.9,38,1,RTWB,Real Time,2,38.3031,-74.645
1/10/22,2022,1,10.32174206,9.60804081,33.10029221,-0.018781612,36,67.9,38,0,RTWB,Real Time,2,38.3031,-74.645
1/11/22,2022,1,9.946291924,9.602560997,33.3588295,-0.009045551,36,67.9,38,1,RTWB,Real Time,2,38.3031,-74.645
1/12/22,2022,1,9.594853401,9.553177834,33.49435806,-0.001096725,36,67.9,38,1,RTWB,Real Time,2,38.3031,-74.645
1/13/22,2022,1,9.63540554,9.197781563,33.37994003,-0.01151642,36,67.9,38,0,RTWB,Real Time,2,38.3031,-74.645
1/14/22,2022,1,9.710014343,9.308327675,33.47232437,-0.010570702,36,67.9,38,0,RTWB,Real Time,2,38.3031,-74.645
1/15/22,2022,1,9.246771812,9.205508232,33.46382141,-0.001085884,36,67.9,38,0,RTWB,Real Time,2,38.3031,-74.645
1/16/22,2022,1,9.770634651,9.82575798,33.72947311,0.001450614,36,67.9,38,0,RTWB,Real Time,2,38.3031,-74.645
1/17/22,2022,1,9.706759453,9.68140316,33.65798187,-0.000667271,36,67.9,38,0,RTWB,Real Time,2,38.3031,-74.645
1/18/22,2022,1,9.131459236,9.036705017,33.52448654,-0.002493532,36,67.9,38,0,RTWB,Real Time,2,38.3031,-74.645
1/19/22,2022,1,9.015065193,8.810746193,33.4913063,-0.005376816,36,67.9,38,0,RTWB,Real Time,2,38.3031,-74.645
1/20/22,2022,1,9.192339897,8.254385948,33.20437241,-0.024682999,36,67.9,38,0,RTWB,Real Time,2,38.3031,-74.645
1/21/22,2022,1,8.958724022,8.566363335,33.47014236,-0.010325281,36,67.9,38,0,RTWB,Real Time,2,38.3031,-74.645
1/22/22,2022,1,8.51173687,8.487008095,33.5872879,-0.000650757,36,67.9,38,0,RTWB,Real Time,2,38.3031,-74.645
1/23/22,2022,1,8.750787735,8.565537453,33.60322571,-0.004875007,36,67.9,38,0,RTWB,Real Time,2,38.3031,-74.645
1/24/22,2022,1,9.025797844,8.462182999,33.61912918,-0.01483197,36,67.9,38,0,RTWB,Real Time,2,38.3031,-74.645
1/25/22,2022,1,8.638482094,8.404694557,33.63464355,-0.006152304,36,67.9,38,0,RTWB,Real Time,2,38.3031,-74.645
1/26/22,2022,1,8.64689827,8.530356407,33.77158356,-0.003066891,36,67.9,38,0,RTWB,Real Time,2,38.3031,-74.645
1/27/22,2022,1,8.569822311,8.535487175,33.86497879,-0.000903556,36,67.9,38,0,RTWB,Real Time,2,38.3031,-74.645
1/28/22,2022,1,7.507453442,8.641892433,33.83327866,0.029853658,36,67.9,38,0,RTWB,Real Time,2,38.3031,-74.645
1/29/22,2022,1,7.613378525,7.898582935,33.84589767,0.007505379,36,67.9,38,0,RTWB,Real Time,2,38.3031,-74.645
1/31/22,2022,1,7.209848404,7.158330441,33.68862915,-0.001355736,36,67.9,38,0,RTWB,Real Time,2,38.3031,-74.645
2/1/22,2022,2,7.206197739,7.196590424,33.73661423,-0.000252824,36,67.9,38,0,RTWB,Real Time,2,38.3031,-74.645
2/2/22,2022,2,6.902567387,6.900396347,33.55278778,-5.71E-05,36,67.9,38,0,RTWB,Real Time,2,38.3031,-74.645
2/3/22,2022,2,6.777421474,6.639224529,33.43621445,-0.003636762,36,67.9,38,0,RTWB,Real Time,2,38.3031,-74.645
2/4/22,2022,2,7.067908764,6.652450562,33.39579773,-0.010933111,36,67.9,38,0,RTWB,Real Time,2,38.3031,-74.645
2/5/22,2022,2,7.215956211,6.721223831,33.41369247,-0.013019273,36,67.9,38,0,RTWB,Real Time,2,38.3031,-74.645
2/6/22,2022,2,6.731174469,6.601421833,33.56142044,-0.003414543,36,67.9,38,0,RTWB,Real Time,2,38.3031,-74.645
2/7/22,2022,2,6.612336636,6.607339382,33.53149796,-0.000131507,36,67.9,38,0,RTWB,Real Time,2,38.3031,-74.645
2/8/22,2022,2,6.811318874,6.817811489,33.54109573,0.000170858,36,67.9,38,0,RTWB,Real Time,2,38.3031,-74.645
2/9/22,2022,2,6.799585342,6.645012379,33.28088379,-0.00406771,36,67.9,38,1,RTWB,Real Time,2,38.3031,-74.645
2/10/22,2022,2,6.92962265,6.498725891,33.17995834,-0.011339388,36,67.9,38,0,RTWB,Real Time,2,38.3031,-74.645
2/11/22,2022,2,7.103934765,6.224065781,32.92972946,-0.023154447,36,67.9,38,0,RTWB,Real Time,2,38.3031,-74.645
2/12/22,2022,2,6.869720459,6.406538486,32.7731781,-0.012188999,36,67.9,38,0,RTWB,Real Time,2,38.3031,-74.645
2/13/22,2022,2,7.010258198,6.70831728,32.96370316,-0.007945814,36,67.9,38,0,RTWB,Real Time,2,38.3031,-74.645
2/14/22,2022,2,6.766222477,6.925126553,33.29145432,0.004181686,36,67.9,38,1,RTWB,Real Time,2,38.3031,-74.645
2/15/22,2022,2,6.616717815,6.677014828,33.38007355,0.001586763,36,67.9,38,0,RTWB,Real Time,2,38.3031,-74.645
2/16/22,2022,2,6.659097672,6.664274693,33.42321396,0.000136237,36,67.9,38,0,RTWB,Real Time,2,38.3031,-74.645
2/17/22,2022,2,6.906572342,6.309734344,33.03168106,-0.015706263,36,67.9,38,0,RTWB,Real Time,2,38.3031,-74.645
2/18/22,2022,2,7.517183781,6.492878437,32.87935257,-0.026955404,36,67.9,38,0,RTWB,Real Time,2,38.3031,-74.645
2/19/22,2022,2,7.690884113,7.048774719,33.3966713,-0.016897616,36,67.9,38,0,RTWB,Real Time,2,38.3031,-74.645
2/20/22,2022,2,7.105918884,6.959754467,33.38011551,-0.003846432,36,67.9,38,0,RTWB,Real Time,2,38.3031,-74.645
2/21/22,2022,2,6.786249638,6.95328331,33.30881119,0.004395623,36,67.9,38,0,RTWB,Real Time,2,38.3031,-74.645
2/22/22,2022,2,6.868021488,7.084116459,33.27404022,0.00568671,36,67.9,38,0,RTWB,Real Time,2,38.3031,-74.645
2/23/22,2022,2,7.08973074,6.702249527,33.04980469,-0.010196874,36,67.9,38,0,RTWB,Real Time,2,38.3031,-74.645
2/24/22,2022,2,7.430886745,6.695082188,33.18693542,-0.019363278,36,67.9,38,1,RTWB,Real Time,2,38.3031,-74.645
2/25/22,2022,2,7.200730801,6.879790783,33.29546738,-0.00844579,36,67.9,38,0,RTWB,Real Time,2,38.3031,-74.645
2/26/22,2022,2,6.947210789,6.7969203,33.20471954,-0.003955013,36,67.9,38,0,RTWB,Real Time,2,38.3031,-74.645
2/27/22,2022,2,6.91769743,6.939139843,33.21928787,0.000564274,36,67.9,38,0,RTWB,Real Time,2,38.3031,-74.645
2/28/22,2022,2,7.152345657,6.984874249,33.28730774,-0.004407142,36,67.9,38,0,RTWB,Real Time,2,38.3031,-74.645
3/1/22,2022,3,7.23401022,7.250341892,33.41200256,0.000429781,36,67.9,38,0,RTWB,Real Time,2,38.3031,-74.645
3/2/22,2022,3,7.152050495,7.463075161,33.31672287,0.00818486,36,67.9,38,0,RTWB,Real Time,2,38.3031,-74.645
3/3/22,2022,3,7.321179867,7.6195755,33.31314087,0.007852517,36,67.9,38,0,RTWB,Real Time,2,38.3031,-74.645
3/4/22,2022,3,7.411718845,7.544101715,33.39816666,0.00348376,36,67.9,38,0,RTWB,Real Time,2,38.3031,-74.645
3/5/22,2022,3,7.633544445,7.65473938,33.33946609,0.000557761,36,67.9,38,1,RTWB,Real Time,2,38.3031,-74.645
3/6/22,2022,3,7.787727833,7.636236191,33.12829208,-0.003986622,36,67.9,38,0,RTWB,Real Time,2,38.3031,-74.645
3/7/22,2022,3,8.144944191,7.344076157,32.16428757,-0.021075475,36,67.9,38,0,RTWB,Real Time,2,38.3031,-74.645
3/8/22,2022,3,8.41867733,7.741249084,32.43320084,-0.017827059,36,67.9,38,0,RTWB,Real Time,2,38.3031,-74.645
3/9/22,2022,3,8.613441467,7.969961643,32.58932495,-0.01693368,36,67.9,38,0,RTWB,Real Time,2,38.3031,-74.645
3/10/22,2022,3,8.470020294,8.029961586,32.65874863,-0.011580492,36,67.9,38,0,RTWB,Real Time,2,38.3031,-74.645
3/11/22,2022,3,8.044654846,8.523052216,32.68193054,0.012589404,36,67.9,38,0,RTWB,Real Time,2,38.3031,-74.645
3/12/22,2022,3,8.185074806,8.613310814,32.76314926,0.011269369,36,67.9,38,0,RTWB,Real Time,2,38.3031,-74.645
3/13/22,2022,3,8.580594063,8.224674225,33.07920456,-0.009366312,36,67.9,38,0,RTWB,Real Time,2,38.3031,-74.645
3/14/22,2022,3,9.169927597,7.84918642,32.93757248,-0.034756347,36,67.9,38,1,RTWB,Real Time,2,38.3031,-74.645
3/15/22,2022,3,9.300508499,8.012833595,32.96451569,-0.033886182,36,67.9,38,0,RTWB,Real Time,2,38.3031,-74.645
3/16/22,2022,3,9.513072968,8.119086266,32.86259079,-0.036683861,36,67.9,38,1,RTWB,Real Time,2,38.3031,-74.645
3/17/22,2022,3,8.63838768,8.467065811,33.27654266,-0.00450847,36,67.9,38,0,RTWB,Real Time,2,38.3031,-74.645
3/18/22,2022,3,8.397727966,8.327625275,33.23089218,-0.001844808,36,67.9,38,1,RTWB,Real Time,2,38.3031,-74.645
3/19/22,2022,3,8.456623077,8.378632545,33.1645546,-0.002052382,36,67.9,38,0,RTWB,Real Time,2,38.3031,-74.645
3/20/22,2022,3,8.395750999,8.715960503,32.81661987,0.008426566,36,67.9,38,0,RTWB,Real Time,2,38.3031,-74.645
3/21/22,2022,3,8.512031555,8.97226429,33.01779938,0.012111388,36,67.9,38,0,RTWB,Real Time,2,38.3031,-74.645
3/22/22,2022,3,8.585843086,9.153092384,33.04568863,0.014927613,36,67.9,38,0,RTWB,Real Time,2,38.3031,-74.645
3/24/22,2022,3,8.723000526,9.220693588,32.86230469,0.013097186,36,67.9,38,0,RTWB,Real Time,2,38.3031,-74.645
3/25/22,2022,3,8.436924934,8.976837158,32.18370056,0.014208216,36,67.9,38,0,RTWB,Real Time,2,38.3031,-74.645
3/26/22,2022,3,8.513936043,8.814044952,32.17274094,0.007897603,36,67.9,38,1,RTWB,Real Time,2,38.3031,-74.645
3/27/22,2022,3,8.671994209,8.549249649,32.32637787,-0.00323012,36,67.9,38,0,RTWB,Real Time,2,38.3031,-74.645
3/28/22,2022,3,8.849789619,8.282006264,32.63332367,-0.014941667,36,67.9,38,0,RTWB,Real Time,2,38.3031,-74.645
3/29/22,2022,3,8.860520363,8.083716393,32.81421661,-0.02044221,36,67.9,38,0,RTWB,Real Time,2,38.3031,-74.645
3/30/22,2022,3,8.875247002,7.984246731,32.88337326,-0.023447376,36,67.9,38,0,RTWB,Real Time,2,38.3031,-74.645
3/31/22,2022,3,8.948800087,8.096263885,32.81200027,-0.022435163,36,67.9,38,0,RTWB,Real Time,2,38.3031,-74.645
4/1/22,2022,4,8.561245918,8.408115387,32.58362198,-0.004029751,36,67.9,38,0,RTWB,Real Time,2,38.3031,-74.645
4/2/22,2022,4,8.77354908,8.568640709,32.66685867,-0.005392326,36,67.9,38,0,RTWB,Real Time,2,38.3031,-74.645
4/3/22,2022,4,8.968452454,8.856628418,32.73155212,-0.002942738,36,67.9,38,0,RTWB,Real Time,2,38.3031,-74.645
4/4/22,2022,4,9.133041382,8.848507881,32.71944046,-0.007487724,36,67.9,38,0,RTWB,Real Time,2,38.3031,-74.645
4/5/22,2022,4,9.12360096,8.932412148,32.69895554,-0.005031285,36,67.9,38,0,RTWB,Real Time,2,38.3031,-74.645
4/6/22,2022,4,9.087431908,9.208079338,32.49357224,0.003174932,36,67.9,38,0,RTWB,Real Time,2,38.3031,-74.645
4/7/22,2022,4,8.916584969,8.969433784,32.44641495,0.001390758,36,67.9,38,0,RTWB,Real Time,2,38.3031,-74.645
4/8/22,2022,4,8.662157059,8.775504112,32.31427383,0.002982817,36,67.9,38,0,RTWB,Real Time,2,38.3031,-74.645
4/9/22,2022,4,8.60515213,8.94281292,32.23569107,0.00888581,36,67.9,38,0,RTWB,Real Time,2,38.3031,-74.645
4/10/22,2022,4,8.64059639,8.744215965,32.28622818,0.002726831,36,67.9,38,0,RTWB,Real Time,2,38.3031,-74.645
4/11/22,2022,4,8.766892433,8.655515671,32.52628326,-0.002930967,36,67.9,38,0,RTWB,Real Time,2,38.3031,-74.645
4/12/22,2022,4,8.765880585,8.892235756,32.52273178,0.003325136,36,67.9,38,0,RTWB,Real Time,2,38.3031,-74.645
4/13/22,2022,4,8.194737434,8.848461151,32.60785294,0.017203256,36,67.9,38,0,RTWB,Real Time,2,38.3031,-74.645
4/14/22,2022,4,8.169718742,9.434044838,32.08712006,0.033271739,36,67.9,38,0,RTWB,Real Time,2,38.3031,-74.645
4/15/22,2022,4,8.242400169,9.979424477,31.78544044,0.045711166,36,67.9,38,0,RTWB,Real Time,2,38.3031,-74.645
4/16/22,2022,4,8.877621651,10.23823547,31.87626839,0.035805627,36,67.9,38,0,RTWB,Real Time,2,38.3031,-74.645
4/17/22,2022,4,8.964280128,10.51490593,31.873209,0.040805942,36,67.9,38,0,RTWB,Real Time,2,38.3031,-74.645
4/18/22,2022,4,8.914583206,10.33195019,32.07118607,0.037299131,36,67.9,38,0,RTWB,Real Time,2,38.3031,-74.645
4/19/22,2022,4,8.704824448,9.57338047,32.33620834,0.022856737,36,67.9,38,0,RTWB,Real Time,2,38.3031,-74.645
4/20/22,2022,4,8.831941605,9.491631508,32.33885574,0.017360261,36,67.9,38,0,RTWB,Real Time,2,38.3031,-74.645
4/21/22,2022,4,9.022530556,9.829836845,32.37166214,0.021244902,36,67.9,38,0,RTWB,Real Time,2,38.3031,-74.645
4/22/22,2022,4,8.604523659,10.10702419,31.93935204,0.039539488,36,67.9,38,0,RTWB,Real Time,2,38.3031,-74.645
4/23/22,2022,4,8.653203011,10.42786217,31.94617653,0.046701557,36,67.9,38,0,RTWB,Real Time,2,38.3031,-74.645
4/24/22,2022,4,8.663214684,10.65963554,31.9468441,0.052537391,36,67.9,38,0,RTWB,Real Time,2,38.3031,-74.645
4/25/22,2022,4,8.821995735,11.27347088,32.49313736,0.064512504,36,67.9,38,0,RTWB,Real Time,2,38.3031,-74.645
4/26/22,2022,4,8.746266365,11.15519619,32.57705307,0.06339289,36,67.9,38,0,RTWB,Real Time,2,38.3031,-74.645
4/27/22,2022,4,8.683224678,11.14095974,32.40953827,0.064677238,36,67.9,38,0,RTWB,Real Time,2,38.3031,-74.645
4/28/22,2022,4,9.113773346,10.2377634,32.52721024,0.029578686,36,67.9,38,0,RTWB,Real Time,2,38.3031,-74.645
4/29/22,2022,4,9.242869377,10.15418243,32.61226273,0.023981923,36,67.9,38,0,RTWB,Real Time,2,38.3031,-74.645
4/30/22,2022,4,9.353926659,10.38014126,32.56212997,0.027005647,36,67.9,38,0,RTWB,Real Time,2,38.3031,-74.645
5/1/22,2022,5,9.064493179,10.52801228,32.61884308,0.03851366,36,67.9,38,0,RTWB,Real Time,2,38.3031,-74.645
5/2/22,2022,5,8.975395203,11.10289669,32.52360535,0.055986881,36,67.9,38,0,RTWB,Real Time,2,38.3031,-74.645
5/3/22,2022,5,8.94006443,11.43220901,32.69102097,0.065582752,36,67.9,38,0,RTWB,Real Time,2,38.3031,-74.645
5/4/22,2022,5,9.036070824,11.29391956,32.84506607,0.059417072,36,67.9,38,0,RTWB,Real Time,2,38.3031,-74.645
5/5/22,2022,5,9.03961277,11.6644249,32.70872116,0.069074003,36,67.9,38,0,RTWB,Real Time,2,38.3031,-74.645
5/6/22,2022,5,9.015564919,11.75120926,32.81856537,0.071990641,36,67.9,38,0,RTWB,Real Time,2,38.3031,-74.645
5/7/22,2022,5,10.30352497,11.32926941,32.78713989,0.026993275,36,67.9,38,0,RTWB,Real Time,2,38.3031,-74.645
5/8/22,2022,5,10.72262669,10.7302742,32.53373337,0.00020125,36,67.9,38,0,RTWB,Real Time,2,38.3031,-74.645
5/9/22,2022,5,10.40079975,10.40145206,32.62552643,1.72E-05,36,67.9,38,0,RTWB,Real Time,2,38.3031,-74.645
5/10/22,2022,5,10.24718571,10.23996735,32.89495468,-0.000189957,36,67.9,38,0,RTWB,Real Time,2,38.3031,-74.645
5/11/22,2022,5,10.19335461,10.18886471,33.00711441,-0.000118155,36,67.9,38,0,RTWB,Real Time,2,38.3031,-74.645
5/12/22,2022,5,10.08695507,10.09509182,33.11672592,0.000214125,36,67.9,38,0,RTWB,Real Time,2,38.3031,-74.645
5/13/22,2022,5,10.48805141,11.19772625,33.1955452,0.018675654,36,67.9,38,0,RTWB,Real Time,2,38.3031,-74.645
5/14/22,2022,5,10.51234055,11.55475903,33.06949997,0.027432065,36,67.9,38,0,RTWB,Real Time,2,38.3031,-74.645
5/15/22,2022,5,10.47495556,11.80566788,32.91424561,0.035018745,36,67.9,38,0,RTWB,Real Time,2,38.3031,-74.645
5/16/22,2022,5,10.06467533,12.25663376,32.64327621,0.057683117,36,67.9,38,0,RTWB,Real Time,2,38.3031,-74.645
5/17/22,2022,5,10.07563782,12.97524548,31.85498619,0.076305465,36,67.9,38,0,RTWB,Real Time,2,38.3031,-74.645
5/18/22,2022,5,10.15808201,13.58153152,31.68580818,0.090090777,36,67.9,38,0,RTWB,Real Time,2,38.3031,-74.645
5/19/22,2022,5,10.15465546,13.62214565,31.58646965,0.091249742,36,67.9,38,0,RTWB,Real Time,2,38.3031,-74.645
5/20/22,2022,5,10.17562008,13.83151627,31.41435242,0.096207794,36,67.9,38,0,RTWB,Real Time,2,38.3031,-74.645
5/21/22,2022,5,10.18171215,13.91515732,31.18793678,0.098248557,36,67.9,38,0,RTWB,Real Time,2,38.3031,-74.645
5/22/22,2022,5,10.82269669,15.55953884,31.13778114,0.124653741,36,67.9,38,0,RTWB,Real Time,2,38.3031,-74.645
5/23/22,2022,5,10.93222809,16.23648643,31.13385582,0.139585746,36,67.9,38,0,RTWB,Real Time,2,38.3031,-74.645
5/24/22,2022,5,10.91716766,16.22566414,31.15651512,0.139697276,36,67.9,38,0,RTWB,Real Time,2,38.3031,-74.645
5/25/22,2022,5,10.56594944,14.80375576,31.83326149,0.111521219,36,67.9,38,0,RTWB,Real Time,2,38.3031,-74.645
5/26/22,2022,5,10.58763218,14.54951191,32.18407059,0.104259993,36,67.9,38,0,RTWB,Real Time,2,38.3031,-74.645
5/27/22,2022,5,10.48453999,14.66765213,32.04948807,0.110081899,36,67.9,38,0,RTWB,Real Time,2,38.3031,-74.645
5/28/22,2022,5,10.07693577,15.66664791,31.40651131,0.147097688,36,67.9,38,0,RTWB,Real Time,2,38.3031,-74.645
5/29/22,2022,5,9.966006279,16.64308167,31.16181755,0.17571251,36,67.9,38,0,RTWB,Real Time,2,38.3031,-74.645
5/30/22,2022,5,9.97296524,17.44336891,31.13983917,0.19658957,36,67.9,38,0,RTWB,Real Time,2,38.3031,-74.645
5/31/22,2022,5,9.746436119,18.41219902,30.85327339,0.228046392,36,67.9,38,0,RTWB,Real Time,2,38.3031,-74.645
6/1/22,2022,6,9.731782913,19.07829666,30.69371605,0.245960888,36,67.9,38,0,RTWB,Real Time,2,38.3031,-74.645
6/2/22,2022,6,9.893941879,19.333395,30.69734192,0.248406661,36,67.9,38,0,RTWB,Real Time,2,38.3031,-74.645
6/3/22,2022,6,10.42978764,19.50539207,30.52181816,0.238831696,36,67.9,38,0,RTWB,Real Time,2,38.3031,-74.645
6/4/22,2022,6,10.4483633,19.75848579,30.45114136,0.245003223,36,67.9,38,0,RTWB,Real Time,2,38.3031,-74.645
6/5/22,2022,6,10.46201229,19.43075752,30.71586418,0.236019611,36,67.9,38,0,RTWB,Real Time,2,38.3031,-74.645
6/6/22,2022,6,10.64662361,18.17446327,31.43224907,0.198101044,36,67.9,38,0,RTWB,Real Time,2,38.3031,-74.645
6/7/22,2022,6,10.6249094,18.55854607,31.37121773,0.208779912,36,67.9,38,0,RTWB,Real Time,2,38.3031,-74.645
6/8/22,2022,6,10.50821304,19.03643799,31.02676582,0.224426972,36,67.9,38,0,RTWB,Real Time,2,38.3031,-74.645
6/9/22,2022,6,11.33987522,19.91755486,30.96228218,0.225728411,36,67.9,38,0,RTWB,Real Time,2,38.3031,-74.645
6/10/22,2022,6,11.47665119,20.37648582,30.96553802,0.234206175,36,67.9,38,0,RTWB,Real Time,2,38.3031,-74.645
6/11/22,2022,6,11.51802349,20.93681145,30.9863205,0.247862841,36,67.9,38,0,RTWB,Real Time,2,38.3031,-74.645
6/12/22,2022,6,12.03805637,21.6485157,30.99247932,0.252906824,36,67.9,38,0,RTWB,Real Time,2,38.3031,-74.645
6/13/22,2022,6,12.16731739,21.94108582,31.05035591,0.257204432,36,67.9,38,0,RTWB,Real Time,2,38.3031,-74.645
6/14/22,2022,6,12.20025349,21.77493286,31.12522316,0.251965247,36,67.9,38,0,RTWB,Real Time,2,38.3031,-74.645
6/15/22,2022,6,12.47901249,21.68156624,31.18087769,0.242172467,36,67.9,38,0,RTWB,Real Time,2,38.3031,-74.645
6/16/22,2022,6,12.57260513,21.61392403,31.27699089,0.237929445,36,67.9,38,0,RTWB,Real Time,2,38.3031,-74.645
6/17/22,2022,6,12.43793583,21.65508842,31.27281189,0.242556647,36,67.9,38,0,RTWB,Real Time,2,38.3031,-74.645
6/18/22,2022,6,13.35360432,21.67466736,31.26685143,0.218975343,36,67.9,38,0,RTWB,Real Time,2,38.3031,-74.645
6/19/22,2022,6,13.81266022,20.73791313,31.47236633,0.182243498,36,67.9,38,0,RTWB,Real Time,2,38.3031,-74.645
6/20/22,2022,6,14.02571201,20.31653976,31.74894905,0.165548099,36,67.9,38,0,RTWB,Real Time,2,38.3031,-74.645
6/21/22,2022,6,13.96511459,20.28138733,31.79915047,0.166217704,36,67.9,38,0,RTWB,Real Time,2,38.3031,-74.645
6/22/22,2022,6,13.81500149,20.05575371,31.72473335,0.164230322,36,67.9,38,0,RTWB,Real Time,2,38.3031,-74.645
6/23/22,2022,6,13.59683895,19.50576591,31.69464684,0.155498078,36,67.9,38,0,RTWB,Real Time,2,38.3031,-74.645
6/24/22,2022,6,12.81900787,20.36480713,31.89557838,0.198573665,36,67.9,38,0,RTWB,Real Time,2,38.3031,-74.645
6/25/22,2022,6,12.7637682,20.51422691,31.93788147,0.20395944,36,67.9,38,0,RTWB,Real Time,2,38.3031,-74.645
6/26/22,2022,6,12.57915974,20.72672462,31.9401474,0.214409602,36,67.9,38,0,RTWB,Real Time,2,38.3031,-74.645
6/27/22,2022,6,12.05688858,21.01005363,31.99770164,0.235609607,36,67.9,38,0,RTWB,Real Time,2,38.3031,-74.645
6/28/22,2022,6,11.87818241,21.3805542,31.89932251,0.250062415,36,67.9,38,0,RTWB,Real Time,2,38.3031,-74.645
6/29/22,2022,6,11.84097004,21.63223076,31.97023964,0.257664756,36,67.9,38,0,RTWB,Real Time,2,38.3031,-74.645
6/30/22,2022,6,12.09551716,22.18926239,31.9803524,0.265624875,36,67.9,38,0,RTWB,Real Time,2,38.3031,-74.645
7/1/22,2022,7,11.96547604,22.66363335,31.97674751,0.281530456,36,67.9,38,0,RTWB,Real Time,2,38.3031,-74.645
7/2/22,2022,7,11.76040363,23.00980949,31.93942833,0.296036996,36,67.9,38,0,RTWB,Real Time,2,38.3031,-74.645
7/3/22,2022,7,12.03609943,23.54627037,32.05144119,0.302899235,36,67.9,38,0,RTWB,Real Time,2,38.3031,-74.645
7/4/22,2022,7,12.09544468,23.88889122,32.05574417,0.310353856,36,67.9,38,0,RTWB,Real Time,2,38.3031,-74.645
7/5/22,2022,7,12.52080631,23.95816612,32.09836578,0.300983153,36,67.9,38,0,RTWB,Real Time,2,38.3031,-74.645
7/6/22,2022,7,12.99278355,23.70516205,32.08980179,0.281904697,36,67.9,38,0,RTWB,Real Time,2,38.3031,-74.645
7/7/22,2022,7,12.820014,24.08579445,32.05281448,0.296467907,36,67.9,38,0,RTWB,Real Time,2,38.3031,-74.645
7/8/22,2022,7,13.55732441,24.05231476,32.13534927,0.276183957,36,67.9,38,0,RTWB,Real Time,2,38.3031,-74.645
7/9/22,2022,7,15.18918133,23.89819145,32.08796692,0.229184477,36,67.9,38,0,RTWB,Real Time,2,38.3031,-74.645
7/10/22,2022,7,14.94428158,23.81409454,32.08356094,0.233416131,36,67.9,38,0,RTWB,Real Time,2,38.3031,-74.645
7/11/22,2022,7,14.79536343,23.81263542,32.11099625,0.237296631,36,67.9,38,0,RTWB,Real Time,2,38.3031,-74.645
7/12/22,2022,7,15.38137531,24.08052635,32.37449265,0.228925027,36,67.9,38,0,RTWB,Real Time,2,38.3031,-74.645
7/13/22,2022,7,14.92527008,24.17527008,32.37581253,0.243421053,36,67.9,38,0,RTWB,Real Time,2,38.3031,-74.645
7/14/22,2022,7,14.7949028,24.46814728,32.34191513,0.254559065,36,67.9,38,0,RTWB,Real Time,2,38.3031,-74.645
7/15/22,2022,7,14.06020832,24.81705475,32.40300369,0.283074906,36,67.9,38,0,RTWB,Real Time,2,38.3031,-74.645
7/16/22,2022,7,14.12694263,24.91726112,32.41028976,0.28395575,36,67.9,38,0,RTWB,Real Time,2,38.3031,-74.645
7/17/22,2022,7,14.04978657,25.07048798,32.38276291,0.290018458,36,67.9,38,0,RTWB,Real Time,2,38.3031,-74.645
7/18/22,2022,7,15.35645962,25.18634033,32.37760162,0.258681071,36,67.9,38,0,RTWB,Real Time,2,38.3031,-74.645
7/19/22,2022,7,15.09603882,25.4189167,32.35848236,0.271654681,36,67.9,38,0,RTWB,Real Time,2,38.3031,-74.645
7/20/22,2022,7,14.93946075,26.2162075,32.37515259,0.296756493,36,67.9,38,0,RTWB,Real Time,2,38.3031,-74.645
7/21/22,2022,7,17.00315094,25.98421288,32.32001114,0.236343735,36,67.9,38,0,RTWB,Real Time,2,38.3031,-74.645
7/22/22,2022,7,16.91985321,25.61647224,32.24459457,0.228858396,36,67.9,38,0,RTWB,Real Time,2,38.3031,-74.645
7/23/22,2022,7,16.77685738,25.83533287,32.27433395,0.238380934,36,67.9,38,0,RTWB,Real Time,2,38.3031,-74.645
7/24/22,2022,7,16.7226944,25.68501282,32.67850113,0.235850485,36,67.9,38,0,RTWB,Real Time,2,38.3031,-74.645
7/25/22,2022,7,16.34783363,24.78574562,32.81305313,0.222050315,36,67.9,38,0,RTWB,Real Time,2,38.3031,-74.645
7/26/22,2022,7,16.03694916,24.1651783,32.89287949,0.213900767,36,67.9,38,0,RTWB,Real Time,2,38.3031,-74.645
7/27/22,2022,7,17.05175591,24.89949799,32.89579391,0.206519528,36,67.9,38,0,RTWB,Real Time,2,38.3031,-74.645
7/28/22,2022,7,17.16042519,25.07395935,32.93868256,0.208250899,36,67.9,38,0,RTWB,Real Time,2,38.3031,-74.645
7/29/22,2022,7,17.15903091,25.21545982,32.98284531,0.212011287,36,67.9,38,0,RTWB,Real Time,2,38.3031,-74.645
7/30/22,2022,7,16.86727524,24.60341072,33.07656479,0.203582513,36,67.9,38,0,RTWB,Real Time,2,38.3031,-74.645
7/31/22,2022,7,16.90623665,24.71626854,33.09719086,0.205527155,36,67.9,38,0,RTWB,Real Time,2,38.3031,-74.645
8/1/22,2022,8,16.86781311,24.83559418,33.07682419,0.209678449,36,67.9,38,0,RTWB,Real Time,2,38.3031,-74.645
8/2/22,2022,8,16.803442,25.40285683,33.03564072,0.22630039,36,67.9,38,0,RTWB,Real Time,2,38.3031,-74.645
8/3/22,2022,8,16.88713074,25.95593452,32.82891464,0.238652731,36,67.9,38,0,RTWB,Real Time,2,38.3031,-74.645
8/4/22,2022,8,16.84779358,26.26940727,32.62823105,0.247937202,36,67.9,38,0,RTWB,Real Time,2,38.3031,-74.645
8/5/22,2022,8,16.52583313,26.20868492,32.46519852,0.254811889,36,67.9,38,1,RTWB,Real Time,2,38.3031,-74.645
8/6/22,2022,8,16.19140816,26.31217194,32.34585953,0.266335889,36,67.9,38,1,RTWB,Real Time,2,38.3031,-74.645
8/7/22,2022,8,15.9755106,26.44509125,32.35077667,0.27551528,36,67.9,38,0,RTWB,Real Time,2,38.3031,-74.645
8/8/22,2022,8,17.93295479,26.2364254,32.54831314,0.218512385,36,67.9,38,0,RTWB,Real Time,2,38.3031,-74.645
8/9/22,2022,8,17.33901024,26.10182762,33.10027313,0.230600457,36,67.9,38,0,RTWB,Real Time,2,38.3031,-74.645
8/10/22,2022,8,16.62004471,26.2363739,33.37242126,0.253061295,36,67.9,38,0,RTWB,Real Time,2,38.3031,-74.645
8/11/22,2022,8,17.81096077,25.15460968,33.3219223,0.193253919,36,67.9,38,0,RTWB,Real Time,2,38.3031,-74.645
8/12/22,2022,8,18.00195503,24.30835915,33.25076294,0.165958003,36,67.9,38,0,RTWB,Real Time,2,38.3031,-74.645
8/13/22,2022,8,18.15511894,24.14080238,33.21151733,0.157517985,36,67.9,38,0,RTWB,Real Time,2,38.3031,-74.645
8/14/22,2022,8,17.78215218,24.72047424,33.00896454,0.182587423,36,67.9,38,0,RTWB,Real Time,2,38.3031,-74.645
8/15/22,2022,8,17.65455818,24.73856354,33.03807449,0.186421194,36,67.9,38,0,RTWB,Real Time,2,38.3031,-74.645
8/16/22,2022,8,17.27443123,24.61747742,33.10377884,0.193238058,36,67.9,38,0,RTWB,Real Time,2,38.3031,-74.645
8/17/22,2022,8,16.35792542,24.13356209,32.96436691,0.204622018,36,67.9,38,0,RTWB,Real Time,2,38.3031,-74.645
8/18/22,2022,8,15.70163345,24.10164833,32.92336273,0.221053023,36,67.9,38,0,RTWB,Real Time,2,38.3031,-74.645
8/19/22,2022,8,14.90238094,24.07865715,32.81002808,0.241480953,36,67.9,38,0,RTWB,Real Time,2,38.3031,-74.645
8/20/22,2022,8,14.43528652,24.26856422,32.77936935,0.258770466,36,67.9,38,0,RTWB,Real Time,2,38.3031,-74.645
8/21/22,2022,8,14.50230694,24.47418213,32.76916504,0.262417768,36,67.9,38,0,RTWB,Real Time,2,38.3031,-74.645
8/22/22,2022,8,14.67394733,24.41334724,32.73628616,0.256299998,36,67.9,38,0,RTWB,Real Time,2,38.3031,-74.645
8/23/22,2022,8,13.73268509,24.69145775,32.71829987,0.288388754,36,67.9,38,0,RTWB,Real Time,2,38.3031,-74.645
8/24/22,2022,8,13.49089336,24.99107361,32.73792648,0.302636322,36,67.9,38,0,RTWB,Real Time,2,38.3031,-74.645
8/25/22,2022,8,13.52658558,25.25206947,32.7519455,0.308565366,36,67.9,38,0,RTWB,Real Time,2,38.3031,-74.645
8/26/22,2022,8,14.59941387,25.3848629,32.78768539,0.283827606,36,67.9,38,0,RTWB,Real Time,2,38.3031,-74.645
8/27/22,2022,8,14.30297089,25.38477135,32.79023361,0.291626328,36,67.9,38,0,RTWB,Real Time,2,38.3031,-74.645
8/28/22,2022,8,14.0411272,25.61014366,32.80044937,0.304447801,36,67.9,38,0,RTWB,Real Time,2,38.3031,-74.645
8/29/22,2022,8,15.19021606,25.89188194,32.83459091,0.281622786,36,67.9,38,0,RTWB,Real Time,2,38.3031,-74.645
8/30/22,2022,8,15.38248825,26.11670685,32.8070488,0.282479437,36,67.9,38,0,RTWB,Real Time,2,38.3031,-74.645
8/31/22,2022,8,15.16511154,26.06662178,32.77042389,0.286881848,36,67.9,38,0,RTWB,Real Time,2,38.3031,-74.645
9/1/22,2022,9,14.23880768,25.49988556,32.75096893,0.296344155,36,67.9,38,0,RTWB,Real Time,2,38.3031,-74.645
9/2/22,2022,9,14.36505604,25.29894829,32.72295761,0.287734007,36,67.9,38,0,RTWB,Real Time,2,38.3031,-74.645
9/3/22,2022,9,15.18144226,25.15377235,32.75547409,0.262429739,36,67.9,38,0,RTWB,Real Time,2,38.3031,-74.645
9/4/22,2022,9,15.41460896,25.73998833,32.89796448,0.27172051,36,67.9,38,0,RTWB,Real Time,2,38.3031,-74.645
9/5/22,2022,9,14.89749432,25.86096382,32.94855499,0.288512355,36,67.9,38,0,RTWB,Real Time,2,38.3031,-74.645
9/6/22,2022,9,14.51508236,25.78507423,32.93561554,0.296578734,36,67.9,38,0,RTWB,Real Time,2,38.3031,-74.645
9/7/22,2022,9,16.93385696,24.6895771,32.94034576,0.204097898,36,67.9,38,0,RTWB,Real Time,2,38.3031,-74.645
9/8/22,2022,9,18.55997849,24.18161583,32.65809631,0.147937825,36,67.9,38,0,RTWB,Real Time,2,38.3031,-74.645
9/9/22,2022,9,19.48129463,23.96400642,32.59936905,0.1179661,36,67.9,38,0,RTWB,Real Time,2,38.3031,-74.645
9/10/22,2022,9,20.48618698,23.85103798,32.68597412,0.08854871,36,67.9,38,0,RTWB,Real Time,2,38.3031,-74.645
9/11/22,2022,9,20.1261425,23.7844677,32.8316803,0.096271716,36,67.9,38,0,RTWB,Real Time,2,38.3031,-74.645
9/12/22,2022,9,19.46732521,23.69611549,32.8935051,0.111283955,36,67.9,38,0,RTWB,Real Time,2,38.3031,-74.645
9/13/22,2022,9,19.5296669,23.95848274,32.77506638,0.116547785,36,67.9,38,0,RTWB,Real Time,2,38.3031,-74.645
9/14/22,2022,9,19.55585289,23.87200737,32.76151657,0.113583013,36,67.9,38,0,RTWB,Real Time,2,38.3031,-74.645
9/15/22,2022,9,19.41417694,23.76672173,32.74077988,0.114540652,36,67.9,38,0,RTWB,Real Time,2,38.3031,-74.645
9/16/22,2022,9,18.0948391,23.52027321,32.76359177,0.142774582,36,67.9,38,0,RTWB,Real Time,2,38.3031,-74.645
9/17/22,2022,9,17.62634087,23.53790855,32.77548981,0.155567571,36,67.9,38,0,RTWB,Real Time,2,38.3031,-74.645
9/18/22,2022,9,17.24399757,23.61718178,32.78081131,0.167715374,36,67.9,38,0,RTWB,Real Time,2,38.3031,-74.645
9/19/22,2022,9,16.68014336,23.73677826,32.90110779,0.185700918,36,67.9,38,0,RTWB,Real Time,2,38.3031,-74.645
9/20/22,2022,9,15.74604893,23.8950119,32.93232346,0.214446394,36,67.9,38,0,RTWB,Real Time,2,38.3031,-74.645
9/21/22,2022,9,16.52792168,23.97875977,32.90008545,0.196074687,36,67.9,38,0,RTWB,Real Time,2,38.3031,-74.645
9/22/22,2022,9,18.40455437,24.03199768,32.84017563,0.148090614,36,67.9,38,0,RTWB,Real Time,2,38.3031,-74.645
9/23/22,2022,9,18.05784035,23.31997681,32.80266953,0.138477275,36,67.9,38,0,RTWB,Real Time,2,38.3031,-74.645
9/24/22,2022,9,19.60258102,22.79492188,32.6350174,0.08400897,36,67.9,38,0,RTWB,Real Time,2,38.3031,-74.645
9/25/22,2022,9,18.08558846,22.09007454,32.51813126,0.105381213,36,67.9,38,0,RTWB,Real Time,2,38.3031,-74.645
9/26/22,2022,9,15.66102219,21.94426918,32.71307755,0.165348605,36,67.9,38,0,RTWB,Real Time,2,38.3031,-74.645
9/27/22,2022,9,14.68920994,21.88379478,32.71529007,0.18933118,36,67.9,38,0,RTWB,Real Time,2,38.3031,-74.645
9/28/22,2022,9,14.38000011,21.69939613,32.66917801,0.192615685,36,67.9,38,0,RTWB,Real Time,2,38.3031,-74.645
9/29/22,2022,9,14.66585445,21.44162941,32.61991501,0.178309867,36,67.9,38,0,RTWB,Real Time,2,38.3031,-74.645
9/30/22,2022,9,17.98235893,20.99635506,32.53801346,0.079315687,36,67.9,38,0,RTWB,Real Time,2,38.3031,-74.645
10/1/22,2022,10,20.18708992,20.39849472,32.5630722,0.005563284,36,67.9,38,0,RTWB,Real Time,2,38.3031,-74.645
10/2/22,2022,10,20.40906525,20.49205589,32.36078262,0.002183964,36,67.9,38,0,RTWB,Real Time,2,38.3031,-74.645
10/3/22,2022,10,20.21916008,20.20384789,32.54275894,-0.000402952,36,67.9,38,0,RTWB,Real Time,2,38.3031,-74.645
10/4/22,2022,10,19.43534851,19.41145515,32.90707779,-0.000628773,36,67.9,38,0,RTWB,Real Time,2,38.3031,-74.645
10/5/22,2022,10,18.92767143,18.91740227,33.13830566,-0.000270241,36,67.9,38,0,RTWB,Real Time,2,38.3031,-74.645
10/6/22,2022,10,18.42146492,18.4599781,33.001091,0.001013505,36,67.9,38,0,RTWB,Real Time,2,38.3031,-74.645
10/7/22,2022,10,18.03273582,18.60142708,32.84432983,0.014965559,36,67.9,38,0,RTWB,Real Time,2,38.3031,-74.645
10/8/22,2022,10,18.01549339,18.54295158,32.88900375,0.013880479,36,67.9,38,0,RTWB,Real Time,2,38.3031,-74.645
10/9/22,2022,10,18.04408836,18.0753479,32.97222519,0.000822619,36,67.9,38,0,RTWB,Real Time,2,38.3031,-74.645
10/10/22,2022,10,17.31647873,18.00106049,33.08562469,0.018015309,36,67.9,38,0,RTWB,Real Time,2,38.3031,-74.645
10/11/22,2022,10,17.40163994,18.02719688,33.11067963,0.016462025,36,67.9,38,0,RTWB,Real Time,2,38.3031,-74.645
10/12/22,2022,10,17.48945427,18.10928154,33.09036636,0.016311244,36,67.9,38,0,RTWB,Real Time,2,38.3031,-74.645
10/13/22,2022,10,17.37435722,18.31604576,33.01743317,0.024781277,36,67.9,38,0,RTWB,Real Time,2,38.3031,-74.645
10/14/22,2022,10,17.33976555,18.21133614,32.99766541,0.022936068,36,67.9,38,0,RTWB,Real Time,2,38.3031,-74.645
10/15/22,2022,10,17.31618309,18.06809044,33.03560638,0.019787035,36,67.9,38,0,RTWB,Real Time,2,38.3031,-74.645
10/16/22,2022,10,17.45339775,17.93191528,32.98221207,0.012592567,36,67.9,38,0,RTWB,Real Time,2,38.3031,-74.645
10/17/22,2022,10,17.42097282,18.00555038,32.91454315,0.01538362,36,67.9,38,0,RTWB,Real Time,2,38.3031,-74.645
10/18/22,2022,10,17.51277351,17.82154274,32.87088776,0.008125506,36,67.9,38,0,RTWB,Real Time,2,38.3031,-74.645
10/19/22,2022,10,17.25332832,17.56787682,33.13657379,0.008277592,36,67.9,38,0,RTWB,Real Time,2,38.3031,-74.645
10/20/22,2022,10,17.20052338,17.31054115,33.20259476,0.002895205,36,67.9,38,0,RTWB,Real Time,2,38.3031,-74.645
10/21/22,2022,10,17.1026783,17.25626183,33.1036644,0.004041672,36,67.9,38,0,RTWB,Real Time,2,38.3031,-74.645
10/22/22,2022,10,16.62216377,17.17453003,33.15533066,0.014535954,36,67.9,38,0,RTWB,Real Time,2,38.3031,-74.645
10/23/22,2022,10,16.76106644,17.18515587,33.25333786,0.011160248,36,67.9,38,0,RTWB,Real Time,2,38.3031,-74.645
10/24/22,2022,10,17.02858734,17.17672157,33.27238846,0.003898269,36,67.9,38,0,RTWB,Real Time,2,38.3031,-74.645
10/25/22,2022,10,16.89640617,17.15139008,33.14239502,0.006710103,36,67.9,38,0,RTWB,Real Time,2,38.3031,-74.645
10/26/22,2022,10,16.80330658,17.2581749,33.10563278,0.011970219,36,67.9,38,0,RTWB,Real Time,2,38.3031,-74.645
10/27/22,2022,10,16.67305183,17.1558342,33.12717056,0.012704799,36,67.9,38,0,RTWB,Real Time,2,38.3031,-74.645
10/28/22,2022,10,17.25405884,17.04327202,33.22314453,-0.005547022,36,67.9,38,0,RTWB,Real Time,2,38.3031,-74.645
10/29/22,2022,10,16.94822502,16.93761444,33.18963242,-0.000279226,36,67.9,38,0,RTWB,Real Time,2,38.3031,-74.645
10/30/22,2022,10,16.94045639,16.93204498,33.24178696,-0.000221353,36,67.9,38,0,RTWB,Real Time,2,38.3031,-74.645
10/31/22,2022,10,17.23942757,17.23462677,33.34781265,-0.000126337,36,67.9,38,0,RTWB,Real Time,2,38.3031,-74.645
11/1/22,2022,11,17.27931404,17.26325989,33.28182602,-0.000422478,36,67.9,38,0,RTWB,Real Time,2,38.3031,-74.645
11/2/22,2022,11,17.31888962,17.22723961,33.27511597,-0.002411842,36,67.9,38,0,RTWB,Real Time,2,38.3031,-74.645
11/3/22,2022,11,17.11322975,17.15670395,33.36546326,0.001144058,36,67.9,38,0,RTWB,Real Time,2,38.3031,-74.645
11/4/22,2022,11,17.11270332,17.19540215,33.34046555,0.002176285,36,67.9,38,0,RTWB,Real Time,2,38.3031,-74.645
11/5/22,2022,11,17.12490463,17.30680466,33.30410385,0.004786843,36,67.9,38,0,RTWB,Real Time,2,38.3031,-74.645
11/6/22,2022,11,17.64527702,17.67601967,33.25642014,0.000809017,36,67.9,38,0,RTWB,Real Time,2,38.3031,-74.645
11/7/22,2022,11,17.70765877,17.84714317,33.10143661,0.003670642,36,67.9,38,0,RTWB,Real Time,2,38.3031,-74.645
11/8/22,2022,11,17.7037735,17.70031929,33.2375679,-9.09E-05,36,67.9,38,0,RTWB,Real Time,2,38.3031,-74.645
11/9/22,2022,11,17.08364296,17.14996529,33.40581512,0.001745324,36,67.9,38,0,RTWB,Real Time,2,38.3031,-74.645
11/10/22,2022,11,16.92532349,16.98429489,33.35636139,0.001551879,36,67.9,38,0,RTWB,Real Time,2,38.3031,-74.645
11/11/22,2022,11,16.94733429,17.06453323,33.34505463,0.003084183,36,67.9,38,0,RTWB,Real Time,2,38.3031,-74.645
11/12/22,2022,11,17.13792038,17.22326469,33.26215744,0.002245903,36,67.9,38,0,RTWB,Real Time,2,38.3031,-74.645
11/13/22,2022,11,17.24889565,17.22727013,33.32136154,-0.000569093,36,67.9,38,0,RTWB,Real Time,2,38.3031,-74.645
11/14/22,2022,11,16.95432091,16.91000748,33.38542557,-0.001166143,36,67.9,38,0,RTWB,Real Time,2,38.3031,-74.645
11/15/22,2022,11,16.80993652,16.78351784,33.40970993,-0.000695229,36,67.9,38,0,RTWB,Real Time,2,38.3031,-74.645
11/16/22,2022,11,16.70373154,16.68392563,33.33548355,-0.000521208,36,67.9,38,1,RTWB,Real Time,2,38.3031,-74.645
11/17/22,2022,11,16.48755836,16.44394493,33.2957077,-0.001147722,36,67.9,38,0,RTWB,Real Time,2,38.3031,-74.645
11/18/22,2022,11,15.87027073,16.13682938,33.55916595,0.007014701,36,67.9,38,0,RTWB,Real Time,2,38.3031,-74.645
11/19/22,2022,11,15.88592434,15.78042603,33.65005875,-0.002776271,36,67.9,38,0,RTWB,Real Time,2,38.3031,-74.645
11/20/22,2022,11,15.66870117,15.62047577,33.71734238,-0.00126909,36,67.9,38,0,RTWB,Real Time,2,38.3031,-74.645
11/21/22,2022,11,15.37148285,15.32927608,33.79457092,-0.001110704,36,67.9,38,0,RTWB,Real Time,2,38.3031,-74.645
11/22/22,2022,11,15.13580227,15.09684849,33.7785759,-0.0010251,36,67.9,38,0,RTWB,Real Time,2,38.3031,-74.645
11/23/22,2022,11,15.07478046,14.95098972,33.73666763,-0.003257651,36,67.9,38,0,RTWB,Real Time,2,38.3031,-74.645
11/24/22,2022,11,14.98736668,15.04027653,33.75527573,0.001392365,36,67.9,38,0,RTWB,Real Time,2,38.3031,-74.645
11/25/22,2022,11,14.92739105,14.8568697,33.68751144,-0.001855825,36,67.9,38,0,RTWB,Real Time,2,38.3031,-74.645
11/26/22,2022,11,14.76648045,14.67750835,33.68965912,-0.002341371,36,67.9,38,0,RTWB,Real Time,2,38.3031,-74.645
11/27/22,2022,11,14.66218948,14.62916851,33.72238159,-0.000868973,36,67.9,38,0,RTWB,Real Time,2,38.3031,-74.645
11/28/22,2022,11,14.75912094,14.5658989,33.71722031,-0.005084791,36,67.9,38,1,RTWB,Real Time,2,38.3031,-74.645
11/29/22,2022,11,14.74320602,14.64775753,33.85225296,-0.002511802,36,67.9,38,0,RTWB,Real Time,2,38.3031,-74.645
11/30/22,2022,11,14.42288303,14.41956997,33.72573471,-8.72E-05,36,67.9,38,0,RTWB,Real Time,2,38.3031,-74.645
12/1/22,2022,12,14.22922611,14.17814159,33.70685577,-0.001344329,36,67.9,38,0,RTWB,Real Time,2,38.3031,-74.645
12/2/22,2022,12,14.04721832,14.00148773,33.78600693,-0.001203437,36,67.9,38,0,RTWB,Real Time,2,38.3031,-74.645
12/3/22,2022,12,13.99714756,13.75011539,33.72793579,-0.006500846,36,67.9,38,0,RTWB,Real Time,2,38.3031,-74.645
12/4/22,2022,12,14.12861538,13.50319195,33.65269089,-0.016458511,36,67.9,38,0,RTWB,Real Time,2,38.3031,-74.645
12/5/22,2022,12,13.6743803,13.58082485,33.78150558,-0.002461986,36,67.9,38,0,RTWB,Real Time,2,38.3031,-74.645
12/6/22,2022,12,13.33854771,13.43052959,33.69510269,0.002420576,36,67.9,38,0,RTWB,Real Time,2,38.3031,-74.645
12/7/22,2022,12,13.39028645,13.34984493,33.62899017,-0.00106425,36,67.9,38,0,RTWB,Real Time,2,38.3031,-74.645
12/8/22,2022,12,13.50217915,13.27801037,33.5958519,-0.005899178,36,67.9,38,0,RTWB,Real Time,2,38.3031,-74.645
12/9/22,2022,12,13.52749157,13.45310211,33.73589706,-0.001957617,36,67.9,38,0,RTWB,Real Time,2,38.3031,-74.645
12/10/22,2022,12,13.30268097,13.27748394,33.72076035,-0.00066308,36,67.9,38,1,RTWB,Real Time,2,38.3031,-74.645
12/11/22,2022,12,12.97432613,12.96755886,33.6225853,-0.000178086,36,67.9,38,1,RTWB,Real Time,2,38.3031,-74.645
12/12/22,2022,12,12.67827892,12.64652634,33.61582947,-0.000835594,36,67.9,38,0,RTWB,Real Time,2,38.3031,-74.645
12/13/22,2022,12,12.52060795,12.48525333,33.66555405,-0.000930385,36,67.9,38,1,RTWB,Real Time,2,38.3031,-74.645
12/14/22,2022,12,12.25704479,12.21387959,33.63187027,-0.001135926,36,67.9,38,0,RTWB,Real Time,2,38.3031,-74.645
12/15/22,2022,12,12.22568035,12.21181488,33.68414688,-0.000364881,36,67.9,38,0,RTWB,Real Time,2,38.3031,-74.645
12/16/22,2022,12,11.95508289,11.93631077,33.43751907,-0.000494003,36,67.9,38,0,RTWB,Real Time,2,38.3031,-74.645
12/17/22,2022,12,11.79497433,11.7319479,33.31019974,-0.00165859,36,67.9,38,0,RTWB,Real Time,2,38.3031,-74.645
12/18/22,2022,12,11.59038162,11.54166031,33.2974205,-0.00128214,36,67.9,38,0,RTWB,Real Time,2,38.3031,-74.645
12/19/22,2022,12,11.73861217,11.60543156,33.4679184,-0.003504753,36,67.9,38,0,RTWB,Real Time,2,38.3031,-74.645
12/20/22,2022,12,11.68420506,11.60955906,33.59729385,-0.001964368,36,67.9,38,1,RTWB,Real Time,2,38.3031,-74.645
12/21/22,2022,12,11.44102478,11.49926472,33.65860367,0.00153263,36,67.9,38,0,RTWB,Real Time,2,38.3031,-74.645
12/22/22,2022,12,11.41759014,11.41625118,33.63743973,-3.52E-05,36,67.9,38,0,RTWB,Real Time,2,38.3031,-74.645
12/23/22,2022,12,11.32105637,11.31811047,33.59458923,-7.75E-05,36,67.9,38,0,RTWB,Real Time,2,38.3031,-74.645
12/24/22,2022,12,10.6554327,10.60341072,33.60783768,-0.001368999,36,67.9,38,0,RTWB,Real Time,2,38.3031,-74.645
12/25/22,2022,12,10.14791489,10.08514023,33.50947189,-0.001651965,36,67.9,38,0,RTWB,Real Time,2,38.3031,-74.645
12/26/22,2022,12,10.3000555,10.23741627,33.61211777,-0.001648401,36,67.9,38,0,RTWB,Real Time,2,38.3031,-74.645
12/27/22,2022,12,10.50786114,10.36703873,33.70828629,-0.003705853,36,67.9,38,0,RTWB,Real Time,2,38.3031,-74.645
12/28/22,2022,12,10.92896271,10.22848415,33.70280075,-0.018433646,36,67.9,38,1,RTWB,Real Time,2,38.3031,-74.645
12/29/22,2022,12,11.11170483,9.984465599,33.64636993,-0.02966419,36,67.9,38,1,RTWB,Real Time,2,38.3031,-74.645
12/30/22,2022,12,11.6099081,9.494852066,33.3229866,-0.055659369,36,67.9,38,1,RTWB,Real Time,2,38.3031,-74.645
12/31/22,2022,12,11.65829563,9.423819542,33.26388931,-0.058802002,36,67.9,38,1,RTWB,Real Time,2,38.3031,-74.645
1/1/23,2023,1,11.66769505,9.291129112,32.96140671,-0.062541209,36,67.9,38,1,RTWB,Real Time,2,38.3031,-74.645
1/2/23,2023,1,11.43319321,9.015824318,32.91261673,-0.063614971,36,67.9,38,0,RTWB,Real Time,2,38.3031,-74.645
1/3/23,2023,1,11.32565403,8.917421341,32.92196655,-0.063374544,36,67.9,38,0,RTWB,Real Time,2,38.3031,-74.645
1/4/23,2023,1,11.59149456,8.634413719,32.86268997,-0.077817917,36,67.9,38,0,RTWB,Real Time,2,38.3031,-74.645
1/5/23,2023,1,11.59898376,9.061307907,32.79911041,-0.066780944,36,67.9,38,0,RTWB,Real Time,2,38.3031,-74.645
1/6/23,2023,1,11.31135654,9.121850967,32.67404556,-0.057618568,36,67.9,38,0,RTWB,Real Time,2,38.3031,-74.645
1/7/23,2023,1,11.07721233,8.727402687,32.3102684,-0.061837096,36,67.9,38,0,RTWB,Real Time,2,38.3031,-74.645
1/8/23,2023,1,11.1438303,9.378949165,32.33472061,-0.04644424,36,67.9,38,0,RTWB,Real Time,2,38.3031,-74.645
1/9/23,2023,1,11.20420456,9.415980339,32.285923,-0.047058532,36,67.9,38,0,RTWB,Real Time,2,38.3031,-74.645
1/10/23,2023,1,11.35277653,9.302966118,32.36157608,-0.053942379,36,67.9,38,0,RTWB,Real Time,2,38.3031,-74.645
1/11/23,2023,1,11.28353405,9.27780056,32.58719635,-0.05278246,36,67.9,38,0,RTWB,Real Time,2,38.3031,-74.645
1/12/23,2023,1,11.0569458,9.214025497,32.5625267,-0.048497903,36,67.9,38,1,RTWB,Real Time,2,38.3031,-74.645
1/13/23,2023,1,11.12756634,9.16988945,32.33034134,-0.051517813,36,67.9,38,1,RTWB,Real Time,2,38.3031,-74.645
1/14/23,2023,1,11.38424206,8.966114998,32.25177002,-0.063634923,36,67.9,38,0,RTWB,Real Time,2,38.3031,-74.645
1/15/23,2023,1,11.21588039,9.077403069,32.74817657,-0.056275719,36,67.9,38,1,RTWB,Real Time,2,38.3031,-74.645
1/16/23,2023,1,9.959439278,9.070691109,33.21706009,-0.02338811,36,67.9,38,1,RTWB,Real Time,2,38.3031,-74.645
1/17/23,2023,1,9.195723534,9.035835266,33.30030441,-0.004207586,36,67.9,38,1,RTWB,Real Time,2,38.3031,-74.645
1/18/23,2023,1,9.368613243,8.564778328,32.97833252,-0.02115355,36,67.9,38,1,RTWB,Real Time,2,38.3031,-74.645
1/19/23,2023,1,9.581218719,8.665503502,33.03957367,-0.024097769,36,67.9,38,1,RTWB,Real Time,2,38.3031,-74.645
1/20/23,2023,1,9.194026947,8.841515541,32.5782814,-0.009276616,36,67.9,38,0,RTWB,Real Time,2,38.3031,-74.645
1/21/23,2023,1,9.288591385,8.745173454,32.70205307,-0.014300472,36,67.9,38,1,RTWB,Real Time,2,38.3031,-74.645
1/22/23,2023,1,9.156663895,8.283040047,32.62382507,-0.022990101,36,67.9,38,1,RTWB,Real Time,2,38.3031,-74.645
1/23/23,2023,1,9.009009361,8.329703331,32.50303268,-0.017876474,36,67.9,38,0,RTWB,Real Time,2,38.3031,-74.645
1/24/23,2023,1,9.156732559,8.226805687,32.61890793,-0.02447176,36,67.9,38,0,RTWB,Real Time,2,38.3031,-74.645
1/25/23,2023,1,9.296311378,8.251077652,32.67956924,-0.027506151,36,67.9,38,0,RTWB,Real Time,2,38.3031,-74.645
1/26/23,2023,1,8.521384239,8.597257614,32.91285706,0.001996668,36,67.9,38,1,RTWB,Real Time,2,38.3031,-74.645
1/27/23,2023,1,8.730883598,8.382586479,32.9114418,-0.009165714,36,67.9,38,1,RTWB,Real Time,2,38.3031,-74.645
1/28/23,2023,1,8.944470406,8.283102036,32.78197098,-0.017404431,36,67.9,38,1,RTWB,Real Time,2,38.3031,-74.645
1/29/23,2023,1,9.421513557,8.124267578,33.013237,-0.034138052,36,67.9,38,1,RTWB,Real Time,2,38.3031,-74.645
1/30/23,2023,1,9.300463676,8.136658669,33.03342819,-0.030626448,36,67.9,38,0,RTWB,Real Time,2,38.3031,-74.645
1/31/23,2023,1,9.379221916,7.99368906,32.82868195,-0.036461391,36,67.9,38,1,RTWB,Real Time,2,38.3031,-74.645
2/1/23,2023,2,8.962582588,8.469137192,33.14598465,-0.012985405,36,67.9,38,0,RTWB,Real Time,2,38.3031,-74.645
2/2/23,2023,2,8.68489933,8.498541832,33.18434143,-0.004904145,36,67.9,38,1,RTWB,Real Time,2,38.3031,-74.645
2/3/23,2023,2,8.686976433,8.422101021,33.20653152,-0.006970406,36,67.9,38,0,RTWB,Real Time,2,38.3031,-74.645
2/4/23,2023,2,7.734199047,7.932332993,33.18085098,0.005214051,36,67.9,38,1,RTWB,Real Time,2,38.3031,-74.645
2/5/23,2023,2,7.987145901,7.366195679,33.03648758,-0.016340795,36,67.9,38,1,RTWB,Real Time,2,38.3031,-74.645
2/6/23,2023,2,8.101944923,7.38932085,32.80969238,-0.018753265,36,67.9,38,1,RTWB,Real Time,2,38.3031,-74.645
2/7/23,2023,2,7.703237057,7.552906036,32.94804764,-0.003956079,36,67.9,38,1,RTWB,Real Time,2,38.3031,-74.645
2/8/23,2023,2,7.549946308,7.15485239,32.52093124,-0.010397208,36,67.9,38,1,RTWB,Real Time,2,38.3031,-74.645
2/9/23,2023,2,7.629715443,7.497425556,32.6775856,-0.003481313,36,67.9,38,1,RTWB,Real Time,2,38.3031,-74.645
2/10/23,2023,2,7.546774387,7.107830048,32.17898178,-0.011551167,36,67.9,38,0,RTWB,Real Time,2,38.3031,-74.645
2/11/23,2023,2,7.664884567,7.224441051,32.22237396,-0.011590619,36,67.9,38,0,RTWB,Real Time,2,38.3031,-74.645
2/12/23,2023,2,7.719017029,7.386423588,32.51651001,-0.008752459,36,67.9,38,0,RTWB,Real Time,2,38.3031,-74.645
2/13/23,2023,2,7.981796741,7.987277985,32.81248093,0.000144243,36,67.9,38,1,RTWB,Real Time,2,38.3031,-74.645
2/14/23,2023,2,7.897250652,7.774037838,32.62836838,-0.003242442,36,67.9,38,1,RTWB,Real Time,2,38.3031,-74.645
2/15/23,2023,2,7.940478802,7.799986362,32.65446091,-0.003697169,36,67.9,38,1,RTWB,Real Time,2,38.3031,-74.645
2/16/23,2023,2,7.761678696,7.897302628,32.40146255,0.003569051,36,67.9,38,1,RTWB,Real Time,2,38.3031,-74.645
2/17/23,2023,2,7.952400684,7.982907772,32.10621262,0.000802818,36,67.9,38,1,RTWB,Real Time,2,38.3031,-74.645
2/18/23,2023,2,8.088962555,7.853236675,32.30234146,-0.006203313,36,67.9,38,1,RTWB,Real Time,2,38.3031,-74.645
2/19/23,2023,2,7.815496922,7.568850994,32.46934509,-0.006490682,36,67.9,38,1,RTWB,Real Time,2,38.3031,-74.645
2/20/23,2023,2,7.887908936,7.616709232,32.316082,-0.007136834,36,67.9,38,0,RTWB,Real Time,2,38.3031,-74.645
2/21/23,2023,2,7.995250225,7.777809143,32.26379776,-0.005722134,36,67.9,38,1,RTWB,Real Time,2,38.3031,-74.645
2/22/23,2023,2,8.29956913,7.832479477,32.37192917,-0.012291833,36,67.9,38,0,RTWB,Real Time,2,38.3031,-74.645
2/23/23,2023,2,8.307328224,8.045321465,32.39030838,-0.006894915,36,67.9,38,1,RTWB,Real Time,2,38.3031,-74.645
2/24/23,2023,2,8.179270744,8.138846397,32.30316544,-0.001063799,36,67.9,38,1,RTWB,Real Time,2,38.3031,-74.645
2/25/23,2023,2,8.373240471,7.494991302,32.47506714,-0.02311182,36,67.9,38,0,RTWB,Real Time,2,38.3031,-74.645
2/26/23,2023,2,8.04620266,7.525043964,32.49231339,-0.013714703,36,67.9,38,0,RTWB,Real Time,2,38.3031,-74.645
2/27/23,2023,2,8.123630524,7.604803085,32.4900322,-0.013653354,36,67.9,38,1,RTWB,Real Time,2,38.3031,-74.645
2/28/23,2023,2,8.03069973,7.734979153,32.4916954,-0.00778212,36,67.9,38,1,RTWB,Real Time,2,38.3031,-74.645
3/1/23,2023,3,7.696409702,7.7176404,32.49942398,0.000558703,36,67.9,38,1,RTWB,Real Time,2,38.3031,-74.645
3/2/23,2023,3,7.670841694,7.746943951,32.44041061,0.002002691,36,67.9,38,1,RTWB,Real Time,2,38.3031,-74.645
3/3/23,2023,3,7.8809762,7.594220638,32.41457748,-0.007546199,36,67.9,38,1,RTWB,Real Time,2,38.3031,-74.645
3/4/23,2023,3,7.791173935,7.812227726,32.46545792,0.000554047,36,67.9,38,1,RTWB,Real Time,2,38.3031,-74.645
3/5/23,2023,3,7.756342411,7.804922104,32.43033218,0.001278413,36,67.9,38,1,RTWB,Real Time,2,38.3031,-74.645
3/6/23,2023,3,7.686500072,7.766738892,32.34093094,0.002111548,36,67.9,38,1,RTWB,Real Time,2,38.3031,-74.645
3/7/23,2023,3,7.771721363,7.839962006,32.33301926,0.001795806,36,67.9,38,1,RTWB,Real Time,2,38.3031,-74.645
3/8/23,2023,3,7.631913662,7.615784168,32.36874008,-0.00042446,36,67.9,38,0,RTWB,Real Time,2,38.3031,-74.645
3/9/23,2023,3,7.351467609,7.379187107,32.35886765,0.00072946,36,67.9,38,1,RTWB,Real Time,2,38.3031,-74.645
3/10/23,2023,3,7.427900314,7.499054432,32.34874344,0.001872477,36,67.9,38,1,RTWB,Real Time,2,38.3031,-74.645
3/11/23,2023,3,7.546471119,7.459298611,32.34476089,-0.002294013,36,67.9,38,1,RTWB,Real Time,2,38.3031,-74.645
3/12/23,2023,3,7.535779476,7.550035,32.37065887,0.000375145,36,67.9,38,1,RTWB,Real Time,2,38.3031,-74.645
3/13/23,2023,3,7.561740398,7.560298443,32.37673187,-3.79E-05,36,67.9,38,1,RTWB,Real Time,2,38.3031,-74.645
3/14/23,2023,3,7.533532619,7.414818287,32.36436081,-0.003124061,36,67.9,38,0,RTWB,Real Time,2,38.3031,-74.645
3/15/23,2023,3,7.543343067,7.403430462,32.39793777,-0.003681911,36,67.9,38,0,RTWB,Real Time,2,38.3031,-74.645
3/16/23,2023,3,7.462976456,7.348829269,32.34684753,-0.003003873,36,67.9,38,0,RTWB,Real Time,2,38.3031,-74.645
3/17/23,2023,3,7.313697815,7.302045822,32.19851303,-0.000306631,36,67.9,38,0,RTWB,Real Time,2,38.3031,-74.645
3/18/23,2023,3,7.51830101,7.187115192,31.78403473,-0.008715416,36,67.9,38,0,RTWB,Real Time,2,38.3031,-74.645
3/19/23,2023,3,7.539875507,7.136520386,32.08879852,-0.010614608,36,67.9,38,0,RTWB,Real Time,2,38.3031,-74.645
3/20/23,2023,3,7.595308304,7.219806671,32.30636215,-0.009881622,36,67.9,38,0,RTWB,Real Time,2,38.3031,-74.645
3/21/23,2023,3,7.476568222,7.324859619,32.34975815,-0.003992332,36,67.9,38,0,RTWB,Real Time,2,38.3031,-74.645
3/22/23,2023,3,7.581941128,7.455263138,32.11161423,-0.003333631,36,67.9,38,0,RTWB,Real Time,2,38.3031,-74.645
3/23/23,2023,3,7.610876083,7.727706909,32.05466461,0.003074495,36,67.9,38,0,RTWB,Real Time,2,38.3031,-74.645
3/24/23,2023,3,8.079901695,8.251086235,31.71053314,0.004504856,36,67.9,38,0,RTWB,Real Time,2,38.3031,-74.645
3/25/23,2023,3,8.096774101,8.396784782,32.17030716,0.007895018,36,67.9,38,0,RTWB,Real Time,2,38.3031,-74.645
3/26/23,2023,3,8.033474922,8.525682449,32.05886459,0.01295283,36,67.9,38,0,RTWB,Real Time,2,38.3031,-74.645
3/27/23,2023,3,7.293209076,8.384804726,32.03058243,0.028726201,36,67.9,38,0,RTWB,Real Time,2,38.3031,-74.645
3/28/23,2023,3,7.266014099,8.390120506,31.91649628,0.029581748,36,67.9,38,0,RTWB,Real Time,2,38.3031,-74.645
3/29/23,2023,3,7.166030407,8.439863205,32.07297897,0.033521916,36,67.9,38,0,RTWB,Real Time,2,38.3031,-74.645
3/30/23,2023,3,7.268545628,8.091382027,32.18661499,0.021653589,36,67.9,38,0,RTWB,Real Time,2,38.3031,-74.645
3/31/23,2023,3,7.366525173,8.039341927,32.24121475,0.017705704,36,67.9,38,0,RTWB,Real Time,2,38.3031,-74.645
4/1/23,2023,4,7.540391922,8.36101532,31.86325264,0.021595353,36,67.9,38,0,RTWB,Real Time,2,38.3031,-74.645
4/2/23,2023,4,8.291630745,8.651297569,31.83162117,0.009464916,36,67.9,38,0,RTWB,Real Time,2,38.3031,-74.645
4/3/23,2023,4,8.343489647,8.802519798,31.87940788,0.012079741,36,67.9,38,0,RTWB,Real Time,2,38.3031,-74.645
4/4/23,2023,4,8.310118675,9.106131554,31.76753807,0.020947707,36,67.9,38,0,RTWB,Real Time,2,38.3031,-74.645
4/5/23,2023,4,8.560341835,8.954989433,31.77392006,0.010385463,36,67.9,38,0,RTWB,Real Time,2,38.3031,-74.645
4/6/23,2023,4,8.449468613,9.161060333,31.71329689,0.018726098,36,67.9,38,0,RTWB,Real Time,2,38.3031,-74.645
4/7/23,2023,4,8.462121964,9.419859886,31.5585537,0.02520363,36,67.9,38,1,RTWB,Real Time,2,38.3031,-74.645
4/8/23,2023,4,8.708330154,9.679193497,31.56706047,0.025549035,36,67.9,38,0,RTWB,Real Time,2,38.3031,-74.645
4/9/23,2023,4,8.684686661,9.556563377,31.75805092,0.022944124,36,67.9,38,0,RTWB,Real Time,2,38.3031,-74.645
4/10/23,2023,4,8.678505898,9.652741432,31.89782715,0.025637777,36,67.9,38,0,RTWB,Real Time,2,38.3031,-74.645
4/11/23,2023,4,8.397455215,9.820866585,31.81645012,0.037458194,36,67.9,38,0,RTWB,Real Time,2,38.3031,-74.645
4/12/23,2023,4,8.280359268,10.25370884,31.63863564,0.051930252,36,67.9,38,0,RTWB,Real Time,2,38.3031,-74.645
4/13/23,2023,4,8.264947891,10.87571812,31.67221069,0.06870448,36,67.9,38,0,RTWB,Real Time,2,38.3031,-74.645
4/14/23,2023,4,9.240176201,11.09515095,31.66131592,0.048815125,36,67.9,38,0,RTWB,Real Time,2,38.3031,-74.645
4/15/23,2023,4,9.502969742,11.78356647,31.63047791,0.060015704,36,67.9,38,0,RTWB,Real Time,2,38.3031,-74.645
4/16/23,2023,4,9.521739006,12.13486576,31.49672699,0.068766494,36,67.9,38,0,RTWB,Real Time,2,38.3031,-74.645
4/17/23,2023,4,9.412332535,12.45861816,31.34571266,0.080165411,36,67.9,38,0,RTWB,Real Time,2,38.3031,-74.645
4/18/23,2023,4,9.371352196,12.64191341,31.21449852,0.0860674,36,67.9,38,0,RTWB,Real Time,2,38.3031,-74.645
4/19/23,2023,4,9.389910698,12.73428726,31.25612068,0.08800991,36,67.9,38,0,RTWB,Real Time,2,38.3031,-74.645
4/20/23,2023,4,9.250124931,12.44530964,31.65756416,0.088755131,48.7,55.9,36,0,T2M,Archival,2,38.3032,-74.5052
4/20/23,2023,4,9.359798431,12.64504623,31.30716705,0.09386,36,67.9,35,0,A7M,Archival,2,38.3031,-74.6525
4/20/23,2023,4,9.618132591,12.85407543,30.79036522,0.134830952,21.4,83.3,24,0,A2M,Archival,2,38.378,-74.8051
4/20/23,2023,4,9.359798431,12.64504623,31.30716705,0.08645389,36,67.9,38,0,RTWB,Real Time,2,38.3031,-74.645
4/21/23,2023,4,9.270290375,13.00626278,31.59156609,0.103777011,48.7,55.9,36,0,T2M,Archival,2,38.3032,-74.5052
4/21/23,2023,4,9.395140648,13.07602978,31.26559448,0.10517,36,67.9,35,0,A7M,Archival,2,38.3031,-74.6525
4/21/23,2023,4,9.641329765,13.18695545,30.69754219,0.147734404,21.4,83.3,24,0,A2M,Archival,2,38.378,-74.8051
4/21/23,2023,4,9.395140648,13.07602978,31.26559448,0.096865503,36,67.9,38,0,RTWB,Real Time,2,38.3031,-74.645
4/22/23,2023,4,9.18212986,13.1375351,31.47811317,0.109872368,48.7,55.9,36,0,T2M,Archival,2,38.3032,-74.5052
4/22/23,2023,4,9.3058815,13.00588989,31.10891914,0.10571,36,67.9,35,0,A7M,Archival,2,38.3031,-74.6525
4/22/23,2023,4,9.491726875,12.91782284,30.65930939,0.142753998,21.4,83.3,24,0,A2M,Archival,2,38.378,-74.8051
4/22/23,2023,4,9.3058815,13.00588989,31.10891914,0.097368642,36,67.9,38,0,RTWB,Real Time,2,38.3031,-74.645
4/23/23,2023,4,9.259507179,13.30664444,31.29147339,0.112420479,48.7,55.9,36,0,T2M,Archival,2,38.3032,-74.5052
4/23/23,2023,4,9.583912849,13.30854321,30.84229851,0.10642,36,67.9,35,0,A7M,Archival,2,38.3031,-74.6525
4/23/23,2023,4,10.00093555,13.35600758,30.66734123,0.139794668,21.4,83.3,24,0,A2M,Archival,2,38.378,-74.8051
4/23/23,2023,4,9.583912849,13.30854321,30.84229851,0.098016588,36,67.9,38,0,RTWB,Real Time,2,38.3031,-74.645
4/24/23,2023,4,9.201699257,13.14703751,31.4776516,0.109592729,48.7,55.9,36,0,T2M,Archival,2,38.3032,-74.5052
4/24/23,2023,4,9.550270081,13.20334148,31.13757896,0.10437,36,67.9,35,0,A7M,Archival,2,38.3031,-74.6525
4/24/23,2023,4,10.03476715,13.24052525,30.97453499,0.133573254,21.4,83.3,24,0,A2M,Archival,2,38.378,-74.8051
4/24/23,2023,4,9.550270081,13.20334148,31.13757896,0.096133458,36,67.9,38,0,RTWB,Real Time,2,38.3031,-74.645
4/25/23,2023,4,9.220049858,12.80783463,31.81038475,0.099660688,48.7,55.9,36,0,T2M,Archival,2,38.3032,-74.5052
4/25/23,2023,4,9.533207893,12.8804121,31.47312164,0.09563,36,67.9,35,0,A7M,Archival,2,38.3031,-74.6525
4/25/23,2023,4,10.00329018,12.71232891,31.25999451,0.112876614,21.4,83.3,24,0,A2M,Archival,2,38.378,-74.8051
4/25/23,2023,4,9.533207893,12.8804121,31.47312164,0.088084321,36,67.9,38,0,RTWB,Real Time,2,38.3031,-74.645
4/26/23,2023,4,9.122105598,12.55138016,32.07773972,0.095257627,48.7,55.9,36,0,T2M,Archival,2,38.3032,-74.5052
4/26/23,2023,4,9.450533867,12.5837431,31.6706562,0.08952,36,67.9,35,0,A7M,Archival,2,38.3031,-74.6525
4/26/23,2023,4,9.957852364,12.47659683,31.39570808,0.104947686,21.4,83.3,24,0,A2M,Archival,2,38.378,-74.8051
4/26/23,2023,4,9.450533867,12.5837431,31.6706562,0.082452874,36,67.9,38,0,RTWB,Real Time,2,38.3031,-74.645
4/27/23,2023,4,9.242987633,12.74995422,32.23505783,0.097415739,48.7,55.9,36,0,T2M,Archival,2,38.3032,-74.5052
4/27/23,2023,4,9.477066994,12.80854034,31.753479,0.09518,36,67.9,35,0,A7M,Archival,2,38.3031,-74.6525
4/27/23,2023,4,9.966435432,12.8621521,31.40600395,0.120654861,21.4,83.3,24,0,A2M,Archival,2,38.378,-74.8051
4/27/23,2023,4,9.477066994,12.80854034,31.753479,0.087670351,36,67.9,38,0,RTWB,Real Time,2,38.3031,-74.645
4/28/23,2023,4,9.371501923,12.48446274,32.41506958,0.086471134,48.7,55.9,36,0,T2M,Archival,2,38.3032,-74.5052
4/28/23,2023,4,9.561039925,12.5811224,31.92814636,0.08629,36,67.9,35,0,A7M,Archival,2,38.3031,-74.6525
4/28/23,2023,4,10.05335903,12.74509048,31.50747871,0.112155477,21.4,83.3,24,0,A2M,Archival,2,38.378,-74.8051
4/28/23,2023,4,9.561039925,12.5811224,31.92814636,0.079475855,36,67.9,38,0,RTWB,Real Time,2,38.3031,-74.645
4/29/23,2023,4,9.970269203,11.9756403,32.61670303,0.055704753,48.7,55.9,36,0,T2M,Archival,2,38.3032,-74.5052
4/29/23,2023,4,10.22442913,12.153512,32.10461426,0.05512,36,67.9,35,0,A7M,Archival,2,38.3031,-74.6525
4/29/23,2023,4,11.02362728,12.51251888,31.54011726,0.06203715,21.4,83.3,24,0,A2M,Archival,2,38.378,-74.8051
4/29/23,2023,4,10.22442913,12.153512,32.10461426,0.050765339,36,67.9,38,0,RTWB,Real Time,2,38.3031,-74.645
4/30/23,2023,4,10.07979393,11.98248768,32.50181961,0.052852604,48.7,55.9,36,0,T2M,Archival,2,38.3032,-74.5052
4/30/23,2023,4,10.3868227,12.3452158,31.94336891,0.05595,36,67.9,35,0,A7M,Archival,2,38.3031,-74.6525
4/30/23,2023,4,11.85114765,12.61806488,31.38177681,0.031954885,21.4,83.3,24,0,A2M,Archival,2,38.378,-74.8051
4/30/23,2023,4,10.3868227,12.3452158,31.94336891,0.05153666,36,67.9,38,0,RTWB,Real Time,2,38.3031,-74.645
5/1/23,2023,5,10.07971859,12.22201252,32.28278351,0.059508165,48.7,55.9,36,0,T2M,Archival,2,38.3032,-74.5052
5/1/23,2023,5,10.25605106,12.50467014,31.69285011,0.06425,36,67.9,35,0,A7M,Archival,2,38.3031,-74.6525
5/1/23,2023,5,11.43784046,12.85647869,31.1026535,0.059109926,21.4,83.3,24,0,A2M,Archival,2,38.378,-74.8051
5/1/23,2023,5,10.25605106,12.50467014,31.69285011,0.059174186,36,67.9,38,0,RTWB,Real Time,2,38.3031,-74.645
5/2/23,2023,5,10.39509106,12.45514297,32.03649521,0.057223664,48.7,55.9,36,0,T2M,Archival,2,38.3032,-74.5052
5/2/23,2023,5,10.64977169,12.59443283,31.58925819,0.05556,36,67.9,35,0,A7M,Archival,2,38.3031,-74.6525
5/2/23,2023,5,11.46146297,13.03040981,31.16407967,0.065372785,21.4,83.3,24,0,A2M,Archival,2,38.378,-74.8051
5/2/23,2023,5,10.64977169,12.59443283,31.58925819,0.051175293,36,67.9,38,0,RTWB,Real Time,2,38.3031,-74.645
5/3/23,2023,5,10.38852882,12.57832432,32.09323502,0.060827653,48.7,55.9,36,0,T2M,Archival,2,38.3032,-74.5052
5/3/23,2023,5,10.61961269,12.62658405,31.68815422,0.05734,36,67.9,35,0,A7M,Archival,2,38.3031,-74.6525
5/3/23,2023,5,11.33438206,13.11064911,31.21505547,0.074011127,21.4,83.3,24,0,A2M,Archival,2,38.378,-74.8051
5/3/23,2023,5,10.61961269,12.62658405,31.68815422,0.052815036,36,67.9,38,0,RTWB,Real Time,2,38.3031,-74.645
5/4/23,2023,5,10.39964485,12.4483614,32.17851639,0.056908793,48.7,55.9,36,0,T2M,Archival,2,38.3032,-74.5052
5/4/23,2023,5,10.62279129,12.46674728,31.85271454,0.05268,36,67.9,35,0,A7M,Archival,2,38.3031,-74.6525
5/4/23,2023,5,11.51195145,13.021842,31.24746132,0.062912107,21.4,83.3,24,0,A2M,Archival,2,38.378,-74.8051
5/4/23,2023,5,10.62279129,12.46674728,31.85271454,0.048525158,36,67.9,38,0,RTWB,Real Time,2,38.3031,-74.645
5/5/23,2023,5,10.56106758,12.56337452,32.25717545,0.055619637,48.7,55.9,36,0,T2M,Archival,2,38.3032,-74.5052
5/5/23,2023,5,10.6951704,12.50741291,31.97144127,0.05178,36,67.9,35,0,A7M,Archival,2,38.3031,-74.6525
5/5/23,2023,5,11.62709522,12.99357319,31.1015625,0.056936582,21.4,83.3,24,0,A2M,Archival,2,38.378,-74.8051
5/5/23,2023,5,10.6951704,12.50741291,31.97144127,0.047690592,36,67.9,38,0,RTWB,Real Time,2,38.3031,-74.645
5/6/23,2023,5,10.5199337,13.00522232,32.26875687,0.069035795,48.7,55.9,36,0,T2M,Archival,2,38.3032,-74.5052
5/6/23,2023,5,10.75207424,12.99897289,31.89840126,0.0642,36,67.9,35,0,A7M,Archival,2,38.3031,-74.6525
5/6/23,2023,5,11.69716549,13.59853745,30.97984314,0.079223831,21.4,83.3,24,0,A2M,Archival,2,38.378,-74.8051
5/6/23,2023,5,10.75207424,12.99897289,31.89840126,0.059128912,36,67.9,38,0,RTWB,Real Time,2,38.3031,-74.645
5/7/23,2023,5,10.51505661,13.15556431,32.24966049,0.073347436,48.7,55.9,36,0,T2M,Archival,2,38.3032,-74.5052
5/7/23,2023,5,10.72534657,13.44723034,31.63213158,0.07777,36,67.9,35,0,A7M,Archival,2,38.3031,-74.6525
5/7/23,2023,5,11.58364773,13.88906097,30.90318489,0.096058885,21.4,83.3,24,0,A2M,Archival,2,38.378,-74.8051
5/7/23,2023,5,10.72534657,13.44723034,31.63213158,0.07162852,36,67.9,38,0,RTWB,Real Time,2,38.3031,-74.645
5/8/23,2023,5,10.34560871,14.01334,32.12421036,0.101881425,48.7,55.9,36,0,T2M,Archival,2,38.3032,-74.5052
5/8/23,2023,5,10.56751251,14.30333424,31.27520752,0.10674,36,67.9,35,0,A7M,Archival,2,38.3031,-74.6525
5/8/23,2023,5,11.45466232,14.56124496,30.83042908,0.129440943,21.4,83.3,24,0,A2M,Archival,2,38.378,-74.8051
5/8/23,2023,5,10.56751251,14.30333424,31.27520752,0.098311098,36,67.9,38,0,RTWB,Real Time,2,38.3031,-74.645
5/9/23,2023,5,10.41895866,14.25005722,32.1114006,0.106419404,48.7,55.9,36,0,T2M,Archival,2,38.3032,-74.5052
5/9/23,2023,5,10.57662678,14.51386166,31.35601616,0.11249,36,67.9,35,0,A7M,Archival,2,38.3031,-74.6525
5/9/23,2023,5,11.4717226,14.77361774,30.89484215,0.137578964,21.4,83.3,24,0,A2M,Archival,2,38.378,-74.8051
5/9/23,2023,5,10.57662678,14.51386166,31.35601616,0.103611444,36,67.9,38,0,RTWB,Real Time,2,38.3031,-74.645
5/10/23,2023,5,10.40099335,14.09982014,32.24386215,0.102745189,48.7,55.9,36,0,T2M,Archival,2,38.3032,-74.5052
5/10/23,2023,5,10.63382244,14.18206692,31.67717743,0.10138,36,67.9,35,0,A7M,Archival,2,38.3031,-74.6525
5/10/23,2023,5,11.76082516,14.47826672,30.93337822,0.113226732,21.4,83.3,24,0,A2M,Archival,2,38.378,-74.8051
5/10/23,2023,5,10.63382244,14.18206692,31.67717743,0.093374855,36,67.9,38,0,RTWB,Real Time,2,38.3031,-74.645
5/11/23,2023,5,10.03328323,14.34196186,32.22202301,0.119685517,48.7,55.9,36,0,T2M,Archival,2,38.3032,-74.5052
5/11/23,2023,5,10.44549465,14.42695618,31.58411407,0.11376,36,67.9,35,0,A7M,Archival,2,38.3031,-74.6525
5/11/23,2023,5,11.53250504,14.81988144,30.51439667,0.136974017,21.4,83.3,24,0,A2M,Archival,2,38.378,-74.8051
5/11/23,2023,5,10.44549465,14.42695618,31.58411407,0.104775303,36,67.9,38,0,RTWB,Real Time,2,38.3031,-74.645
5/12/23,2023,5,10.11013699,14.74047947,32.08254623,0.128620625,48.7,55.9,36,0,T2M,Archival,2,38.3032,-74.5052
5/12/23,2023,5,10.40092468,15.01541901,31.29476738,0.13184,36,67.9,35,0,A7M,Archival,2,38.3031,-74.6525
5/12/23,2023,5,11.30770969,15.48353291,30.15762901,0.173992634,21.4,83.3,24,0,A2M,Archival,2,38.378,-74.8051
5/12/23,2023,5,10.40092468,15.01541901,31.29476738,0.121434061,36,67.9,38,0,RTWB,Real Time,2,38.3031,-74.645
5/13/23,2023,5,10.14023495,15.15493488,31.79473305,0.13929722,48.7,55.9,36,0,T2M,Archival,2,38.3032,-74.5052
5/13/23,2023,5,10.37684345,15.44829941,30.89933205,0.1449,36,67.9,35,0,A7M,Archival,2,38.3031,-74.6525
5/13/23,2023,5,11.08517933,15.73173618,30.28046608,0.193606536,21.4,83.3,24,0,A2M,Archival,2,38.378,-74.8051
5/13/23,2023,5,10.37684345,15.44829941,30.89933205,0.133459367,36,67.9,38,0,RTWB,Real Time,2,38.3031,-74.645
5/14/23,2023,5,10.49295902,15.26935482,31.61370659,0.132677661,48.7,55.9,36,0,T2M,Archival,2,38.3032,-74.5052
5/14/23,2023,5,10.807374,15.47745514,30.76998711,0.13343,36,67.9,35,0,A7M,Archival,2,38.3031,-74.6525
5/14/23,2023,5,11.52425385,15.77067089,30.21025848,0.176934044,21.4,83.3,24,0,A2M,Archival,2,38.378,-74.8051
5/14/23,2023,5,10.807374,15.47745514,30.76998711,0.122896872,36,67.9,38,0,RTWB,Real Time,2,38.3031,-74.645
5/15/23,2023,5,10.33383656,15.16300201,31.83813477,0.134143485,48.7,55.9,36,0,T2M,Archival,2,38.3032,-74.5052
5/15/23,2023,5,10.87511063,15.37675858,31.01782036,0.12862,36,67.9,35,0,A7M,Archival,2,38.3031,-74.6525
5/15/23,2023,5,11.62338543,15.45751953,30.33333015,0.159755588,21.4,83.3,24,0,A2M,Archival,2,38.378,-74.8051
5/15/23,2023,5,10.87511063,15.37675858,31.01782036,0.11846442,36,67.9,38,0,RTWB,Real Time,2,38.3031,-74.645
5/16/23,2023,5,10.32740498,15.33942509,31.52377892,0.139222781,48.7,55.9,36,0,T2M,Archival,2,38.3032,-74.5052
5/16/23,2023,5,10.84578419,15.50615978,30.64250755,0.13315,36,67.9,35,0,A7M,Archival,2,38.3031,-74.6525
5/16/23,2023,5,11.68758678,15.79637527,29.80260468,0.17119952,21.4,83.3,24,0,A2M,Archival,2,38.378,-74.8051
5/16/23,2023,5,10.84578419,15.50615978,30.64250755,0.122641463,36,67.9,38,0,RTWB,Real Time,2,38.3031,-74.645
5/17/23,2023,5,11.25537777,15.16006565,31.24139214,0.108463552,48.7,55.9,36,0,T2M,Archival,2,38.3032,-74.5052
5/17/23,2023,5,11.4325943,15.38528442,30.31713867,0.11293,36,67.9,35,0,A7M,Archival,2,38.3031,-74.6525
5/17/23,2023,5,12.05759811,15.63715458,29.8075695,0.149148186,21.4,83.3,24,0,A2M,Archival,2,38.378,-74.8051
5/17/23,2023,5,11.4325943,15.38528442,30.31713867,0.104018161,36,67.9,38,0,RTWB,Real Time,2,38.3031,-74.645
5/18/23,2023,5,10.98105526,15.32304478,31.315382,0.12061082,48.7,55.9,36,0,T2M,Archival,2,38.3032,-74.5052
5/18/23,2023,5,11.36412048,15.40457058,30.50456238,0.11544,36,67.9,35,0,A7M,Archival,2,38.3031,-74.6525
5/18/23,2023,5,11.89482784,15.48412037,29.78692436,0.149553855,21.4,83.3,24,0,A2M,Archival,2,38.378,-74.8051
5/18/23,2023,5,11.36412048,15.40457058,30.50456238,0.106327634,36,67.9,38,0,RTWB,Real Time,2,38.3031,-74.645
5/19/23,2023,5,10.61617279,14.9975481,31.50343132,0.12170487,48.7,55.9,36,0,T2M,Archival,2,38.3032,-74.5052
5/19/23,2023,5,11.25650692,15.04993153,30.71549988,0.10838,36,67.9,35,0,A7M,Archival,2,38.3031,-74.6525
5/19/23,2023,5,11.78181458,15.22280025,29.92977142,0.143374403,21.4,83.3,24,0,A2M,Archival,2,38.378,-74.8051
5/19/23,2023,5,11.25650692,15.04993153,30.71549988,0.099826963,36,67.9,38,0,RTWB,Real Time,2,38.3031,-74.645
5/20/23,2023,5,10.14482689,14.95910549,31.77204895,0.133729961,48.7,55.9,36,0,T2M,Archival,2,38.3032,-74.5052
5/20/23,2023,5,10.98168182,15.07483959,30.98107147,0.11695,36,67.9,35,0,A7M,Archival,2,38.3031,-74.6525
5/20/23,2023,5,11.67205524,15.38979626,30.06378174,0.154905876,21.4,83.3,24,0,A2M,Archival,2,38.378,-74.8051
5/20/23,2023,5,10.98168182,15.07483959,30.98107147,0.107714678,36,67.9,38,0,RTWB,Real Time,2,38.3031,-74.645
5/21/23,2023,5,10.05660725,15.28511524,31.61562347,0.145236333,48.7,55.9,36,0,T2M,Archival,2,38.3032,-74.5052
5/21/23,2023,5,10.85348415,15.36841869,30.76607323,0.129,36,67.9,35,0,A7M,Archival,2,38.3031,-74.6525
5/21/23,2023,5,11.64982891,15.78977966,29.84568024,0.172497948,21.4,83.3,24,0,A2M,Archival,2,38.378,-74.8051
5/21/23,2023,5,10.85348415,15.36841869,30.76607323,0.118814067,36,67.9,38,0,RTWB,Real Time,2,38.3031,-74.645
5/22/23,2023,5,10.12598228,15.63698292,31.65125275,0.153083351,48.7,55.9,36,0,T2M,Archival,2,38.3032,-74.5052
5/22/23,2023,5,10.88201618,15.75954342,30.73108101,0.13936,36,67.9,35,0,A7M,Archival,2,38.3031,-74.6525
5/22/23,2023,5,11.82987976,16.22890282,29.81371307,0.183292627,21.4,83.3,24,0,A2M,Archival,2,38.378,-74.8051
5/22/23,2023,5,10.88201618,15.75954342,30.73108101,0.12835598,36,67.9,38,0,RTWB,Real Time,2,38.3031,-74.645
5/23/23,2023,5,10.74284744,15.53093243,31.85311317,0.133002361,48.7,55.9,36,0,T2M,Archival,2,38.3032,-74.5052
5/23/23,2023,5,11.39823151,15.68644714,31.04854584,0.12252,36,67.9,35,0,A7M,Archival,2,38.3031,-74.6525
5/23/23,2023,5,12.34410954,16.07403374,29.99516869,0.155413508,21.4,83.3,24,0,A2M,Archival,2,38.378,-74.8051
5/23/23,2023,5,11.39823151,15.68644714,31.04854584,0.11284778,36,67.9,38,0,RTWB,Real Time,2,38.3031,-74.645
5/24/23,2023,5,10.52003765,15.36293697,32.17729568,0.134524981,48.7,55.9,36,0,T2M,Archival,2,38.3032,-74.5052
5/24/23,2023,5,11.52296352,15.40080261,31.61133766,0.1108,36,67.9,35,0,A7M,Archival,2,38.3031,-74.6525
5/24/23,2023,5,12.62783718,15.45597363,30.80439949,0.117839019,21.4,83.3,24,0,A2M,Archival,2,38.378,-74.8051
5/24/23,2023,5,11.52296352,15.40080261,31.61133766,0.102048397,36,67.9,38,0,RTWB,Real Time,2,38.3031,-74.645
5/25/23,2023,5,10.45341301,15.23805618,32.30672455,0.132906755,48.7,55.9,36,0,T2M,Archival,2,38.3032,-74.5052
5/25/23,2023,5,11.49810886,15.39429474,31.82825279,0.11132,36,67.9,35,0,A7M,Archival,2,38.3031,-74.6525
5/25/23,2023,5,13.0364275,15.73320389,31.12819481,0.112365683,21.4,83.3,24,0,A2M,Archival,2,38.378,-74.8051
5/25/23,2023,5,11.49810886,15.39429474,31.82825279,0.102531207,36,67.9,38,0,RTWB,Real Time,2,38.3031,-74.645
5/26/23,2023,5,10.41991329,15.20595932,32.49717331,0.132945723,48.7,55.9,36,0,T2M,Archival,2,38.3032,-74.5052
5/26/23,2023,5,11.63179874,15.41298389,32.05441666,0.10803,36,67.9,35,0,A7M,Archival,2,38.3031,-74.6525
5/26/23,2023,5,13.89123535,15.57770061,31.46759033,0.070269386,21.4,83.3,24,0,A2M,Archival,2,38.378,-74.8051
5/26/23,2023,5,11.63179874,15.41298389,32.05441666,0.099504872,36,67.9,38,0,RTWB,Real Time,2,38.3031,-74.645
5/27/23,2023,5,10.47621632,15.18879795,32.56029892,0.130905045,48.7,55.9,36,0,T2M,Archival,2,38.3032,-74.5052
5/27/23,2023,5,11.54782772,15.42112255,32.10995865,0.11067,36,67.9,35,0,A7M,Archival,2,38.3031,-74.6525
5/27/23,2023,5,14.18812466,15.73239994,31.51907158,0.064344803,21.4,83.3,24,0,A2M,Archival,2,38.378,-74.8051
5/27/23,2023,5,11.54782772,15.42112255,32.10995865,0.101928811,36,67.9,38,0,RTWB,Real Time,2,38.3031,-74.645
5/28/23,2023,5,10.55212593,15.08484554,32.66474915,0.125908878,48.7,55.9,36,0,T2M,Archival,2,38.3032,-74.5052
5/28/23,2023,5,11.44272518,15.3991518,32.20596313,0.11304,36,67.9,35,0,A7M,Archival,2,38.3031,-74.6525
5/28/23,2023,5,14.49786377,15.70673847,31.5632267,0.050369779,21.4,83.3,24,0,A2M,Archival,2,38.378,-74.8051
5/28/23,2023,5,11.44272518,15.3991518,32.20596313,0.10411649,36,67.9,38,0,RTWB,Real Time,2,38.3031,-74.645
5/29/23,2023,5,10.79246521,15.63990879,32.68151093,0.134651211,48.7,55.9,36,0,T2M,Archival,2,38.3032,-74.5052
5/29/23,2023,5,11.57182026,15.83437347,32.26475525,0.12179,36,67.9,35,0,A7M,Archival,2,38.3031,-74.6525
5/29/23,2023,5,14.97541046,15.99876499,31.60838318,0.042639772,21.4,83.3,24,0,A2M,Archival,2,38.378,-74.8051
5/29/23,2023,5,11.57182026,15.83437347,32.26475525,0.112172453,36,67.9,38,0,RTWB,Real Time,2,38.3031,-74.645
5/30/23,2023,5,11.04054356,15.60165882,32.62771225,0.126697646,48.7,55.9,36,0,T2M,Archival,2,38.3032,-74.5052
5/30/23,2023,5,12.2859354,15.88468456,32.1438446,0.10282,36,67.9,35,0,A7M,Archival,2,38.3031,-74.6525
5/30/23,2023,5,15.6734581,15.88738155,31.64726257,0.008913477,21.4,83.3,24,0,A2M,Archival,2,38.378,-74.8051
5/30/23,2023,5,12.2859354,15.88468456,32.1438446,0.094703925,36,67.9,38,0,RTWB,Real Time,2,38.3031,-74.645
5/31/23,2023,5,10.73088169,15.45415783,32.71021271,0.131202115,48.7,55.9,36,0,T2M,Archival,2,38.3032,-74.5052
5/31/23,2023,5,13.72249603,15.64821148,31.99300194,0.05502,36,67.9,35,0,A7M,Archival,2,38.3031,-74.6525
5/31/23,2023,5,15.87397861,15.87216187,31.62577057,-7.57E-05,21.4,83.3,24,0,A2M,Archival,2,38.378,-74.8051
5/31/23,2023,5,13.72249603,15.64821148,31.99300194,0.050676722,36,67.9,38,0,RTWB,Real Time,2,38.3031,-74.645
6/1/23,2023,6,11.12593365,16.1156292,32.62384415,0.138602654,48.7,55.9,36,0,T2M,Archival,2,38.3032,-74.5052
6/1/23,2023,6,14.13410473,15.76268482,31.8343277,0.04653,36,67.9,35,0,A7M,Archival,2,38.3031,-74.6525
6/1/23,2023,6,16.34976768,16.35752106,31.38158607,0.000323057,21.4,83.3,24,0,A2M,Archival,2,38.378,-74.8051
6/1/23,2023,6,14.13410473,15.76268482,31.8343277,0.042857371,36,67.9,38,0,RTWB,Real Time,2,38.3031,-74.645
6/2/23,2023,6,11.20475674,16.25222206,32.54896164,0.14020737,48.7,55.9,36,0,T2M,Archival,2,38.3032,-74.5052
6/2/23,2023,6,13.22921848,15.93688869,31.83915138,0.07736,36,67.9,35,0,A7M,Archival,2,38.3031,-74.6525
6/2/23,2023,6,16.43742752,16.7472744,31.29931831,0.012910287,21.4,83.3,24,0,A2M,Archival,2,38.378,-74.8051
6/2/23,2023,6,13.22921848,15.93688869,31.83915138,0.071254479,36,67.9,38,0,RTWB,Real Time,2,38.3031,-74.645
6/3/23,2023,6,11.28374195,16.26978874,32.46244812,0.1385013,48.7,55.9,36,0,T2M,Archival,2,38.3032,-74.5052
6/3/23,2023,6,12.92185116,16.25681496,31.83090973,0.09528,36,67.9,35,0,A7M,Archival,2,38.3031,-74.6525
6/3/23,2023,6,16.41246414,17.13018608,31.28181648,0.029905081,21.4,83.3,24,0,A2M,Archival,2,38.378,-74.8051
6/3/23,2023,6,12.92185116,16.25681496,31.83090973,0.087762205,36,67.9,38,0,RTWB,Real Time,2,38.3031,-74.645
6/4/23,2023,6,11.35844517,15.26342297,32.58761978,0.108471606,48.7,55.9,36,0,T2M,Archival,2,38.3032,-74.5052
6/4/23,2023,6,15.14319611,15.45442867,31.83200264,0.00889,36,67.9,35,0,A7M,Archival,2,38.3031,-74.6525
6/4/23,2023,6,16.25673485,16.32799339,31.39512634,0.002969106,21.4,83.3,24,0,A2M,Archival,2,38.378,-74.8051
6/4/23,2023,6,15.14319611,15.45442867,31.83200264,0.008190331,36,67.9,38,0,RTWB,Real Time,2,38.3031,-74.645
6/5/23,2023,6,10.81975269,15.30151272,32.57341003,0.124493334,48.7,55.9,36,0,T2M,Archival,2,38.3032,-74.5052
6/5/23,2023,6,14.96747875,15.85223675,31.71494865,0.02528,36,67.9,35,0,A7M,Archival,2,38.3031,-74.6525
6/5/23,2023,6,16.35536766,16.76902199,31.32059479,0.017235597,21.4,83.3,24,0,A2M,Archival,2,38.378,-74.8051
6/5/23,2023,6,14.96747875,15.85223675,31.71494865,0.023283105,36,67.9,38,0,RTWB,Real Time,2,38.3031,-74.645
6/6/23,2023,6,10.80830383,15.73235416,32.42827225,0.136779176,48.7,55.9,36,0,T2M,Archival,2,38.3032,-74.5052
6/6/23,2023,6,14.22524357,16.46002769,31.60119057,0.06385,36,67.9,35,0,A7M,Archival,2,38.3031,-74.6525
6/6/23,2023,6,16.43255234,17.7216053,31.15966034,0.05371054,21.4,83.3,24,0,A2M,Archival,2,38.378,-74.8051
6/6/23,2023,6,14.22524357,16.46002769,31.60119057,0.058810109,36,67.9,38,0,RTWB,Real Time,2,38.3031,-74.645
6/7/23,2023,6,10.77190113,15.86098957,32.41570282,0.141363568,48.7,55.9,36,0,T2M,Archival,2,38.3032,-74.5052
6/7/23,2023,6,13.70480061,16.5863018,31.5969162,0.08233,36,67.9,35,0,A7M,Archival,2,38.3031,-74.6525
6/7/23,2023,6,15.93882465,17.63362312,31.12224007,0.070616603,21.4,83.3,24,0,A2M,Archival,2,38.378,-74.8051
6/7/23,2023,6,13.70480061,16.5863018,31.5969162,0.075828979,36,67.9,38,0,RTWB,Real Time,2,38.3031,-74.645
6/8/23,2023,6,10.65646839,16.24885368,32.3511467,0.155344036,48.7,55.9,36,0,T2M,Archival,2,38.3032,-74.5052
6/8/23,2023,6,13.12796402,16.88416481,31.57904053,0.10732,36,67.9,35,0,A7M,Archival,2,38.3031,-74.6525
6/8/23,2023,6,15.66196823,17.8847332,30.99965668,0.092615207,21.4,83.3,24,0,A2M,Archival,2,38.378,-74.8051
6/8/23,2023,6,13.12796402,16.88416481,31.57904053,0.098847389,36,67.9,38,0,RTWB,Real Time,2,38.3031,-74.645
6/9/23,2023,6,10.68760777,16.25426292,32.21695709,0.15462931,48.7,55.9,36,0,T2M,Archival,2,38.3032,-74.5052
6/9/23,2023,6,12.92752361,17.0025444,31.58842278,0.11643,36,67.9,35,0,A7M,Archival,2,38.3031,-74.6525
6/9/23,2023,6,15.44468212,17.83238029,31.02765465,0.099487424,21.4,83.3,24,0,A2M,Archival,2,38.378,-74.8051
6/9/23,2023,6,12.92752361,17.0025444,31.58842278,0.107237389,36,67.9,38,0,RTWB,Real Time,2,38.3031,-74.645
6/10/23,2023,6,11.39269352,16.26304245,32.09912491,0.13528747,48.7,55.9,36,0,T2M,Archival,2,38.3032,-74.5052
6/10/23,2023,6,14.00998211,16.97600174,31.59452057,0.08474,36,67.9,35,0,A7M,Archival,2,38.3031,-74.6525
6/10/23,2023,6,16.55585289,17.84136963,31.05491829,0.053563197,21.4,83.3,24,0,A2M,Archival,2,38.378,-74.8051
6/10/23,2023,6,14.00998211,16.97600174,31.59452057,0.078053148,36,67.9,38,0,RTWB,Real Time,2,38.3031,-74.645
6/11/23,2023,6,11.20058346,17.04860878,31.84224892,0.162445148,48.7,55.9,36,0,T2M,Archival,2,38.3032,-74.5052
6/11/23,2023,6,13.72577667,17.81206512,31.42751312,0.11675,36,67.9,35,0,A7M,Archival,2,38.3031,-74.6525
6/11/23,2023,6,16.25755501,18.566185,30.91673851,0.096192916,21.4,83.3,24,0,A2M,Archival,2,38.378,-74.8051
6/11/23,2023,6,13.72577667,17.81206512,31.42751312,0.107533907,36,67.9,38,0,RTWB,Real Time,2,38.3031,-74.645
6/12/23,2023,6,10.87203503,17.50451851,31.69388771,0.184235652,48.7,55.9,36,0,T2M,Archival,2,38.3032,-74.5052
6/12/23,2023,6,13.15781689,18.45378876,31.14439392,0.15131,36,67.9,35,0,A7M,Archival,2,38.3031,-74.6525
6/12/23,2023,6,15.76817036,18.77914619,30.94135857,0.125457327,21.4,83.3,24,0,A2M,Archival,2,38.378,-74.8051
6/12/23,2023,6,13.15781689,18.45378876,31.14439392,0.139367681,36,67.9,38,0,RTWB,Real Time,2,38.3031,-74.645
6/13/23,2023,6,10.84532166,17.83363724,31.58065033,0.194119877,48.7,55.9,36,0,T2M,Archival,2,38.3032,-74.5052
6/13/23,2023,6,13.05386066,18.36205101,31.23993492,0.15166,36,67.9,35,0,A7M,Archival,2,38.3031,-74.6525
6/13/23,2023,6,15.57976437,18.79550171,31.0659008,0.133989056,21.4,83.3,24,0,A2M,Archival,2,38.378,-74.8051
6/13/23,2023,6,13.05386066,18.36205101,31.23993492,0.13968922,36,67.9,38,0,RTWB,Real Time,2,38.3031,-74.645
6/14/23,2023,6,10.72900009,18.16900444,31.54432869,0.206666787,48.7,55.9,36,0,T2M,Archival,2,38.3032,-74.5052
6/14/23,2023,6,12.91878986,18.6349926,31.24689293,0.16332,36,67.9,35,0,A7M,Archival,2,38.3031,-74.6525
6/14/23,2023,6,15.29791355,18.96484184,31.08493614,0.152788679,21.4,83.3,24,0,A2M,Archival,2,38.378,-74.8051
6/14/23,2023,6,12.91878986,18.6349926,31.24689293,0.150426388,36,67.9,38,0,RTWB,Real Time,2,38.3031,-74.645
6/15/23,2023,6,10.60993004,18.54825401,31.43893623,0.220508999,48.7,55.9,36,0,T2M,Archival,2,38.3032,-74.5052
6/15/23,2023,6,12.63116932,18.98312759,31.2178936,0.18148,36,67.9,35,0,A7M,Archival,2,38.3031,-74.6525
6/15/23,2023,6,14.98676205,19.20606804,31.05692482,0.175804416,21.4,83.3,24,0,A2M,Archival,2,38.378,-74.8051
6/15/23,2023,6,12.63116932,18.98312759,31.2178936,0.167156797,36,67.9,38,0,RTWB,Real Time,2,38.3031,-74.645
6/16/23,2023,6,10.99415874,18.87906837,31.47383881,0.219025267,48.7,55.9,36,0,T2M,Archival,2,38.3032,-74.5052
6/16/23,2023,6,13.0047493,19.30304337,31.22191811,0.17995,36,67.9,35,0,A7M,Archival,2,38.3031,-74.6525
6/16/23,2023,6,15.59162903,19.38184166,31.02766418,0.157925526,21.4,83.3,24,0,A2M,Archival,2,38.378,-74.8051
6/16/23,2023,6,13.0047493,19.30304337,31.22191811,0.165744581,36,67.9,38,0,RTWB,Real Time,2,38.3031,-74.645
6/17/23,2023,6,11.07056046,19.10697746,31.42888832,0.223233806,48.7,55.9,36,0,T2M,Archival,2,38.3032,-74.5052
6/17/23,2023,6,12.89701462,19.55303001,31.16848946,0.19017,36,67.9,35,0,A7M,Archival,2,38.3031,-74.6525
6/17/23,2023,6,15.49303436,19.49936485,31.10221672,0.166930437,21.4,83.3,24,0,A2M,Archival,2,38.378,-74.8051
6/17/23,2023,6,12.89701462,19.55303001,31.16848946,0.1751583,36,67.9,38,0,RTWB,Real Time,2,38.3031,-74.645
6/18/23,2023,6,11.26513195,19.55028915,31.47319031,0.230143256,48.7,55.9,36,0,T2M,Archival,2,38.3032,-74.5052
6/18/23,2023,6,13.10770702,19.91807175,31.24440956,0.19458,36,67.9,35,0,A7M,Archival,2,38.3031,-74.6525
6/18/23,2023,6,15.49804592,20.08215714,31.1331768,0.191004634,21.4,83.3,24,0,A2M,Archival,2,38.378,-74.8051
6/18/23,2023,6,13.10770702,19.91807175,31.24440956,0.179220124,36,67.9,38,0,RTWB,Real Time,2,38.3031,-74.645
6/19/23,2023,6,11.95341778,19.98776436,31.54508209,0.223176294,48.7,55.9,36,0,T2M,Archival,2,38.3032,-74.5052
6/19/23,2023,6,13.73838043,20.20111656,31.36720467,0.18465,36,67.9,35,0,A7M,Archival,2,38.3031,-74.6525
6/19/23,2023,6,16.00446129,20.26402283,31.23136711,0.177481731,21.4,83.3,24,0,A2M,Archival,2,38.378,-74.8051
6/19/23,2023,6,13.73838043,20.20111656,31.36720467,0.170072003,36,67.9,38,0,RTWB,Real Time,2,38.3031,-74.645
6/20/23,2023,6,12.03393078,20.25645828,31.58677864,0.228403542,48.7,55.9,36,0,T2M,Archival,2,38.3032,-74.5052
6/20/23,2023,6,13.95725536,20.41286278,31.3937149,0.18445,36,67.9,35,0,A7M,Archival,2,38.3031,-74.6525
6/20/23,2023,6,16.00816536,20.4051075,31.20417976,0.183205922,21.4,83.3,24,0,A2M,Archival,2,38.378,-74.8051
6/20/23,2023,6,13.95725536,20.41286278,31.3937149,0.169884406,36,67.9,38,0,RTWB,Real Time,2,38.3031,-74.645
6/21/23,2023,6,11.99988556,19.64384842,32.0059166,0.212332302,48.7,55.9,36,0,T2M,Archival,2,38.3032,-74.5052
6/21/23,2023,6,14.64696884,19.51882935,31.56072235,0.1392,36,67.9,35,0,A7M,Archival,2,38.3031,-74.6525
6/21/23,2023,6,16.61793327,19.68527794,31.37145805,0.127806028,21.4,83.3,24,0,A2M,Archival,2,38.378,-74.8051
6/21/23,2023,6,14.64696884,19.51882935,31.56072235,0.128206855,36,67.9,38,0,RTWB,Real Time,2,38.3031,-74.645
6/22/23,2023,6,12.50324917,18.6316452,32.42552948,0.170233223,48.7,55.9,36,0,T2M,Archival,2,38.3032,-74.5052
6/22/23,2023,6,15.99565506,18.63391876,31.91705894,0.07538,36,67.9,35,0,A7M,Archival,2,38.3031,-74.6525
6/22/23,2023,6,18.56463051,18.68044472,31.27408409,0.004825592,21.4,83.3,24,0,A2M,Archival,2,38.378,-74.8051
6/22/23,2023,6,15.99565506,18.63391876,31.91705894,0.069427992,36,67.9,38,0,RTWB,Real Time,2,38.3031,-74.645
6/23/23,2023,6,12.86550808,18.927248,32.2987709,0.168381664,48.7,55.9,36,0,T2M,Archival,2,38.3032,-74.5052
6/23/23,2023,6,15.94197559,19.04023933,31.7647419,0.08852,36,67.9,35,0,A7M,Archival,2,38.3031,-74.6525
6/23/23,2023,6,18.74168587,18.95507622,31.03644562,0.008891265,21.4,83.3,24,0,A2M,Archival,2,38.378,-74.8051
6/23/23,2023,6,15.94197559,19.04023933,31.7647419,0.081533256,36,67.9,38,0,RTWB,Real Time,2,38.3031,-74.645
6/24/23,2023,6,12.75924206,19.33909798,32.12339401,0.182773776,48.7,55.9,36,0,T2M,Archival,2,38.3032,-74.5052
6/24/23,2023,6,15.23591614,19.65237427,31.37059784,0.12618,36,67.9,35,0,A7M,Archival,2,38.3031,-74.6525
6/24/23,2023,6,18.43283272,19.99715042,30.58725166,0.065179904,21.4,83.3,24,0,A2M,Archival,2,38.378,-74.8051
6/24/23,2023,6,15.23591614,19.65237427,31.37059784,0.116222582,36,67.9,38,0,RTWB,Real Time,2,38.3031,-74.645
6/25/23,2023,6,13.17813015,20.07611084,31.99254036,0.191610575,48.7,55.9,36,0,T2M,Archival,2,38.3032,-74.5052
6/25/23,2023,6,15.15199661,20.21774292,31.16651917,0.14474,36,67.9,35,0,A7M,Archival,2,38.3031,-74.6525
6/25/23,2023,6,17.96212196,20.69109535,30.37398529,0.113707225,21.4,83.3,24,0,A2M,Archival,2,38.378,-74.8051
6/25/23,2023,6,15.15199661,20.21774292,31.16651917,0.133309113,36,67.9,38,0,RTWB,Real Time,2,38.3031,-74.645
6/26/23,2023,6,13.11943913,20.40059853,31.85531425,0.202254428,48.7,55.9,36,0,T2M,Archival,2,38.3032,-74.5052
6/26/23,2023,6,14.83792973,20.59116173,30.92539978,0.16438,36,67.9,35,0,A7M,Archival,2,38.3031,-74.6525
6/26/23,2023,6,17.38002396,20.98007393,30.36024666,0.150002082,21.4,83.3,24,0,A2M,Archival,2,38.378,-74.8051
6/26/23,2023,6,14.83792973,20.59116173,30.92539978,0.151400842,36,67.9,38,0,RTWB,Real Time,2,38.3031,-74.645
6/27/23,2023,6,12.93049717,20.69204521,31.54405403,0.215598557,48.7,55.9,36,0,T2M,Archival,2,38.3032,-74.5052
6/27/23,2023,6,14.39704895,20.80345535,30.84670448,0.18304,36,67.9,35,0,A7M,Archival,2,38.3031,-74.6525
6/27/23,2023,6,16.55824089,21.04014015,30.52124214,0.186745803,21.4,83.3,24,0,A2M,Archival,2,38.378,-74.8051
6/27/23,2023,6,14.39704895,20.80345535,30.84670448,0.168589642,36,67.9,38,0,RTWB,Real Time,2,38.3031,-74.645
6/28/23,2023,6,12.60098267,20.82001114,31.36382294,0.228306346,48.7,55.9,36,0,T2M,Archival,2,38.3032,-74.5052
6/28/23,2023,6,14.04589844,21.01999283,30.83146095,0.19926,36,67.9,35,0,A7M,Archival,2,38.3031,-74.6525
6/28/23,2023,6,16.13794708,21.31838417,30.54596519,0.215851545,21.4,83.3,24,0,A2M,Archival,2,38.378,-74.8051
6/28/23,2023,6,14.04589844,21.01999283,30.83146095,0.1835288,36,67.9,38,0,RTWB,Real Time,2,38.3031,-74.645
6/29/23,2023,6,12.56966114,21.38019562,31.29442406,0.244737069,48.7,55.9,36,0,T2M,Archival,2,38.3032,-74.5052
6/29/23,2023,6,13.98121548,21.66278076,30.78141022,0.21947,36,67.9,35,0,A7M,Archival,2,38.3031,-74.6525
6/29/23,2023,6,16.04523468,21.86726189,30.56666756,0.242584467,21.4,83.3,24,0,A2M,Archival,2,38.378,-74.8051
6/29/23,2023,6,13.98121548,21.66278076,30.78141022,0.202146455,36,67.9,38,0,RTWB,Real Time,2,38.3031,-74.645
6/30/23,2023,6,12.26793194,21.68408775,31.35988426,0.261559884,48.7,55.9,36,0,T2M,Archival,2,38.3032,-74.5052
6/30/23,2023,6,14.06930542,21.92028999,30.81134987,0.22431,36,67.9,35,0,A7M,Archival,2,38.3031,-74.6525
6/30/23,2023,6,16.06643295,22.04106712,30.59910393,0.24894309,21.4,83.3,24,0,A2M,Archival,2,38.378,-74.8051
6/30/23,2023,6,14.06930542,21.92028999,30.81134987,0.206604857,36,67.9,38,0,RTWB,Real Time,2,38.3031,-74.645
7/1/23,2023,7,12.87945843,22.17474174,31.47190857,0.258202314,48.7,55.9,36,0,T2M,Archival,2,38.3032,-74.5052
7/1/23,2023,7,15.25693035,22.31064796,30.92726898,0.20153,36,67.9,35,0,A7M,Archival,2,38.3031,-74.6525
7/1/23,2023,7,17.57052994,22.36309052,30.58542061,0.199690024,21.4,83.3,24,0,A2M,Archival,2,38.378,-74.8051
7/1/23,2023,7,15.25693035,22.31064796,30.92726898,0.185624148,36,67.9,38,0,RTWB,Real Time,2,38.3031,-74.645
7/2/23,2023,7,12.71865368,22.49578094,31.48081017,0.271586868,48.7,55.9,36,0,T2M,Archival,2,38.3032,-74.5052
7/2/23,2023,7,14.93126297,22.56212425,30.91599464,0.21802,36,67.9,35,0,A7M,Archival,2,38.3031,-74.6525
7/2/23,2023,7,17.38817024,22.55298805,30.61149788,0.215200742,21.4,83.3,24,0,A2M,Archival,2,38.378,-74.8051
7/2/23,2023,7,14.93126297,22.56212425,30.91599464,0.200812139,36,67.9,38,0,RTWB,Real Time,2,38.3031,-74.645
7/3/23,2023,7,12.54760647,23.00092506,31.20166969,0.290369961,48.7,55.9,36,0,T2M,Archival,2,38.3032,-74.5052
7/3/23,2023,7,14.32034206,23.05117798,30.85523415,0.24945,36,67.9,35,0,A7M,Archival,2,38.3031,-74.6525
7/3/23,2023,7,16.86738205,23.08511353,30.81896782,0.259072145,21.4,83.3,24,0,A2M,Archival,2,38.378,-74.8051
7/3/23,2023,7,14.32034206,23.05117798,30.85523415,0.22975884,36,67.9,38,0,RTWB,Real Time,2,38.3031,-74.645
7/4/23,2023,7,12.13759899,23.75396156,31.07797241,0.322676738,48.7,55.9,36,0,T2M,Archival,2,38.3032,-74.5052
7/4/23,2023,7,13.95522213,23.77968407,30.89678764,0.2807,36,67.9,35,0,A7M,Archival,2,38.3031,-74.6525
7/4/23,2023,7,16.67517281,23.39474297,30.78274536,0.27998209,21.4,83.3,24,0,A2M,Archival,2,38.378,-74.8051
7/4/23,2023,7,13.95522213,23.77968407,30.89678764,0.258538472,36,67.9,38,0,RTWB,Real Time,2,38.3031,-74.645
7/5/23,2023,7,12.1741972,24.26813698,30.99379921,0.335942772,48.7,55.9,36,0,T2M,Archival,2,38.3032,-74.5052
7/5/23,2023,7,13.78540039,24.33468819,30.87406731,0.30141,36,67.9,35,0,A7M,Archival,2,38.3031,-74.6525
7/5/23,2023,7,16.31515312,24.0361805,30.77315331,0.321709474,21.4,83.3,24,0,A2M,Archival,2,38.378,-74.8051
7/5/23,2023,7,13.78540039,24.33468819,30.87406731,0.277612837,36,67.9,38,0,RTWB,Real Time,2,38.3031,-74.645
7/6/23,2023,7,12.28634262,24.67778015,30.96085548,0.344206598,48.7,55.9,36,0,T2M,Archival,2,38.3032,-74.5052
7/6/23,2023,7,13.80282211,24.76442909,30.84274864,0.31319,36,67.9,35,0,A7M,Archival,2,38.3031,-74.6525
7/6/23,2023,7,16.26193047,24.51804352,30.76986885,0.344004711,21.4,83.3,24,0,A2M,Archival,2,38.378,-74.8051
7/6/23,2023,7,13.80282211,24.76442909,30.84274864,0.288463342,36,67.9,38,0,RTWB,Real Time,2,38.3031,-74.645
7/7/23,2023,7,12.13745022,25.48858643,31.08440399,0.370864895,48.7,55.9,36,0,T2M,Archival,2,38.3032,-74.5052
7/7/23,2023,7,13.71243954,25.42744255,30.97647095,0.33471,36,67.9,35,0,A7M,Archival,2,38.3031,-74.6525
7/7/23,2023,7,16.53802299,24.98051262,30.83067513,0.351770401,21.4,83.3,24,0,A2M,Archival,2,38.378,-74.8051
7/7/23,2023,7,13.71243954,25.42744255,30.97647095,0.308289553,36,67.9,38,0,RTWB,Real Time,2,38.3031,-74.645
7/8/23,2023,7,12.27391911,25.76629829,31.08535576,0.374788311,48.7,55.9,36,0,T2M,Archival,2,38.3032,-74.5052
7/8/23,2023,7,13.77461147,25.62854767,30.98705292,0.33868,36,67.9,35,0,A7M,Archival,2,38.3031,-74.6525
7/8/23,2023,7,16.64985847,25.15490723,30.78783989,0.354377031,21.4,83.3,24,0,A2M,Archival,2,38.378,-74.8051
7/8/23,2023,7,13.77461147,25.62854767,30.98705292,0.311945689,36,67.9,38,0,RTWB,Real Time,2,38.3031,-74.645
7/9/23,2023,7,12.28564072,25.80943108,31.06957245,0.375660843,48.7,55.9,36,0,T2M,Archival,2,38.3032,-74.5052
7/9/23,2023,7,13.77789307,25.54579735,30.98641777,0.33623,36,67.9,35,0,A7M,Archival,2,38.3031,-74.6525
7/9/23,2023,7,16.42901421,25.02868462,30.71522522,0.3583196,21.4,83.3,24,0,A2M,Archival,2,38.378,-74.8051
7/9/23,2023,7,13.77789307,25.54579735,30.98641777,0.309681692,36,67.9,38,0,RTWB,Real Time,2,38.3031,-74.645
7/10/23,2023,7,12.17869568,25.53061676,31.04334068,0.370886697,48.7,55.9,36,0,T2M,Archival,2,38.3032,-74.5052
7/10/23,2023,7,13.76200485,25.26497459,30.97038078,0.32866,36,67.9,35,0,A7M,Archival,2,38.3031,-74.6525
7/10/23,2023,7,16.3436985,24.84391212,30.60425758,0.354175568,21.4,83.3,24,0,A2M,Archival,2,38.378,-74.8051
7/10/23,2023,7,13.76200485,25.26497459,30.97038078,0.30270973,36,67.9,38,0,RTWB,Real Time,2,38.3031,-74.645
7/11/23,2023,7,12.16030407,25.7927494,31.0039978,0.378679037,48.7,55.9,36,0,T2M,Archival,2,38.3032,-74.5052
7/11/23,2023,7,13.9101181,25.65159607,30.91052246,0.33547,36,67.9,35,0,A7M,Archival,2,38.3031,-74.6525
7/11/23,2023,7,16.4598217,25.16567993,30.53429604,0.362744093,21.4,83.3,24,0,A2M,Archival,2,38.378,-74.8051
7/11/23,2023,7,13.9101181,25.65159607,30.91052246,0.308986262,36,67.9,38,0,RTWB,Real Time,2,38.3031,-74.645
7/12/23,2023,7,12.07840252,26.10235596,30.97786522,0.389554262,48.7,55.9,36,0,T2M,Archival,2,38.3032,-74.5052
7/12/23,2023,7,13.93177795,25.96526527,30.89602089,0.34381,36,67.9,35,0,A7M,Archival,2,38.3031,-74.6525
7/12/23,2023,7,16.48545647,25.46247101,30.53745079,0.374042273,21.4,83.3,24,0,A2M,Archival,2,38.378,-74.8051
7/12/23,2023,7,13.93177795,25.96526527,30.89602089,0.316670719,36,67.9,38,0,RTWB,Real Time,2,38.3031,-74.645
7/13/23,2023,7,12.4446516,26.11651611,31.10290337,0.379774014,48.7,55.9,36,0,T2M,Archival,2,38.3032,-74.5052
7/13/23,2023,7,14.47312641,25.83575249,31.07860565,0.32465,36,67.9,35,0,A7M,Archival,2,38.3031,-74.6525
7/13/23,2023,7,17.22783852,25.36261749,30.67355156,0.338949124,21.4,83.3,24,0,A2M,Archival,2,38.378,-74.8051
7/13/23,2023,7,14.47312641,25.83575249,31.07860565,0.299016476,36,67.9,38,0,RTWB,Real Time,2,38.3031,-74.645
7/14/23,2023,7,12.36949062,25.77156067,31.21701241,0.372279723,48.7,55.9,36,0,T2M,Archival,2,38.3032,-74.5052
7/14/23,2023,7,14.08946514,25.38677216,30.96972847,0.32278,36,67.9,35,0,A7M,Archival,2,38.3031,-74.6525
7/14/23,2023,7,16.50780487,24.85824585,31.0144825,0.347935041,21.4,83.3,24,0,A2M,Archival,2,38.378,-74.8051
7/14/23,2023,7,14.08946514,25.38677216,30.96972847,0.297297553,36,67.9,38,0,RTWB,Real Time,2,38.3031,-74.645
7/15/23,2023,7,12.22693539,25.60750771,31.15196037,0.371682564,48.7,55.9,36,0,T2M,Archival,2,38.3032,-74.5052
7/15/23,2023,7,13.81350803,25.32349205,31.13271904,0.32886,36,67.9,35,0,A7M,Archival,2,38.3031,-74.6525
7/15/23,2023,7,15.92848301,24.56666756,31.12405586,0.359924356,21.4,83.3,24,0,A2M,Archival,2,38.378,-74.8051
7/15/23,2023,7,13.81350803,25.32349205,31.13271904,0.302894316,36,67.9,38,0,RTWB,Real Time,2,38.3031,-74.645
7/16/23,2023,7,11.52959347,25.83631897,31.22401619,0.397409042,48.7,55.9,36,0,T2M,Archival,2,38.3032,-74.5052
7/16/23,2023,7,13.77609634,25.60232544,31.43213654,0.33789,36,67.9,35,0,A7M,Archival,2,38.3031,-74.6525
7/16/23,2023,7,16.3281517,24.5184803,31.15318108,0.341263692,21.4,83.3,24,0,A2M,Archival,2,38.378,-74.8051
7/16/23,2023,7,13.77609634,25.60232544,31.43213654,0.311216555,36,67.9,38,0,RTWB,Real Time,2,38.3031,-74.645
7/17/23,2023,7,11.42928314,25.73173714,31.29616737,0.397290389,48.7,55.9,36,0,T2M,Archival,2,38.3032,-74.5052
7/17/23,2023,7,13.42182827,25.20874023,31.47528839,0.33677,36,67.9,35,0,A7M,Archival,2,38.3031,-74.6525
7/17/23,2023,7,16.05242348,24.35727882,31.1428833,0.346035639,21.4,83.3,24,0,A2M,Archival,2,38.378,-74.8051
7/17/23,2023,7,13.42182827,25.20874023,31.47528839,0.310181894,36,67.9,38,0,RTWB,Real Time,2,38.3031,-74.645
7/18/23,2023,7,11.30682087,25.80053711,31.2892971,0.402603229,48.7,55.9,36,0,T2M,Archival,2,38.3032,-74.5052
7/18/23,2023,7,13.23620701,25.32342339,31.40508842,0.34535,36,67.9,35,0,A7M,Archival,2,38.3031,-74.6525
7/18/23,2023,7,15.79459858,24.69558144,31.10692596,0.370874286,21.4,83.3,24,0,A2M,Archival,2,38.378,-74.8051
7/18/23,2023,7,13.23620701,25.32342339,31.40508842,0.318084642,36,67.9,38,0,RTWB,Real Time,2,38.3031,-74.645
7/19/23,2023,7,12.68945694,26.0664959,31.31869698,0.371584415,48.7,55.9,36,0,T2M,Archival,2,38.3032,-74.5052
7/19/23,2023,7,14.59845448,25.53636169,31.23514557,0.31251,36,67.9,35,0,A7M,Archival,2,38.3031,-74.6525
7/19/23,2023,7,17.3963623,25.00308037,30.80848122,0.316946586,21.4,83.3,24,0,A2M,Archival,2,38.378,-74.8051
7/19/23,2023,7,14.59845448,25.53636169,31.23514557,0.287839664,36,67.9,38,0,RTWB,Real Time,2,38.3031,-74.645
7/20/23,2023,7,12.89800358,26.34493828,31.23841286,0.373525964,48.7,55.9,36,0,T2M,Archival,2,38.3032,-74.5052
7/20/23,2023,7,14.59596157,25.77246666,31.07507896,0.31933,36,67.9,35,0,A7M,Archival,2,38.3031,-74.6525
7/20/23,2023,7,17.31501007,25.27742767,30.62405396,0.3317674,21.4,83.3,24,0,A2M,Archival,2,38.378,-74.8051
7/20/23,2023,7,14.59596157,25.77246666,31.07507896,0.294118555,36,67.9,38,0,RTWB,Real Time,2,38.3031,-74.645
7/21/23,2023,7,13.00372219,26.35912323,31.19129372,0.370983362,48.7,55.9,36,0,T2M,Archival,2,38.3032,-74.5052
7/21/23,2023,7,14.66378021,25.67402458,30.96087837,0.31458,36,67.9,35,0,A7M,Archival,2,38.3031,-74.6525
7/21/23,2023,7,17.19381905,25.18105316,30.50595093,0.332801421,21.4,83.3,24,0,A2M,Archival,2,38.378,-74.8051
7/21/23,2023,7,14.66378021,25.67402458,30.96087837,0.289743273,36,67.9,38,0,RTWB,Real Time,2,38.3031,-74.645
7/22/23,2023,7,12.07034206,26.13707924,30.94096375,0.390742699,48.7,55.9,36,0,T2M,Archival,2,38.3032,-74.5052
7/22/23,2023,7,14.02409363,25.5072937,30.64142418,0.32809,36,67.9,35,0,A7M,Archival,2,38.3031,-74.6525
7/22/23,2023,7,16.32546043,25.07259941,30.06886864,0.364464124,21.4,83.3,24,0,A2M,Archival,2,38.378,-74.8051
7/22/23,2023,7,14.02409363,25.5072937,30.64142418,0.302189476,36,67.9,38,0,RTWB,Real Time,2,38.3031,-74.645
7/23/23,2023,7,11.59986591,25.94604301,30.77613068,0.398504919,48.7,55.9,36,0,T2M,Archival,2,38.3032,-74.5052
7/23/23,2023,7,13.71567917,25.55141258,30.48400116,0.33816,36,67.9,35,0,A7M,Archival,2,38.3031,-74.6525
7/23/23,2023,7,16.28006935,25.16416931,29.88451195,0.370170832,21.4,83.3,24,0,A2M,Archival,2,38.378,-74.8051
7/23/23,2023,7,13.71567917,25.55141258,30.48400116,0.311466669,36,67.9,38,0,RTWB,Real Time,2,38.3031,-74.645
7/24/23,2023,7,11.25113583,25.87287331,30.77385521,0.406159374,48.7,55.9,36,0,T2M,Archival,2,38.3032,-74.5052
7/24/23,2023,7,13.40446854,25.64157104,30.42366219,0.34963,36,67.9,35,0,A7M,Archival,2,38.3031,-74.6525
7/24/23,2023,7,16.1329689,25.18563652,29.75516319,0.377194484,21.4,83.3,24,0,A2M,Archival,2,38.378,-74.8051
7/24/23,2023,7,13.40446854,25.64157104,30.42366219,0.322029013,36,67.9,38,0,RTWB,Real Time,2,38.3031,-74.645
7/25/23,2023,7,9.332942963,25.92075157,30.93303871,0.460772461,48.7,55.9,36,0,T2M,Archival,2,38.3032,-74.5052
7/25/23,2023,7,12.02751637,25.75927162,30.45436287,0.39234,36,67.9,35,0,A7M,Archival,2,38.3031,-74.6525
7/25/23,2023,7,15.32702732,25.14923096,29.68955231,0.409258485,21.4,83.3,24,0,A2M,Archival,2,38.378,-74.8051
7/25/23,2023,7,12.02751637,25.75927162,30.45436287,0.36136198,36,67.9,38,0,RTWB,Real Time,2,38.3031,-74.645
7/26/23,2023,7,9.500142097,26.45683098,31.00241661,0.471019136,48.7,55.9,36,0,T2M,Archival,2,38.3032,-74.5052
7/26/23,2023,7,11.93934536,26.13848114,30.41140175,0.40569,36,67.9,35,0,A7M,Archival,2,38.3031,-74.6525
7/26/23,2023,7,15.11322498,25.4010334,29.59123421,0.428658684,21.4,83.3,24,0,A2M,Archival,2,38.378,-74.8051
7/26/23,2023,7,11.93934536,26.13848114,30.41140175,0.373661468,36,67.9,38,0,RTWB,Real Time,2,38.3031,-74.645
7/27/23,2023,7,9.707671165,26.29686165,30.96516991,0.460810847,48.7,55.9,36,0,T2M,Archival,2,38.3032,-74.5052
7/27/23,2023,7,11.83966541,25.87253571,30.28140068,0.40094,36,67.9,35,0,A7M,Archival,2,38.3031,-74.6525
7/27/23,2023,7,14.76890659,25.09853554,29.9349308,0.430401206,21.4,83.3,24,0,A2M,Archival,2,38.378,-74.8051
7/27/23,2023,7,11.83966541,25.87253571,30.28140068,0.36928606,36,67.9,38,0,RTWB,Real Time,2,38.3031,-74.645
7/28/23,2023,7,10.51672173,26.1047821,30.57333565,0.433001677,48.7,55.9,36,0,T2M,Archival,2,38.3032,-74.5052
7/28/23,2023,7,12.08326244,25.80023384,30.68340492,0.39191,36,67.9,35,0,A7M,Archival,2,38.3031,-74.6525
7/28/23,2023,7,15.60561275,24.99337959,31.24839973,0.391156952,21.4,83.3,24,0,A2M,Archival,2,38.378,-74.8051
7/28/23,2023,7,12.08326244,25.80023384,30.68340492,0.360972932,36,67.9,38,0,RTWB,Real Time,2,38.3031,-74.645
7/29/23,2023,7,10.45472622,26.22653008,30.66875458,0.438105663,48.7,55.9,36,0,T2M,Archival,2,38.3032,-74.5052
7/29/23,2023,7,11.36254597,26.01022148,31.19235992,0.41851,36,67.9,35,0,A7M,Archival,2,38.3031,-74.6525
7/29/23,2023,7,14.82301426,25.18201447,31.54574394,0.431625009,21.4,83.3,24,0,A2M,Archival,2,38.378,-74.8051
7/29/23,2023,7,11.36254597,26.01022148,31.19235992,0.385465145,36,67.9,38,0,RTWB,Real Time,2,38.3031,-74.645
7/30/23,2023,7,10.47976208,25.49606895,31.06511879,0.417119635,48.7,55.9,36,0,T2M,Archival,2,38.3032,-74.5052
7/30/23,2023,7,11.13907337,24.9336338,31.36149788,0.39413,36,67.9,35,0,A7M,Archival,2,38.3031,-74.6525
7/30/23,2023,7,14.11626339,24.92288208,31.35697746,0.450275779,21.4,83.3,24,0,A2M,Archival,2,38.378,-74.8051
7/30/23,2023,7,11.13907337,24.9336338,31.36149788,0.363014748,36,67.9,38,0,RTWB,Real Time,2,38.3031,-74.645
7/31/23,2023,7,12.03349209,24.50071907,30.90092278,0.346311861,48.7,55.9,36,0,T2M,Archival,2,38.3032,-74.5052
7/31/23,2023,7,12.57566357,23.61298561,31.01797295,0.31535,36,67.9,35,0,A7M,Archival,2,38.3031,-74.6525
7/31/23,2023,7,14.45854473,23.66113281,30.85165596,0.38344117,21.4,83.3,24,0,A2M,Archival,2,38.378,-74.8051
7/31/23,2023,7,12.57566357,23.61298561,31.01797295,0.290455843,36,67.9,38,0,RTWB,Real Time,2,38.3031,-74.645
8/1/23,2023,8,12.14800262,24.02480507,30.89853096,0.329911179,48.7,55.9,36,0,T2M,Archival,2,38.3032,-74.5052
8/1/23,2023,8,12.66945171,23.18696022,30.906744,0.3005,36,67.9,35,0,A7M,Archival,2,38.3031,-74.6525
8/1/23,2023,8,14.46329021,23.35275459,30.45023155,0.370394349,21.4,83.3,24,0,A2M,Archival,2,38.378,-74.8051
8/1/23,2023,8,12.66945171,23.18696022,30.906744,0.27677654,36,67.9,38,0,RTWB,Real Time,2,38.3031,-74.645
8/2/23,2023,8,12.17166233,24.19222069,30.91201591,0.333904399,48.7,55.9,36,0,T2M,Archival,2,38.3032,-74.5052
8/2/23,2023,8,12.9705019,23.21014214,30.80754662,0.29256,36,67.9,35,0,A7M,Archival,2,38.3031,-74.6525
8/2/23,2023,8,14.75705338,22.70568848,30.71265221,0.331193129,21.4,83.3,24,0,A2M,Archival,2,38.378,-74.8051
8/2/23,2023,8,12.9705019,23.21014214,30.80754662,0.269464217,36,67.9,38,0,RTWB,Real Time,2,38.3031,-74.645
8/3/23,2023,8,10.99123478,24.35497475,31.02314568,0.371214999,48.7,55.9,36,0,T2M,Archival,2,38.3032,-74.5052
8/3/23,2023,8,11.65080166,23.30809593,30.90691566,0.33307,36,67.9,35,0,A7M,Archival,2,38.3031,-74.6525
8/3/23,2023,8,13.0515976,22.47607994,30.77266121,0.392686764,21.4,83.3,24,0,A2M,Archival,2,38.378,-74.8051
8/3/23,2023,8,11.65080166,23.30809593,30.90691566,0.306770902,36,67.9,38,0,RTWB,Real Time,2,38.3031,-74.645
8/4/23,2023,8,11.03483868,24.00022316,31.0759449,0.360149569,48.7,55.9,36,0,T2M,Archival,2,38.3032,-74.5052
8/4/23,2023,8,11.61815643,23.09247017,31.00738335,0.32784,36,67.9,35,0,A7M,Archival,2,38.3031,-74.6525
8/4/23,2023,8,12.69897366,22.41658974,30.43893242,0.40490067,21.4,83.3,24,0,A2M,Archival,2,38.378,-74.8051
8/4/23,2023,8,11.61815643,23.09247017,31.00738335,0.301955625,36,67.9,38,0,RTWB,Real Time,2,38.3031,-74.645
8/5/23,2023,8,11.02697754,23.69565392,31.11840248,0.351907677,48.7,55.9,36,0,T2M,Archival,2,38.3032,-74.5052
8/5/23,2023,8,11.40197659,22.92688751,31.05761147,0.32928,36,67.9,35,0,A7M,Archival,2,38.3031,-74.6525
8/5/23,2023,8,12.43381119,22.22060204,30.17111778,0.407782952,21.4,83.3,24,0,A2M,Archival,2,38.378,-74.8051
8/5/23,2023,8,11.40197659,22.92688751,31.05761147,0.30328713,36,67.9,38,0,RTWB,Real Time,2,38.3031,-74.645
8/6/23,2023,8,11.85669041,24.73942757,31.23550224,0.35785381,48.7,55.9,36,0,T2M,Archival,2,38.3032,-74.5052
8/6/23,2023,8,13.00501251,23.73699379,31.11810875,0.30663,36,67.9,35,0,A7M,Archival,2,38.3031,-74.6525
8/6/23,2023,8,14.51815414,22.85173988,30.44185638,0.347232739,21.4,83.3,24,0,A2M,Archival,2,38.378,-74.8051
8/6/23,2023,8,13.00501251,23.73699379,31.11810875,0.28242056,36,67.9,38,0,RTWB,Real Time,2,38.3031,-74.645
8/7/23,2023,8,12.12242889,24.84440041,31.23506355,0.353388098,48.7,55.9,36,0,T2M,Archival,2,38.3032,-74.5052
8/7/23,2023,8,13.1352911,23.88124847,31.08895111,0.30703,36,67.9,35,0,A7M,Archival,2,38.3031,-74.6525
8/7/23,2023,8,14.61802387,22.92611694,30.35902405,0.346170545,21.4,83.3,24,0,A2M,Archival,2,38.378,-74.8051
8/7/23,2023,8,13.1352911,23.88124847,31.08895111,0.282788352,36,67.9,38,0,RTWB,Real Time,2,38.3031,-74.645
8/8/23,2023,8,12.11721134,24.65927887,31.25967407,0.348390765,48.7,55.9,36,0,T2M,Archival,2,38.3032,-74.5052
8/8/23,2023,8,12.95579243,23.74974823,30.86188698,0.3084,36,67.9,35,0,A7M,Archival,2,38.3031,-74.6525
8/8/23,2023,8,14.20731258,22.95557594,30.64350891,0.364510973,21.4,83.3,24,0,A2M,Archival,2,38.378,-74.8051
8/8/23,2023,8,12.95579243,23.74974823,30.86188698,0.284051468,36,67.9,38,0,RTWB,Real Time,2,38.3031,-74.645
8/9/23,2023,8,13.45259476,24.44441223,31.28714752,0.305328263,48.7,55.9,36,0,T2M,Archival,2,38.3032,-74.5052
8/9/23,2023,8,14.26213741,23.66796112,30.85165405,0.26874,36,67.9,35,0,A7M,Archival,2,38.3031,-74.6525
8/9/23,2023,8,15.95567226,23.22734833,31.01860046,0.302986503,21.4,83.3,24,0,A2M,Archival,2,38.378,-74.8051
8/9/23,2023,8,14.26213741,23.66796112,30.85165405,0.247521677,36,67.9,38,0,RTWB,Real Time,2,38.3031,-74.645
8/10/23,2023,8,13.46484852,24.30316925,31.30961609,0.301064465,48.7,55.9,36,0,T2M,Archival,2,38.3032,-74.5052
8/10/23,2023,8,14.02582169,23.87283897,30.93203926,0.28134,36,67.9,35,0,A7M,Archival,2,38.3031,-74.6525
8/10/23,2023,8,15.94675064,23.41814423,31.23169899,0.311308066,21.4,83.3,24,0,A2M,Archival,2,38.378,-74.8051
8/10/23,2023,8,14.02582169,23.87283897,30.93203926,0.259132034,36,67.9,38,0,RTWB,Real Time,2,38.3031,-74.645
8/11/23,2023,8,13.39369583,24.00358391,31.13728142,0.294719113,48.7,55.9,36,0,T2M,Archival,2,38.3032,-74.5052
8/11/23,2023,8,13.83918095,23.59655571,31.16224861,0.27878,36,67.9,35,0,A7M,Archival,2,38.3031,-74.6525
8/11/23,2023,8,15.33914089,22.54451942,31.46149635,0.300224106,21.4,83.3,24,0,A2M,Archival,2,38.378,-74.8051
8/11/23,2023,8,13.83918095,23.59655571,31.16224861,0.25677302,36,67.9,38,0,RTWB,Real Time,2,38.3031,-74.645
8/12/23,2023,8,15.21200943,24.4972744,31.11738014,0.257924027,48.7,55.9,36,0,T2M,Archival,2,38.3032,-74.5052
8/12/23,2023,8,15.90947819,24.09287834,31.41888618,0.23381,36,67.9,35,0,A7M,Archival,2,38.3031,-74.6525
8/12/23,2023,8,17.6822052,22.99627113,31.61548424,0.221419414,21.4,83.3,24,0,A2M,Archival,2,38.378,-74.8051
8/12/23,2023,8,15.90947819,24.09287834,31.41888618,0.215352636,36,67.9,38,0,RTWB,Real Time,2,38.3031,-74.645
8/13/23,2023,8,15.29671192,24.71205711,31.18588448,0.261537366,48.7,55.9,36,0,T2M,Archival,2,38.3032,-74.5052
8/13/23,2023,8,16.04221153,24.1067276,31.66916084,0.23041,36,67.9,35,0,A7M,Archival,2,38.3031,-74.6525
8/13/23,2023,8,17.62143898,23.24662018,31.79791069,0.23438255,21.4,83.3,24,0,A2M,Archival,2,38.378,-74.8051
8/13/23,2023,8,16.04221153,24.1067276,31.66916084,0.212224107,36,67.9,38,0,RTWB,Real Time,2,38.3031,-74.645
8/14/23,2023,8,15.37687016,25.14472961,31.23757362,0.271329429,48.7,55.9,36,0,T2M,Archival,2,38.3032,-74.5052
8/14/23,2023,8,16.15176201,24.61197662,31.76998138,0.24172,36,67.9,35,0,A7M,Archival,2,38.3031,-74.6525
8/14/23,2023,8,17.79192162,24.01012993,31.89562035,0.259092013,21.4,83.3,24,0,A2M,Archival,2,38.378,-74.8051
8/14/23,2023,8,16.15176201,24.61197662,31.76998138,0.222637227,36,67.9,38,0,RTWB,Real Time,2,38.3031,-74.645
8/15/23,2023,8,15.63921642,26.01597023,31.59239197,0.288243161,48.7,55.9,36,0,T2M,Archival,2,38.3032,-74.5052
8/15/23,2023,8,15.91013622,25.15490913,32.00521851,0.26414,36,67.9,35,0,A7M,Archival,2,38.3031,-74.6525
8/15/23,2023,8,17.35559273,24.47345543,31.94104767,0.296577613,21.4,83.3,24,0,A2M,Archival,2,38.378,-74.8051
8/15/23,2023,8,15.91013622,25.15490913,32.00521851,0.243283498,36,67.9,38,0,RTWB,Real Time,2,38.3031,-74.645
8/16/23,2023,8,15.72332287,25.89913177,31.83612061,0.282661359,48.7,55.9,36,0,T2M,Archival,2,38.3032,-74.5052
8/16/23,2023,8,16.02837181,25.04307747,32.08388519,0.25756,36,67.9,35,0,A7M,Archival,2,38.3031,-74.6525
8/16/23,2023,8,17.2444973,24.54678345,31.53543663,0.304261923,21.4,83.3,24,0,A2M,Archival,2,38.378,-74.8051
8/16/23,2023,8,16.02837181,25.04307747,32.08388519,0.237229096,36,67.9,38,0,RTWB,Real Time,2,38.3031,-74.645
8/17/23,2023,8,15.6309557,26.11323357,31.76365089,0.291174385,48.7,55.9,36,0,T2M,Archival,2,38.3032,-74.5052
8/17/23,2023,8,16.12276649,25.22360802,31.97249794,0.26002,36,67.9,35,0,A7M,Archival,2,38.3031,-74.6525
8/17/23,2023,8,17.06489563,24.5480423,31.08189583,0.311797778,21.4,83.3,24,0,A2M,Archival,2,38.378,-74.8051
8/17/23,2023,8,16.12276649,25.22360802,31.97249794,0.23949583,36,67.9,38,0,RTWB,Real Time,2,38.3031,-74.645
8/18/23,2023,8,16.16060638,25.66974831,31.89129829,0.264142831,48.7,55.9,36,0,T2M,Archival,2,38.3032,-74.5052
8/18/23,2023,8,17.23433495,24.95096588,31.82237244,0.22048,36,67.9,35,0,A7M,Archival,2,38.3031,-74.6525
8/18/23,2023,8,18.45472145,24.23282623,30.71865654,0.240754366,21.4,83.3,24,0,A2M,Archival,2,38.378,-74.8051
8/18/23,2023,8,17.23433495,24.95096588,31.82237244,0.203069235,36,67.9,38,0,RTWB,Real Time,2,38.3031,-74.645
8/19/23,2023,8,16.33208656,25.51349449,31.84051514,0.255039109,48.7,55.9,36,0,T2M,Archival,2,38.3032,-74.5052
8/19/23,2023,8,17.40870857,25.01558876,31.88837242,0.21734,36,67.9,35,0,A7M,Archival,2,38.3031,-74.6525
8/19/23,2023,8,18.84436607,24.14745903,30.79210472,0.220962207,21.4,83.3,24,0,A2M,Archival,2,38.378,-74.8051
8/19/23,2023,8,17.40870857,25.01558876,31.88837242,0.200181058,36,67.9,38,0,RTWB,Real Time,2,38.3031,-74.645
8/20/23,2023,8,16.63934898,25.37954521,31.87572479,0.242783229,48.7,55.9,36,0,T2M,Archival,2,38.3032,-74.5052
8/20/23,2023,8,17.55729103,24.96979332,31.98968697,0.21179,36,67.9,35,0,A7M,Archival,2,38.3031,-74.6525
8/20/23,2023,8,19.10537148,23.9450779,30.86489105,0.201654434,21.4,83.3,24,0,A2M,Archival,2,38.378,-74.8051
8/20/23,2023,8,17.55729103,24.96979332,31.98968697,0.19506585,36,67.9,38,0,RTWB,Real Time,2,38.3031,-74.645
8/21/23,2023,8,16.98357582,25.48044777,31.95214844,0.236024221,48.7,55.9,36,0,T2M,Archival,2,38.3032,-74.5052
8/21/23,2023,8,17.72805595,24.96095276,31.94224548,0.20665,36,67.9,35,0,A7M,Archival,2,38.3031,-74.6525
8/21/23,2023,8,18.99627304,23.96122169,30.80177116,0.206872861,21.4,83.3,24,0,A2M,Archival,2,38.378,-74.8051
8/21/23,2023,8,17.72805595,24.96095276,31.94224548,0.19033939,36,67.9,38,0,RTWB,Real Time,2,38.3031,-74.645
8/22/23,2023,8,17.18424606,25.58514404,31.94177055,0.233358277,48.7,55.9,36,0,T2M,Archival,2,38.3032,-74.5052
8/22/23,2023,8,17.79824448,25.10742188,32.02280045,0.20883,36,67.9,35,0,A7M,Archival,2,38.3031,-74.6525
8/22/23,2023,8,19.08315849,24.07568932,30.9908905,0.208022118,21.4,83.3,24,0,A2M,Archival,2,38.378,-74.8051
8/22/23,2023,8,17.79824448,25.10742188,32.02280045,0.192346774,36,67.9,38,0,RTWB,Real Time,2,38.3031,-74.645
8/23/23,2023,8,17.12017632,25.1987133,31.8257885,0.224403805,48.7,55.9,36,0,T2M,Archival,2,38.3032,-74.5052
8/23/23,2023,8,17.97101021,24.87969971,31.82568932,0.19739,36,67.9,35,0,A7M,Archival,2,38.3031,-74.6525
8/23/23,2023,8,19.46213341,23.91683388,31.63235474,0.18561252,21.4,83.3,24,0,A2M,Archival,2,38.378,-74.8051
8/23/23,2023,8,17.97101021,24.87969971,31.82568932,0.181807618,36,67.9,38,0,RTWB,Real Time,2,38.3031,-74.645
8/24/23,2023,8,16.72547913,25.26800346,31.82780647,0.237292343,48.7,55.9,36,0,T2M,Archival,2,38.3032,-74.5052
8/24/23,2023,8,17.80240059,25.00901031,31.86520958,0.2059,36,67.9,35,0,A7M,Archival,2,38.3031,-74.6525
8/24/23,2023,8,19.36836815,24.02811432,31.75060844,0.19415609,21.4,83.3,24,0,A2M,Archival,2,38.378,-74.8051
8/24/23,2023,8,17.80240059,25.00901031,31.86520958,0.189647624,36,67.9,38,0,RTWB,Real Time,2,38.3031,-74.645
8/25/23,2023,8,16.67379951,24.98288155,31.98729897,0.230807834,48.7,55.9,36,0,T2M,Archival,2,38.3032,-74.5052
8/25/23,2023,8,17.67825317,24.57795143,32.07868576,0.19713,36,67.9,35,0,A7M,Archival,2,38.3031,-74.6525
8/25/23,2023,8,19.0801239,23.45505333,31.32164764,0.182288726,21.4,83.3,24,0,A2M,Archival,2,38.378,-74.8051
8/25/23,2023,8,17.67825317,24.57795143,32.07868576,0.181571007,36,67.9,38,0,RTWB,Real Time,2,38.3031,-74.645
8/26/23,2023,8,16.66921043,24.98123741,32.16782761,0.230889638,48.7,55.9,36,0,T2M,Archival,2,38.3032,-74.5052
8/26/23,2023,8,17.50850677,24.45874596,32.08165741,0.19858,36,67.9,35,0,A7M,Archival,2,38.3031,-74.6525
8/26/23,2023,8,18.90681267,24.11264992,31.81482506,0.216909885,21.4,83.3,24,0,A2M,Archival,2,38.378,-74.8051
8/26/23,2023,8,17.50850677,24.45874596,32.08165741,0.182901031,36,67.9,38,0,RTWB,Real Time,2,38.3031,-74.645
8/27/23,2023,8,16.78524017,24.88723946,32.15010834,0.225055536,48.7,55.9,36,0,T2M,Archival,2,38.3032,-74.5052
8/27/23,2023,8,17.73270988,24.38391685,32.05742264,0.19003,36,67.9,35,0,A7M,Archival,2,38.3031,-74.6525
8/27/23,2023,8,19.1968708,24.18396568,31.80685234,0.20779562,21.4,83.3,24,0,A2M,Archival,2,38.378,-74.8051
8/27/23,2023,8,17.73270988,24.38391685,32.05742264,0.175031762,36,67.9,38,0,RTWB,Real Time,2,38.3031,-74.645
8/28/23,2023,8,16.76585197,24.80927849,32.05090714,0.223428514,48.7,55.9,36,0,T2M,Archival,2,38.3032,-74.5052
8/28/23,2023,8,17.8161068,24.22852325,32.12781143,0.18321,36,67.9,35,0,A7M,Archival,2,38.3031,-74.6525
8/28/23,2023,8,19.15425682,23.88703918,31.80798531,0.197199265,21.4,83.3,24,0,A2M,Archival,2,38.378,-74.8051
8/28/23,2023,8,17.8161068,24.22852325,32.12781143,0.168747802,36,67.9,38,0,RTWB,Real Time,2,38.3031,-74.645
8/29/23,2023,8,16.59510803,24.62398529,31.97444153,0.223024368,48.7,55.9,36,0,T2M,Archival,2,38.3032,-74.5052
8/29/23,2023,8,17.92385483,24.06093597,32.11411667,0.17535,36,67.9,35,0,A7M,Archival,2,38.3031,-74.6525
8/29/23,2023,8,19.27786064,23.5532856,31.79478645,0.178142707,21.4,83.3,24,0,A2M,Archival,2,38.378,-74.8051
8/29/23,2023,8,17.92385483,24.06093597,32.11411667,0.161502135,36,67.9,38,0,RTWB,Real Time,2,38.3031,-74.645
8/30/23,2023,8,17.50503349,24.74423981,32.0031395,0.201089064,48.7,55.9,36,0,T2M,Archival,2,38.3032,-74.5052
8/30/23,2023,8,18.40390968,24.06016541,32.10220718,0.16161,36,67.9,35,0,A7M,Archival,2,38.3031,-74.6525
8/30/23,2023,8,19.52642059,23.52462769,31.66086388,0.166591962,21.4,83.3,24,0,A2M,Archival,2,38.378,-74.8051
8/30/23,2023,8,18.40390968,24.06016541,32.10220718,0.148848835,36,67.9,38,0,RTWB,Real Time,2,38.3031,-74.645
8/31/23,2023,8,17.65119362,24.44901466,31.99085808,0.188828362,48.7,55.9,36,0,T2M,Archival,2,38.3032,-74.5052
8/31/23,2023,8,18.56458092,23.79899025,32.03152084,0.14955,36,67.9,35,0,A7M,Archival,2,38.3031,-74.6525
8/31/23,2023,8,19.83394432,23.15281487,31.57326698,0.138286273,21.4,83.3,24,0,A2M,Archival,2,38.378,-74.8051
8/31/23,2023,8,18.56458092,23.79899025,32.03152084,0.137747614,36,67.9,38,0,RTWB,Real Time,2,38.3031,-74.645
9/1/23,2023,9,17.52970886,23.72062492,31.91615105,0.171969891,48.7,55.9,36,0,T2M,Archival,2,38.3032,-74.5052
9/1/23,2023,9,19.15026283,23.2599659,31.94166756,0.11742,36,67.9,35,0,A7M,Archival,2,38.3031,-74.6525
9/1/23,2023,9,21.58197784,22.40830231,31.67243385,0.034430186,21.4,83.3,24,0,A2M,Archival,2,38.378,-74.8051
9/1/23,2023,9,19.15026283,23.2599659,31.94166756,0.108150081,36,67.9,38,0,RTWB,Real Time,2,38.3031,-74.645
9/2/23,2023,9,15.41500854,23.63026237,32.00714493,0.228201495,48.7,55.9,36,0,T2M,Archival,2,38.3032,-74.5052
9/2/23,2023,9,18.32160759,23.69056129,31.89811134,0.1534,36,67.9,35,0,A7M,Archival,2,38.3031,-74.6525
9/2/23,2023,9,21.59396362,22.90184021,31.63177299,0.054494858,21.4,83.3,24,0,A2M,Archival,2,38.378,-74.8051
9/2/23,2023,9,18.32160759,23.69056129,31.89811134,0.141288255,36,67.9,38,0,RTWB,Real Time,2,38.3031,-74.645
9/3/23,2023,9,14.83270931,23.63516808,31.99829674,0.244512743,48.7,55.9,36,0,T2M,Archival,2,38.3032,-74.5052
9/3/23,2023,9,17.67042351,23.62711906,31.88526344,0.17019,36,67.9,35,0,A7M,Archival,2,38.3031,-74.6525
9/3/23,2023,9,21.15992737,22.86448479,31.39547539,0.071023226,21.4,83.3,24,0,A2M,Archival,2,38.378,-74.8051
9/3/23,2023,9,17.67042351,23.62711906,31.88526344,0.156755146,36,67.9,38,0,RTWB,Real Time,2,38.3031,-74.645
9/4/23,2023,9,14.8706007,23.93974495,31.98932838,0.251920674,48.7,55.9,36,0,T2M,Archival,2,38.3032,-74.5052
9/4/23,2023,9,17.06202698,23.68099976,31.82118034,0.18911,36,67.9,35,0,A7M,Archival,2,38.3031,-74.6525
9/4/23,2023,9,20.64546204,23.1855526,31.10818291,0.105837107,21.4,83.3,24,0,A2M,Archival,2,38.378,-74.8051
9/4/23,2023,9,17.06202698,23.68099976,31.82118034,0.174183494,36,67.9,38,0,RTWB,Real Time,2,38.3031,-74.645
9/5/23,2023,9,15.3817625,24.25881004,32.08230209,0.246584654,48.7,55.9,36,0,T2M,Archival,2,38.3032,-74.5052
9/5/23,2023,9,17.44927406,24.15522003,31.93397522,0.1916,36,67.9,35,0,A7M,Archival,2,38.3031,-74.6525
9/5/23,2023,9,20.71904564,23.83872986,31.25790596,0.129986842,21.4,83.3,24,0,A2M,Archival,2,38.378,-74.8051
9/5/23,2023,9,17.44927406,24.15522003,31.93397522,0.176472262,36,67.9,38,0,RTWB,Real Time,2,38.3031,-74.645
9/6/23,2023,9,15.72182941,24.64997101,32.03087234,0.248003933,48.7,55.9,36,0,T2M,Archival,2,38.3032,-74.5052
9/6/23,2023,9,17.51374817,24.50502968,31.87879181,0.19975,36,67.9,35,0,A7M,Archival,2,38.3031,-74.6525
9/6/23,2023,9,20.58875465,24.29358101,31.21597481,0.154367765,21.4,83.3,24,0,A2M,Archival,2,38.378,-74.8051
9/6/23,2023,9,17.51374817,24.50502968,31.87879181,0.183981092,36,67.9,38,0,RTWB,Real Time,2,38.3031,-74.645
9/7/23,2023,9,15.37955761,24.96712685,31.94515991,0.266321368,48.7,55.9,36,0,T2M,Archival,2,38.3032,-74.5052
9/7/23,2023,9,17.46775246,24.87416077,31.84943581,0.21161,36,67.9,35,0,A7M,Archival,2,38.3031,-74.6525
9/7/23,2023,9,20.37979126,24.72266388,31.27425957,0.180953026,21.4,83.3,24,0,A2M,Archival,2,38.378,-74.8051
9/7/23,2023,9,17.46775246,24.87416077,31.84943581,0.194905482,36,67.9,38,0,RTWB,Real Time,2,38.3031,-74.645
9/8/23,2023,9,16.08392525,25.13133049,31.97049904,0.251316812,48.7,55.9,36,0,T2M,Archival,2,38.3032,-74.5052
9/8/23,2023,9,18.23316765,25.07931328,31.85112572,0.1956,36,67.9,35,0,A7M,Archival,2,38.3031,-74.6525
9/8/23,2023,9,20.95880318,24.97705269,31.28391838,0.167427063,21.4,83.3,24,0,A2M,Archival,2,38.378,-74.8051
9/8/23,2023,9,18.23316765,25.07931328,31.85112572,0.180161727,36,67.9,38,0,RTWB,Real Time,2,38.3031,-74.645
9/9/23,2023,9,15.85331821,25.36235619,31.97923851,0.264139944,48.7,55.9,36,0,T2M,Archival,2,38.3032,-74.5052
9/9/23,2023,9,18.00432396,25.1957798,31.60348511,0.20547,36,67.9,35,0,A7M,Archival,2,38.3031,-74.6525
9/9/23,2023,9,20.73271751,25.10948181,31.20148468,0.182365179,21.4,83.3,24,0,A2M,Archival,2,38.378,-74.8051
9/9/23,2023,9,18.00432396,25.1957798,31.60348511,0.189248838,36,67.9,38,0,RTWB,Real Time,2,38.3031,-74.645
9/10/23,2023,9,15.54115963,25.52028084,31.96462822,0.277197811,48.7,55.9,36,0,T2M,Archival,2,38.3032,-74.5052
9/10/23,2023,9,17.78771019,25.38956261,31.52790833,0.2172,36,67.9,35,0,A7M,Archival,2,38.3031,-74.6525
9/10/23,2023,9,20.81056404,25.34918785,31.25301552,0.189109325,21.4,83.3,24,0,A2M,Archival,2,38.378,-74.8051
9/10/23,2023,9,17.78771019,25.38956261,31.52790833,0.200048748,36,67.9,38,0,RTWB,Real Time,2,38.3031,-74.645
9/11/23,2023,9,15.05285931,25.95298195,32.03769302,0.302781185,48.7,55.9,36,0,T2M,Archival,2,38.3032,-74.5052
9/11/23,2023,9,17.31427765,25.72748375,31.57413673,0.24038,36,67.9,35,0,A7M,Archival,2,38.3031,-74.6525
9/11/23,2023,9,20.48603821,25.53692436,31.29234123,0.21045359,21.4,83.3,24,0,A2M,Archival,2,38.378,-74.8051
9/11/23,2023,9,17.31427765,25.72748375,31.57413673,0.221400161,36,67.9,38,0,RTWB,Real Time,2,38.3031,-74.645
9/12/23,2023,9,15.26306438,25.98322868,31.98217773,0.297782342,48.7,55.9,36,0,T2M,Archival,2,38.3032,-74.5052
9/12/23,2023,9,17.31366348,25.76375389,31.56813049,0.24143,36,67.9,35,0,A7M,Archival,2,38.3031,-74.6525
9/12/23,2023,9,20.42920685,25.47478294,31.32073402,0.210232337,21.4,83.3,24,0,A2M,Archival,2,38.378,-74.8051
9/12/23,2023,9,17.31366348,25.76375389,31.56813049,0.2223708,36,67.9,38,0,RTWB,Real Time,2,38.3031,-74.645
9/13/23,2023,9,15.62764263,25.82272911,31.92106438,0.283196847,48.7,55.9,36,0,T2M,Archival,2,38.3032,-74.5052
9/13/23,2023,9,17.47937393,25.60926819,31.58259583,0.23228,36,67.9,35,0,A7M,Archival,2,38.3031,-74.6525
9/13/23,2023,9,20.38239861,25.21769524,31.3351593,0.201470693,21.4,83.3,24,0,A2M,Archival,2,38.378,-74.8051
9/13/23,2023,9,17.47937393,25.60926819,31.58259583,0.213944586,36,67.9,38,0,RTWB,Real Time,2,38.3031,-74.645
9/14/23,2023,9,15.71256256,25.20552063,32.03774643,0.26369328,48.7,55.9,36,0,T2M,Archival,2,38.3032,-74.5052
9/14/23,2023,9,17.42193794,25.12326622,31.69113159,0.22004,36,67.9,35,0,A7M,Archival,2,38.3031,-74.6525
9/14/23,2023,9,20.26856422,24.88791847,31.38866234,0.192473094,21.4,83.3,24,0,A2M,Archival,2,38.378,-74.8051
9/14/23,2023,9,17.42193794,25.12326622,31.69113159,0.202666534,36,67.9,38,0,RTWB,Real Time,2,38.3031,-74.645
9/15/23,2023,9,15.77509689,24.43805122,32.0189476,0.24063762,48.7,55.9,36,0,T2M,Archival,2,38.3032,-74.5052
9/15/23,2023,9,18.25031471,24.27900887,32.02113342,0.17225,36,67.9,35,0,A7M,Archival,2,38.3031,-74.6525
9/15/23,2023,9,22.04407692,24.30447197,31.72777367,0.094183127,21.4,83.3,24,0,A2M,Archival,2,38.378,-74.8051
9/15/23,2023,9,18.25031471,24.27900887,32.02113342,0.158649846,36,67.9,38,0,RTWB,Real Time,2,38.3031,-74.645
9/16/23,2023,9,16.07935715,23.83959961,31.69079781,0.215562291,48.7,55.9,36,0,T2M,Archival,2,38.3032,-74.5052
9/16/23,2023,9,20.19499016,23.76801872,31.66851997,0.10209,36,67.9,35,0,A7M,Archival,2,38.3031,-74.6525
9/16/23,2023,9,23.65971184,23.83168602,31.76377106,0.007165591,21.4,83.3,24,0,A2M,Archival,2,38.378,-74.8051
9/16/23,2023,9,20.19499016,23.76801872,31.66851997,0.094027067,36,67.9,38,0,RTWB,Real Time,2,38.3031,-74.645
9/17/23,2023,9,16.45099068,23.20374298,31.3842392,0.187576453,48.7,55.9,36,0,T2M,Archival,2,38.3032,-74.5052
9/17/23,2023,9,20.7006588,23.32118225,31.15267181,0.07487,36,67.9,35,0,A7M,Archival,2,38.3031,-74.6525
9/17/23,2023,9,23.64574623,23.51753235,31.35480309,-0.005342245,21.4,83.3,24,0,A2M,Archival,2,38.378,-74.8051
9/17/23,2023,9,20.7006588,23.32118225,31.15267181,0.068961143,36,67.9,38,0,RTWB,Real Time,2,38.3031,-74.645
9/18/23,2023,9,16.27002907,23.15836906,31.24297142,0.191342778,48.7,55.9,36,0,T2M,Archival,2,38.3032,-74.5052
9/18/23,2023,9,19.31173515,23.28006935,31.28785515,0.11338,36,67.9,35,0,A7M,Archival,2,38.3031,-74.6525
9/18/23,2023,9,23.44018555,23.71432495,30.8615818,0.011422475,21.4,83.3,24,0,A2M,Archival,2,38.378,-74.8051
9/18/23,2023,9,19.31173515,23.28006935,31.28785515,0.104429847,36,67.9,38,0,RTWB,Real Time,2,38.3031,-74.645
9/19/23,2023,9,16.37130928,22.79855919,31.09079933,0.17853472,48.7,55.9,36,0,T2M,Archival,2,38.3032,-74.5052
9/19/23,2023,9,18.60866547,23.00078011,31.1576767,0.12549,36,67.9,35,0,A7M,Archival,2,38.3031,-74.6525
9/19/23,2023,9,23.15133858,23.47437096,31.08543587,0.013459682,21.4,83.3,24,0,A2M,Archival,2,38.378,-74.8051
9/19/23,2023,9,18.60866547,23.00078011,31.1576767,0.115581964,36,67.9,38,0,RTWB,Real Time,2,38.3031,-74.645
9/20/23,2023,9,16.31604195,22.44791985,31.05288124,0.170329942,48.7,55.9,36,0,T2M,Archival,2,38.3032,-74.5052
9/20/23,2023,9,18.29617691,22.6523037,31.04147911,0.12446,36,67.9,35,0,A7M,Archival,2,38.3031,-74.6525
9/20/23,2023,9,22.75714874,23.18958473,31.06867027,0.018018166,21.4,83.3,24,0,A2M,Archival,2,38.378,-74.8051
9/20/23,2023,9,18.29617691,22.6523037,31.04147911,0.114634915,36,67.9,38,0,RTWB,Real Time,2,38.3031,-74.645
9/21/23,2023,9,16.27127075,22.39065361,30.97524071,0.169982857,48.7,55.9,36,0,T2M,Archival,2,38.3032,-74.5052
9/21/23,2023,9,18.01058006,22.63037682,31.03641319,0.13199,36,67.9,35,0,A7M,Archival,2,38.3031,-74.6525
9/21/23,2023,9,22.39573669,23.13208199,31.01620293,0.030681054,21.4,83.3,24,0,A2M,Archival,2,38.378,-74.8051
9/21/23,2023,9,18.01058006,22.63037682,31.03641319,0.121573599,36,67.9,38,0,RTWB,Real Time,2,38.3031,-74.645
9/22/23,2023,9,16.6540451,22.00893211,30.99623871,0.148746861,48.7,55.9,36,0,T2M,Archival,2,38.3032,-74.5052
9/22/23,2023,9,18.43602562,22.32324791,30.98630524,0.11106,36,67.9,35,0,A7M,Archival,2,38.3031,-74.6525
9/22/23,2023,9,22.55627251,22.84960175,31.1379528,0.012222052,21.4,83.3,24,0,A2M,Archival,2,38.378,-74.8051
9/22/23,2023,9,18.43602562,22.32324791,30.98630524,0.102295323,36,67.9,38,0,RTWB,Real Time,2,38.3031,-74.645
9/23/23,2023,9,17.20363617,21.80881691,31.41748619,0.127921687,48.7,55.9,36,0,T2M,Archival,2,38.3032,-74.5052
9/23/23,2023,9,21.19776344,21.68802834,31.04943275,0.01401,36,67.9,35,0,A7M,Archival,2,38.3031,-74.6525
9/23/23,2023,9,22.38148308,22.41885567,31.16937828,0.001557191,21.4,83.3,24,0,A2M,Archival,2,38.378,-74.8051
9/23/23,2023,9,21.19776344,21.68802834,31.04943275,0.012901708,36,67.9,38,0,RTWB,Real Time,2,38.3031,-74.645
9/24/23,2023,9,17.62576866,21.28832817,31.28621483,0.101737764,48.7,55.9,36,0,T2M,Archival,2,38.3032,-74.5052
9/24/23,2023,9,21.4402771,21.4636364,30.7252655,0.00067,36,67.9,35,0,A7M,Archival,2,38.3031,-74.6525
9/24/23,2023,9,22.49957848,22.49382782,30.81151581,-0.000239611,21.4,83.3,24,0,A2M,Archival,2,38.378,-74.8051
9/24/23,2023,9,21.4402771,21.4636364,30.7252655,0.000614718,36,67.9,38,0,RTWB,Real Time,2,38.3031,-74.645
9/25/23,2023,9,18.06247139,20.80591965,31.19399071,0.076206896,48.7,55.9,36,0,T2M,Archival,2,38.3032,-74.5052
9/25/23,2023,9,21.08276558,21.4770298,30.66007423,0.01126,36,67.9,35,0,A7M,Archival,2,38.3031,-74.6525
9/25/23,2023,9,22.36958504,22.33965111,30.78096962,-0.001247247,21.4,83.3,24,0,A2M,Archival,2,38.378,-74.8051
9/25/23,2023,9,21.08276558,21.4770298,30.66007423,0.010375374,36,67.9,38,0,RTWB,Real Time,2,38.3031,-74.645
9/26/23,2023,9,16.29437447,20.11815071,31.70285034,0.106216007,48.7,55.9,36,0,T2M,Archival,2,38.3032,-74.5052
9/26/23,2023,9,18.27676201,20.52602768,31.06061745,0.06426,36,67.9,35,0,A7M,Archival,2,38.3031,-74.6525
9/26/23,2023,9,19.66073799,21.09817505,30.97958565,0.059893211,21.4,83.3,24,0,A2M,Archival,2,38.378,-74.8051
9/26/23,2023,9,18.27676201,20.52602768,31.06061745,0.059191202,36,67.9,38,0,RTWB,Real Time,2,38.3031,-74.645
9/27/23,2023,9,19.20855713,19.3251915,32.20242691,0.003239844,48.7,55.9,36,0,T2M,Archival,2,38.3032,-74.5052
9/27/23,2023,9,19.18037605,19.16537476,31.46336365,-0.00043,36,67.9,35,0,A7M,Archival,2,38.3031,-74.6525
9/27/23,2023,9,19.65756989,19.63690376,31.10810661,-0.000861088,21.4,83.3,24,0,A2M,Archival,2,38.378,-74.8051
9/27/23,2023,9,19.18037605,19.16537476,31.46336365,-0.000394771,36,67.9,38,0,RTWB,Real Time,2,38.3031,-74.645
9/28/23,2023,9,19.78973579,19.80011177,32.35996628,0.000288222,48.7,55.9,36,0,T2M,Archival,2,38.3032,-74.5052
9/28/23,2023,9,19.14067078,19.13484764,31.60262489,-0.00017,36,67.9,35,0,A7M,Archival,2,38.3031,-74.6525
9/28/23,2023,9,19.47332191,19.46299744,31.01911354,-0.000430187,21.4,83.3,24,0,A2M,Archival,2,38.378,-74.8051
9/28/23,2023,9,19.14067078,19.13484764,31.60262489,-0.00015324,36,67.9,38,0,RTWB,Real Time,2,38.3031,-74.645
9/29/23,2023,9,19.1109066,19.33397102,32.2476387,0.006196234,48.7,55.9,36,0,T2M,Archival,2,38.3032,-74.5052
9/29/23,2023,9,19.24022293,19.35510826,31.51106071,0.00328,36,67.9,35,0,A7M,Archival,2,38.3031,-74.6525
9/29/23,2023,9,19.72337914,19.82223701,30.85823822,0.004119078,21.4,83.3,24,0,A2M,Archival,2,38.378,-74.8051
9/29/23,2023,9,19.24022293,19.35510826,31.51106071,0.003023298,36,67.9,38,0,RTWB,Real Time,2,38.3031,-74.645
9/30/23,2023,9,18.97686577,19.01152611,32.36581802,0.000962787,48.7,55.9,36,0,T2M,Archival,2,38.3032,-74.5052
9/30/23,2023,9,19.30051994,19.32694054,31.75153923,0.00075,36,67.9,35,0,A7M,Archival,2,38.3031,-74.6525
9/30/23,2023,9,19.73575211,19.74003983,31.04553413,0.000178655,21.4,83.3,24,0,A2M,Archival,2,38.378,-74.8051
9/30/23,2023,9,19.30051994,19.32694054,31.75153923,0.000695279,36,67.9,38,0,RTWB,Real Time,2,38.3031,-74.645
10/1/23,2023,10,19.03435326,19.03104973,32.68764877,-9.18E-05,48.7,55.9,36,0,T2M,Archival,2,38.3032,-74.5052
10/1/23,2023,10,19.30825996,19.31110382,32.05758286,0.00008,36,67.9,35,0,A7M,Archival,2,38.3031,-74.6525
10/1/23,2023,10,19.69688225,19.69546318,31.33956909,-5.91E-05,21.4,83.3,24,0,A2M,Archival,2,38.378,-74.8051
10/1/23,2023,10,19.30825996,19.31110382,32.05758286,7.48E-05,36,67.9,38,0,RTWB,Real Time,2,38.3031,-74.645
10/2/23,2023,10,19.42368126,19.43982124,32.71625519,0.000448333,48.7,55.9,36,0,T2M,Archival,2,38.3032,-74.5052
10/2/23,2023,10,19.24972343,19.25336456,32.18041229,0.0001,36,67.9,35,0,A7M,Archival,2,38.3031,-74.6525
10/2/23,2023,10,19.66354179,19.6703949,31.38129997,0.000285546,21.4,83.3,24,0,A2M,Archival,2,38.378,-74.8051
10/2/23,2023,10,19.24972343,19.25336456,32.18041229,9.58E-05,36,67.9,38,0,RTWB,Real Time,2,38.3031,-74.645
10/3/23,2023,10,19.4187603,19.47871208,32.69458389,0.001665327,48.7,55.9,36,0,T2M,Archival,2,38.3032,-74.5052
10/3/23,2023,10,19.26860046,19.31931114,32.19527817,0.00145,36,67.9,35,0,A7M,Archival,2,38.3031,-74.6525
10/3/23,2023,10,19.69728279,19.76857185,31.33383751,0.002970378,21.4,83.3,24,0,A2M,Archival,2,38.378,-74.8051
10/3/23,2023,10,19.26860046,19.31931114,32.19527817,0.001334492,36,67.9,38,0,RTWB,Real Time,2,38.3031,-74.645
10/4/23,2023,10,19.38898277,19.54760361,32.69715881,0.004406134,48.7,55.9,36,0,T2M,Archival,2,38.3032,-74.5052
10/4/23,2023,10,19.30085373,19.44629097,32.10898209,0.00416,36,67.9,35,0,A7M,Archival,2,38.3031,-74.6525
10/4/23,2023,10,19.71020317,19.96863174,31.1182003,0.010767857,21.4,83.3,24,0,A2M,Archival,2,38.378,-74.8051
10/4/23,2023,10,19.30085373,19.44629097,32.10898209,0.003827296,36,67.9,38,0,RTWB,Real Time,2,38.3031,-74.645
10/5/23,2023,10,17.49513435,20.01763535,32.555439,0.070069472,48.7,55.9,36,0,T2M,Archival,2,38.3032,-74.5052
10/5/23,2023,10,17.94869041,19.70022202,31.94170189,0.05004,36,67.9,35,0,A7M,Archival,2,38.3031,-74.6525
10/5/23,2023,10,18.82813454,20.08839607,31.12943268,0.052510897,21.4,83.3,24,0,A2M,Archival,2,38.378,-74.8051
10/5/23,2023,10,17.94869041,19.70022202,31.94170189,0.046092937,36,67.9,38,0,RTWB,Real Time,2,38.3031,-74.645
10/6/23,2023,10,17.42826653,20.27697563,32.54311752,0.079130809,48.7,55.9,36,0,T2M,Archival,2,38.3032,-74.5052
10/6/23,2023,10,17.91707802,19.98408699,32.05894089,0.05906,36,67.9,35,0,A7M,Archival,2,38.3031,-74.6525
10/6/23,2023,10,18.67831993,20.26840401,31.18830299,0.066253503,21.4,83.3,24,0,A2M,Archival,2,38.378,-74.8051
10/6/23,2023,10,17.91707802,19.98408699,32.05894089,0.054394973,36,67.9,38,0,RTWB,Real Time,2,38.3031,-74.645
10/7/23,2023,10,17.43868446,20.44903946,32.564991,0.083620972,48.7,55.9,36,0,T2M,Archival,2,38.3032,-74.5052
10/7/23,2023,10,17.97549248,20.15908241,32.14886856,0.06239,36,67.9,35,0,A7M,Archival,2,38.3031,-74.6525
10/7/23,2023,10,18.73821449,20.28947067,31.26101112,0.064635674,21.4,83.3,24,0,A2M,Archival,2,38.378,-74.8051
10/7/23,2023,10,17.97549248,20.15908241,32.14886856,0.057462893,36,67.9,38,0,RTWB,Real Time,2,38.3031,-74.645
10/8/23,2023,10,19.32547188,20.03113365,32.36404419,0.019601716,48.7,55.9,36,0,T2M,Archival,2,38.3032,-74.5052
10/8/23,2023,10,19.33919334,19.49655914,32.0711937,0.0045,36,67.9,35,0,A7M,Archival,2,38.3031,-74.6525
10/8/23,2023,10,19.49191284,19.5901947,31.40744209,0.004095078,21.4,83.3,24,0,A2M,Archival,2,38.378,-74.8051
10/8/23,2023,10,19.33919334,19.49655914,32.0711937,0.004141205,36,67.9,38,0,RTWB,Real Time,2,38.3031,-74.645
10/9/23,2023,10,19.48509216,20.09885597,32.46460724,0.017048995,48.7,55.9,36,0,T2M,Archival,2,38.3032,-74.5052
10/9/23,2023,10,19.5092907,19.3498497,32.01611328,-0.00456,36,67.9,35,0,A7M,Archival,2,38.3031,-74.6525
10/9/23,2023,10,19.54548645,19.43398285,30.95230103,-0.004645983,21.4,83.3,24,0,A2M,Archival,2,38.378,-74.8051
10/9/23,2023,10,19.5092907,19.3498497,32.01611328,-0.004195816,36,67.9,38,0,RTWB,Real Time,2,38.3031,-74.645
10/10/23,2023,10,18.90530396,20.43141556,32.64471817,0.042391989,48.7,55.9,36,0,T2M,Archival,2,38.3032,-74.5052
10/10/23,2023,10,19.58848381,19.15776253,31.83255196,-0.01231,36,67.9,35,0,A7M,Archival,2,38.3031,-74.6525
10/10/23,2023,10,19.52487755,19.27408028,30.87896919,-0.010449886,21.4,83.3,24,0,A2M,Archival,2,38.378,-74.8051
10/10/23,2023,10,19.58848381,19.15776253,31.83255196,-0.011334771,36,67.9,38,0,RTWB,Real Time,2,38.3031,-74.645
10/11/23,2023,10,17.98008537,20.5933075,32.86088943,0.072589503,48.7,55.9,36,0,T2M,Archival,2,38.3032,-74.5052
10/11/23,2023,10,18.84685326,19.19288063,32.06978989,0.00989,36,67.9,35,0,A7M,Archival,2,38.3031,-74.6525
10/11/23,2023,10,19.11122894,19.1060276,30.91631889,-0.000216722,21.4,83.3,24,0,A2M,Archival,2,38.378,-74.8051
10/11/23,2023,10,18.84685326,19.19288063,32.06978989,0.009105984,36,67.9,38,0,RTWB,Real Time,2,38.3031,-74.645
10/12/23,2023,10,18.02973747,20.41681671,32.83325577,0.066307757,48.7,55.9,36,0,T2M,Archival,2,38.3032,-74.5052
10/12/23,2023,10,18.78778267,19.2314415,32.13809204,0.01268,36,67.9,35,0,A7M,Archival,2,38.3031,-74.6525
10/12/23,2023,10,19.06984329,19.19185829,31.00315666,0.005083958,21.4,83.3,24,0,A2M,Archival,2,38.378,-74.8051
10/12/23,2023,10,18.78778267,19.2314415,32.13809204,0.011675232,36,67.9,38,0,RTWB,Real Time,2,38.3031,-74.645
10/13/23,2023,10,18.35405731,20.08725357,32.74694061,0.048144341,48.7,55.9,36,0,T2M,Archival,2,38.3032,-74.5052
10/13/23,2023,10,18.7109108,19.1060276,32.17554092,0.01129,36,67.9,35,0,A7M,Archival,2,38.3031,-74.6525
10/13/23,2023,10,19.04514122,19.04086876,31.14644051,-0.000178019,21.4,83.3,24,0,A2M,Archival,2,38.378,-74.8051
10/13/23,2023,10,18.7109108,19.1060276,32.17554092,0.010397811,36,67.9,38,0,RTWB,Real Time,2,38.3031,-74.645
10/14/23,2023,10,18.75367165,19.71627808,32.90989685,0.026739068,48.7,55.9,36,0,T2M,Archival,2,38.3032,-74.5052
10/14/23,2023,10,18.88202095,18.84668541,32.2562561,-0.00101,36,67.9,35,0,A7M,Archival,2,38.3031,-74.6525
10/14/23,2023,10,19.04944801,18.59730339,31.05693626,-0.018839359,21.4,83.3,24,0,A2M,Archival,2,38.378,-74.8051
10/14/23,2023,10,18.88202095,18.84668541,32.2562561,-0.000929883,36,67.9,38,0,RTWB,Real Time,2,38.3031,-74.645
10/15/23,2023,10,18.73509407,19.23237228,32.70624924,0.013813284,48.7,55.9,36,0,T2M,Archival,2,38.3032,-74.5052
10/15/23,2023,10,18.78919601,18.7595005,32.17132187,-0.00085,36,67.9,35,0,A7M,Archival,2,38.3031,-74.6525
10/15/23,2023,10,18.84390068,18.67490959,31.49168968,-0.007041295,21.4,83.3,24,0,A2M,Archival,2,38.378,-74.8051
10/15/23,2023,10,18.78919601,18.7595005,32.17132187,-0.000781461,36,67.9,38,0,RTWB,Real Time,2,38.3031,-74.645
10/16/23,2023,10,18.81806564,18.78559303,32.55560684,-0.000902017,48.7,55.9,36,0,T2M,Archival,2,38.3032,-74.5052
10/16/23,2023,10,18.58897591,18.52613068,32.00801086,-0.0018,36,67.9,35,0,A7M,Archival,2,38.3031,-74.6525
10/16/23,2023,10,18.6414547,18.5033474,31.81598663,-0.005754471,21.4,83.3,24,0,A2M,Archival,2,38.378,-74.8051
10/16/23,2023,10,18.58897591,18.52613068,32.00801086,-0.001653822,36,67.9,38,0,RTWB,Real Time,2,38.3031,-74.645
10/17/23,2023,10,17.79192924,18.65236282,32.48785782,0.023900933,48.7,55.9,36,0,T2M,Archival,2,38.3032,-74.5052
10/17/23,2023,10,17.83970451,18.39116669,31.97597694,0.01576,36,67.9,35,0,A7M,Archival,2,38.3031,-74.6525
10/17/23,2023,10,18.3536396,18.34068489,31.64173698,-0.00053978,21.4,83.3,24,0,A2M,Archival,2,38.378,-74.8051
10/17/23,2023,10,17.83970451,18.39116669,31.97597694,0.014512162,36,67.9,38,0,RTWB,Real Time,2,38.3031,-74.645
10/18/23,2023,10,17.65354347,18.46615028,32.41321182,0.022572411,48.7,55.9,36,0,T2M,Archival,2,38.3032,-74.5052
10/18/23,2023,10,17.78175354,18.1985302,31.93378639,0.01191,36,67.9,35,0,A7M,Archival,2,38.3031,-74.6525
10/18/23,2023,10,18.39443588,18.12391281,31.57702637,-0.011271795,21.4,83.3,24,0,A2M,Archival,2,38.378,-74.8051
10/18/23,2023,10,17.78175354,18.1985302,31.93378639,0.010967807,36,67.9,38,0,RTWB,Real Time,2,38.3031,-74.645
10/19/23,2023,10,17.62099648,18.34102058,32.33419037,0.02000067,48.7,55.9,36,0,T2M,Archival,2,38.3032,-74.5052
10/19/23,2023,10,17.7931118,18.12981033,31.93060493,0.00962,36,67.9,35,0,A7M,Archival,2,38.3031,-74.6525
10/19/23,2023,10,18.28455925,17.96411514,31.23847198,-0.013351838,21.4,83.3,24,0,A2M,Archival,2,38.378,-74.8051
10/19/23,2023,10,17.7931118,18.12981033,31.93060493,0.008860488,36,67.9,38,0,RTWB,Real Time,2,38.3031,-74.645
10/20/23,2023,10,17.77659225,18.58181953,32.30828476,0.022367424,48.7,55.9,36,0,T2M,Archival,2,38.3032,-74.5052
10/20/23,2023,10,17.88936424,18.37569809,31.96604347,0.0139,36,67.9,35,0,A7M,Archival,2,38.3031,-74.6525
10/20/23,2023,10,18.2509861,18.141922,29.94219398,-0.004544338,21.4,83.3,24,0,A2M,Archival,2,38.378,-74.8051
10/20/23,2023,10,17.88936424,18.37569809,31.96604347,0.012798259,36,67.9,38,0,RTWB,Real Time,2,38.3031,-74.645
10/21/23,2023,10,17.77142334,18.53306389,32.2795372,0.021156682,48.7,55.9,36,0,T2M,Archival,2,38.3032,-74.5052
10/21/23,2023,10,17.93559456,18.35189056,31.88027954,0.01189,36,67.9,35,0,A7M,Archival,2,38.3031,-74.6525
10/21/23,2023,10,18.24482918,18.15060997,30.07053566,-0.0039258,21.4,83.3,24,0,A2M,Archival,2,38.378,-74.8051
10/21/23,2023,10,17.93559456,18.35189056,31.88027954,0.010955158,36,67.9,38,0,RTWB,Real Time,2,38.3031,-74.645
10/22/23,2023,10,18.02512932,18.26942253,32.32591629,0.006785923,48.7,55.9,36,0,T2M,Archival,2,38.3032,-74.5052
10/22/23,2023,10,18.09409714,18.12788963,32.00691986,0.00097,36,67.9,35,0,A7M,Archival,2,38.3031,-74.6525
10/22/23,2023,10,18.27921104,17.89090919,30.64251518,-0.016179244,21.4,83.3,24,0,A2M,Archival,2,38.378,-74.8051
10/22/23,2023,10,18.09409714,18.12788963,32.00691986,0.000889276,36,67.9,38,0,RTWB,Real Time,2,38.3031,-74.645
10/23/23,2023,10,18.91234398,17.8215313,32.75180435,-0.030300352,48.7,55.9,36,0,T2M,Archival,2,38.3032,-74.5052
10/23/23,2023,10,18.36532974,17.70913506,32.28066254,-0.01875,36,67.9,35,0,A7M,Archival,2,38.3031,-74.6525
10/23/23,2023,10,18.17069054,17.56214714,30.7457962,-0.025355975,21.4,83.3,24,0,A2M,Archival,2,38.378,-74.8051
10/23/23,2023,10,18.36532974,17.70913506,32.28066254,-0.017268281,36,67.9,38,0,RTWB,Real Time,2,38.3031,-74.645
10/24/23,2023,10,18.43249321,17.80345535,32.62490082,-0.017473274,48.7,55.9,36,0,T2M,Archival,2,38.3032,-74.5052
10/24/23,2023,10,18.15415955,17.65065193,32.27157211,-0.01439,36,67.9,35,0,A7M,Archival,2,38.3031,-74.6525
10/24/23,2023,10,17.90690422,17.59222412,31.40596962,-0.013111671,21.4,83.3,24,0,A2M,Archival,2,38.378,-74.8051
10/24/23,2023,10,18.15415955,17.65065193,32.27157211,-0.0132502,36,67.9,38,0,RTWB,Real Time,2,38.3031,-74.645
10/25/23,2023,10,18.23760414,17.85686302,32.58424759,-0.010576142,48.7,55.9,36,0,T2M,Archival,2,38.3032,-74.5052
10/25/23,2023,10,17.98179626,17.6089077,32.13216019,-0.01065,36,67.9,35,0,A7M,Archival,2,38.3031,-74.6525
10/25/23,2023,10,17.71049118,17.61507034,31.2673645,-0.003975868,21.4,83.3,24,0,A2M,Archival,2,38.378,-74.8051
10/25/23,2023,10,17.98179626,17.6089077,32.13216019,-0.009812857,36,67.9,38,0,RTWB,Real Time,2,38.3031,-74.645
10/26/23,2023,10,17.28416061,17.99130821,32.52299881,0.019642989,48.7,55.9,36,0,T2M,Archival,2,38.3032,-74.5052
10/26/23,2023,10,17.04923058,18.05133438,31.92367554,0.02863,36,67.9,35,0,A7M,Archival,2,38.3031,-74.6525
10/26/23,2023,10,17.53706932,18.01926231,30.9415226,0.020091375,21.4,83.3,24,0,A2M,Archival,2,38.378,-74.8051
10/26/23,2023,10,17.04923058,18.05133438,31.92367554,0.026371153,36,67.9,38,0,RTWB,Real Time,2,38.3031,-74.645
10/27/23,2023,10,17.59579849,18.16244316,32.50283813,0.01574013,48.7,55.9,36,0,T2M,Archival,2,38.3032,-74.5052
10/27/23,2023,10,17.18020439,18.13983917,31.44544792,0.02742,36,67.9,35,0,A7M,Archival,2,38.3031,-74.6525
10/27/23,2023,10,17.7039547,18.14523506,30.90302467,0.018386682,21.4,83.3,24,0,A2M,Archival,2,38.378,-74.8051
10/27/23,2023,10,17.18020439,18.13983917,31.44544792,0.025253547,36,67.9,38,0,RTWB,Real Time,2,38.3031,-74.645
10/28/23,2023,10,17.79083443,18.41142654,32.31036758,0.01723867,48.7,55.9,36,0,T2M,Archival,2,38.3032,-74.5052
10/28/23,2023,10,17.27052498,18.42677879,31.25496864,0.03304,36,67.9,35,0,A7M,Archival,2,38.3031,-74.6525
10/28/23,2023,10,17.73166466,18.45626259,30.94606972,0.03019158,21.4,83.3,24,0,A2M,Archival,2,38.378,-74.8051
10/28/23,2023,10,17.27052498,18.42677879,31.25496864,0.030427732,36,67.9,38,0,RTWB,Real Time,2,38.3031,-74.645
10/29/23,2023,10,18.62559319,18.55964851,32.1530571,-0.001831796,48.7,55.9,36,0,T2M,Archival,2,38.3032,-74.5052
10/29/23,2023,10,17.72412682,18.63520622,31.23152351,0.02603,36,67.9,35,0,A7M,Archival,2,38.3031,-74.6525
10/29/23,2023,10,17.85096169,18.59902191,30.94589233,0.031169176,21.4,83.3,24,0,A2M,Archival,2,38.378,-74.8051
10/29/23,2023,10,17.72412682,18.63520622,31.23152351,0.023975774,36,67.9,38,0,RTWB,Real Time,2,38.3031,-74.645
10/30/23,2023,10,18.45311165,18.55234528,32.05023575,0.00275649,48.7,55.9,36,0,T2M,Archival,2,38.3032,-74.5052
10/30/23,2023,10,17.68369865,18.53814888,31.32138252,0.02441,36,67.9,35,0,A7M,Archival,2,38.3031,-74.6525
10/30/23,2023,10,17.74661827,18.447155,31.02534294,0.02918903,21.4,83.3,24,0,A2M,Archival,2,38.378,-74.8051
10/30/23,2023,10,17.68369865,18.53814888,31.32138252,0.022485532,36,67.9,38,0,RTWB,Real Time,2,38.3031,-74.645
10/31/23,2023,10,18.32473755,18.26395607,32.22442245,-0.001688374,48.7,55.9,36,0,T2M,Archival,2,38.3032,-74.5052
10/31/23,2023,10,17.69087029,18.17711449,31.82633972,0.01389,36,67.9,35,0,A7M,Archival,2,38.3031,-74.6525
10/31/23,2023,10,17.8141346,18.07343102,31.41329956,0.010804017,21.4,83.3,24,0,A2M,Archival,2,38.378,-74.8051
10/31/23,2023,10,17.69087029,18.17711449,31.82633972,0.0127959,36,67.9,38,0,RTWB,Real Time,2,38.3031,-74.645
11/1/23,2023,11,17.17249489,17.27450562,32.22819901,0.002833631,48.7,55.9,36,0,T2M,Archival,2,38.3032,-74.5052
11/1/23,2023,11,17.51601601,17.46097755,31.8378315,-0.00157,36,67.9,35,0,A7M,Archival,2,38.3031,-74.6525
11/1/23,2023,11,17.6496048,17.44330025,31.62204552,-0.008596023,21.4,83.3,24,0,A2M,Archival,2,38.378,-74.8051
11/1/23,2023,11,17.51601601,17.46097755,31.8378315,-0.00144838,36,67.9,38,0,RTWB,Real Time,2,38.3031,-74.645
11/2/23,2023,11,16.86389351,17.16404915,32.44034958,0.008337657,48.7,55.9,36,0,T2M,Archival,2,38.3032,-74.5052
11/2/23,2023,11,17.53367043,17.11140251,31.94553185,-0.01206,36,67.9,35,0,A7M,Archival,2,38.3031,-74.6525
11/2/23,2023,11,17.18059349,17.1346283,31.57901001,-0.001915216,21.4,83.3,24,0,A2M,Archival,2,38.378,-74.8051
11/2/23,2023,11,17.53367043,17.11140251,31.94553185,-0.011112314,36,67.9,38,0,RTWB,Real Time,2,38.3031,-74.645
11/3/23,2023,11,16.69456291,17.13774872,32.5187645,0.012310717,48.7,55.9,36,0,T2M,Archival,2,38.3032,-74.5052
11/3/23,2023,11,17.2908802,16.96766853,32.01390076,-0.00923,36,67.9,35,0,A7M,Archival,2,38.3031,-74.6525
11/3/23,2023,11,16.98719215,16.98999405,31.62107849,0.000116746,21.4,83.3,24,0,A2M,Archival,2,38.378,-74.8051
11/3/23,2023,11,17.2908802,16.96766853,32.01390076,-0.00850557,36,67.9,38,0,RTWB,Real Time,2,38.3031,-74.645
11/4/23,2023,11,16.41902733,16.83605385,32.48262024,0.01158407,48.7,55.9,36,0,T2M,Archival,2,38.3032,-74.5052
11/4/23,2023,11,16.78022957,16.70105553,32.0304718,-0.00226,36,67.9,35,0,A7M,Archival,2,38.3031,-74.6525
11/4/23,2023,11,16.56767845,16.61886024,31.56024742,0.002132575,21.4,83.3,24,0,A2M,Archival,2,38.378,-74.8051
11/4/23,2023,11,16.78022957,16.70105553,32.0304718,-0.002083527,36,67.9,38,0,RTWB,Real Time,2,38.3031,-74.645
11/5/23,2023,11,16.47686195,16.8032589,32.47426224,0.009066582,48.7,55.9,36,0,T2M,Archival,2,38.3032,-74.5052
11/5/23,2023,11,16.75799561,16.68673134,31.98240852,-0.00204,36,67.9,35,0,A7M,Archival,2,38.3031,-74.6525
11/5/23,2023,11,16.62745857,16.53719711,31.44835091,-0.003760894,21.4,83.3,24,0,A2M,Archival,2,38.378,-74.8051
11/5/23,2023,11,16.75799561,16.68673134,31.98240852,-0.001875375,36,67.9,38,0,RTWB,Real Time,2,38.3031,-74.645
11/6/23,2023,11,16.50747108,16.68773079,32.52377319,0.005007214,48.7,55.9,36,0,T2M,Archival,2,38.3032,-74.5052
11/6/23,2023,11,16.74646568,16.63146019,32.07331467,-0.00329,36,67.9,35,0,A7M,Archival,2,38.3031,-74.6525
11/6/23,2023,11,16.64754295,16.51045227,31.5530777,-0.005712112,21.4,83.3,24,0,A2M,Archival,2,38.378,-74.8051
11/6/23,2023,11,16.74646568,16.63146019,32.07331467,-0.00302646,36,67.9,38,0,RTWB,Real Time,2,38.3031,-74.645
11/7/23,2023,11,16.7371006,16.9148159,32.45972061,0.004936536,48.7,55.9,36,0,T2M,Archival,2,38.3032,-74.5052
11/7/23,2023,11,16.7875843,16.67733192,32.06007004,-0.00315,36,67.9,35,0,A7M,Archival,2,38.3031,-74.6525
11/7/23,2023,11,16.57169151,16.44904137,31.56575775,-0.005110423,21.4,83.3,24,0,A2M,Archival,2,38.378,-74.8051
11/7/23,2023,11,16.7875843,16.67733192,32.06007004,-0.002901378,36,67.9,38,0,RTWB,Real Time,2,38.3031,-74.645
11/8/23,2023,11,16.63652229,16.7637558,32.45101929,0.003534264,48.7,55.9,36,0,T2M,Archival,2,38.3032,-74.5052
11/8/23,2023,11,16.66872215,16.5834198,32.02716064,-0.00244,36,67.9,35,0,A7M,Archival,2,38.3031,-74.6525
11/8/23,2023,11,16.55160904,16.34385872,31.48820305,-0.008656263,21.4,83.3,24,0,A2M,Archival,2,38.378,-74.8051
11/8/23,2023,11,16.66872215,16.5834198,32.02716064,-0.002244799,36,67.9,38,0,RTWB,Real Time,2,38.3031,-74.645
11/9/23,2023,11,16.64992523,16.62057304,32.47291946,-0.000815339,48.7,55.9,36,0,T2M,Archival,2,38.3032,-74.5052
11/9/23,2023,11,16.66582298,16.53316307,32.13706589,-0.00379,36,67.9,35,0,A7M,Archival,2,38.3031,-74.6525
11/9/23,2023,11,16.58694077,16.32758331,31.64179802,-0.010806561,21.4,83.3,24,0,A2M,Archival,2,38.378,-74.8051
11/9/23,2023,11,16.66582298,16.53316307,32.13706589,-0.00349105,36,67.9,38,0,RTWB,Real Time,2,38.3031,-74.645
11/10/23,2023,11,15.59184933,16.96202278,32.51715851,0.038060374,48.7,55.9,36,0,T2M,Archival,2,38.3032,-74.5052
11/10/23,2023,11,16.13584518,16.63841438,32.13508987,0.01436,36,67.9,35,0,A7M,Archival,2,38.3031,-74.6525
11/10/23,2023,11,16.40210724,16.35814667,31.52397346,-0.00183169,21.4,83.3,24,0,A2M,Archival,2,38.378,-74.8051
11/10/23,2023,11,16.13584518,16.63841438,32.13508987,0.013225505,36,67.9,38,0,RTWB,Real Time,2,38.3031,-74.645
11/11/23,2023,11,15.71228313,16.57233238,32.56922531,0.023890257,48.7,55.9,36,0,T2M,Archival,2,38.3032,-74.5052
11/11/23,2023,11,16.23701477,16.3110714,32.23142624,0.00212,36,67.9,35,0,A7M,Archival,2,38.3031,-74.6525
11/11/23,2023,11,16.18274689,16.1454792,31.69317055,-0.00155282,21.4,83.3,24,0,A2M,Archival,2,38.378,-74.8051
11/11/23,2023,11,16.23701477,16.3110714,32.23142624,0.001948859,36,67.9,38,0,RTWB,Real Time,2,38.3031,-74.645
11/12/23,2023,11,15.81893158,15.97996616,32.55524826,0.004473183,48.7,55.9,36,0,T2M,Archival,2,38.3032,-74.5052
11/12/23,2023,11,16.14941978,16.12218285,32.20548248,-0.00078,36,67.9,35,0,A7M,Archival,2,38.3031,-74.6525
11/12/23,2023,11,16.01493645,15.98593235,31.7148304,-0.001208504,21.4,83.3,24,0,A2M,Archival,2,38.378,-74.8051
11/12/23,2023,11,16.14941978,16.12218285,32.20548248,-0.000716762,36,67.9,38,0,RTWB,Real Time,2,38.3031,-74.645
11/13/23,2023,11,15.20284367,16.16425514,32.44598389,0.026705874,48.7,55.9,36,0,T2M,Archival,2,38.3032,-74.5052
11/13/23,2023,11,15.57881641,16.10441971,32.05617523,0.01502,36,67.9,35,0,A7M,Archival,2,38.3031,-74.6525
11/13/23,2023,11,15.84051418,15.89595509,31.56561089,0.002310038,21.4,83.3,24,0,A2M,Archival,2,38.378,-74.8051
11/13/23,2023,11,15.57881641,16.10441971,32.05617523,0.013831666,36,67.9,38,0,RTWB,Real Time,2,38.3031,-74.645
11/14/23,2023,11,15.23578739,15.94659424,32.38940811,0.019744635,48.7,55.9,36,0,T2M,Archival,2,38.3032,-74.5052
11/14/23,2023,11,15.59983063,15.78402615,32.04022598,0.00526,36,67.9,35,0,A7M,Archival,2,38.3031,-74.6525
11/14/23,2023,11,15.69881439,15.6210022,31.49479103,-0.003242175,21.4,83.3,24,0,A2M,Archival,2,38.378,-74.8051
11/14/23,2023,11,15.59983063,15.78402615,32.04022598,0.00484725,36,67.9,38,0,RTWB,Real Time,2,38.3031,-74.645
11/15/23,2023,11,15.35591602,15.6687212,32.35212326,0.008689033,48.7,55.9,36,0,T2M,Archival,2,38.3032,-74.5052
11/15/23,2023,11,15.58907032,15.57468319,32.05232239,-0.00041,36,67.9,35,0,A7M,Archival,2,38.3031,-74.6525
11/15/23,2023,11,15.47408199,15.41908169,31.51985168,-0.002291679,21.4,83.3,24,0,A2M,Archival,2,38.378,-74.8051
11/15/23,2023,11,15.58907032,15.57468319,32.05232239,-0.000378609,36,67.9,38,0,RTWB,Real Time,2,38.3031,-74.645
11/16/23,2023,11,14.9252243,15.7826376,32.31882095,0.023817036,48.7,55.9,36,0,T2M,Archival,2,38.3032,-74.5052
11/16/23,2023,11,15.29587841,15.64179707,32.02154922,0.00988,36,67.9,35,0,A7M,Archival,2,38.3031,-74.6525
11/16/23,2023,11,15.41257191,15.04145908,31.09045982,-0.015463034,21.4,83.3,24,0,A2M,Archival,2,38.378,-74.8051
11/16/23,2023,11,15.29587841,15.64179707,32.02154922,0.009103123,36,67.9,38,0,RTWB,Real Time,2,38.3031,-74.645
11/17/23,2023,11,14.64985657,15.69975758,32.35134506,0.029163917,48.7,55.9,36,0,T2M,Archival,2,38.3032,-74.5052
11/17/23,2023,11,15.25807285,15.57334614,32.01428986,0.00901,36,67.9,35,0,A7M,Archival,2,38.3031,-74.6525
11/17/23,2023,11,15.42194271,14.77991199,30.87315178,-0.02675128,21.4,83.3,24,0,A2M,Archival,2,38.378,-74.8051
11/17/23,2023,11,15.25807285,15.57334614,32.01428986,0.008296665,36,67.9,38,0,RTWB,Real Time,2,38.3031,-74.645
11/18/23,2023,11,14.47983265,15.67841244,32.37201309,0.033293883,48.7,55.9,36,0,T2M,Archival,2,38.3032,-74.5052
11/18/23,2023,11,15.21501827,15.61691666,32.06647873,0.01148,36,67.9,35,0,A7M,Archival,2,38.3031,-74.6525
11/18/23,2023,11,15.4179945,14.9691534,31.03485107,-0.018701712,21.4,83.3,24,1,A2M,Archival,2,38.378,-74.8051
11/18/23,2023,11,15.21501827,15.61691666,32.06647873,0.010576273,36,67.9,38,0,RTWB,Real Time,2,38.3031,-74.645
11/19/23,2023,11,15.08479786,15.33813095,32.37672043,0.00703703,48.7,55.9,36,0,T2M,Archival,2,38.3032,-74.5052
11/19/23,2023,11,15.54426956,15.51735401,32.13053513,-0.00077,36,67.9,35,1,A7M,Archival,2,38.3031,-74.6525
11/19/23,2023,11,15.44709301,15.26897526,31.5536499,-0.007421573,21.4,83.3,24,1,A2M,Archival,2,38.378,-74.8051
11/19/23,2023,11,15.54426956,15.51735401,32.13053513,-0.000708304,36,67.9,38,0,RTWB,Real Time,2,38.3031,-74.645
11/20/23,2023,11,15.11830902,15.07233524,32.37162018,-0.001277049,48.7,55.9,36,1,T2M,Archival,2,38.3032,-74.5052
11/20/23,2023,11,15.39057446,15.35184479,32.17419052,-0.00111,36,67.9,35,1,A7M,Archival,2,38.3031,-74.6525
11/20/23,2023,11,15.3418951,14.95158768,31.47447395,-0.016262809,21.4,83.3,24,1,A2M,Archival,2,38.378,-74.8051
11/20/23,2023,11,15.39057446,15.35184479,32.17419052,-0.001019202,36,67.9,38,1,RTWB,Real Time,2,38.3031,-74.645
11/21/23,2023,11,14.87548542,14.84914684,32.33116913,-0.000731627,48.7,55.9,36,0,T2M,Archival,2,38.3032,-74.5052
11/21/23,2023,11,15.20598221,15.18276501,32.14044952,-0.00066,36,67.9,35,0,A7M,Archival,2,38.3031,-74.6525
11/21/23,2023,11,15.05677319,15.03628445,31.74854279,-0.000853697,21.4,83.3,24,0,A2M,Archival,2,38.378,-74.8051
11/21/23,2023,11,15.20598221,15.18276501,32.14044952,-0.000610979,36,67.9,38,0,RTWB,Real Time,2,38.3031,-74.645
11/22/23,2023,11,14.84284687,14.91029072,32.29077148,0.00187344,48.7,55.9,36,0,T2M,Archival,2,38.3032,-74.5052
11/22/23,2023,11,15.21010113,15.21329212,31.93494225,0.00009,36,67.9,35,0,A7M,Archival,2,38.3031,-74.6525
11/22/23,2023,11,15.00481129,14.96699238,31.55822563,-0.001575788,21.4,83.3,24,0,A2M,Archival,2,38.378,-74.8051
11/22/23,2023,11,15.21010113,15.21329212,31.93494225,8.40E-05,36,67.9,38,0,RTWB,Real Time,2,38.3031,-74.645
11/23/23,2023,11,14.90491104,14.90592575,32.23093414,2.82E-05,48.7,55.9,36,0,T2M,Archival,2,38.3032,-74.5052
11/23/23,2023,11,15.09512806,15.03579617,31.87403297,-0.0017,36,67.9,35,0,A7M,Archival,2,38.3031,-74.6525
11/23/23,2023,11,14.70697784,14.65225887,31.41898537,-0.002279957,21.4,83.3,24,0,A2M,Archival,2,38.378,-74.8051
11/23/23,2023,11,15.09512806,15.03579617,31.87403297,-0.001561366,36,67.9,38,0,RTWB,Real Time,2,38.3031,-74.645
11/24/23,2023,11,14.83790588,14.81720066,32.22005081,-0.000575145,48.7,55.9,36,0,T2M,Archival,2,38.3032,-74.5052
11/24/23,2023,11,14.93695068,14.89966679,31.92041206,-0.00107,36,67.9,35,0,A7M,Archival,2,38.3031,-74.6525
11/24/23,2023,11,14.45110989,14.39049625,31.37241364,-0.002525568,21.4,83.3,24,0,A2M,Archival,2,38.378,-74.8051
11/24/23,2023,11,14.93695068,14.89966679,31.92041206,-0.000981155,36,67.9,38,0,RTWB,Real Time,2,38.3031,-74.645
11/25/23,2023,11,14.56922054,14.55102062,32.23435974,-0.000505553,48.7,55.9,36,0,T2M,Archival,2,38.3032,-74.5052
11/25/23,2023,11,14.57435226,14.5445528,31.97918701,-0.00085,36,67.9,35,0,A7M,Archival,2,38.3031,-74.6525
11/25/23,2023,11,14.13454723,14.09763432,31.5433712,-0.001538038,21.4,83.3,24,0,A2M,Archival,2,38.378,-74.8051
11/25/23,2023,11,14.57435226,14.5445528,31.97918701,-0.000784196,36,67.9,38,0,RTWB,Real Time,2,38.3031,-74.645
11/26/23,2023,11,14.36536121,14.34501266,32.25652695,-0.000565237,48.7,55.9,36,0,T2M,Archival,2,38.3032,-74.5052
11/26/23,2023,11,14.24289799,14.22361755,31.98017883,-0.00055,36,67.9,35,0,A7M,Archival,2,38.3031,-74.6525
11/26/23,2023,11,13.7934103,13.77320576,31.56145287,-0.000841856,21.4,83.3,24,0,A2M,Archival,2,38.378,-74.8051
11/26/23,2023,11,14.24289799,14.22361755,31.98017883,-0.00050738,36,67.9,38,0,RTWB,Real Time,2,38.3031,-74.645
11/27/23,2023,11,14.28022099,14.26481342,32.26298523,-0.000427988,48.7,55.9,36,0,T2M,Archival,2,38.3032,-74.5052
11/27/23,2023,11,14.17573929,14.14197445,31.98409462,-0.00096,36,67.9,35,0,A7M,Archival,2,38.3031,-74.6525
11/27/23,2023,11,13.63877487,13.58731174,31.50681496,-0.002144297,21.4,83.3,24,0,A2M,Archival,2,38.378,-74.8051
11/27/23,2023,11,14.17573929,14.14197445,31.98409462,-0.000888548,36,67.9,38,0,RTWB,Real Time,2,38.3031,-74.645
11/28/23,2023,11,13.62023258,14.06824207,32.29336166,0.012444708,48.7,55.9,36,0,T2M,Archival,2,38.3032,-74.5052
11/28/23,2023,11,13.89608669,13.95282078,32.07516861,0.00162,36,67.9,35,0,A7M,Archival,2,38.3031,-74.6525
11/28/23,2023,11,13.27316284,13.21650028,31.51553535,-0.00236094,21.4,83.3,24,0,A2M,Archival,2,38.378,-74.8051
11/28/23,2023,11,13.89608669,13.95282078,32.07516861,0.001493002,36,67.9,38,0,RTWB,Real Time,2,38.3031,-74.645
11/29/23,2023,11,13.57078171,13.60511398,32.32770157,0.000953674,48.7,55.9,36,0,T2M,Archival,2,38.3032,-74.5052
11/29/23,2023,11,13.68785191,13.63260555,32.1388092,-0.00158,36,67.9,35,0,A7M,Archival,2,38.3031,-74.6525
11/29/23,2023,11,12.60366154,12.52909946,31.40690804,-0.003106753,21.4,83.3,24,0,A2M,Archival,2,38.378,-74.8051
11/29/23,2023,11,13.68785191,13.63260555,32.1388092,-0.001453851,36,67.9,38,0,RTWB,Real Time,2,38.3031,-74.645
11/30/23,2023,11,13.46719837,13.39544201,32.36892319,-0.001993232,48.7,55.9,36,0,T2M,Archival,2,38.3032,-74.5052
11/30/23,2023,11,13.52372074,13.48734665,32.20905685,-0.00104,36,67.9,35,0,A7M,Archival,2,38.3031,-74.6525
11/30/23,2023,11,12.35401058,12.2715044,31.43215752,-0.003437757,21.4,83.3,24,0,A2M,Archival,2,38.378,-74.8051
11/30/23,2023,11,13.52372074,13.48734665,32.20905685,-0.000957213,36,67.9,38,0,RTWB,Real Time,2,38.3031,-74.645
12/1/23,2023,12,13.08571625,12.9816885,32.45690155,-0.00288966,48.7,55.9,36,0,T2M,Archival,2,38.3032,-74.5052
12/1/23,2023,12,13.20723724,13.15751362,32.3708992,-0.00142,36,67.9,35,1,A7M,Archival,2,38.3031,-74.6525
12/1/23,2023,12,12.58187866,12.27274418,31.72419167,-0.012880603,21.4,83.3,24,1,A2M,Archival,2,38.378,-74.8051
12/1/23,2023,12,13.20723724,13.15751362,32.3708992,-0.001308516,36,67.9,38,0,RTWB,Real Time,2,38.3031,-74.645
12/2/23,2023,12,13.07703304,13.05009079,32.44823074,-0.000748396,48.7,55.9,36,0,T2M,Archival,2,38.3032,-74.5052
12/2/23,2023,12,13.20330143,13.0243578,32.20785141,-0.00511,36,67.9,35,0,A7M,Archival,2,38.3031,-74.6525
12/2/23,2023,12,12.8220911,12.50694561,31.72826576,-0.013131062,21.4,83.3,24,1,A2M,Archival,2,38.378,-74.8051
12/2/23,2023,12,13.20330143,13.0243578,32.20785141,-0.004709043,36,67.9,38,0,RTWB,Real Time,2,38.3031,-74.645
12/3/23,2023,12,13.06457615,13.07888699,32.38632965,0.000397523,48.7,55.9,36,1,T2M,Archival,2,38.3032,-74.5052
12/3/23,2023,12,13.19557571,12.95952892,32.12017441,-0.00674,36,67.9,35,1,A7M,Archival,2,38.3031,-74.6525
12/3/23,2023,12,12.80777264,12.39312077,31.64492798,-0.017277161,21.4,83.3,24,1,A2M,Archival,2,38.378,-74.8051
12/3/23,2023,12,13.19557571,12.95952892,32.12017441,-0.006211758,36,67.9,38,1,RTWB,Real Time,2,38.3031,-74.645
12/4/23,2023,12,13.10948658,13.18419552,32.32011795,0.002075248,48.7,55.9,36,1,T2M,Archival,2,38.3032,-74.5052
12/4/23,2023,12,13.25051403,12.88253021,31.96443939,-0.01051,36,67.9,35,1,A7M,Archival,2,38.3031,-74.6525
12/4/23,2023,12,12.94283676,12.30366421,31.43411827,-0.02663219,21.4,83.3,24,0,A2M,Archival,2,38.378,-74.8051
12/4/23,2023,12,13.25051403,12.88253021,31.96443939,-0.009683785,36,67.9,38,1,RTWB,Real Time,2,38.3031,-74.645
12/5/23,2023,12,13.12595367,13.1108427,32.30118179,-0.000419749,48.7,55.9,36,0,T2M,Archival,2,38.3032,-74.5052
12/5/23,2023,12,13.27569485,12.9372282,32.08640671,-0.00967,36,67.9,35,0,A7M,Archival,2,38.3031,-74.6525
12/5/23,2023,12,12.87634563,12.13912964,31.46311951,-0.030717333,21.4,83.3,24,0,A2M,Archival,2,38.378,-74.8051
12/5/23,2023,12,13.27569485,12.9372282,32.08640671,-0.008907017,36,67.9,38,0,RTWB,Real Time,2,38.3031,-74.645
12/6/23,2023,12,13.08794689,13.01124191,32.26169205,-0.002130694,48.7,55.9,36,1,T2M,Archival,2,38.3032,-74.5052
12/6/23,2023,12,13.23443317,12.99858856,32.19668961,-0.00674,36,67.9,35,1,A7M,Archival,2,38.3031,-74.6525
12/6/23,2023,12,12.79717922,12.23810101,31.65335083,-0.023294926,21.4,83.3,24,1,A2M,Archival,2,38.378,-74.8051
12/6/23,2023,12,13.23443317,12.99858856,32.19668961,-0.006206437,36,67.9,38,1,RTWB,Real Time,2,38.3031,-74.645
12/7/23,2023,12,12.91375256,12.85388565,32.29486465,-0.00166297,48.7,55.9,36,0,T2M,Archival,2,38.3032,-74.5052
12/7/23,2023,12,12.74461842,12.71535015,32.19123459,-0.00084,36,67.9,35,0,A7M,Archival,2,38.3031,-74.6525
12/7/23,2023,12,12.18797016,12.09743023,31.81035805,-0.003772497,21.4,83.3,24,0,A2M,Archival,2,38.378,-74.8051
12/7/23,2023,12,12.74461842,12.71535015,32.19123459,-0.000770217,36,67.9,38,0,RTWB,Real Time,2,38.3031,-74.645
12/8/23,2023,12,12.85552311,12.77272797,32.30826569,-0.002299865,48.7,55.9,36,0,T2M,Archival,2,38.3032,-74.5052
12/8/23,2023,12,12.59475327,12.58173656,32.19568634,-0.00037,36,67.9,35,0,A7M,Archival,2,38.3031,-74.6525
12/8/23,2023,12,12.09248447,11.5076828,31.56844902,-0.024366736,21.4,83.3,24,1,A2M,Archival,2,38.378,-74.8051
12/8/23,2023,12,12.59475327,12.58173656,32.19568634,-0.000342545,36,67.9,38,0,RTWB,Real Time,2,38.3031,-74.645
12/9/23,2023,12,12.8304472,12.76141453,32.31355667,-0.001917574,48.7,55.9,36,0,T2M,Archival,2,38.3032,-74.5052
12/9/23,2023,12,12.61119843,12.57635212,32.20721436,-0.001,36,67.9,35,0,A7M,Archival,2,38.3031,-74.6525
12/9/23,2023,12,12.07673168,11.27970886,31.41661835,-0.033209284,21.4,83.3,24,0,A2M,Archival,2,38.378,-74.8051
12/9/23,2023,12,12.61119843,12.57635212,32.20721436,-0.000917008,36,67.9,38,0,RTWB,Real Time,2,38.3031,-74.645
12/10/23,2023,12,12.54602528,12.7480917,32.24595261,0.005612956,48.7,55.9,36,0,T2M,Archival,2,38.3032,-74.5052
12/10/23,2023,12,12.26827621,12.32172489,31.88622475,0.00153,36,67.9,35,0,A7M,Archival,2,38.3031,-74.6525
12/10/23,2023,12,11.79695892,11.27309322,31.13087463,-0.021827737,21.4,83.3,24,0,A2M,Archival,2,38.378,-74.8051
12/10/23,2023,12,12.26827621,12.32172489,31.88622475,0.001406544,36,67.9,38,0,RTWB,Real Time,2,38.3031,-74.645
12/11/23,2023,12,12.5638113,12.68762493,32.1953125,0.003439267,48.7,55.9,36,0,T2M,Archival,2,38.3032,-74.5052
12/11/23,2023,12,12.37859631,12.0301857,31.61040306,-0.00995,36,67.9,35,0,A7M,Archival,2,38.3031,-74.6525
12/11/23,2023,12,11.97771168,11.34508038,31.07965279,-0.026359638,21.4,83.3,24,0,A2M,Archival,2,38.378,-74.8051
12/11/23,2023,12,12.37859631,12.0301857,31.61040306,-0.0091687,36,67.9,38,0,RTWB,Real Time,2,38.3031,-74.645
12/12/23,2023,12,12.53039932,12.41560459,32.22452927,-0.003188743,48.7,55.9,36,0,T2M,Archival,2,38.3032,-74.5052
12/12/23,2023,12,12.40334702,11.81306934,31.71069336,-0.01687,36,67.9,35,0,A7M,Archival,2,38.3031,-74.6525
12/12/23,2023,12,11.71708965,10.93685818,31.17652702,-0.032509645,21.4,83.3,24,1,A2M,Archival,2,38.378,-74.8051
12/12/23,2023,12,12.40334702,11.81306934,31.71069336,-0.015533623,36,67.9,38,0,RTWB,Real Time,2,38.3031,-74.645
12/13/23,2023,12,12.51935291,12.42014408,32.31915665,-0.002755801,48.7,55.9,36,0,T2M,Archival,2,38.3032,-74.5052
12/13/23,2023,12,12.44227886,11.93144703,31.83237648,-0.0146,36,67.9,35,1,A7M,Archival,2,38.3031,-74.6525
12/13/23,2023,12,11.69612598,10.98881149,31.18546104,-0.029471437,21.4,83.3,24,1,A2M,Archival,2,38.378,-74.8051
12/13/23,2023,12,12.44227886,11.93144703,31.83237648,-0.013442943,36,67.9,38,0,RTWB,Real Time,2,38.3031,-74.645
12/14/23,2023,12,12.38212204,12.25615215,32.36579132,-0.003499164,48.7,55.9,36,0,T2M,Archival,2,38.3032,-74.5052
12/14/23,2023,12,12.36138439,11.89115906,32.00827026,-0.01344,36,67.9,35,1,A7M,Archival,2,38.3031,-74.6525
12/14/23,2023,12,11.45272446,10.8839035,31.2922287,-0.023700873,21.4,83.3,24,0,A2M,Archival,2,38.378,-74.8051
12/14/23,2023,12,12.36138439,11.89115906,32.00827026,-0.012374351,36,67.9,38,0,RTWB,Real Time,2,38.3031,-74.645
12/15/23,2023,12,12.21686935,12.124053,32.37036514,-0.002578232,48.7,55.9,36,0,T2M,Archival,2,38.3032,-74.5052
12/15/23,2023,12,12.17775249,11.81601048,32.06586456,-0.01034,36,67.9,35,0,A7M,Archival,2,38.3031,-74.6525
12/15/23,2023,12,11.00623417,10.79109955,31.34140205,-0.008963943,21.4,83.3,24,0,A2M,Archival,2,38.378,-74.8051
12/15/23,2023,12,12.17775249,11.81601048,32.06586456,-0.009519527,36,67.9,38,0,RTWB,Real Time,2,38.3031,-74.645
12/16/23,2023,12,12.15135193,12.07201862,32.43239212,-0.002203703,48.7,55.9,36,0,T2M,Archival,2,38.3032,-74.5052
12/16/23,2023,12,11.86717319,11.80760288,32.13726807,-0.0017,36,67.9,35,0,A7M,Archival,2,38.3031,-74.6525
12/16/23,2023,12,10.87952709,10.56282711,31.2716198,-0.013195833,21.4,83.3,24,0,A2M,Archival,2,38.378,-74.8051
12/16/23,2023,12,11.86717319,11.80760288,32.13726807,-0.00156764,36,67.9,38,0,RTWB,Real Time,2,38.3031,-74.645
12/17/23,2023,12,12.08881378,12.06698608,32.44092178,-0.000606325,48.7,55.9,36,0,T2M,Archival,2,38.3032,-74.5052
12/17/23,2023,12,11.85164261,11.85040379,32.20520401,-0.00004,36,67.9,35,0,A7M,Archival,2,38.3031,-74.6525
12/17/23,2023,12,10.88570118,10.78639126,31.39958763,-0.004137913,21.4,83.3,24,0,A2M,Archival,2,38.378,-74.8051
12/17/23,2023,12,11.85164261,11.85040379,32.20520401,-3.26E-05,36,67.9,38,0,RTWB,Real Time,2,38.3031,-74.645
12/18/23,2023,12,12.04134274,12.04403019,32.34424973,7.47E-05,48.7,55.9,36,1,T2M,Archival,2,38.3032,-74.5052
12/18/23,2023,12,11.90589523,11.89712906,32.06370926,-0.00025,36,67.9,35,0,A7M,Archival,2,38.3031,-74.6525
12/18/23,2023,12,11.22977543,11.2159462,31.50834465,-0.000576218,21.4,83.3,24,0,A2M,Archival,2,38.378,-74.8051
12/18/23,2023,12,11.90589523,11.89712906,32.06370926,-0.000230689,36,67.9,38,0,RTWB,Real Time,2,38.3031,-74.645
12/19/23,2023,12,11.84514141,11.81958771,32.33142471,-0.000709825,48.7,55.9,36,1,T2M,Archival,2,38.3032,-74.5052
12/19/23,2023,12,11.7555542,11.63594818,32.03328323,-0.00342,36,67.9,35,0,A7M,Archival,2,38.3031,-74.6525
12/19/23,2023,12,10.84807682,10.7696867,31.43117332,-0.003266255,21.4,83.3,24,0,A2M,Archival,2,38.378,-74.8051
12/19/23,2023,12,11.7555542,11.63594818,32.03328323,-0.003147527,36,67.9,38,0,RTWB,Real Time,2,38.3031,-74.645
12/20/23,2023,12,11.65562725,11.61213589,32.33931732,-0.001208093,48.7,55.9,36,0,T2M,Archival,2,38.3032,-74.5052
12/20/23,2023,12,11.44073868,11.4009285,32.07713699,-0.00114,36,67.9,35,0,A7M,Archival,2,38.3031,-74.6525
12/20/23,2023,12,10.59658813,10.55595303,31.50946617,-0.00169313,21.4,83.3,24,0,A2M,Archival,2,38.378,-74.8051
12/20/23,2023,12,11.44073868,11.4009285,32.07713699,-0.001047636,36,67.9,38,0,RTWB,Real Time,2,38.3031,-74.645
12/21/23,2023,12,11.5086565,11.48185062,32.32314682,-0.000744608,48.7,55.9,36,0,T2M,Archival,2,38.3032,-74.5052
12/21/23,2023,12,11.1414566,11.1064806,31.92873573,-0.001,36,67.9,35,0,A7M,Archival,2,38.3031,-74.6525
12/21/23,2023,12,10.54135513,10.50166798,31.50102997,-0.001653632,21.4,83.3,24,0,A2M,Archival,2,38.378,-74.8051
12/21/23,2023,12,11.1414566,11.1064806,31.92873573,-0.000920421,36,67.9,38,0,RTWB,Real Time,2,38.3031,-74.645
12/22/23,2023,12,11.38245869,11.41649246,32.3693161,0.000945383,48.7,55.9,36,0,T2M,Archival,2,38.3032,-74.5052
12/22/23,2023,12,10.98000813,10.99085236,31.95932579,0.00031,36,67.9,35,1,A7M,Archival,2,38.3031,-74.6525
12/22/23,2023,12,10.31500721,10.30528355,31.31128502,-0.000405153,21.4,83.3,24,0,A2M,Archival,2,38.378,-74.8051
12/22/23,2023,12,10.98000813,10.99085236,31.95932579,0.000285374,36,67.9,38,1,RTWB,Real Time,2,38.3031,-74.645
12/23/23,2023,12,11.27499294,11.25974178,32.28970718,-0.000423643,48.7,55.9,36,0,T2M,Archival,2,38.3032,-74.5052
12/23/23,2023,12,10.91603184,10.89922619,31.95062065,-0.00048,36,67.9,35,0,A7M,Archival,2,38.3031,-74.6525
12/23/23,2023,12,10.29345608,10.28409004,31.27776337,-0.000390251,21.4,83.3,24,0,A2M,Archival,2,38.378,-74.8051
12/23/23,2023,12,10.91603184,10.89922619,31.95062065,-0.000442254,36,67.9,38,0,RTWB,Real Time,2,38.3031,-74.645
12/24/23,2023,12,11.19512939,11.21148396,32.26119995,0.000454293,48.7,55.9,36,0,T2M,Archival,2,38.3032,-74.5052
12/24/23,2023,12,10.89343929,10.88891125,31.93135643,-0.00013,36,67.9,35,1,A7M,Archival,2,38.3031,-74.6525
12/24/23,2023,12,10.30646229,10.18018436,31.15716743,-0.00526158,21.4,83.3,24,1,A2M,Archival,2,38.378,-74.8051
12/24/23,2023,12,10.89343929,10.88891125,31.93135643,-0.000119159,36,67.9,38,1,RTWB,Real Time,2,38.3031,-74.645
12/25/23,2023,12,11.0667963,11.04128647,32.33653641,-0.000708607,48.7,55.9,36,1,T2M,Archival,2,38.3032,-74.5052
12/25/23,2023,12,10.79722118,10.76223087,32.00772476,-0.001,36,67.9,35,1,A7M,Archival,2,38.3031,-74.6525
12/25/23,2023,12,10.27025795,9.791966438,30.66673088,-0.019928813,21.4,83.3,24,1,A2M,Archival,2,38.378,-74.8051
12/25/23,2023,12,10.79722118,10.76223087,32.00772476,-0.000920798,36,67.9,38,1,RTWB,Real Time,2,38.3031,-74.645
12/26/23,2023,12,11.05067158,11.03963184,32.37013626,-0.000306659,48.7,55.9,36,0,T2M,Archival,2,38.3032,-74.5052
12/26/23,2023,12,10.80817032,10.7719965,32.0428009,-0.00103,36,67.9,35,0,A7M,Archival,2,38.3031,-74.6525
12/26/23,2023,12,10.26096058,9.765946388,30.51701546,-0.020625591,21.4,83.3,24,1,A2M,Archival,2,38.378,-74.8051
12/26/23,2023,12,10.80817032,10.7719965,32.0428009,-0.000951943,36,67.9,38,1,RTWB,Real Time,2,38.3031,-74.645
12/27/23,2023,12,11.04653454,11.05196381,32.38953781,0.000150813,48.7,55.9,36,0,T2M,Archival,2,38.3032,-74.5052
12/27/23,2023,12,10.79200745,10.79506397,32.06938171,0.00009,36,67.9,35,1,A7M,Archival,2,38.3031,-74.6525
12/27/23,2023,12,10.34180832,9.758069038,30.37308502,-0.02432247,21.4,83.3,24,1,A2M,Archival,2,38.378,-74.8051
12/27/23,2023,12,10.79200745,10.79506397,32.06938171,8.04E-05,36,67.9,38,0,RTWB,Real Time,2,38.3031,-74.645
12/28/23,2023,12,10.76768208,11.07260799,32.32426453,0.008470164,48.7,55.9,36,1,T2M,Archival,2,38.3032,-74.5052
12/28/23,2023,12,10.5446558,10.74329853,31.97588158,0.00568,36,67.9,35,1,A7M,Archival,2,38.3031,-74.6525
12/28/23,2023,12,10.13466358,9.482037544,29.787117,-0.027192752,21.4,83.3,24,1,A2M,Archival,2,38.378,-74.8051
12/28/23,2023,12,10.5446558,10.74329853,31.97588158,0.00522744,36,67.9,38,1,RTWB,Real Time,2,38.3031,-74.645
12/29/23,2023,12,10.8133955,11.04243374,32.29304123,0.006362173,48.7,55.9,36,1,T2M,Archival,2,38.3032,-74.5052
12/29/23,2023,12,10.52086544,10.67306805,31.90522766,0.00435,36,67.9,35,1,A7M,Archival,2,38.3031,-74.6525
12/29/23,2023,12,10.25425529,9.540408134,29.01984978,-0.029743632,21.4,83.3,24,1,A2M,Archival,2,38.378,-74.8051
12/29/23,2023,12,10.52086544,10.67306805,31.90522766,0.004005332,36,67.9,38,1,RTWB,Real Time,2,38.3031,-74.645
12/30/23,2023,12,10.8760252,10.96923447,32.24819565,0.002589146,48.7,55.9,36,1,T2M,Archival,2,38.3032,-74.5052
12/30/23,2023,12,10.57301235,10.40047359,31.63614845,-0.00493,36,67.9,35,1,A7M,Archival,2,38.3031,-74.6525
12/30/23,2023,12,10.30817509,9.141425133,28.34786415,-0.048614581,21.4,83.3,24,1,A2M,Archival,2,38.378,-74.8051
12/30/23,2023,12,10.57301235,10.40047359,31.63614845,-0.004540494,36,67.9,38,1,RTWB,Real Time,2,38.3031,-74.645
12/31/23,2023,12,10.40478039,11.04258633,32.33351517,0.017716832,48.7,55.9,36,1,T2M,Archival,2,38.3032,-74.5052
12/31/23,2023,12,10.37740326,10.49303722,31.51808167,0.0033,36,67.9,35,1,A7M,Archival,2,38.3031,-74.6525
12/31/23,2023,12,10.00420284,9.216547966,28.78694344,-0.032818953,21.4,83.3,24,1,A2M,Archival,2,38.378,-74.8051
12/31/23,2023,12,10.37740326,10.49303722,31.51808167,0.003042999,36,67.9,38,1,RTWB,Real Time,2,38.3031,-74.645
1/1/24,2024,1,10.4296627,10.83424854,32.348629,0.011238496,48.7,55.9,36,1,T2M,Archival,2,38.3032,-74.5052
1/1/24,2024,1,10.43370152,10.2895689,31.60556793,-0.00412,36,67.9,35,1,A7M,Archival,2,38.3031,-74.6525
1/1/24,2024,1,10.09868336,9.175065994,29.24810982,-0.038484057,21.4,83.3,24,1,A2M,Archival,2,38.378,-74.8051
1/1/24,2024,1,10.43370152,10.2895689,31.60556793,-0.003792964,36,67.9,38,1,RTWB,Real Time,2,38.3031,-74.645
1/2/24,2024,1,10.41901875,10.61294842,32.3248558,0.005386935,48.7,55.9,36,1,T2M,Archival,2,38.3032,-74.5052
1/2/24,2024,1,10.42806339,10.19967747,31.77108765,-0.00653,36,67.9,35,1,A7M,Archival,2,38.3031,-74.6525
1/2/24,2024,1,10.0877676,9.337724686,30.22059059,-0.031251788,21.4,83.3,24,1,A2M,Archival,2,38.378,-74.8051
1/2/24,2024,1,10.42806339,10.19967747,31.77108765,-0.006010156,36,67.9,38,1,RTWB,Real Time,2,38.3031,-74.645
1/3/24,2024,1,10.37631226,10.44549561,32.08168411,0.00192176,48.7,55.9,36,1,T2M,Archival,2,38.3032,-74.5052
1/3/24,2024,1,10.30437374,9.777108192,31.37560844,-0.01506,36,67.9,35,1,A7M,Archival,2,38.3031,-74.6525
1/3/24,2024,1,9.968512535,8.961852074,30.2095623,-0.041944186,21.4,83.3,24,1,A2M,Archival,2,38.378,-74.8051
1/3/24,2024,1,10.30437374,9.777108192,31.37560844,-0.013875409,36,67.9,38,0,RTWB,Real Time,2,38.3031,-74.645
1/4/24,2024,1,10.37939739,10.29107475,32.08819962,-0.002453407,48.7,55.9,36,0,T2M,Archival,2,38.3032,-74.5052
1/4/24,2024,1,10.33612537,9.684746742,31.45148277,-0.01861,36,67.9,35,1,A7M,Archival,2,38.3031,-74.6525
1/4/24,2024,1,10.029706,8.474058151,29.6207943,-0.06481866,21.4,83.3,24,1,A2M,Archival,2,38.378,-74.8051
1/4/24,2024,1,10.33612537,9.684746742,31.45148277,-0.017141543,36,67.9,38,1,RTWB,Real Time,2,38.3031,-74.645
1/5/24,2024,1,10.31875324,10.1989069,32.20742416,-0.003329065,48.7,55.9,36,1,T2M,Archival,2,38.3032,-74.5052
1/5/24,2024,1,10.23652172,9.77162075,31.8997345,-0.01328,36,67.9,35,1,A7M,Archival,2,38.3031,-74.6525
1/5/24,2024,1,9.909482002,9.11398983,31.49978447,-0.033145507,21.4,83.3,24,1,A2M,Archival,2,38.378,-74.8051
1/5/24,2024,1,10.23652172,9.77162075,31.8997345,-0.012234236,36,67.9,38,1,RTWB,Real Time,2,38.3031,-74.645
1/6/24,2024,1,10.16268444,10.11167431,32.22443008,-0.001416948,48.7,55.9,36,1,T2M,Archival,2,38.3032,-74.5052
1/6/24,2024,1,9.887963295,9.775338173,31.90900421,-0.00322,36,67.9,35,1,A7M,Archival,2,38.3031,-74.6525
1/6/24,2024,1,9.539175987,7.727479458,29.71522331,-0.075487355,21.4,83.3,24,1,A2M,Archival,2,38.378,-74.8051
1/6/24,2024,1,9.887963295,9.775338173,31.90900421,-0.002963819,36,67.9,38,0,RTWB,Real Time,2,38.3031,-74.645
1/7/24,2024,1,10.07148838,10.03440952,32.17529678,-0.001029968,48.7,55.9,36,1,T2M,Archival,2,38.3032,-74.5052
1/7/24,2024,1,9.710238457,9.695467949,31.84035492,-0.00042,36,67.9,35,1,A7M,Archival,2,38.3031,-74.6525
1/7/24,2024,1,9.338387489,8.456942558,30.31428337,-0.036726872,21.4,83.3,24,0,A2M,Archival,2,38.378,-74.8051
1/7/24,2024,1,9.710238457,9.695467949,31.84035492,-0.000388698,36,67.9,38,0,RTWB,Real Time,2,38.3031,-74.645
1/8/24,2024,1,9.790114403,9.738295555,32.09420776,-0.001439412,48.7,55.9,36,1,T2M,Archival,2,38.3032,-74.5052
1/8/24,2024,1,9.442088127,9.411669731,31.76525688,-0.00087,36,67.9,35,1,A7M,Archival,2,38.3031,-74.6525
1/8/24,2024,1,9.258257866,7.927335262,29.96615601,-0.055455108,21.4,83.3,24,0,A2M,Archival,2,38.378,-74.8051
1/8/24,2024,1,9.442088127,9.411669731,31.76525688,-0.000800484,36,67.9,38,1,RTWB,Real Time,2,38.3031,-74.645
1/9/24,2024,1,9.616203308,9.662323952,31.91612053,0.001281129,48.7,55.9,36,0,T2M,Archival,2,38.3032,-74.5052
1/9/24,2024,1,9.027550697,9.036538124,31.575243,0.00026,36,67.9,35,1,A7M,Archival,2,38.3031,-74.6525
1/9/24,2024,1,8.933084488,8.187684059,31.02094841,-0.031058351,21.4,83.3,24,0,A2M,Archival,2,38.378,-74.8051
1/9/24,2024,1,9.027550697,9.036538124,31.575243,0.000236511,36,67.9,38,0,RTWB,Real Time,2,38.3031,-74.645
1/10/24,2024,1,9.669247627,9.601597786,31.83384132,-0.001879162,48.7,55.9,36,1,T2M,Archival,2,38.3032,-74.5052
1/10/24,2024,1,8.980744362,8.979710579,31.50503349,-0.00003,36,67.9,35,1,A7M,Archival,2,38.3031,-74.6525
1/10/24,2024,1,8.995545387,8.651608467,30.74375153,-0.014330705,21.4,83.3,24,0,A2M,Archival,2,38.378,-74.8051
1/10/24,2024,1,8.980744362,8.979710579,31.50503349,-2.72E-05,36,67.9,38,0,RTWB,Real Time,2,38.3031,-74.645
1/11/24,2024,1,9.697254181,9.49894619,31.82568932,-0.005508555,48.7,55.9,36,1,T2M,Archival,2,38.3032,-74.5052
1/11/24,2024,1,9.237522125,8.904286385,31.464468,-0.00952,36,67.9,35,1,A7M,Archival,2,38.3031,-74.6525
1/11/24,2024,1,9.138088226,7.941429138,29.38426208,-0.049860795,21.4,83.3,24,1,A2M,Archival,2,38.378,-74.8051
1/11/24,2024,1,9.237522125,8.904286385,31.464468,-0.008769362,36,67.9,38,1,RTWB,Real Time,2,38.3031,-74.645
1/12/24,2024,1,9.698894501,9.659197807,31.91648293,-0.001102686,48.7,55.9,36,1,T2M,Archival,2,38.3032,-74.5052
1/12/24,2024,1,9.264456749,9.030688286,31.38439751,-0.00668,36,67.9,35,1,A7M,Archival,2,38.3031,-74.6525
1/12/24,2024,1,9.169136047,7.973619461,29.17016411,-0.049813191,21.4,83.3,24,0,A2M,Archival,2,38.378,-74.8051
1/12/24,2024,1,9.264456749,9.030688286,31.38439751,-0.006151802,36,67.9,38,1,RTWB,Real Time,2,38.3031,-74.645
1/13/24,2024,1,9.749488831,9.733515739,31.96975708,-0.000443697,48.7,55.9,36,0,T2M,Archival,2,38.3032,-74.5052
1/13/24,2024,1,9.308275223,9.393239021,31.52580452,0.00243,36,67.9,35,1,A7M,Archival,2,38.3031,-74.6525
1/13/24,2024,1,9.176383018,8.6020298,29.91010475,-0.023931384,21.4,83.3,24,0,A2M,Archival,2,38.378,-74.8051
1/13/24,2024,1,9.308275223,9.393239021,31.52580452,0.002235889,36,67.9,38,1,RTWB,Real Time,2,38.3031,-74.645
1/14/24,2024,1,10.0335989,9.614430428,31.99125099,-0.011643569,48.7,55.9,36,1,T2M,Archival,2,38.3032,-74.5052
1/14/24,2024,1,9.596224785,8.916507721,30.90312386,-0.01942,36,67.9,35,1,A7M,Archival,2,38.3031,-74.6525
1/14/24,2024,1,9.37292099,8.489129066,29.94692039,-0.036824663,21.4,83.3,24,0,A2M,Archival,2,38.378,-74.8051
1/14/24,2024,1,9.596224785,8.916507721,30.90312386,-0.017887291,36,67.9,38,1,RTWB,Real Time,2,38.3031,-74.645
1/15/24,2024,1,10.046525,9.249223709,31.7185955,-0.022147258,48.7,55.9,36,1,T2M,Archival,2,38.3032,-74.5052
1/15/24,2024,1,9.576262474,8.599323273,30.95652771,-0.02791,36,67.9,35,1,A7M,Archival,2,38.3031,-74.6525
1/15/24,2024,1,9.084188461,7.957223892,30.17991447,-0.046956857,21.4,83.3,24,1,A2M,Archival,2,38.378,-74.8051
1/15/24,2024,1,9.576262474,8.599323273,30.95652771,-0.025708926,36,67.9,38,1,RTWB,Real Time,2,38.3031,-74.645
1/16/24,2024,1,10.05169582,9.32858181,31.87405968,-0.0200865,48.7,55.9,36,1,T2M,Archival,2,38.3032,-74.5052
1/16/24,2024,1,9.560203552,8.705620766,31.18582916,-0.02442,36,67.9,35,1,A7M,Archival,2,38.3031,-74.6525
1/16/24,2024,1,8.991628647,7.970692158,30.25859642,-0.04253902,21.4,83.3,24,0,A2M,Archival,2,38.378,-74.8051
1/16/24,2024,1,9.560203552,8.705620766,31.18582916,-0.022489021,36,67.9,38,0,RTWB,Real Time,2,38.3031,-74.645
1/17/24,2024,1,10.01748848,9.294829369,32.09334183,-0.020073864,48.7,55.9,36,0,T2M,Archival,2,38.3032,-74.5052
1/17/24,2024,1,9.502104759,8.436635971,31.35333824,-0.03044,36,67.9,35,1,A7M,Archival,2,38.3031,-74.6525
1/17/24,2024,1,8.767551422,7.835343838,30.56752205,-0.038841983,21.4,83.3,24,0,A2M,Archival,2,38.378,-74.8051
1/17/24,2024,1,9.502104759,8.436635971,31.35333824,-0.028038652,36,67.9,38,0,RTWB,Real Time,2,38.3031,-74.645
1/18/24,2024,1,9.781654358,8.911610603,32.02708435,-0.024167882,48.7,55.9,36,1,T2M,Archival,2,38.3032,-74.5052
1/18/24,2024,1,9.272416115,7.987045765,31.26548195,-0.03672,36,67.9,35,1,A7M,Archival,2,38.3031,-74.6525
1/18/24,2024,1,7.994186878,7.341888905,30.58489418,-0.027179082,21.4,83.3,24,0,A2M,Archival,2,38.378,-74.8051
1/18/24,2024,1,9.272416115,7.987045765,31.26548195,-0.033825536,36,67.9,38,1,RTWB,Real Time,2,38.3031,-74.645
1/19/24,2024,1,9.865663528,8.652781487,31.8781147,-0.033691168,48.7,55.9,36,0,T2M,Archival,2,38.3032,-74.5052
1/19/24,2024,1,9.455818176,7.661082745,31.0436554,-0.05128,36,67.9,35,0,A7M,Archival,2,38.3031,-74.6525
1/19/24,2024,1,8.08853054,7.308917999,30.67630959,-0.032483856,21.4,83.3,24,0,A2M,Archival,2,38.378,-74.8051
1/19/24,2024,1,9.455818176,7.661082745,31.0436554,-0.04722988,36,67.9,38,0,RTWB,Real Time,2,38.3031,-74.645
1/20/24,2024,1,9.861502647,8.575449944,31.99211121,-0.035723686,48.7,55.9,36,1,T2M,Archival,2,38.3032,-74.5052
1/20/24,2024,1,9.490069389,7.664599895,31.25391579,-0.05216,36,67.9,35,0,A7M,Archival,2,38.3031,-74.6525
1/20/24,2024,1,8.213126183,7.10295248,30.69753075,-0.046257238,21.4,83.3,24,0,A2M,Archival,2,38.378,-74.8051
1/20/24,2024,1,9.490069389,7.664599895,31.25391579,-0.048038671,36,67.9,38,0,RTWB,Real Time,2,38.3031,-74.645
1/21/24,2024,1,9.804571152,8.803472519,32.05331802,-0.027808295,48.7,55.9,36,1,T2M,Archival,2,38.3032,-74.5052
1/21/24,2024,1,9.375230789,7.848203659,31.47866249,-0.04363,36,67.9,35,1,A7M,Archival,2,38.3031,-74.6525
1/21/24,2024,1,7.260314465,6.855278015,30.63222313,-0.016876519,21.4,83.3,24,1,A2M,Archival,2,38.378,-74.8051
1/21/24,2024,1,9.375230789,7.848203659,31.47866249,-0.040184924,36,67.9,38,1,RTWB,Real Time,2,38.3031,-74.645
1/22/24,2024,1,9.72108078,8.630623817,32.1332283,-0.030290471,48.7,55.9,36,1,T2M,Archival,2,38.3032,-74.5052
1/22/24,2024,1,8.773524284,7.541817188,31.42584419,-0.03519,36,67.9,35,1,A7M,Archival,2,38.3031,-74.6525
1/22/24,2024,1,7.452922821,7.022932053,30.91483307,-0.017916282,21.4,83.3,24,0,A2M,Archival,2,38.378,-74.8051
1/22/24,2024,1,8.773524284,7.541817188,31.42584419,-0.032413345,36,67.9,38,1,RTWB,Real Time,2,38.3031,-74.645
1/23/24,2024,1,9.763566971,8.416547775,32.08755493,-0.0374172,48.7,55.9,36,1,T2M,Archival,2,38.3032,-74.5052
1/23/24,2024,1,8.859142303,7.029624462,31.0310955,-0.05227,36,67.9,35,1,A7M,Archival,2,38.3031,-74.6525
1/23/24,2024,1,7.35161972,5.668771267,28.66283417,-0.070118686,21.4,83.3,24,0,A2M,Archival,2,38.378,-74.8051
1/23/24,2024,1,8.859142303,7.029624462,31.0310955,-0.048145206,36,67.9,38,1,RTWB,Real Time,2,38.3031,-74.645
1/24/24,2024,1,9.349391937,7.956274033,32.00525284,-0.03869772,48.7,55.9,36,1,T2M,Archival,2,38.3032,-74.5052
1/24/24,2024,1,8.443618774,6.678734303,30.64710999,-0.05043,36,67.9,35,1,A7M,Archival,2,38.3031,-74.6525
1/24/24,2024,1,6.501895428,5.697532177,29.16097069,-0.033515135,21.4,83.3,24,1,A2M,Archival,2,38.378,-74.8051
1/24/24,2024,1,8.443618774,6.678734303,30.64710999,-0.046444328,36,67.9,38,1,RTWB,Real Time,2,38.3031,-74.645
1/25/24,2024,1,9.189704895,7.878124714,31.77139473,-0.036432783,48.7,55.9,36,1,T2M,Archival,2,38.3032,-74.5052
1/25/24,2024,1,8.227907181,6.673934937,29.86670494,-0.0444,36,67.9,35,1,A7M,Archival,2,38.3031,-74.6525
1/25/24,2024,1,6.926640987,5.826368809,28.52881622,-0.045844674,21.4,83.3,24,1,A2M,Archival,2,38.378,-74.8051
1/25/24,2024,1,8.227907181,6.673934937,29.86670494,-0.040894006,36,67.9,38,1,RTWB,Real Time,2,38.3031,-74.645
1/26/24,2024,1,9.17373085,7.490092754,30.75337982,-0.046767725,48.7,55.9,36,1,T2M,Archival,2,38.3032,-74.5052
1/26/24,2024,1,8.31333828,6.524068356,29.3818264,-0.05112,36,67.9,35,1,A7M,Archival,2,38.3031,-74.6525
1/26/24,2024,1,7.115383625,5.999731541,29.14977455,-0.046485504,21.4,83.3,24,1,A2M,Archival,2,38.378,-74.8051
1/26/24,2024,1,8.31333828,6.524068356,29.3818264,-0.047086051,36,67.9,38,1,RTWB,Real Time,2,38.3031,-74.645
1/27/24,2024,1,9.045895576,7.912481785,30.33846474,-0.031483716,48.7,55.9,36,0,T2M,Archival,2,38.3032,-74.5052
1/27/24,2024,1,8.098589897,6.936762333,29.48980522,-0.0332,36,67.9,35,1,A7M,Archival,2,38.3031,-74.6525
1/27/24,2024,1,6.930443287,6.362554073,29.34358215,-0.023662051,21.4,83.3,24,1,A2M,Archival,2,38.378,-74.8051
1/27/24,2024,1,8.098589897,6.936762333,29.48980522,-0.03057441,36,67.9,38,1,RTWB,Real Time,2,38.3031,-74.645
1/28/24,2024,1,8.709605217,8.392277718,31.08829498,-0.008814653,48.7,55.9,36,0,T2M,Archival,2,38.3032,-74.5052
1/28/24,2024,1,7.723304749,7.448597431,29.87571526,-0.00785,36,67.9,35,1,A7M,Archival,2,38.3031,-74.6525
1/28/24,2024,1,6.739579678,6.819812775,29.73139763,0.003343046,21.4,83.3,24,1,A2M,Archival,2,38.378,-74.8051
1/28/24,2024,1,7.723304749,7.448597431,29.87571526,-0.00722914,36,67.9,38,1,RTWB,Real Time,2,38.3031,-74.645
1/29/24,2024,1,8.39530468,8.322703362,31.45829964,-0.002016703,48.7,55.9,36,0,T2M,Archival,2,38.3032,-74.5052
1/29/24,2024,1,7.525579453,7.336193562,30.17144966,-0.00541,36,67.9,35,1,A7M,Archival,2,38.3031,-74.6525
1/29/24,2024,1,6.381202698,6.754990101,29.72506142,0.015574475,21.4,83.3,24,1,A2M,Archival,2,38.378,-74.8051
1/29/24,2024,1,7.525579453,7.336193562,30.17144966,-0.004983839,36,67.9,38,1,RTWB,Real Time,2,38.3031,-74.645
1/30/24,2024,1,8.159089088,7.510435581,31.58597565,-0.018018153,48.7,55.9,36,1,T2M,Archival,2,38.3032,-74.5052
1/30/24,2024,1,7.608634949,7.202448368,31.29574585,-0.01161,36,67.9,35,1,A7M,Archival,2,38.3031,-74.6525
1/30/24,2024,1,6.25624609,6.605961323,30.37375832,0.014571468,21.4,83.3,24,1,A2M,Archival,2,38.378,-74.8051
1/30/24,2024,1,7.608634949,7.202448368,31.29574585,-0.010689121,36,67.9,38,1,RTWB,Real Time,2,38.3031,-74.645
1/31/24,2024,1,7.976501465,7.557573795,31.74493599,-0.01163688,48.7,55.9,36,1,T2M,Archival,2,38.3032,-74.5052
1/31/24,2024,1,7.31265974,7.056886673,31.34724617,-0.00731,36,67.9,35,1,A7M,Archival,2,38.3031,-74.6525
1/31/24,2024,1,6.45990181,6.599622726,30.56729126,0.005821705,21.4,83.3,24,1,A2M,Archival,2,38.378,-74.8051
1/31/24,2024,1,7.31265974,7.056886673,31.34724617,-0.00673087,36,67.9,38,0,RTWB,Real Time,2,38.3031,-74.645
2/1/24,2024,2,8.096664429,8.078206062,32.11418533,-0.000512732,48.7,55.9,36,1,T2M,Archival,2,38.3032,-74.5052
2/1/24,2024,2,7.146472454,7.122787476,31.35049629,-0.00068,36,67.9,35,1,A7M,Archival,2,38.3031,-74.6525
2/1/24,2024,2,6.580400944,6.612123013,30.68645668,0.001321753,21.4,83.3,24,1,A2M,Archival,2,38.378,-74.8051
2/1/24,2024,2,7.146472454,7.122787476,31.35049629,-0.000623289,36,67.9,38,0,RTWB,Real Time,2,38.3031,-74.645
2/2/24,2024,2,8.010766983,7.777503967,31.93432045,-0.006479528,48.7,55.9,36,0,T2M,Archival,2,38.3032,-74.5052
2/2/24,2024,2,7.3306427,7.154895782,31.26754951,-0.00502,36,67.9,35,0,A7M,Archival,2,38.3031,-74.6525
2/2/24,2024,2,6.707355976,6.581016064,29.71755219,-0.005264163,21.4,83.3,24,0,A2M,Archival,2,38.378,-74.8051
2/2/24,2024,2,7.3306427,7.154895782,31.26754951,-0.004624919,36,67.9,38,0,RTWB,Real Time,2,38.3031,-74.645
2/3/24,2024,2,7.897340775,7.819358826,32.00348282,-0.002166165,48.7,55.9,36,0,T2M,Archival,2,38.3032,-74.5052
2/3/24,2024,2,7.225203037,7.062698364,31.31883049,-0.00464,36,67.9,35,0,A7M,Archival,2,38.3031,-74.6525
2/3/24,2024,2,6.793518066,6.877120972,30.97945404,0.003483454,21.4,83.3,24,1,A2M,Archival,2,38.378,-74.8051
2/3/24,2024,2,7.225203037,7.062698364,31.31883049,-0.004276439,36,67.9,38,0,RTWB,Real Time,2,38.3031,-74.645
2/4/24,2024,2,7.89103508,7.869318008,32.09867096,-0.000603252,48.7,55.9,36,0,T2M,Archival,2,38.3032,-74.5052
2/4/24,2024,2,6.966879368,6.898414135,31.25480461,-0.00196,36,67.9,35,0,A7M,Archival,2,38.3031,-74.6525
2/4/24,2024,2,6.848651886,6.536752224,31.29241943,-0.012995819,21.4,83.3,24,0,A2M,Archival,2,38.378,-74.8051
2/4/24,2024,2,6.966879368,6.898414135,31.25480461,-0.001801717,36,67.9,38,0,RTWB,Real Time,2,38.3031,-74.645
2/5/24,2024,2,7.609253407,7.683989048,32.09499741,0.00207599,48.7,55.9,36,0,T2M,Archival,2,38.3032,-74.5052
2/5/24,2024,2,6.808432102,6.674528599,31.20353127,-0.00383,36,67.9,35,0,A7M,Archival,2,38.3031,-74.6525
2/5/24,2024,2,6.623206615,6.473043919,30.8901577,-0.006256779,21.4,83.3,24,0,A2M,Archival,2,38.378,-74.8051
2/5/24,2024,2,6.808432102,6.674528599,31.20353127,-0.003523776,36,67.9,38,0,RTWB,Real Time,2,38.3031,-74.645
2/6/24,2024,2,7.577135086,7.571473598,32.10282516,-0.000157264,48.7,55.9,36,0,T2M,Archival,2,38.3032,-74.5052
2/6/24,2024,2,6.683677673,6.561682224,31.42723846,-0.00349,36,67.9,35,0,A7M,Archival,2,38.3031,-74.6525
2/6/24,2024,2,6.504096985,6.388844013,30.98135376,-0.004802207,21.4,83.3,24,0,A2M,Archival,2,38.378,-74.8051
2/6/24,2024,2,6.683677673,6.561682224,31.42723846,-0.003210407,36,67.9,38,1,RTWB,Real Time,2,38.3031,-74.645
2/7/24,2024,2,7.651348591,7.64178896,32.12749863,-0.000265545,48.7,55.9,36,1,T2M,Archival,2,38.3032,-74.5052
2/7/24,2024,2,6.53804636,6.537249088,31.41203308,-0.00002,36,67.9,35,1,A7M,Archival,2,38.3031,-74.6525
2/7/24,2024,2,6.171243668,6.129529953,31.42492104,-0.001738071,21.4,83.3,24,1,A2M,Archival,2,38.378,-74.8051
2/7/24,2024,2,6.53804636,6.537249088,31.41203308,-2.10E-05,36,67.9,38,1,RTWB,Real Time,2,38.3031,-74.645
2/8/24,2024,2,7.593677044,7.636962891,32.1333046,0.001202385,48.7,55.9,36,0,T2M,Archival,2,38.3032,-74.5052
2/8/24,2024,2,6.809099197,6.556171417,31.19538689,-0.00723,36,67.9,35,0,A7M,Archival,2,38.3031,-74.6525
2/8/24,2024,2,6.196574688,5.947371006,30.45794106,-0.010383487,21.4,83.3,24,0,A2M,Archival,2,38.378,-74.8051
2/8/24,2024,2,6.809099197,6.556171417,31.19538689,-0.006655994,36,67.9,38,0,RTWB,Real Time,2,38.3031,-74.645
2/9/24,2024,2,7.641395569,7.717355251,32.09611511,0.002109991,48.7,55.9,36,0,T2M,Archival,2,38.3032,-74.5052
2/9/24,2024,2,6.966396809,6.531299114,30.79330444,-0.01243,36,67.9,35,1,A7M,Archival,2,38.3031,-74.6525
2/9/24,2024,2,6.148796558,6.117116928,28.05377197,-0.001319985,21.4,83.3,24,0,A2M,Archival,2,38.378,-74.8051
2/9/24,2024,2,6.966396809,6.531299114,30.79330444,-0.011449939,36,67.9,38,1,RTWB,Real Time,2,38.3031,-74.645
2/10/24,2024,2,7.735809326,7.443171024,31.81415558,-0.008128842,48.7,55.9,36,0,T2M,Archival,2,38.3032,-74.5052
2/10/24,2024,2,7.095134735,6.559975147,29.78689766,-0.01529,36,67.9,35,0,A7M,Archival,2,38.3031,-74.6525
2/10/24,2024,2,6.251702785,6.31662941,27.66277313,0.002705276,21.4,83.3,24,1,A2M,Archival,2,38.378,-74.8051
2/10/24,2024,2,7.095134735,6.559975147,29.78689766,-0.014083147,36,67.9,38,0,RTWB,Real Time,2,38.3031,-74.645
2/11/24,2024,2,7.978440762,7.260490894,31.3157177,-0.019943052,48.7,55.9,36,1,T2M,Archival,2,38.3032,-74.5052
2/11/24,2024,2,7.381344318,6.884232044,28.82561493,-0.0142,36,67.9,35,0,A7M,Archival,2,38.3031,-74.6525
2/11/24,2024,2,6.502727985,6.81701088,28.04903603,0.013095121,21.4,83.3,24,0,A2M,Archival,2,38.378,-74.8051
2/11/24,2024,2,7.381344318,6.884232044,28.82561493,-0.013081902,36,67.9,38,0,RTWB,Real Time,2,38.3031,-74.645
2/12/24,2024,2,7.986828327,7.400234222,31.3951416,-0.016294281,48.7,55.9,36,0,T2M,Archival,2,38.3032,-74.5052
2/12/24,2024,2,7.425766468,6.926002979,29.01223755,-0.01428,36,67.9,35,0,A7M,Archival,2,38.3031,-74.6525
2/12/24,2024,2,6.54447031,6.797410965,28.10359383,0.010539194,21.4,83.3,24,1,A2M,Archival,2,38.378,-74.8051
2/12/24,2024,2,7.425766468,6.926002979,29.01223755,-0.013151671,36,67.9,38,0,RTWB,Real Time,2,38.3031,-74.645
2/13/24,2024,2,7.942682266,7.603672028,31.81573677,-0.009416951,48.7,55.9,36,0,T2M,Archival,2,38.3032,-74.5052
2/13/24,2024,2,7.385349274,6.934158802,30.33459282,-0.01289,36,67.9,35,0,A7M,Archival,2,38.3031,-74.6525
2/13/24,2024,2,6.480730057,6.544668674,29.05889893,0.002664109,21.4,83.3,24,1,A2M,Archival,2,38.378,-74.8051
2/13/24,2024,2,7.385349274,6.934158802,30.33459282,-0.011873433,36,67.9,38,1,RTWB,Real Time,2,38.3031,-74.645
2/14/24,2024,2,7.487688065,7.41920805,32.03364182,-0.001902223,48.7,55.9,36,1,T2M,Archival,2,38.3032,-74.5052
2/14/24,2024,2,6.937138081,6.725678921,31.4832325,-0.00604,36,67.9,35,1,A7M,Archival,2,38.3031,-74.6525
2/14/24,2024,2,6.131765366,6.070549488,30.70294189,-0.002550662,21.4,83.3,24,1,A2M,Archival,2,38.378,-74.8051
2/14/24,2024,2,6.937138081,6.725678921,31.4832325,-0.005564715,36,67.9,38,1,RTWB,Real Time,2,38.3031,-74.645
2/15/24,2024,2,7.366771221,7.329496861,32.0401535,-0.001035399,48.7,55.9,36,1,T2M,Archival,2,38.3032,-74.5052
2/15/24,2024,2,7.016913891,6.801024914,31.73929405,-0.00617,36,67.9,35,1,A7M,Archival,2,38.3031,-74.6525
2/15/24,2024,2,6.226944447,5.937757015,30.56178856,-0.012049476,21.4,83.3,24,1,A2M,Archival,2,38.378,-74.8051
2/15/24,2024,2,7.016913891,6.801024914,31.73929405,-0.005681289,36,67.9,38,1,RTWB,Real Time,2,38.3031,-74.645
2/16/24,2024,2,7.474562168,7.315279484,32.04627991,-0.004424519,48.7,55.9,36,1,T2M,Archival,2,38.3032,-74.5052
2/16/24,2024,2,7.195770741,6.58159256,31.51487923,-0.01755,36,67.9,35,0,A7M,Archival,2,38.3031,-74.6525
2/16/24,2024,2,6.346664906,5.873111725,30.00364876,-0.019731383,21.4,83.3,24,1,A2M,Archival,2,38.378,-74.8051
2/16/24,2024,2,7.195770741,6.58159256,31.51487923,-0.016162584,36,67.9,38,0,RTWB,Real Time,2,38.3031,-74.645
2/17/24,2024,2,7.570279598,7.286523342,32.01492691,-0.007882118,48.7,55.9,36,0,T2M,Archival,2,38.3032,-74.5052
2/17/24,2024,2,7.246242523,6.666823864,31.5343914,-0.01655,36,67.9,35,0,A7M,Archival,2,38.3031,-74.6525
2/17/24,2024,2,6.076142788,5.671976089,29.89191246,-0.016840279,21.4,83.3,24,1,A2M,Archival,2,38.378,-74.8051
2/17/24,2024,2,7.246242523,6.666823864,31.5343914,-0.015247859,36,67.9,38,0,RTWB,Real Time,2,38.3031,-74.645
2/18/24,2024,2,7.312245846,7.187575817,32.02241135,-0.003463056,48.7,55.9,36,0,T2M,Archival,2,38.3032,-74.5052
2/18/24,2024,2,7.160900593,6.638682842,31.59298706,-0.01492,36,67.9,35,0,A7M,Archival,2,38.3031,-74.6525
2/18/24,2024,2,6.106557369,5.622751713,30.16847801,-0.020158569,21.4,83.3,24,0,A2M,Archival,2,38.378,-74.8051
2/18/24,2024,2,7.160900593,6.638682842,31.59298706,-0.013742572,36,67.9,38,0,RTWB,Real Time,2,38.3031,-74.645
2/19/24,2024,2,7.390094757,7.204383373,32.07331467,-0.00515865,48.7,55.9,36,0,T2M,Archival,2,38.3032,-74.5052
2/19/24,2024,2,7.102277279,5.661667347,30.57519531,-0.04116,36,67.9,35,0,A7M,Archival,2,38.3031,-74.6525
2/19/24,2024,2,6.162488937,5.632719517,30.20139313,-0.022073726,21.4,83.3,24,0,A2M,Archival,2,38.378,-74.8051
2/19/24,2024,2,7.102277279,5.661667347,30.57519531,-0.037910788,36,67.9,38,0,RTWB,Real Time,2,38.3031,-74.645
2/20/24,2024,2,7.035940647,7.055482864,32.11619186,0.000542839,48.7,55.9,36,0,T2M,Archival,2,38.3032,-74.5052
2/20/24,2024,2,6.566720486,6.135709286,31.13862419,-0.01231,36,67.9,35,0,A7M,Archival,2,38.3031,-74.6525
2/20/24,2024,2,5.804571152,5.650772572,30.22233391,-0.006408274,21.4,83.3,24,0,A2M,Archival,2,38.378,-74.8051
2/20/24,2024,2,6.566720486,6.135709286,31.13862419,-0.0113424,36,67.9,38,0,RTWB,Real Time,2,38.3031,-74.645
2/21/24,2024,2,6.998868942,7.029897213,32.19691467,0.000861896,48.7,55.9,36,0,T2M,Archival,2,38.3032,-74.5052
2/21/24,2024,2,6.598752499,6.504982471,31.65790749,-0.00268,36,67.9,35,1,A7M,Archival,2,38.3031,-74.6525
2/21/24,2024,2,5.865488529,5.840480328,30.60855293,-0.001042008,21.4,83.3,24,1,A2M,Archival,2,38.378,-74.8051
2/21/24,2024,2,6.598752499,6.504982471,31.65790749,-0.002467632,36,67.9,38,1,RTWB,Real Time,2,38.3031,-74.645
2/22/24,2024,2,6.99301672,7.008845806,32.18139648,0.000439697,48.7,55.9,36,0,T2M,Archival,2,38.3032,-74.5052
2/22/24,2024,2,6.567450047,6.525607586,31.72210121,-0.0012,36,67.9,35,0,A7M,Archival,2,38.3031,-74.6525
2/22/24,2024,2,5.927164078,5.765405178,30.44912148,-0.006739954,21.4,83.3,24,0,A2M,Archival,2,38.378,-74.8051
2/22/24,2024,2,6.567450047,6.525607586,31.72210121,-0.001101117,36,67.9,38,0,RTWB,Real Time,2,38.3031,-74.645
2/23/24,2024,2,6.542667389,6.929041386,32.1128006,0.010732611,48.7,55.9,36,0,T2M,Archival,2,38.3032,-74.5052
2/23/24,2024,2,6.343152523,6.452494144,31.14507484,0.00312,36,67.9,35,0,A7M,Archival,2,38.3031,-74.6525
2/23/24,2024,2,6.07142067,5.953744411,29.75741768,-0.004903177,21.4,83.3,24,0,A2M,Archival,2,38.378,-74.8051
2/23/24,2024,2,6.343152523,6.452494144,31.14507484,0.002877411,36,67.9,38,0,RTWB,Real Time,2,38.3031,-74.645
2/24/24,2024,2,6.598875046,6.821176052,31.91497803,0.006175028,48.7,55.9,36,0,T2M,Archival,2,38.3032,-74.5052
2/24/24,2024,2,6.428886414,6.235166073,30.43610191,-0.00553,36,67.9,35,0,A7M,Archival,2,38.3031,-74.6525
2/24/24,2024,2,6.246440411,6.043327332,29.55851746,-0.008463045,21.4,83.3,24,0,A2M,Archival,2,38.378,-74.8051
2/24/24,2024,2,6.428886414,6.235166073,30.43610191,-0.005097904,36,67.9,38,0,RTWB,Real Time,2,38.3031,-74.645
2/25/24,2024,2,6.665742874,6.694091797,32.0345459,0.00078747,48.7,55.9,36,1,T2M,Archival,2,38.3032,-74.5052
2/25/24,2024,2,6.450573444,6.207202435,31.24951363,-0.00695,36,67.9,35,1,A7M,Archival,2,38.3031,-74.6525
2/25/24,2024,2,6.221094608,5.82600975,29.91372681,-0.016461869,21.4,83.3,24,0,A2M,Archival,2,38.378,-74.8051
2/25/24,2024,2,6.450573444,6.207202435,31.24951363,-0.0064045,36,67.9,38,0,RTWB,Real Time,2,38.3031,-74.645
2/26/24,2024,2,6.408752918,6.813447475,32.03357697,0.011241515,48.7,55.9,36,0,T2M,Archival,2,38.3032,-74.5052
2/26/24,2024,2,6.124214172,6.231606007,31.08433723,0.00307,36,67.9,35,0,A7M,Archival,2,38.3031,-74.6525
2/26/24,2024,2,5.963998318,5.759218693,29.73988533,-0.008532484,21.4,83.3,24,0,A2M,Archival,2,38.378,-74.8051
2/26/24,2024,2,6.124214172,6.231606007,31.08433723,0.002826101,36,67.9,38,0,RTWB,Real Time,2,38.3031,-74.645
2/27/24,2024,2,6.412237167,6.819039822,31.77538109,0.011300074,48.7,55.9,36,0,T2M,Archival,2,38.3032,-74.5052
2/27/24,2024,2,6.163896561,6.168600559,30.19328499,0.00013,36,67.9,35,0,A7M,Archival,2,38.3031,-74.6525
2/27/24,2024,2,6.04255867,5.917836666,29.52034569,-0.00519675,21.4,83.3,24,0,A2M,Archival,2,38.378,-74.8051
2/27/24,2024,2,6.163896561,6.168600559,30.19328499,0.000123789,36,67.9,38,0,RTWB,Real Time,2,38.3031,-74.645
2/28/24,2024,2,6.558761597,6.895544052,31.11677361,0.009355068,48.7,55.9,36,0,T2M,Archival,2,38.3032,-74.5052
2/28/24,2024,2,6.255022049,6.472635746,30.38469505,0.00622,36,67.9,35,0,A7M,Archival,2,38.3031,-74.6525
2/28/24,2024,2,6.125227451,6.17696619,30.03833008,0.002155781,21.4,83.3,24,0,A2M,Archival,2,38.378,-74.8051
2/28/24,2024,2,6.255022049,6.472635746,30.38469505,0.005726676,36,67.9,38,0,RTWB,Real Time,2,38.3031,-74.645
2/29/24,2024,2,6.756202221,6.727212906,31.25184059,-0.000805259,48.7,55.9,36,0,T2M,Archival,2,38.3032,-74.5052
2/29/24,2024,2,6.529479504,6.505245686,31.07605553,-0.00069,36,67.9,35,1,A7M,Archival,2,38.3031,-74.6525
2/29/24,2024,2,6.385551453,6.295904636,30.94079399,-0.003735284,21.4,83.3,24,0,A2M,Archival,2,38.378,-74.8051
2/29/24,2024,2,6.529479504,6.505245686,31.07605553,-0.000637732,36,67.9,38,1,RTWB,Real Time,2,38.3031,-74.645
3/1/24,2024,3,6.997756958,6.704638004,31.30889702,-0.008142193,48.7,55.9,36,0,T2M,Archival,2,38.3032,-74.5052
3/1/24,2024,3,6.742769718,6.51970911,31.19671059,-0.00637,36,67.9,35,0,A7M,Archival,2,38.3031,-74.6525
3/1/24,2024,3,6.487134457,6.278057098,31.19256783,-0.008711557,21.4,83.3,24,0,A2M,Archival,2,38.378,-74.8051
3/1/24,2024,3,6.742769718,6.51970911,31.19671059,-0.005870016,36,67.9,38,0,RTWB,Real Time,2,38.3031,-74.645
3/2/24,2024,3,7.168880939,6.918056488,31.19808006,-0.006967346,48.7,55.9,36,0,T2M,Archival,2,38.3032,-74.5052
3/2/24,2024,3,6.914483547,6.784756184,31.10778236,-0.00371,36,67.9,35,0,A7M,Archival,2,38.3031,-74.6525
3/2/24,2024,3,6.597948551,6.5514431,31.11900139,-0.001937727,21.4,83.3,24,0,A2M,Archival,2,38.378,-74.8051
3/2/24,2024,3,6.914483547,6.784756184,31.10778236,-0.003413878,36,67.9,38,0,RTWB,Real Time,2,38.3031,-74.645
3/3/24,2024,3,7.324270248,7.537500381,31.24194527,0.005923059,48.7,55.9,36,0,T2M,Archival,2,38.3032,-74.5052
3/3/24,2024,3,7.158214569,7.458471298,31.19548988,0.00858,36,67.9,35,0,A7M,Archival,2,38.3031,-74.6525
3/3/24,2024,3,6.996780872,7.333381653,31.1119709,0.014025033,21.4,83.3,24,0,A2M,Archival,2,38.378,-74.8051
3/3/24,2024,3,7.158214569,7.458471298,31.19548988,0.007901493,36,67.9,38,0,RTWB,Real Time,2,38.3031,-74.645
3/4/24,2024,3,7.28799963,7.555906773,31.25377846,0.007441865,48.7,55.9,36,0,T2M,Archival,2,38.3032,-74.5052
3/4/24,2024,3,7.141218185,7.488739491,31.12449837,0.00993,36,67.9,35,0,A7M,Archival,2,38.3031,-74.6525
3/4/24,2024,3,7.0402565,7.444448471,31.06021118,0.016841332,21.4,83.3,24,0,A2M,Archival,2,38.378,-74.8051
3/4/24,2024,3,7.141218185,7.488739491,31.12449837,0.009145298,36,67.9,38,0,RTWB,Real Time,2,38.3031,-74.645
3/5/24,2024,3,7.06595993,7.602029324,31.47644043,0.014890816,48.7,55.9,36,0,T2M,Archival,2,38.3032,-74.5052
3/5/24,2024,3,6.982227325,7.423777103,31.12461662,0.01262,36,67.9,35,0,A7M,Archival,2,38.3031,-74.6525
3/5/24,2024,3,7.055753231,7.40567255,31.0332737,0.014579972,21.4,83.3,24,0,A2M,Archival,2,38.378,-74.8051
3/5/24,2024,3,6.982227325,7.423777103,31.12461662,0.011619731,36,67.9,38,0,RTWB,Real Time,2,38.3031,-74.645
3/6/24,2024,3,7.217304707,7.657445908,31.45807076,0.012226144,48.7,55.9,36,0,T2M,Archival,2,38.3032,-74.5052
3/6/24,2024,3,6.890945911,7.236183167,30.91415405,0.00986,36,67.9,35,0,A7M,Archival,2,38.3031,-74.6525
3/6/24,2024,3,6.812801361,6.984760761,30.74980354,0.007164975,21.4,83.3,24,0,A2M,Archival,2,38.378,-74.8051
3/6/24,2024,3,6.890945911,7.236183167,30.91415405,0.009085191,36,67.9,38,0,RTWB,Real Time,2,38.3031,-74.645
3/7/24,2024,3,7.250187397,7.713794231,31.34049797,0.012877968,48.7,55.9,36,1,T2M,Archival,2,38.3032,-74.5052
3/7/24,2024,3,6.923406601,7.348293304,30.77212524,0.01214,36,67.9,35,1,A7M,Archival,2,38.3031,-74.6525
3/7/24,2024,3,6.808616161,7.008871078,30.4421711,0.008343955,21.4,83.3,24,0,A2M,Archival,2,38.378,-74.8051
3/7/24,2024,3,6.923406601,7.348293304,30.77212524,0.011181229,36,67.9,38,0,RTWB,Real Time,2,38.3031,-74.645
3/8/24,2024,3,7.138563633,7.579606533,31.15929222,0.012251192,48.7,55.9,36,0,T2M,Archival,2,38.3032,-74.5052
3/8/24,2024,3,6.844760895,7.3733325,30.80668831,0.0151,36,67.9,35,1,A7M,Archival,2,38.3031,-74.6525
3/8/24,2024,3,6.73446846,7.074361324,30.74590302,0.014162203,21.4,83.3,24,0,A2M,Archival,2,38.378,-74.8051
3/8/24,2024,3,6.844760895,7.3733325,30.80668831,0.013909779,36,67.9,38,1,RTWB,Real Time,2,38.3031,-74.645
3/9/24,2024,3,7.270566463,7.59249258,31.49449348,0.008942392,48.7,55.9,36,1,T2M,Archival,2,38.3032,-74.5052
3/9/24,2024,3,6.921835423,7.434997559,30.82342529,0.01466,36,67.9,35,1,A7M,Archival,2,38.3031,-74.6525
3/9/24,2024,3,6.834934235,7.341024876,30.91057777,0.02108711,21.4,83.3,24,0,A2M,Archival,2,38.378,-74.8051
3/9/24,2024,3,6.921835423,7.434997559,30.82342529,0.013504267,36,67.9,38,1,RTWB,Real Time,2,38.3031,-74.645
3/10/24,2024,3,7.292800426,7.721220493,31.71656227,0.011900557,48.7,55.9,36,1,T2M,Archival,2,38.3032,-74.5052
3/10/24,2024,3,6.991210938,7.461168289,30.90756226,0.01343,36,67.9,35,1,A7M,Archival,2,38.3031,-74.6525
3/10/24,2024,3,6.960722446,7.554415226,30.26025963,0.024737199,21.4,83.3,24,0,A2M,Archival,2,38.378,-74.8051
3/10/24,2024,3,6.991210938,7.461168289,30.90756226,0.012367299,36,67.9,38,1,RTWB,Real Time,2,38.3031,-74.645
3/11/24,2024,3,7.423570633,7.556266785,31.60507774,0.003686004,48.7,55.9,36,1,T2M,Archival,2,38.3032,-74.5052
3/11/24,2024,3,7.171941757,7.217365742,31.0474987,0.0013,36,67.9,35,1,A7M,Archival,2,38.3031,-74.6525
3/11/24,2024,3,7.09124136,7.275510788,30.12876892,0.007677893,21.4,83.3,24,0,A2M,Archival,2,38.378,-74.8051
3/11/24,2024,3,7.171941757,7.217365742,31.0474987,0.001195368,36,67.9,38,1,RTWB,Real Time,2,38.3031,-74.645
3/12/24,2024,3,7.61995697,7.685625076,31.52626991,0.001824114,48.7,55.9,36,1,T2M,Archival,2,38.3032,-74.5052
3/12/24,2024,3,7.29964304,7.411393642,30.88466072,0.00319,36,67.9,35,1,A7M,Archival,2,38.3031,-74.6525
3/12/24,2024,3,7.205129623,7.429464817,30.76688385,0.0093473,21.4,83.3,24,0,A2M,Archival,2,38.378,-74.8051
3/12/24,2024,3,7.29964304,7.411393642,30.88466072,0.002940805,36,67.9,38,0,RTWB,Real Time,2,38.3031,-74.645
3/13/24,2024,3,7.666072369,7.956871033,31.47597504,0.008077741,48.7,55.9,36,1,T2M,Archival,2,38.3032,-74.5052
3/13/24,2024,3,7.350720882,7.799851894,30.88555145,0.01283,36,67.9,35,0,A7M,Archival,2,38.3031,-74.6525
3/13/24,2024,3,7.273214817,7.857198238,30.70380592,0.024332643,21.4,83.3,24,0,A2M,Archival,2,38.378,-74.8051
3/13/24,2024,3,7.350720882,7.799851894,30.88555145,0.011819237,36,67.9,38,0,RTWB,Real Time,2,38.3031,-74.645
3/14/24,2024,3,7.647956848,8.310442924,31.56589317,0.018402391,48.7,55.9,36,1,T2M,Archival,2,38.3032,-74.5052
3/14/24,2024,3,7.405676365,8.251271248,30.80133247,0.02416,36,67.9,35,1,A7M,Archival,2,38.3031,-74.6525
3/14/24,2024,3,7.347486496,8.384274483,30.50063896,0.043199499,21.4,83.3,24,1,A2M,Archival,2,38.378,-74.8051
3/14/24,2024,3,7.405676365,8.251271248,30.80133247,0.022252497,36,67.9,38,1,RTWB,Real Time,2,38.3031,-74.645
3/15/24,2024,3,7.713207722,8.539239883,31.52504539,0.022945338,48.7,55.9,36,1,T2M,Archival,2,38.3032,-74.5052
3/15/24,2024,3,7.471010208,8.396050453,30.79852295,0.02643,36,67.9,35,1,A7M,Archival,2,38.3031,-74.6525
3/15/24,2024,3,7.403180599,8.583514214,30.23634338,0.049180567,21.4,83.3,24,1,A2M,Archival,2,38.378,-74.8051
3/15/24,2024,3,7.471010208,8.396050453,30.79852295,0.024343164,36,67.9,38,0,RTWB,Real Time,2,38.3031,-74.645
3/16/24,2024,3,7.756555557,8.718315125,31.52655983,0.026715544,48.7,55.9,36,0,T2M,Archival,2,38.3032,-74.5052
3/16/24,2024,3,7.531790257,8.588627815,30.81850433,0.0302,36,67.9,35,0,A7M,Archival,2,38.3031,-74.6525
3/16/24,2024,3,7.461733341,8.902899742,30.14271736,0.0600486,21.4,83.3,24,0,A2M,Archival,2,38.378,-74.8051
3/16/24,2024,3,7.531790257,8.588627815,30.81850433,0.027811515,36,67.9,38,0,RTWB,Real Time,2,38.3031,-74.645
3/17/24,2024,3,7.777719498,8.8375597,31.50762749,0.029440006,48.7,55.9,36,0,T2M,Archival,2,38.3032,-74.5052
3/17/24,2024,3,7.581880569,8.720231056,30.81232452,0.03252,36,67.9,35,1,A7M,Archival,2,38.3031,-74.6525
3/17/24,2024,3,7.489124298,8.875927925,30.13072205,0.057783484,21.4,83.3,24,0,A2M,Archival,2,38.378,-74.8051
3/17/24,2024,3,7.581880569,8.720231056,30.81232452,0.029956592,36,67.9,38,1,RTWB,Real Time,2,38.3031,-74.645
3/18/24,2024,3,8.326107025,8.652834892,31.51669312,0.009075774,48.7,55.9,36,0,T2M,Archival,2,38.3032,-74.5052
3/18/24,2024,3,8.135825157,8.664418221,30.78649712,0.0151,36,67.9,35,0,A7M,Archival,2,38.3031,-74.6525
3/18/24,2024,3,8.046883583,8.811483383,30.12232208,0.031858325,21.4,83.3,24,0,A2M,Archival,2,38.378,-74.8051
3/18/24,2024,3,8.135825157,8.664418221,30.78649712,0.013910344,36,67.9,38,0,RTWB,Real Time,2,38.3031,-74.645
3/19/24,2024,3,8.383122444,8.336579323,31.79049873,-0.001292864,48.7,55.9,36,1,T2M,Archival,2,38.3032,-74.5052
3/19/24,2024,3,8.201470375,8.289271355,31.07849693,0.00251,36,67.9,35,0,A7M,Archival,2,38.3031,-74.6525
3/19/24,2024,3,8.116793633,8.428030968,30.19275665,0.012968222,21.4,83.3,24,0,A2M,Archival,2,38.378,-74.8051
3/19/24,2024,3,8.201470375,8.289271355,31.07849693,0.002310552,36,67.9,38,1,RTWB,Real Time,2,38.3031,-74.645
3/20/24,2024,3,8.536740303,8.311303139,31.72169495,-0.006262143,48.7,55.9,36,1,T2M,Archival,2,38.3032,-74.5052
3/20/24,2024,3,8.32181263,8.347625732,30.85296059,0.00074,36,67.9,35,1,A7M,Archival,2,38.3031,-74.6525
3/20/24,2024,3,8.171898842,8.434165001,28.80163002,0.010927757,21.4,83.3,24,1,A2M,Archival,2,38.378,-74.8051
3/20/24,2024,3,8.32181263,8.347625732,30.85296059,0.000679292,36,67.9,38,1,RTWB,Real Time,2,38.3031,-74.645
3/21/24,2024,3,8.543595314,8.058011055,31.58263206,-0.013488452,48.7,55.9,36,0,T2M,Archival,2,38.3032,-74.5052
3/21/24,2024,3,8.457232475,8.195674896,30.56482887,-0.00747,36,67.9,35,1,A7M,Archival,2,38.3031,-74.6525
3/21/24,2024,3,8.214489937,8.207686424,29.17317772,-0.00028348,21.4,83.3,24,0,A2M,Archival,2,38.378,-74.8051
3/21/24,2024,3,8.457232475,8.195674896,30.56482887,-0.006883094,36,67.9,38,1,RTWB,Real Time,2,38.3031,-74.645
3/22/24,2024,3,8.651356697,8.002865791,31.61757469,-0.018013636,48.7,55.9,36,1,T2M,Archival,2,38.3032,-74.5052
3/22/24,2024,3,8.480091095,8.024657249,30.85245514,-0.01301,36,67.9,35,1,A7M,Archival,2,38.3031,-74.6525
3/22/24,2024,3,8.264716148,8.080944061,29.03732109,-0.00765717,21.4,83.3,24,0,A2M,Archival,2,38.378,-74.8051
3/22/24,2024,3,8.480091095,8.024657249,30.85245514,-0.011985101,36,67.9,38,1,RTWB,Real Time,2,38.3031,-74.645
3/23/24,2024,3,8.745110512,8.172944069,31.41862488,-0.015893512,48.7,55.9,36,1,T2M,Archival,2,38.3032,-74.5052
3/23/24,2024,3,8.53359127,8.190546989,31.11907387,-0.0098,36,67.9,35,1,A7M,Archival,2,38.3031,-74.6525
3/23/24,2024,3,8.32177639,8.337017059,29.60240936,0.000635028,21.4,83.3,24,1,A2M,Archival,2,38.378,-74.8051
3/23/24,2024,3,8.53359127,8.190546989,31.11907387,-0.009027481,36,67.9,38,0,RTWB,Real Time,2,38.3031,-74.645
3/24/24,2024,3,8.981728554,8.108864784,31.64672852,-0.024246216,48.7,55.9,36,0,T2M,Archival,2,38.3032,-74.5052
3/24/24,2024,3,8.842459679,8.128552437,31.19493103,-0.0204,36,67.9,35,0,A7M,Archival,2,38.3031,-74.6525
3/24/24,2024,3,8.389683723,8.198943138,30.36679077,-0.007947524,21.4,83.3,24,0,A2M,Archival,2,38.378,-74.8051
3/24/24,2024,3,8.842459679,8.128552437,31.19493103,-0.018787033,36,67.9,38,0,RTWB,Real Time,2,38.3031,-74.645
3/25/24,2024,3,8.17502594,8.137874603,32.04719162,-0.001031982,48.7,55.9,36,0,T2M,Archival,2,38.3032,-74.5052
3/25/24,2024,3,8.40908432,8.044289589,31.40122223,-0.01042,36,67.9,35,0,A7M,Archival,2,38.3031,-74.6525
3/25/24,2024,3,8.115733147,8.089335442,30.91205406,-0.001099904,21.4,83.3,24,0,A2M,Archival,2,38.378,-74.8051
3/25/24,2024,3,8.40908432,8.044289589,31.40122223,-0.009599861,36,67.9,38,1,RTWB,Real Time,2,38.3031,-74.645
3/26/24,2024,3,7.932824612,7.926700115,32.04418564,-0.000170125,48.7,55.9,36,1,T2M,Archival,2,38.3032,-74.5052
3/26/24,2024,3,7.845371246,7.837920666,31.59963036,-0.00021,36,67.9,35,1,A7M,Archival,2,38.3031,-74.6525
3/26/24,2024,3,7.925641537,7.917081833,30.86273003,-0.000356654,21.4,83.3,24,0,A2M,Archival,2,38.378,-74.8051
3/26/24,2024,3,7.845371246,7.837920666,31.59963036,-0.000196068,36,67.9,38,1,RTWB,Real Time,2,38.3031,-74.645
3/27/24,2024,3,7.652042389,7.707064152,31.88084221,0.001528382,48.7,55.9,36,0,T2M,Archival,2,38.3032,-74.5052
3/27/24,2024,3,7.63888979,7.697982311,31.40868378,0.00169,36,67.9,35,0,A7M,Archival,2,38.3031,-74.6525
3/27/24,2024,3,7.746563435,7.834339142,30.75205231,0.003657321,21.4,83.3,24,0,A2M,Archival,2,38.378,-74.8051
3/27/24,2024,3,7.63888979,7.697982311,31.40868378,0.001555066,36,67.9,38,0,RTWB,Real Time,2,38.3031,-74.645
3/28/24,2024,3,7.650201797,7.721532345,31.83145714,0.001981404,48.7,55.9,36,0,T2M,Archival,2,38.3032,-74.5052
3/28/24,2024,3,7.642091751,7.704855442,31.38790894,0.00179,36,67.9,35,0,A7M,Archival,2,38.3031,-74.6525
3/28/24,2024,3,7.76801157,8.02504158,30.44867516,0.010709584,21.4,83.3,24,0,A2M,Archival,2,38.378,-74.8051
3/28/24,2024,3,7.642091751,7.704855442,31.38790894,0.001651676,36,67.9,38,0,RTWB,Real Time,2,38.3031,-74.645
3/29/24,2024,3,7.674316883,7.722214222,31.75947571,0.001330482,48.7,55.9,36,0,T2M,Archival,2,38.3032,-74.5052
3/29/24,2024,3,7.680551052,7.7123456,31.40532112,0.00091,36,67.9,35,0,A7M,Archival,2,38.3031,-74.6525
3/29/24,2024,3,7.80539465,7.870195866,30.75011253,0.002700051,21.4,83.3,24,0,A2M,Archival,2,38.378,-74.8051
3/29/24,2024,3,7.680551052,7.7123456,31.40532112,0.000836699,36,67.9,38,0,RTWB,Real Time,2,38.3031,-74.645
3/30/24,2024,3,7.660266876,7.927597046,31.71874428,0.007425838,48.7,55.9,36,0,T2M,Archival,2,38.3032,-74.5052
3/30/24,2024,3,7.81984663,7.963273525,31.39843178,0.0041,36,67.9,35,0,A7M,Archival,2,38.3031,-74.6525
3/30/24,2024,3,8.079442978,8.195356369,30.30918884,0.004829725,21.4,83.3,24,0,A2M,Archival,2,38.378,-74.8051
3/30/24,2024,3,7.81984663,7.963273525,31.39843178,0.003774392,36,67.9,38,0,RTWB,Real Time,2,38.3031,-74.645
3/31/24,2024,3,7.885372162,8.212418556,31.83912468,0.009084622,48.7,55.9,36,0,T2M,Archival,2,38.3032,-74.5052
3/31/24,2024,3,7.909578323,8.34017849,31.37252998,0.0123,36,67.9,35,0,A7M,Archival,2,38.3031,-74.6525
3/31/24,2024,3,8.13541317,8.663596153,29.39299011,0.022007624,21.4,83.3,24,0,A2M,Archival,2,38.378,-74.8051
3/31/24,2024,3,7.909578323,8.34017849,31.37252998,0.011331583,36,67.9,38,0,RTWB,Real Time,2,38.3031,-74.645
4/1/24,2024,4,7.923328876,8.306454659,31.86968422,0.010642383,48.7,55.9,36,0,T2M,Archival,2,38.3032,-74.5052
4/1/24,2024,4,7.925410748,8.475431442,31.42802238,0.01571,36,67.9,35,0,A7M,Archival,2,38.3031,-74.6525
4/1/24,2024,4,8.041102409,8.768174171,29.48519135,0.030294657,21.4,83.3,24,0,A2M,Archival,2,38.378,-74.8051
4/1/24,2024,4,7.925410748,8.475431442,31.42802238,0.014474229,36,67.9,38,0,RTWB,Real Time,2,38.3031,-74.645
4/2/24,2024,4,7.740959167,8.133498192,31.94236565,0.010903862,48.7,55.9,36,0,T2M,Archival,2,38.3032,-74.5052
4/2/24,2024,4,7.785551071,8.104009628,31.66888237,0.0091,36,67.9,35,0,A7M,Archival,2,38.3031,-74.6525
4/2/24,2024,4,7.88325882,8.50947094,30.39687347,0.026092172,21.4,83.3,24,0,A2M,Archival,2,38.378,-74.8051
4/2/24,2024,4,7.785551071,8.104009628,31.66888237,0.008380488,36,67.9,38,0,RTWB,Real Time,2,38.3031,-74.645
4/3/24,2024,4,7.730485439,8.071030617,31.90169334,0.009459588,48.7,55.9,36,0,T2M,Archival,2,38.3032,-74.5052
4/3/24,2024,4,7.8548069,8.009879112,31.57234001,0.00443,36,67.9,35,0,A7M,Archival,2,38.3031,-74.6525
4/3/24,2024,4,7.974366665,8.231967926,31.03417778,0.010733386,21.4,83.3,24,0,A2M,Archival,2,38.378,-74.8051
4/3/24,2024,4,7.8548069,8.009879112,31.57234001,0.004080848,36,67.9,38,0,RTWB,Real Time,2,38.3031,-74.645
4/4/24,2024,4,7.774629116,8.040444374,31.84494781,0.007383757,48.7,55.9,36,0,T2M,Archival,2,38.3032,-74.5052
4/4/24,2024,4,8.008131981,8.120642662,31.19062042,0.00321,36,67.9,35,0,A7M,Archival,2,38.3031,-74.6525
4/4/24,2024,4,8.069267273,8.588831902,29.81507301,0.021648526,21.4,83.3,24,0,A2M,Archival,2,38.378,-74.8051
4/4/24,2024,4,8.008131981,8.120642662,31.19062042,0.002960807,36,67.9,38,0,RTWB,Real Time,2,38.3031,-74.645
4/5/24,2024,4,7.448284149,7.804670334,31.59617424,0.009899616,48.7,55.9,36,0,T2M,Archival,2,38.3032,-74.5052
4/5/24,2024,4,7.589025974,8.010837555,30.9207058,0.01205,36,67.9,35,0,A7M,Archival,2,38.3031,-74.6525
4/5/24,2024,4,7.724345684,8.607271194,28.58165169,0.036788563,21.4,83.3,24,0,A2M,Archival,2,38.378,-74.8051
4/5/24,2024,4,7.589025974,8.010837555,30.9207058,0.011100305,36,67.9,38,0,RTWB,Real Time,2,38.3031,-74.645
4/6/24,2024,4,7.454475403,7.7366786,31.47130775,0.007838978,48.7,55.9,36,0,T2M,Archival,2,38.3032,-74.5052
4/6/24,2024,4,7.603609085,7.921527863,30.94709587,0.00908,36,67.9,35,0,A7M,Archival,2,38.3031,-74.6525
4/6/24,2024,4,7.806961536,8.409644127,29.320364,0.025111775,21.4,83.3,24,0,A2M,Archival,2,38.378,-74.8051
4/6/24,2024,4,7.603609085,7.921527863,30.94709587,0.008366284,36,67.9,38,0,RTWB,Real Time,2,38.3031,-74.645
4/7/24,2024,4,7.462395191,7.791714191,31.4854126,0.00914775,48.7,55.9,36,1,T2M,Archival,2,38.3032,-74.5052
4/7/24,2024,4,7.62193346,7.924347401,30.98641014,0.00864,36,67.9,35,0,A7M,Archival,2,38.3031,-74.6525
4/7/24,2024,4,7.856172562,8.144274712,30.36685753,0.012004256,21.4,83.3,24,0,A2M,Archival,2,38.378,-74.8051
4/7/24,2024,4,7.62193346,7.924347401,30.98641014,0.007958262,36,67.9,38,0,RTWB,Real Time,2,38.3031,-74.645
4/8/24,2024,4,7.601481915,7.941788197,31.64315796,0.009452952,48.7,55.9,36,0,T2M,Archival,2,38.3032,-74.5052
4/8/24,2024,4,7.685058594,8.02889061,31.04369164,0.00982,36,67.9,35,0,A7M,Archival,2,38.3031,-74.6525
4/8/24,2024,4,7.946487427,8.732633591,29.23111725,0.03275609,21.4,83.3,24,0,A2M,Archival,2,38.378,-74.8051
4/8/24,2024,4,7.685058594,8.02889061,31.04369164,0.009048211,36,67.9,38,0,RTWB,Real Time,2,38.3031,-74.645
4/9/24,2024,4,7.536574841,8.220582008,31.556633,0.019000199,48.7,55.9,36,0,T2M,Archival,2,38.3032,-74.5052
4/9/24,2024,4,7.65426302,8.414206505,30.84167671,0.02171,36,67.9,35,0,A7M,Archival,2,38.3031,-74.6525
4/9/24,2024,4,7.991518021,9.473032951,27.29446602,0.061729789,21.4,83.3,24,0,A2M,Archival,2,38.378,-74.8051
4/9/24,2024,4,7.65426302,8.414206505,30.84167671,0.019998513,36,67.9,38,0,RTWB,Real Time,2,38.3031,-74.645
4/10/24,2024,4,7.536560535,8.63255024,31.51767921,0.030444158,48.7,55.9,36,0,T2M,Archival,2,38.3032,-74.5052
4/10/24,2024,4,7.669336319,9.185149193,30.45437622,0.04331,36,67.9,35,0,A7M,Archival,2,38.3031,-74.6525
4/10/24,2024,4,8.028008461,10.08163166,27.40135765,0.085567633,21.4,83.3,24,0,A2M,Archival,2,38.378,-74.8051
4/10/24,2024,4,7.669336319,9.185149193,30.45437622,0.039889812,36,67.9,38,0,RTWB,Real Time,2,38.3031,-74.645
4/11/24,2024,4,7.58322525,8.482222557,31.27672005,0.024972147,48.7,55.9,36,1,T2M,Archival,2,38.3032,-74.5052
4/11/24,2024,4,7.922745228,9.458039284,28.92593384,0.04387,36,67.9,35,0,A7M,Archival,2,38.3031,-74.6525
4/11/24,2024,4,8.500767708,9.962937355,27.55427742,0.060923735,21.4,83.3,24,0,A2M,Archival,2,38.378,-74.8051
4/11/24,2024,4,7.922745228,9.458039284,28.92593384,0.040402475,36,67.9,38,0,RTWB,Real Time,2,38.3031,-74.645
4/12/24,2024,4,7.526575565,8.900575638,30.51240349,0.038166669,48.7,55.9,36,1,T2M,Archival,2,38.3032,-74.5052
4/12/24,2024,4,7.823377132,9.071570396,29.90603638,0.03566,36,67.9,35,1,A7M,Archival,2,38.3031,-74.6525
4/12/24,2024,4,8.293228149,9.225318909,29.49477577,0.038837115,21.4,83.3,24,0,A2M,Archival,2,38.378,-74.8051
4/12/24,2024,4,7.823377132,9.071570396,29.90603638,0.032847191,36,67.9,38,1,RTWB,Real Time,2,38.3031,-74.645
4/13/24,2024,4,7.439809799,8.908373833,30.54519653,0.040793445,48.7,55.9,36,0,T2M,Archival,2,38.3032,-74.5052
4/13/24,2024,4,7.733400822,9.210408211,30.25787544,0.0422,36,67.9,35,0,A7M,Archival,2,38.3031,-74.6525
4/13/24,2024,4,8.110654831,9.687063217,29.70891762,0.065683683,21.4,83.3,24,0,A2M,Archival,2,38.378,-74.8051
4/13/24,2024,4,7.733400822,9.210408211,30.25787544,0.038868616,36,67.9,38,0,RTWB,Real Time,2,38.3031,-74.645
4/14/24,2024,4,7.186017513,9.311364174,30.58288765,0.059037407,48.7,55.9,36,0,T2M,Archival,2,38.3032,-74.5052
4/14/24,2024,4,7.508939743,9.399406433,30.37662506,0.05401,36,67.9,35,0,A7M,Archival,2,38.3031,-74.6525
4/14/24,2024,4,7.837833405,9.848930359,29.7696228,0.083795706,21.4,83.3,24,0,A2M,Archival,2,38.378,-74.8051
4/14/24,2024,4,7.508939743,9.399406433,30.37662506,0.049749123,36,67.9,38,0,RTWB,Real Time,2,38.3031,-74.645
4/15/24,2024,4,7.031347275,9.587101936,30.66504097,0.070993185,48.7,55.9,36,0,T2M,Archival,2,38.3032,-74.5052
4/15/24,2024,4,7.314535618,10.08059883,30.1020565,0.07903,36,67.9,35,0,A7M,Archival,2,38.3031,-74.6525
4/15/24,2024,4,7.799657345,9.999670982,30.26004601,0.091667235,21.4,83.3,24,0,A2M,Archival,2,38.378,-74.8051
4/15/24,2024,4,7.314535618,10.08059883,30.1020565,0.072791137,36,67.9,38,1,RTWB,Real Time,2,38.3031,-74.645
4/16/24,2024,4,6.978169918,10.3192091,30.58483696,0.092806644,48.7,55.9,36,1,T2M,Archival,2,38.3032,-74.5052
4/16/24,2024,4,7.248503208,10.79661083,30.09366417,0.10137,36,67.9,35,1,A7M,Archival,2,38.3031,-74.6525
4/16/24,2024,4,7.814733505,10.6920042,30.31090546,0.119886279,21.4,83.3,24,0,A2M,Archival,2,38.378,-74.8051
4/16/24,2024,4,7.248503208,10.79661083,30.09366417,0.093371253,36,67.9,38,0,RTWB,Real Time,2,38.3031,-74.645
4/17/24,2024,4,7.325877666,10.26965046,30.64639091,0.081771466,48.7,55.9,36,1,T2M,Archival,2,38.3032,-74.5052
4/17/24,2024,4,7.604604721,10.87417221,30.0496769,0.09342,36,67.9,35,0,A7M,Archival,2,38.3031,-74.6525
4/17/24,2024,4,7.998988628,10.62736797,30.36867714,0.109515806,21.4,83.3,24,0,A2M,Archival,2,38.378,-74.8051
4/17/24,2024,4,7.604604721,10.87417221,30.0496769,0.08604125,36,67.9,38,0,RTWB,Real Time,2,38.3031,-74.645
4/18/24,2024,4,7.654901028,10.94447231,30.09401703,0.086567665,36,67.9,38,0,RTWB,Real Time,2,38.3031,-74.645
4/19/24,2024,4,7.775903225,10.0983305,30.29763794,0.061116507,36,67.9,38,0,RTWB,Real Time,2,38.3031,-74.645
4/20/24,2024,4,8.220557213,10.18212128,30.20474052,0.051620107,36,67.9,38,0,RTWB,Real Time,2,38.3031,-74.645
4/21/24,2024,4,8.127977371,10.07563972,30.15265083,0.051254272,36,67.9,38,0,RTWB,Real Time,2,38.3031,-74.645
4/22/24,2024,4,8.124142647,9.871695518,30.21639252,0.045988233,36,67.9,38,0,RTWB,Real Time,2,38.3031,-74.645
4/23/24,2024,4,7.934477329,9.873709679,30.32788658,0.05103243,36,67.9,38,0,RTWB,Real Time,2,38.3031,-74.645
4/24/24,2024,4,7.803878784,9.933895111,30.29382896,0.056053061,36,67.9,38,0,RTWB,Real Time,2,38.3031,-74.645
4/25/24,2024,4,7.773303509,10.01946354,30.35978699,0.059109474,36,67.9,38,0,RTWB,Real Time,2,38.3031,-74.645
4/26/24,2024,4,7.87433815,9.808670998,30.78562164,0.050903496,36,67.9,38,1,RTWB,Real Time,2,38.3031,-74.645
4/27/24,2024,4,7.917600632,9.894309044,30.86478233,0.052018642,36,67.9,38,0,RTWB,Real Time,2,38.3031,-74.645
4/28/24,2024,4,7.804833889,10.13394356,30.85605431,0.06129236,36,67.9,38,1,RTWB,Real Time,2,38.3031,-74.645
4/29/24,2024,4,7.762708664,11.10317993,30.34669304,0.087907139,36,67.9,38,1,RTWB,Real Time,2,38.3031,-74.645
4/30/24,2024,4,7.788380146,11.97679138,29.81549263,0.110221348,36,67.9,38,1,RTWB,Real Time,2,38.3031,-74.645
5/1/24,2024,5,7.79612112,12.44029331,29.52847481,0.122215058,36,67.9,38,1,RTWB,Real Time,2,38.3031,-74.645
5/2/24,2024,5,8.417327881,13.05271149,29.54760742,0.121983779,36,67.9,38,0,RTWB,Real Time,2,38.3031,-74.645
5/3/24,2024,5,8.544211388,12.94610119,29.68459892,0.115839205,36,67.9,38,0,RTWB,Real Time,2,38.3031,-74.645
5/4/24,2024,5,8.778969765,12.36337376,30.24115944,0.094326421,36,67.9,38,0,RTWB,Real Time,2,38.3031,-74.645
5/5/24,2024,5,9.21217823,12.0454874,30.38249016,0.074560768,36,67.9,38,0,RTWB,Real Time,2,38.3031,-74.645
5/6/24,2024,5,9.187897682,12.39838886,30.15223885,0.08448661,36,67.9,38,0,RTWB,Real Time,2,38.3031,-74.645
5/7/24,2024,5,9.113226891,12.9139452,29.7502346,0.100018903,36,67.9,38,1,RTWB,Real Time,2,38.3031,-74.645
5/8/24,2024,5,8.399420738,13.45307255,29.62559509,0.132990837,36,67.9,38,0,RTWB,Real Time,2,38.3031,-74.645
5/9/24,2024,5,8.297522545,13.83183575,29.14914131,0.145639821,36,67.9,38,0,RTWB,Real Time,2,38.3031,-74.645
5/10/24,2024,5,8.409811974,13.2418375,30.14623451,0.127158567,36,67.9,38,0,RTWB,Real Time,2,38.3031,-74.645
5/11/24,2024,5,9.583758354,12.30966187,30.97178078,0.071734303,36,67.9,38,0,RTWB,Real Time,2,38.3031,-74.645
5/12/24,2024,5,9.536044121,11.66136837,31.04723358,0.055929586,36,67.9,38,1,RTWB,Real Time,2,38.3031,-74.645
5/13/24,2024,5,9.267796516,11.71542358,30.99752808,0.064411239,36,67.9,38,0,RTWB,Real Time,2,38.3031,-74.645
5/14/24,2024,5,9.375301361,12.26298237,29.85371971,0.075991605,36,67.9,38,0,RTWB,Real Time,2,38.3031,-74.645
5/15/24,2024,5,9.298829079,12.27541637,29.97651672,0.078331245,36,67.9,38,1,RTWB,Real Time,2,38.3031,-74.645
5/16/24,2024,5,9.5072155,11.74941349,30.46340942,0.05900521,36,67.9,38,0,RTWB,Real Time,2,38.3031,-74.645
5/17/24,2024,5,10.83653927,11.94441223,30.75627136,0.029154552,36,67.9,38,0,RTWB,Real Time,2,38.3031,-74.645
5/18/24,2024,5,10.98343372,12.29608631,30.80203247,0.034543489,36,67.9,38,0,RTWB,Real Time,2,38.3031,-74.645
5/19/24,2024,5,10.71111202,11.9245615,30.96082115,0.031932881,36,67.9,38,0,RTWB,Real Time,2,38.3031,-74.645
5/20/24,2024,5,11.26669693,11.49265671,31.01833153,0.00594631,36,67.9,38,0,RTWB,Real Time,2,38.3031,-74.645
5/21/24,2024,5,11.35945415,11.71869183,31.05789948,0.009453623,36,67.9,38,0,RTWB,Real Time,2,38.3031,-74.645
5/22/24,2024,5,11.1927309,12.54191971,30.75873566,0.035504969,36,67.9,38,0,RTWB,Real Time,2,38.3031,-74.645
5/23/24,2024,5,11.32653332,14.46875,29.69336891,0.082689913,36,67.9,38,0,RTWB,Real Time,2,38.3031,-74.645
5/24/24,2024,5,11.13909531,15.2831316,29.49710655,0.109053587,36,67.9,38,0,RTWB,Real Time,2,38.3031,-74.645
5/25/24,2024,5,10.97855759,15.81720829,29.48692322,0.127332913,36,67.9,38,0,RTWB,Real Time,2,38.3031,-74.645
5/26/24,2024,5,11.08829403,16.59837914,29.58727455,0.14500224,36,67.9,38,0,RTWB,Real Time,2,38.3031,-74.645
5/27/24,2024,5,11.09959412,16.86166382,29.52752495,0.151633413,36,67.9,38,0,RTWB,Real Time,2,38.3031,-74.645
5/28/24,2024,5,11.0759697,17.3263092,29.31974602,0.164482619,36,67.9,38,0,RTWB,Real Time,2,38.3031,-74.645
5/29/24,2024,5,11.22564983,17.48700714,29.23491859,0.164772561,36,67.9,38,0,RTWB,Real Time,2,38.3031,-74.645
5/30/24,2024,5,11.20668888,17.81131744,29.14147186,0.173806015,36,67.9,38,0,RTWB,Real Time,2,38.3031,-74.645
5/31/24,2024,5,11.25747395,17.56815529,28.95580101,0.166070562,36,67.9,38,0,RTWB,Real Time,2,38.3031,-74.645
6/1/24,2024,6,11.4502039,17.70079422,28.72473145,0.164489219,36,67.9,38,1,RTWB,Real Time,2,38.3031,-74.645
6/2/24,2024,6,11.41128445,18.15808678,28.56534386,0.17754743,36,67.9,38,0,RTWB,Real Time,2,38.3031,-74.645
6/3/24,2024,6,11.33854675,18.4304142,28.06135368,0.186628091,36,67.9,38,0,RTWB,Real Time,2,38.3031,-74.645
6/4/24,2024,6,11.40123463,18.6836319,27.90849876,0.191642033,36,67.9,38,0,RTWB,Real Time,2,38.3031,-74.645
6/5/24,2024,6,11.4628334,18.7929306,27.91672707,0.192897295,36,67.9,38,0,RTWB,Real Time,2,38.3031,-74.645
6/6/24,2024,6,11.38327694,18.38082695,28.40570068,0.184146053,36,67.9,38,0,RTWB,Real Time,2,38.3031,-74.645
6/7/24,2024,6,11.2662878,19.09983063,28.91701508,0.206145864,36,67.9,38,0,RTWB,Real Time,2,38.3031,-74.645
6/8/24,2024,6,11.30852127,19.94444466,28.74912262,0.227261142,36,67.9,38,0,RTWB,Real Time,2,38.3031,-74.645
6/9/24,2024,6,11.28145218,19.85873985,28.88746071,0.225718097,36,67.9,38,0,RTWB,Real Time,2,38.3031,-74.645
6/10/24,2024,6,10.89601135,19.69218254,29.04253578,0.231478189,36,67.9,38,0,RTWB,Real Time,2,38.3031,-74.645
6/11/24,2024,6,10.92464733,19.9270649,29.06908417,0.236905725,36,67.9,38,0,RTWB,Real Time,2,38.3031,-74.645
6/12/24,2024,6,11.08766556,19.9374218,29.1764698,0.232888322,36,67.9,38,0,RTWB,Real Time,2,38.3031,-74.645
6/13/24,2024,6,11.19580936,19.99451256,29.35307884,0.231544821,36,67.9,38,0,RTWB,Real Time,2,38.3031,-74.645
6/14/24,2024,6,11.08799648,19.98497009,29.51966858,0.234130884,36,67.9,38,0,RTWB,Real Time,2,38.3031,-74.645
6/15/24,2024,6,10.9547224,20.76250458,29.41761017,0.258099531,36,67.9,38,0,RTWB,Real Time,2,38.3031,-74.645
6/16/24,2024,6,11.19704723,21.01720619,29.58346558,0.258425236,36,67.9,38,0,RTWB,Real Time,2,38.3031,-74.645
6/17/24,2024,6,11.41618443,21.18313026,29.57675934,0.25702489,36,67.9,38,0,RTWB,Real Time,2,38.3031,-74.645
6/18/24,2024,6,11.15959072,21.59531593,29.42539215,0.274624348,36,67.9,38,0,RTWB,Real Time,2,38.3031,-74.645
6/19/24,2024,6,11.9105835,22.46382904,29.63308716,0.277716988,36,67.9,38,0,RTWB,Real Time,2,38.3031,-74.645
6/20/24,2024,6,11.74456406,23.15093803,29.74972725,0.300167736,36,67.9,38,0,RTWB,Real Time,2,38.3031,-74.645
6/21/24,2024,6,11.16374207,23.45471191,30.04928017,0.323446575,36,67.9,38,0,RTWB,Real Time,2,38.3031,-74.645
6/22/24,2024,6,11.53497791,23.93673515,30.40722656,0.326362033,36,67.9,38,0,RTWB,Real Time,2,38.3031,-74.645
6/23/24,2024,6,11.07306957,23.55989075,30.61711121,0.328600557,36,67.9,38,0,RTWB,Real Time,2,38.3031,-74.645
6/24/24,2024,6,10.37276649,22.22972679,30.97436333,0.312025271,36,67.9,38,0,RTWB,Real Time,2,38.3031,-74.645
6/25/24,2024,6,11.38841629,22.19501686,30.94988441,0.284384226,36,67.9,38,0,RTWB,Real Time,2,38.3031,-74.645
6/26/24,2024,6,11.47186661,22.29226112,31.02883148,0.284747224,36,67.9,38,0,RTWB,Real Time,2,38.3031,-74.645
6/27/24,2024,6,11.44600964,22.2865448,31.24072075,0.285277241,36,67.9,38,0,RTWB,Real Time,2,38.3031,-74.645
6/28/24,2024,6,12.35563946,21.70989037,31.24787331,0.246164498,36,67.9,38,0,RTWB,Real Time,2,38.3031,-74.645
6/29/24,2024,6,12.72886658,21.62359619,31.22686195,0.234071832,36,67.9,38,0,RTWB,Real Time,2,38.3031,-74.645
6/30/24,2024,6,12.56197453,21.3135643,31.33350182,0.230304994,36,67.9,38,0,RTWB,Real Time,2,38.3031,-74.645
7/1/24,2024,7,12.32457352,21.10471153,31.39559174,0.231056264,36,67.9,38,0,RTWB,Real Time,2,38.3031,-74.645
7/2/24,2024,7,12.43577576,21.5348835,31.4050808,0.239450204,36,67.9,38,0,RTWB,Real Time,2,38.3031,-74.645
7/3/24,2024,7,12.74230289,21.85783195,31.40749931,0.239882344,36,67.9,38,0,RTWB,Real Time,2,38.3031,-74.645
7/4/24,2024,7,13.10456467,22.00769234,31.68397522,0.234292833,36,67.9,38,0,RTWB,Real Time,2,38.3031,-74.645
7/5/24,2024,7,12.8670187,22.1190033,31.76165009,0.243473279,36,67.9,38,0,RTWB,Real Time,2,38.3031,-74.645
7/6/24,2024,7,12.55097103,22.51493645,31.88845634,0.262209616,36,67.9,38,0,RTWB,Real Time,2,38.3031,-74.645
7/7/24,2024,7,12.55802441,23.40196419,31.88886833,0.285366836,36,67.9,38,0,RTWB,Real Time,2,38.3031,-74.645
7/8/24,2024,7,12.61355591,23.86961555,31.87058449,0.296212096,36,67.9,38,0,RTWB,Real Time,2,38.3031,-74.645
7/9/24,2024,7,12.71152496,23.98216248,31.84870911,0.296595724,36,67.9,38,0,RTWB,Real Time,2,38.3031,-74.645
7/10/24,2024,7,13.39118195,24.47554779,32.10562897,0.291693838,36,67.9,38,0,RTWB,Real Time,2,38.3031,-74.645
7/11/24,2024,7,12.89216995,24.37401581,32.23096085,0.302153838,36,67.9,38,0,RTWB,Real Time,2,38.3031,-74.645
7/12/24,2024,7,12.66839504,24.36080742,32.17047119,0.307695063,36,67.9,38,0,RTWB,Real Time,2,38.3031,-74.645
7/13/24,2024,7,13.98261929,23.95218468,32.09563828,0.262356984,36,67.9,38,0,RTWB,Real Time,2,38.3031,-74.645
7/14/24,2024,7,13.99434662,23.88667297,31.99033546,0.260324378,36,67.9,38,0,RTWB,Real Time,2,38.3031,-74.645
7/15/24,2024,7,13.9519949,23.81314087,32.03308487,0.259503841,36,67.9,38,0,RTWB,Real Time,2,38.3031,-74.645
10/27/24,2024,10,17.875597,17.72038651,32.18797302,-0.004084487,36,67.9,38,0,RTWB,Real Time,2,38.3031,-74.645
10/28/24,2024,10,17.88539696,17.57685661,32.18272781,-0.008119483,36,67.9,38,0,RTWB,Real Time,2,38.3031,-74.645
10/29/24,2024,10,17.63926125,17.62384224,32.25780487,-0.000405763,36,67.9,38,0,RTWB,Real Time,2,38.3031,-74.645
10/30/24,2024,10,17.43315887,17.61118889,32.23947525,0.004685,36,67.9,38,0,RTWB,Real Time,2,38.3031,-74.645
10/31/24,2024,10,16.96221352,17.73621368,31.88757515,0.020368425,36,67.9,38,0,RTWB,Real Time,2,38.3031,-74.645
11/1/24,2024,11,16.92175293,17.90901756,31.5524044,0.025980648,36,67.9,38,0,RTWB,Real Time,2,38.3031,-74.645
11/2/24,2024,11,16.91476059,17.8891201,31.73648262,0.02564104,36,67.9,38,0,RTWB,Real Time,2,38.3031,-74.645
11/3/24,2024,11,16.89661789,17.56906319,31.83166504,0.017695929,36,67.9,38,0,RTWB,Real Time,2,38.3031,-74.645
11/4/24,2024,11,17.21280289,17.51709938,31.95220947,0.008007802,36,67.9,38,0,RTWB,Real Time,2,38.3031,-74.645
11/5/24,2024,11,17.23677063,17.54736328,31.97237206,0.008173491,36,67.9,38,0,RTWB,Real Time,2,38.3031,-74.645
11/6/24,2024,11,17.10385513,17.61845779,31.97660828,0.013542175,36,67.9,38,0,RTWB,Real Time,2,38.3031,-74.645
11/7/24,2024,11,17.28187943,17.89206314,31.97471809,0.016057466,36,67.9,38,0,RTWB,Real Time,2,38.3031,-74.645
11/8/24,2024,11,17.15036201,17.90374184,32.03391647,0.019825785,36,67.9,38,0,RTWB,Real Time,2,38.3031,-74.645
11/9/24,2024,11,17.18047142,17.64843559,32.23397446,0.012314847,36,67.9,38,0,RTWB,Real Time,2,38.3031,-74.645
11/10/24,2024,11,17.12362862,17.10774612,32.33815765,-0.00041796,36,67.9,38,0,RTWB,Real Time,2,38.3031,-74.645
11/11/24,2024,11,16.96559906,17.05042267,32.26408386,0.0022322,36,67.9,38,0,RTWB,Real Time,2,38.3031,-74.645
11/12/24,2024,11,16.66031075,16.99527931,32.19419098,0.008814962,36,67.9,38,0,RTWB,Real Time,2,38.3031,-74.645
11/13/24,2024,11,16.95575142,16.73208237,32.37347794,-0.005886028,36,67.9,38,0,RTWB,Real Time,2,38.3031,-74.645
11/14/24,2024,11,16.68600655,16.57530212,32.39054489,-0.002913274,36,67.9,38,0,RTWB,Real Time,2,38.3031,-74.645
11/15/24,2024,11,16.43967438,16.41752052,32.29943466,-0.000582996,36,67.9,38,0,RTWB,Real Time,2,38.3031,-74.645
11/16/24,2024,11,16.38770676,16.35634041,32.24649048,-0.00082543,36,67.9,38,0,RTWB,Real Time,2,38.3031,-74.645
11/17/24,2024,11,16.21780205,16.19117546,32.24521255,-0.0007007,36,67.9,38,0,RTWB,Real Time,2,38.3031,-74.645
11/18/24,2024,11,16.13414955,16.11159134,32.26838684,-0.000593637,36,67.9,38,0,RTWB,Real Time,2,38.3031,-74.645
11/19/24,2024,11,15.87347698,15.86744213,32.4288063,-0.000158812,36,67.9,38,0,RTWB,Real Time,2,38.3031,-74.645
11/20/24,2024,11,15.88007355,15.88354778,32.44241333,9.14E-05,36,67.9,38,0,RTWB,Real Time,2,38.3031,-74.645
11/21/24,2024,11,15.8336792,15.78641033,32.41643143,-0.001243918,36,67.9,38,0,RTWB,Real Time,2,38.3031,-74.645
11/22/24,2024,11,15.17571259,15.38501072,32.40709686,0.005507846,36,67.9,38,1,RTWB,Real Time,2,38.3031,-74.645
11/23/24,2024,11,15.33129501,15.06181622,32.47689438,-0.007091547,36,67.9,38,0,RTWB,Real Time,2,38.3031,-74.645
11/24/24,2024,11,15.28863907,14.90686131,32.60856247,-0.010046783,36,67.9,38,0,RTWB,Real Time,2,38.3031,-74.645
11/25/24,2024,11,15.15657043,14.89704609,32.67199707,-0.006829588,36,67.9,38,0,RTWB,Real Time,2,38.3031,-74.645
11/26/24,2024,11,15.33721828,14.71526241,32.59861374,-0.01636726,36,67.9,38,0,RTWB,Real Time,2,38.3031,-74.645
11/27/24,2024,11,15.36771488,14.78074741,32.76696014,-0.015446512,36,67.9,38,1,RTWB,Real Time,2,38.3031,-74.645
11/28/24,2024,11,15.15677738,14.83442593,32.79070663,-0.008482933,36,67.9,38,0,RTWB,Real Time,2,38.3031,-74.645
11/29/24,2024,11,15.34393024,14.57048035,32.7918396,-0.020353945,36,67.9,38,0,RTWB,Real Time,2,38.3031,-74.645
11/30/24,2024,11,15.53454685,14.2305479,32.82161331,-0.034315762,36,67.9,38,0,RTWB,Real Time,2,38.3031,-74.645
12/1/24,2024,12,15.35122681,14.08751011,32.97213364,-0.033255703,36,67.9,38,0,RTWB,Real Time,2,38.3031,-74.645
12/2/24,2024,12,15.21721935,13.91165161,33.04957199,-0.034357046,36,67.9,38,0,RTWB,Real Time,2,38.3031,-74.645
12/3/24,2024,12,15.1021719,13.67569351,33.12142181,-0.037538905,36,67.9,38,1,RTWB,Real Time,2,38.3031,-74.645
12/4/24,2024,12,13.6815691,13.23411274,32.99792099,-0.011775167,36,67.9,38,1,RTWB,Real Time,2,38.3031,-74.645
12/5/24,2024,12,13.42329884,13.09938526,33.03204346,-0.008524041,36,67.9,38,0,RTWB,Real Time,2,38.3031,-74.645
12/6/24,2024,12,13.98657131,12.6640234,33.0877037,-0.034803892,36,67.9,38,0,RTWB,Real Time,2,38.3031,-74.645
12/7/24,2024,12,13.48705959,12.31459904,33.26273346,-0.030854225,36,67.9,38,0,RTWB,Real Time,2,38.3031,-74.645
12/8/24,2024,12,13.59369659,12.08153534,33.28621292,-0.039793717,36,67.9,38,1,RTWB,Real Time,2,38.3031,-74.645
12/9/24,2024,12,13.72621632,11.99228001,33.21414566,-0.045629903,36,67.9,38,1,RTWB,Real Time,2,38.3031,-74.645
12/10/24,2024,12,13.44906139,11.97184467,33.23565674,-0.038874124,36,67.9,38,0,RTWB,Real Time,2,38.3031,-74.645
12/11/24,2024,12,13.26358032,11.83931637,33.07217407,-0.03748063,36,67.9,38,0,RTWB,Real Time,2,38.3031,-74.645
12/12/24,2024,12,13.28085995,11.83588886,33.27381897,-0.038025555,36,67.9,38,1,RTWB,Real Time,2,38.3031,-74.645
12/13/24,2024,12,13.40923691,11.82388973,33.48749542,-0.041719663,36,67.9,38,1,RTWB,Real Time,2,38.3031,-74.645
12/14/24,2024,12,13.16468525,11.73527813,33.50973129,-0.037615977,36,67.9,38,0,RTWB,Real Time,2,38.3031,-74.645
12/15/24,2024,12,12.24203587,11.39678669,33.31920242,-0.022243399,36,67.9,38,0,RTWB,Real Time,2,38.3031,-74.645
12/16/24,2024,12,11.44338131,11.44387913,33.29835129,1.31E-05,36,67.9,38,0,RTWB,Real Time,2,38.3031,-74.645
12/17/24,2024,12,11.69852066,11.36730671,33.23062134,-0.008716157,36,67.9,38,1,RTWB,Real Time,2,38.3031,-74.645
12/18/24,2024,12,12.01067734,11.36848736,33.24563217,-0.016899736,36,67.9,38,1,RTWB,Real Time,2,38.3031,-74.645
12/19/24,2024,12,11.96503735,11.3886528,33.27621078,-0.015168014,36,67.9,38,1,RTWB,Real Time,2,38.3031,-74.645
12/20/24,2024,12,11.74574566,11.50059986,33.38733673,-0.006451205,36,67.9,38,0,RTWB,Real Time,2,38.3031,-74.645
12/21/24,2024,12,11.37229061,11.33066654,33.31951523,-0.00109537,36,67.9,38,1,RTWB,Real Time,2,38.3031,-74.645
12/22/24,2024,12,10.67797565,10.62564373,33.32298279,-0.001377156,36,67.9,38,0,RTWB,Real Time,2,38.3031,-74.645
12/23/24,2024,12,10.44769764,10.4060955,33.34023666,-0.001094793,36,67.9,38,1,RTWB,Real Time,2,38.3031,-74.645
12/24/24,2024,12,10.34517956,10.29251003,33.32610321,-0.00138604,36,67.9,38,1,RTWB,Real Time,2,38.3031,-74.645
12/25/24,2024,12,10.12096691,10.0854311,33.38705063,-0.000935153,36,67.9,38,0,RTWB,Real Time,2,38.3031,-74.645
12/26/24,2024,12,9.880046844,9.852359772,33.34975052,-0.000728607,36,67.9,38,0,RTWB,Real Time,2,38.3031,-74.645
12/27/24,2024,12,9.62015152,9.623566628,33.27912521,8.99E-05,36,67.9,38,0,RTWB,Real Time,2,38.3031,-74.645
12/28/24,2024,12,9.864361763,9.844302177,33.3828392,-0.000527884,36,67.9,38,0,RTWB,Real Time,2,38.3031,-74.645
12/29/24,2024,12,10.07610035,9.760041237,33.25190735,-0.008317345,36,67.9,38,0,RTWB,Real Time,2,38.3031,-74.645
12/30/24,2024,12,10.35749626,9.894464493,33.2493248,-0.012185047,36,67.9,38,0,RTWB,Real Time,2,38.3031,-74.645
12/31/24,2024,12,10.54695415,9.911359787,33.25421524,-0.016726168,36,67.9,38,0,RTWB,Real Time,2,38.3031,-74.645