date,bottom_temp,sst,sss,stratification,zeta,dist_shore_km,dist_OC_km,dist_200m_km,dist_MO_km,dist_RTWB_km,dist_NB_km,depth_m,datetime,daily_occurrence,site,device_type
5/27/21,12.92559528,17.99800873,31.9664135,0.133484564,-0.269695431,36,37.6,67.9,10.4,0,17.8,38,5/27/21,0,RTWB,Real Time
5/28/21,13.00480747,18.17038155,31.98113823,0.13593616,-0.177015305,36,37.6,67.9,10.4,0,17.8,38,5/28/21,0,RTWB,Real Time
5/29/21,12.93173695,17.48742485,32.01252747,0.119886524,0.050266117,36,37.6,67.9,10.4,0,17.8,38,5/29/21,0,RTWB,Real Time
5/30/21,13.78628159,15.44224262,32.64245224,0.043577922,0.101064116,36,37.6,67.9,10.4,0,17.8,38,5/30/21,0,RTWB,Real Time
5/31/21,14.58940411,14.83979893,32.75992966,0.006589337,-0.078092806,36,37.6,67.9,10.4,0,17.8,38,5/31/21,0,RTWB,Real Time
6/1/21,14.33111095,15.36287022,32.67717361,0.02715156,-0.20282273,36,37.6,67.9,10.4,0,17.8,38,6/1/21,0,RTWB,Real Time
6/2/21,13.04539204,15.89156628,32.54683304,0.074899322,-0.207661942,36,37.6,67.9,10.4,0,17.8,38,6/2/21,0,RTWB,Real Time
6/3/21,12.74103069,16.37382698,32.43986511,0.095599902,-0.102985471,36,37.6,67.9,10.4,0,17.8,38,6/3/21,0,RTWB,Real Time
6/4/21,12.34704971,16.50539017,32.13033295,0.109430012,-0.076539263,36,37.6,67.9,10.4,0,17.8,38,6/4/21,0,RTWB,Real Time
6/5/21,11.88533783,17.69506836,32.00210953,0.152887646,-0.155802697,36,37.6,67.9,10.4,0,17.8,38,6/5/21,0,RTWB,Real Time
6/6/21,11.51037693,18.12591362,31.91555786,0.174093071,-0.190719068,36,37.6,67.9,10.4,0,17.8,38,6/6/21,0,RTWB,Real Time
6/7/21,11.33214283,18.56523705,31.85063744,0.190344585,-0.159898221,36,37.6,67.9,10.4,0,17.8,38,6/7/21,0,RTWB,Real Time
6/8/21,12.11682224,19.66307449,31.78576088,0.198585586,-0.129891306,36,37.6,67.9,10.4,0,17.8,38,6/8/21,0,RTWB,Real Time
6/9/21,12.21623516,20.15956688,31.81062508,0.209035045,-0.127391919,36,37.6,67.9,10.4,0,17.8,38,6/9/21,0,RTWB,Real Time
6/10/21,12.27996731,20.68725204,31.85327339,0.221244335,-0.111393489,36,37.6,67.9,10.4,0,17.8,38,6/10/21,0,RTWB,Real Time
6/11/21,12.61657619,19.61778831,31.99899483,0.184242424,0.057250302,36,37.6,67.9,10.4,0,17.8,38,6/11/21,0,RTWB,Real Time
6/12/21,12.99367905,19.12092972,32.05209732,0.161243439,0.076096624,36,37.6,67.9,10.4,0,17.8,38,6/12/21,0,RTWB,Real Time
6/13/21,13.30765152,19.2013607,32.07643509,0.15509761,0.005481807,36,37.6,67.9,10.4,0,17.8,38,6/13/21,0,RTWB,Real Time
6/14/21,13.1313715,20.54668999,31.85594368,0.19513996,-0.016571851,36,37.6,67.9,10.4,0,17.8,38,6/14/21,0,RTWB,Real Time
6/15/21,12.80440807,20.96757698,31.85244751,0.214820234,0.053058583,36,37.6,67.9,10.4,0,17.8,38,6/15/21,0,RTWB,Real Time
6/16/21,12.77555466,21.41880226,31.84806824,0.227453884,0.014744493,36,37.6,67.9,10.4,0,17.8,38,6/16/21,0,RTWB,Real Time
6/17/21,13.18298054,21.18927765,31.89240074,0.210692029,-0.047364879,36,37.6,67.9,10.4,0,17.8,38,6/17/21,0,RTWB,Real Time
6/18/21,13.27228069,21.36206627,31.85218048,0.212889094,-0.114261456,36,37.6,67.9,10.4,0,17.8,38,6/18/21,1,RTWB,Real Time
6/19/21,13.18814182,21.4597683,31.70678711,0.217674381,-0.113022037,36,37.6,67.9,10.4,0,17.8,38,6/19/21,0,RTWB,Real Time
6/20/21,13.83351803,22.11096382,31.94472694,0.217827521,-0.13689433,36,37.6,67.9,10.4,0,17.8,38,6/20/21,0,RTWB,Real Time
6/21/21,13.79318905,22.46325874,32.03155518,0.228159729,-0.097493492,36,37.6,67.9,10.4,0,17.8,38,6/21/21,0,RTWB,Real Time
6/22/21,13.74802303,22.83463287,32.02462387,0.239121312,-0.055754874,36,37.6,67.9,10.4,0,17.8,38,6/22/21,0,RTWB,Real Time
6/23/21,14.27321625,21.727005,31.9458828,0.196152336,-0.161065742,36,37.6,67.9,10.4,0,17.8,38,6/23/21,0,RTWB,Real Time
6/24/21,14.60661411,21.32128716,31.97791862,0.176701922,-0.175354764,36,37.6,67.9,10.4,0,17.8,38,6/24/21,0,RTWB,Real Time
6/25/21,14.84082127,21.14776802,32.05218124,0.165972283,-0.126545325,36,37.6,67.9,10.4,0,17.8,38,6/25/21,0,RTWB,Real Time
6/26/21,15.12332439,22.09750366,32.16528702,0.183531033,-0.206516027,36,37.6,67.9,10.4,0,17.8,38,6/26/21,0,RTWB,Real Time
6/27/21,14.852211,22.3210907,32.11873245,0.196549466,-0.246843293,36,37.6,67.9,10.4,0,17.8,38,6/27/21,0,RTWB,Real Time
6/28/21,14.46884441,22.62386322,32.08119965,0.214605758,-0.269863755,36,37.6,67.9,10.4,0,17.8,38,6/28/21,0,RTWB,Real Time
6/29/21,14.25799847,23.77722359,32.26190186,0.250505924,-0.278913856,36,37.6,67.9,10.4,0,17.8,38,6/29/21,0,RTWB,Real Time
6/30/21,13.89136124,24.08168221,32.2307663,0.268166341,-0.226968527,36,37.6,67.9,10.4,0,17.8,38,6/30/21,0,RTWB,Real Time
7/1/21,13.44394779,24.55496979,32.26828384,0.292395316,-0.147374928,36,37.6,67.9,10.4,0,17.8,38,7/1/21,0,RTWB,Real Time
7/2/21,13.3252058,23.95469856,32.21590042,0.279723494,-0.044400778,36,37.6,67.9,10.4,0,17.8,38,7/2/21,0,RTWB,Real Time
7/3/21,13.54004669,23.58751488,32.21329117,0.264407058,-0.006499218,36,37.6,67.9,10.4,0,17.8,38,7/3/21,0,RTWB,Real Time
7/4/21,14.58913517,23.78836632,32.15063095,0.24208503,-0.007788954,36,37.6,67.9,10.4,0,17.8,38,7/4/21,0,RTWB,Real Time
7/5/21,15.04345036,23.73715782,32.08237076,0.228781775,-0.078072257,36,37.6,67.9,10.4,0,17.8,38,7/5/21,0,RTWB,Real Time
7/6/21,14.71037674,23.90175819,32.06688309,0.241878459,-0.098616749,36,37.6,67.9,10.4,0,17.8,38,7/6/21,0,RTWB,Real Time
7/7/21,13.88330364,24.06390572,31.55760956,0.267910581,-0.164768964,36,37.6,67.9,10.4,0,17.8,38,7/7/21,0,RTWB,Real Time
7/8/21,14.30480671,23.42426872,31.99825478,0.239985842,-0.163845584,36,37.6,67.9,10.4,0,17.8,38,7/8/21,0,RTWB,Real Time
7/9/21,13.8033905,22.60092926,32.61208344,0.231514178,-0.064917229,36,37.6,67.9,10.4,0,17.8,38,7/9/21,0,RTWB,Real Time
7/10/21,13.86355972,22.56468391,32.92568588,0.228976952,-0.113411002,36,37.6,67.9,10.4,0,17.8,38,7/10/21,0,RTWB,Real Time
7/11/21,15.45875645,23.25595284,32.85275269,0.205189379,-0.081374995,36,37.6,67.9,10.4,0,17.8,38,7/11/21,0,RTWB,Real Time
7/12/21,15.85418606,23.0858326,32.87242508,0.190306488,-0.119023025,36,37.6,67.9,10.4,0,17.8,38,7/12/21,0,RTWB,Real Time
7/13/21,15.59482861,23.10175514,32.84612274,0.197550698,-0.108540297,36,37.6,67.9,10.4,0,17.8,38,7/13/21,0,RTWB,Real Time
7/14/21,15.73936367,23.65051842,32.69727325,0.208188283,-0.06807927,36,37.6,67.9,10.4,0,17.8,38,7/14/21,0,RTWB,Real Time
7/15/21,15.80015469,24.07411766,32.44829178,0.217735868,-0.076912366,36,37.6,67.9,10.4,0,17.8,38,7/15/21,0,RTWB,Real Time
7/16/21,15.59195328,24.48676872,32.44235229,0.234074091,-0.07441809,36,37.6,67.9,10.4,0,17.8,38,7/16/21,0,RTWB,Real Time
7/17/21,15.44625473,25.25391579,32.6064415,0.258096344,-0.119154491,36,37.6,67.9,10.4,0,17.8,38,7/17/21,0,RTWB,Real Time
7/18/21,15.07711315,24.86772728,32.68071365,0.25764774,-0.127397001,36,37.6,67.9,10.4,0,17.8,38,7/18/21,0,RTWB,Real Time
7/19/21,14.84376907,24.69267845,32.742836,0.259181826,-0.123546369,36,37.6,67.9,10.4,0,17.8,38,7/19/21,0,RTWB,Real Time
7/20/21,14.51938629,23.99892426,32.78243637,0.249461525,-0.063262172,36,37.6,67.9,10.4,0,17.8,38,7/20/21,0,RTWB,Real Time
7/21/21,14.48859406,24.18983269,32.80868912,0.255295753,-0.051736314,36,37.6,67.9,10.4,0,17.8,38,7/21/21,0,RTWB,Real Time
7/22/21,14.5031271,24.14240456,32.73265457,0.253665196,-0.064241551,36,37.6,67.9,10.4,0,17.8,38,7/22/21,0,RTWB,Real Time
7/23/21,15.4967165,24.2920475,32.63040161,0.231456079,-0.076046892,36,37.6,67.9,10.4,0,17.8,38,7/23/21,0,RTWB,Real Time
7/24/21,15.53318787,24.6140213,32.60074234,0.238969301,-0.069856688,36,37.6,67.9,10.4,0,17.8,38,7/24/21,0,RTWB,Real Time
7/25/21,15.50579739,24.26298523,32.22001266,0.230452312,-0.035151638,36,37.6,67.9,10.4,0,17.8,38,7/25/21,0,RTWB,Real Time
7/26/21,14.15134335,23.75556755,31.61282921,0.252742742,-0.061575279,36,37.6,67.9,10.4,0,17.8,38,7/26/21,0,RTWB,Real Time
7/27/21,13.90529346,24.25229645,31.87413025,0.272289552,-0.002921288,36,37.6,67.9,10.4,0,17.8,38,7/27/21,0,RTWB,Real Time
7/28/21,13.84259796,24.50515938,32.05462265,0.280593721,0.00771088,36,37.6,67.9,10.4,0,17.8,38,7/28/21,0,RTWB,Real Time
7/29/21,12.76145077,24.90124512,32.1962738,0.319468272,0.018791104,36,37.6,67.9,10.4,0,17.8,38,7/29/21,0,RTWB,Real Time
7/30/21,12.11477947,24.35669899,32.50684738,0.322155777,0.000107855,36,37.6,67.9,10.4,0,17.8,38,7/30/21,0,RTWB,Real Time
7/31/21,11.94647503,24.49365044,32.52458954,0.330188827,-0.028714387,36,37.6,67.9,10.4,0,17.8,38,7/31/21,0,RTWB,Real Time
8/1/21,11.62469196,23.7298584,32.52749634,0.318557011,-0.054943677,36,37.6,67.9,10.4,0,17.8,38,8/1/21,0,RTWB,Real Time
8/2/21,11.26854038,23.51764679,32.50150299,0.322344905,-0.056402121,36,37.6,67.9,10.4,0,17.8,38,8/2/21,0,RTWB,Real Time
8/3/21,11.29327869,23.88845825,32.46579742,0.331452094,-0.117482483,36,37.6,67.9,10.4,0,17.8,38,8/3/21,0,RTWB,Real Time
8/4/21,11.6077776,23.4201889,32.62519455,0.310852929,-0.111033954,36,37.6,67.9,10.4,0,17.8,38,8/4/21,0,RTWB,Real Time
8/5/21,12.51282978,23.17124748,32.53383255,0.280484676,-0.052688677,36,37.6,67.9,10.4,0,17.8,38,8/5/21,0,RTWB,Real Time
8/6/21,13.05205631,23.45757294,32.48193741,0.273829385,-0.14020817,36,37.6,67.9,10.4,0,17.8,38,8/6/21,0,RTWB,Real Time
8/7/21,13.51998043,23.8596344,32.36799622,0.272096157,-0.08086548,36,37.6,67.9,10.4,0,17.8,38,8/7/21,0,RTWB,Real Time
8/8/21,13.0816412,23.28993225,32.27856827,0.268639238,-0.080882385,36,37.6,67.9,10.4,0,17.8,38,8/8/21,0,RTWB,Real Time
8/9/21,13.48925495,22.84168243,32.09589005,0.246116513,-0.093808353,36,37.6,67.9,10.4,0,17.8,38,8/9/21,0,RTWB,Real Time
8/10/21,13.53192616,24.20201111,32.02086258,0.280791709,-0.080732234,36,37.6,67.9,10.4,0,17.8,38,8/10/21,0,RTWB,Real Time
8/11/21,13.20376301,24.56534576,31.0665226,0.29898902,-0.053803355,36,37.6,67.9,10.4,0,17.8,38,8/11/21,0,RTWB,Real Time
8/12/21,12.75783825,25.04221535,31.02038574,0.323273082,-0.081394084,36,37.6,67.9,10.4,0,17.8,38,8/12/21,0,RTWB,Real Time
8/13/21,14.20184326,25.40598488,31.36372375,0.294845832,-0.049827516,36,37.6,67.9,10.4,0,17.8,38,8/13/21,0,RTWB,Real Time
8/14/21,14.18144321,25.60917091,31.5326252,0.300729676,-0.014833011,36,37.6,67.9,10.4,0,17.8,38,8/14/21,0,RTWB,Real Time
8/15/21,14.09272289,25.76947784,31.55150414,0.307283025,0.004391434,36,37.6,67.9,10.4,0,17.8,38,8/15/21,0,RTWB,Real Time
8/16/21,14.90376759,25.82065582,31.56733704,0.287286533,-0.009608316,36,37.6,67.9,10.4,0,17.8,38,8/16/21,0,RTWB,Real Time
8/17/21,14.83766651,25.76712036,31.5941906,0.287617207,-0.012422092,36,37.6,67.9,10.4,0,17.8,38,8/17/21,0,RTWB,Real Time
8/18/21,14.29603481,26.10484314,31.58203888,0.310758114,0.001148466,36,37.6,67.9,10.4,0,17.8,38,8/18/21,0,RTWB,Real Time
8/19/21,14.59033108,26.33087349,31.77781868,0.308961642,-0.054874022,36,37.6,67.9,10.4,0,17.8,38,8/19/21,0,RTWB,Real Time
8/20/21,13.96060944,26.32744026,31.74291229,0.325442916,-0.027052775,36,37.6,67.9,10.4,0,17.8,38,8/20/21,0,RTWB,Real Time
8/21/21,13.76808453,26.14127541,31.7720089,0.325610286,0.002751241,36,37.6,67.9,10.4,0,17.8,38,8/21/21,0,RTWB,Real Time
8/22/21,13.2321167,25.89883232,31.66310883,0.333334622,0.042717036,36,37.6,67.9,10.4,0,17.8,38,8/22/21,0,RTWB,Real Time
8/23/21,13.14416599,25.76402855,31.53700829,0.332101646,0.009087451,36,37.6,67.9,10.4,0,17.8,38,8/23/21,0,RTWB,Real Time
8/24/21,12.71525669,25.77733803,31.49168205,0.343738983,0.031956773,36,37.6,67.9,10.4,0,17.8,38,8/24/21,0,RTWB,Real Time
8/25/21,13.87852383,26.85986519,31.53072929,0.341614246,-0.044892605,36,37.6,67.9,10.4,0,17.8,38,8/25/21,0,RTWB,Real Time
8/26/21,13.73254681,27.23835945,31.47424316,0.355416122,0.008042597,36,37.6,67.9,10.4,0,17.8,38,8/26/21,0,RTWB,Real Time
8/27/21,13.38139725,27.4348526,31.45479393,0.369827772,0.029066876,36,37.6,67.9,10.4,0,17.8,38,8/27/21,0,RTWB,Real Time
8/28/21,14.0185051,27.19721031,31.39741516,0.346808032,0.01302579,36,37.6,67.9,10.4,0,17.8,38,8/28/21,0,RTWB,Real Time
8/29/21,14.48665237,27.17040253,31.34247398,0.333782899,0.123757817,36,37.6,67.9,10.4,0,17.8,38,8/29/21,0,RTWB,Real Time
8/30/21,14.4584837,27.17672157,31.22374725,0.33469047,0.113551758,36,37.6,67.9,10.4,0,17.8,38,8/30/21,0,RTWB,Real Time
8/31/21,14.36876392,27.33639717,31.1180954,0.341253507,0.037940342,36,37.6,67.9,10.4,0,17.8,38,8/31/21,0,RTWB,Real Time
9/1/21,13.98076725,27.31944275,31.0398922,0.351017776,0.117332868,36,37.6,67.9,10.4,0,17.8,38,9/1/21,0,RTWB,Real Time
9/2/21,14.03342533,25.2077198,31.37303352,0.294060381,0.11864499,36,37.6,67.9,10.4,0,17.8,38,9/2/21,0,RTWB,Real Time
9/3/21,15.31383419,23.24162483,31.49552155,0.20862607,0.042858392,36,37.6,67.9,10.4,0,17.8,38,9/3/21,0,RTWB,Real Time
9/4/21,15.29432392,23.40249062,31.49886894,0.213372808,0.007237683,36,37.6,67.9,10.4,0,17.8,38,9/4/21,0,RTWB,Real Time
9/5/21,14.55623341,23.27614021,31.50631905,0.229471232,0.032751765,36,37.6,67.9,10.4,0,17.8,38,9/5/21,0,RTWB,Real Time
9/6/21,13.34654331,23.63370705,31.51706696,0.270714835,0.022957617,36,37.6,67.9,10.4,0,17.8,38,9/6/21,0,RTWB,Real Time
9/7/21,12.87020779,23.86042595,31.51029015,0.289216267,0.021965483,36,37.6,67.9,10.4,0,17.8,38,9/7/21,0,RTWB,Real Time
9/8/21,12.72439671,24.29419708,31.44261932,0.304468431,0.07072366,36,37.6,67.9,10.4,0,17.8,38,9/8/21,0,RTWB,Real Time
9/9/21,12.82573986,24.0535183,31.60218811,0.295467854,0.126440138,36,37.6,67.9,10.4,0,17.8,38,9/9/21,0,RTWB,Real Time
9/10/21,12.96114731,23.23838043,31.66667938,0.270453503,0.043133855,36,37.6,67.9,10.4,0,17.8,38,9/10/21,0,RTWB,Real Time
9/11/21,13.08378601,22.86264992,31.6530838,0.257338524,-0.073639445,36,37.6,67.9,10.4,0,17.8,38,9/11/21,0,RTWB,Real Time
9/12/21,12.39687443,23.04131126,31.60362816,0.280116759,-0.133949995,36,37.6,67.9,10.4,0,17.8,38,9/12/21,0,RTWB,Real Time
9/13/21,11.03537655,23.62007332,31.61944771,0.331176231,-0.140856117,36,37.6,67.9,10.4,0,17.8,38,9/13/21,0,RTWB,Real Time
9/14/21,10.83370876,23.96482849,31.63401222,0.345555782,-0.033589482,36,37.6,67.9,10.4,0,17.8,38,9/14/21,0,RTWB,Real Time
9/15/21,12.9447279,24.000597,31.75930214,0.290943924,-0.009179388,36,37.6,67.9,10.4,0,17.8,38,9/15/21,0,RTWB,Real Time
9/16/21,12.55577755,24.07814598,31.82244682,0.303220222,-0.050733846,36,37.6,67.9,10.4,0,17.8,38,9/16/21,0,RTWB,Real Time
9/17/21,12.62202168,24.07595253,31.81604767,0.301419233,0.035256557,36,37.6,67.9,10.4,0,17.8,38,9/17/21,0,RTWB,Real Time
9/18/21,14.59947109,23.67232704,31.70548058,0.238759367,0.045509953,36,37.6,67.9,10.4,0,17.8,38,9/18/21,0,RTWB,Real Time
9/19/21,15.71893215,23.63152313,31.49298286,0.208226078,-0.042658281,36,37.6,67.9,10.4,0,17.8,38,9/19/21,0,RTWB,Real Time
9/20/21,16.44521141,23.49994469,31.30797386,0.185650876,-0.021518881,36,37.6,67.9,10.4,0,17.8,38,9/20/21,0,RTWB,Real Time
9/21/21,17.9968853,23.4338131,31.32698059,0.143077047,-0.013209559,36,37.6,67.9,10.4,0,17.8,38,9/21/21,0,RTWB,Real Time
9/22/21,17.74962807,23.62151909,31.33347511,0.154523448,0.045220558,36,37.6,67.9,10.4,0,17.8,38,9/22/21,0,RTWB,Real Time
9/23/21,17.18376541,23.60949707,31.2924118,0.169098202,0.113050103,36,37.6,67.9,10.4,0,17.8,38,9/23/21,0,RTWB,Real Time
9/24/21,18.23245811,23.36353111,31.28851128,0.135028237,0.102738731,36,37.6,67.9,10.4,0,17.8,38,9/24/21,0,RTWB,Real Time
9/25/21,18.32287025,23.02941895,31.44709206,0.123856544,0.095577382,36,37.6,67.9,10.4,0,17.8,38,9/25/21,0,RTWB,Real Time
9/26/21,18.23973274,22.79252625,31.46551323,0.119810355,0.041705724,36,37.6,67.9,10.4,0,17.8,38,9/26/21,0,RTWB,Real Time
9/27/21,17.07428169,22.83805275,31.50003815,0.151678186,-0.070592836,36,37.6,67.9,10.4,0,17.8,38,9/27/21,0,RTWB,Real Time
9/28/21,16.09437752,22.73068237,31.4640522,0.174639601,-0.114552826,36,37.6,67.9,10.4,0,17.8,38,9/28/21,0,RTWB,Real Time
9/29/21,15.31268024,22.67815971,31.52412605,0.193828407,-0.014041223,36,37.6,67.9,10.4,0,17.8,38,9/29/21,1,RTWB,Real Time
9/30/21,16.34322166,22.18747711,31.62387657,0.153796196,0.011584398,36,37.6,67.9,10.4,0,17.8,38,9/30/21,0,RTWB,Real Time
10/1/21,16.60308647,21.96093941,31.58175468,0.14099613,-0.028593129,36,37.6,67.9,10.4,0,17.8,38,10/1/21,0,RTWB,Real Time
10/2/21,16.42385483,21.84996796,31.59034157,0.142792451,-0.051053166,36,37.6,67.9,10.4,0,17.8,38,10/2/21,0,RTWB,Real Time
10/3/21,15.01745129,22.141119,31.53765106,0.18746494,-0.090671897,36,37.6,67.9,10.4,0,17.8,38,10/3/21,0,RTWB,Real Time
10/4/21,14.20533752,22.27278137,31.04752159,0.212301154,-0.077542193,36,37.6,67.9,10.4,0,17.8,38,10/4/21,0,RTWB,Real Time
10/5/21,14.28570557,22.47999001,30.73571587,0.215639064,-0.006187787,36,37.6,67.9,10.4,0,17.8,38,10/5/21,0,RTWB,Real Time
10/6/21,15.83615971,22.28968811,30.68260193,0.169829695,-0.039397486,36,37.6,67.9,10.4,0,17.8,38,10/6/21,0,RTWB,Real Time
10/7/21,16.41563606,22.01733398,30.9118576,0.147413103,-0.007492295,36,37.6,67.9,10.4,0,17.8,38,10/7/21,0,RTWB,Real Time
10/8/21,16.16654778,22.00178528,31.0200634,0.153558882,0.022645852,36,37.6,67.9,10.4,0,17.8,38,10/8/21,0,RTWB,Real Time
10/9/21,17.15341377,21.63181305,31.25961113,0.117852613,0.122738063,36,37.6,67.9,10.4,0,17.8,38,10/9/21,0,RTWB,Real Time
10/10/21,18.48066902,21.44230843,31.54257011,0.077937879,0.294814676,36,37.6,67.9,10.4,0,17.8,38,10/10/21,0,RTWB,Real Time
10/11/21,20.21565437,21.21192741,31.83912849,0.026217712,0.327941298,36,37.6,67.9,10.4,0,17.8,38,10/11/21,0,RTWB,Real Time
10/12/21,20.46610451,21.26427078,32.24962234,0.021004376,0.249483064,36,37.6,67.9,10.4,0,17.8,38,10/12/21,0,RTWB,Real Time
10/13/21,20.90383339,21.11726189,32.36196899,0.005616539,0.15635483,36,37.6,67.9,10.4,0,17.8,38,10/13/21,0,RTWB,Real Time
10/14/21,20.56828499,21.20620155,32.20495987,0.016787278,0.079476222,36,37.6,67.9,10.4,0,17.8,38,10/14/21,0,RTWB,Real Time
10/15/21,20.35471153,21.80789757,32.13915634,0.038241738,0.067528732,36,37.6,67.9,10.4,0,17.8,38,10/15/21,0,RTWB,Real Time
10/16/21,20.23228264,21.70991325,31.94864082,0.038885016,0.09443038,36,37.6,67.9,10.4,0,17.8,38,10/16/21,0,RTWB,Real Time
10/17/21,19.98075294,21.17436028,31.97139549,0.031410719,0.073712118,36,37.6,67.9,10.4,0,17.8,38,10/17/21,0,RTWB,Real Time
10/18/21,18.8264389,20.75772285,32.30540085,0.050823262,-0.006525194,36,37.6,67.9,10.4,0,17.8,38,10/18/21,0,RTWB,Real Time
10/19/21,18.22281075,20.33862877,32.3649292,0.055679422,-0.014271826,36,37.6,67.9,10.4,0,17.8,38,10/19/21,0,RTWB,Real Time
10/20/21,17.72797203,20.22862816,32.11388779,0.06580674,-0.082685262,36,37.6,67.9,10.4,0,17.8,38,10/20/21,0,RTWB,Real Time
10/21/21,17.58208466,20.201828,31.74220467,0.068940614,-0.014813661,36,37.6,67.9,10.4,0,17.8,38,10/21/21,0,RTWB,Real Time
10/22/21,16.76564217,20.37696648,31.56868935,0.09503485,-0.013009045,36,37.6,67.9,10.4,0,17.8,38,10/22/21,0,RTWB,Real Time
10/23/21,15.46649647,20.1657753,31.80280495,0.123665232,0.048944566,36,37.6,67.9,10.4,0,17.8,38,10/23/21,0,RTWB,Real Time
10/24/21,16.20182991,20.07999611,32.05551529,0.102057005,-0.062338319,36,37.6,67.9,10.4,0,17.8,38,10/24/21,0,RTWB,Real Time
10/25/21,16.33590508,20.16483116,31.97067833,0.100761213,0.005452535,36,37.6,67.9,10.4,0,17.8,38,10/25/21,0,RTWB,Real Time
10/26/21,15.80134583,20.16581726,31.94766808,0.114854511,0.198235735,36,37.6,67.9,10.4,0,17.8,38,10/26/21,0,RTWB,Real Time
10/27/21,16.91940689,19.26652718,32.29130936,0.061766323,0.333285749,36,37.6,67.9,10.4,0,17.8,38,10/27/21,0,RTWB,Real Time
10/28/21,18.72626305,18.88481522,32.39235687,0.004172426,0.415336996,36,37.6,67.9,10.4,0,17.8,38,10/28/21,0,RTWB,Real Time
10/29/21,19.04013634,18.88435364,32.68906021,-0.004099545,0.499567777,36,37.6,67.9,10.4,0,17.8,38,10/29/21,0,RTWB,Real Time
10/30/21,19.2913475,19.23068428,32.85981369,-0.001596401,0.406958491,36,37.6,67.9,10.4,0,17.8,38,10/30/21,0,RTWB,Real Time
10/31/21,19.20510864,19.01862144,32.51914978,-0.004907558,0.266752183,36,37.6,67.9,10.4,0,17.8,38,10/31/21,0,RTWB,Real Time
11/1/21,19.22021866,18.78487206,32.38731766,-0.01145649,0.053757336,36,37.6,67.9,10.4,0,17.8,38,11/1/21,0,RTWB,Real Time
11/2/21,19.04861832,19.00854683,32.61629105,-0.001054513,-0.03433742,36,37.6,67.9,10.4,0,17.8,38,11/2/21,0,RTWB,Real Time
11/3/21,18.99853134,18.80681229,32.7592926,-0.005045238,-0.057352975,36,37.6,67.9,10.4,0,17.8,38,11/3/21,0,RTWB,Real Time
11/4/21,18.97341919,18.60126495,32.85104752,-0.009793533,-0.031690057,36,37.6,67.9,10.4,0,17.8,38,11/4/21,0,RTWB,Real Time
11/5/21,18.46521187,18.23651123,33.03524017,-0.006018438,-0.022569602,36,37.6,67.9,10.4,0,17.8,38,11/5/21,0,RTWB,Real Time
11/6/21,17.87604523,17.84281731,32.99369049,-0.000874419,0.033672564,36,37.6,67.9,10.4,0,17.8,38,11/6/21,0,RTWB,Real Time
11/7/21,17.58819199,17.56430817,33.0487709,-0.000628522,0.092715681,36,37.6,67.9,10.4,0,17.8,38,11/7/21,0,RTWB,Real Time
11/8/21,17.24220657,17.28199577,33.13624573,0.001047084,0.136892274,36,37.6,67.9,10.4,0,17.8,38,11/8/21,0,RTWB,Real Time
11/9/21,17.05244827,17.08327293,33.01589584,0.000811175,0.032004029,36,37.6,67.9,10.4,0,17.8,38,11/9/21,0,RTWB,Real Time
11/10/21,17.14915276,17.05926895,32.95170212,-0.002365363,-0.002403329,36,37.6,67.9,10.4,0,17.8,38,11/10/21,0,RTWB,Real Time
11/11/21,17.14081192,17.0293808,33.06813049,-0.002932398,-0.01149147,36,37.6,67.9,10.4,0,17.8,38,11/11/21,1,RTWB,Real Time
11/12/21,17.14637184,17.09069252,33.02474213,-0.001465245,0.145469934,36,37.6,67.9,10.4,0,17.8,38,11/12/21,0,RTWB,Real Time
11/13/21,17.14817238,16.98298454,32.9211235,-0.004347048,0.178354159,36,37.6,67.9,10.4,0,17.8,38,11/13/21,0,RTWB,Real Time
11/14/21,16.19718742,17.0531559,32.90881729,0.022525486,-0.043982431,36,37.6,67.9,10.4,0,17.8,38,11/14/21,0,RTWB,Real Time
11/15/21,16.11313057,16.75907707,32.91347122,0.016998592,-0.081853494,36,37.6,67.9,10.4,0,17.8,38,11/15/21,0,RTWB,Real Time
11/16/21,16.24048042,16.30867195,33.04879379,0.001794514,-0.186816081,36,37.6,67.9,10.4,0,17.8,38,11/16/21,0,RTWB,Real Time
11/17/21,16.06497192,16.17688179,33.18255997,0.002944996,-0.215447783,36,37.6,67.9,10.4,0,17.8,38,11/17/21,0,RTWB,Real Time
11/18/21,15.98752689,15.88728809,32.82426834,-0.002637863,-0.125657871,36,37.6,67.9,10.4,0,17.8,38,11/18/21,0,RTWB,Real Time
11/19/21,15.8426466,15.64525604,32.65825653,-0.005194488,-0.185158357,36,37.6,67.9,10.4,0,17.8,38,11/19/21,0,RTWB,Real Time
11/20/21,15.74862194,15.54014492,32.95872879,-0.005486237,-0.238269731,36,37.6,67.9,10.4,0,17.8,38,11/20/21,0,RTWB,Real Time
11/21/21,15.71690845,15.41731167,32.97854233,-0.007884126,-0.09054625,36,37.6,67.9,10.4,0,17.8,38,11/21/21,0,RTWB,Real Time
11/22/21,15.73644257,15.37531757,32.98991394,-0.009503289,0.06364093,36,37.6,67.9,10.4,0,17.8,38,11/22/21,0,RTWB,Real Time
11/23/21,15.92021561,15.42883587,33.14383698,-0.012931046,-0.010044861,36,37.6,67.9,10.4,0,17.8,38,11/23/21,0,RTWB,Real Time
11/24/21,15.53615093,15.01796341,33.21026611,-0.013636514,-0.035487145,36,37.6,67.9,10.4,0,17.8,38,11/24/21,0,RTWB,Real Time
11/25/21,15.1699295,14.81770706,33.24677277,-0.009269012,-0.030909235,36,37.6,67.9,10.4,0,17.8,38,11/25/21,0,RTWB,Real Time
11/26/21,14.83590412,14.93185043,33.35274887,0.002524903,-0.040790845,36,37.6,67.9,10.4,0,17.8,38,11/26/21,0,RTWB,Real Time
11/27/21,14.89265919,14.36048126,33.39804459,-0.014004682,-0.193191245,36,37.6,67.9,10.4,0,17.8,38,11/27/21,0,RTWB,Real Time
11/28/21,14.86007595,13.63115978,32.98924255,-0.032339899,-0.140200511,36,37.6,67.9,10.4,0,17.8,38,11/28/21,0,RTWB,Real Time
11/29/21,14.87514973,13.74714947,33.11036682,-0.029684217,-0.112228639,36,37.6,67.9,10.4,0,17.8,38,11/29/21,0,RTWB,Real Time
11/30/21,14.85058594,13.63537121,33.33712006,-0.031979335,-0.189075634,36,37.6,67.9,10.4,0,17.8,38,11/30/21,0,RTWB,Real Time
12/1/21,14.92696381,13.22622299,33.13340378,-0.044756337,-0.273416609,36,37.6,67.9,10.4,0,17.8,38,12/1/21,0,RTWB,Real Time
12/2/21,14.65361786,13.25307465,32.74102402,-0.0368564,-0.154958889,36,37.6,67.9,10.4,0,17.8,38,12/2/21,0,RTWB,Real Time
12/3/21,14.8085289,12.99689579,32.54785919,-0.047674556,-0.257639199,36,37.6,67.9,10.4,0,17.8,38,12/3/21,0,RTWB,Real Time
12/4/21,14.89099121,12.96868515,32.69316864,-0.050587002,-0.26622203,36,37.6,67.9,10.4,0,17.8,38,12/4/21,0,RTWB,Real Time
12/5/21,14.7744627,13.56008053,32.68864822,-0.031957426,-0.29304561,36,37.6,67.9,10.4,0,17.8,38,12/5/21,1,RTWB,Real Time
12/6/21,14.6860199,13.41893673,32.67257309,-0.033344294,-0.107359983,36,37.6,67.9,10.4,0,17.8,38,12/6/21,1,RTWB,Real Time
12/7/21,14.73228836,13.08492184,32.54850388,-0.043351751,-0.235315323,36,37.6,67.9,10.4,0,17.8,38,12/7/21,0,RTWB,Real Time
12/8/21,14.88460541,13.29700947,32.73620605,-0.041778841,-0.192419186,36,37.6,67.9,10.4,0,17.8,38,12/8/21,0,RTWB,Real Time
12/9/21,14.86947155,13.08787918,32.83569717,-0.04688401,-0.209177658,36,37.6,67.9,10.4,0,17.8,38,12/9/21,1,RTWB,Real Time
12/10/21,14.67814255,12.72682667,32.79100418,-0.051350418,-0.132532775,36,37.6,67.9,10.4,0,17.8,38,12/10/21,0,RTWB,Real Time
12/11/21,13.87242508,12.4869318,32.78871155,-0.036460349,-0.16659306,36,37.6,67.9,10.4,0,17.8,38,12/11/21,1,RTWB,Real Time
12/12/21,14.04308796,12.61233807,32.93497467,-0.037651313,-0.415675402,36,37.6,67.9,10.4,0,17.8,38,12/12/21,0,RTWB,Real Time
12/13/21,14.16373158,12.67400455,33.13554764,-0.039203343,-0.491124243,36,37.6,67.9,10.4,0,17.8,38,12/13/21,0,RTWB,Real Time
12/14/21,13.95394039,12.99022675,33.227314,-0.025360885,-0.519302726,36,37.6,67.9,10.4,0,17.8,38,12/14/21,0,RTWB,Real Time
12/15/21,13.81933212,12.87887287,33.28848648,-0.024748928,-0.315890938,36,37.6,67.9,10.4,0,17.8,38,12/15/21,0,RTWB,Real Time
12/16/21,13.5600214,12.65373611,33.22420883,-0.023849613,-0.267303109,36,37.6,67.9,10.4,0,17.8,38,12/16/21,0,RTWB,Real Time
12/17/21,14.11744213,13.22548771,33.19125748,-0.023472485,-0.320072353,36,37.6,67.9,10.4,0,17.8,38,12/17/21,0,RTWB,Real Time
12/18/21,14.28075504,13.35711288,33.27283096,-0.024306373,-0.241476819,36,37.6,67.9,10.4,0,17.8,38,12/18/21,1,RTWB,Real Time
12/19/21,14.19365692,13.27273178,33.2674675,-0.024234872,-0.140090451,36,37.6,67.9,10.4,0,17.8,38,12/19/21,0,RTWB,Real Time
12/20/21,13.55376816,11.91188717,33.29481125,-0.043207394,-0.09710478,36,37.6,67.9,10.4,0,17.8,38,12/20/21,1,RTWB,Real Time
12/21/21,13.24563217,11.62898636,33.14819717,-0.042543311,-0.029097511,36,37.6,67.9,10.4,0,17.8,38,12/21/21,1,RTWB,Real Time
12/22/21,13.434062,11.91372681,33.3696022,-0.040008821,0.020276284,36,37.6,67.9,10.4,0,17.8,38,12/22/21,1,RTWB,Real Time
12/23/21,13.32450199,12.42388153,33.35770416,-0.023700538,-0.118119508,36,37.6,67.9,10.4,0,17.8,38,12/23/21,1,RTWB,Real Time
12/24/21,12.36964798,12.17768478,33.33184433,-0.005051663,-0.054628119,36,37.6,67.9,10.4,0,17.8,38,12/24/21,1,RTWB,Real Time
12/25/21,12.76996708,12.10677624,33.28216553,-0.017452391,-0.009062241,36,37.6,67.9,10.4,0,17.8,38,12/25/21,1,RTWB,Real Time
12/26/21,13.03214264,12.10439682,32.96531677,-0.024414364,-0.105840862,36,37.6,67.9,10.4,0,17.8,38,12/26/21,1,RTWB,Real Time
12/27/21,12.98711014,12.15302753,33.33050156,-0.021949542,-0.012085803,36,37.6,67.9,10.4,0,17.8,38,12/27/21,0,RTWB,Real Time
12/28/21,12.93016052,12.0919981,33.39681625,-0.022056906,0.086102508,36,37.6,67.9,10.4,0,17.8,38,12/28/21,0,RTWB,Real Time
12/29/21,12.05674076,11.75338364,33.58124924,-0.007983082,0.047095153,36,37.6,67.9,10.4,0,17.8,38,12/29/21,0,RTWB,Real Time
12/30/21,12.02451229,11.69141674,33.51708984,-0.008765672,0.042338271,36,37.6,67.9,10.4,0,17.8,38,12/30/21,0,RTWB,Real Time
12/31/21,12.00259686,11.50293827,33.39971161,-0.01314891,0.046555761,36,37.6,67.9,10.4,0,17.8,38,12/31/21,1,RTWB,Real Time
1/1/22,11.59920216,10.74783993,33.17066574,-0.022404269,0.02177567,36,37.6,67.9,10.4,0,17.8,38,1/1/22,1,RTWB,Real Time
1/2/22,11.65067577,10.63630199,32.88671494,-0.026694047,0.022791678,36,37.6,67.9,10.4,0,17.8,38,1/2/22,1,RTWB,Real Time
1/3/22,11.53499317,10.80847073,33.1347847,-0.019119012,0.063356288,36,37.6,67.9,10.4,0,17.8,38,1/3/22,1,RTWB,Real Time
1/4/22,10.58123779,10.53203106,33.33259964,-0.001294914,0.028688168,36,37.6,67.9,10.4,0,17.8,38,1/4/22,1,RTWB,Real Time
1/5/22,10.69398975,10.41457653,33.31586075,-0.00735298,0.028709082,36,37.6,67.9,10.4,0,17.8,38,1/5/22,1,RTWB,Real Time
1/6/22,10.81772137,10.2865715,33.14966202,-0.013977628,-0.068689726,36,37.6,67.9,10.4,0,17.8,38,1/6/22,1,RTWB,Real Time
1/7/22,10.82903576,10.23897839,33.37736511,-0.015527826,-0.042193025,36,37.6,67.9,10.4,0,17.8,38,1/7/22,0,RTWB,Real Time
1/8/22,10.22855663,10.16717529,33.49129105,-0.001615298,-0.223810792,36,37.6,67.9,10.4,0,17.8,38,1/8/22,1,RTWB,Real Time
1/9/22,10.17906189,10.01084805,33.4942894,-0.00442668,-0.22548151,36,37.6,67.9,10.4,0,17.8,38,1/9/22,1,RTWB,Real Time
1/10/22,10.32174206,9.60804081,33.10029221,-0.018781612,-0.310775429,36,37.6,67.9,10.4,0,17.8,38,1/10/22,0,RTWB,Real Time
1/11/22,9.946291924,9.602560997,33.3588295,-0.009045551,-0.366063356,36,37.6,67.9,10.4,0,17.8,38,1/11/22,1,RTWB,Real Time
1/12/22,9.594853401,9.553177834,33.49435806,-0.001096725,-0.199813485,36,37.6,67.9,10.4,0,17.8,38,1/12/22,1,RTWB,Real Time
1/13/22,9.63540554,9.197781563,33.37994003,-0.01151642,-0.173570335,36,37.6,67.9,10.4,0,17.8,38,1/13/22,0,RTWB,Real Time
1/14/22,9.710014343,9.308327675,33.47232437,-0.010570702,0.047946334,36,37.6,67.9,10.4,0,17.8,38,1/14/22,0,RTWB,Real Time
1/15/22,9.246771812,9.205508232,33.46382141,-0.001085884,0.077741362,36,37.6,67.9,10.4,0,17.8,38,1/15/22,0,RTWB,Real Time
1/16/22,9.770634651,9.82575798,33.72947311,0.001450614,0.014716255,36,37.6,67.9,10.4,0,17.8,38,1/16/22,0,RTWB,Real Time
1/17/22,9.706759453,9.68140316,33.65798187,-0.000667271,0.114754818,36,37.6,67.9,10.4,0,17.8,38,1/17/22,0,RTWB,Real Time
1/18/22,9.131459236,9.036705017,33.52448654,-0.002493532,-0.31755656,36,37.6,67.9,10.4,0,17.8,38,1/18/22,0,RTWB,Real Time
1/19/22,9.015065193,8.810746193,33.4913063,-0.005376816,-0.362937331,36,37.6,67.9,10.4,0,17.8,38,1/19/22,0,RTWB,Real Time
1/20/22,9.192339897,8.254385948,33.20437241,-0.024682999,-0.256417304,36,37.6,67.9,10.4,0,17.8,38,1/20/22,0,RTWB,Real Time
1/21/22,8.958724022,8.566363335,33.47014236,-0.010325281,-0.115964621,36,37.6,67.9,10.4,0,17.8,38,1/21/22,0,RTWB,Real Time
1/22/22,8.51173687,8.487008095,33.5872879,-0.000650757,-0.026347106,36,37.6,67.9,10.4,0,17.8,38,1/22/22,0,RTWB,Real Time
1/23/22,8.750787735,8.565537453,33.60322571,-0.004875007,-0.08305978,36,37.6,67.9,10.4,0,17.8,38,1/23/22,0,RTWB,Real Time
1/24/22,9.025797844,8.462182999,33.61912918,-0.01483197,-0.089280047,36,37.6,67.9,10.4,0,17.8,38,1/24/22,0,RTWB,Real Time
1/25/22,8.638482094,8.404694557,33.63464355,-0.006152304,-0.103138603,36,37.6,67.9,10.4,0,17.8,38,1/25/22,0,RTWB,Real Time
1/26/22,8.64689827,8.530356407,33.77158356,-0.003066891,-0.14477165,36,37.6,67.9,10.4,0,17.8,38,1/26/22,0,RTWB,Real Time
1/27/22,8.569822311,8.535487175,33.86497879,-0.000903556,-0.213282481,36,37.6,67.9,10.4,0,17.8,38,1/27/22,0,RTWB,Real Time
1/28/22,7.507453442,8.641892433,33.83327866,0.029853658,-0.141828954,36,37.6,67.9,10.4,0,17.8,38,1/28/22,0,RTWB,Real Time
1/29/22,7.613378525,7.898582935,33.84589767,0.007505379,0.114557095,36,37.6,67.9,10.4,0,17.8,38,1/29/22,0,RTWB,Real Time
1/31/22,7.209848404,7.158330441,33.68862915,-0.001355736,-0.28731069,36,37.6,67.9,10.4,0,17.8,38,1/31/22,0,RTWB,Real Time
2/1/22,7.206197739,7.196590424,33.73661423,-0.000252824,-0.22113955,36,37.6,67.9,10.4,0,17.8,38,2/1/22,0,RTWB,Real Time
2/2/22,6.902567387,6.900396347,33.55278778,-5.71326E-05,-0.205472469,36,37.6,67.9,10.4,0,17.8,38,2/2/22,0,RTWB,Real Time
2/3/22,6.777421474,6.639224529,33.43621445,-0.003636762,-0.258395344,36,37.6,67.9,10.4,0,17.8,38,2/3/22,0,RTWB,Real Time
2/4/22,7.067908764,6.652450562,33.39579773,-0.010933111,-0.217838839,36,37.6,67.9,10.4,0,17.8,38,2/4/22,0,RTWB,Real Time
2/5/22,7.215956211,6.721223831,33.41369247,-0.013019273,-0.302491665,36,37.6,67.9,10.4,0,17.8,38,2/5/22,0,RTWB,Real Time
2/6/22,6.731174469,6.601421833,33.56142044,-0.003414543,-0.305321127,36,37.6,67.9,10.4,0,17.8,38,2/6/22,0,RTWB,Real Time
2/7/22,6.612336636,6.607339382,33.53149796,-0.000131507,-0.14470686,36,37.6,67.9,10.4,0,17.8,38,2/7/22,0,RTWB,Real Time
2/8/22,6.811318874,6.817811489,33.54109573,0.000170858,-0.086900823,36,37.6,67.9,10.4,0,17.8,38,2/8/22,0,RTWB,Real Time
2/9/22,6.799585342,6.645012379,33.28088379,-0.00406771,-0.263991147,36,37.6,67.9,10.4,0,17.8,38,2/9/22,1,RTWB,Real Time
2/10/22,6.92962265,6.498725891,33.17995834,-0.011339388,-0.215893492,36,37.6,67.9,10.4,0,17.8,38,2/10/22,0,RTWB,Real Time
2/11/22,7.103934765,6.224065781,32.92972946,-0.023154447,-0.220899299,36,37.6,67.9,10.4,0,17.8,38,2/11/22,0,RTWB,Real Time
2/12/22,6.869720459,6.406538486,32.7731781,-0.012188999,-0.202790335,36,37.6,67.9,10.4,0,17.8,38,2/12/22,0,RTWB,Real Time
2/13/22,7.010258198,6.70831728,32.96370316,-0.007945814,-0.226410314,36,37.6,67.9,10.4,0,17.8,38,2/13/22,0,RTWB,Real Time
2/14/22,6.766222477,6.925126553,33.29145432,0.004181686,-0.240607038,36,37.6,67.9,10.4,0,17.8,38,2/14/22,1,RTWB,Real Time
2/15/22,6.616717815,6.677014828,33.38007355,0.001586763,-0.392783672,36,37.6,67.9,10.4,0,17.8,38,2/15/22,0,RTWB,Real Time
2/16/22,6.659097672,6.664274693,33.42321396,0.000136237,-0.364320874,36,37.6,67.9,10.4,0,17.8,38,2/16/22,0,RTWB,Real Time
2/17/22,6.906572342,6.309734344,33.03168106,-0.015706263,-0.257513583,36,37.6,67.9,10.4,0,17.8,38,2/17/22,0,RTWB,Real Time
2/18/22,7.517183781,6.492878437,32.87935257,-0.026955404,-0.2960563,36,37.6,67.9,10.4,0,17.8,38,2/18/22,0,RTWB,Real Time
2/19/22,7.690884113,7.048774719,33.3966713,-0.016897616,-0.355576754,36,37.6,67.9,10.4,0,17.8,38,2/19/22,0,RTWB,Real Time
2/20/22,7.105918884,6.959754467,33.38011551,-0.003846432,-0.389363438,36,37.6,67.9,10.4,0,17.8,38,2/20/22,0,RTWB,Real Time
2/21/22,6.786249638,6.95328331,33.30881119,0.004395623,-0.34454146,36,37.6,67.9,10.4,0,17.8,38,2/21/22,0,RTWB,Real Time
2/22/22,6.868021488,7.084116459,33.27404022,0.00568671,-0.248410121,36,37.6,67.9,10.4,0,17.8,38,2/22/22,0,RTWB,Real Time
2/23/22,7.08973074,6.702249527,33.04980469,-0.010196874,-0.234422132,36,37.6,67.9,10.4,0,17.8,38,2/23/22,0,RTWB,Real Time
2/24/22,7.430886745,6.695082188,33.18693542,-0.019363278,-0.275057942,36,37.6,67.9,10.4,0,17.8,38,2/24/22,1,RTWB,Real Time
2/25/22,7.200730801,6.879790783,33.29546738,-0.00844579,-0.175117239,36,37.6,67.9,10.4,0,17.8,38,2/25/22,0,RTWB,Real Time
2/26/22,6.947210789,6.7969203,33.20471954,-0.003955013,-0.279877096,36,37.6,67.9,10.4,0,17.8,38,2/26/22,0,RTWB,Real Time
2/27/22,6.91769743,6.939139843,33.21928787,0.000564274,-0.235817134,36,37.6,67.9,10.4,0,17.8,38,2/27/22,0,RTWB,Real Time
2/28/22,7.152345657,6.984874249,33.28730774,-0.004407142,-0.324030697,36,37.6,67.9,10.4,0,17.8,38,2/28/22,0,RTWB,Real Time
3/1/22,7.23401022,7.250341892,33.41200256,0.000429781,-0.173511505,36,37.6,67.9,10.4,0,17.8,38,3/1/22,0,RTWB,Real Time
3/2/22,7.152050495,7.463075161,33.31672287,0.00818486,-0.151407957,36,37.6,67.9,10.4,0,17.8,38,3/2/22,0,RTWB,Real Time
3/3/22,7.321179867,7.6195755,33.31314087,0.007852517,-0.203270316,36,37.6,67.9,10.4,0,17.8,38,3/3/22,0,RTWB,Real Time
3/4/22,7.411718845,7.544101715,33.39816666,0.00348376,-0.247957096,36,37.6,67.9,10.4,0,17.8,38,3/4/22,0,RTWB,Real Time
3/5/22,7.633544445,7.65473938,33.33946609,0.000557761,-0.325983405,36,37.6,67.9,10.4,0,17.8,38,3/5/22,1,RTWB,Real Time
3/6/22,7.787727833,7.636236191,33.12829208,-0.003986622,-0.269400507,36,37.6,67.9,10.4,0,17.8,38,3/6/22,0,RTWB,Real Time
3/7/22,8.144944191,7.344076157,32.16428757,-0.021075475,-0.306791633,36,37.6,67.9,10.4,0,17.8,38,3/7/22,0,RTWB,Real Time
3/8/22,8.41867733,7.741249084,32.43320084,-0.017827059,-0.393800706,36,37.6,67.9,10.4,0,17.8,38,3/8/22,0,RTWB,Real Time
3/9/22,8.613441467,7.969961643,32.58932495,-0.01693368,-0.18749249,36,37.6,67.9,10.4,0,17.8,38,3/9/22,0,RTWB,Real Time
3/10/22,8.470020294,8.029961586,32.65874863,-0.011580492,-0.127709895,36,37.6,67.9,10.4,0,17.8,38,3/10/22,0,RTWB,Real Time
3/11/22,8.044654846,8.523052216,32.68193054,0.012589404,-0.102535807,36,37.6,67.9,10.4,0,17.8,38,3/11/22,0,RTWB,Real Time
3/12/22,8.185074806,8.613310814,32.76314926,0.011269369,-0.008857899,36,37.6,67.9,10.4,0,17.8,38,3/12/22,0,RTWB,Real Time
3/13/22,8.580594063,8.224674225,33.07920456,-0.009366312,-0.462440848,36,37.6,67.9,10.4,0,17.8,38,3/13/22,0,RTWB,Real Time
3/14/22,9.169927597,7.84918642,32.93757248,-0.034756347,-0.533918321,36,37.6,67.9,10.4,0,17.8,38,3/14/22,1,RTWB,Real Time
3/15/22,9.300508499,8.012833595,32.96451569,-0.033886182,-0.353996515,36,37.6,67.9,10.4,0,17.8,38,3/15/22,0,RTWB,Real Time
3/16/22,9.513072968,8.119086266,32.86259079,-0.036683861,-0.209473729,36,37.6,67.9,10.4,0,17.8,38,3/16/22,1,RTWB,Real Time
3/17/22,8.63838768,8.467065811,33.27654266,-0.00450847,-0.08297582,36,37.6,67.9,10.4,0,17.8,38,3/17/22,0,RTWB,Real Time
3/18/22,8.397727966,8.327625275,33.23089218,-0.001844808,-0.205399334,36,37.6,67.9,10.4,0,17.8,38,3/18/22,1,RTWB,Real Time
3/19/22,8.456623077,8.378632545,33.1645546,-0.002052382,-0.101985492,36,37.6,67.9,10.4,0,17.8,38,3/19/22,0,RTWB,Real Time
3/20/22,8.395750999,8.715960503,32.81661987,0.008426566,-0.090514682,36,37.6,67.9,10.4,0,17.8,38,3/20/22,0,RTWB,Real Time
3/21/22,8.512031555,8.97226429,33.01779938,0.012111388,-0.213195249,36,37.6,67.9,10.4,0,17.8,38,3/21/22,0,RTWB,Real Time
3/22/22,8.585843086,9.153092384,33.04568863,0.014927613,-0.213576198,36,37.6,67.9,10.4,0,17.8,38,3/22/22,0,RTWB,Real Time
3/24/22,8.723000526,9.220693588,32.86230469,0.013097186,-0.02257739,36,37.6,67.9,10.4,0,17.8,38,3/24/22,0,RTWB,Real Time
3/25/22,8.436924934,8.976837158,32.18370056,0.014208216,0.063881643,36,37.6,67.9,10.4,0,17.8,38,3/25/22,0,RTWB,Real Time
3/26/22,8.513936043,8.814044952,32.17274094,0.007897603,-0.014852504,36,37.6,67.9,10.4,0,17.8,38,3/26/22,1,RTWB,Real Time
3/27/22,8.671994209,8.549249649,32.32637787,-0.00323012,-0.117459804,36,37.6,67.9,10.4,0,17.8,38,3/27/22,0,RTWB,Real Time
3/28/22,8.849789619,8.282006264,32.63332367,-0.014941667,-0.195667014,36,37.6,67.9,10.4,0,17.8,38,3/28/22,0,RTWB,Real Time
3/29/22,8.860520363,8.083716393,32.81421661,-0.02044221,-0.27788797,36,37.6,67.9,10.4,0,17.8,38,3/29/22,0,RTWB,Real Time
3/30/22,8.875247002,7.984246731,32.88337326,-0.023447376,-0.302235723,36,37.6,67.9,10.4,0,17.8,38,3/30/22,0,RTWB,Real Time
3/31/22,8.948800087,8.096263885,32.81200027,-0.022435163,-0.147002622,36,37.6,67.9,10.4,0,17.8,38,3/31/22,0,RTWB,Real Time
4/1/22,8.561245918,8.408115387,32.58362198,-0.004029751,-0.16208443,36,37.6,67.9,10.4,0,17.8,38,4/1/22,0,RTWB,Real Time
4/2/22,8.77354908,8.568640709,32.66685867,-0.005392326,-0.293142289,36,37.6,67.9,10.4,0,17.8,38,4/2/22,0,RTWB,Real Time
4/3/22,8.968452454,8.856628418,32.73155212,-0.002942738,-0.15399906,36,37.6,67.9,10.4,0,17.8,38,4/3/22,0,RTWB,Real Time
4/4/22,9.133041382,8.848507881,32.71944046,-0.007487724,-0.143851191,36,37.6,67.9,10.4,0,17.8,38,4/4/22,0,RTWB,Real Time
4/5/22,9.12360096,8.932412148,32.69895554,-0.005031285,-0.161477879,36,37.6,67.9,10.4,0,17.8,38,4/5/22,0,RTWB,Real Time
4/6/22,9.087431908,9.208079338,32.49357224,0.003174932,-0.026150336,36,37.6,67.9,10.4,0,17.8,38,4/6/22,0,RTWB,Real Time
4/7/22,8.916584969,8.969433784,32.44641495,0.001390758,0.039076995,36,37.6,67.9,10.4,0,17.8,38,4/7/22,0,RTWB,Real Time
4/8/22,8.662157059,8.775504112,32.31427383,0.002982817,0.050234865,36,37.6,67.9,10.4,0,17.8,38,4/8/22,0,RTWB,Real Time
4/9/22,8.60515213,8.94281292,32.23569107,0.00888581,-0.020389458,36,37.6,67.9,10.4,0,17.8,38,4/9/22,0,RTWB,Real Time
4/10/22,8.64059639,8.744215965,32.28622818,0.002726831,-0.10034737,36,37.6,67.9,10.4,0,17.8,38,4/10/22,0,RTWB,Real Time
4/11/22,8.766892433,8.655515671,32.52628326,-0.002930967,-0.210267544,36,37.6,67.9,10.4,0,17.8,38,4/11/22,0,RTWB,Real Time
4/12/22,8.765880585,8.892235756,32.52273178,0.003325136,-0.153104678,36,37.6,67.9,10.4,0,17.8,38,4/12/22,0,RTWB,Real Time
4/13/22,8.194737434,8.848461151,32.60785294,0.017203256,-0.183615163,36,37.6,67.9,10.4,0,17.8,38,4/13/22,0,RTWB,Real Time
4/14/22,8.169718742,9.434044838,32.08712006,0.033271739,-0.129941687,36,37.6,67.9,10.4,0,17.8,38,4/14/22,0,RTWB,Real Time
4/15/22,8.242400169,9.979424477,31.78544044,0.045711166,-0.191469669,36,37.6,67.9,10.4,0,17.8,38,4/15/22,0,RTWB,Real Time
4/16/22,8.877621651,10.23823547,31.87626839,0.035805627,-0.193478361,36,37.6,67.9,10.4,0,17.8,38,4/16/22,0,RTWB,Real Time
4/17/22,8.964280128,10.51490593,31.873209,0.040805942,-0.183227882,36,37.6,67.9,10.4,0,17.8,38,4/17/22,0,RTWB,Real Time
4/18/22,8.914583206,10.33195019,32.07118607,0.037299131,-0.163432986,36,37.6,67.9,10.4,0,17.8,38,4/18/22,0,RTWB,Real Time
4/19/22,8.704824448,9.57338047,32.33620834,0.022856737,-0.069726758,36,37.6,67.9,10.4,0,17.8,38,4/19/22,0,RTWB,Real Time
4/20/22,8.831941605,9.491631508,32.33885574,0.017360261,-0.361666203,36,37.6,67.9,10.4,0,17.8,38,4/20/22,0,RTWB,Real Time
4/21/22,9.022530556,9.829836845,32.37166214,0.021244902,-0.308989465,36,37.6,67.9,10.4,0,17.8,38,4/21/22,0,RTWB,Real Time
4/22/22,8.604523659,10.10702419,31.93935204,0.039539488,-0.236022547,36,37.6,67.9,10.4,0,17.8,38,4/22/22,0,RTWB,Real Time
4/23/22,8.653203011,10.42786217,31.94617653,0.046701557,-0.208750784,36,37.6,67.9,10.4,0,17.8,38,4/23/22,0,RTWB,Real Time
4/24/22,8.663214684,10.65963554,31.9468441,0.052537391,-0.123104572,36,37.6,67.9,10.4,0,17.8,38,4/24/22,0,RTWB,Real Time
4/25/22,8.821995735,11.27347088,32.49313736,0.064512504,-0.091832884,36,37.6,67.9,10.4,0,17.8,38,4/25/22,0,RTWB,Real Time
4/26/22,8.746266365,11.15519619,32.57705307,0.06339289,-0.049744997,36,37.6,67.9,10.4,0,17.8,38,4/26/22,0,RTWB,Real Time
4/27/22,8.683224678,11.14095974,32.40953827,0.064677238,-0.086408876,36,37.6,67.9,10.4,0,17.8,38,4/27/22,0,RTWB,Real Time
4/28/22,9.113773346,10.2377634,32.52721024,0.029578686,-0.187272653,36,37.6,67.9,10.4,0,17.8,38,4/28/22,0,RTWB,Real Time
4/29/22,9.242869377,10.15418243,32.61226273,0.023981923,-0.15829818,36,37.6,67.9,10.4,0,17.8,38,4/29/22,0,RTWB,Real Time
4/30/22,9.353926659,10.38014126,32.56212997,0.027005647,-0.120110035,36,37.6,67.9,10.4,0,17.8,38,4/30/22,0,RTWB,Real Time
5/1/22,9.064493179,10.52801228,32.61884308,0.03851366,-0.080872506,36,37.6,67.9,10.4,0,17.8,38,5/1/22,0,RTWB,Real Time
5/2/22,8.975395203,11.10289669,32.52360535,0.055986881,-0.032874662,36,37.6,67.9,10.4,0,17.8,38,5/2/22,0,RTWB,Real Time
5/3/22,8.94006443,11.43220901,32.69102097,0.065582752,-0.030494587,36,37.6,67.9,10.4,0,17.8,38,5/3/22,0,RTWB,Real Time
5/4/22,9.036070824,11.29391956,32.84506607,0.059417072,-0.020947665,36,37.6,67.9,10.4,0,17.8,38,5/4/22,0,RTWB,Real Time
5/5/22,9.03961277,11.6644249,32.70872116,0.069074003,-0.111333467,36,37.6,67.9,10.4,0,17.8,38,5/5/22,0,RTWB,Real Time
5/6/22,9.015564919,11.75120926,32.81856537,0.071990641,-0.063580237,36,37.6,67.9,10.4,0,17.8,38,5/6/22,0,RTWB,Real Time
5/7/22,10.30352497,11.32926941,32.78713989,0.026993275,0.219855711,36,37.6,67.9,10.4,0,17.8,38,5/7/22,0,RTWB,Real Time
5/8/22,10.72262669,10.7302742,32.53373337,0.00020125,0.39120543,36,37.6,67.9,10.4,0,17.8,38,5/8/22,0,RTWB,Real Time
5/9/22,10.40079975,10.40145206,32.62552643,1.71661E-05,0.400618225,36,37.6,67.9,10.4,0,17.8,38,5/9/22,0,RTWB,Real Time
5/10/22,10.24718571,10.23996735,32.89495468,-0.000189957,0.345429808,36,37.6,67.9,10.4,0,17.8,38,5/10/22,0,RTWB,Real Time
5/11/22,10.19335461,10.18886471,33.00711441,-0.000118155,0.209651724,36,37.6,67.9,10.4,0,17.8,38,5/11/22,0,RTWB,Real Time
5/12/22,10.08695507,10.09509182,33.11672592,0.000214125,0.059791591,36,37.6,67.9,10.4,0,17.8,38,5/12/22,0,RTWB,Real Time
5/13/22,10.48805141,11.19772625,33.1955452,0.018675654,-0.07926438,36,37.6,67.9,10.4,0,17.8,38,5/13/22,0,RTWB,Real Time
5/14/22,10.51234055,11.55475903,33.06949997,0.027432065,-0.130718812,36,37.6,67.9,10.4,0,17.8,38,5/14/22,0,RTWB,Real Time
5/15/22,10.47495556,11.80566788,32.91424561,0.035018745,-0.092221946,36,37.6,67.9,10.4,0,17.8,38,5/15/22,0,RTWB,Real Time
5/16/22,10.06467533,12.25663376,32.64327621,0.057683117,-0.020153321,36,37.6,67.9,10.4,0,17.8,38,5/16/22,0,RTWB,Real Time
5/17/22,10.07563782,12.97524548,31.85498619,0.076305465,-0.059194136,36,37.6,67.9,10.4,0,17.8,38,5/17/22,0,RTWB,Real Time
5/18/22,10.15808201,13.58153152,31.68580818,0.090090777,-0.125017479,36,37.6,67.9,10.4,0,17.8,38,5/18/22,0,RTWB,Real Time
5/19/22,10.15465546,13.62214565,31.58646965,0.091249742,-0.066350117,36,37.6,67.9,10.4,0,17.8,38,5/19/22,0,RTWB,Real Time
5/20/22,10.17562008,13.83151627,31.41435242,0.096207794,-0.034800839,36,37.6,67.9,10.4,0,17.8,38,5/20/22,0,RTWB,Real Time
5/21/22,10.18171215,13.91515732,31.18793678,0.098248557,-0.029566646,36,37.6,67.9,10.4,0,17.8,38,5/21/22,0,RTWB,Real Time
5/22/22,10.82269669,15.55953884,31.13778114,0.124653741,-0.072561055,36,37.6,67.9,10.4,0,17.8,38,5/22/22,0,RTWB,Real Time
5/23/22,10.93222809,16.23648643,31.13385582,0.139585746,-0.080118768,36,37.6,67.9,10.4,0,17.8,38,5/23/22,0,RTWB,Real Time
5/24/22,10.91716766,16.22566414,31.15651512,0.139697276,-0.038050402,36,37.6,67.9,10.4,0,17.8,38,5/24/22,0,RTWB,Real Time
5/25/22,10.56594944,14.80375576,31.83326149,0.111521219,-0.051029235,36,37.6,67.9,10.4,0,17.8,38,5/25/22,0,RTWB,Real Time
5/26/22,10.58763218,14.54951191,32.18407059,0.104259993,-0.045702349,36,37.6,67.9,10.4,0,17.8,38,5/26/22,0,RTWB,Real Time
5/27/22,10.48453999,14.66765213,32.04948807,0.110081899,-0.026430333,36,37.6,67.9,10.4,0,17.8,38,5/27/22,0,RTWB,Real Time
5/28/22,10.07693577,15.66664791,31.40651131,0.147097688,-0.071626797,36,37.6,67.9,10.4,0,17.8,38,5/28/22,0,RTWB,Real Time
5/29/22,9.966006279,16.64308167,31.16181755,0.17571251,-0.083193384,36,37.6,67.9,10.4,0,17.8,38,5/29/22,0,RTWB,Real Time
5/30/22,9.97296524,17.44336891,31.13983917,0.19658957,-0.076294899,36,37.6,67.9,10.4,0,17.8,38,5/30/22,0,RTWB,Real Time
5/31/22,9.746436119,18.41219902,30.85327339,0.228046392,-0.162907943,36,37.6,67.9,10.4,0,17.8,38,5/31/22,0,RTWB,Real Time
6/1/22,9.731782913,19.07829666,30.69371605,0.245960888,-0.009919756,36,37.6,67.9,10.4,0,17.8,38,6/1/22,0,RTWB,Real Time
6/2/22,9.893941879,19.333395,30.69734192,0.248406661,0.052968785,36,37.6,67.9,10.4,0,17.8,38,6/2/22,0,RTWB,Real Time
6/3/22,10.42978764,19.50539207,30.52181816,0.238831696,0.026379609,36,37.6,67.9,10.4,0,17.8,38,6/3/22,0,RTWB,Real Time
6/4/22,10.4483633,19.75848579,30.45114136,0.245003223,0.015504222,36,37.6,67.9,10.4,0,17.8,38,6/4/22,0,RTWB,Real Time
6/5/22,10.46201229,19.43075752,30.71586418,0.236019611,0.012948113,36,37.6,67.9,10.4,0,17.8,38,6/5/22,0,RTWB,Real Time
6/6/22,10.64662361,18.17446327,31.43224907,0.198101044,0.002068808,36,37.6,67.9,10.4,0,17.8,38,6/6/22,0,RTWB,Real Time
6/7/22,10.6249094,18.55854607,31.37121773,0.208779912,-0.032909926,36,37.6,67.9,10.4,0,17.8,38,6/7/22,0,RTWB,Real Time
6/8/22,10.50821304,19.03643799,31.02676582,0.224426972,0.003997564,36,37.6,67.9,10.4,0,17.8,38,6/8/22,0,RTWB,Real Time
6/9/22,11.33987522,19.91755486,30.96228218,0.225728411,0.029093714,36,37.6,67.9,10.4,0,17.8,38,6/9/22,0,RTWB,Real Time
6/10/22,11.47665119,20.37648582,30.96553802,0.234206175,-0.05063292,36,37.6,67.9,10.4,0,17.8,38,6/10/22,0,RTWB,Real Time
6/11/22,11.51802349,20.93681145,30.9863205,0.247862841,-0.054837927,36,37.6,67.9,10.4,0,17.8,38,6/11/22,0,RTWB,Real Time
6/12/22,12.03805637,21.6485157,30.99247932,0.252906824,-0.070257932,36,37.6,67.9,10.4,0,17.8,38,6/12/22,0,RTWB,Real Time
6/13/22,12.16731739,21.94108582,31.05035591,0.257204432,-0.082586423,36,37.6,67.9,10.4,0,17.8,38,6/13/22,0,RTWB,Real Time
6/14/22,12.20025349,21.77493286,31.12522316,0.251965247,-0.066329323,36,37.6,67.9,10.4,0,17.8,38,6/14/22,0,RTWB,Real Time
6/15/22,12.47901249,21.68156624,31.18087769,0.242172467,-0.082944609,36,37.6,67.9,10.4,0,17.8,38,6/15/22,0,RTWB,Real Time
6/16/22,12.57260513,21.61392403,31.27699089,0.237929445,-0.002989869,36,37.6,67.9,10.4,0,17.8,38,6/16/22,0,RTWB,Real Time
6/17/22,12.43793583,21.65508842,31.27281189,0.242556647,0.0422928,36,37.6,67.9,10.4,0,17.8,38,6/17/22,0,RTWB,Real Time
6/18/22,13.35360432,21.67466736,31.26685143,0.218975343,0.060903084,36,37.6,67.9,10.4,0,17.8,38,6/18/22,0,RTWB,Real Time
6/19/22,13.81266022,20.73791313,31.47236633,0.182243498,0.031714972,36,37.6,67.9,10.4,0,17.8,38,6/19/22,0,RTWB,Real Time
6/20/22,14.02571201,20.31653976,31.74894905,0.165548099,0.019990571,36,37.6,67.9,10.4,0,17.8,38,6/20/22,0,RTWB,Real Time
6/21/22,13.96511459,20.28138733,31.79915047,0.166217704,-0.077887036,36,37.6,67.9,10.4,0,17.8,38,6/21/22,0,RTWB,Real Time
6/22/22,13.81500149,20.05575371,31.72473335,0.164230322,-0.00151814,36,37.6,67.9,10.4,0,17.8,38,6/22/22,0,RTWB,Real Time
6/23/22,13.59683895,19.50576591,31.69464684,0.155498078,0.075312309,36,37.6,67.9,10.4,0,17.8,38,6/23/22,0,RTWB,Real Time
6/24/22,12.81900787,20.36480713,31.89557838,0.198573665,0.04800896,36,37.6,67.9,10.4,0,17.8,38,6/24/22,0,RTWB,Real Time
6/25/22,12.7637682,20.51422691,31.93788147,0.20395944,-0.058466744,36,37.6,67.9,10.4,0,17.8,38,6/25/22,0,RTWB,Real Time
6/26/22,12.57915974,20.72672462,31.9401474,0.214409602,-0.08264941,36,37.6,67.9,10.4,0,17.8,38,6/26/22,0,RTWB,Real Time
6/27/22,12.05688858,21.01005363,31.99770164,0.235609607,-0.11788898,36,37.6,67.9,10.4,0,17.8,38,6/27/22,0,RTWB,Real Time
6/28/22,11.87818241,21.3805542,31.89932251,0.250062415,-0.088962913,36,37.6,67.9,10.4,0,17.8,38,6/28/22,0,RTWB,Real Time
6/29/22,11.84097004,21.63223076,31.97023964,0.257664756,-0.100523144,36,37.6,67.9,10.4,0,17.8,38,6/29/22,0,RTWB,Real Time
6/30/22,12.09551716,22.18926239,31.9803524,0.265624875,-0.137670934,36,37.6,67.9,10.4,0,17.8,38,6/30/22,0,RTWB,Real Time
7/1/22,11.96547604,22.66363335,31.97674751,0.281530456,-0.123702377,36,37.6,67.9,10.4,0,17.8,38,7/1/22,0,RTWB,Real Time
7/2/22,11.76040363,23.00980949,31.93942833,0.296036996,-0.137861565,36,37.6,67.9,10.4,0,17.8,38,7/2/22,0,RTWB,Real Time
7/3/22,12.03609943,23.54627037,32.05144119,0.302899235,-0.124820538,36,37.6,67.9,10.4,0,17.8,38,7/3/22,0,RTWB,Real Time
7/4/22,12.09544468,23.88889122,32.05574417,0.310353856,-0.07963486,36,37.6,67.9,10.4,0,17.8,38,7/4/22,0,RTWB,Real Time
7/5/22,12.52080631,23.95816612,32.09836578,0.300983153,-0.078761995,36,37.6,67.9,10.4,0,17.8,38,7/5/22,0,RTWB,Real Time
7/6/22,12.99278355,23.70516205,32.08980179,0.281904697,-0.031835306,36,37.6,67.9,10.4,0,17.8,38,7/6/22,0,RTWB,Real Time
7/7/22,12.820014,24.08579445,32.05281448,0.296467907,-0.001411749,36,37.6,67.9,10.4,0,17.8,38,7/7/22,0,RTWB,Real Time
7/8/22,13.55732441,24.05231476,32.13534927,0.276183957,0.02415619,36,37.6,67.9,10.4,0,17.8,38,7/8/22,0,RTWB,Real Time
7/9/22,15.18918133,23.89819145,32.08796692,0.229184477,-0.024375856,36,37.6,67.9,10.4,0,17.8,38,7/9/22,0,RTWB,Real Time
7/10/22,14.94428158,23.81409454,32.08356094,0.233416131,-0.00749143,36,37.6,67.9,10.4,0,17.8,38,7/10/22,0,RTWB,Real Time
7/11/22,14.79536343,23.81263542,32.11099625,0.237296631,-0.019793279,36,37.6,67.9,10.4,0,17.8,38,7/11/22,0,RTWB,Real Time
7/12/22,15.38137531,24.08052635,32.37449265,0.228925027,-0.054692328,36,37.6,67.9,10.4,0,17.8,38,7/12/22,0,RTWB,Real Time
7/13/22,14.92527008,24.17527008,32.37581253,0.243421053,-0.074333228,36,37.6,67.9,10.4,0,17.8,38,7/13/22,0,RTWB,Real Time
7/14/22,14.7949028,24.46814728,32.34191513,0.254559065,-0.050416995,36,37.6,67.9,10.4,0,17.8,38,7/14/22,0,RTWB,Real Time
7/15/22,14.06020832,24.81705475,32.40300369,0.283074906,-0.071571864,36,37.6,67.9,10.4,0,17.8,38,7/15/22,0,RTWB,Real Time
7/16/22,14.12694263,24.91726112,32.41028976,0.28395575,-0.073198743,36,37.6,67.9,10.4,0,17.8,38,7/16/22,0,RTWB,Real Time
7/17/22,14.04978657,25.07048798,32.38276291,0.290018458,-0.020635022,36,37.6,67.9,10.4,0,17.8,38,7/17/22,0,RTWB,Real Time
7/18/22,15.35645962,25.18634033,32.37760162,0.258681071,-0.047246013,36,37.6,67.9,10.4,0,17.8,38,7/18/22,0,RTWB,Real Time
7/19/22,15.09603882,25.4189167,32.35848236,0.271654681,-0.055538695,36,37.6,67.9,10.4,0,17.8,38,7/19/22,0,RTWB,Real Time
7/20/22,14.93946075,26.2162075,32.37515259,0.296756493,-0.037134863,36,37.6,67.9,10.4,0,17.8,38,7/20/22,0,RTWB,Real Time
7/21/22,17.00315094,25.98421288,32.32001114,0.236343735,0.013798493,36,37.6,67.9,10.4,0,17.8,38,7/21/22,0,RTWB,Real Time
7/22/22,16.91985321,25.61647224,32.24459457,0.228858396,-0.050969914,36,37.6,67.9,10.4,0,17.8,38,7/22/22,0,RTWB,Real Time
7/23/22,16.77685738,25.83533287,32.27433395,0.238380934,-0.042337935,36,37.6,67.9,10.4,0,17.8,38,7/23/22,0,RTWB,Real Time
7/24/22,16.7226944,25.68501282,32.67850113,0.235850485,-0.105658777,36,37.6,67.9,10.4,0,17.8,38,7/24/22,0,RTWB,Real Time
7/25/22,16.34783363,24.78574562,32.81305313,0.222050315,-0.171048462,36,37.6,67.9,10.4,0,17.8,38,7/25/22,0,RTWB,Real Time
7/26/22,16.03694916,24.1651783,32.89287949,0.213900767,-0.165112868,36,37.6,67.9,10.4,0,17.8,38,7/26/22,0,RTWB,Real Time
7/27/22,17.05175591,24.89949799,32.89579391,0.206519528,-0.054340214,36,37.6,67.9,10.4,0,17.8,38,7/27/22,0,RTWB,Real Time
7/28/22,17.16042519,25.07395935,32.93868256,0.208250899,-0.047248721,36,37.6,67.9,10.4,0,17.8,38,7/28/22,0,RTWB,Real Time
7/29/22,17.15903091,25.21545982,32.98284531,0.212011287,-0.062665083,36,37.6,67.9,10.4,0,17.8,38,7/29/22,0,RTWB,Real Time
7/30/22,16.86727524,24.60341072,33.07656479,0.203582513,-0.088451028,36,37.6,67.9,10.4,0,17.8,38,7/30/22,0,RTWB,Real Time
7/31/22,16.90623665,24.71626854,33.09719086,0.205527155,-0.067612462,36,37.6,67.9,10.4,0,17.8,38,7/31/22,0,RTWB,Real Time
8/1/22,16.86781311,24.83559418,33.07682419,0.209678449,-0.011517584,36,37.6,67.9,10.4,0,17.8,38,8/1/22,0,RTWB,Real Time
8/2/22,16.803442,25.40285683,33.03564072,0.22630039,0.016018877,36,37.6,67.9,10.4,0,17.8,38,8/2/22,0,RTWB,Real Time
8/3/22,16.88713074,25.95593452,32.82891464,0.238652731,-0.01753692,36,37.6,67.9,10.4,0,17.8,38,8/3/22,0,RTWB,Real Time
8/4/22,16.84779358,26.26940727,32.62823105,0.247937202,-0.035248999,36,37.6,67.9,10.4,0,17.8,38,8/4/22,0,RTWB,Real Time
8/5/22,16.52583313,26.20868492,32.46519852,0.254811889,-0.104643442,36,37.6,67.9,10.4,0,17.8,38,8/5/22,1,RTWB,Real Time
8/6/22,16.19140816,26.31217194,32.34585953,0.266335889,-0.152439579,36,37.6,67.9,10.4,0,17.8,38,8/6/22,1,RTWB,Real Time
8/7/22,15.9755106,26.44509125,32.35077667,0.27551528,-0.175913647,36,37.6,67.9,10.4,0,17.8,38,8/7/22,0,RTWB,Real Time
8/8/22,17.93295479,26.2364254,32.54831314,0.218512385,-0.209184945,36,37.6,67.9,10.4,0,17.8,38,8/8/22,0,RTWB,Real Time
8/9/22,17.33901024,26.10182762,33.10027313,0.230600457,-0.178689763,36,37.6,67.9,10.4,0,17.8,38,8/9/22,0,RTWB,Real Time
8/10/22,16.62004471,26.2363739,33.37242126,0.253061295,-0.151472658,36,37.6,67.9,10.4,0,17.8,38,8/10/22,0,RTWB,Real Time
8/11/22,17.81096077,25.15460968,33.3219223,0.193253919,-0.081717081,36,37.6,67.9,10.4,0,17.8,38,8/11/22,0,RTWB,Real Time
8/12/22,18.00195503,24.30835915,33.25076294,0.165958003,-0.045200288,36,37.6,67.9,10.4,0,17.8,38,8/12/22,0,RTWB,Real Time
8/13/22,18.15511894,24.14080238,33.21151733,0.157517985,-0.007732864,36,37.6,67.9,10.4,0,17.8,38,8/13/22,0,RTWB,Real Time
8/14/22,17.78215218,24.72047424,33.00896454,0.182587423,-0.058590218,36,37.6,67.9,10.4,0,17.8,38,8/14/22,0,RTWB,Real Time
8/15/22,17.65455818,24.73856354,33.03807449,0.186421194,-0.010461428,36,37.6,67.9,10.4,0,17.8,38,8/15/22,0,RTWB,Real Time
8/16/22,17.27443123,24.61747742,33.10377884,0.193238058,0.084643744,36,37.6,67.9,10.4,0,17.8,38,8/16/22,0,RTWB,Real Time
8/17/22,16.35792542,24.13356209,32.96436691,0.204622018,0.106129147,36,37.6,67.9,10.4,0,17.8,38,8/17/22,0,RTWB,Real Time
8/18/22,15.70163345,24.10164833,32.92336273,0.221053023,0.078732826,36,37.6,67.9,10.4,0,17.8,38,8/18/22,0,RTWB,Real Time
8/19/22,14.90238094,24.07865715,32.81002808,0.241480953,-0.067023985,36,37.6,67.9,10.4,0,17.8,38,8/19/22,0,RTWB,Real Time
8/20/22,14.43528652,24.26856422,32.77936935,0.258770466,-0.059068162,36,37.6,67.9,10.4,0,17.8,38,8/20/22,0,RTWB,Real Time
8/21/22,14.50230694,24.47418213,32.76916504,0.262417768,-0.008979529,36,37.6,67.9,10.4,0,17.8,38,8/21/22,0,RTWB,Real Time
8/22/22,14.67394733,24.41334724,32.73628616,0.256299998,0.021314519,36,37.6,67.9,10.4,0,17.8,38,8/22/22,0,RTWB,Real Time
8/23/22,13.73268509,24.69145775,32.71829987,0.288388754,-0.012060924,36,37.6,67.9,10.4,0,17.8,38,8/23/22,0,RTWB,Real Time
8/24/22,13.49089336,24.99107361,32.73792648,0.302636322,-0.059926499,36,37.6,67.9,10.4,0,17.8,38,8/24/22,0,RTWB,Real Time
8/25/22,13.52658558,25.25206947,32.7519455,0.308565366,-0.08551126,36,37.6,67.9,10.4,0,17.8,38,8/25/22,0,RTWB,Real Time
8/26/22,14.59941387,25.3848629,32.78768539,0.283827606,-0.07763806,36,37.6,67.9,10.4,0,17.8,38,8/26/22,0,RTWB,Real Time
8/27/22,14.30297089,25.38477135,32.79023361,0.291626328,-0.043512583,36,37.6,67.9,10.4,0,17.8,38,8/27/22,0,RTWB,Real Time
8/28/22,14.0411272,25.61014366,32.80044937,0.304447801,-0.045215171,36,37.6,67.9,10.4,0,17.8,38,8/28/22,0,RTWB,Real Time
8/29/22,15.19021606,25.89188194,32.83459091,0.281622786,-0.009712286,36,37.6,67.9,10.4,0,17.8,38,8/29/22,0,RTWB,Real Time
8/30/22,15.38248825,26.11670685,32.8070488,0.282479437,-0.005623594,36,37.6,67.9,10.4,0,17.8,38,8/30/22,0,RTWB,Real Time
8/31/22,15.16511154,26.06662178,32.77042389,0.286881848,0.016242845,36,37.6,67.9,10.4,0,17.8,38,8/31/22,0,RTWB,Real Time
9/1/22,14.23880768,25.49988556,32.75096893,0.296344155,-0.012137428,36,37.6,67.9,10.4,0,17.8,38,9/1/22,0,RTWB,Real Time
9/2/22,14.36505604,25.29894829,32.72295761,0.287734007,-0.041543052,36,37.6,67.9,10.4,0,17.8,38,9/2/22,0,RTWB,Real Time
9/3/22,15.18144226,25.15377235,32.75547409,0.262429739,-0.063818477,36,37.6,67.9,10.4,0,17.8,38,9/3/22,0,RTWB,Real Time
9/4/22,15.41460896,25.73998833,32.89796448,0.27172051,-0.077052996,36,37.6,67.9,10.4,0,17.8,38,9/4/22,0,RTWB,Real Time
9/5/22,14.89749432,25.86096382,32.94855499,0.288512355,-0.051549837,36,37.6,67.9,10.4,0,17.8,38,9/5/22,0,RTWB,Real Time
9/6/22,14.51508236,25.78507423,32.93561554,0.296578734,0.044836547,36,37.6,67.9,10.4,0,17.8,38,9/6/22,0,RTWB,Real Time
9/7/22,16.93385696,24.6895771,32.94034576,0.204097898,0.136831269,36,37.6,67.9,10.4,0,17.8,38,9/7/22,0,RTWB,Real Time
9/8/22,18.55997849,24.18161583,32.65809631,0.147937825,0.197862014,36,37.6,67.9,10.4,0,17.8,38,9/8/22,0,RTWB,Real Time
9/9/22,19.48129463,23.96400642,32.59936905,0.1179661,0.159314245,36,37.6,67.9,10.4,0,17.8,38,9/9/22,0,RTWB,Real Time
9/10/22,20.48618698,23.85103798,32.68597412,0.08854871,0.000111291,36,37.6,67.9,10.4,0,17.8,38,9/10/22,0,RTWB,Real Time
9/11/22,20.1261425,23.7844677,32.8316803,0.096271716,0.021072358,36,37.6,67.9,10.4,0,17.8,38,9/11/22,0,RTWB,Real Time
9/12/22,19.46732521,23.69611549,32.8935051,0.111283955,0.098767281,36,37.6,67.9,10.4,0,17.8,38,9/12/22,0,RTWB,Real Time
9/13/22,19.5296669,23.95848274,32.77506638,0.116547785,0.119541667,36,37.6,67.9,10.4,0,17.8,38,9/13/22,0,RTWB,Real Time
9/14/22,19.55585289,23.87200737,32.76151657,0.113583013,0.111681186,36,37.6,67.9,10.4,0,17.8,38,9/14/22,0,RTWB,Real Time
9/15/22,19.41417694,23.76672173,32.74077988,0.114540652,0.057900622,36,37.6,67.9,10.4,0,17.8,38,9/15/22,0,RTWB,Real Time
9/16/22,18.0948391,23.52027321,32.76359177,0.142774582,-0.032939788,36,37.6,67.9,10.4,0,17.8,38,9/16/22,0,RTWB,Real Time
9/17/22,17.62634087,23.53790855,32.77548981,0.155567571,-0.060864404,36,37.6,67.9,10.4,0,17.8,38,9/17/22,0,RTWB,Real Time
9/18/22,17.24399757,23.61718178,32.78081131,0.167715374,-0.061511785,36,37.6,67.9,10.4,0,17.8,38,9/18/22,0,RTWB,Real Time
9/19/22,16.68014336,23.73677826,32.90110779,0.185700918,-0.085179627,36,37.6,67.9,10.4,0,17.8,38,9/19/22,0,RTWB,Real Time
9/20/22,15.74604893,23.8950119,32.93232346,0.214446394,0.032495148,36,37.6,67.9,10.4,0,17.8,38,9/20/22,0,RTWB,Real Time
9/21/22,16.52792168,23.97875977,32.90008545,0.196074687,0.035481405,36,37.6,67.9,10.4,0,17.8,38,9/21/22,0,RTWB,Real Time
9/22/22,18.40455437,24.03199768,32.84017563,0.148090614,0.089999713,36,37.6,67.9,10.4,0,17.8,38,9/22/22,0,RTWB,Real Time
9/23/22,18.05784035,23.31997681,32.80266953,0.138477275,0.077440701,36,37.6,67.9,10.4,0,17.8,38,9/23/22,0,RTWB,Real Time
9/24/22,19.60258102,22.79492188,32.6350174,0.08400897,0.031106835,36,37.6,67.9,10.4,0,17.8,38,9/24/22,0,RTWB,Real Time
9/25/22,18.08558846,22.09007454,32.51813126,0.105381213,-0.077729106,36,37.6,67.9,10.4,0,17.8,38,9/25/22,0,RTWB,Real Time
9/26/22,15.66102219,21.94426918,32.71307755,0.165348605,0.009083779,36,37.6,67.9,10.4,0,17.8,38,9/26/22,0,RTWB,Real Time
9/27/22,14.68920994,21.88379478,32.71529007,0.18933118,0.015029696,36,37.6,67.9,10.4,0,17.8,38,9/27/22,0,RTWB,Real Time
9/28/22,14.38000011,21.69939613,32.66917801,0.192615685,-0.041553717,36,37.6,67.9,10.4,0,17.8,38,9/28/22,0,RTWB,Real Time
9/29/22,14.66585445,21.44162941,32.61991501,0.178309867,-0.034522563,36,37.6,67.9,10.4,0,17.8,38,9/29/22,0,RTWB,Real Time
9/30/22,17.98235893,20.99635506,32.53801346,0.079315687,0.088366389,36,37.6,67.9,10.4,0,17.8,38,9/30/22,0,RTWB,Real Time
10/1/22,20.18708992,20.39849472,32.5630722,0.005563284,0.244366929,36,37.6,67.9,10.4,0,17.8,38,10/1/22,0,RTWB,Real Time
10/2/22,20.40906525,20.49205589,32.36078262,0.002183964,0.297342211,36,37.6,67.9,10.4,0,17.8,38,10/2/22,0,RTWB,Real Time
10/3/22,20.21916008,20.20384789,32.54275894,-0.000402952,0.593261182,36,37.6,67.9,10.4,0,17.8,38,10/3/22,0,RTWB,Real Time
10/4/22,19.43534851,19.41145515,32.90707779,-0.000628773,0.42688784,36,37.6,67.9,10.4,0,17.8,38,10/4/22,0,RTWB,Real Time
10/5/22,18.92767143,18.91740227,33.13830566,-0.000270241,0.205922142,36,37.6,67.9,10.4,0,17.8,38,10/5/22,0,RTWB,Real Time
10/6/22,18.42146492,18.4599781,33.001091,0.001013505,0.061777562,36,37.6,67.9,10.4,0,17.8,38,10/6/22,0,RTWB,Real Time
10/7/22,18.03273582,18.60142708,32.84432983,0.014965559,-0.015618347,36,37.6,67.9,10.4,0,17.8,38,10/7/22,0,RTWB,Real Time
10/8/22,18.01549339,18.54295158,32.88900375,0.013880479,-0.004553767,36,37.6,67.9,10.4,0,17.8,38,10/8/22,0,RTWB,Real Time
10/9/22,18.04408836,18.0753479,32.97222519,0.000822619,-0.048988193,36,37.6,67.9,10.4,0,17.8,38,10/9/22,0,RTWB,Real Time
10/10/22,17.31647873,18.00106049,33.08562469,0.018015309,-0.083501726,36,37.6,67.9,10.4,0,17.8,38,10/10/22,0,RTWB,Real Time
10/11/22,17.40163994,18.02719688,33.11067963,0.016462025,-0.113937639,36,37.6,67.9,10.4,0,17.8,38,10/11/22,0,RTWB,Real Time
10/12/22,17.48945427,18.10928154,33.09036636,0.016311244,-0.069745228,36,37.6,67.9,10.4,0,17.8,38,10/12/22,0,RTWB,Real Time
10/13/22,17.37435722,18.31604576,33.01743317,0.024781277,0.034839582,36,37.6,67.9,10.4,0,17.8,38,10/13/22,0,RTWB,Real Time
10/14/22,17.33976555,18.21133614,32.99766541,0.022936068,0.101083495,36,37.6,67.9,10.4,0,17.8,38,10/14/22,0,RTWB,Real Time
10/15/22,17.31618309,18.06809044,33.03560638,0.019787035,0.001259662,36,37.6,67.9,10.4,0,17.8,38,10/15/22,0,RTWB,Real Time
10/16/22,17.45339775,17.93191528,32.98221207,0.012592567,0.028411491,36,37.6,67.9,10.4,0,17.8,38,10/16/22,0,RTWB,Real Time
10/17/22,17.42097282,18.00555038,32.91454315,0.01538362,0.091161855,36,37.6,67.9,10.4,0,17.8,38,10/17/22,0,RTWB,Real Time
10/18/22,17.51277351,17.82154274,32.87088776,0.008125506,0.117108874,36,37.6,67.9,10.4,0,17.8,38,10/18/22,0,RTWB,Real Time
10/19/22,17.25332832,17.56787682,33.13657379,0.008277592,-0.018203149,36,37.6,67.9,10.4,0,17.8,38,10/19/22,0,RTWB,Real Time
10/20/22,17.20052338,17.31054115,33.20259476,0.002895205,-0.078300796,36,37.6,67.9,10.4,0,17.8,38,10/20/22,0,RTWB,Real Time
10/21/22,17.1026783,17.25626183,33.1036644,0.004041672,-0.114081003,36,37.6,67.9,10.4,0,17.8,38,10/21/22,0,RTWB,Real Time
10/22/22,16.62216377,17.17453003,33.15533066,0.014535954,-0.066881604,36,37.6,67.9,10.4,0,17.8,38,10/22/22,0,RTWB,Real Time
10/23/22,16.76106644,17.18515587,33.25333786,0.011160248,-0.001618214,36,37.6,67.9,10.4,0,17.8,38,10/23/22,0,RTWB,Real Time
10/24/22,17.02858734,17.17672157,33.27238846,0.003898269,0.060724486,36,37.6,67.9,10.4,0,17.8,38,10/24/22,0,RTWB,Real Time
10/25/22,16.89640617,17.15139008,33.14239502,0.006710103,-0.021242851,36,37.6,67.9,10.4,0,17.8,38,10/25/22,0,RTWB,Real Time
10/26/22,16.80330658,17.2581749,33.10563278,0.011970219,0.001855223,36,37.6,67.9,10.4,0,17.8,38,10/26/22,0,RTWB,Real Time
10/27/22,16.67305183,17.1558342,33.12717056,0.012704799,-0.031508576,36,37.6,67.9,10.4,0,17.8,38,10/27/22,0,RTWB,Real Time
10/28/22,17.25405884,17.04327202,33.22314453,-0.005547022,0.015141696,36,37.6,67.9,10.4,0,17.8,38,10/28/22,0,RTWB,Real Time
10/29/22,16.94822502,16.93761444,33.18963242,-0.000279226,0.087854616,36,37.6,67.9,10.4,0,17.8,38,10/29/22,0,RTWB,Real Time
10/30/22,16.94045639,16.93204498,33.24178696,-0.000221353,0.009913755,36,37.6,67.9,10.4,0,17.8,38,10/30/22,0,RTWB,Real Time
10/31/22,17.23942757,17.23462677,33.34781265,-0.000126337,0.044516284,36,37.6,67.9,10.4,0,17.8,38,10/31/22,0,RTWB,Real Time
11/1/22,17.27931404,17.26325989,33.28182602,-0.000422478,0.056139257,36,37.6,67.9,10.4,0,17.8,38,11/1/22,0,RTWB,Real Time
11/2/22,17.31888962,17.22723961,33.27511597,-0.002411842,-0.014837862,36,37.6,67.9,10.4,0,17.8,38,11/2/22,0,RTWB,Real Time
11/3/22,17.11322975,17.15670395,33.36546326,0.001144058,0.02787069,36,37.6,67.9,10.4,0,17.8,38,11/3/22,0,RTWB,Real Time
11/4/22,17.11270332,17.19540215,33.34046555,0.002176285,-0.038962979,36,37.6,67.9,10.4,0,17.8,38,11/4/22,0,RTWB,Real Time
11/5/22,17.12490463,17.30680466,33.30410385,0.004786843,-0.094687976,36,37.6,67.9,10.4,0,17.8,38,11/5/22,0,RTWB,Real Time
11/6/22,17.64527702,17.67601967,33.25642014,0.000809017,-0.076864667,36,37.6,67.9,10.4,0,17.8,38,11/6/22,0,RTWB,Real Time
11/7/22,17.70765877,17.84714317,33.10143661,0.003670642,-0.109121792,36,37.6,67.9,10.4,0,17.8,38,11/7/22,0,RTWB,Real Time
11/8/22,17.7037735,17.70031929,33.2375679,-9.09002E-05,-0.125589594,36,37.6,67.9,10.4,0,17.8,38,11/8/22,0,RTWB,Real Time
11/9/22,17.08364296,17.14996529,33.40581512,0.001745324,-0.037520979,36,37.6,67.9,10.4,0,17.8,38,11/9/22,0,RTWB,Real Time
11/10/22,16.92532349,16.98429489,33.35636139,0.001551879,-0.030940885,36,37.6,67.9,10.4,0,17.8,38,11/10/22,0,RTWB,Real Time
11/11/22,16.94733429,17.06453323,33.34505463,0.003084183,-0.03754748,36,37.6,67.9,10.4,0,17.8,38,11/11/22,0,RTWB,Real Time
11/12/22,17.13792038,17.22326469,33.26215744,0.002245903,0.026086092,36,37.6,67.9,10.4,0,17.8,38,11/12/22,0,RTWB,Real Time
11/13/22,17.24889565,17.22727013,33.32136154,-0.000569093,-0.059483618,36,37.6,67.9,10.4,0,17.8,38,11/13/22,0,RTWB,Real Time
11/14/22,16.95432091,16.91000748,33.38542557,-0.001166143,-0.169240475,36,37.6,67.9,10.4,0,17.8,38,11/14/22,0,RTWB,Real Time
11/15/22,16.80993652,16.78351784,33.40970993,-0.000695229,-0.145163521,36,37.6,67.9,10.4,0,17.8,38,11/15/22,0,RTWB,Real Time
11/16/22,16.70373154,16.68392563,33.33548355,-0.000521208,0.033511505,36,37.6,67.9,10.4,0,17.8,38,11/16/22,1,RTWB,Real Time
11/17/22,16.48755836,16.44394493,33.2957077,-0.001147722,-0.110883243,36,37.6,67.9,10.4,0,17.8,38,11/17/22,0,RTWB,Real Time
11/18/22,15.87027073,16.13682938,33.55916595,0.007014701,-0.240915194,36,37.6,67.9,10.4,0,17.8,38,11/18/22,0,RTWB,Real Time
11/19/22,15.88592434,15.78042603,33.65005875,-0.002776271,-0.216096103,36,37.6,67.9,10.4,0,17.8,38,11/19/22,0,RTWB,Real Time
11/20/22,15.66870117,15.62047577,33.71734238,-0.00126909,-0.217008784,36,37.6,67.9,10.4,0,17.8,38,11/20/22,0,RTWB,Real Time
11/21/22,15.37148285,15.32927608,33.79457092,-0.001110704,-0.328190237,36,37.6,67.9,10.4,0,17.8,38,11/21/22,0,RTWB,Real Time
11/22/22,15.13580227,15.09684849,33.7785759,-0.0010251,-0.368565202,36,37.6,67.9,10.4,0,17.8,38,11/22/22,0,RTWB,Real Time
11/23/22,15.07478046,14.95098972,33.73666763,-0.003257651,-0.283652604,36,37.6,67.9,10.4,0,17.8,38,11/23/22,0,RTWB,Real Time
11/24/22,14.98736668,15.04027653,33.75527573,0.001392365,-0.150485858,36,37.6,67.9,10.4,0,17.8,38,11/24/22,0,RTWB,Real Time
11/25/22,14.92739105,14.8568697,33.68751144,-0.001855825,-0.065447405,36,37.6,67.9,10.4,0,17.8,38,11/25/22,0,RTWB,Real Time
11/26/22,14.76648045,14.67750835,33.68965912,-0.002341371,-0.134662956,36,37.6,67.9,10.4,0,17.8,38,11/26/22,0,RTWB,Real Time
11/27/22,14.66218948,14.62916851,33.72238159,-0.000868973,-0.085083164,36,37.6,67.9,10.4,0,17.8,38,11/27/22,0,RTWB,Real Time
11/28/22,14.75912094,14.5658989,33.71722031,-0.005084791,-0.044265289,36,37.6,67.9,10.4,0,17.8,38,11/28/22,1,RTWB,Real Time
11/29/22,14.74320602,14.64775753,33.85225296,-0.002511802,-0.088382877,36,37.6,67.9,10.4,0,17.8,38,11/29/22,0,RTWB,Real Time
11/30/22,14.42288303,14.41956997,33.72573471,-8.71859E-05,0.060796246,36,37.6,67.9,10.4,0,17.8,38,11/30/22,0,RTWB,Real Time
12/1/22,14.22922611,14.17814159,33.70685577,-0.001344329,-0.170223415,36,37.6,67.9,10.4,0,17.8,38,12/1/22,0,RTWB,Real Time
12/2/22,14.04721832,14.00148773,33.78600693,-0.001203437,-0.246035919,36,37.6,67.9,10.4,0,17.8,38,12/2/22,0,RTWB,Real Time
12/3/22,13.99714756,13.75011539,33.72793579,-0.006500846,-0.209461734,36,37.6,67.9,10.4,0,17.8,38,12/3/22,0,RTWB,Real Time
12/4/22,14.12861538,13.50319195,33.65269089,-0.016458511,-0.248011187,36,37.6,67.9,10.4,0,17.8,38,12/4/22,0,RTWB,Real Time
12/5/22,13.6743803,13.58082485,33.78150558,-0.002461986,-0.140316069,36,37.6,67.9,10.4,0,17.8,38,12/5/22,0,RTWB,Real Time
12/6/22,13.33854771,13.43052959,33.69510269,0.002420576,-0.108026259,36,37.6,67.9,10.4,0,17.8,38,12/6/22,0,RTWB,Real Time
12/7/22,13.39028645,13.34984493,33.62899017,-0.00106425,-0.021005573,36,37.6,67.9,10.4,0,17.8,38,12/7/22,0,RTWB,Real Time
12/8/22,13.50217915,13.27801037,33.5958519,-0.005899178,-0.094353795,36,37.6,67.9,10.4,0,17.8,38,12/8/22,0,RTWB,Real Time
12/9/22,13.52749157,13.45310211,33.73589706,-0.001957617,-0.005006015,36,37.6,67.9,10.4,0,17.8,38,12/9/22,0,RTWB,Real Time
12/10/22,13.30268097,13.27748394,33.72076035,-0.00066308,0.087547958,36,37.6,67.9,10.4,0,17.8,38,12/10/22,1,RTWB,Real Time
12/11/22,12.97432613,12.96755886,33.6225853,-0.000178086,0.218272045,36,37.6,67.9,10.4,0,17.8,38,12/11/22,1,RTWB,Real Time
12/12/22,12.67827892,12.64652634,33.61582947,-0.000835594,0.140644222,36,37.6,67.9,10.4,0,17.8,38,12/12/22,0,RTWB,Real Time
12/13/22,12.52060795,12.48525333,33.66555405,-0.000930385,0.102357566,36,37.6,67.9,10.4,0,17.8,38,12/13/22,1,RTWB,Real Time
12/14/22,12.25704479,12.21387959,33.63187027,-0.001135926,-0.000270132,36,37.6,67.9,10.4,0,17.8,38,12/14/22,0,RTWB,Real Time
12/15/22,12.22568035,12.21181488,33.68414688,-0.000364881,0.121656328,36,37.6,67.9,10.4,0,17.8,38,12/15/22,0,RTWB,Real Time
12/16/22,11.95508289,11.93631077,33.43751907,-0.000494003,0.403236896,36,37.6,67.9,10.4,0,17.8,38,12/16/22,0,RTWB,Real Time
12/17/22,11.79497433,11.7319479,33.31019974,-0.00165859,0.148100272,36,37.6,67.9,10.4,0,17.8,38,12/17/22,0,RTWB,Real Time
12/18/22,11.59038162,11.54166031,33.2974205,-0.00128214,0.007541021,36,37.6,67.9,10.4,0,17.8,38,12/18/22,0,RTWB,Real Time
12/19/22,11.73861217,11.60543156,33.4679184,-0.003504753,-0.050729439,36,37.6,67.9,10.4,0,17.8,38,12/19/22,0,RTWB,Real Time
12/20/22,11.68420506,11.60955906,33.59729385,-0.001964368,-0.170068279,36,37.6,67.9,10.4,0,17.8,38,12/20/22,1,RTWB,Real Time
12/21/22,11.44102478,11.49926472,33.65860367,0.00153263,-0.119656444,36,37.6,67.9,10.4,0,17.8,38,12/21/22,0,RTWB,Real Time
12/22/22,11.41759014,11.41625118,33.63743973,-3.52358E-05,-0.016360639,36,37.6,67.9,10.4,0,17.8,38,12/22/22,0,RTWB,Real Time
12/23/22,11.32105637,11.31811047,33.59458923,-7.75237E-05,0.104472168,36,37.6,67.9,10.4,0,17.8,38,12/23/22,0,RTWB,Real Time
12/24/22,10.6554327,10.60341072,33.60783768,-0.001368999,-0.40109852,36,37.6,67.9,10.4,0,17.8,38,12/24/22,0,RTWB,Real Time
12/25/22,10.14791489,10.08514023,33.50947189,-0.001651965,-0.412214905,36,37.6,67.9,10.4,0,17.8,38,12/25/22,0,RTWB,Real Time
12/26/22,10.3000555,10.23741627,33.61211777,-0.001648401,-0.357920051,36,37.6,67.9,10.4,0,17.8,38,12/26/22,0,RTWB,Real Time
12/27/22,10.50786114,10.36703873,33.70828629,-0.003705853,-0.270986468,36,37.6,67.9,10.4,0,17.8,38,12/27/22,0,RTWB,Real Time
12/28/22,10.92896271,10.22848415,33.70280075,-0.018433646,-0.264051169,36,37.6,67.9,10.4,0,17.8,38,12/28/22,1,RTWB,Real Time
12/29/22,11.11170483,9.984465599,33.64636993,-0.02966419,-0.256192803,36,37.6,67.9,10.4,0,17.8,38,12/29/22,1,RTWB,Real Time
12/30/22,11.6099081,9.494852066,33.3229866,-0.055659369,-0.247660115,36,37.6,67.9,10.4,0,17.8,38,12/30/22,1,RTWB,Real Time
12/31/22,11.65829563,9.423819542,33.26388931,-0.058802002,-0.087145187,36,37.6,67.9,10.4,0,17.8,38,12/31/22,1,RTWB,Real Time
1/1/23,11.66769505,9.291129112,32.96140671,-0.062541209,-0.11086762,36,37.6,67.9,10.4,0,17.8,38,1/1/23,1,RTWB,Real Time
1/2/23,11.43319321,9.015824318,32.91261673,-0.063614971,-0.219576702,36,37.6,67.9,10.4,0,17.8,38,1/2/23,0,RTWB,Real Time
1/3/23,11.32565403,8.917421341,32.92196655,-0.063374544,-0.153599501,36,37.6,67.9,10.4,0,17.8,38,1/3/23,0,RTWB,Real Time
1/4/23,11.59149456,8.634413719,32.86268997,-0.077817917,-0.174780533,36,37.6,67.9,10.4,0,17.8,38,1/4/23,0,RTWB,Real Time
1/5/23,11.59898376,9.061307907,32.79911041,-0.066780944,-0.089996099,36,37.6,67.9,10.4,0,17.8,38,1/5/23,0,RTWB,Real Time
1/6/23,11.31135654,9.121850967,32.67404556,-0.057618568,-0.030219497,36,37.6,67.9,10.4,0,17.8,38,1/6/23,0,RTWB,Real Time
1/7/23,11.07721233,8.727402687,32.3102684,-0.061837096,-0.093160249,36,37.6,67.9,10.4,0,17.8,38,1/7/23,0,RTWB,Real Time
1/8/23,11.1438303,9.378949165,32.33472061,-0.04644424,-0.101387858,36,37.6,67.9,10.4,0,17.8,38,1/8/23,0,RTWB,Real Time
1/9/23,11.20420456,9.415980339,32.285923,-0.047058532,-0.029066542,36,37.6,67.9,10.4,0,17.8,38,1/9/23,0,RTWB,Real Time
1/10/23,11.35277653,9.302966118,32.36157608,-0.053942379,-0.10630361,36,37.6,67.9,10.4,0,17.8,38,1/10/23,0,RTWB,Real Time
1/11/23,11.28353405,9.27780056,32.58719635,-0.05278246,-0.054991022,36,37.6,67.9,10.4,0,17.8,38,1/11/23,0,RTWB,Real Time
1/12/23,11.0569458,9.214025497,32.5625267,-0.048497903,0.005454691,36,37.6,67.9,10.4,0,17.8,38,1/12/23,1,RTWB,Real Time
1/13/23,11.12756634,9.16988945,32.33034134,-0.051517813,0.055090323,36,37.6,67.9,10.4,0,17.8,38,1/13/23,1,RTWB,Real Time
1/14/23,11.38424206,8.966114998,32.25177002,-0.063634923,0.029136548,36,37.6,67.9,10.4,0,17.8,38,1/14/23,0,RTWB,Real Time
1/15/23,11.21588039,9.077403069,32.74817657,-0.056275719,0.076775052,36,37.6,67.9,10.4,0,17.8,38,1/15/23,1,RTWB,Real Time
1/16/23,9.959439278,9.070691109,33.21706009,-0.02338811,0.173117399,36,37.6,67.9,10.4,0,17.8,38,1/16/23,1,RTWB,Real Time
1/17/23,9.195723534,9.035835266,33.30030441,-0.004207586,0.031484,36,37.6,67.9,10.4,0,17.8,38,1/17/23,1,RTWB,Real Time
1/18/23,9.368613243,8.564778328,32.97833252,-0.02115355,-0.149589866,36,37.6,67.9,10.4,0,17.8,38,1/18/23,1,RTWB,Real Time
1/19/23,9.581218719,8.665503502,33.03957367,-0.024097769,-0.142643511,36,37.6,67.9,10.4,0,17.8,38,1/19/23,1,RTWB,Real Time
1/20/23,9.194026947,8.841515541,32.5782814,-0.009276616,-0.119115509,36,37.6,67.9,10.4,0,17.8,38,1/20/23,0,RTWB,Real Time
1/21/23,9.288591385,8.745173454,32.70205307,-0.014300472,-0.260044426,36,37.6,67.9,10.4,0,17.8,38,1/21/23,1,RTWB,Real Time
1/22/23,9.156663895,8.283040047,32.62382507,-0.022990101,-0.1331826,36,37.6,67.9,10.4,0,17.8,38,1/22/23,1,RTWB,Real Time
1/23/23,9.009009361,8.329703331,32.50303268,-0.017876474,-0.052579444,36,37.6,67.9,10.4,0,17.8,38,1/23/23,0,RTWB,Real Time
1/24/23,9.156732559,8.226805687,32.61890793,-0.02447176,-0.32475546,36,37.6,67.9,10.4,0,17.8,38,1/24/23,0,RTWB,Real Time
1/25/23,9.296311378,8.251077652,32.67956924,-0.027506151,-0.179081619,36,37.6,67.9,10.4,0,17.8,38,1/25/23,0,RTWB,Real Time
1/26/23,8.521384239,8.597257614,32.91285706,0.001996668,-0.030539384,36,37.6,67.9,10.4,0,17.8,38,1/26/23,1,RTWB,Real Time
1/27/23,8.730883598,8.382586479,32.9114418,-0.009165714,-0.280096591,36,37.6,67.9,10.4,0,17.8,38,1/27/23,1,RTWB,Real Time
1/28/23,8.944470406,8.283102036,32.78197098,-0.017404431,-0.247604311,36,37.6,67.9,10.4,0,17.8,38,1/28/23,1,RTWB,Real Time
1/29/23,9.421513557,8.124267578,33.013237,-0.034138052,-0.264327675,36,37.6,67.9,10.4,0,17.8,38,1/29/23,1,RTWB,Real Time
1/30/23,9.300463676,8.136658669,33.03342819,-0.030626448,-0.230812088,36,37.6,67.9,10.4,0,17.8,38,1/30/23,0,RTWB,Real Time
1/31/23,9.379221916,7.99368906,32.82868195,-0.036461391,-0.187089086,36,37.6,67.9,10.4,0,17.8,38,1/31/23,1,RTWB,Real Time
2/1/23,8.962582588,8.469137192,33.14598465,-0.012985405,-0.118628778,36,37.6,67.9,10.4,0,17.8,38,2/1/23,0,RTWB,Real Time
2/2/23,8.68489933,8.498541832,33.18434143,-0.004904145,-0.127053455,36,37.6,67.9,10.4,0,17.8,38,2/2/23,1,RTWB,Real Time
2/3/23,8.686976433,8.422101021,33.20653152,-0.006970406,-0.214506865,36,37.6,67.9,10.4,0,17.8,38,2/3/23,0,RTWB,Real Time
2/4/23,7.734199047,7.932332993,33.18085098,0.005214051,-0.496714681,36,37.6,67.9,10.4,0,17.8,38,2/4/23,1,RTWB,Real Time
2/5/23,7.987145901,7.366195679,33.03648758,-0.016340795,-0.4655222,36,37.6,67.9,10.4,0,17.8,38,2/5/23,1,RTWB,Real Time
2/6/23,8.101944923,7.38932085,32.80969238,-0.018753265,-0.243036985,36,37.6,67.9,10.4,0,17.8,38,2/6/23,1,RTWB,Real Time
2/7/23,7.703237057,7.552906036,32.94804764,-0.003956079,-0.159574226,36,37.6,67.9,10.4,0,17.8,38,2/7/23,1,RTWB,Real Time
2/8/23,7.549946308,7.15485239,32.52093124,-0.010397208,-0.093320467,36,37.6,67.9,10.4,0,17.8,38,2/8/23,1,RTWB,Real Time
2/9/23,7.629715443,7.497425556,32.6775856,-0.003481313,-0.175598308,36,37.6,67.9,10.4,0,17.8,38,2/9/23,1,RTWB,Real Time
2/10/23,7.546774387,7.107830048,32.17898178,-0.011551167,-0.127923384,36,37.6,67.9,10.4,0,17.8,38,2/10/23,0,RTWB,Real Time
2/11/23,7.664884567,7.224441051,32.22237396,-0.011590619,-0.230789006,36,37.6,67.9,10.4,0,17.8,38,2/11/23,0,RTWB,Real Time
2/12/23,7.719017029,7.386423588,32.51651001,-0.008752459,-0.12577416,36,37.6,67.9,10.4,0,17.8,38,2/12/23,0,RTWB,Real Time
2/13/23,7.981796741,7.987277985,32.81248093,0.000144243,0.141240194,36,37.6,67.9,10.4,0,17.8,38,2/13/23,1,RTWB,Real Time
2/14/23,7.897250652,7.774037838,32.62836838,-0.003242442,-0.062634103,36,37.6,67.9,10.4,0,17.8,38,2/14/23,1,RTWB,Real Time
2/15/23,7.940478802,7.799986362,32.65446091,-0.003697169,-0.115514986,36,37.6,67.9,10.4,0,17.8,38,2/15/23,1,RTWB,Real Time
2/16/23,7.761678696,7.897302628,32.40146255,0.003569051,-0.17658861,36,37.6,67.9,10.4,0,17.8,38,2/16/23,1,RTWB,Real Time
2/17/23,7.952400684,7.982907772,32.10621262,0.000802818,-0.12283399,36,37.6,67.9,10.4,0,17.8,38,2/17/23,1,RTWB,Real Time
2/18/23,8.088962555,7.853236675,32.30234146,-0.006203313,-0.247318253,36,37.6,67.9,10.4,0,17.8,38,2/18/23,1,RTWB,Real Time
2/19/23,7.815496922,7.568850994,32.46934509,-0.006490682,-0.286989808,36,37.6,67.9,10.4,0,17.8,38,2/19/23,1,RTWB,Real Time
2/20/23,7.887908936,7.616709232,32.316082,-0.007136834,-0.156822756,36,37.6,67.9,10.4,0,17.8,38,2/20/23,0,RTWB,Real Time
2/21/23,7.995250225,7.777809143,32.26379776,-0.005722134,-0.082528941,36,37.6,67.9,10.4,0,17.8,38,2/21/23,1,RTWB,Real Time
2/22/23,8.29956913,7.832479477,32.37192917,-0.012291833,-0.107318647,36,37.6,67.9,10.4,0,17.8,38,2/22/23,0,RTWB,Real Time
2/23/23,8.307328224,8.045321465,32.39030838,-0.006894915,-0.056039404,36,37.6,67.9,10.4,0,17.8,38,2/23/23,1,RTWB,Real Time
2/24/23,8.179270744,8.138846397,32.30316544,-0.001063799,-0.135404453,36,37.6,67.9,10.4,0,17.8,38,2/24/23,1,RTWB,Real Time
2/25/23,8.373240471,7.494991302,32.47506714,-0.02311182,-0.166385651,36,37.6,67.9,10.4,0,17.8,38,2/25/23,0,RTWB,Real Time
2/26/23,8.04620266,7.525043964,32.49231339,-0.013714703,-0.072196521,36,37.6,67.9,10.4,0,17.8,38,2/26/23,0,RTWB,Real Time
2/27/23,8.123630524,7.604803085,32.4900322,-0.013653354,-0.076592483,36,37.6,67.9,10.4,0,17.8,38,2/27/23,1,RTWB,Real Time
2/28/23,8.03069973,7.734979153,32.4916954,-0.00778212,0.209291771,36,37.6,67.9,10.4,0,17.8,38,2/28/23,1,RTWB,Real Time
3/1/23,7.696409702,7.7176404,32.49942398,0.000558703,0.046833992,36,37.6,67.9,10.4,0,17.8,38,3/1/23,1,RTWB,Real Time
3/2/23,7.670841694,7.746943951,32.44041061,0.002002691,0.077519089,36,37.6,67.9,10.4,0,17.8,38,3/2/23,1,RTWB,Real Time
3/3/23,7.8809762,7.594220638,32.41457748,-0.007546199,-0.01968373,36,37.6,67.9,10.4,0,17.8,38,3/3/23,1,RTWB,Real Time
3/4/23,7.791173935,7.812227726,32.46545792,0.000554047,0.144085482,36,37.6,67.9,10.4,0,17.8,38,3/4/23,1,RTWB,Real Time
3/5/23,7.756342411,7.804922104,32.43033218,0.001278413,0.055028427,36,37.6,67.9,10.4,0,17.8,38,3/5/23,1,RTWB,Real Time
3/6/23,7.686500072,7.766738892,32.34093094,0.002111548,-0.052253287,36,37.6,67.9,10.4,0,17.8,38,3/6/23,1,RTWB,Real Time
3/7/23,7.771721363,7.839962006,32.33301926,0.001795806,-0.014173043,36,37.6,67.9,10.4,0,17.8,38,3/7/23,1,RTWB,Real Time
3/8/23,7.631913662,7.615784168,32.36874008,-0.00042446,0.055833835,36,37.6,67.9,10.4,0,17.8,38,3/8/23,0,RTWB,Real Time
3/9/23,7.351467609,7.379187107,32.35886765,0.00072946,0.076481886,36,37.6,67.9,10.4,0,17.8,38,3/9/23,1,RTWB,Real Time
3/10/23,7.427900314,7.499054432,32.34874344,0.001872477,0.119017154,36,37.6,67.9,10.4,0,17.8,38,3/10/23,1,RTWB,Real Time
3/11/23,7.546471119,7.459298611,32.34476089,-0.002294013,0.198413029,36,37.6,67.9,10.4,0,17.8,38,3/11/23,1,RTWB,Real Time
3/12/23,7.535779476,7.550035,32.37065887,0.000375145,0.239944831,36,37.6,67.9,10.4,0,17.8,38,3/12/23,1,RTWB,Real Time
3/13/23,7.561740398,7.560298443,32.37673187,-3.79462E-05,0.292478889,36,37.6,67.9,10.4,0,17.8,38,3/13/23,1,RTWB,Real Time
3/14/23,7.533532619,7.414818287,32.36436081,-0.003124061,0.11572703,36,37.6,67.9,10.4,0,17.8,38,3/14/23,0,RTWB,Real Time
3/15/23,7.543343067,7.403430462,32.39793777,-0.003681911,-0.194853917,36,37.6,67.9,10.4,0,17.8,38,3/15/23,0,RTWB,Real Time
3/16/23,7.462976456,7.348829269,32.34684753,-0.003003873,-0.086789638,36,37.6,67.9,10.4,0,17.8,38,3/16/23,0,RTWB,Real Time
3/17/23,7.313697815,7.302045822,32.19851303,-0.000306631,-0.00319933,36,37.6,67.9,10.4,0,17.8,38,3/17/23,0,RTWB,Real Time
3/18/23,7.51830101,7.187115192,31.78403473,-0.008715416,-0.013854527,36,37.6,67.9,10.4,0,17.8,38,3/18/23,0,RTWB,Real Time
3/19/23,7.539875507,7.136520386,32.08879852,-0.010614608,-0.096957117,36,37.6,67.9,10.4,0,17.8,38,3/19/23,0,RTWB,Real Time
3/20/23,7.595308304,7.219806671,32.30636215,-0.009881622,-0.231625021,36,37.6,67.9,10.4,0,17.8,38,3/20/23,0,RTWB,Real Time
3/21/23,7.476568222,7.324859619,32.34975815,-0.003992332,-0.323607177,36,37.6,67.9,10.4,0,17.8,38,3/21/23,0,RTWB,Real Time
3/22/23,7.581941128,7.455263138,32.11161423,-0.003333631,-0.304634482,36,37.6,67.9,10.4,0,17.8,38,3/22/23,0,RTWB,Real Time
3/23/23,7.610876083,7.727706909,32.05466461,0.003074495,-0.143300161,36,37.6,67.9,10.4,0,17.8,38,3/23/23,0,RTWB,Real Time
3/24/23,8.079901695,8.251086235,31.71053314,0.004504856,-0.135496184,36,37.6,67.9,10.4,0,17.8,38,3/24/23,0,RTWB,Real Time
3/25/23,8.096774101,8.396784782,32.17030716,0.007895018,-0.007170038,36,37.6,67.9,10.4,0,17.8,38,3/25/23,0,RTWB,Real Time
3/26/23,8.033474922,8.525682449,32.05886459,0.01295283,0.001178915,36,37.6,67.9,10.4,0,17.8,38,3/26/23,0,RTWB,Real Time
3/27/23,7.293209076,8.384804726,32.03058243,0.028726201,-0.087379403,36,37.6,67.9,10.4,0,17.8,38,3/27/23,0,RTWB,Real Time
3/28/23,7.266014099,8.390120506,31.91649628,0.029581748,-0.053707775,36,37.6,67.9,10.4,0,17.8,38,3/28/23,0,RTWB,Real Time
3/29/23,7.166030407,8.439863205,32.07297897,0.033521916,-0.084495895,36,37.6,67.9,10.4,0,17.8,38,3/29/23,0,RTWB,Real Time
3/30/23,7.268545628,8.091382027,32.18661499,0.021653589,-0.167581394,36,37.6,67.9,10.4,0,17.8,38,3/30/23,0,RTWB,Real Time
3/31/23,7.366525173,8.039341927,32.24121475,0.017705704,-0.195605263,36,37.6,67.9,10.4,0,17.8,38,3/31/23,0,RTWB,Real Time
4/1/23,7.540391922,8.36101532,31.86325264,0.021595353,-0.12647377,36,37.6,67.9,10.4,0,17.8,38,4/1/23,0,RTWB,Real Time
4/2/23,8.291630745,8.651297569,31.83162117,0.009464916,-0.192529276,36,37.6,67.9,10.4,0,17.8,38,4/2/23,0,RTWB,Real Time
4/3/23,8.343489647,8.802519798,31.87940788,0.012079741,-0.104161911,36,37.6,67.9,10.4,0,17.8,38,4/3/23,0,RTWB,Real Time
4/4/23,8.310118675,9.106131554,31.76753807,0.020947707,-0.117623486,36,37.6,67.9,10.4,0,17.8,38,4/4/23,0,RTWB,Real Time
4/5/23,8.560341835,8.954989433,31.77392006,0.010385463,-0.126090065,36,37.6,67.9,10.4,0,17.8,38,4/5/23,0,RTWB,Real Time
4/6/23,8.449468613,9.161060333,31.71329689,0.018726098,-0.082306974,36,37.6,67.9,10.4,0,17.8,38,4/6/23,0,RTWB,Real Time
4/7/23,8.462121964,9.419859886,31.5585537,0.02520363,-0.191070631,36,37.6,67.9,10.4,0,17.8,38,4/7/23,1,RTWB,Real Time
4/8/23,8.708330154,9.679193497,31.56706047,0.025549035,-0.168989018,36,37.6,67.9,10.4,0,17.8,38,4/8/23,0,RTWB,Real Time
4/9/23,8.684686661,9.556563377,31.75805092,0.022944124,-0.141230524,36,37.6,67.9,10.4,0,17.8,38,4/9/23,0,RTWB,Real Time
4/10/23,8.678505898,9.652741432,31.89782715,0.025637777,-0.131001636,36,37.6,67.9,10.4,0,17.8,38,4/10/23,0,RTWB,Real Time
4/11/23,8.397455215,9.820866585,31.81645012,0.037458194,-0.175639033,36,37.6,67.9,10.4,0,17.8,38,4/11/23,0,RTWB,Real Time
4/12/23,8.280359268,10.25370884,31.63863564,0.051930252,-0.16993545,36,37.6,67.9,10.4,0,17.8,38,4/12/23,0,RTWB,Real Time
4/13/23,8.264947891,10.87571812,31.67221069,0.06870448,-0.084177315,36,37.6,67.9,10.4,0,17.8,38,4/13/23,0,RTWB,Real Time
4/14/23,9.240176201,11.09515095,31.66131592,0.048815125,-0.070707358,36,37.6,67.9,10.4,0,17.8,38,4/14/23,0,RTWB,Real Time
4/15/23,9.502969742,11.78356647,31.63047791,0.060015704,-0.027273836,36,37.6,67.9,10.4,0,17.8,38,4/15/23,0,RTWB,Real Time
4/16/23,9.521739006,12.13486576,31.49672699,0.068766494,0.024015948,36,37.6,67.9,10.4,0,17.8,38,4/16/23,0,RTWB,Real Time
4/17/23,9.412332535,12.45861816,31.34571266,0.080165411,0.043981988,36,37.6,67.9,10.4,0,17.8,38,4/17/23,0,RTWB,Real Time
4/18/23,9.371352196,12.64191341,31.21449852,0.0860674,-0.008887286,36,37.6,67.9,10.4,0,17.8,38,4/18/23,0,RTWB,Real Time
4/19/23,9.389910698,12.73428726,31.25612068,0.08800991,-0.077949457,36,37.6,67.9,10.4,0,17.8,38,4/19/23,0,RTWB,Real Time
4/20/23,9.359798431,12.64504623,31.30716705,0.08645389,-0.142978281,36,37.6,67.9,10.4,0,17.8,38,4/20/23,0,RTWB,Real Time
4/21/23,9.395140648,13.07602978,31.26559448,0.096865503,-0.106909432,36,37.6,67.9,10.4,0,17.8,38,4/21/23,0,RTWB,Real Time
4/22/23,9.3058815,13.00588989,31.10891914,0.097368642,0.008770633,36,37.6,67.9,10.4,0,17.8,38,4/22/23,0,RTWB,Real Time
4/23/23,9.583912849,13.30854321,30.84229851,0.098016588,0.040553372,36,37.6,67.9,10.4,0,17.8,38,4/23/23,0,RTWB,Real Time
4/24/23,9.550270081,13.20334148,31.13757896,0.096133458,-0.032690864,36,37.6,67.9,10.4,0,17.8,38,4/24/23,0,RTWB,Real Time
4/25/23,9.533207893,12.8804121,31.47312164,0.088084321,-0.051111553,36,37.6,67.9,10.4,0,17.8,38,4/25/23,0,RTWB,Real Time
4/26/23,9.450533867,12.5837431,31.6706562,0.082452874,-0.038147401,36,37.6,67.9,10.4,0,17.8,38,4/26/23,0,RTWB,Real Time
4/27/23,9.477066994,12.80854034,31.753479,0.087670351,-0.024242667,36,37.6,67.9,10.4,0,17.8,38,4/27/23,0,RTWB,Real Time
4/28/23,9.561039925,12.5811224,31.92814636,0.079475855,0.082252659,36,37.6,67.9,10.4,0,17.8,38,4/28/23,0,RTWB,Real Time
4/29/23,10.22442913,12.153512,32.10461426,0.050765339,0.191727683,36,37.6,67.9,10.4,0,17.8,38,4/29/23,0,RTWB,Real Time
4/30/23,10.3868227,12.3452158,31.94336891,0.05153666,0.213732108,36,37.6,67.9,10.4,0,17.8,38,4/30/23,0,RTWB,Real Time
5/1/23,10.25605106,12.50467014,31.69285011,0.059174186,0.094166338,36,37.6,67.9,10.4,0,17.8,38,5/1/23,0,RTWB,Real Time
5/2/23,10.64977169,12.59443283,31.58925819,0.051175293,0.07062573,36,37.6,67.9,10.4,0,17.8,38,5/2/23,0,RTWB,Real Time
5/3/23,10.61961269,12.62658405,31.68815422,0.052815036,0.056338239,36,37.6,67.9,10.4,0,17.8,38,5/3/23,0,RTWB,Real Time
5/4/23,10.62279129,12.46674728,31.85271454,0.048525158,0.030607713,36,37.6,67.9,10.4,0,17.8,38,5/4/23,0,RTWB,Real Time
5/5/23,10.6951704,12.50741291,31.97144127,0.047690592,-0.028171426,36,37.6,67.9,10.4,0,17.8,38,5/5/23,0,RTWB,Real Time
5/6/23,10.75207424,12.99897289,31.89840126,0.059128912,-0.082122706,36,37.6,67.9,10.4,0,17.8,38,5/6/23,0,RTWB,Real Time
5/7/23,10.72534657,13.44723034,31.63213158,0.07162852,-0.092521034,36,37.6,67.9,10.4,0,17.8,38,5/7/23,0,RTWB,Real Time
5/8/23,10.56751251,14.30333424,31.27520752,0.098311098,-0.02631662,36,37.6,67.9,10.4,0,17.8,38,5/8/23,0,RTWB,Real Time
5/9/23,10.57662678,14.51386166,31.35601616,0.103611444,-0.009280191,36,37.6,67.9,10.4,0,17.8,38,5/9/23,0,RTWB,Real Time
5/10/23,10.63382244,14.18206692,31.67717743,0.093374855,-0.056528121,36,37.6,67.9,10.4,0,17.8,38,5/10/23,0,RTWB,Real Time
5/11/23,10.44549465,14.42695618,31.58411407,0.104775303,-0.155730158,36,37.6,67.9,10.4,0,17.8,38,5/11/23,0,RTWB,Real Time
5/12/23,10.40092468,15.01541901,31.29476738,0.121434061,-0.125957698,36,37.6,67.9,10.4,0,17.8,38,5/12/23,0,RTWB,Real Time
5/13/23,10.37684345,15.44829941,30.89933205,0.133459367,-0.099501789,36,37.6,67.9,10.4,0,17.8,38,5/13/23,0,RTWB,Real Time
5/14/23,10.807374,15.47745514,30.76998711,0.122896872,-0.081154518,36,37.6,67.9,10.4,0,17.8,38,5/14/23,0,RTWB,Real Time
5/15/23,10.87511063,15.37675858,31.01782036,0.11846442,-0.11639338,36,37.6,67.9,10.4,0,17.8,38,5/15/23,0,RTWB,Real Time
5/16/23,10.84578419,15.50615978,30.64250755,0.122641463,-0.155048534,36,37.6,67.9,10.4,0,17.8,38,5/16/23,0,RTWB,Real Time
5/17/23,11.4325943,15.38528442,30.31713867,0.104018161,-0.090757333,36,37.6,67.9,10.4,0,17.8,38,5/17/23,0,RTWB,Real Time
5/18/23,11.36412048,15.40457058,30.50456238,0.106327634,-0.090133518,36,37.6,67.9,10.4,0,17.8,38,5/18/23,0,RTWB,Real Time
5/19/23,11.25650692,15.04993153,30.71549988,0.099826963,-0.140508384,36,37.6,67.9,10.4,0,17.8,38,5/19/23,0,RTWB,Real Time
5/20/23,10.98168182,15.07483959,30.98107147,0.107714678,-0.089555942,36,37.6,67.9,10.4,0,17.8,38,5/20/23,0,RTWB,Real Time
5/21/23,10.85348415,15.36841869,30.76607323,0.118814067,-0.087809466,36,37.6,67.9,10.4,0,17.8,38,5/21/23,0,RTWB,Real Time
5/22/23,10.88201618,15.75954342,30.73108101,0.12835598,-0.115430899,36,37.6,67.9,10.4,0,17.8,38,5/22/23,0,RTWB,Real Time
5/23/23,11.39823151,15.68644714,31.04854584,0.11284778,-0.017891129,36,37.6,67.9,10.4,0,17.8,38,5/23/23,0,RTWB,Real Time
5/24/23,11.52296352,15.40080261,31.61133766,0.102048397,0.030822484,36,37.6,67.9,10.4,0,17.8,38,5/24/23,0,RTWB,Real Time
5/25/23,11.49810886,15.39429474,31.82825279,0.102531207,-0.004988397,36,37.6,67.9,10.4,0,17.8,38,5/25/23,0,RTWB,Real Time
5/26/23,11.63179874,15.41298389,32.05441666,0.099504872,-0.078663774,36,37.6,67.9,10.4,0,17.8,38,5/26/23,0,RTWB,Real Time
5/27/23,11.54782772,15.42112255,32.10995865,0.101928811,-0.121731095,36,37.6,67.9,10.4,0,17.8,38,5/27/23,0,RTWB,Real Time
5/28/23,11.44272518,15.3991518,32.20596313,0.10411649,-0.135114715,36,37.6,67.9,10.4,0,17.8,38,5/28/23,0,RTWB,Real Time
5/29/23,11.57182026,15.83437347,32.26475525,0.112172453,-0.08089108,36,37.6,67.9,10.4,0,17.8,38,5/29/23,0,RTWB,Real Time
5/30/23,12.2859354,15.88468456,32.1438446,0.094703925,0.004130837,36,37.6,67.9,10.4,0,17.8,38,5/30/23,0,RTWB,Real Time
5/31/23,13.72249603,15.64821148,31.99300194,0.050676722,-0.052212391,36,37.6,67.9,10.4,0,17.8,38,5/31/23,0,RTWB,Real Time
6/1/23,14.13410473,15.76268482,31.8343277,0.042857371,-0.078254282,36,37.6,67.9,10.4,0,17.8,38,6/1/23,0,RTWB,Real Time
6/2/23,13.22921848,15.93688869,31.83915138,0.071254479,-0.057710279,36,37.6,67.9,10.4,0,17.8,38,6/2/23,0,RTWB,Real Time
6/3/23,12.92185116,16.25681496,31.83090973,0.087762205,0.011268209,36,37.6,67.9,10.4,0,17.8,38,6/3/23,0,RTWB,Real Time
6/4/23,15.14319611,15.45442867,31.83200264,0.008190331,0.150063679,36,37.6,67.9,10.4,0,17.8,38,6/4/23,0,RTWB,Real Time
6/5/23,14.96747875,15.85223675,31.71494865,0.023283105,0.075057916,36,37.6,67.9,10.4,0,17.8,38,6/5/23,0,RTWB,Real Time
6/6/23,14.22524357,16.46002769,31.60119057,0.058810109,0.058718413,36,37.6,67.9,10.4,0,17.8,38,6/6/23,0,RTWB,Real Time
6/7/23,13.70480061,16.5863018,31.5969162,0.075828979,0.059740376,36,37.6,67.9,10.4,0,17.8,38,6/7/23,0,RTWB,Real Time
6/8/23,13.12796402,16.88416481,31.57904053,0.098847389,0.092725955,36,37.6,67.9,10.4,0,17.8,38,6/8/23,0,RTWB,Real Time
6/9/23,12.92752361,17.0025444,31.58842278,0.107237389,0.10511595,36,37.6,67.9,10.4,0,17.8,38,6/9/23,0,RTWB,Real Time
6/10/23,14.00998211,16.97600174,31.59452057,0.078053148,0.054625407,36,37.6,67.9,10.4,0,17.8,38,6/10/23,0,RTWB,Real Time
6/11/23,13.72577667,17.81206512,31.42751312,0.107533907,0.019014159,36,37.6,67.9,10.4,0,17.8,38,6/11/23,0,RTWB,Real Time
6/12/23,13.15781689,18.45378876,31.14439392,0.139367681,0.065663479,36,37.6,67.9,10.4,0,17.8,38,6/12/23,0,RTWB,Real Time
6/13/23,13.05386066,18.36205101,31.23993492,0.13968922,0.038626935,36,37.6,67.9,10.4,0,17.8,38,6/13/23,0,RTWB,Real Time
6/14/23,12.91878986,18.6349926,31.24689293,0.150426388,0.036370568,36,37.6,67.9,10.4,0,17.8,38,6/14/23,0,RTWB,Real Time
6/15/23,12.63116932,18.98312759,31.2178936,0.167156797,0.050498366,36,37.6,67.9,10.4,0,17.8,38,6/15/23,0,RTWB,Real Time
6/16/23,13.0047493,19.30304337,31.22191811,0.165744581,0.062700987,36,37.6,67.9,10.4,0,17.8,38,6/16/23,0,RTWB,Real Time
6/17/23,12.89701462,19.55303001,31.16848946,0.1751583,0.092093028,36,37.6,67.9,10.4,0,17.8,38,6/17/23,0,RTWB,Real Time
6/18/23,13.10770702,19.91807175,31.24440956,0.179220124,0.021199293,36,37.6,67.9,10.4,0,17.8,38,6/18/23,0,RTWB,Real Time
6/19/23,13.73838043,20.20111656,31.36720467,0.170072003,0.030041819,36,37.6,67.9,10.4,0,17.8,38,6/19/23,0,RTWB,Real Time
6/20/23,13.95725536,20.41286278,31.3937149,0.169884406,0.032879498,36,37.6,67.9,10.4,0,17.8,38,6/20/23,0,RTWB,Real Time
6/21/23,14.64696884,19.51882935,31.56072235,0.128206855,0.095090061,36,37.6,67.9,10.4,0,17.8,38,6/21/23,0,RTWB,Real Time
6/22/23,15.99565506,18.63391876,31.91705894,0.069427992,0.096495144,36,37.6,67.9,10.4,0,17.8,38,6/22/23,0,RTWB,Real Time
6/23/23,15.94197559,19.04023933,31.7647419,0.081533256,0.00338797,36,37.6,67.9,10.4,0,17.8,38,6/23/23,0,RTWB,Real Time
6/24/23,15.23591614,19.65237427,31.37059784,0.116222582,-0.002440824,36,37.6,67.9,10.4,0,17.8,38,6/24/23,0,RTWB,Real Time
6/25/23,15.15199661,20.21774292,31.16651917,0.133309113,0.00664393,36,37.6,67.9,10.4,0,17.8,38,6/25/23,0,RTWB,Real Time
6/26/23,14.83792973,20.59116173,30.92539978,0.151400842,0.049601167,36,37.6,67.9,10.4,0,17.8,38,6/26/23,0,RTWB,Real Time
6/27/23,14.39704895,20.80345535,30.84670448,0.168589642,0.09689033,36,37.6,67.9,10.4,0,17.8,38,6/27/23,0,RTWB,Real Time
6/28/23,14.04589844,21.01999283,30.83146095,0.1835288,0.024313664,36,37.6,67.9,10.4,0,17.8,38,6/28/23,0,RTWB,Real Time
6/29/23,13.98121548,21.66278076,30.78141022,0.202146455,-0.003716429,36,37.6,67.9,10.4,0,17.8,38,6/29/23,0,RTWB,Real Time
6/30/23,14.06930542,21.92028999,30.81134987,0.206604857,-0.011677042,36,37.6,67.9,10.4,0,17.8,38,6/30/23,0,RTWB,Real Time
7/1/23,15.25693035,22.31064796,30.92726898,0.185624148,-0.047884226,36,37.6,67.9,10.4,0,17.8,38,7/1/23,0,RTWB,Real Time
7/2/23,14.93126297,22.56212425,30.91599464,0.200812139,-0.000625305,36,37.6,67.9,10.4,0,17.8,38,7/2/23,0,RTWB,Real Time
7/3/23,14.32034206,23.05117798,30.85523415,0.22975884,-0.026834361,36,37.6,67.9,10.4,0,17.8,38,7/3/23,0,RTWB,Real Time
7/4/23,13.95522213,23.77968407,30.89678764,0.258538472,-0.035738986,36,37.6,67.9,10.4,0,17.8,38,7/4/23,0,RTWB,Real Time
7/5/23,13.78540039,24.33468819,30.87406731,0.277612837,-0.02268965,36,37.6,67.9,10.4,0,17.8,38,7/5/23,0,RTWB,Real Time
7/6/23,13.80282211,24.76442909,30.84274864,0.288463342,-0.029522629,36,37.6,67.9,10.4,0,17.8,38,7/6/23,0,RTWB,Real Time
7/7/23,13.71243954,25.42744255,30.97647095,0.308289553,0.075677842,36,37.6,67.9,10.4,0,17.8,38,7/7/23,0,RTWB,Real Time
7/8/23,13.77461147,25.62854767,30.98705292,0.311945689,0.09773355,36,37.6,67.9,10.4,0,17.8,38,7/8/23,0,RTWB,Real Time
7/9/23,13.77789307,25.54579735,30.98641777,0.309681692,0.126006022,36,37.6,67.9,10.4,0,17.8,38,7/9/23,0,RTWB,Real Time
7/10/23,13.76200485,25.26497459,30.97038078,0.30270973,0.11077895,36,37.6,67.9,10.4,0,17.8,38,7/10/23,0,RTWB,Real Time
7/11/23,13.9101181,25.65159607,30.91052246,0.308986262,0.05340508,36,37.6,67.9,10.4,0,17.8,38,7/11/23,0,RTWB,Real Time
7/12/23,13.93177795,25.96526527,30.89602089,0.316670719,-0.001898408,36,37.6,67.9,10.4,0,17.8,38,7/12/23,0,RTWB,Real Time
7/13/23,14.47312641,25.83575249,31.07860565,0.299016476,0.007709178,36,37.6,67.9,10.4,0,17.8,38,7/13/23,0,RTWB,Real Time
7/14/23,14.08946514,25.38677216,30.96972847,0.297297553,-0.02352377,36,37.6,67.9,10.4,0,17.8,38,7/14/23,0,RTWB,Real Time
7/15/23,13.81350803,25.32349205,31.13271904,0.302894316,-0.01310737,36,37.6,67.9,10.4,0,17.8,38,7/15/23,0,RTWB,Real Time
7/16/23,13.77609634,25.60232544,31.43213654,0.311216555,0.000564349,36,37.6,67.9,10.4,0,17.8,38,7/16/23,0,RTWB,Real Time
7/17/23,13.42182827,25.20874023,31.47528839,0.310181894,-0.030512264,36,37.6,67.9,10.4,0,17.8,38,7/17/23,0,RTWB,Real Time
7/18/23,13.23620701,25.32342339,31.40508842,0.318084642,-0.017606603,36,37.6,67.9,10.4,0,17.8,38,7/18/23,0,RTWB,Real Time
7/19/23,14.59845448,25.53636169,31.23514557,0.287839664,0.005993365,36,37.6,67.9,10.4,0,17.8,38,7/19/23,0,RTWB,Real Time
7/20/23,14.59596157,25.77246666,31.07507896,0.294118555,0.006142238,36,37.6,67.9,10.4,0,17.8,38,7/20/23,0,RTWB,Real Time
7/21/23,14.66378021,25.67402458,30.96087837,0.289743273,0.055825412,36,37.6,67.9,10.4,0,17.8,38,7/21/23,0,RTWB,Real Time
7/22/23,14.02409363,25.5072937,30.64142418,0.302189476,0.077885635,36,37.6,67.9,10.4,0,17.8,38,7/22/23,0,RTWB,Real Time
7/23/23,13.71567917,25.55141258,30.48400116,0.311466669,0.034093622,36,37.6,67.9,10.4,0,17.8,38,7/23/23,0,RTWB,Real Time
7/24/23,13.40446854,25.64157104,30.42366219,0.322029013,0.009486961,36,37.6,67.9,10.4,0,17.8,38,7/24/23,0,RTWB,Real Time
7/25/23,12.02751637,25.75927162,30.45436287,0.36136198,-0.032219276,36,37.6,67.9,10.4,0,17.8,38,7/25/23,0,RTWB,Real Time
7/26/23,11.93934536,26.13848114,30.41140175,0.373661468,-0.055549074,36,37.6,67.9,10.4,0,17.8,38,7/26/23,0,RTWB,Real Time
7/27/23,11.83966541,25.87253571,30.28140068,0.36928606,-0.070657678,36,37.6,67.9,10.4,0,17.8,38,7/27/23,0,RTWB,Real Time
7/28/23,12.08326244,25.80023384,30.68340492,0.360972932,-0.151816487,36,37.6,67.9,10.4,0,17.8,38,7/28/23,0,RTWB,Real Time
7/29/23,11.36254597,26.01022148,31.19235992,0.385465145,-0.104215555,36,37.6,67.9,10.4,0,17.8,38,7/29/23,0,RTWB,Real Time
7/30/23,11.13907337,24.9336338,31.36149788,0.363014748,-0.076724015,36,37.6,67.9,10.4,0,17.8,38,7/30/23,0,RTWB,Real Time
7/31/23,12.57566357,23.61298561,31.01797295,0.290455843,-0.014622007,36,37.6,67.9,10.4,0,17.8,38,7/31/23,0,RTWB,Real Time
8/1/23,12.66945171,23.18696022,30.906744,0.27677654,-0.04203549,36,37.6,67.9,10.4,0,17.8,38,8/1/23,0,RTWB,Real Time
8/2/23,12.9705019,23.21014214,30.80754662,0.269464217,-0.052742641,36,37.6,67.9,10.4,0,17.8,38,8/2/23,0,RTWB,Real Time
8/3/23,11.65080166,23.30809593,30.90691566,0.306770902,-0.043955233,36,37.6,67.9,10.4,0,17.8,38,8/3/23,0,RTWB,Real Time
8/4/23,11.61815643,23.09247017,31.00738335,0.301955625,0.005754012,36,37.6,67.9,10.4,0,17.8,38,8/4/23,0,RTWB,Real Time
8/5/23,11.40197659,22.92688751,31.05761147,0.30328713,0.054549646,36,37.6,67.9,10.4,0,17.8,38,8/5/23,0,RTWB,Real Time
8/6/23,13.00501251,23.73699379,31.11810875,0.28242056,0.061137319,36,37.6,67.9,10.4,0,17.8,38,8/6/23,0,RTWB,Real Time
8/7/23,13.1352911,23.88124847,31.08895111,0.282788352,0.054650094,36,37.6,67.9,10.4,0,17.8,38,8/7/23,0,RTWB,Real Time
8/8/23,12.95579243,23.74974823,30.86188698,0.284051468,0.082146294,36,37.6,67.9,10.4,0,17.8,38,8/8/23,0,RTWB,Real Time
8/9/23,14.26213741,23.66796112,30.85165405,0.247521677,0.010149368,36,37.6,67.9,10.4,0,17.8,38,8/9/23,0,RTWB,Real Time
8/10/23,14.02582169,23.87283897,30.93203926,0.259132034,0.010633986,36,37.6,67.9,10.4,0,17.8,38,8/10/23,0,RTWB,Real Time
8/11/23,13.83918095,23.59655571,31.16224861,0.25677302,0.020664858,36,37.6,67.9,10.4,0,17.8,38,8/11/23,0,RTWB,Real Time
8/12/23,15.90947819,24.09287834,31.41888618,0.215352636,-0.020599863,36,37.6,67.9,10.4,0,17.8,38,8/12/23,0,RTWB,Real Time
8/13/23,16.04221153,24.1067276,31.66916084,0.212224107,0.01491556,36,37.6,67.9,10.4,0,17.8,38,8/13/23,0,RTWB,Real Time
8/14/23,16.15176201,24.61197662,31.76998138,0.222637227,-0.031603809,36,37.6,67.9,10.4,0,17.8,38,8/14/23,0,RTWB,Real Time
8/15/23,15.91013622,25.15490913,32.00521851,0.243283498,0.01800457,36,37.6,67.9,10.4,0,17.8,38,8/15/23,0,RTWB,Real Time
8/16/23,16.02837181,25.04307747,32.08388519,0.237229096,0.016042044,36,37.6,67.9,10.4,0,17.8,38,8/16/23,0,RTWB,Real Time
8/17/23,16.12276649,25.22360802,31.97249794,0.23949583,0.03107293,36,37.6,67.9,10.4,0,17.8,38,8/17/23,0,RTWB,Real Time
8/18/23,17.23433495,24.95096588,31.82237244,0.203069235,0.065972202,36,37.6,67.9,10.4,0,17.8,38,8/18/23,0,RTWB,Real Time
8/19/23,17.40870857,25.01558876,31.88837242,0.200181058,-0.013620635,36,37.6,67.9,10.4,0,17.8,38,8/19/23,0,RTWB,Real Time
8/20/23,17.55729103,24.96979332,31.98968697,0.19506585,-0.055243287,36,37.6,67.9,10.4,0,17.8,38,8/20/23,0,RTWB,Real Time
8/21/23,17.72805595,24.96095276,31.94224548,0.19033939,-0.020835653,36,37.6,67.9,10.4,0,17.8,38,8/21/23,0,RTWB,Real Time
8/22/23,17.79824448,25.10742188,32.02280045,0.192346774,0.010191042,36,37.6,67.9,10.4,0,17.8,38,8/22/23,0,RTWB,Real Time
8/23/23,17.97101021,24.87969971,31.82568932,0.181807618,0.046325281,36,37.6,67.9,10.4,0,17.8,38,8/23/23,0,RTWB,Real Time
8/24/23,17.80240059,25.00901031,31.86520958,0.189647624,0.037259113,36,37.6,67.9,10.4,0,17.8,38,8/24/23,0,RTWB,Real Time
8/25/23,17.67825317,24.57795143,32.07868576,0.181571007,0.011262566,36,37.6,67.9,10.4,0,17.8,38,8/25/23,0,RTWB,Real Time
8/26/23,17.50850677,24.45874596,32.08165741,0.182901031,0.073119074,36,37.6,67.9,10.4,0,17.8,38,8/26/23,0,RTWB,Real Time
8/27/23,17.73270988,24.38391685,32.05742264,0.175031762,0.033969771,36,37.6,67.9,10.4,0,17.8,38,8/27/23,0,RTWB,Real Time
8/28/23,17.8161068,24.22852325,32.12781143,0.168747802,0.076413333,36,37.6,67.9,10.4,0,17.8,38,8/28/23,0,RTWB,Real Time
8/29/23,17.92385483,24.06093597,32.11411667,0.161502135,0.078707658,36,37.6,67.9,10.4,0,17.8,38,8/29/23,0,RTWB,Real Time
8/30/23,18.40390968,24.06016541,32.10220718,0.148848835,0.053066503,36,37.6,67.9,10.4,0,17.8,38,8/30/23,0,RTWB,Real Time
8/31/23,18.56458092,23.79899025,32.03152084,0.137747614,0.08439102,36,37.6,67.9,10.4,0,17.8,38,8/31/23,0,RTWB,Real Time
9/1/23,19.15026283,23.2599659,31.94166756,0.108150081,0.078582756,36,37.6,67.9,10.4,0,17.8,38,9/1/23,0,RTWB,Real Time
9/2/23,18.32160759,23.69056129,31.89811134,0.141288255,0.007248154,36,37.6,67.9,10.4,0,17.8,38,9/2/23,0,RTWB,Real Time
9/3/23,17.67042351,23.62711906,31.88526344,0.156755146,-0.027172638,36,37.6,67.9,10.4,0,17.8,38,9/3/23,0,RTWB,Real Time
9/4/23,17.06202698,23.68099976,31.82118034,0.174183494,0.022214541,36,37.6,67.9,10.4,0,17.8,38,9/4/23,0,RTWB,Real Time
9/5/23,17.44927406,24.15522003,31.93397522,0.176472262,0.086725153,36,37.6,67.9,10.4,0,17.8,38,9/5/23,0,RTWB,Real Time
9/6/23,17.51374817,24.50502968,31.87879181,0.183981092,0.090036802,36,37.6,67.9,10.4,0,17.8,38,9/6/23,0,RTWB,Real Time
9/7/23,17.46775246,24.87416077,31.84943581,0.194905482,0.107757412,36,37.6,67.9,10.4,0,17.8,38,9/7/23,0,RTWB,Real Time
9/8/23,18.23316765,25.07931328,31.85112572,0.180161727,0.083534919,36,37.6,67.9,10.4,0,17.8,38,9/8/23,0,RTWB,Real Time
9/9/23,18.00432396,25.1957798,31.60348511,0.189248838,0.026540084,36,37.6,67.9,10.4,0,17.8,38,9/9/23,0,RTWB,Real Time
9/10/23,17.78771019,25.38956261,31.52790833,0.200048748,0.024908653,36,37.6,67.9,10.4,0,17.8,38,9/10/23,0,RTWB,Real Time
9/11/23,17.31427765,25.72748375,31.57413673,0.221400161,0.012952243,36,37.6,67.9,10.4,0,17.8,38,9/11/23,0,RTWB,Real Time
9/12/23,17.31366348,25.76375389,31.56813049,0.2223708,0.023056472,36,37.6,67.9,10.4,0,17.8,38,9/12/23,0,RTWB,Real Time
9/13/23,17.47937393,25.60926819,31.58259583,0.213944586,0.066106871,36,37.6,67.9,10.4,0,17.8,38,9/13/23,0,RTWB,Real Time
9/14/23,17.42193794,25.12326622,31.69113159,0.202666534,0.098862775,36,37.6,67.9,10.4,0,17.8,38,9/14/23,0,RTWB,Real Time
9/15/23,18.25031471,24.27900887,32.02113342,0.158649846,0.174258992,36,37.6,67.9,10.4,0,17.8,38,9/15/23,0,RTWB,Real Time
9/16/23,20.19499016,23.76801872,31.66851997,0.094027067,0.165993467,36,37.6,67.9,10.4,0,17.8,38,9/16/23,0,RTWB,Real Time
9/17/23,20.7006588,23.32118225,31.15267181,0.068961143,0.076973327,36,37.6,67.9,10.4,0,17.8,38,9/17/23,0,RTWB,Real Time
9/18/23,19.31173515,23.28006935,31.28785515,0.104429847,0.101561517,36,37.6,67.9,10.4,0,17.8,38,9/18/23,0,RTWB,Real Time
9/19/23,18.60866547,23.00078011,31.1576767,0.115581964,0.046171065,36,37.6,67.9,10.4,0,17.8,38,9/19/23,0,RTWB,Real Time
9/20/23,18.29617691,22.6523037,31.04147911,0.114634915,-0.014722779,36,37.6,67.9,10.4,0,17.8,38,9/20/23,0,RTWB,Real Time
9/21/23,18.01058006,22.63037682,31.03641319,0.121573599,-0.004018451,36,37.6,67.9,10.4,0,17.8,38,9/21/23,0,RTWB,Real Time
9/22/23,18.43602562,22.32324791,30.98630524,0.102295323,0.118632339,36,37.6,67.9,10.4,0,17.8,38,9/22/23,0,RTWB,Real Time
9/23/23,21.19776344,21.68802834,31.04943275,0.012901708,0.382627875,36,37.6,67.9,10.4,0,17.8,38,9/23/23,0,RTWB,Real Time
9/24/23,21.4402771,21.4636364,30.7252655,0.000614718,0.266530722,36,37.6,67.9,10.4,0,17.8,38,9/24/23,0,RTWB,Real Time
9/25/23,21.08276558,21.4770298,30.66007423,0.010375374,0.10998515,36,37.6,67.9,10.4,0,17.8,38,9/25/23,0,RTWB,Real Time
9/26/23,18.27676201,20.52602768,31.06061745,0.059191202,0.246446475,36,37.6,67.9,10.4,0,17.8,38,9/26/23,0,RTWB,Real Time
9/27/23,19.18037605,19.16537476,31.46336365,-0.000394771,0.237448499,36,37.6,67.9,10.4,0,17.8,38,9/27/23,0,RTWB,Real Time
9/28/23,19.14067078,19.13484764,31.60262489,-0.00015324,0.180490732,36,37.6,67.9,10.4,0,17.8,38,9/28/23,0,RTWB,Real Time
9/29/23,19.24022293,19.35510826,31.51106071,0.003023298,0.179541767,36,37.6,67.9,10.4,0,17.8,38,9/29/23,0,RTWB,Real Time
9/30/23,19.30051994,19.32694054,31.75153923,0.000695279,0.171051279,36,37.6,67.9,10.4,0,17.8,38,9/30/23,0,RTWB,Real Time
10/1/23,19.30825996,19.31110382,32.05758286,7.48383E-05,0.198423684,36,37.6,67.9,10.4,0,17.8,38,10/1/23,0,RTWB,Real Time
10/2/23,19.24972343,19.25336456,32.18041229,9.58192E-05,0.151693717,36,37.6,67.9,10.4,0,17.8,38,10/2/23,0,RTWB,Real Time
10/3/23,19.26860046,19.31931114,32.19527817,0.001334492,0.115636252,36,37.6,67.9,10.4,0,17.8,38,10/3/23,0,RTWB,Real Time
10/4/23,19.30085373,19.44629097,32.10898209,0.003827296,0.054299802,36,37.6,67.9,10.4,0,17.8,38,10/4/23,0,RTWB,Real Time
10/5/23,17.94869041,19.70022202,31.94170189,0.046092937,0.046995267,36,37.6,67.9,10.4,0,17.8,38,10/5/23,0,RTWB,Real Time
10/6/23,17.91707802,19.98408699,32.05894089,0.054394973,0.122549467,36,37.6,67.9,10.4,0,17.8,38,10/6/23,0,RTWB,Real Time
10/7/23,17.97549248,20.15908241,32.14886856,0.057462893,0.212483048,36,37.6,67.9,10.4,0,17.8,38,10/7/23,0,RTWB,Real Time
10/8/23,19.33919334,19.49655914,32.0711937,0.004141205,0.157913178,36,37.6,67.9,10.4,0,17.8,38,10/8/23,0,RTWB,Real Time
10/9/23,19.5092907,19.3498497,32.01611328,-0.004195816,0.077809893,36,37.6,67.9,10.4,0,17.8,38,10/9/23,0,RTWB,Real Time
10/10/23,19.58848381,19.15776253,31.83255196,-0.011334771,0.125747815,36,37.6,67.9,10.4,0,17.8,38,10/10/23,0,RTWB,Real Time
10/11/23,18.84685326,19.19288063,32.06978989,0.009105984,0.111457497,36,37.6,67.9,10.4,0,17.8,38,10/11/23,0,RTWB,Real Time
10/12/23,18.78778267,19.2314415,32.13809204,0.011675232,0.136214599,36,37.6,67.9,10.4,0,17.8,38,10/12/23,0,RTWB,Real Time
10/13/23,18.7109108,19.1060276,32.17554092,0.010397811,0.157054186,36,37.6,67.9,10.4,0,17.8,38,10/13/23,0,RTWB,Real Time
10/14/23,18.88202095,18.84668541,32.2562561,-0.000929883,0.220489144,36,37.6,67.9,10.4,0,17.8,38,10/14/23,0,RTWB,Real Time
10/15/23,18.78919601,18.7595005,32.17132187,-0.000781461,0.355402619,36,37.6,67.9,10.4,0,17.8,38,10/15/23,0,RTWB,Real Time
10/16/23,18.58897591,18.52613068,32.00801086,-0.001653822,0.243152753,36,37.6,67.9,10.4,0,17.8,38,10/16/23,0,RTWB,Real Time
10/17/23,17.83970451,18.39116669,31.97597694,0.014512162,0.217797145,36,37.6,67.9,10.4,0,17.8,38,10/17/23,0,RTWB,Real Time
10/18/23,17.78175354,18.1985302,31.93378639,0.010967807,0.123235308,36,37.6,67.9,10.4,0,17.8,38,10/18/23,0,RTWB,Real Time
10/19/23,17.7931118,18.12981033,31.93060493,0.008860488,0.08489456,36,37.6,67.9,10.4,0,17.8,38,10/19/23,0,RTWB,Real Time
10/20/23,17.88936424,18.37569809,31.96604347,0.012798259,0.172355935,36,37.6,67.9,10.4,0,17.8,38,10/20/23,0,RTWB,Real Time
10/21/23,17.93559456,18.35189056,31.88027954,0.010955158,0.272885412,36,37.6,67.9,10.4,0,17.8,38,10/21/23,0,RTWB,Real Time
10/22/23,18.09409714,18.12788963,32.00691986,0.000889276,0.009870783,36,37.6,67.9,10.4,0,17.8,38,10/22/23,0,RTWB,Real Time
10/23/23,18.36532974,17.70913506,32.28066254,-0.017268281,-0.108432256,36,37.6,67.9,10.4,0,17.8,38,10/23/23,0,RTWB,Real Time
10/24/23,18.15415955,17.65065193,32.27157211,-0.0132502,-0.014950511,36,37.6,67.9,10.4,0,17.8,38,10/24/23,0,RTWB,Real Time
10/25/23,17.98179626,17.6089077,32.13216019,-0.009812857,-0.079668231,36,37.6,67.9,10.4,0,17.8,38,10/25/23,0,RTWB,Real Time
10/26/23,17.04923058,18.05133438,31.92367554,0.026371153,-0.151854977,36,37.6,67.9,10.4,0,17.8,38,10/26/23,0,RTWB,Real Time
10/27/23,17.18020439,18.13983917,31.44544792,0.025253547,-0.081383809,36,37.6,67.9,10.4,0,17.8,38,10/27/23,0,RTWB,Real Time
10/28/23,17.27052498,18.42677879,31.25496864,0.030427732,-0.027674323,36,37.6,67.9,10.4,0,17.8,38,10/28/23,0,RTWB,Real Time
10/29/23,17.72412682,18.63520622,31.23152351,0.023975774,-0.0101282,36,37.6,67.9,10.4,0,17.8,38,10/29/23,0,RTWB,Real Time
10/30/23,17.68369865,18.53814888,31.32138252,0.022485532,0.111029692,36,37.6,67.9,10.4,0,17.8,38,10/30/23,0,RTWB,Real Time
10/31/23,17.69087029,18.17711449,31.82633972,0.0127959,0.045205232,36,37.6,67.9,10.4,0,17.8,38,10/31/23,0,RTWB,Real Time
11/1/23,17.51601601,17.46097755,31.8378315,-0.00144838,0.168321684,36,37.6,67.9,10.4,0,17.8,38,11/1/23,0,RTWB,Real Time
11/2/23,17.53367043,17.11140251,31.94553185,-0.011112314,0.081966683,36,37.6,67.9,10.4,0,17.8,38,11/2/23,0,RTWB,Real Time
11/3/23,17.2908802,16.96766853,32.01390076,-0.00850557,0.012024838,36,37.6,67.9,10.4,0,17.8,38,11/3/23,0,RTWB,Real Time
11/4/23,16.78022957,16.70105553,32.0304718,-0.002083527,-0.051814187,36,37.6,67.9,10.4,0,17.8,38,11/4/23,0,RTWB,Real Time
11/5/23,16.75799561,16.68673134,31.98240852,-0.001875375,0.020980665,36,37.6,67.9,10.4,0,17.8,38,11/5/23,0,RTWB,Real Time
11/6/23,16.74646568,16.63146019,32.07331467,-0.00302646,0.074377686,36,37.6,67.9,10.4,0,17.8,38,11/6/23,0,RTWB,Real Time
11/7/23,16.7875843,16.67733192,32.06007004,-0.002901378,0.087333135,36,37.6,67.9,10.4,0,17.8,38,11/7/23,0,RTWB,Real Time
11/8/23,16.66872215,16.5834198,32.02716064,-0.002244799,0.022964435,36,37.6,67.9,10.4,0,17.8,38,11/8/23,0,RTWB,Real Time
11/9/23,16.66582298,16.53316307,32.13706589,-0.00349105,0.054725409,36,37.6,67.9,10.4,0,17.8,38,11/9/23,0,RTWB,Real Time
11/10/23,16.13584518,16.63841438,32.13508987,0.013225505,0.02414827,36,37.6,67.9,10.4,0,17.8,38,11/10/23,0,RTWB,Real Time
11/11/23,16.23701477,16.3110714,32.23142624,0.001948859,-0.092028171,36,37.6,67.9,10.4,0,17.8,38,11/11/23,0,RTWB,Real Time
11/12/23,16.14941978,16.12218285,32.20548248,-0.000716762,-0.079571843,36,37.6,67.9,10.4,0,17.8,38,11/12/23,0,RTWB,Real Time
11/13/23,15.57881641,16.10441971,32.05617523,0.013831666,0.043888737,36,37.6,67.9,10.4,0,17.8,38,11/13/23,0,RTWB,Real Time
11/14/23,15.59983063,15.78402615,32.04022598,0.00484725,-0.007989734,36,37.6,67.9,10.4,0,17.8,38,11/14/23,0,RTWB,Real Time
11/15/23,15.58907032,15.57468319,32.05232239,-0.000378609,-0.014241905,36,37.6,67.9,10.4,0,17.8,38,11/15/23,0,RTWB,Real Time
11/16/23,15.29587841,15.64179707,32.02154922,0.009103123,-0.058943156,36,37.6,67.9,10.4,0,17.8,38,11/16/23,0,RTWB,Real Time
11/17/23,15.25807285,15.57334614,32.01428986,0.008296665,0.01242333,36,37.6,67.9,10.4,0,17.8,38,11/17/23,0,RTWB,Real Time
11/18/23,15.21501827,15.61691666,32.06647873,0.010576273,0.173737034,36,37.6,67.9,10.4,0,17.8,38,11/18/23,0,RTWB,Real Time
11/19/23,15.54426956,15.51735401,32.13053513,-0.000708304,0.100143902,36,37.6,67.9,10.4,0,17.8,38,11/19/23,0,RTWB,Real Time
11/20/23,15.39057446,15.35184479,32.17419052,-0.001019202,0.008309324,36,37.6,67.9,10.4,0,17.8,38,11/20/23,1,RTWB,Real Time
11/21/23,15.20598221,15.18276501,32.14044952,-0.000610979,0.077530131,36,37.6,67.9,10.4,0,17.8,38,11/21/23,0,RTWB,Real Time
11/22/23,15.21010113,15.21329212,31.93494225,8.39735E-05,0.236313894,36,37.6,67.9,10.4,0,17.8,38,11/22/23,0,RTWB,Real Time
11/23/23,15.09512806,15.03579617,31.87403297,-0.001561366,0.079136662,36,37.6,67.9,10.4,0,17.8,38,11/23/23,0,RTWB,Real Time
11/24/23,14.93695068,14.89966679,31.92041206,-0.000981155,0.014915516,36,37.6,67.9,10.4,0,17.8,38,11/24/23,0,RTWB,Real Time
11/25/23,14.57435226,14.5445528,31.97918701,-0.000784196,0.044919297,36,37.6,67.9,10.4,0,17.8,38,11/25/23,0,RTWB,Real Time
11/26/23,14.24289799,14.22361755,31.98017883,-0.00050738,0.054314479,36,37.6,67.9,10.4,0,17.8,38,11/26/23,0,RTWB,Real Time
11/27/23,14.17573929,14.14197445,31.98409462,-0.000888548,0.088616125,36,37.6,67.9,10.4,0,17.8,38,11/27/23,0,RTWB,Real Time
11/28/23,13.89608669,13.95282078,32.07516861,0.001493002,-0.047553409,36,37.6,67.9,10.4,0,17.8,38,11/28/23,0,RTWB,Real Time
11/29/23,13.68785191,13.63260555,32.1388092,-0.001453851,-0.183717653,36,37.6,67.9,10.4,0,17.8,38,11/29/23,0,RTWB,Real Time
11/30/23,13.52372074,13.48734665,32.20905685,-0.000957213,-0.132279158,36,37.6,67.9,10.4,0,17.8,38,11/30/23,0,RTWB,Real Time
12/1/23,13.20723724,13.15751362,32.3708992,-0.001308516,-0.1171811,36,37.6,67.9,10.4,0,17.8,38,12/1/23,0,RTWB,Real Time
12/2/23,13.20330143,13.0243578,32.20785141,-0.004709043,-0.067686044,36,37.6,67.9,10.4,0,17.8,38,12/2/23,0,RTWB,Real Time
12/3/23,13.19557571,12.95952892,32.12017441,-0.006211758,0.040411409,36,37.6,67.9,10.4,0,17.8,38,12/3/23,1,RTWB,Real Time
12/4/23,13.25051403,12.88253021,31.96443939,-0.009683785,0.084881775,36,37.6,67.9,10.4,0,17.8,38,12/4/23,1,RTWB,Real Time
12/5/23,13.27569485,12.9372282,32.08640671,-0.008907017,-0.035649855,36,37.6,67.9,10.4,0,17.8,38,12/5/23,0,RTWB,Real Time
12/6/23,13.23443317,12.99858856,32.19668961,-0.006206437,0.053872328,36,37.6,67.9,10.4,0,17.8,38,12/6/23,1,RTWB,Real Time
12/7/23,12.74461842,12.71535015,32.19123459,-0.000770217,0.041182149,36,37.6,67.9,10.4,0,17.8,38,12/7/23,0,RTWB,Real Time
12/8/23,12.59475327,12.58173656,32.19568634,-0.000342545,-0.034686916,36,37.6,67.9,10.4,0,17.8,38,12/8/23,0,RTWB,Real Time
12/9/23,12.61119843,12.57635212,32.20721436,-0.000917008,-0.016010782,36,37.6,67.9,10.4,0,17.8,38,12/9/23,0,RTWB,Real Time
12/10/23,12.26827621,12.32172489,31.88622475,0.001406544,-0.011305955,36,37.6,67.9,10.4,0,17.8,38,12/10/23,0,RTWB,Real Time
12/11/23,12.37859631,12.0301857,31.61040306,-0.0091687,0.013327144,36,37.6,67.9,10.4,0,17.8,38,12/11/23,0,RTWB,Real Time
12/12/23,12.40334702,11.81306934,31.71069336,-0.015533623,-0.266136616,36,37.6,67.9,10.4,0,17.8,38,12/12/23,0,RTWB,Real Time
12/13/23,12.44227886,11.93144703,31.83237648,-0.013442943,-0.301263779,36,37.6,67.9,10.4,0,17.8,38,12/13/23,0,RTWB,Real Time
12/14/23,12.36138439,11.89115906,32.00827026,-0.012374351,-0.31283322,36,37.6,67.9,10.4,0,17.8,38,12/14/23,0,RTWB,Real Time
12/15/23,12.17775249,11.81601048,32.06586456,-0.009519527,-0.260297745,36,37.6,67.9,10.4,0,17.8,38,12/15/23,0,RTWB,Real Time
12/16/23,11.86717319,11.80760288,32.13726807,-0.00156764,-0.232210323,36,37.6,67.9,10.4,0,17.8,38,12/16/23,0,RTWB,Real Time
12/17/23,11.85164261,11.85040379,32.20520401,-3.26006E-05,0.000306205,36,37.6,67.9,10.4,0,17.8,38,12/17/23,0,RTWB,Real Time
12/18/23,11.90589523,11.89712906,32.06370926,-0.000230689,0.32977736,36,37.6,67.9,10.4,0,17.8,38,12/18/23,0,RTWB,Real Time
12/19/23,11.7555542,11.63594818,32.03328323,-0.003147527,-0.099162251,36,37.6,67.9,10.4,0,17.8,38,12/19/23,0,RTWB,Real Time
12/20/23,11.44073868,11.4009285,32.07713699,-0.001047636,-0.043453205,36,37.6,67.9,10.4,0,17.8,38,12/20/23,0,RTWB,Real Time
12/21/23,11.1414566,11.1064806,31.92873573,-0.000920421,-0.011639044,36,37.6,67.9,10.4,0,17.8,38,12/21/23,0,RTWB,Real Time
12/22/23,10.98000813,10.99085236,31.95932579,0.000285374,0.02984564,36,37.6,67.9,10.4,0,17.8,38,12/22/23,1,RTWB,Real Time
12/23/23,10.91603184,10.89922619,31.95062065,-0.000442254,0.008248358,36,37.6,67.9,10.4,0,17.8,38,12/23/23,0,RTWB,Real Time
12/24/23,10.89343929,10.88891125,31.93135643,-0.000119159,-0.021268705,36,37.6,67.9,10.4,0,17.8,38,12/24/23,1,RTWB,Real Time
12/25/23,10.79722118,10.76223087,32.00772476,-0.000920798,-0.083212517,36,37.6,67.9,10.4,0,17.8,38,12/25/23,1,RTWB,Real Time
12/26/23,10.80817032,10.7719965,32.0428009,-0.000951943,-0.033832937,36,37.6,67.9,10.4,0,17.8,38,12/26/23,1,RTWB,Real Time
12/27/23,10.79200745,10.79506397,32.06938171,8.04349E-05,0.053683281,36,37.6,67.9,10.4,0,17.8,38,12/27/23,0,RTWB,Real Time
12/28/23,10.5446558,10.74329853,31.97588158,0.00522744,0.155578956,36,37.6,67.9,10.4,0,17.8,38,12/28/23,1,RTWB,Real Time
12/29/23,10.52086544,10.67306805,31.90522766,0.004005332,0.146061838,36,37.6,67.9,10.4,0,17.8,38,12/29/23,1,RTWB,Real Time
12/30/23,10.57301235,10.40047359,31.63614845,-0.004540494,0.108534992,36,37.6,67.9,10.4,0,17.8,38,12/30/23,1,RTWB,Real Time
12/31/23,10.37740326,10.49303722,31.51808167,0.003042999,-0.109670073,36,37.6,67.9,10.4,0,17.8,38,12/31/23,1,RTWB,Real Time
1/1/24,10.43370152,10.2895689,31.60556793,-0.003792964,-0.052096963,36,37.6,67.9,10.4,0,17.8,38,1/1/24,1,RTWB,Real Time
1/2/24,10.42806339,10.19967747,31.77108765,-0.006010156,0.025323087,36,37.6,67.9,10.4,0,17.8,38,1/2/24,1,RTWB,Real Time
1/3/24,10.30437374,9.777108192,31.37560844,-0.013875409,-0.011329215,36,37.6,67.9,10.4,0,17.8,38,1/3/24,0,RTWB,Real Time
1/4/24,10.33612537,9.684746742,31.45148277,-0.017141543,0.02484514,36,37.6,67.9,10.4,0,17.8,38,1/4/24,1,RTWB,Real Time
1/5/24,10.23652172,9.77162075,31.8997345,-0.012234236,-0.090481706,36,37.6,67.9,10.4,0,17.8,38,1/5/24,1,RTWB,Real Time
1/6/24,9.887963295,9.775338173,31.90900421,-0.002963819,-0.06547489,36,37.6,67.9,10.4,0,17.8,38,1/6/24,0,RTWB,Real Time
1/7/24,9.710238457,9.695467949,31.84035492,-0.000388698,0.172567204,36,37.6,67.9,10.4,0,17.8,38,1/7/24,0,RTWB,Real Time
1/8/24,9.442088127,9.411669731,31.76525688,-0.000800484,-0.040023658,36,37.6,67.9,10.4,0,17.8,38,1/8/24,1,RTWB,Real Time
1/9/24,9.027550697,9.036538124,31.575243,0.000236511,0.084301226,36,37.6,67.9,10.4,0,17.8,38,1/9/24,0,RTWB,Real Time
1/10/24,8.980744362,8.979710579,31.50503349,-2.72048E-05,0.170871302,36,37.6,67.9,10.4,0,17.8,38,1/10/24,0,RTWB,Real Time
1/11/24,9.237522125,8.904286385,31.464468,-0.008769362,-0.066890888,36,37.6,67.9,10.4,0,17.8,38,1/11/24,1,RTWB,Real Time
1/12/24,9.264456749,9.030688286,31.38439751,-0.006151802,-0.071172215,36,37.6,67.9,10.4,0,17.8,38,1/12/24,1,RTWB,Real Time
1/13/24,9.308275223,9.393239021,31.52580452,0.002235889,0.172000945,36,37.6,67.9,10.4,0,17.8,38,1/13/24,1,RTWB,Real Time
1/14/24,9.596224785,8.916507721,30.90312386,-0.017887291,-0.178902999,36,37.6,67.9,10.4,0,17.8,38,1/14/24,1,RTWB,Real Time
1/15/24,9.576262474,8.599323273,30.95652771,-0.025708926,-0.182394639,36,37.6,67.9,10.4,0,17.8,38,1/15/24,1,RTWB,Real Time
1/16/24,9.560203552,8.705620766,31.18582916,-0.022489021,0.095070802,36,37.6,67.9,10.4,0,17.8,38,1/16/24,0,RTWB,Real Time
1/17/24,9.502104759,8.436635971,31.35333824,-0.028038652,-0.021781549,36,37.6,67.9,10.4,0,17.8,38,1/17/24,0,RTWB,Real Time
1/18/24,9.272416115,7.987045765,31.26548195,-0.033825536,-0.278445512,36,37.6,67.9,10.4,0,17.8,38,1/18/24,1,RTWB,Real Time
1/19/24,9.455818176,7.661082745,31.0436554,-0.04722988,-0.076444894,36,37.6,67.9,10.4,0,17.8,38,1/19/24,0,RTWB,Real Time
1/20/24,9.490069389,7.664599895,31.25391579,-0.048038671,-0.153626665,36,37.6,67.9,10.4,0,17.8,38,1/20/24,0,RTWB,Real Time
1/21/24,9.375230789,7.848203659,31.47866249,-0.040184924,-0.254410177,36,37.6,67.9,10.4,0,17.8,38,1/21/24,1,RTWB,Real Time
1/22/24,8.773524284,7.541817188,31.42584419,-0.032413345,-0.235370353,36,37.6,67.9,10.4,0,17.8,38,1/22/24,1,RTWB,Real Time
1/23/24,8.859142303,7.029624462,31.0310955,-0.048145206,-0.305630535,36,37.6,67.9,10.4,0,17.8,38,1/23/24,1,RTWB,Real Time
1/24/24,8.443618774,6.678734303,30.64710999,-0.046444328,-0.2425742,36,37.6,67.9,10.4,0,17.8,38,1/24/24,1,RTWB,Real Time
1/25/24,8.227907181,6.673934937,29.86670494,-0.040894006,-0.116874494,36,37.6,67.9,10.4,0,17.8,38,1/25/24,1,RTWB,Real Time
1/26/24,8.31333828,6.524068356,29.3818264,-0.047086051,-0.054059897,36,37.6,67.9,10.4,0,17.8,38,1/26/24,1,RTWB,Real Time
1/27/24,8.098589897,6.936762333,29.48980522,-0.03057441,0.016928576,36,37.6,67.9,10.4,0,17.8,38,1/27/24,1,RTWB,Real Time
1/28/24,7.723304749,7.448597431,29.87571526,-0.00722914,0.19715713,36,37.6,67.9,10.4,0,17.8,38,1/28/24,1,RTWB,Real Time
1/29/24,7.525579453,7.336193562,30.17144966,-0.004983839,0.218086004,36,37.6,67.9,10.4,0,17.8,38,1/29/24,1,RTWB,Real Time
1/30/24,7.608634949,7.202448368,31.29574585,-0.010689121,0.180124804,36,37.6,67.9,10.4,0,17.8,38,1/30/24,1,RTWB,Real Time
1/31/24,7.31265974,7.056886673,31.34724617,-0.00673087,0.183985516,36,37.6,67.9,10.4,0,17.8,38,1/31/24,0,RTWB,Real Time
2/1/24,7.146472454,7.122787476,31.35049629,-0.000623289,0.114111565,36,37.6,67.9,10.4,0,17.8,38,2/1/24,0,RTWB,Real Time
2/2/24,7.3306427,7.154895782,31.26754951,-0.004624919,0.071591668,36,37.6,67.9,10.4,0,17.8,38,2/2/24,0,RTWB,Real Time
2/3/24,7.225203037,7.062698364,31.31883049,-0.004276439,0.12772578,36,37.6,67.9,10.4,0,17.8,38,2/3/24,0,RTWB,Real Time
2/4/24,6.966879368,6.898414135,31.25480461,-0.001801717,0.18617864,36,37.6,67.9,10.4,0,17.8,38,2/4/24,0,RTWB,Real Time
2/5/24,6.808432102,6.674528599,31.20353127,-0.003523776,0.215941474,36,37.6,67.9,10.4,0,17.8,38,2/5/24,0,RTWB,Real Time
2/6/24,6.683677673,6.561682224,31.42723846,-0.003210407,0.257207543,36,37.6,67.9,10.4,0,17.8,38,2/6/24,1,RTWB,Real Time
2/7/24,6.53804636,6.537249088,31.41203308,-2.09808E-05,0.189214408,36,37.6,67.9,10.4,0,17.8,38,2/7/24,1,RTWB,Real Time
2/8/24,6.809099197,6.556171417,31.19538689,-0.006655994,0.072623789,36,37.6,67.9,10.4,0,17.8,38,2/8/24,0,RTWB,Real Time
2/9/24,6.966396809,6.531299114,30.79330444,-0.011449939,0.047335569,36,37.6,67.9,10.4,0,17.8,38,2/9/24,1,RTWB,Real Time
2/10/24,7.095134735,6.559975147,29.78689766,-0.014083147,0.099644043,36,37.6,67.9,10.4,0,17.8,38,2/10/24,0,RTWB,Real Time
2/11/24,7.381344318,6.884232044,28.82561493,-0.013081902,0.047482878,36,37.6,67.9,10.4,0,17.8,38,2/11/24,0,RTWB,Real Time
2/12/24,7.425766468,6.926002979,29.01223755,-0.013151671,0.056937378,36,37.6,67.9,10.4,0,17.8,38,2/12/24,0,RTWB,Real Time
2/13/24,7.385349274,6.934158802,30.33459282,-0.011873433,0.232621729,36,37.6,67.9,10.4,0,17.8,38,2/13/24,1,RTWB,Real Time
2/14/24,6.937138081,6.725678921,31.4832325,-0.005564715,0.03670067,36,37.6,67.9,10.4,0,17.8,38,2/14/24,1,RTWB,Real Time
2/15/24,7.016913891,6.801024914,31.73929405,-0.005681289,-0.075890996,36,37.6,67.9,10.4,0,17.8,38,2/15/24,1,RTWB,Real Time
2/16/24,7.195770741,6.58159256,31.51487923,-0.016162584,-0.042047203,36,37.6,67.9,10.4,0,17.8,38,2/16/24,0,RTWB,Real Time
2/17/24,7.246242523,6.666823864,31.5343914,-0.015247859,0.070787273,36,37.6,67.9,10.4,0,17.8,38,2/17/24,0,RTWB,Real Time
2/18/24,7.160900593,6.638682842,31.59298706,-0.013742572,-0.039500747,36,37.6,67.9,10.4,0,17.8,38,2/18/24,0,RTWB,Real Time
2/19/24,7.102277279,5.661667347,30.57519531,-0.037910788,-0.258805245,36,37.6,67.9,10.4,0,17.8,38,2/19/24,0,RTWB,Real Time
2/20/24,6.566720486,6.135709286,31.13862419,-0.0113424,-0.117899455,36,37.6,67.9,10.4,0,17.8,38,2/20/24,0,RTWB,Real Time
2/21/24,6.598752499,6.504982471,31.65790749,-0.002467632,-0.060655702,36,37.6,67.9,10.4,0,17.8,38,2/21/24,1,RTWB,Real Time
2/22/24,6.567450047,6.525607586,31.72210121,-0.001101117,-0.017475864,36,37.6,67.9,10.4,0,17.8,38,2/22/24,0,RTWB,Real Time
2/23/24,6.343152523,6.452494144,31.14507484,0.002877411,0.083203286,36,37.6,67.9,10.4,0,17.8,38,2/23/24,0,RTWB,Real Time
2/24/24,6.428886414,6.235166073,30.43610191,-0.005097904,0.087927014,36,37.6,67.9,10.4,0,17.8,38,2/24/24,0,RTWB,Real Time
2/25/24,6.450573444,6.207202435,31.24951363,-0.0064045,0.008782697,36,37.6,67.9,10.4,0,17.8,38,2/25/24,0,RTWB,Real Time
2/26/24,6.124214172,6.231606007,31.08433723,0.002826101,-0.111935101,36,37.6,67.9,10.4,0,17.8,38,2/26/24,0,RTWB,Real Time
2/27/24,6.163896561,6.168600559,30.19328499,0.000123789,-0.084592737,36,37.6,67.9,10.4,0,17.8,38,2/27/24,0,RTWB,Real Time
2/28/24,6.255022049,6.472635746,30.38469505,0.005726676,-0.028921483,36,37.6,67.9,10.4,0,17.8,38,2/28/24,0,RTWB,Real Time
2/29/24,6.529479504,6.505245686,31.07605553,-0.000637732,-0.323238373,36,37.6,67.9,10.4,0,17.8,38,2/29/24,1,RTWB,Real Time
3/1/24,6.742769718,6.51970911,31.19671059,-0.005870016,-0.399057627,36,37.6,67.9,10.4,0,17.8,38,3/1/24,0,RTWB,Real Time
3/2/24,6.914483547,6.784756184,31.10778236,-0.003413878,-0.225263298,36,37.6,67.9,10.4,0,17.8,38,3/2/24,0,RTWB,Real Time
3/3/24,7.158214569,7.458471298,31.19548988,0.007901493,-0.18914403,36,37.6,67.9,10.4,0,17.8,38,3/3/24,0,RTWB,Real Time
3/4/24,7.141218185,7.488739491,31.12449837,0.009145298,-0.222594306,36,37.6,67.9,10.4,0,17.8,38,3/4/24,0,RTWB,Real Time
3/5/24,6.982227325,7.423777103,31.12461662,0.011619731,0.000850659,36,37.6,67.9,10.4,0,17.8,38,3/5/24,0,RTWB,Real Time
3/6/24,6.890945911,7.236183167,30.91415405,0.009085191,-0.026447803,36,37.6,67.9,10.4,0,17.8,38,3/6/24,0,RTWB,Real Time
3/7/24,6.923406601,7.348293304,30.77212524,0.011181229,-0.0087088,36,37.6,67.9,10.4,0,17.8,38,3/7/24,0,RTWB,Real Time
3/8/24,6.844760895,7.3733325,30.80668831,0.013909779,0.005291066,36,37.6,67.9,10.4,0,17.8,38,3/8/24,1,RTWB,Real Time
3/9/24,6.921835423,7.434997559,30.82342529,0.013504267,0.102203608,36,37.6,67.9,10.4,0,17.8,38,3/9/24,1,RTWB,Real Time
3/10/24,6.991210938,7.461168289,30.90756226,0.012367299,0.149072707,36,37.6,67.9,10.4,0,17.8,38,3/10/24,1,RTWB,Real Time
3/11/24,7.171941757,7.217365742,31.0474987,0.001195368,-0.266651094,36,37.6,67.9,10.4,0,17.8,38,3/11/24,1,RTWB,Real Time
3/12/24,7.29964304,7.411393642,30.88466072,0.002940805,-0.265613705,36,37.6,67.9,10.4,0,17.8,38,3/12/24,0,RTWB,Real Time
3/13/24,7.350720882,7.799851894,30.88555145,0.011819237,-0.101385176,36,37.6,67.9,10.4,0,17.8,38,3/13/24,0,RTWB,Real Time
3/14/24,7.405676365,8.251271248,30.80133247,0.022252497,-0.009821908,36,37.6,67.9,10.4,0,17.8,38,3/14/24,1,RTWB,Real Time
3/15/24,7.471010208,8.396050453,30.79852295,0.024343164,0.016760265,36,37.6,67.9,10.4,0,17.8,38,3/15/24,0,RTWB,Real Time
3/16/24,7.531790257,8.588627815,30.81850433,0.027811515,0.054988429,36,37.6,67.9,10.4,0,17.8,38,3/16/24,0,RTWB,Real Time
3/17/24,7.581880569,8.720231056,30.81232452,0.029956592,0.105226077,36,37.6,67.9,10.4,0,17.8,38,3/17/24,1,RTWB,Real Time
3/18/24,8.135825157,8.664418221,30.78649712,0.013910344,0.0740119,36,37.6,67.9,10.4,0,17.8,38,3/18/24,0,RTWB,Real Time
3/19/24,8.201470375,8.289271355,31.07849693,0.002310552,-0.044137284,36,37.6,67.9,10.4,0,17.8,38,3/19/24,1,RTWB,Real Time
3/20/24,8.32181263,8.347625732,30.85296059,0.000679292,-0.051290747,36,37.6,67.9,10.4,0,17.8,38,3/20/24,1,RTWB,Real Time
3/21/24,8.457232475,8.195674896,30.56482887,-0.006883094,-0.139555469,36,37.6,67.9,10.4,0,17.8,38,3/21/24,1,RTWB,Real Time
3/22/24,8.480091095,8.024657249,30.85245514,-0.011985101,-0.282260984,36,37.6,67.9,10.4,0,17.8,38,3/22/24,1,RTWB,Real Time
3/23/24,8.53359127,8.190546989,31.11907387,-0.009027481,-0.041559935,36,37.6,67.9,10.4,0,17.8,38,3/23/24,0,RTWB,Real Time
3/24/24,8.842459679,8.128552437,31.19493103,-0.018787033,0.003148926,36,37.6,67.9,10.4,0,17.8,38,3/24/24,0,RTWB,Real Time
3/25/24,8.40908432,8.044289589,31.40122223,-0.009599861,0.080665581,36,37.6,67.9,10.4,0,17.8,38,3/25/24,1,RTWB,Real Time
3/26/24,7.845371246,7.837920666,31.59963036,-0.000196068,0.28473556,36,37.6,67.9,10.4,0,17.8,38,3/26/24,1,RTWB,Real Time
3/27/24,7.63888979,7.697982311,31.40868378,0.001555066,0.146453455,36,37.6,67.9,10.4,0,17.8,38,3/27/24,0,RTWB,Real Time
3/28/24,7.642091751,7.704855442,31.38790894,0.001651676,0.05326559,36,37.6,67.9,10.4,0,17.8,38,3/28/24,0,RTWB,Real Time
3/29/24,7.680551052,7.7123456,31.40532112,0.000836699,0.029533008,36,37.6,67.9,10.4,0,17.8,38,3/29/24,0,RTWB,Real Time
3/30/24,7.81984663,7.963273525,31.39843178,0.003774392,-0.089172341,36,37.6,67.9,10.4,0,17.8,38,3/30/24,0,RTWB,Real Time
3/31/24,7.909578323,8.34017849,31.37252998,0.011331583,-0.111718982,36,37.6,67.9,10.4,0,17.8,38,3/31/24,0,RTWB,Real Time
4/1/24,7.925410748,8.475431442,31.42802238,0.014474229,0.007856444,36,37.6,67.9,10.4,0,17.8,38,4/1/24,0,RTWB,Real Time
4/2/24,7.785551071,8.104009628,31.66888237,0.008380488,0.050417762,36,37.6,67.9,10.4,0,17.8,38,4/2/24,0,RTWB,Real Time
4/3/24,7.8548069,8.009879112,31.57234001,0.004080848,0.246312872,36,37.6,67.9,10.4,0,17.8,38,4/3/24,0,RTWB,Real Time
4/4/24,8.008131981,8.120642662,31.19062042,0.002960807,0.329318225,36,37.6,67.9,10.4,0,17.8,38,4/4/24,0,RTWB,Real Time
4/5/24,7.589025974,8.010837555,30.9207058,0.011100305,0.064637452,36,37.6,67.9,10.4,0,17.8,38,4/5/24,0,RTWB,Real Time
4/6/24,7.603609085,7.921527863,30.94709587,0.008366284,-0.025884636,36,37.6,67.9,10.4,0,17.8,38,4/6/24,0,RTWB,Real Time
4/7/24,7.62193346,7.924347401,30.98641014,0.007958262,0.031764593,36,37.6,67.9,10.4,0,17.8,38,4/7/24,0,RTWB,Real Time
4/8/24,7.685058594,8.02889061,31.04369164,0.009048211,-0.001347775,36,37.6,67.9,10.4,0,17.8,38,4/8/24,0,RTWB,Real Time
4/9/24,7.65426302,8.414206505,30.84167671,0.019998513,-0.008507275,36,37.6,67.9,10.4,0,17.8,38,4/9/24,0,RTWB,Real Time
4/10/24,7.669336319,9.185149193,30.45437622,0.039889812,0.013101731,36,37.6,67.9,10.4,0,17.8,38,4/10/24,0,RTWB,Real Time
4/11/24,7.922745228,9.458039284,28.92593384,0.040402475,0.057371587,36,37.6,67.9,10.4,0,17.8,38,4/11/24,0,RTWB,Real Time
4/12/24,7.823377132,9.071570396,29.90603638,0.032847191,0.14440304,36,37.6,67.9,10.4,0,17.8,38,4/12/24,1,RTWB,Real Time
4/13/24,7.733400822,9.210408211,30.25787544,0.038868616,-0.032578874,36,37.6,67.9,10.4,0,17.8,38,4/13/24,0,RTWB,Real Time
4/14/24,7.508939743,9.399406433,30.37662506,0.049749123,-0.124439061,36,37.6,67.9,10.4,0,17.8,38,4/14/24,0,RTWB,Real Time
4/15/24,7.314535618,10.08059883,30.1020565,0.072791137,-0.05381896,36,37.6,67.9,10.4,0,17.8,38,4/15/24,1,RTWB,Real Time
4/16/24,7.248503208,10.79661083,30.09366417,0.093371253,-0.021533357,36,37.6,67.9,10.4,0,17.8,38,4/16/24,0,RTWB,Real Time
4/17/24,7.604604721,10.87417221,30.0496769,0.08604125,-0.053944558,36,37.6,67.9,10.4,0,17.8,38,4/17/24,0,RTWB,Real Time
4/18/24,7.654901028,10.94447231,30.09401703,0.086567665,0.044665128,36,37.6,67.9,10.4,0,17.8,38,4/18/24,0,RTWB,Real Time
4/19/24,7.775903225,10.0983305,30.29763794,0.061116507,0.107887864,36,37.6,67.9,10.4,0,17.8,38,4/19/24,0,RTWB,Real Time
4/20/24,8.220557213,10.18212128,30.20474052,0.051620107,0.02373465,36,37.6,67.9,10.4,0,17.8,38,4/20/24,0,RTWB,Real Time
4/21/24,8.127977371,10.07563972,30.15265083,0.051254272,0.001728646,36,37.6,67.9,10.4,0,17.8,38,4/21/24,0,RTWB,Real Time
4/22/24,8.124142647,9.871695518,30.21639252,0.045988233,-0.04205735,36,37.6,67.9,10.4,0,17.8,38,4/22/24,0,RTWB,Real Time
4/23/24,7.934477329,9.873709679,30.32788658,0.05103243,-0.033022847,36,37.6,67.9,10.4,0,17.8,38,4/23/24,0,RTWB,Real Time
4/24/24,7.803878784,9.933895111,30.29382896,0.056053061,-0.002380227,36,37.6,67.9,10.4,0,17.8,38,4/24/24,0,RTWB,Real Time
4/25/24,7.773303509,10.01946354,30.35978699,0.059109474,-0.013795835,36,37.6,67.9,10.4,0,17.8,38,4/25/24,0,RTWB,Real Time
4/26/24,7.87433815,9.808670998,30.78562164,0.050903496,-0.131378487,36,37.6,67.9,10.4,0,17.8,38,4/26/24,1,RTWB,Real Time
4/27/24,7.917600632,9.894309044,30.86478233,0.052018642,-0.163141191,36,37.6,67.9,10.4,0,17.8,38,4/27/24,0,RTWB,Real Time
4/28/24,7.804833889,10.13394356,30.85605431,0.06129236,-0.091900609,36,37.6,67.9,10.4,0,17.8,38,4/28/24,1,RTWB,Real Time
4/29/24,7.762708664,11.10317993,30.34669304,0.087907139,0.006734631,36,37.6,67.9,10.4,0,17.8,38,4/29/24,1,RTWB,Real Time
4/30/24,7.788380146,11.97679138,29.81549263,0.110221348,0.070086174,36,37.6,67.9,10.4,0,17.8,38,4/30/24,1,RTWB,Real Time
5/1/24,7.79612112,12.44029331,29.52847481,0.122215058,0.098420322,36,37.6,67.9,10.4,0,17.8,38,5/1/24,1,RTWB,Real Time
5/2/24,8.417327881,13.05271149,29.54760742,0.121983779,0.073327877,36,37.6,67.9,10.4,0,17.8,38,5/2/24,0,RTWB,Real Time
5/3/24,8.544211388,12.94610119,29.68459892,0.115839205,0.053612839,36,37.6,67.9,10.4,0,17.8,38,5/3/24,0,RTWB,Real Time
5/4/24,8.778969765,12.36337376,30.24115944,0.094326421,0.036433797,36,37.6,67.9,10.4,0,17.8,38,5/4/24,0,RTWB,Real Time
5/5/24,9.21217823,12.0454874,30.38249016,0.074560768,0.006450981,36,37.6,67.9,10.4,0,17.8,38,5/5/24,0,RTWB,Real Time
5/6/24,9.187897682,12.39838886,30.15223885,0.08448661,-0.034425724,36,37.6,67.9,10.4,0,17.8,38,5/6/24,0,RTWB,Real Time
5/7/24,9.113226891,12.9139452,29.7502346,0.100018903,-0.020495364,36,37.6,67.9,10.4,0,17.8,38,5/7/24,1,RTWB,Real Time
5/8/24,8.399420738,13.45307255,29.62559509,0.132990837,-0.005107827,36,37.6,67.9,10.4,0,17.8,38,5/8/24,0,RTWB,Real Time
5/9/24,8.297522545,13.83183575,29.14914131,0.145639821,0.041384868,36,37.6,67.9,10.4,0,17.8,38,5/9/24,0,RTWB,Real Time
5/10/24,8.409811974,13.2418375,30.14623451,0.127158567,0.190466225,36,37.6,67.9,10.4,0,17.8,38,5/10/24,0,RTWB,Real Time
5/11/24,9.583758354,12.30966187,30.97178078,0.071734303,0.198125973,36,37.6,67.9,10.4,0,17.8,38,5/11/24,0,RTWB,Real Time
5/12/24,9.536044121,11.66136837,31.04723358,0.055929586,0.111561142,36,37.6,67.9,10.4,0,17.8,38,5/12/24,1,RTWB,Real Time
5/13/24,9.267796516,11.71542358,30.99752808,0.064411239,-0.005568057,36,37.6,67.9,10.4,0,17.8,38,5/13/24,0,RTWB,Real Time
5/14/24,9.375301361,12.26298237,29.85371971,0.075991605,-0.052384909,36,37.6,67.9,10.4,0,17.8,38,5/14/24,0,RTWB,Real Time
5/15/24,9.298829079,12.27541637,29.97651672,0.078331245,0.064362891,36,37.6,67.9,10.4,0,17.8,38,5/15/24,1,RTWB,Real Time
5/16/24,9.5072155,11.74941349,30.46340942,0.05900521,0.112469882,36,37.6,67.9,10.4,0,17.8,38,5/16/24,0,RTWB,Real Time
5/17/24,10.83653927,11.94441223,30.75627136,0.029154552,0.131161883,36,37.6,67.9,10.4,0,17.8,38,5/17/24,0,RTWB,Real Time
5/18/24,10.98343372,12.29608631,30.80203247,0.034543489,0.101220228,36,37.6,67.9,10.4,0,17.8,38,5/18/24,0,RTWB,Real Time
5/19/24,10.71111202,11.9245615,30.96082115,0.031932881,0.097840257,36,37.6,67.9,10.4,0,17.8,38,5/19/24,0,RTWB,Real Time
5/20/24,11.26669693,11.49265671,31.01833153,0.00594631,0.063094668,36,37.6,67.9,10.4,0,17.8,38,5/20/24,0,RTWB,Real Time
5/21/24,11.35945415,11.71869183,31.05789948,0.009453623,0.01673119,36,37.6,67.9,10.4,0,17.8,38,5/21/24,0,RTWB,Real Time
5/22/24,11.1927309,12.54191971,30.75873566,0.035504969,-0.029249826,36,37.6,67.9,10.4,0,17.8,38,5/22/24,0,RTWB,Real Time
5/23/24,11.32653332,14.46875,29.69336891,0.082689913,-0.082861833,36,37.6,67.9,10.4,0,17.8,38,5/23/24,0,RTWB,Real Time
5/24/24,11.13909531,15.2831316,29.49710655,0.109053587,-0.011188651,36,37.6,67.9,10.4,0,17.8,38,5/24/24,0,RTWB,Real Time
5/25/24,10.97855759,15.81720829,29.48692322,0.127332913,-0.003924672,36,37.6,67.9,10.4,0,17.8,38,5/25/24,0,RTWB,Real Time
5/26/24,11.08829403,16.59837914,29.58727455,0.14500224,0.019607952,36,37.6,67.9,10.4,0,17.8,38,5/26/24,0,RTWB,Real Time
5/27/24,11.09959412,16.86166382,29.52752495,0.151633413,0.08078897,36,37.6,67.9,10.4,0,17.8,38,5/27/24,0,RTWB,Real Time
5/28/24,11.0759697,17.3263092,29.31974602,0.164482619,0.115711331,36,37.6,67.9,10.4,0,17.8,38,5/28/24,0,RTWB,Real Time
5/29/24,11.22564983,17.48700714,29.23491859,0.164772561,0.058875054,36,37.6,67.9,10.4,0,17.8,38,5/29/24,0,RTWB,Real Time
5/30/24,11.20668888,17.81131744,29.14147186,0.173806015,0.02350767,36,37.6,67.9,10.4,0,17.8,38,5/30/24,0,RTWB,Real Time
5/31/24,11.25747395,17.56815529,28.95580101,0.166070562,0.011569987,36,37.6,67.9,10.4,0,17.8,38,5/31/24,0,RTWB,Real Time
6/1/24,11.4502039,17.70079422,28.72473145,0.164489219,-0.036378819,36,37.6,67.9,10.4,0,17.8,38,6/1/24,1,RTWB,Real Time
6/2/24,11.41128445,18.15808678,28.56534386,0.17754743,-0.027609101,36,37.6,67.9,10.4,0,17.8,38,6/2/24,0,RTWB,Real Time
6/3/24,11.33854675,18.4304142,28.06135368,0.186628091,-0.030971996,36,37.6,67.9,10.4,0,17.8,38,6/3/24,0,RTWB,Real Time
6/4/24,11.40123463,18.6836319,27.90849876,0.191642033,0.016149631,36,37.6,67.9,10.4,0,17.8,38,6/4/24,0,RTWB,Real Time
6/5/24,11.4628334,18.7929306,27.91672707,0.192897295,0.006518396,36,37.6,67.9,10.4,0,17.8,38,6/5/24,0,RTWB,Real Time
6/6/24,11.38327694,18.38082695,28.40570068,0.184146053,0.007705749,36,37.6,67.9,10.4,0,17.8,38,6/6/24,0,RTWB,Real Time
6/7/24,11.2662878,19.09983063,28.91701508,0.206145864,0.055121828,36,37.6,67.9,10.4,0,17.8,38,6/7/24,0,RTWB,Real Time
6/8/24,11.30852127,19.94444466,28.74912262,0.227261142,0.03457303,36,37.6,67.9,10.4,0,17.8,38,6/8/24,0,RTWB,Real Time
6/9/24,11.28145218,19.85873985,28.88746071,0.225718097,0.011018121,36,37.6,67.9,10.4,0,17.8,38,6/9/24,0,RTWB,Real Time
6/10/24,10.89601135,19.69218254,29.04253578,0.231478189,0.03715501,36,37.6,67.9,10.4,0,17.8,38,6/10/24,0,RTWB,Real Time
6/11/24,10.92464733,19.9270649,29.06908417,0.236905725,0.027821392,36,37.6,67.9,10.4,0,17.8,38,6/11/24,0,RTWB,Real Time
6/12/24,11.08766556,19.9374218,29.1764698,0.232888322,-0.008969157,36,37.6,67.9,10.4,0,17.8,38,6/12/24,0,RTWB,Real Time
6/13/24,11.19580936,19.99451256,29.35307884,0.231544821,-0.070722848,36,37.6,67.9,10.4,0,17.8,38,6/13/24,0,RTWB,Real Time
6/14/24,11.08799648,19.98497009,29.51966858,0.234130884,-0.056014687,36,37.6,67.9,10.4,0,17.8,38,6/14/24,0,RTWB,Real Time
6/15/24,10.9547224,20.76250458,29.41761017,0.258099531,-0.01953092,36,37.6,67.9,10.4,0,17.8,38,6/15/24,0,RTWB,Real Time
6/16/24,11.19704723,21.01720619,29.58346558,0.258425236,-0.033859745,36,37.6,67.9,10.4,0,17.8,38,6/16/24,0,RTWB,Real Time
6/17/24,11.41618443,21.18313026,29.57675934,0.25702489,-0.090011925,36,37.6,67.9,10.4,0,17.8,38,6/17/24,0,RTWB,Real Time
6/18/24,11.15959072,21.59531593,29.42539215,0.274624348,-0.129666999,36,37.6,67.9,10.4,0,17.8,38,6/18/24,0,RTWB,Real Time
6/19/24,11.9105835,22.46382904,29.63308716,0.277716988,-0.197763517,36,37.6,67.9,10.4,0,17.8,38,6/19/24,0,RTWB,Real Time
6/20/24,11.74456406,23.15093803,29.74972725,0.300167736,-0.21067661,36,37.6,67.9,10.4,0,17.8,38,6/20/24,0,RTWB,Real Time
6/21/24,11.16374207,23.45471191,30.04928017,0.323446575,-0.244485959,36,37.6,67.9,10.4,0,17.8,38,6/21/24,0,RTWB,Real Time
6/22/24,11.53497791,23.93673515,30.40722656,0.326362033,-0.144098595,36,37.6,67.9,10.4,0,17.8,38,6/22/24,0,RTWB,Real Time
6/23/24,11.07306957,23.55989075,30.61711121,0.328600557,-0.107789606,36,37.6,67.9,10.4,0,17.8,38,6/23/24,0,RTWB,Real Time
6/24/24,10.37276649,22.22972679,30.97436333,0.312025271,-0.154303163,36,37.6,67.9,10.4,0,17.8,38,6/24/24,0,RTWB,Real Time
6/25/24,11.38841629,22.19501686,30.94988441,0.284384226,-0.098466121,36,37.6,67.9,10.4,0,17.8,38,6/25/24,0,RTWB,Real Time
6/26/24,11.47186661,22.29226112,31.02883148,0.284747224,-0.05266941,36,37.6,67.9,10.4,0,17.8,38,6/26/24,0,RTWB,Real Time
6/27/24,11.44600964,22.2865448,31.24072075,0.285277241,-0.017354004,36,37.6,67.9,10.4,0,17.8,38,6/27/24,0,RTWB,Real Time
6/28/24,12.35563946,21.70989037,31.24787331,0.246164498,0.009083343,36,37.6,67.9,10.4,0,17.8,38,6/28/24,0,RTWB,Real Time
6/29/24,12.72886658,21.62359619,31.22686195,0.234071832,-0.028612981,36,37.6,67.9,10.4,0,17.8,38,6/29/24,0,RTWB,Real Time
6/30/24,12.56197453,21.3135643,31.33350182,0.230304994,-0.036787491,36,37.6,67.9,10.4,0,17.8,38,6/30/24,0,RTWB,Real Time
7/1/24,12.32457352,21.10471153,31.39559174,0.231056264,-0.051233467,36,37.6,67.9,10.4,0,17.8,38,7/1/24,0,RTWB,Real Time
7/2/24,12.43577576,21.5348835,31.4050808,0.239450204,-0.055299867,36,37.6,67.9,10.4,0,17.8,38,7/2/24,0,RTWB,Real Time
7/3/24,12.74230289,21.85783195,31.40749931,0.239882344,-0.044625998,36,37.6,67.9,10.4,0,17.8,38,7/3/24,0,RTWB,Real Time
7/4/24,13.10456467,22.00769234,31.68397522,0.234292833,-0.071839273,36,37.6,67.9,10.4,0,17.8,38,7/4/24,0,RTWB,Real Time
7/5/24,12.8670187,22.1190033,31.76165009,0.243473279,-0.066136204,36,37.6,67.9,10.4,0,17.8,38,7/5/24,0,RTWB,Real Time
7/6/24,12.55097103,22.51493645,31.88845634,0.262209616,-0.050579067,36,37.6,67.9,10.4,0,17.8,38,7/6/24,0,RTWB,Real Time
7/7/24,12.55802441,23.40196419,31.88886833,0.285366836,-0.040136926,36,37.6,67.9,10.4,0,17.8,38,7/7/24,0,RTWB,Real Time
7/8/24,12.61355591,23.86961555,31.87058449,0.296212096,-0.010148611,36,37.6,67.9,10.4,0,17.8,38,7/8/24,0,RTWB,Real Time
7/9/24,12.71152496,23.98216248,31.84870911,0.296595724,-0.028948061,36,37.6,67.9,10.4,0,17.8,38,7/9/24,0,RTWB,Real Time
7/10/24,13.39118195,24.47554779,32.10562897,0.291693838,-0.056391198,36,37.6,67.9,10.4,0,17.8,38,7/10/24,0,RTWB,Real Time
7/11/24,12.89216995,24.37401581,32.23096085,0.302153838,-0.106662937,36,37.6,67.9,10.4,0,17.8,38,7/11/24,0,RTWB,Real Time
7/12/24,12.66839504,24.36080742,32.17047119,0.307695063,-0.098552942,36,37.6,67.9,10.4,0,17.8,38,7/12/24,0,RTWB,Real Time
7/13/24,13.98261929,23.95218468,32.09563828,0.262356984,-0.138086781,36,37.6,67.9,10.4,0,17.8,38,7/13/24,0,RTWB,Real Time
7/14/24,13.99434662,23.88667297,31.99033546,0.260324378,-0.103075206,36,37.6,67.9,10.4,0,17.8,38,7/14/24,0,RTWB,Real Time
7/15/24,13.9519949,23.81314087,32.03308487,0.259503841,-0.026301077,36,37.6,67.9,10.4,0,17.8,38,7/15/24,0,RTWB,Real Time
10/27/24,17.875597,17.72038651,32.18797302,-0.004084487,-0.039304696,36,37.6,67.9,10.4,0,17.8,38,10/27/24,0,RTWB,Real Time
10/28/24,17.88539696,17.57685661,32.18272781,-0.008119483,-0.10827744,36,37.6,67.9,10.4,0,17.8,38,10/28/24,0,RTWB,Real Time
10/29/24,17.63926125,17.62384224,32.25780487,-0.000405763,-0.072929494,36,37.6,67.9,10.4,0,17.8,38,10/29/24,0,RTWB,Real Time
10/30/24,17.43315887,17.61118889,32.23947525,0.004685,-0.045167774,36,37.6,67.9,10.4,0,17.8,38,10/30/24,0,RTWB,Real Time
10/31/24,16.96221352,17.73621368,31.88757515,0.020368425,-0.123809218,36,37.6,67.9,10.4,0,17.8,38,10/31/24,0,RTWB,Real Time
11/1/24,16.92175293,17.90901756,31.5524044,0.025980648,-0.156082228,36,37.6,67.9,10.4,0,17.8,38,11/1/24,0,RTWB,Real Time
11/2/24,16.91476059,17.8891201,31.73648262,0.02564104,-0.126188889,36,37.6,67.9,10.4,0,17.8,38,11/2/24,0,RTWB,Real Time
11/3/24,16.89661789,17.56906319,31.83166504,0.017695929,-0.028966634,36,37.6,67.9,10.4,0,17.8,38,11/3/24,0,RTWB,Real Time
11/4/24,17.21280289,17.51709938,31.95220947,0.008007802,-0.009778013,36,37.6,67.9,10.4,0,17.8,38,11/4/24,0,RTWB,Real Time
11/5/24,17.23677063,17.54736328,31.97237206,0.008173491,-0.062331375,36,37.6,67.9,10.4,0,17.8,38,11/5/24,0,RTWB,Real Time
11/6/24,17.10385513,17.61845779,31.97660828,0.013542175,-0.105370969,36,37.6,67.9,10.4,0,17.8,38,11/6/24,0,RTWB,Real Time
11/7/24,17.28187943,17.89206314,31.97471809,0.016057466,-0.106502451,36,37.6,67.9,10.4,0,17.8,38,11/7/24,0,RTWB,Real Time
11/8/24,17.15036201,17.90374184,32.03391647,0.019825785,0.019475425,36,37.6,67.9,10.4,0,17.8,38,11/8/24,0,RTWB,Real Time
11/9/24,17.18047142,17.64843559,32.23397446,0.012314847,-0.048063319,36,37.6,67.9,10.4,0,17.8,38,11/9/24,0,RTWB,Real Time
11/10/24,17.12362862,17.10774612,32.33815765,-0.00041796,-0.035426129,36,37.6,67.9,10.4,0,17.8,38,11/10/24,0,RTWB,Real Time
11/11/24,16.96559906,17.05042267,32.26408386,0.0022322,-0.025998132,36,37.6,67.9,10.4,0,17.8,38,11/11/24,0,RTWB,Real Time
11/12/24,16.66031075,16.99527931,32.19419098,0.008814962,-0.062820069,36,37.6,67.9,10.4,0,17.8,38,11/12/24,0,RTWB,Real Time
11/13/24,16.95575142,16.73208237,32.37347794,-0.005886028,0.066700414,36,37.6,67.9,10.4,0,17.8,38,11/13/24,0,RTWB,Real Time
11/14/24,16.68600655,16.57530212,32.39054489,-0.002913274,0.172187865,36,37.6,67.9,10.4,0,17.8,38,11/14/24,0,RTWB,Real Time
11/15/24,16.43967438,16.41752052,32.29943466,-0.000582996,0.240663901,36,37.6,67.9,10.4,0,17.8,38,11/15/24,0,RTWB,Real Time
11/16/24,16.38770676,16.35634041,32.24649048,-0.00082543,0.206186175,36,37.6,67.9,10.4,0,17.8,38,11/16/24,0,RTWB,Real Time
11/17/24,16.21780205,16.19117546,32.24521255,-0.0007007,0.078516528,36,37.6,67.9,10.4,0,17.8,38,11/17/24,0,RTWB,Real Time
11/18/24,16.13414955,16.11159134,32.26838684,-0.000593637,0.063922249,36,37.6,67.9,10.4,0,17.8,38,11/18/24,0,RTWB,Real Time
11/19/24,15.87347698,15.86744213,32.4288063,-0.000158812,0.095151961,36,37.6,67.9,10.4,0,17.8,38,11/19/24,0,RTWB,Real Time
11/20/24,15.88007355,15.88354778,32.44241333,9.14273E-05,0.103415303,36,37.6,67.9,10.4,0,17.8,38,11/20/24,0,RTWB,Real Time
11/21/24,15.8336792,15.78641033,32.41643143,-0.001243918,0.20020771,36,37.6,67.9,10.4,0,17.8,38,11/21/24,0,RTWB,Real Time
11/22/24,15.17571259,15.38501072,32.40709686,0.005507846,0.132873252,36,37.6,67.9,10.4,0,17.8,38,11/22/24,1,RTWB,Real Time
11/23/24,15.33129501,15.06181622,32.47689438,-0.007091547,0.055091243,36,37.6,67.9,10.4,0,17.8,38,11/23/24,0,RTWB,Real Time
11/24/24,15.28863907,14.90686131,32.60856247,-0.010046783,-0.186345741,36,37.6,67.9,10.4,0,17.8,38,11/24/24,0,RTWB,Real Time
11/25/24,15.15657043,14.89704609,32.67199707,-0.006829588,-0.281162828,36,37.6,67.9,10.4,0,17.8,38,11/25/24,0,RTWB,Real Time
11/26/24,15.33721828,14.71526241,32.59861374,-0.01636726,-0.139547095,36,37.6,67.9,10.4,0,17.8,38,11/26/24,0,RTWB,Real Time
11/27/24,15.36771488,14.78074741,32.76696014,-0.015446512,-0.019882506,36,37.6,67.9,10.4,0,17.8,38,11/27/24,1,RTWB,Real Time
11/28/24,15.15677738,14.83442593,32.79070663,-0.008482933,0.02844972,36,37.6,67.9,10.4,0,17.8,38,11/28/24,0,RTWB,Real Time
11/29/24,15.34393024,14.57048035,32.7918396,-0.020353945,-0.077511042,36,37.6,67.9,10.4,0,17.8,38,11/29/24,0,RTWB,Real Time
11/30/24,15.53454685,14.2305479,32.82161331,-0.034315762,-0.142853498,36,37.6,67.9,10.4,0,17.8,38,11/30/24,0,RTWB,Real Time
12/1/24,15.35122681,14.08751011,32.97213364,-0.033255703,-0.175008282,36,37.6,67.9,10.4,0,17.8,38,12/1/24,0,RTWB,Real Time
12/2/24,15.21721935,13.91165161,33.04957199,-0.034357046,-0.204749465,36,37.6,67.9,10.4,0,17.8,38,12/2/24,0,RTWB,Real Time
12/3/24,15.1021719,13.67569351,33.12142181,-0.037538905,-0.147820741,36,37.6,67.9,10.4,0,17.8,38,12/3/24,1,RTWB,Real Time
12/4/24,13.6815691,13.23411274,32.99792099,-0.011775167,-0.15170987,36,37.6,67.9,10.4,0,17.8,38,12/4/24,1,RTWB,Real Time
12/5/24,13.42329884,13.09938526,33.03204346,-0.008524041,-0.342195749,36,37.6,67.9,10.4,0,17.8,38,12/5/24,0,RTWB,Real Time
12/6/24,13.98657131,12.6640234,33.0877037,-0.034803892,-0.411280483,36,37.6,67.9,10.4,0,17.8,38,12/6/24,0,RTWB,Real Time
12/7/24,13.48705959,12.31459904,33.26273346,-0.030854225,-0.268409401,36,37.6,67.9,10.4,0,17.8,38,12/7/24,0,RTWB,Real Time
12/8/24,13.59369659,12.08153534,33.28621292,-0.039793717,-0.245871052,36,37.6,67.9,10.4,0,17.8,38,12/8/24,1,RTWB,Real Time
12/9/24,13.72621632,11.99228001,33.21414566,-0.045629903,-0.194059908,36,37.6,67.9,10.4,0,17.8,38,12/9/24,1,RTWB,Real Time
12/10/24,13.44906139,11.97184467,33.23565674,-0.038874124,-0.095328592,36,37.6,67.9,10.4,0,17.8,38,12/10/24,0,RTWB,Real Time
12/11/24,13.26358032,11.83931637,33.07217407,-0.03748063,0.020923754,36,37.6,67.9,10.4,0,17.8,38,12/11/24,0,RTWB,Real Time
12/12/24,13.28085995,11.83588886,33.27381897,-0.038025555,-0.25342685,36,37.6,67.9,10.4,0,17.8,38,12/12/24,1,RTWB,Real Time
12/13/24,13.40923691,11.82388973,33.48749542,-0.041719663,-0.447158456,36,37.6,67.9,10.4,0,17.8,38,12/13/24,1,RTWB,Real Time
12/14/24,13.16468525,11.73527813,33.50973129,-0.037615977,-0.331547946,36,37.6,67.9,10.4,0,17.8,38,12/14/24,0,RTWB,Real Time
12/15/24,12.24203587,11.39678669,33.31920242,-0.022243399,-0.2952694,36,37.6,67.9,10.4,0,17.8,38,12/15/24,0,RTWB,Real Time
12/16/24,11.44338131,11.44387913,33.29835129,1.31005E-05,-0.18226403,36,37.6,67.9,10.4,0,17.8,38,12/16/24,0,RTWB,Real Time
12/17/24,11.69852066,11.36730671,33.23062134,-0.008716157,-0.203349158,36,37.6,67.9,10.4,0,17.8,38,12/17/24,1,RTWB,Real Time
12/18/24,12.01067734,11.36848736,33.24563217,-0.016899736,-0.2304371,36,37.6,67.9,10.4,0,17.8,38,12/18/24,1,RTWB,Real Time
12/19/24,11.96503735,11.3886528,33.27621078,-0.015168014,-0.151126906,36,37.6,67.9,10.4,0,17.8,38,12/19/24,1,RTWB,Real Time
12/20/24,11.74574566,11.50059986,33.38733673,-0.006451205,-0.043928247,36,37.6,67.9,10.4,0,17.8,38,12/20/24,0,RTWB,Real Time
12/21/24,11.37229061,11.33066654,33.31951523,-0.00109537,0.061383653,36,37.6,67.9,10.4,0,17.8,38,12/21/24,1,RTWB,Real Time
12/22/24,10.67797565,10.62564373,33.32298279,-0.001377156,-0.097766191,36,37.6,67.9,10.4,0,17.8,38,12/22/24,0,RTWB,Real Time
12/23/24,10.44769764,10.4060955,33.34023666,-0.001094793,-0.269011289,36,37.6,67.9,10.4,0,17.8,38,12/23/24,1,RTWB,Real Time
12/24/24,10.34517956,10.29251003,33.32610321,-0.00138604,-0.240782097,36,37.6,67.9,10.4,0,17.8,38,12/24/24,1,RTWB,Real Time
12/25/24,10.12096691,10.0854311,33.38705063,-0.000935153,-0.217090666,36,37.6,67.9,10.4,0,17.8,38,12/25/24,0,RTWB,Real Time
12/26/24,9.880046844,9.852359772,33.34975052,-0.000728607,-0.130747363,36,37.6,67.9,10.4,0,17.8,38,12/26/24,0,RTWB,Real Time
12/27/24,9.62015152,9.623566628,33.27912521,8.98713E-05,-0.091906153,36,37.6,67.9,10.4,0,17.8,38,12/27/24,0,RTWB,Real Time
12/28/24,9.864361763,9.844302177,33.3828392,-0.000527884,-0.135048315,36,37.6,67.9,10.4,0,17.8,38,12/28/24,0,RTWB,Real Time
12/29/24,10.07610035,9.760041237,33.25190735,-0.008317345,-0.13091366,36,37.6,67.9,10.4,0,17.8,38,12/29/24,0,RTWB,Real Time
12/30/24,10.35749626,9.894464493,33.2493248,-0.012185047,-0.0364094,36,37.6,67.9,10.4,0,17.8,38,12/30/24,0,RTWB,Real Time
12/31/24,10.54695415,9.911359787,33.25421524,-0.016726168,0.303672522,36,37.6,67.9,10.4,0,17.8,38,12/31/24,0,RTWB,Real Time