time,bottom_temp,sst,sss,stratificaton,zeta,dist_shore_km,dist_OC_km,dist_200m_km,dist_MO_km,dist_RTWB_km,dist_NB_km,depth_m,date,daily_occurrence,site,device_type
11/3/14,17.07805824,17.01935387,33.25938797,-0.001630677,-0.10022223,48.7,50.2,55.9,22.4,12.2,23.9,36,11/3/14,0,T2M,Archival
11/4/14,17.0939846,17.00754356,33.29973984,-0.00240114,-0.288654119,48.7,50.2,55.9,22.4,12.2,23.9,36,11/4/14,0,T2M,Archival
11/5/14,17.14123535,17.12701988,33.35860825,-0.000394874,-0.194993913,48.7,50.2,55.9,22.4,12.2,23.9,36,11/5/14,0,T2M,Archival
11/6/14,16.81613159,16.9807415,33.36732483,0.004572497,-0.077087224,48.7,50.2,55.9,22.4,12.2,23.9,36,11/6/14,0,T2M,Archival
11/7/14,16.95914078,16.86716461,33.35137558,-0.002554893,-0.108050205,48.7,50.2,55.9,22.4,12.2,23.9,36,11/7/14,0,T2M,Archival
11/8/14,17.1956234,16.61318398,33.40612411,-0.016178873,-0.209279135,48.7,50.2,55.9,22.4,12.2,23.9,36,11/8/14,0,T2M,Archival
11/9/14,17.50578117,16.63184166,33.31388474,-0.024276098,-0.172949374,48.7,50.2,55.9,22.4,12.2,23.9,36,11/9/14,0,T2M,Archival
11/10/14,17.72224998,16.58642769,33.19072342,-0.031550619,-0.155673787,48.7,50.2,55.9,22.4,12.2,23.9,36,11/10/14,0,T2M,Archival
11/11/14,17.50565529,16.56509972,33.23129654,-0.026126544,-0.054644246,48.7,50.2,55.9,22.4,12.2,23.9,36,11/11/14,0,T2M,Archival
11/12/14,17.04199409,16.22971535,33.2195015,-0.022563299,-0.002327324,48.7,50.2,55.9,22.4,12.2,23.9,36,11/12/14,0,T2M,Archival
11/13/14,16.95853424,15.92116833,33.27727509,-0.02881572,-0.04050944,48.7,50.2,55.9,22.4,12.2,23.9,36,11/13/14,0,T2M,Archival
11/14/14,16.40294838,15.68829346,33.34375381,-0.019851526,-0.061664592,48.7,50.2,55.9,22.4,12.2,23.9,36,11/14/14,0,T2M,Archival
11/15/14,15.23600769,15.18699932,33.63486099,-0.001361344,-0.219380036,48.7,50.2,55.9,22.4,12.2,23.9,36,11/15/14,0,T2M,Archival
11/16/14,15.04073429,15.00756073,33.65525818,-0.000921488,-0.201660767,48.7,50.2,55.9,22.4,12.2,23.9,36,11/16/14,0,T2M,Archival
11/17/14,15.00631046,14.99593067,33.64396667,-0.000288328,-0.035013739,48.7,50.2,55.9,22.4,12.2,23.9,36,11/17/14,0,T2M,Archival
11/18/14,15.36112499,15.24454784,33.76307297,-0.003238254,-0.203520551,48.7,50.2,55.9,22.4,12.2,23.9,36,11/18/14,0,T2M,Archival
11/19/14,15.15790939,14.97491837,33.83596802,-0.005083084,-0.379864901,48.7,50.2,55.9,22.4,12.2,23.9,36,11/19/14,0,T2M,Archival
11/20/14,15.84705067,14.34008121,33.38183212,-0.041860263,-0.244468614,48.7,50.2,55.9,22.4,12.2,23.9,36,11/20/14,0,T2M,Archival
11/21/14,15.93618488,14.43171597,33.46154785,-0.041790803,-0.344174296,48.7,50.2,55.9,22.4,12.2,23.9,36,11/21/14,0,T2M,Archival
11/22/14,15.89834499,14.11062717,33.54235458,-0.049658828,-0.282764077,48.7,50.2,55.9,22.4,12.2,23.9,36,11/22/14,0,T2M,Archival
11/23/14,15.6238327,14.20355892,33.64713669,-0.039452049,-0.265395552,48.7,50.2,55.9,22.4,12.2,23.9,36,11/23/14,0,T2M,Archival
11/24/14,15.07486057,14.00936127,33.61665344,-0.029597203,-0.084286056,48.7,50.2,55.9,22.4,12.2,23.9,36,11/24/14,1,T2M,Archival
11/25/14,15.00457859,14.04008961,33.58282089,-0.026791361,-0.077166267,48.7,50.2,55.9,22.4,12.2,23.9,36,11/25/14,0,T2M,Archival
11/26/14,14.96073246,14.06423569,33.64677048,-0.024902688,0.017422602,48.7,50.2,55.9,22.4,12.2,23.9,36,11/26/14,1,T2M,Archival
11/27/14,15.30984116,14.95438385,33.82627106,-0.009873814,0.038614932,48.7,50.2,55.9,22.4,12.2,23.9,36,11/27/14,1,T2M,Archival
11/28/14,14.95693111,14.88305283,33.871521,-0.002052175,-0.12093284,48.7,50.2,55.9,22.4,12.2,23.9,36,11/28/14,0,T2M,Archival
11/29/14,14.6698637,14.63810825,33.87765884,-0.000882096,-0.130277142,48.7,50.2,55.9,22.4,12.2,23.9,36,11/29/14,0,T2M,Archival
11/30/14,14.57468796,14.53416729,33.88128662,-0.001125574,-0.594368935,48.7,50.2,55.9,22.4,12.2,23.9,36,11/30/14,0,T2M,Archival
12/1/14,13.61028957,13.5269165,33.8688736,-0.002315919,-0.117080323,48.7,50.2,55.9,22.4,12.2,23.9,36,12/1/14,0,T2M,Archival
12/2/14,13.78635788,13.383214,33.84963608,-0.011198441,-0.116694331,48.7,50.2,55.9,22.4,12.2,23.9,36,12/2/14,0,T2M,Archival
12/3/14,13.92327785,13.9014101,33.90968323,-0.000607438,-0.010607858,48.7,50.2,55.9,22.4,12.2,23.9,36,12/3/14,0,T2M,Archival
12/4/14,13.99805355,13.78201294,33.90468597,-0.006001128,-0.178113744,48.7,50.2,55.9,22.4,12.2,23.9,36,12/4/14,0,T2M,Archival
12/5/14,14.05893421,13.73721409,33.92606735,-0.00893667,-0.144814536,48.7,50.2,55.9,22.4,12.2,23.9,36,12/5/14,0,T2M,Archival
12/6/14,12.95024776,13.55803585,33.95449448,0.016883002,0.017791195,48.7,50.2,55.9,22.4,12.2,23.9,36,12/6/14,1,T2M,Archival
12/7/14,12.91932392,13.18131733,33.91745377,0.007277595,0.024371423,48.7,50.2,55.9,22.4,12.2,23.9,36,12/7/14,0,T2M,Archival
12/8/14,12.57600498,12.55812931,33.91651154,-0.000496546,0.157436892,48.7,50.2,55.9,22.4,12.2,23.9,36,12/8/14,0,T2M,Archival
12/9/14,12.45057583,12.45167446,33.65266418,3.05176E-05,0.355736762,48.7,50.2,55.9,22.4,12.2,23.9,36,12/9/14,0,T2M,Archival
12/10/14,12.00737286,11.94897079,33.23255539,-0.001622279,0.107275195,48.7,50.2,55.9,22.4,12.2,23.9,36,12/10/14,0,T2M,Archival
12/11/14,11.72971725,11.64464855,33.17970657,-0.00236302,-0.099719226,48.7,50.2,55.9,22.4,12.2,23.9,36,12/11/14,0,T2M,Archival
12/12/14,11.24772358,11.10884857,33.16756821,-0.003857639,-0.173157051,48.7,50.2,55.9,22.4,12.2,23.9,36,12/12/14,0,T2M,Archival
12/13/14,11.16059017,10.90162182,33.07091904,-0.007193565,-0.131004259,48.7,50.2,55.9,22.4,12.2,23.9,36,12/13/14,1,T2M,Archival
12/14/14,11.02404308,10.65511608,33.01109695,-0.010247972,-0.106670111,48.7,50.2,55.9,22.4,12.2,23.9,36,12/14/14,1,T2M,Archival
12/15/14,10.45324898,10.16592503,33.22224045,-0.007981221,-0.172348663,48.7,50.2,55.9,22.4,12.2,23.9,36,12/15/14,1,T2M,Archival
12/16/14,10.62444019,10.20764637,33.25659943,-0.011577606,-0.096773453,48.7,50.2,55.9,22.4,12.2,23.9,36,12/16/14,0,T2M,Archival
12/17/14,10.98034668,10.24633694,33.25841904,-0.02038916,-0.060704947,48.7,50.2,55.9,22.4,12.2,23.9,36,12/17/14,0,T2M,Archival
12/18/14,10.74994564,10.61903763,33.2175827,-0.003636334,-0.183234051,48.7,50.2,55.9,22.4,12.2,23.9,36,12/18/14,0,T2M,Archival
12/19/14,10.83099365,10.40845585,33.28798294,-0.011737161,-0.244777024,48.7,50.2,55.9,22.4,12.2,23.9,36,12/19/14,0,T2M,Archival
12/20/14,10.86153793,10.27410984,33.31935501,-0.016317447,-0.257231206,48.7,50.2,55.9,22.4,12.2,23.9,36,12/20/14,1,T2M,Archival
12/21/14,10.92052746,9.496029854,33.18181992,-0.039569378,-0.243432283,48.7,50.2,55.9,22.4,12.2,23.9,36,12/21/14,0,T2M,Archival
12/22/14,10.8097887,9.522849083,33.16895676,-0.035748323,-0.211845756,48.7,50.2,55.9,22.4,12.2,23.9,36,12/22/14,0,T2M,Archival
12/23/14,10.65208721,9.825745583,33.21502304,-0.022953934,-0.101551391,48.7,50.2,55.9,22.4,12.2,23.9,36,12/23/14,1,T2M,Archival
12/24/14,9.507535934,10.56074429,33.56055832,0.029255788,-0.091078699,48.7,50.2,55.9,22.4,12.2,23.9,36,12/24/14,0,T2M,Archival
12/25/14,9.49485302,10.49056721,33.37649918,0.027658727,-0.159215629,48.7,50.2,55.9,22.4,12.2,23.9,36,12/25/14,1,T2M,Archival
12/26/14,9.624085426,10.22426128,33.39490891,0.016671552,-0.365472883,48.7,50.2,55.9,22.4,12.2,23.9,36,12/26/14,1,T2M,Archival
12/27/14,9.827815056,10.20431805,33.27528,0.010458416,-0.310258746,48.7,50.2,55.9,22.4,12.2,23.9,36,12/27/14,1,T2M,Archival
12/28/14,9.950775146,10.01531982,33.17124557,0.001792908,-0.210525513,48.7,50.2,55.9,22.4,12.2,23.9,36,12/28/14,0,T2M,Archival
12/29/14,10.08214855,9.913601875,33.02579117,-0.004681852,-0.209750414,48.7,50.2,55.9,22.4,12.2,23.9,36,12/29/14,0,T2M,Archival
12/30/14,10.59589958,10.32580853,33.38351059,-0.007502529,-0.20314236,48.7,50.2,55.9,22.4,12.2,23.9,36,12/30/14,0,T2M,Archival
12/31/14,10.46269608,10.36393452,33.467556,-0.002743377,-0.631645799,48.7,50.2,55.9,22.4,12.2,23.9,36,12/31/14,0,T2M,Archival
1/1/15,10.57806969,10.06838989,33.51207733,-0.014157772,-0.259737968,48.7,50.2,55.9,22.4,12.2,23.9,36,1/1/15,0,T2M,Archival
1/2/15,10.43697262,9.548220634,33.44651413,-0.024687555,-0.403380871,48.7,50.2,55.9,22.4,12.2,23.9,36,1/2/15,0,T2M,Archival
1/3/15,10.53283787,9.134879112,33.27680588,-0.038832188,-0.363612771,48.7,50.2,55.9,22.4,12.2,23.9,36,1/3/15,0,T2M,Archival
1/4/15,10.56580639,9.112055779,33.18709946,-0.040381961,-0.184105515,48.7,50.2,55.9,22.4,12.2,23.9,36,1/4/15,0,T2M,Archival
1/5/15,11.10883045,9.09854126,32.64301682,-0.055841366,-0.38011837,48.7,50.2,55.9,22.4,12.2,23.9,36,1/5/15,0,T2M,Archival
1/6/15,11.31984806,8.874609947,32.58886337,-0.067923281,-0.412269443,48.7,50.2,55.9,22.4,12.2,23.9,36,1/6/15,0,T2M,Archival
1/7/15,11.53144455,8.742676735,32.55959702,-0.077465773,-0.36319831,48.7,50.2,55.9,22.4,12.2,23.9,36,1/7/15,0,T2M,Archival
1/8/15,11.35239887,8.973227501,32.95170212,-0.066088094,-0.461975724,48.7,50.2,55.9,22.4,12.2,23.9,36,1/8/15,1,T2M,Archival
1/9/15,11.26405621,8.878734589,33.07034683,-0.066258934,-0.390674859,48.7,50.2,55.9,22.4,12.2,23.9,36,1/9/15,1,T2M,Archival
1/10/15,10.25463963,8.74136734,33.26106644,-0.042035341,-0.528038204,48.7,50.2,55.9,22.4,12.2,23.9,36,1/10/15,1,T2M,Archival
1/11/15,10.14892006,7.947081089,33.55266953,-0.061162194,-0.505945981,48.7,50.2,55.9,22.4,12.2,23.9,36,1/11/15,0,T2M,Archival
1/12/15,10.12594604,8.04487133,33.55367279,-0.057807631,-0.344397068,48.7,50.2,55.9,22.4,12.2,23.9,36,1/12/15,1,T2M,Archival
1/13/15,9.970284462,8.190242767,33.52713013,-0.049445603,-0.348956853,48.7,50.2,55.9,22.4,12.2,23.9,36,1/13/15,0,T2M,Archival
1/14/15,9.112285614,8.85390377,33.76367569,-0.007177273,-0.164177731,48.7,50.2,55.9,22.4,12.2,23.9,36,1/14/15,1,T2M,Archival
1/15/15,8.731580734,8.709052086,33.74879074,-0.000625796,-0.170203581,48.7,50.2,55.9,22.4,12.2,23.9,36,1/15/15,1,T2M,Archival
1/16/15,8.792424202,8.650510788,33.77891922,-0.003942039,-0.289875209,48.7,50.2,55.9,22.4,12.2,23.9,36,1/16/15,1,T2M,Archival
1/17/15,8.519843102,8.280015945,33.76722336,-0.006661865,-0.416883618,48.7,50.2,55.9,22.4,12.2,23.9,36,1/17/15,1,T2M,Archival
1/18/15,8.24938488,8.211064339,33.74534988,-0.001064459,-0.250163794,48.7,50.2,55.9,22.4,12.2,23.9,36,1/18/15,1,T2M,Archival
1/19/15,8.304022789,7.862990856,33.58102036,-0.012250887,-0.277121514,48.7,50.2,55.9,22.4,12.2,23.9,36,1/19/15,1,T2M,Archival
1/20/15,8.451252937,7.848115921,33.69925308,-0.016753806,-0.336766869,48.7,50.2,55.9,22.4,12.2,23.9,36,1/20/15,1,T2M,Archival
1/21/15,8.613219261,8.019218445,33.78805161,-0.016500023,-0.330724329,48.7,50.2,55.9,22.4,12.2,23.9,36,1/21/15,1,T2M,Archival
1/22/15,8.537381172,7.993093967,33.79231644,-0.015119089,-0.309404463,48.7,50.2,55.9,22.4,12.2,23.9,36,1/22/15,1,T2M,Archival
1/23/15,7.912774563,7.699890137,33.70530701,-0.005913456,-0.269155174,48.7,50.2,55.9,22.4,12.2,23.9,36,1/23/15,1,T2M,Archival
1/24/15,7.755352497,7.402114391,33.67502213,-0.00981217,-0.073545106,48.7,50.2,55.9,22.4,12.2,23.9,36,1/24/15,1,T2M,Archival
1/25/15,7.813052654,7.309257984,33.73664093,-0.013994296,-0.264384359,48.7,50.2,55.9,22.4,12.2,23.9,36,1/25/15,0,T2M,Archival
1/26/15,7.419071198,6.594890594,33.7705574,-0.022893906,-0.047295194,48.7,50.2,55.9,22.4,12.2,23.9,36,1/26/15,1,T2M,Archival
1/27/15,6.807967663,6.78333807,33.84770584,-0.000684155,0.143844813,48.7,50.2,55.9,22.4,12.2,23.9,36,1/27/15,0,T2M,Archival
1/28/15,6.767021179,6.729888439,33.75445175,-0.001031465,-0.063898377,48.7,50.2,55.9,22.4,12.2,23.9,36,1/28/15,0,T2M,Archival
1/29/15,6.404588699,6.404459476,33.73236465,-3.58952E-06,-0.211742356,48.7,50.2,55.9,22.4,12.2,23.9,36,1/29/15,1,T2M,Archival
1/30/15,6.488231659,6.409445286,33.73724365,-0.00218851,-0.149551466,48.7,50.2,55.9,22.4,12.2,23.9,36,1/30/15,0,T2M,Archival
1/31/15,6.144578934,6.080832958,33.68312073,-0.001770722,-0.360228688,48.7,50.2,55.9,22.4,12.2,23.9,36,1/31/15,1,T2M,Archival
2/1/15,6.114008427,6.289745808,33.55787277,0.004881594,-0.335270494,48.7,50.2,55.9,22.4,12.2,23.9,36,2/1/15,1,T2M,Archival
2/2/15,6.175116062,6.269488811,33.53613663,0.002621465,-0.137773186,48.7,50.2,55.9,22.4,12.2,23.9,36,2/2/15,1,T2M,Archival
2/3/15,6.294258118,6.058822155,33.54764557,-0.006539888,-0.394019872,48.7,50.2,55.9,22.4,12.2,23.9,36,2/3/15,0,T2M,Archival
2/4/15,5.151868343,5.679312229,33.56032944,0.014651219,-0.369084507,48.7,50.2,55.9,22.4,12.2,23.9,36,2/4/15,0,T2M,Archival
2/5/15,5.458868027,5.489939213,33.53909302,0.000863089,-0.291665941,48.7,50.2,55.9,22.4,12.2,23.9,36,2/5/15,0,T2M,Archival
2/6/15,5.628885269,5.453973293,33.66630173,-0.004858666,-0.398213506,48.7,50.2,55.9,22.4,12.2,23.9,36,2/6/15,1,T2M,Archival
2/7/15,6.123958111,5.4234128,33.6440239,-0.019459592,-0.354544431,48.7,50.2,55.9,22.4,12.2,23.9,36,2/7/15,0,T2M,Archival
2/8/15,6.488081455,5.460078716,33.61561203,-0.028555632,-0.199054495,48.7,50.2,55.9,22.4,12.2,23.9,36,2/8/15,0,T2M,Archival
2/9/15,6.99757719,5.476734638,33.56994247,-0.042245626,-0.046146747,48.7,50.2,55.9,22.4,12.2,23.9,36,2/9/15,1,T2M,Archival
2/10/15,5.572276592,5.405929565,33.95814896,-0.004620751,0.098147638,48.7,50.2,55.9,22.4,12.2,23.9,36,2/10/15,0,T2M,Archival
2/11/15,5.482812405,5.481420994,33.90990829,-3.86503E-05,0.112253211,48.7,50.2,55.9,22.4,12.2,23.9,36,2/11/15,0,T2M,Archival
2/12/15,5.535315037,5.506812572,33.77885818,-0.000791735,0.060929719,48.7,50.2,55.9,22.4,12.2,23.9,36,2/12/15,0,T2M,Archival
2/13/15,5.278889656,5.193178654,33.69258499,-0.002380861,-0.165150613,48.7,50.2,55.9,22.4,12.2,23.9,36,2/13/15,0,T2M,Archival
2/14/15,5.187248707,5.104361057,33.66859055,-0.002302435,-0.086336039,48.7,50.2,55.9,22.4,12.2,23.9,36,2/14/15,0,T2M,Archival
2/15/15,5.06438303,4.988363266,33.7293663,-0.00211166,-0.194188476,48.7,50.2,55.9,22.4,12.2,23.9,36,2/15/15,0,T2M,Archival
2/16/15,3.994312048,3.946069002,33.66202164,-0.001340085,-0.358389616,48.7,50.2,55.9,22.4,12.2,23.9,36,2/16/15,0,T2M,Archival
2/17/15,4.105199337,3.98713994,33.69268799,-0.003279428,-0.212284431,48.7,50.2,55.9,22.4,12.2,23.9,36,2/17/15,1,T2M,Archival
2/18/15,4.11366272,4.009826183,33.72242737,-0.002884348,-0.135123476,48.7,50.2,55.9,22.4,12.2,23.9,36,2/18/15,1,T2M,Archival
2/19/15,4.26049614,4.106824875,33.57278061,-0.004268646,-0.243390083,48.7,50.2,55.9,22.4,12.2,23.9,36,2/19/15,1,T2M,Archival
2/20/15,3.87285924,3.779605627,33.56171036,-0.002590378,-0.476225853,48.7,50.2,55.9,22.4,12.2,23.9,36,2/20/15,1,T2M,Archival
2/21/15,3.881272078,3.746505499,33.67343521,-0.003743516,-0.460679054,48.7,50.2,55.9,22.4,12.2,23.9,36,2/21/15,1,T2M,Archival
2/22/15,4.363942146,4.045540333,33.49331284,-0.008844495,-0.284619808,48.7,50.2,55.9,22.4,12.2,23.9,36,2/22/15,0,T2M,Archival
2/23/15,4.487319946,4.372954845,33.61343765,-0.003176808,-0.358632654,48.7,50.2,55.9,22.4,12.2,23.9,36,2/23/15,0,T2M,Archival
2/24/15,4.539512634,4.541769505,33.75566101,6.26908E-05,-0.343365639,48.7,50.2,55.9,22.4,12.2,23.9,36,2/24/15,0,T2M,Archival
2/25/15,4.883877277,4.462684631,33.74345016,-0.011699796,-0.220526293,48.7,50.2,55.9,22.4,12.2,23.9,36,2/25/15,1,T2M,Archival
2/26/15,4.908924103,4.613652706,33.78094101,-0.008201983,-0.222395495,48.7,50.2,55.9,22.4,12.2,23.9,36,2/26/15,1,T2M,Archival
2/27/15,4.691884041,4.655299664,33.77126694,-0.001016233,-0.360149622,48.7,50.2,55.9,22.4,12.2,23.9,36,2/27/15,0,T2M,Archival
2/28/15,3.808473587,3.643296003,33.73476791,-0.004588266,-0.49921,48.7,50.2,55.9,22.4,12.2,23.9,36,2/28/15,0,T2M,Archival
3/1/15,3.856164217,3.845487356,33.79217911,-0.000296579,-0.390540242,48.7,50.2,55.9,22.4,12.2,23.9,36,3/1/15,0,T2M,Archival
3/2/15,4.074533939,3.797915459,33.72710419,-0.007683847,-0.354644805,48.7,50.2,55.9,22.4,12.2,23.9,36,3/2/15,0,T2M,Archival
3/3/15,4.945364475,4.590929985,33.79785538,-0.009845403,-0.400926143,48.7,50.2,55.9,22.4,12.2,23.9,36,3/3/15,0,T2M,Archival
3/4/15,4.985602379,4.485954762,33.68409729,-0.0138791,-0.264878184,48.7,50.2,55.9,22.4,12.2,23.9,36,3/4/15,1,T2M,Archival
3/5/15,5.20254755,4.412791252,33.60200119,-0.021937675,-0.320809871,48.7,50.2,55.9,22.4,12.2,23.9,36,3/5/15,1,T2M,Archival
3/6/15,4.152748108,3.630351305,33.79729843,-0.014511022,-0.392908454,48.7,50.2,55.9,22.4,12.2,23.9,36,3/6/15,1,T2M,Archival
3/7/15,4.140057087,4.025740147,33.92266464,-0.003175471,-0.368388772,48.7,50.2,55.9,22.4,12.2,23.9,36,3/7/15,0,T2M,Archival
3/8/15,4.736927986,3.77135396,33.82632446,-0.026821501,-0.41340974,48.7,50.2,55.9,22.4,12.2,23.9,36,3/8/15,0,T2M,Archival
3/9/15,5.00844717,4.93215704,33.83302689,-0.00211917,-0.387037903,48.7,50.2,55.9,22.4,12.2,23.9,36,3/9/15,0,T2M,Archival
3/10/15,5.101928234,5.178767681,33.75329971,0.002134429,-0.346503407,48.7,50.2,55.9,22.4,12.2,23.9,36,3/10/15,1,T2M,Archival
3/11/15,5.220968723,5.311084747,33.4352417,0.002503223,-0.307970911,48.7,50.2,55.9,22.4,12.2,23.9,36,3/11/15,0,T2M,Archival
3/12/15,5.037997246,4.616990566,33.26107788,-0.01169463,-0.511152089,48.7,50.2,55.9,22.4,12.2,23.9,36,3/12/15,0,T2M,Archival
3/13/15,5.000756741,4.743376255,33.47968674,-0.007149458,-0.418393403,48.7,50.2,55.9,22.4,12.2,23.9,36,3/13/15,1,T2M,Archival
3/14/15,5.10438633,5.123523712,33.63444901,0.000531594,-0.204108179,48.7,50.2,55.9,22.4,12.2,23.9,36,3/14/15,1,T2M,Archival
3/15/15,5.846613407,5.639876842,34.16204834,-0.005742682,-0.234608486,48.7,50.2,55.9,22.4,12.2,23.9,36,3/15/15,0,T2M,Archival
3/16/15,5.717237473,5.946649551,34.11610794,0.006372558,-0.29899019,48.7,50.2,55.9,22.4,12.2,23.9,36,3/16/15,1,T2M,Archival
3/17/15,5.801374435,6.210676193,34.11854172,0.011369493,-0.131127626,48.7,50.2,55.9,22.4,12.2,23.9,36,3/17/15,0,T2M,Archival
3/18/15,5.642929077,5.839944363,33.92725372,0.005472647,-0.32379055,48.7,50.2,55.9,22.4,12.2,23.9,36,3/18/15,0,T2M,Archival
3/19/15,5.507678509,5.816320419,34.05730057,0.008573386,-0.418425083,48.7,50.2,55.9,22.4,12.2,23.9,36,3/19/15,1,T2M,Archival
3/20/15,5.554498672,5.668298721,33.97678757,0.003161112,-0.27696839,48.7,50.2,55.9,22.4,12.2,23.9,36,3/20/15,1,T2M,Archival
3/21/15,4.804764748,5.700689793,33.83212662,0.024886807,-0.111650616,48.7,50.2,55.9,22.4,12.2,23.9,36,3/21/15,1,T2M,Archival
3/22/15,4.742819786,5.716697216,33.71643829,0.027052151,-0.229699016,48.7,50.2,55.9,22.4,12.2,23.9,36,3/22/15,1,T2M,Archival
3/23/15,4.846304417,5.744355679,33.71084976,0.024945868,-0.255511463,48.7,50.2,55.9,22.4,12.2,23.9,36,3/23/15,1,T2M,Archival
3/24/15,5.921208858,6.092170238,33.9042511,0.004748927,-0.380037308,48.7,50.2,55.9,22.4,12.2,23.9,36,3/24/15,0,T2M,Archival
3/25/15,5.99003458,6.287624836,33.92646408,0.008266396,-0.354543477,48.7,50.2,55.9,22.4,12.2,23.9,36,3/25/15,0,T2M,Archival
3/26/15,6.068826675,6.543715954,33.90099716,0.013191369,-0.207841113,48.7,50.2,55.9,22.4,12.2,23.9,36,3/26/15,0,T2M,Archival
3/27/15,6.635337353,6.669363499,33.70999908,0.000945171,-0.14923501,48.7,50.2,55.9,22.4,12.2,23.9,36,3/27/15,0,T2M,Archival
3/28/15,6.557388783,6.540990353,33.6488266,-0.000455512,-0.20644246,48.7,50.2,55.9,22.4,12.2,23.9,36,3/28/15,0,T2M,Archival
3/29/15,6.430791378,5.877632141,33.44738388,-0.015365534,-0.256845266,48.7,50.2,55.9,22.4,12.2,23.9,36,3/29/15,0,T2M,Archival
3/30/15,5.061263561,5.001646519,33.51073456,-0.001656029,-0.205167249,48.7,50.2,55.9,22.4,12.2,23.9,36,3/30/15,0,T2M,Archival
3/31/15,5.690188885,4.723461151,33.29334641,-0.026853548,-0.179763272,48.7,50.2,55.9,22.4,12.2,23.9,36,3/31/15,0,T2M,Archival
4/1/15,6.00529623,4.930836201,33.24236298,-0.029846112,-0.234542772,48.7,50.2,55.9,22.4,12.2,23.9,36,4/1/15,0,T2M,Archival
4/2/15,5.554589748,5.318714619,33.25365829,-0.006552087,-0.298674375,48.7,50.2,55.9,22.4,12.2,23.9,36,4/2/15,0,T2M,Archival
4/3/15,6.189846516,5.55793047,33.12696838,-0.017553224,-0.267048389,48.7,50.2,55.9,22.4,12.2,23.9,36,4/3/15,0,T2M,Archival
4/4/15,7.012747288,5.947949886,32.41485214,-0.029577706,-0.316893756,48.7,50.2,55.9,22.4,12.2,23.9,36,4/4/15,0,T2M,Archival
4/5/15,7.188049316,6.384987354,32.55830002,-0.022307277,-0.433763474,48.7,50.2,55.9,22.4,12.2,23.9,36,4/5/15,0,T2M,Archival
4/6/15,7.298969746,6.719898224,32.53780746,-0.01608532,-0.395141512,48.7,50.2,55.9,22.4,12.2,23.9,36,4/6/15,0,T2M,Archival
4/7/15,7.519685745,7.157215118,32.49329376,-0.010068629,-0.311672688,48.7,50.2,55.9,22.4,12.2,23.9,36,4/7/15,0,T2M,Archival
4/8/15,7.984283924,7.516681194,32.40908813,-0.012988965,-0.215304926,48.7,50.2,55.9,22.4,12.2,23.9,36,4/8/15,0,T2M,Archival
4/9/15,7.163536072,7.804117203,32.04351044,0.01779392,-0.152160168,48.7,50.2,55.9,22.4,12.2,23.9,36,4/9/15,0,T2M,Archival
4/10/15,6.416949749,8.121744156,32.10972977,0.0473554,-0.087444842,48.7,50.2,55.9,22.4,12.2,23.9,36,4/10/15,0,T2M,Archival
4/11/15,5.793708801,7.207811832,32.20701218,0.03928064,-0.237177566,48.7,50.2,55.9,22.4,12.2,23.9,36,4/11/15,0,T2M,Archival
4/12/15,5.915724277,7.484397411,32.28689194,0.043574254,-0.356302977,48.7,50.2,55.9,22.4,12.2,23.9,36,4/12/15,0,T2M,Archival
4/13/15,6.052712917,8.13398838,32.34422684,0.057813207,-0.289365172,48.7,50.2,55.9,22.4,12.2,23.9,36,4/13/15,0,T2M,Archival
4/14/15,5.884816647,8.279459,32.40363312,0.066517843,-0.262007147,48.7,50.2,55.9,22.4,12.2,23.9,36,4/14/15,0,T2M,Archival
4/15/15,5.997386456,8.808691025,32.33963776,0.078091794,-0.305658519,48.7,50.2,55.9,22.4,12.2,23.9,36,4/15/15,0,T2M,Archival
4/16/15,6.085013866,9.320628166,32.39051437,0.089878175,-0.341996282,48.7,50.2,55.9,22.4,12.2,23.9,36,4/16/15,0,T2M,Archival
4/17/15,6.045045376,9.874591827,32.42355728,0.10637629,-0.270340919,48.7,50.2,55.9,22.4,12.2,23.9,36,4/17/15,0,T2M,Archival
4/18/15,6.231685638,10.1518774,32.39993286,0.108894216,-0.295811296,48.7,50.2,55.9,22.4,12.2,23.9,36,4/18/15,0,T2M,Archival
4/19/15,6.2759552,10.47593212,32.40423965,0.116666026,-0.269533217,48.7,50.2,55.9,22.4,12.2,23.9,36,4/19/15,0,T2M,Archival
4/20/15,5.571321011,9.809272766,32.54037857,0.117720882,-0.096995227,48.7,50.2,55.9,22.4,12.2,23.9,36,4/20/15,0,T2M,Archival
4/21/15,5.861453533,9.679865837,32.61932755,0.106067008,-0.085852407,48.7,50.2,55.9,22.4,12.2,23.9,36,4/21/15,0,T2M,Archival
4/22/15,5.826065063,9.850239754,32.63289261,0.11178263,-0.134411305,48.7,50.2,55.9,22.4,12.2,23.9,36,4/22/15,0,T2M,Archival
4/23/15,7.063340664,9.68018055,32.34273148,0.072689997,-0.143218502,48.7,50.2,55.9,22.4,12.2,23.9,36,4/23/15,0,T2M,Archival
4/24/15,7.320294857,9.489409447,32.50191116,0.060253183,-0.210515141,48.7,50.2,55.9,22.4,12.2,23.9,36,4/24/15,0,T2M,Archival
4/25/15,7.32756567,9.36987114,32.69513321,0.056730707,-0.163635612,48.7,50.2,55.9,22.4,12.2,23.9,36,4/25/15,0,T2M,Archival
4/26/15,7.388999939,9.394556999,32.65427399,0.055709918,-0.061942164,48.7,50.2,55.9,22.4,12.2,23.9,36,4/26/15,0,T2M,Archival
4/27/15,7.488839626,9.745085716,32.74656296,0.062673502,-0.062567748,48.7,50.2,55.9,22.4,12.2,23.9,36,4/27/15,0,T2M,Archival
4/28/15,7.66358757,9.815462112,32.71147537,0.059774293,-0.125884011,48.7,50.2,55.9,22.4,12.2,23.9,36,4/28/15,1,T2M,Archival
4/29/15,7.882896423,10.14873695,32.72154236,0.062940015,-0.116953172,48.7,50.2,55.9,22.4,12.2,23.9,36,4/29/15,1,T2M,Archival
4/30/15,8.007538795,10.59386444,32.60020828,0.071842379,-0.053038131,48.7,50.2,55.9,22.4,12.2,23.9,36,4/30/15,1,T2M,Archival
5/1/15,7.803424835,10.79330921,32.6950531,0.083052344,-0.057780575,48.7,50.2,55.9,22.4,12.2,23.9,36,5/1/15,0,T2M,Archival
5/2/15,6.781816959,9.346615791,33.17522049,0.071244412,-0.091876231,48.7,50.2,55.9,22.4,12.2,23.9,36,5/2/15,0,T2M,Archival
5/3/15,6.428877354,9.712546349,33.24175644,0.091213028,-0.180838928,48.7,50.2,55.9,22.4,12.2,23.9,36,5/3/15,0,T2M,Archival
5/4/15,6.648245335,10.39691544,33.0026741,0.104129725,-0.262206286,48.7,50.2,55.9,22.4,12.2,23.9,36,5/4/15,0,T2M,Archival
5/5/15,6.80405283,11.11243343,32.48247528,0.119677239,-0.316978097,48.7,50.2,55.9,22.4,12.2,23.9,36,5/5/15,0,T2M,Archival
5/6/15,7.162979603,12.33579731,31.34232903,0.143689381,-0.306011558,48.7,50.2,55.9,22.4,12.2,23.9,36,5/6/15,0,T2M,Archival
5/7/15,7.200669765,13.05578136,31.16815948,0.162641989,-0.271344215,48.7,50.2,55.9,22.4,12.2,23.9,36,5/7/15,0,T2M,Archival
5/8/15,7.00317955,14.3726759,31.15392494,0.204708232,-0.251000315,48.7,50.2,55.9,22.4,12.2,23.9,36,5/8/15,0,T2M,Archival
5/9/15,6.909029484,14.85070896,31.22068024,0.220602208,-0.19826822,48.7,50.2,55.9,22.4,12.2,23.9,36,5/9/15,0,T2M,Archival
5/10/15,6.403614044,15.38345242,31.04183388,0.249439955,-0.16744931,48.7,50.2,55.9,22.4,12.2,23.9,36,5/10/15,0,T2M,Archival
5/11/15,6.711256027,15.78283215,30.87763786,0.251988226,-0.167418703,48.7,50.2,55.9,22.4,12.2,23.9,36,5/11/15,0,T2M,Archival
5/12/15,6.816589832,15.71666336,30.99955559,0.247224265,-0.118172087,48.7,50.2,55.9,22.4,12.2,23.9,36,5/12/15,0,T2M,Archival
5/13/15,7.195216656,15.21659756,31.24782753,0.222816136,-0.268263012,48.7,50.2,55.9,22.4,12.2,23.9,36,5/13/15,0,T2M,Archival
5/14/15,7.199631214,13.78627491,31.52839661,0.182962325,-0.30878219,48.7,50.2,55.9,22.4,12.2,23.9,36,5/14/15,0,T2M,Archival
5/15/15,6.800813198,14.10885906,31.60713196,0.203001274,-0.297839671,48.7,50.2,55.9,22.4,12.2,23.9,36,5/15/15,0,T2M,Archival
5/16/15,6.813706875,14.43738651,31.63230324,0.211768879,-0.235779986,48.7,50.2,55.9,22.4,12.2,23.9,36,5/16/15,0,T2M,Archival
5/17/15,7.180768967,15.81455135,31.66954803,0.239827289,-0.252580434,48.7,50.2,55.9,22.4,12.2,23.9,36,5/17/15,0,T2M,Archival
5/18/15,7.262357712,16.44750404,31.68451691,0.255142954,-0.203466758,48.7,50.2,55.9,22.4,12.2,23.9,36,5/18/15,0,T2M,Archival
5/19/15,7.012951374,16.98205757,31.85059166,0.276919617,-0.09730804,48.7,50.2,55.9,22.4,12.2,23.9,36,5/19/15,0,T2M,Archival
5/20/15,8.323391914,16.18117523,32.11454773,0.218271759,-0.113895923,48.7,50.2,55.9,22.4,12.2,23.9,36,5/20/15,0,T2M,Archival
5/21/15,8.579354286,15.81277943,32.30654526,0.200928476,-0.123839594,48.7,50.2,55.9,22.4,12.2,23.9,36,5/21/15,0,T2M,Archival
5/22/15,8.584201813,15.10610104,32.5512619,0.181163867,-0.136841238,48.7,50.2,55.9,22.4,12.2,23.9,36,5/22/15,0,T2M,Archival
5/23/15,8.991197586,14.45341778,33.0278511,0.151728339,-0.295259744,48.7,50.2,55.9,22.4,12.2,23.9,36,5/23/15,0,T2M,Archival
5/24/15,9.117068291,14.63478947,33.02708054,0.153270033,-0.309371173,48.7,50.2,55.9,22.4,12.2,23.9,36,5/24/15,1,T2M,Archival
5/25/15,9.598741531,14.86439896,32.78119278,0.146268262,-0.312158555,48.7,50.2,55.9,22.4,12.2,23.9,36,5/25/15,0,T2M,Archival
5/26/15,9.875711441,16.07964897,32.68490982,0.172331598,-0.310709685,48.7,50.2,55.9,22.4,12.2,23.9,36,5/26/15,0,T2M,Archival
5/27/15,10.28926277,16.77865982,32.52832031,0.180261029,-0.279173583,48.7,50.2,55.9,22.4,12.2,23.9,36,5/27/15,0,T2M,Archival
5/28/15,10.85530567,17.40070534,32.24284363,0.181816657,-0.248613879,48.7,50.2,55.9,22.4,12.2,23.9,36,5/28/15,0,T2M,Archival
5/29/15,11.76143169,18.66237068,32.22737503,0.19169275,-0.313551694,48.7,50.2,55.9,22.4,12.2,23.9,36,5/29/15,0,T2M,Archival
5/30/15,11.81919479,19.45963669,32.24648666,0.212234497,-0.274148017,48.7,50.2,55.9,22.4,12.2,23.9,36,5/30/15,0,T2M,Archival
5/31/15,11.79606628,19.70869827,32.29008865,0.219795333,-0.259208888,48.7,50.2,55.9,22.4,12.2,23.9,36,5/31/15,0,T2M,Archival
6/1/15,12.43721771,19.52803421,32.29372787,0.196967125,-0.253407806,48.7,50.2,55.9,22.4,12.2,23.9,36,6/1/15,0,T2M,Archival
6/2/15,12.28642941,19.94835091,32.34865189,0.212831153,-0.146025643,48.7,50.2,55.9,22.4,12.2,23.9,36,6/2/15,0,T2M,Archival
6/3/15,11.73014355,19.65873909,32.52468491,0.220238765,-0.098695219,48.7,50.2,55.9,22.4,12.2,23.9,36,6/3/15,0,T2M,Archival
6/4/15,11.4569521,17.34174538,32.86267853,0.16346648,-0.087858945,48.7,50.2,55.9,22.4,12.2,23.9,36,6/4/15,0,T2M,Archival
6/5/15,11.04358387,17.42512321,32.63415909,0.177264982,-0.059871603,48.7,50.2,55.9,22.4,12.2,23.9,36,6/5/15,0,T2M,Archival
6/6/15,10.94373226,17.32492447,32.65532684,0.177255339,-0.082381837,48.7,50.2,55.9,22.4,12.2,23.9,36,6/6/15,0,T2M,Archival
6/7/15,10.87904739,17.23510933,32.74576187,0.176557276,-0.13957414,48.7,50.2,55.9,22.4,12.2,23.9,36,6/7/15,0,T2M,Archival
6/8/15,10.89469051,17.51591301,32.75646973,0.183922847,-0.119659118,48.7,50.2,55.9,22.4,12.2,23.9,36,6/8/15,0,T2M,Archival
6/9/15,11.11765575,17.39624977,32.59661102,0.174405389,-0.093311965,48.7,50.2,55.9,22.4,12.2,23.9,36,6/9/15,0,T2M,Archival
6/10/15,10.73871708,18.55260468,32.56029892,0.217052433,-0.108793415,48.7,50.2,55.9,22.4,12.2,23.9,36,6/10/15,0,T2M,Archival
6/11/15,10.71937084,19.01478386,32.52649307,0.230428139,-0.131697565,48.7,50.2,55.9,22.4,12.2,23.9,36,6/11/15,0,T2M,Archival
6/12/15,10.84325409,19.28335381,32.43584824,0.234447214,-0.166823983,48.7,50.2,55.9,22.4,12.2,23.9,36,6/12/15,0,T2M,Archival
6/13/15,11.59057903,20.38904381,32.4324379,0.244401799,-0.181438491,48.7,50.2,55.9,22.4,12.2,23.9,36,6/13/15,0,T2M,Archival
6/14/15,11.68526936,21.15976715,32.42888641,0.263180494,-0.213736102,48.7,50.2,55.9,22.4,12.2,23.9,36,6/14/15,0,T2M,Archival
6/15/15,11.50917816,21.56062508,32.40921783,0.279206859,-0.159962311,48.7,50.2,55.9,22.4,12.2,23.9,36,6/15/15,0,T2M,Archival
6/16/15,10.87411213,21.92325401,32.43745422,0.306920608,-0.137638509,48.7,50.2,55.9,22.4,12.2,23.9,36,6/16/15,0,T2M,Archival
6/17/15,10.65167236,22.26978111,32.42469406,0.322725243,-0.204638287,48.7,50.2,55.9,22.4,12.2,23.9,36,6/17/15,0,T2M,Archival
6/18/15,10.27994347,22.45310974,32.49924088,0.338143508,-0.181597114,48.7,50.2,55.9,22.4,12.2,23.9,36,6/18/15,0,T2M,Archival
6/19/15,10.64487553,22.62506104,32.46171951,0.332782931,-0.139660865,48.7,50.2,55.9,22.4,12.2,23.9,36,6/19/15,0,T2M,Archival
6/20/15,10.59047031,23.13054657,32.44900513,0.348335452,-0.140300348,48.7,50.2,55.9,22.4,12.2,23.9,36,6/20/15,0,T2M,Archival
6/21/15,10.41801929,22.82450867,32.37809372,0.344624705,-0.075254977,48.7,50.2,55.9,22.4,12.2,23.9,36,6/21/15,0,T2M,Archival
6/22/15,9.75599575,23.51535797,32.39220047,0.382204506,-0.194855928,48.7,50.2,55.9,22.4,12.2,23.9,36,6/22/15,0,T2M,Archival
6/23/15,9.648495674,23.80322838,32.31526184,0.39318702,-0.16364561,48.7,50.2,55.9,22.4,12.2,23.9,36,6/23/15,1,T2M,Archival
6/24/15,9.508907318,23.83515358,32.12097549,0.397951285,-0.160723984,48.7,50.2,55.9,22.4,12.2,23.9,36,6/24/15,1,T2M,Archival
6/25/15,9.811675072,23.38813591,32.15511703,0.377123912,-0.161254853,48.7,50.2,55.9,22.4,12.2,23.9,36,6/25/15,0,T2M,Archival
6/26/15,9.788109779,23.50332451,32.020401,0.380978187,-0.097046971,48.7,50.2,55.9,22.4,12.2,23.9,36,6/26/15,0,T2M,Archival
6/27/15,9.762475967,23.1151886,32.21214676,0.370908684,-0.05723324,48.7,50.2,55.9,22.4,12.2,23.9,36,6/27/15,0,T2M,Archival
6/28/15,8.713914871,22.41858864,32.22282028,0.380685382,0.010064565,48.7,50.2,55.9,22.4,12.2,23.9,36,6/28/15,0,T2M,Archival
6/29/15,8.504178047,22.40189362,32.27739716,0.386047655,-0.12383306,48.7,50.2,55.9,22.4,12.2,23.9,36,6/29/15,0,T2M,Archival
6/30/15,8.550428391,22.67590523,32.22130585,0.392374357,-0.106120527,48.7,50.2,55.9,22.4,12.2,23.9,36,6/30/15,0,T2M,Archival
7/1/15,9.633272171,22.88796806,32.07178879,0.368185997,-0.086776525,48.7,50.2,55.9,22.4,12.2,23.9,36,7/1/15,0,T2M,Archival
7/2/15,9.701760292,23.1252346,31.87933922,0.372874286,-0.090167582,48.7,50.2,55.9,22.4,12.2,23.9,36,7/2/15,0,T2M,Archival
7/3/15,9.823342323,23.37091827,31.84290504,0.376321554,-0.081873588,48.7,50.2,55.9,22.4,12.2,23.9,36,7/3/15,0,T2M,Archival
7/4/15,10.24626064,23.56709862,31.95723152,0.370023277,-0.075068027,48.7,50.2,55.9,22.4,12.2,23.9,36,7/4/15,0,T2M,Archival
7/5/15,9.931160927,23.64009857,31.97354698,0.380803823,-0.140314996,48.7,50.2,55.9,22.4,12.2,23.9,36,7/5/15,0,T2M,Archival
7/6/15,9.670119286,23.90556526,31.99518776,0.395429055,-0.152265564,48.7,50.2,55.9,22.4,12.2,23.9,36,7/6/15,0,T2M,Archival
7/7/15,10.04728794,24.23259735,32.00833893,0.394036373,-0.132416725,48.7,50.2,55.9,22.4,12.2,23.9,36,7/7/15,0,T2M,Archival
7/8/15,9.897091866,24.33713341,31.89802742,0.401112265,-0.107298993,48.7,50.2,55.9,22.4,12.2,23.9,36,7/8/15,0,T2M,Archival
7/9/15,9.730186462,24.61134148,31.60195923,0.413365417,-0.070148014,48.7,50.2,55.9,22.4,12.2,23.9,36,7/9/15,0,T2M,Archival
7/10/15,10.86627102,24.61100197,31.73146629,0.381798082,-0.040600289,48.7,50.2,55.9,22.4,12.2,23.9,36,7/10/15,0,T2M,Archival
7/11/15,11.00484467,24.69439507,32.02390671,0.380265289,-0.066114895,48.7,50.2,55.9,22.4,12.2,23.9,36,7/11/15,0,T2M,Archival
7/12/15,11.05177975,24.73954582,31.98304558,0.380215724,-0.067677207,48.7,50.2,55.9,22.4,12.2,23.9,36,7/12/15,0,T2M,Archival
7/13/15,11.33012676,25.31028748,31.72536278,0.388337798,-0.050838497,48.7,50.2,55.9,22.4,12.2,23.9,36,7/13/15,0,T2M,Archival
7/14/15,11.36110306,25.10980988,31.60849571,0.381908523,-0.006346615,48.7,50.2,55.9,22.4,12.2,23.9,36,7/14/15,0,T2M,Archival
7/15/15,11.40560246,24.69327736,31.59222412,0.369102081,0.01980106,48.7,50.2,55.9,22.4,12.2,23.9,36,7/15/15,0,T2M,Archival
7/16/15,12.01123047,24.58921051,31.85512733,0.349388334,-0.030966291,48.7,50.2,55.9,22.4,12.2,23.9,36,7/16/15,0,T2M,Archival
7/17/15,11.58036327,24.77288055,32.19892502,0.366458813,-0.078842886,48.7,50.2,55.9,22.4,12.2,23.9,36,7/17/15,0,T2M,Archival
7/18/15,11.55669403,24.81953239,32.22812271,0.368412177,-0.043500185,48.7,50.2,55.9,22.4,12.2,23.9,36,7/18/15,0,T2M,Archival
7/19/15,11.84638882,25.2634182,32.1546936,0.372695261,-0.070957266,48.7,50.2,55.9,22.4,12.2,23.9,36,7/19/15,0,T2M,Archival
7/20/15,11.82607746,25.66277885,32.16617584,0.384352816,-0.049020242,48.7,50.2,55.9,22.4,12.2,23.9,36,7/20/15,0,T2M,Archival
7/21/15,11.75576115,26.0209713,32.18985367,0.396255838,0.008589037,48.7,50.2,55.9,22.4,12.2,23.9,36,7/21/15,0,T2M,Archival
7/22/15,11.92027569,25.54039764,32.04580688,0.378336721,-0.018813767,48.7,50.2,55.9,22.4,12.2,23.9,36,7/22/15,0,T2M,Archival
7/23/15,11.96625614,25.42266846,32.12182236,0.373789231,-0.065417461,48.7,50.2,55.9,22.4,12.2,23.9,36,7/23/15,0,T2M,Archival
7/24/15,12.11330795,25.48906136,32.15218353,0.371548706,-0.036623519,48.7,50.2,55.9,22.4,12.2,23.9,36,7/24/15,1,T2M,Archival
7/25/15,12.48527527,26.1703949,32.19421768,0.380142212,-0.055719499,48.7,50.2,55.9,22.4,12.2,23.9,36,7/25/15,0,T2M,Archival
7/26/15,12.51829815,26.15659142,32.20749664,0.37884148,-0.053425904,48.7,50.2,55.9,22.4,12.2,23.9,36,7/26/15,0,T2M,Archival
7/27/15,12.46474934,26.03316689,32.19117355,0.376900487,-0.038367327,48.7,50.2,55.9,22.4,12.2,23.9,36,7/27/15,0,T2M,Archival
7/28/15,13.94257069,25.4290905,32.16527939,0.319069995,-0.087532789,48.7,50.2,55.9,22.4,12.2,23.9,36,7/28/15,0,T2M,Archival
7/29/15,14.01664829,25.49997902,32.09069824,0.318981409,-0.119206227,48.7,50.2,55.9,22.4,12.2,23.9,36,7/29/15,0,T2M,Archival
7/30/15,13.99574947,25.52870941,31.99771118,0.320359998,-0.121458232,48.7,50.2,55.9,22.4,12.2,23.9,36,7/30/15,0,T2M,Archival
7/31/15,14.91336918,26.06379509,32.08618546,0.309734053,-0.084063344,48.7,50.2,55.9,22.4,12.2,23.9,36,7/31/15,0,T2M,Archival
8/1/15,15.30650234,26.26281738,32.13522339,0.304342084,-0.090718009,48.7,50.2,55.9,22.4,12.2,23.9,36,8/1/15,0,T2M,Archival
8/2/15,15.84474468,26.48204231,32.18791199,0.29548049,-0.088202156,48.7,50.2,55.9,22.4,12.2,23.9,36,8/2/15,0,T2M,Archival
8/3/15,16.78769112,26.61749268,32.27745438,0.273050043,-0.076936506,48.7,50.2,55.9,22.4,12.2,23.9,36,8/3/15,0,T2M,Archival
8/4/15,16.74327087,26.11213875,32.65657425,0.26024633,-0.116444767,48.7,50.2,55.9,22.4,12.2,23.9,36,8/4/15,0,T2M,Archival
8/5/15,17.2185688,25.79478264,33.02519989,0.238228162,-0.099558771,48.7,50.2,55.9,22.4,12.2,23.9,36,8/5/15,0,T2M,Archival
8/6/15,17.86210632,26.93075752,33.20717621,0.251906978,-0.076122969,48.7,50.2,55.9,22.4,12.2,23.9,36,8/6/15,0,T2M,Archival
8/7/15,18.19631767,27.10853577,33.20686722,0.247561614,-0.037840709,48.7,50.2,55.9,22.4,12.2,23.9,36,8/7/15,0,T2M,Archival
8/8/15,17.22373581,26.932127,33.0389328,0.269677533,0.004262289,48.7,50.2,55.9,22.4,12.2,23.9,36,8/8/15,0,T2M,Archival
8/9/15,12.32579041,25.10813141,32.82363892,0.355065028,0.027857125,48.7,50.2,55.9,22.4,12.2,23.9,36,8/9/15,0,T2M,Archival
8/10/15,12.11877346,24.826231,32.41563797,0.352984932,-0.024102991,48.7,50.2,55.9,22.4,12.2,23.9,36,8/10/15,0,T2M,Archival
8/11/15,12.09980297,24.88070869,32.22679138,0.355025159,-0.014619678,48.7,50.2,55.9,22.4,12.2,23.9,36,8/11/15,0,T2M,Archival
8/12/15,11.94665051,25.04784584,32.25727844,0.363922093,-0.033538826,48.7,50.2,55.9,22.4,12.2,23.9,36,8/12/15,0,T2M,Archival
8/13/15,11.92438984,25.30364227,32.14097595,0.371645901,-0.094854139,48.7,50.2,55.9,22.4,12.2,23.9,36,8/13/15,0,T2M,Archival
8/14/15,11.86122799,25.32718658,32.06558609,0.374054405,-0.111461081,48.7,50.2,55.9,22.4,12.2,23.9,36,8/14/15,0,T2M,Archival
8/15/15,10.43289375,25.44458771,32.23388672,0.416991499,-0.148634613,48.7,50.2,55.9,22.4,12.2,23.9,36,8/15/15,0,T2M,Archival
8/16/15,10.32390976,25.76158714,32.24124908,0.428824372,-0.13762103,48.7,50.2,55.9,22.4,12.2,23.9,36,8/16/15,0,T2M,Archival
8/17/15,10.16984367,25.84432983,32.24431992,0.435402393,-0.118302681,48.7,50.2,55.9,22.4,12.2,23.9,36,8/17/15,0,T2M,Archival
8/18/15,9.278800964,25.74286079,32.30196381,0.457334995,-0.123371266,48.7,50.2,55.9,22.4,12.2,23.9,36,8/18/15,0,T2M,Archival
8/19/15,9.189930916,26.01758766,32.33761978,0.46743491,-0.112068079,48.7,50.2,55.9,22.4,12.2,23.9,36,8/19/15,0,T2M,Archival
8/20/15,9.145147324,26.27979279,32.34331131,0.475962374,-0.073929004,48.7,50.2,55.9,22.4,12.2,23.9,36,8/20/15,0,T2M,Archival
8/21/15,9.150359154,26.05491638,32.44279099,0.469571034,-0.070909515,48.7,50.2,55.9,22.4,12.2,23.9,36,8/21/15,0,T2M,Archival
8/22/15,9.137286186,26.14937782,32.372509,0.472558101,-0.110419966,48.7,50.2,55.9,22.4,12.2,23.9,36,8/22/15,0,T2M,Archival
8/23/15,9.01082325,25.81919098,32.30189514,0.466899104,-0.10994526,48.7,50.2,55.9,22.4,12.2,23.9,36,8/23/15,0,T2M,Archival
8/24/15,8.504229546,26.11382294,32.39793015,0.489155372,-0.066262007,48.7,50.2,55.9,22.4,12.2,23.9,36,8/24/15,0,T2M,Archival
8/25/15,8.43321991,26.09777641,32.35733414,0.490682125,-0.030575812,48.7,50.2,55.9,22.4,12.2,23.9,36,8/25/15,0,T2M,Archival
8/26/15,8.440077782,26.1285305,32.23490524,0.491345909,-0.033140428,48.7,50.2,55.9,22.4,12.2,23.9,36,8/26/15,0,T2M,Archival
8/27/15,9.038367271,25.38958168,32.11051559,0.4542004,-0.122847587,48.7,50.2,55.9,22.4,12.2,23.9,36,8/27/15,0,T2M,Archival
8/28/15,9.328774452,24.92747498,32.11040115,0.433297237,-0.147410974,48.7,50.2,55.9,22.4,12.2,23.9,36,8/28/15,0,T2M,Archival
8/29/15,9.581601143,24.66936302,32.11613464,0.419104497,-0.131611869,48.7,50.2,55.9,22.4,12.2,23.9,36,8/29/15,1,T2M,Archival
8/30/15,10.21780682,25.47966957,32.20285416,0.423940632,-0.096423,48.7,50.2,55.9,22.4,12.2,23.9,36,8/30/15,0,T2M,Archival
8/31/15,10.54405689,25.63128662,32.22725677,0.419089715,-0.046549961,48.7,50.2,55.9,22.4,12.2,23.9,36,8/31/15,0,T2M,Archival
9/1/15,10.71109772,25.80161285,32.25724411,0.419180976,0.017091347,48.7,50.2,55.9,22.4,12.2,23.9,36,9/1/15,0,T2M,Archival
9/2/15,8.639340401,26.04135323,32.34824753,0.483389245,0.03293635,48.7,50.2,55.9,22.4,12.2,23.9,36,9/2/15,0,T2M,Archival
9/3/15,8.92134285,26.20906067,32.36189651,0.480214384,0.084744863,48.7,50.2,55.9,22.4,12.2,23.9,36,9/3/15,0,T2M,Archival
9/4/15,9.295120239,26.32530022,32.36613846,0.473060555,0.095022045,48.7,50.2,55.9,22.4,12.2,23.9,36,9/4/15,0,T2M,Archival
9/5/15,11.04822445,25.79830933,32.3196373,0.40972458,0.07716348,48.7,50.2,55.9,22.4,12.2,23.9,36,9/5/15,0,T2M,Archival
9/6/15,11.95654583,25.48642159,32.18481827,0.375829882,0.030126242,48.7,50.2,55.9,22.4,12.2,23.9,36,9/6/15,0,T2M,Archival
9/7/15,12.30179596,25.53294373,32.15015793,0.367531882,-0.010127258,48.7,50.2,55.9,22.4,12.2,23.9,36,9/7/15,0,T2M,Archival
9/8/15,11.68915939,25.70171928,32.27619934,0.389237775,-0.076786779,48.7,50.2,55.9,22.4,12.2,23.9,36,9/8/15,0,T2M,Archival
9/9/15,11.29775524,25.91332054,32.30430222,0.405987925,-0.046541195,48.7,50.2,55.9,22.4,12.2,23.9,36,9/9/15,0,T2M,Archival
9/10/15,11.07330418,25.87367821,32.3102684,0.411121501,0.025322469,48.7,50.2,55.9,22.4,12.2,23.9,36,9/10/15,0,T2M,Archival
9/11/15,11.39397144,25.33887672,32.19932938,0.38735848,0.036517017,48.7,50.2,55.9,22.4,12.2,23.9,36,9/11/15,0,T2M,Archival
9/12/15,11.49791431,25.07721519,32.18069077,0.377202802,0.053512722,48.7,50.2,55.9,22.4,12.2,23.9,36,9/12/15,0,T2M,Archival
9/13/15,11.45226002,24.70065498,32.09257126,0.368010971,0.106225036,48.7,50.2,55.9,22.4,12.2,23.9,36,9/13/15,0,T2M,Archival
9/14/15,11.27691269,23.79102516,32.09705353,0.347614235,-0.000194083,48.7,50.2,55.9,22.4,12.2,23.9,36,9/14/15,0,T2M,Archival
9/15/15,11.16023254,23.51073647,32.13101578,0.343069553,-0.032811124,48.7,50.2,55.9,22.4,12.2,23.9,36,9/15/15,0,T2M,Archival
9/16/15,11.25902653,23.80723572,32.16382217,0.348561366,0.031156225,48.7,50.2,55.9,22.4,12.2,23.9,36,9/16/15,0,T2M,Archival
9/17/15,10.47228146,23.89222145,32.27051544,0.372776111,-0.016560784,48.7,50.2,55.9,22.4,12.2,23.9,36,9/17/15,0,T2M,Archival
9/18/15,10.60341549,23.86319733,32.26014328,0.368327273,0.021882324,48.7,50.2,55.9,22.4,12.2,23.9,36,9/18/15,0,T2M,Archival
9/19/15,10.66384411,24.1320591,32.2930603,0.374117083,0.049061965,48.7,50.2,55.9,22.4,12.2,23.9,36,9/19/15,0,T2M,Archival
9/20/15,10.6559,24.64741516,32.47719193,0.388653199,0.050176859,48.7,50.2,55.9,22.4,12.2,23.9,36,9/20/15,0,T2M,Archival
9/21/15,11.18773556,24.24524498,32.60338211,0.362708595,-0.000245973,48.7,50.2,55.9,22.4,12.2,23.9,36,9/21/15,0,T2M,Archival
9/22/15,11.99496841,23.92897987,32.85946655,0.331500318,0.064826287,48.7,50.2,55.9,22.4,12.2,23.9,36,9/22/15,0,T2M,Archival
9/23/15,13.9705801,22.93019295,33.06246185,0.248878135,0.050698254,48.7,50.2,55.9,22.4,12.2,23.9,36,9/23/15,0,T2M,Archival
9/24/15,15.08130932,22.48061562,33.02916336,0.205536286,-0.004536683,48.7,50.2,55.9,22.4,12.2,23.9,36,9/24/15,0,T2M,Archival
9/25/15,15.90586472,22.1335907,33.14873123,0.172992388,0.028525656,48.7,50.2,55.9,22.4,12.2,23.9,36,9/25/15,0,T2M,Archival
9/26/15,19.99703598,22.22183418,33.79462433,0.06179995,0.012783992,48.7,50.2,55.9,22.4,12.2,23.9,36,9/26/15,0,T2M,Archival
9/27/15,21.46019745,21.49230385,33.54864502,0.000891844,-0.002434437,48.7,50.2,55.9,22.4,12.2,23.9,36,9/27/15,0,T2M,Archival
9/28/15,21.17499733,21.40380669,33.44704819,0.006355815,-0.046467889,48.7,50.2,55.9,22.4,12.2,23.9,36,9/28/15,0,T2M,Archival
9/29/15,21.6642704,22.39989281,33.77723694,0.020433956,-0.085565723,48.7,50.2,55.9,22.4,12.2,23.9,36,9/29/15,0,T2M,Archival
9/30/15,21.71263885,22.66539764,33.80385208,0.026465522,0.00018363,48.7,50.2,55.9,22.4,12.2,23.9,36,9/30/15,0,T2M,Archival
10/1/15,21.72270203,22.16950417,33.48286819,0.012411171,0.10625878,48.7,50.2,55.9,22.4,12.2,23.9,36,10/1/15,0,T2M,Archival
10/2/15,19.88474655,19.88790131,33.29879379,8.76321E-05,0.285556227,48.7,50.2,55.9,22.4,12.2,23.9,36,10/2/15,0,T2M,Archival
10/3/15,19.50092316,19.50090408,33.13991928,-5.29819E-07,0.365424842,48.7,50.2,55.9,22.4,12.2,23.9,36,10/3/15,0,T2M,Archival
10/4/15,19.33755493,19.33700371,33.01615524,-1.53118E-05,0.399898797,48.7,50.2,55.9,22.4,12.2,23.9,36,10/4/15,0,T2M,Archival
10/5/15,19.29791451,19.29927635,33.16698074,3.78291E-05,0.340511471,48.7,50.2,55.9,22.4,12.2,23.9,36,10/5/15,0,T2M,Archival
10/6/15,19.38710594,19.41487312,33.50235367,0.000771311,0.19482106,48.7,50.2,55.9,22.4,12.2,23.9,36,10/6/15,0,T2M,Archival
10/7/15,19.39805031,19.45129967,33.54545975,0.001479149,0.123659767,48.7,50.2,55.9,22.4,12.2,23.9,36,10/7/15,0,T2M,Archival
10/8/15,18.33313942,19.51467705,33.5997963,0.03282049,-0.008038602,48.7,50.2,55.9,22.4,12.2,23.9,36,10/8/15,0,T2M,Archival
10/9/15,18.27945328,19.55297279,33.53081131,0.035375542,0.02955728,48.7,50.2,55.9,22.4,12.2,23.9,36,10/9/15,0,T2M,Archival
10/10/15,18.2196064,19.3748455,33.46546555,0.032089975,0.028753405,48.7,50.2,55.9,22.4,12.2,23.9,36,10/10/15,0,T2M,Archival
10/11/15,17.96674919,18.99183083,33.67162704,0.02847449,0.025530251,48.7,50.2,55.9,22.4,12.2,23.9,36,10/11/15,0,T2M,Archival
10/12/15,17.95223427,19.08444786,33.71751785,0.031450378,0.034421939,48.7,50.2,55.9,22.4,12.2,23.9,36,10/12/15,0,T2M,Archival
10/13/15,17.90261841,19.2872982,33.73812103,0.038463328,0.081690595,48.7,50.2,55.9,22.4,12.2,23.9,36,10/13/15,0,T2M,Archival
10/14/15,18.71405029,19.12261963,33.4184227,0.011349148,0.010479433,48.7,50.2,55.9,22.4,12.2,23.9,36,10/14/15,0,T2M,Archival
10/15/15,18.81540298,18.97939491,33.39606476,0.004555331,-0.080456808,48.7,50.2,55.9,22.4,12.2,23.9,36,10/15/15,0,T2M,Archival
10/16/15,18.94673347,18.85311699,33.37263107,-0.002600458,-0.103584208,48.7,50.2,55.9,22.4,12.2,23.9,36,10/16/15,0,T2M,Archival
10/17/15,18.82040596,18.39733315,33.32789612,-0.011752023,-0.1196182,48.7,50.2,55.9,22.4,12.2,23.9,36,10/17/15,0,T2M,Archival
10/18/15,18.83592033,17.97927666,33.33965302,-0.023795658,-0.191126421,48.7,50.2,55.9,22.4,12.2,23.9,36,10/18/15,0,T2M,Archival
10/19/15,18.81021118,17.66778755,33.41203308,-0.03173399,-0.210324422,48.7,50.2,55.9,22.4,12.2,23.9,36,10/19/15,0,T2M,Archival
10/20/15,17.54129791,18.20110512,33.57453537,0.018327978,-0.256523967,48.7,50.2,55.9,22.4,12.2,23.9,36,10/20/15,0,T2M,Archival
10/21/15,17.73554611,18.19965363,33.52511978,0.012891875,-0.293395668,48.7,50.2,55.9,22.4,12.2,23.9,36,10/21/15,0,T2M,Archival
10/22/15,17.49059296,18.18180656,33.30083847,0.019200378,-0.156861439,48.7,50.2,55.9,22.4,12.2,23.9,36,10/22/15,0,T2M,Archival
10/23/15,16.82110023,17.96528435,33.38857269,0.031782892,-0.117975377,48.7,50.2,55.9,22.4,12.2,23.9,36,10/23/15,0,T2M,Archival
10/24/15,16.8716526,17.78236771,33.5919075,0.025297642,-0.100971244,48.7,50.2,55.9,22.4,12.2,23.9,36,10/24/15,0,T2M,Archival
10/25/15,16.96190643,17.59840202,33.58858871,0.017680433,-0.057350431,48.7,50.2,55.9,22.4,12.2,23.9,36,10/25/15,0,T2M,Archival
10/26/15,18.1889286,17.84513092,33.62382507,-0.009549936,-0.153814152,48.7,50.2,55.9,22.4,12.2,23.9,36,10/26/15,0,T2M,Archival
10/27/15,18.21712303,17.85539055,33.69435501,-0.010048125,-0.142089471,48.7,50.2,55.9,22.4,12.2,23.9,36,10/27/15,0,T2M,Archival
10/28/15,18.19023132,17.94999313,33.75594711,-0.006673283,0.04638353,48.7,50.2,55.9,22.4,12.2,23.9,36,10/28/15,0,T2M,Archival
10/29/15,17.56962013,17.90233421,33.59425354,0.009242058,0.051108677,48.7,50.2,55.9,22.4,12.2,23.9,36,10/29/15,0,T2M,Archival
10/30/15,17.60874176,17.75363922,33.47624207,0.004024929,-0.152868554,48.7,50.2,55.9,22.4,12.2,23.9,36,10/30/15,0,T2M,Archival
10/31/15,17.64616585,17.56803703,33.57934952,-0.002170245,-0.153984562,48.7,50.2,55.9,22.4,12.2,23.9,36,10/31/15,0,T2M,Archival
11/1/15,16.98960304,17.47506142,33.56803894,0.013484955,-0.117707886,48.7,50.2,55.9,22.4,12.2,23.9,36,11/1/15,0,T2M,Archival
11/2/15,16.93046379,17.37978745,33.51026535,0.012481213,-0.142498091,48.7,50.2,55.9,22.4,12.2,23.9,36,11/2/15,0,T2M,Archival
11/3/15,16.89704895,17.40036011,33.55160141,0.013980865,-0.163962796,48.7,50.2,55.9,22.4,12.2,23.9,36,11/3/15,0,T2M,Archival
11/4/15,17.38233566,17.51344109,33.56430435,0.003641817,-0.138713628,48.7,50.2,55.9,22.4,12.2,23.9,36,11/4/15,0,T2M,Archival
11/5/15,17.40187645,17.57613182,33.47394943,0.004840427,-0.10568323,48.7,50.2,55.9,22.4,12.2,23.9,36,11/5/15,0,T2M,Archival
11/6/15,17.39165115,17.66032219,33.36007309,0.007463084,-0.091429919,48.7,50.2,55.9,22.4,12.2,23.9,36,11/6/15,0,T2M,Archival
11/7/15,18.12827492,17.94932938,33.20802307,-0.004970709,-0.148789227,48.7,50.2,55.9,22.4,12.2,23.9,36,11/7/15,0,T2M,Archival
11/8/15,18.36130333,17.70152855,33.34911728,-0.018327077,-0.25574699,48.7,50.2,55.9,22.4,12.2,23.9,36,11/8/15,0,T2M,Archival
11/9/15,18.42532158,17.56377602,33.55883789,-0.023931821,-0.209025443,48.7,50.2,55.9,22.4,12.2,23.9,36,11/9/15,0,T2M,Archival
11/10/15,18.68781471,17.66606712,33.50550842,-0.028381877,0.003487275,48.7,50.2,55.9,22.4,12.2,23.9,36,11/10/15,0,T2M,Archival
11/11/15,18.5915699,17.37273598,33.23400497,-0.033856498,-0.005037457,48.7,50.2,55.9,22.4,12.2,23.9,36,11/11/15,0,T2M,Archival
11/12/15,18.50485039,17.02785492,33.08284378,-0.041027652,-0.00762761,48.7,50.2,55.9,22.4,12.2,23.9,36,11/12/15,0,T2M,Archival
11/13/15,18.61468887,17.02928352,32.98267746,-0.044039037,-0.070358805,48.7,50.2,55.9,22.4,12.2,23.9,36,11/13/15,0,T2M,Archival
11/14/15,18.8062191,17.10622215,33.32988358,-0.047222137,-0.291719049,48.7,50.2,55.9,22.4,12.2,23.9,36,11/14/15,0,T2M,Archival
11/15/15,18.3514576,16.7956295,33.55101395,-0.043217447,-0.266873091,48.7,50.2,55.9,22.4,12.2,23.9,36,11/15/15,0,T2M,Archival
11/16/15,17.41868019,16.16649818,33.29090881,-0.034782834,-0.286013097,48.7,50.2,55.9,22.4,12.2,23.9,36,11/16/15,0,T2M,Archival
11/17/15,17.38158607,16.07894325,33.3231163,-0.036184523,-0.24356395,48.7,50.2,55.9,22.4,12.2,23.9,36,11/17/15,0,T2M,Archival
11/18/15,17.68960571,16.26451302,33.69465256,-0.039585908,-0.217617631,48.7,50.2,55.9,22.4,12.2,23.9,36,11/18/15,0,T2M,Archival
11/19/15,18.63695717,16.61491585,33.69525528,-0.056167814,-0.101292275,48.7,50.2,55.9,22.4,12.2,23.9,36,11/19/15,0,T2M,Archival
11/20/15,18.57529831,16.62070274,33.61217117,-0.054294321,-0.134252012,48.7,50.2,55.9,22.4,12.2,23.9,36,11/20/15,0,T2M,Archival
11/21/15,18.2533474,16.46647072,33.73017502,-0.049635463,-0.194060668,48.7,50.2,55.9,22.4,12.2,23.9,36,11/21/15,0,T2M,Archival
11/22/15,17.65310669,16.10569,33.64356232,-0.042983797,-0.040143214,48.7,50.2,55.9,22.4,12.2,23.9,36,11/22/15,0,T2M,Archival
11/23/15,17.41337395,15.71624374,33.65923309,-0.047142506,-0.144701377,48.7,50.2,55.9,22.4,12.2,23.9,36,11/23/15,0,T2M,Archival
11/24/15,17.13003731,15.50698853,33.74791718,-0.045084688,-0.325172961,48.7,50.2,55.9,22.4,12.2,23.9,36,11/24/15,0,T2M,Archival
11/25/15,16.1527729,15.07369518,33.7771225,-0.029974381,-0.419429302,48.7,50.2,55.9,22.4,12.2,23.9,36,11/25/15,0,T2M,Archival
11/26/15,15.73897457,14.98711395,33.89161682,-0.020885017,-0.34429872,48.7,50.2,55.9,22.4,12.2,23.9,36,11/26/15,0,T2M,Archival
11/27/15,15.6170454,14.98758221,33.89425278,-0.017485089,-0.281416684,48.7,50.2,55.9,22.4,12.2,23.9,36,11/27/15,0,T2M,Archival
11/28/15,15.98913574,15.52939987,33.93564224,-0.012770441,-0.214129135,48.7,50.2,55.9,22.4,12.2,23.9,36,11/28/15,1,T2M,Archival
11/29/15,15.85495663,15.44609547,33.89767456,-0.011357254,-0.16339311,48.7,50.2,55.9,22.4,12.2,23.9,36,11/29/15,0,T2M,Archival
11/30/15,15.71772099,15.59447765,33.98600006,-0.003423426,-0.105899282,48.7,50.2,55.9,22.4,12.2,23.9,36,11/30/15,1,T2M,Archival
12/1/15,15.28874207,15.2979784,33.94274139,0.000256565,-0.046088029,48.7,50.2,55.9,22.4,12.2,23.9,36,12/1/15,0,T2M,Archival
12/2/15,15.26318264,15.13202572,33.86060715,-0.003643248,-0.05009751,48.7,50.2,55.9,22.4,12.2,23.9,36,12/2/15,0,T2M,Archival
12/3/15,15.62958145,14.92651844,33.72506714,-0.019529528,-0.205389187,48.7,50.2,55.9,22.4,12.2,23.9,36,12/3/15,1,T2M,Archival
12/4/15,14.97313023,14.51015568,33.88372421,-0.012860404,-0.388712525,48.7,50.2,55.9,22.4,12.2,23.9,36,12/4/15,0,T2M,Archival
12/5/15,14.84224415,14.25679111,33.89632416,-0.016262584,-0.3698847,48.7,50.2,55.9,22.4,12.2,23.9,36,12/5/15,0,T2M,Archival
12/6/15,14.72445774,14.1270256,33.91832352,-0.016595337,-0.313702047,48.7,50.2,55.9,22.4,12.2,23.9,36,12/6/15,0,T2M,Archival
12/7/15,14.66029358,14.36367798,33.78602219,-0.008239322,-0.19778055,48.7,50.2,55.9,22.4,12.2,23.9,36,12/7/15,0,T2M,Archival
12/8/15,14.79111004,14.30938816,33.79437256,-0.013381163,-0.184745386,48.7,50.2,55.9,22.4,12.2,23.9,36,12/8/15,1,T2M,Archival
12/9/15,14.78490543,14.2255249,33.80675125,-0.015538348,-0.13431181,48.7,50.2,55.9,22.4,12.2,23.9,36,12/9/15,1,T2M,Archival
12/10/15,14.31787777,13.71053028,33.81183243,-0.016870764,-0.052120361,48.7,50.2,55.9,22.4,12.2,23.9,36,12/10/15,1,T2M,Archival
12/11/15,14.26830387,13.7136755,33.78474426,-0.015406344,-0.070311986,48.7,50.2,55.9,22.4,12.2,23.9,36,12/11/15,0,T2M,Archival
12/12/15,14.378829,13.58527851,33.66595078,-0.022043069,-0.103396676,48.7,50.2,55.9,22.4,12.2,23.9,36,12/12/15,1,T2M,Archival
12/13/15,13.93296814,13.99169922,33.63940048,0.001631419,-0.117901735,48.7,50.2,55.9,22.4,12.2,23.9,36,12/13/15,0,T2M,Archival
12/14/15,14.02998829,14.18151855,33.65420151,0.004209174,-0.025611758,48.7,50.2,55.9,22.4,12.2,23.9,36,12/14/15,0,T2M,Archival
12/15/15,14.27295017,14.07733536,33.58684158,-0.005433745,-0.011331886,48.7,50.2,55.9,22.4,12.2,23.9,36,12/15/15,0,T2M,Archival
12/16/15,14.42584229,14.28731251,33.59517288,-0.003848049,-0.168878317,48.7,50.2,55.9,22.4,12.2,23.9,36,12/16/15,0,T2M,Archival
12/17/15,14.30580425,14.21739578,33.50718689,-0.002455791,0.063303605,48.7,50.2,55.9,22.4,12.2,23.9,36,12/17/15,0,T2M,Archival
12/18/15,14.21189117,14.22319126,33.35267639,0.000313891,0.065873511,48.7,50.2,55.9,22.4,12.2,23.9,36,12/18/15,0,T2M,Archival
12/19/15,14.32673168,13.85598373,33.35972977,-0.013076332,-0.243927464,48.7,50.2,55.9,22.4,12.2,23.9,36,12/19/15,0,T2M,Archival
12/20/15,14.68967438,13.50456905,33.51403809,-0.032919592,-0.364102602,48.7,50.2,55.9,22.4,12.2,23.9,36,12/20/15,0,T2M,Archival
12/21/15,15.03782749,13.6160965,33.74238205,-0.039492528,-0.29507184,48.7,50.2,55.9,22.4,12.2,23.9,36,12/21/15,0,T2M,Archival
12/22/15,15.35590649,14.03223515,33.86244965,-0.036768648,-0.229714647,48.7,50.2,55.9,22.4,12.2,23.9,36,12/22/15,0,T2M,Archival
12/23/15,15.4669199,14.12299633,33.68708038,-0.03733121,-0.244467273,48.7,50.2,55.9,22.4,12.2,23.9,36,12/23/15,0,T2M,Archival
12/24/15,15.3520689,14.1689415,33.61885834,-0.03286465,-0.221865222,48.7,50.2,55.9,22.4,12.2,23.9,36,12/24/15,0,T2M,Archival
12/25/15,15.50599957,13.83938694,33.46113205,-0.046294795,-0.235941723,48.7,50.2,55.9,22.4,12.2,23.9,36,12/25/15,0,T2M,Archival
12/26/15,15.41727448,13.72671127,33.38708496,-0.046960089,-0.211763859,48.7,50.2,55.9,22.4,12.2,23.9,36,12/26/15,0,T2M,Archival
12/27/15,14.79340363,13.75254822,33.48910522,-0.02891265,-0.137017727,48.7,50.2,55.9,22.4,12.2,23.9,36,12/27/15,0,T2M,Archival
12/28/15,15.5329237,13.97085476,33.22029495,-0.043390804,-0.227845013,48.7,50.2,55.9,22.4,12.2,23.9,36,12/28/15,0,T2M,Archival
12/29/15,14.90054035,13.96343136,33.36581039,-0.026030805,-0.02439286,48.7,50.2,55.9,22.4,12.2,23.9,36,12/29/15,0,T2M,Archival
12/30/15,14.72046661,13.82102203,33.25904465,-0.024984572,-0.134935006,48.7,50.2,55.9,22.4,12.2,23.9,36,12/30/15,1,T2M,Archival
12/31/15,14.09024811,14.00060177,33.24816513,-0.002490176,-0.050813735,48.7,50.2,55.9,22.4,12.2,23.9,36,12/31/15,1,T2M,Archival
1/1/16,14.09519482,13.62694263,33.2480278,-0.013007005,-0.148487687,48.7,50.2,55.9,22.4,12.2,23.9,36,1/1/16,1,T2M,Archival
1/2/16,14.27026367,13.27137661,33.30168152,-0.027746863,-0.194377676,48.7,50.2,55.9,22.4,12.2,23.9,36,1/2/16,0,T2M,Archival
1/3/16,14.22200394,12.85493755,33.33472824,-0.037974066,-0.126068458,48.7,50.2,55.9,22.4,12.2,23.9,36,1/3/16,1,T2M,Archival
1/4/16,14.69662857,12.65898514,33.41672134,-0.056601206,-0.147408143,48.7,50.2,55.9,22.4,12.2,23.9,36,1/4/16,0,T2M,Archival
1/5/16,14.75113392,12.43816757,33.64717102,-0.064249065,-0.193881705,48.7,50.2,55.9,22.4,12.2,23.9,36,1/5/16,0,T2M,Archival
1/6/16,14.19513702,12.42278576,33.97704697,-0.04923198,-0.199911654,48.7,50.2,55.9,22.4,12.2,23.9,36,1/6/16,0,T2M,Archival
1/7/16,14.13880634,12.25850201,33.95178604,-0.052230676,-0.189482152,48.7,50.2,55.9,22.4,12.2,23.9,36,1/7/16,1,T2M,Archival
1/8/16,14.06766033,12.39705181,34.03641129,-0.046405792,-0.143662408,48.7,50.2,55.9,22.4,12.2,23.9,36,1/8/16,0,T2M,Archival
1/9/16,12.64431858,11.67682934,34.00823212,-0.026874701,-0.046485394,48.7,50.2,55.9,22.4,12.2,23.9,36,1/9/16,0,T2M,Archival
1/10/16,11.88907909,11.53160572,33.95303345,-0.009929816,0.096153058,48.7,50.2,55.9,22.4,12.2,23.9,36,1/10/16,0,T2M,Archival
1/11/16,11.75435638,11.312397,33.92590332,-0.012276649,-0.13638635,48.7,50.2,55.9,22.4,12.2,23.9,36,1/11/16,1,T2M,Archival
1/12/16,11.4100256,11.70296478,33.97421646,0.0081372,-0.188506976,48.7,50.2,55.9,22.4,12.2,23.9,36,1/12/16,1,T2M,Archival
1/13/16,11.75513363,11.14632893,33.90047073,-0.016911242,-0.278718024,48.7,50.2,55.9,22.4,12.2,23.9,36,1/13/16,0,T2M,Archival
1/14/16,12.00425434,10.94450474,33.92664719,-0.029437489,-0.245730981,48.7,50.2,55.9,22.4,12.2,23.9,36,1/14/16,0,T2M,Archival
1/15/16,12.55498123,11.64055729,33.53047562,-0.025400665,-0.1444038,48.7,50.2,55.9,22.4,12.2,23.9,36,1/15/16,0,T2M,Archival
1/16/16,12.52397442,11.75570202,33.48152924,-0.0213409,0.061523359,48.7,50.2,55.9,22.4,12.2,23.9,36,1/16/16,1,T2M,Archival
1/17/16,12.46115208,11.39916229,33.44244003,-0.029499716,-0.042212125,48.7,50.2,55.9,22.4,12.2,23.9,36,1/17/16,1,T2M,Archival
1/18/16,11.6469965,9.776497841,33.46271896,-0.051958296,-0.117799155,48.7,50.2,55.9,22.4,12.2,23.9,36,1/18/16,0,T2M,Archival
1/19/16,10.9186182,9.929169655,33.73297882,-0.027484682,-0.403933436,48.7,50.2,55.9,22.4,12.2,23.9,36,1/19/16,1,T2M,Archival
1/20/16,9.868224144,9.81537056,33.97685623,-0.001468155,-0.470970303,48.7,50.2,55.9,22.4,12.2,23.9,36,1/20/16,0,T2M,Archival
1/21/16,9.189167976,9.152651787,33.96944809,-0.001014339,-0.327363759,48.7,50.2,55.9,22.4,12.2,23.9,36,1/21/16,0,T2M,Archival
1/22/16,9.136791229,9.098650932,33.99549484,-0.001059453,-0.282329977,48.7,50.2,55.9,22.4,12.2,23.9,36,1/22/16,0,T2M,Archival
1/23/16,9.435696602,9.441640854,34.01232147,0.000165118,0.294550329,48.7,50.2,55.9,22.4,12.2,23.9,36,1/23/16,0,T2M,Archival
1/24/16,9.256737709,9.234911919,33.84119797,-0.000606272,0.208800301,48.7,50.2,55.9,22.4,12.2,23.9,36,1/24/16,1,T2M,Archival
1/25/16,8.334736824,8.336728096,33.60377884,5.53131E-05,-0.055890743,48.7,50.2,55.9,22.4,12.2,23.9,36,1/25/16,1,T2M,Archival
1/26/16,8.260006905,8.274147034,33.54707718,0.000392781,-0.118338488,48.7,50.2,55.9,22.4,12.2,23.9,36,1/26/16,1,T2M,Archival
1/27/16,8.624874115,8.6257658,33.57811737,2.4769E-05,-0.187819481,48.7,50.2,55.9,22.4,12.2,23.9,36,1/27/16,1,T2M,Archival
1/28/16,8.829478264,8.641736984,33.60814285,-0.005215036,-0.101246558,48.7,50.2,55.9,22.4,12.2,23.9,36,1/28/16,1,T2M,Archival
1/29/16,8.936476707,8.642148018,33.60401154,-0.008175797,-0.03994339,48.7,50.2,55.9,22.4,12.2,23.9,36,1/29/16,1,T2M,Archival
1/30/16,8.593753815,8.532735825,33.54097366,-0.001694944,-0.211927578,48.7,50.2,55.9,22.4,12.2,23.9,36,1/30/16,1,T2M,Archival
1/31/16,8.569112778,8.481590271,33.5303688,-0.002431181,-0.188024804,48.7,50.2,55.9,22.4,12.2,23.9,36,1/31/16,1,T2M,Archival
2/1/16,9.008152962,8.511575699,33.52676392,-0.013793813,-0.179334924,48.7,50.2,55.9,22.4,12.2,23.9,36,2/1/16,1,T2M,Archival
2/2/16,9.159651756,8.592824936,33.42713547,-0.015745189,-0.263337702,48.7,50.2,55.9,22.4,12.2,23.9,36,2/2/16,1,T2M,Archival
2/3/16,8.901507378,8.814586639,33.4967804,-0.002414465,-0.211299255,48.7,50.2,55.9,22.4,12.2,23.9,36,2/3/16,1,T2M,Archival
2/4/16,8.922118187,8.643340111,33.25379562,-0.007743835,-0.138672695,48.7,50.2,55.9,22.4,12.2,23.9,36,2/4/16,1,T2M,Archival
2/5/16,8.792071342,7.801328182,33.15328217,-0.027520643,-0.201058105,48.7,50.2,55.9,22.4,12.2,23.9,36,2/5/16,1,T2M,Archival
2/6/16,8.516594887,7.752305508,33.31218719,-0.021230261,-0.265804231,48.7,50.2,55.9,22.4,12.2,23.9,36,2/6/16,1,T2M,Archival
2/7/16,8.427017212,7.645610809,33.31790543,-0.021705733,-0.155767232,48.7,50.2,55.9,22.4,12.2,23.9,36,2/7/16,1,T2M,Archival
2/8/16,8.485141754,8.380027771,33.54351807,-0.002919833,0.190132663,48.7,50.2,55.9,22.4,12.2,23.9,36,2/8/16,1,T2M,Archival
2/9/16,8.374867439,8.3797369,33.54728699,0.000135263,0.206715152,48.7,50.2,55.9,22.4,12.2,23.9,36,2/9/16,1,T2M,Archival
2/10/16,8.290700912,8.213050842,33.52290726,-0.002156946,0.049052075,48.7,50.2,55.9,22.4,12.2,23.9,36,2/10/16,1,T2M,Archival
2/11/16,8.336643219,8.304508209,33.39315414,-0.000892639,-0.219925568,48.7,50.2,55.9,22.4,12.2,23.9,36,2/11/16,1,T2M,Archival
2/12/16,8.305041313,8.244704247,33.46533966,-0.00167603,-0.319744319,48.7,50.2,55.9,22.4,12.2,23.9,36,2/12/16,1,T2M,Archival
2/13/16,8.402201653,8.314129829,33.54521942,-0.00244644,-0.303824395,48.7,50.2,55.9,22.4,12.2,23.9,36,2/13/16,0,T2M,Archival
2/14/16,6.729044437,6.683141232,33.640522,-0.001275089,-0.493657023,48.7,50.2,55.9,22.4,12.2,23.9,36,2/14/16,0,T2M,Archival
2/15/16,6.517974854,6.494434357,33.66640472,-0.000653903,-0.355760694,48.7,50.2,55.9,22.4,12.2,23.9,36,2/15/16,1,T2M,Archival
2/16/16,6.546991348,6.551434994,33.65365982,0.000123435,-0.129105449,48.7,50.2,55.9,22.4,12.2,23.9,36,2/16/16,0,T2M,Archival
2/17/16,7.793674946,7.681064606,33.58811569,-0.003128065,-0.262357235,48.7,50.2,55.9,22.4,12.2,23.9,36,2/17/16,0,T2M,Archival
2/18/16,7.875251293,7.919157028,33.64609146,0.001219604,-0.359049052,48.7,50.2,55.9,22.4,12.2,23.9,36,2/18/16,0,T2M,Archival
2/19/16,7.916545868,7.93315649,33.66414261,0.000461406,-0.334122628,48.7,50.2,55.9,22.4,12.2,23.9,36,2/19/16,0,T2M,Archival
2/20/16,7.785286427,7.939304352,33.55812454,0.004278276,-0.232494518,48.7,50.2,55.9,22.4,12.2,23.9,36,2/20/16,0,T2M,Archival
2/21/16,7.914921284,7.530987263,33.39583206,-0.010664834,-0.205517218,48.7,50.2,55.9,22.4,12.2,23.9,36,2/21/16,0,T2M,Archival
2/22/16,7.903850555,7.492647648,33.29089737,-0.011422303,-0.202902511,48.7,50.2,55.9,22.4,12.2,23.9,36,2/22/16,0,T2M,Archival
2/23/16,8.054067612,7.652033329,33.60092545,-0.011167619,-0.119745493,48.7,50.2,55.9,22.4,12.2,23.9,36,2/23/16,0,T2M,Archival
2/24/16,7.571151733,7.724816799,33.65900803,0.004268474,0.032308046,48.7,50.2,55.9,22.4,12.2,23.9,36,2/24/16,0,T2M,Archival
2/25/16,7.57359457,7.456292629,33.53279495,-0.003258387,-0.023669561,48.7,50.2,55.9,22.4,12.2,23.9,36,2/25/16,1,T2M,Archival
2/26/16,9.115830421,7.756786346,33.16354752,-0.037751224,-0.363054544,48.7,50.2,55.9,22.4,12.2,23.9,36,2/26/16,0,T2M,Archival
2/27/16,9.155041695,7.046571255,32.93020248,-0.058568623,-0.372947603,48.7,50.2,55.9,22.4,12.2,23.9,36,2/27/16,0,T2M,Archival
2/28/16,8.919077873,7.000435352,32.95891953,-0.053295626,-0.323996753,48.7,50.2,55.9,22.4,12.2,23.9,36,2/28/16,0,T2M,Archival
3/1/16,9.007044792,6.573960781,32.6801796,-0.067585667,-0.279304087,48.7,50.2,55.9,22.4,12.2,23.9,36,3/1/16,0,T2M,Archival
3/2/16,9.248515129,6.956522465,32.78624725,-0.063666463,-0.141271099,48.7,50.2,55.9,22.4,12.2,23.9,36,3/2/16,1,T2M,Archival
3/3/16,9.750695229,7.863999844,33.15477753,-0.052408205,-0.309841186,48.7,50.2,55.9,22.4,12.2,23.9,36,3/3/16,0,T2M,Archival
3/4/16,9.659194946,8.075500488,33.20235062,-0.043991513,-0.125697449,48.7,50.2,55.9,22.4,12.2,23.9,36,3/4/16,1,T2M,Archival
3/5/16,9.005788803,8.333436966,33.24277878,-0.01867644,-0.157345966,48.7,50.2,55.9,22.4,12.2,23.9,36,3/5/16,1,T2M,Archival
3/6/16,9.217751503,8.169683456,33.28311157,-0.029113001,-0.164974913,48.7,50.2,55.9,22.4,12.2,23.9,36,3/6/16,1,T2M,Archival
3/7/16,9.209439278,8.212603569,33.23156738,-0.027689881,-0.233571485,48.7,50.2,55.9,22.4,12.2,23.9,36,3/7/16,1,T2M,Archival
3/8/16,9.407915115,8.296205521,33.15395737,-0.030880822,-0.280201316,48.7,50.2,55.9,22.4,12.2,23.9,36,3/8/16,1,T2M,Archival
3/9/16,9.425742149,8.171221733,33.11716461,-0.034847789,-0.21160613,48.7,50.2,55.9,22.4,12.2,23.9,36,3/9/16,1,T2M,Archival
3/10/16,9.573666573,8.105414391,32.82226944,-0.040784783,-0.193160161,48.7,50.2,55.9,22.4,12.2,23.9,36,3/10/16,1,T2M,Archival
3/11/16,9.782897949,8.213763237,32.41130829,-0.043587075,-0.285251409,48.7,50.2,55.9,22.4,12.2,23.9,36,3/11/16,1,T2M,Archival
3/12/16,9.970283508,9.108950615,32.14729309,-0.023925914,-0.26435408,48.7,50.2,55.9,22.4,12.2,23.9,36,3/12/16,1,T2M,Archival
3/13/16,9.749209404,9.243239403,32.04230118,-0.014054722,-0.232901216,48.7,50.2,55.9,22.4,12.2,23.9,36,3/13/16,0,T2M,Archival
3/14/16,9.663413048,9.512207031,32.22481918,-0.004200167,-0.14286159,48.7,50.2,55.9,22.4,12.2,23.9,36,3/14/16,1,T2M,Archival
3/15/16,9.081591606,8.696346283,31.66603851,-0.010701259,-0.002997079,48.7,50.2,55.9,22.4,12.2,23.9,36,3/15/16,1,T2M,Archival
3/16/16,8.51759243,8.64311409,31.72335815,0.003486713,-0.08905834,48.7,50.2,55.9,22.4,12.2,23.9,36,3/16/16,1,T2M,Archival
3/17/16,8.394659996,8.748778343,31.48438835,0.009836621,-0.08523199,48.7,50.2,55.9,22.4,12.2,23.9,36,3/17/16,1,T2M,Archival
3/18/16,7.925494671,8.907155991,31.82547188,0.02726837,-0.161339805,48.7,50.2,55.9,22.4,12.2,23.9,36,3/18/16,1,T2M,Archival
3/19/16,7.990468502,8.967819214,32.05199432,0.027148631,-0.144793108,48.7,50.2,55.9,22.4,12.2,23.9,36,3/19/16,1,T2M,Archival
3/20/16,7.776304722,9.099991798,33.04478073,0.036769085,-0.053527158,48.7,50.2,55.9,22.4,12.2,23.9,36,3/20/16,0,T2M,Archival
3/21/16,8.048277855,8.143984795,33.42272949,0.002658526,-0.071739137,48.7,50.2,55.9,22.4,12.2,23.9,36,3/21/16,1,T2M,Archival
3/22/16,8.003697395,8.003874779,33.37921524,4.92732E-06,-0.285658091,48.7,50.2,55.9,22.4,12.2,23.9,36,3/22/16,0,T2M,Archival
3/23/16,8.229439735,7.948005676,33.21712112,-0.007817613,-0.335844904,48.7,50.2,55.9,22.4,12.2,23.9,36,3/23/16,1,T2M,Archival
3/24/16,7.871515751,6.855618954,32.91541672,-0.028219355,-0.308371931,48.7,50.2,55.9,22.4,12.2,23.9,36,3/24/16,1,T2M,Archival
3/25/16,7.849556446,7.101903439,32.42303467,-0.020768139,-0.194112584,48.7,50.2,55.9,22.4,12.2,23.9,36,3/25/16,1,T2M,Archival
3/26/16,7.842195988,7.43478775,32.11354828,-0.011316895,-0.261244595,48.7,50.2,55.9,22.4,12.2,23.9,36,3/26/16,1,T2M,Archival
3/27/16,7.552947521,7.911951065,32.47065735,0.009972321,-0.158684313,48.7,50.2,55.9,22.4,12.2,23.9,36,3/27/16,1,T2M,Archival
3/28/16,7.553419113,8.323486328,32.87135696,0.021390756,-0.016999383,48.7,50.2,55.9,22.4,12.2,23.9,36,3/28/16,1,T2M,Archival
3/29/16,7.657601833,8.258364677,32.7526741,0.016687857,-0.29628852,48.7,50.2,55.9,22.4,12.2,23.9,36,3/29/16,1,T2M,Archival
3/30/16,7.648713589,8.144314766,32.90193939,0.013766699,-0.446732312,48.7,50.2,55.9,22.4,12.2,23.9,36,3/30/16,0,T2M,Archival
3/31/16,7.676101685,8.33148098,32.82140732,0.01820498,-0.292813689,48.7,50.2,55.9,22.4,12.2,23.9,36,3/31/16,0,T2M,Archival
4/1/16,7.860095501,8.715490341,32.62976456,0.023760968,-0.188050866,48.7,50.2,55.9,22.4,12.2,23.9,36,4/1/16,0,T2M,Archival
4/2/16,10.05968761,8.631415367,32.08879089,-0.039674229,-0.173163399,48.7,50.2,55.9,22.4,12.2,23.9,36,4/2/16,0,T2M,Archival
4/3/16,10.1883564,8.982533455,32.57214355,-0.033495082,-0.339181513,48.7,50.2,55.9,22.4,12.2,23.9,36,4/3/16,1,T2M,Archival
4/4/16,10.14146328,9.445224762,33.0571022,-0.019339959,-0.332275897,48.7,50.2,55.9,22.4,12.2,23.9,36,4/4/16,0,T2M,Archival
4/5/16,9.146159172,8.639046669,32.93915558,-0.014086458,-0.28753534,48.7,50.2,55.9,22.4,12.2,23.9,36,4/5/16,0,T2M,Archival
4/6/16,8.863556862,8.412697792,33.04486465,-0.012523863,-0.280346602,48.7,50.2,55.9,22.4,12.2,23.9,36,4/6/16,0,T2M,Archival
4/7/16,8.754609108,8.500286102,33.02123642,-0.007064528,-0.069918215,48.7,50.2,55.9,22.4,12.2,23.9,36,4/7/16,0,T2M,Archival
4/8/16,8.983229637,9.082770348,33.08205795,0.00276502,-0.100645803,48.7,50.2,55.9,22.4,12.2,23.9,36,4/8/16,0,T2M,Archival
4/9/16,9.106732368,9.282235146,33.11113358,0.004875077,-0.118840158,48.7,50.2,55.9,22.4,12.2,23.9,36,4/9/16,0,T2M,Archival
4/10/16,9.140798569,9.109462738,33.11527634,-0.00087044,-0.255161405,48.7,50.2,55.9,22.4,12.2,23.9,36,4/10/16,1,T2M,Archival
4/11/16,9.82256031,8.810696602,33.25562286,-0.028107325,-0.322887242,48.7,50.2,55.9,22.4,12.2,23.9,36,4/11/16,0,T2M,Archival
4/12/16,9.900956154,9.150765419,33.27717209,-0.020838632,-0.22118254,48.7,50.2,55.9,22.4,12.2,23.9,36,4/12/16,1,T2M,Archival
4/13/16,9.883215904,9.337575912,33.31056595,-0.015156666,-0.202325463,48.7,50.2,55.9,22.4,12.2,23.9,36,4/13/16,0,T2M,Archival
4/14/16,8.495235443,9.05714798,33.36579132,0.015608682,-0.20903571,48.7,50.2,55.9,22.4,12.2,23.9,36,4/14/16,0,T2M,Archival
4/15/16,8.428584099,9.021573067,33.332798,0.016471916,-0.171376944,48.7,50.2,55.9,22.4,12.2,23.9,36,4/15/16,0,T2M,Archival
4/16/16,8.444810867,8.889826775,33.23723221,0.012361553,-0.108687125,48.7,50.2,55.9,22.4,12.2,23.9,36,4/16/16,0,T2M,Archival
4/17/16,8.019068718,8.730278015,33.21783829,0.019755814,-0.016104767,48.7,50.2,55.9,22.4,12.2,23.9,36,4/17/16,0,T2M,Archival
4/18/16,7.906888962,9.046010017,33.25105667,0.031642252,-0.029158704,48.7,50.2,55.9,22.4,12.2,23.9,36,4/18/16,0,T2M,Archival
4/19/16,7.943080425,9.645173073,33.22645569,0.047280351,-0.023111334,48.7,50.2,55.9,22.4,12.2,23.9,36,4/19/16,0,T2M,Archival
4/20/16,7.880730152,9.956485748,33.19665146,0.057659878,-0.179060087,48.7,50.2,55.9,22.4,12.2,23.9,36,4/20/16,0,T2M,Archival
4/21/16,7.878438473,10.10377789,33.20856094,0.061814984,-0.131567016,48.7,50.2,55.9,22.4,12.2,23.9,36,4/21/16,0,T2M,Archival
4/22/16,7.897806644,10.30535126,33.16607666,0.066876239,-0.121612847,48.7,50.2,55.9,22.4,12.2,23.9,36,4/22/16,0,T2M,Archival
4/23/16,7.678639889,10.21273422,33.09427261,0.070391509,-0.02287586,48.7,50.2,55.9,22.4,12.2,23.9,36,4/23/16,0,T2M,Archival
4/24/16,7.645051479,10.36174107,33.09270859,0.0754636,-0.088233262,48.7,50.2,55.9,22.4,12.2,23.9,36,4/24/16,0,T2M,Archival
4/25/16,7.630960464,10.50703907,33.11720657,0.079891072,-0.040173266,48.7,50.2,55.9,22.4,12.2,23.9,36,4/25/16,0,T2M,Archival
4/26/16,7.983476639,10.3712225,33.05821228,0.066326274,-0.023913572,48.7,50.2,55.9,22.4,12.2,23.9,36,4/26/16,0,T2M,Archival
4/27/16,8.025090218,10.80093861,32.95111465,0.0771069,-0.001852375,48.7,50.2,55.9,22.4,12.2,23.9,36,4/27/16,0,T2M,Archival
4/28/16,7.90392065,10.6718626,32.99847794,0.076887276,-0.017390089,48.7,50.2,55.9,22.4,12.2,23.9,36,4/28/16,0,T2M,Archival
4/29/16,8.508357048,10.80670166,32.98882675,0.063842906,-0.021860769,48.7,50.2,55.9,22.4,12.2,23.9,36,4/29/16,0,T2M,Archival
4/30/16,8.396653175,10.7641592,33.01375961,0.065764056,-0.040118504,48.7,50.2,55.9,22.4,12.2,23.9,36,4/30/16,0,T2M,Archival
5/1/16,8.344097137,10.85334873,33.05421448,0.069701433,-0.07471092,48.7,50.2,55.9,22.4,12.2,23.9,36,5/1/16,0,T2M,Archival
5/2/16,8.830384254,11.73430252,32.93942261,0.080664396,-0.035762619,48.7,50.2,55.9,22.4,12.2,23.9,36,5/2/16,0,T2M,Archival
5/3/16,8.799716949,12.20948315,32.7431221,0.094715728,-0.011780307,48.7,50.2,55.9,22.4,12.2,23.9,36,5/3/16,0,T2M,Archival
5/4/16,8.737524986,12.39438629,32.70273209,0.101579481,0.029960515,48.7,50.2,55.9,22.4,12.2,23.9,36,5/4/16,0,T2M,Archival
5/5/16,8.564598083,11.30497646,32.83442688,0.076121622,0.0848478,48.7,50.2,55.9,22.4,12.2,23.9,36,5/5/16,0,T2M,Archival
5/6/16,8.294346809,10.03192902,32.9400444,0.048266172,0.079406686,48.7,50.2,55.9,22.4,12.2,23.9,36,5/6/16,0,T2M,Archival
5/7/16,8.096645355,10.01596928,32.8822403,0.053314553,0.033554342,48.7,50.2,55.9,22.4,12.2,23.9,36,5/7/16,0,T2M,Archival
5/8/16,8.215950012,10.67943096,32.78953552,0.068430026,-0.055791479,48.7,50.2,55.9,22.4,12.2,23.9,36,5/8/16,0,T2M,Archival
5/9/16,8.258563995,11.00978184,32.744133,0.076422718,-0.141913936,48.7,50.2,55.9,22.4,12.2,23.9,36,5/9/16,0,T2M,Archival
5/10/16,8.324574471,11.51369762,32.71914673,0.088586754,-0.122958302,48.7,50.2,55.9,22.4,12.2,23.9,36,5/10/16,0,T2M,Archival
5/11/16,8.432692528,11.78354931,32.74503708,0.093079355,-0.179230019,48.7,50.2,55.9,22.4,12.2,23.9,36,5/11/16,0,T2M,Archival
5/12/16,8.486514091,12.24884033,32.77006149,0.104509062,-0.126595661,48.7,50.2,55.9,22.4,12.2,23.9,36,5/12/16,0,T2M,Archival
5/13/16,8.520001411,12.38077831,32.77046585,0.107243803,-0.075466305,48.7,50.2,55.9,22.4,12.2,23.9,36,5/13/16,0,T2M,Archival
5/14/16,9.684628487,11.86272907,32.64183807,0.060502794,-0.031572964,48.7,50.2,55.9,22.4,12.2,23.9,36,5/14/16,0,T2M,Archival
5/15/16,9.809279442,11.67044163,32.61797714,0.05169895,-0.137006178,48.7,50.2,55.9,22.4,12.2,23.9,36,5/15/16,0,T2M,Archival
5/16/16,9.997116089,11.30272579,32.70617676,0.036266936,-0.296737403,48.7,50.2,55.9,22.4,12.2,23.9,36,5/16/16,0,T2M,Archival
5/17/16,9.617109299,12.27503204,32.72220993,0.073831187,-0.354222655,48.7,50.2,55.9,22.4,12.2,23.9,36,5/17/16,0,T2M,Archival
5/18/16,9.529072762,12.69898701,32.70943069,0.088053173,-0.223586366,48.7,50.2,55.9,22.4,12.2,23.9,36,5/18/16,0,T2M,Archival
5/19/16,9.578929901,12.74430561,32.95299911,0.087927103,-0.171474636,48.7,50.2,55.9,22.4,12.2,23.9,36,5/19/16,0,T2M,Archival
5/20/16,10.19862556,12.52782059,32.9275322,0.064699862,-0.224798441,48.7,50.2,55.9,22.4,12.2,23.9,36,5/20/16,0,T2M,Archival
5/21/16,10.25828266,12.60286713,32.91449356,0.065127346,-0.114768565,48.7,50.2,55.9,22.4,12.2,23.9,36,5/21/16,0,T2M,Archival
5/22/16,10.23265076,12.22636032,32.85173035,0.055380821,-0.037565861,48.7,50.2,55.9,22.4,12.2,23.9,36,5/22/16,0,T2M,Archival
5/23/16,10.19940376,12.22421741,32.8069725,0.056244824,-0.058422148,48.7,50.2,55.9,22.4,12.2,23.9,36,5/23/16,0,T2M,Archival
5/24/16,10.18862247,12.80826187,32.73607254,0.072767761,-0.064880081,48.7,50.2,55.9,22.4,12.2,23.9,36,5/24/16,0,T2M,Archival
5/25/16,10.19929409,13.34369659,32.60743332,0.087344514,-0.098059237,48.7,50.2,55.9,22.4,12.2,23.9,36,5/25/16,0,T2M,Archival
5/26/16,10.31753159,13.98783875,32.64742279,0.101952977,-0.196194127,48.7,50.2,55.9,22.4,12.2,23.9,36,5/26/16,0,T2M,Archival
5/27/16,10.38262367,14.58638763,32.5331459,0.116771221,-0.197995186,48.7,50.2,55.9,22.4,12.2,23.9,36,5/27/16,0,T2M,Archival
5/28/16,10.44518375,15.31466198,32.33758926,0.135263284,-0.196783885,48.7,50.2,55.9,22.4,12.2,23.9,36,5/28/16,0,T2M,Archival
5/29/16,10.47324085,17.14271927,32.34767151,0.185263289,-0.167136252,48.7,50.2,55.9,22.4,12.2,23.9,36,5/29/16,0,T2M,Archival
5/30/16,10.47188473,17.56076241,32.28043747,0.196913269,-0.078496926,48.7,50.2,55.9,22.4,12.2,23.9,36,5/30/16,0,T2M,Archival
5/31/16,10.45257092,18.13567543,31.88350105,0.21341957,-0.075658299,48.7,50.2,55.9,22.4,12.2,23.9,36,5/31/16,0,T2M,Archival
6/1/16,10.80892849,18.87371635,31.84591866,0.224021885,-0.135363787,48.7,50.2,55.9,22.4,12.2,23.9,36,6/1/16,0,T2M,Archival
6/2/16,10.78261948,18.96774673,31.98091698,0.227364646,-0.077207036,48.7,50.2,55.9,22.4,12.2,23.9,36,6/2/16,0,T2M,Archival
6/3/16,10.65368748,19.02462959,32.09729767,0.23252617,-0.025840433,48.7,50.2,55.9,22.4,12.2,23.9,36,6/3/16,0,T2M,Archival
6/4/16,10.08840179,18.66731644,32.08518219,0.238303185,-0.093132108,48.7,50.2,55.9,22.4,12.2,23.9,36,6/4/16,0,T2M,Archival
6/5/16,10.07228565,18.93269539,32.03954697,0.246122493,-0.054999713,48.7,50.2,55.9,22.4,12.2,23.9,36,6/5/16,0,T2M,Archival
6/6/16,10.11811638,18.93510056,31.7015686,0.244916227,-0.014116217,48.7,50.2,55.9,22.4,12.2,23.9,36,6/6/16,0,T2M,Archival
6/7/16,11.42015076,19.32735634,31.53448296,0.219644599,0.024276583,48.7,50.2,55.9,22.4,12.2,23.9,36,6/7/16,0,T2M,Archival
6/8/16,11.65730286,19.47662354,31.44748116,0.217203352,-0.025816491,48.7,50.2,55.9,22.4,12.2,23.9,36,6/8/16,0,T2M,Archival
6/9/16,11.87262726,18.73974037,31.68220711,0.190753142,-0.117921256,48.7,50.2,55.9,22.4,12.2,23.9,36,6/9/16,0,T2M,Archival
6/10/16,11.77752209,18.35893822,31.78791809,0.182817115,-0.154639199,48.7,50.2,55.9,22.4,12.2,23.9,36,6/10/16,0,T2M,Archival
6/11/16,11.82995892,18.45883369,31.80058479,0.184135411,-0.078944229,48.7,50.2,55.9,22.4,12.2,23.9,36,6/11/16,0,T2M,Archival
6/12/16,11.91888714,18.96390343,31.67649841,0.195694897,-0.006805153,48.7,50.2,55.9,22.4,12.2,23.9,36,6/12/16,0,T2M,Archival
6/13/16,12.02525711,18.96784782,31.78858185,0.192849742,-0.025012231,48.7,50.2,55.9,22.4,12.2,23.9,36,6/13/16,0,T2M,Archival
6/14/16,12.02555943,19.12166595,31.91355324,0.19711407,-0.061088845,48.7,50.2,55.9,22.4,12.2,23.9,36,6/14/16,0,T2M,Archival
6/15/16,12.06000233,19.3324585,31.94550133,0.202012671,-0.069604114,48.7,50.2,55.9,22.4,12.2,23.9,36,6/15/16,0,T2M,Archival
6/16/16,12.40008831,18.96568108,32.0256691,0.182377577,-0.010372397,48.7,50.2,55.9,22.4,12.2,23.9,36,6/16/16,0,T2M,Archival
6/17/16,12.34590244,18.45485115,32.14355087,0.16969302,-0.04559793,48.7,50.2,55.9,22.4,12.2,23.9,36,6/17/16,0,T2M,Archival
6/18/16,12.23947525,18.33658028,32.20898056,0.169364029,-0.129093617,48.7,50.2,55.9,22.4,12.2,23.9,36,6/18/16,0,T2M,Archival
6/19/16,10.80271816,19.36427689,32.25814056,0.237821076,-0.165449545,48.7,50.2,55.9,22.4,12.2,23.9,36,6/19/16,0,T2M,Archival
6/20/16,10.7457304,19.96393967,32.24345016,0.256061369,-0.141028374,48.7,50.2,55.9,22.4,12.2,23.9,36,6/20/16,0,T2M,Archival
6/21/16,10.84490299,20.26251602,32.234478,0.261600362,-0.104618348,48.7,50.2,55.9,22.4,12.2,23.9,36,6/21/16,0,T2M,Archival
6/22/16,11.795331,20.47377205,32.13373947,0.241067807,-0.119325101,48.7,50.2,55.9,22.4,12.2,23.9,36,6/22/16,0,T2M,Archival
6/23/16,11.97610474,20.76928139,32.08284378,0.244254907,-0.135391146,48.7,50.2,55.9,22.4,12.2,23.9,36,6/23/16,0,T2M,Archival
6/24/16,11.93871021,20.88861084,31.97624969,0.248608351,-0.131973401,48.7,50.2,55.9,22.4,12.2,23.9,36,6/24/16,0,T2M,Archival
6/25/16,12.28100872,21.10150909,32.04351425,0.245013899,-0.087040275,48.7,50.2,55.9,22.4,12.2,23.9,36,6/25/16,0,T2M,Archival
6/26/16,11.84761906,21.14037132,32.05375671,0.258132007,-0.126045302,48.7,50.2,55.9,22.4,12.2,23.9,36,6/26/16,0,T2M,Archival
6/27/16,11.51832962,21.52142334,31.99055481,0.277863714,-0.084992804,48.7,50.2,55.9,22.4,12.2,23.9,36,6/27/16,0,T2M,Archival
6/28/16,12.25852966,21.63165855,31.87481499,0.260364691,-0.074330583,48.7,50.2,55.9,22.4,12.2,23.9,36,6/28/16,0,T2M,Archival
6/29/16,12.37804127,21.71328735,31.68863678,0.259312391,-0.065564387,48.7,50.2,55.9,22.4,12.2,23.9,36,6/29/16,0,T2M,Archival
6/30/16,12.44796085,22.02280235,31.56074715,0.265967819,-0.099651217,48.7,50.2,55.9,22.4,12.2,23.9,36,6/30/16,0,T2M,Archival
7/1/16,12.451478,22.54530525,31.48845863,0.28038409,-0.12268433,48.7,50.2,55.9,22.4,12.2,23.9,36,7/1/16,0,T2M,Archival
7/2/16,12.71607304,22.69421577,31.21458244,0.277170632,-0.17122215,48.7,50.2,55.9,22.4,12.2,23.9,36,7/2/16,0,T2M,Archival
7/3/16,12.94502544,22.83773232,31.29910851,0.274797413,-0.243777812,48.7,50.2,55.9,22.4,12.2,23.9,36,7/3/16,0,T2M,Archival
7/4/16,14.11232281,22.94981575,31.33260345,0.245485915,-0.221595347,48.7,50.2,55.9,22.4,12.2,23.9,36,7/4/16,0,T2M,Archival
7/5/16,14.69405079,23.22604179,31.48188972,0.23699975,-0.151849687,48.7,50.2,55.9,22.4,12.2,23.9,36,7/5/16,0,T2M,Archival
7/6/16,15.18960285,23.77830696,31.40052986,0.238575114,-0.150158376,48.7,50.2,55.9,22.4,12.2,23.9,36,7/6/16,0,T2M,Archival
7/7/16,15.03811646,24.60218239,31.4386673,0.265668498,-0.078170896,48.7,50.2,55.9,22.4,12.2,23.9,36,7/7/16,0,T2M,Archival
7/8/16,14.71706676,24.8418045,31.3833828,0.281242715,-0.040901404,48.7,50.2,55.9,22.4,12.2,23.9,36,7/8/16,0,T2M,Archival
7/9/16,13.62961864,25.25734138,31.3539753,0.322992298,0.045990422,48.7,50.2,55.9,22.4,12.2,23.9,36,7/9/16,0,T2M,Archival
7/10/16,11.74527836,24.23615837,31.43061638,0.346968889,0.046982795,48.7,50.2,55.9,22.4,12.2,23.9,36,7/10/16,0,T2M,Archival
7/11/16,11.15869904,24.14930153,31.45226288,0.360850069,-0.039837118,48.7,50.2,55.9,22.4,12.2,23.9,36,7/11/16,0,T2M,Archival
7/12/16,10.86048603,24.26693535,31.515131,0.37240137,-0.06470868,48.7,50.2,55.9,22.4,12.2,23.9,36,7/12/16,0,T2M,Archival
7/13/16,11.21434307,25.02654839,31.50770569,0.38367237,-0.113715388,48.7,50.2,55.9,22.4,12.2,23.9,36,7/13/16,0,T2M,Archival
7/14/16,11.32450008,25.58322716,31.49629784,0.396075752,-0.094772048,48.7,50.2,55.9,22.4,12.2,23.9,36,7/14/16,0,T2M,Archival
7/15/16,11.30294895,25.99624443,31.51603889,0.408147097,-0.09125527,48.7,50.2,55.9,22.4,12.2,23.9,36,7/15/16,0,T2M,Archival
7/16/16,12.41387463,25.79874611,31.57978058,0.371801986,-0.168863893,48.7,50.2,55.9,22.4,12.2,23.9,36,7/16/16,0,T2M,Archival
7/17/16,12.69674778,25.75694847,31.55369759,0.362783353,-0.163254574,48.7,50.2,55.9,22.4,12.2,23.9,36,7/17/16,0,T2M,Archival
7/25/16,13.47799206,27.43508148,32.52342987,0.387696928,-0.01408539,48.7,50.2,55.9,22.4,12.2,23.9,36,7/25/16,0,T2M,Archival
7/26/16,13.44275951,27.16485023,32.5224762,0.381169187,0.024518514,48.7,50.2,55.9,22.4,12.2,23.9,36,7/26/16,0,T2M,Archival
7/27/16,13.3604269,27.58399963,32.52267075,0.395099243,0.033540566,48.7,50.2,55.9,22.4,12.2,23.9,36,7/27/16,0,T2M,Archival
7/28/16,13.3566246,27.68029594,32.52417374,0.397879759,0.029478149,48.7,50.2,55.9,22.4,12.2,23.9,36,7/28/16,0,T2M,Archival
7/29/16,12.90534115,27.48216057,32.41918182,0.404911651,0.059803914,48.7,50.2,55.9,22.4,12.2,23.9,36,7/29/16,0,T2M,Archival
7/30/16,12.63320923,27.32350731,32.27186203,0.408063836,-0.016671464,48.7,50.2,55.9,22.4,12.2,23.9,36,7/30/16,0,T2M,Archival
7/31/16,12.44775105,27.30979347,32.33263016,0.412834512,-0.062242519,48.7,50.2,55.9,22.4,12.2,23.9,36,7/31/16,0,T2M,Archival
8/1/16,12.23958683,27.20591545,32.14558792,0.415731351,-0.045221776,48.7,50.2,55.9,22.4,12.2,23.9,36,8/1/16,0,T2M,Archival
8/2/16,12.09362125,27.49387932,32.13411331,0.427784946,-0.028490208,48.7,50.2,55.9,22.4,12.2,23.9,36,8/2/16,0,T2M,Archival
8/3/16,11.60156631,27.09783745,32.02161407,0.430451976,-0.017111978,48.7,50.2,55.9,22.4,12.2,23.9,36,8/3/16,0,T2M,Archival
8/4/16,11.51926804,26.37790108,31.86676216,0.412739807,0.00637912,48.7,50.2,55.9,22.4,12.2,23.9,36,8/4/16,0,T2M,Archival
8/5/16,11.55462742,26.18079948,31.87947273,0.406282557,0.001131197,48.7,50.2,55.9,22.4,12.2,23.9,36,8/5/16,0,T2M,Archival
8/6/16,11.58704376,26.30166054,32.04842758,0.408739355,-0.054705683,48.7,50.2,55.9,22.4,12.2,23.9,36,8/6/16,0,T2M,Archival
8/7/16,11.65680218,26.40930939,32.14130402,0.409791867,-0.075356461,48.7,50.2,55.9,22.4,12.2,23.9,36,8/7/16,0,T2M,Archival
8/8/16,11.65425396,26.65424156,32.10629654,0.416666322,-0.066601366,48.7,50.2,55.9,22.4,12.2,23.9,36,8/8/16,0,T2M,Archival
8/9/16,10.96753216,26.95701408,32.01477432,0.444152276,-0.132971972,48.7,50.2,55.9,22.4,12.2,23.9,36,8/9/16,0,T2M,Archival
8/10/16,11.05989933,27.06394768,32.05306625,0.444556899,-0.131314665,48.7,50.2,55.9,22.4,12.2,23.9,36,8/10/16,0,T2M,Archival
8/11/16,10.95125294,27.2021389,32.05252075,0.451413499,-0.103619151,48.7,50.2,55.9,22.4,12.2,23.9,36,8/11/16,0,T2M,Archival
8/12/16,11.10139465,27.06575012,32.00069046,0.443454319,-0.159202561,48.7,50.2,55.9,22.4,12.2,23.9,36,8/12/16,0,T2M,Archival
8/13/16,10.88909149,27.25585938,32.14713669,0.454632441,-0.117866516,48.7,50.2,55.9,22.4,12.2,23.9,36,8/13/16,0,T2M,Archival
8/14/16,10.77689838,27.63245964,32.14222717,0.468210035,-0.063462146,48.7,50.2,55.9,22.4,12.2,23.9,36,8/14/16,0,T2M,Archival
8/15/16,10.06472111,27.71723938,32.23456955,0.49034773,-0.161739424,48.7,50.2,55.9,22.4,12.2,23.9,36,8/15/16,0,T2M,Archival
8/16/16,10.29017639,27.88823509,32.24157333,0.488834964,-0.15260154,48.7,50.2,55.9,22.4,12.2,23.9,36,8/16/16,0,T2M,Archival
8/17/16,10.27756214,27.46828461,32.23424149,0.477520068,-0.138856113,48.7,50.2,55.9,22.4,12.2,23.9,36,8/17/16,0,T2M,Archival
8/18/16,10.69790268,27.24270058,32.16367722,0.459577719,-0.141411245,48.7,50.2,55.9,22.4,12.2,23.9,36,8/18/16,0,T2M,Archival
8/19/16,10.87007236,27.24999237,32.14484024,0.454997778,-0.067256309,48.7,50.2,55.9,22.4,12.2,23.9,36,8/19/16,0,T2M,Archival
8/20/16,10.91355038,27.56474495,32.15849686,0.462533183,0.023775792,48.7,50.2,55.9,22.4,12.2,23.9,36,8/20/16,0,T2M,Archival
8/21/16,12.08666897,27.83050728,32.01509476,0.437328842,0.065930434,48.7,50.2,55.9,22.4,12.2,23.9,36,8/21/16,0,T2M,Archival
8/22/16,12.02393246,27.10593987,31.93656731,0.41894465,0.065172888,48.7,50.2,55.9,22.4,12.2,23.9,36,8/22/16,0,T2M,Archival
8/23/16,12.10003376,26.58065224,31.89219093,0.402239402,0.003980622,48.7,50.2,55.9,22.4,12.2,23.9,36,8/23/16,0,T2M,Archival
8/24/16,11.76868725,26.23387909,32.01696396,0.401810884,-0.091978692,48.7,50.2,55.9,22.4,12.2,23.9,36,8/24/16,0,T2M,Archival
8/25/16,11.80590916,26.20978355,32.07607269,0.400107622,-0.033667695,48.7,50.2,55.9,22.4,12.2,23.9,36,8/25/16,0,T2M,Archival
8/26/16,11.9801321,25.99098778,32.25192261,0.389190435,0.009658225,48.7,50.2,55.9,22.4,12.2,23.9,36,8/26/16,0,T2M,Archival
8/27/16,13.34495258,26.22759056,32.28416061,0.357851055,-0.039287876,48.7,50.2,55.9,22.4,12.2,23.9,36,8/27/16,0,T2M,Archival
8/28/16,13.50975418,26.45105553,32.22589493,0.359480593,-0.006140865,48.7,50.2,55.9,22.4,12.2,23.9,36,8/28/16,0,T2M,Archival
8/29/16,13.45383549,26.38150024,32.19871902,0.359101799,0.022831937,48.7,50.2,55.9,22.4,12.2,23.9,36,8/29/16,0,T2M,Archival
8/30/16,11.3424139,26.9307251,32.24802017,0.433008644,-0.047778655,48.7,50.2,55.9,22.4,12.2,23.9,36,8/30/16,0,T2M,Archival
8/31/16,10.94379425,27.01617432,32.28973389,0.446455002,0.039298888,48.7,50.2,55.9,22.4,12.2,23.9,36,8/31/16,0,T2M,Archival
9/1/16,11.04018021,26.89507866,32.31261063,0.440413846,0.099479981,48.7,50.2,55.9,22.4,12.2,23.9,36,9/1/16,0,T2M,Archival
9/2/16,11.11809254,25.95539284,32.43476486,0.412147231,0.034646336,48.7,50.2,55.9,22.4,12.2,23.9,36,9/2/16,0,T2M,Archival
9/3/16,11.0909071,25.03893471,32.43481445,0.387445211,0.13805379,48.7,50.2,55.9,22.4,12.2,23.9,36,9/3/16,0,T2M,Archival
9/4/16,11.98355865,22.8930378,32.51465225,0.303041087,0.220732108,48.7,50.2,55.9,22.4,12.2,23.9,36,9/4/16,0,T2M,Archival
9/5/16,15.17204189,22.64783287,32.90594864,0.20766086,0.229520738,48.7,50.2,55.9,22.4,12.2,23.9,36,9/5/16,0,T2M,Archival
9/6/16,15.29137516,22.81104469,32.84763336,0.208879709,0.150591776,48.7,50.2,55.9,22.4,12.2,23.9,36,9/6/16,0,T2M,Archival
9/7/16,15.65346527,23.11759949,32.5500145,0.207337062,0.054973703,48.7,50.2,55.9,22.4,12.2,23.9,36,9/7/16,0,T2M,Archival
9/8/16,16.97121239,23.69689941,32.2529068,0.18682464,-0.016774744,48.7,50.2,55.9,22.4,12.2,23.9,36,9/8/16,0,T2M,Archival
9/9/16,17.35339355,23.88004494,32.06333542,0.181295872,-0.053792994,48.7,50.2,55.9,22.4,12.2,23.9,36,9/9/16,0,T2M,Archival
9/10/16,17.27308083,24.08796501,31.99992943,0.189302338,-0.073200636,48.7,50.2,55.9,22.4,12.2,23.9,36,9/10/16,0,T2M,Archival
9/11/16,15.1983223,23.5905056,32.12418747,0.233116203,-0.059795782,48.7,50.2,55.9,22.4,12.2,23.9,36,9/11/16,0,T2M,Archival
9/12/16,14.97124195,23.42635536,32.12494278,0.234864261,-0.094957255,48.7,50.2,55.9,22.4,12.2,23.9,36,9/12/16,0,T2M,Archival
9/13/16,15.18519688,23.23820686,32.15805817,0.223694722,-0.117725313,48.7,50.2,55.9,22.4,12.2,23.9,36,9/13/16,0,T2M,Archival
9/14/16,16.19021034,23.12408638,32.1031189,0.192607668,-0.053597629,48.7,50.2,55.9,22.4,12.2,23.9,36,9/14/16,0,T2M,Archival
9/15/16,16.51888466,23.1181736,32.09127426,0.183313582,-0.040750291,48.7,50.2,55.9,22.4,12.2,23.9,36,9/15/16,0,T2M,Archival
9/16/16,15.85593128,22.3541851,32.17685318,0.180507051,-0.037664846,48.7,50.2,55.9,22.4,12.2,23.9,36,9/16/16,0,T2M,Archival
9/17/16,16.58040619,22.26261902,32.55077362,0.157839245,-0.051823113,48.7,50.2,55.9,22.4,12.2,23.9,36,9/17/16,0,T2M,Archival
9/18/16,16.63558769,22.74298096,32.55935287,0.169649813,-0.066548362,48.7,50.2,55.9,22.4,12.2,23.9,36,9/18/16,0,T2M,Archival
9/19/16,16.7746315,23.21469879,32.47531509,0.178890758,-0.049118832,48.7,50.2,55.9,22.4,12.2,23.9,36,9/19/16,0,T2M,Archival
9/20/16,17.08624458,23.06404686,32.45135498,0.166050063,-0.010011398,48.7,50.2,55.9,22.4,12.2,23.9,36,9/20/16,0,T2M,Archival
9/21/16,17.06384087,22.83885384,32.47406387,0.160417027,-0.005637974,48.7,50.2,55.9,22.4,12.2,23.9,36,9/21/16,0,T2M,Archival
9/22/16,16.92110443,22.75966644,32.56510162,0.162182278,0.0192832,48.7,50.2,55.9,22.4,12.2,23.9,36,9/22/16,0,T2M,Archival
9/23/16,17.3059864,22.7845459,32.66971207,0.152182208,0.024042802,48.7,50.2,55.9,22.4,12.2,23.9,36,9/23/16,0,T2M,Archival
9/24/16,17.17144775,22.73182869,32.59901047,0.154455026,0.004346834,48.7,50.2,55.9,22.4,12.2,23.9,36,9/24/16,0,T2M,Archival
9/25/16,17.53089333,22.07760811,32.42849731,0.126297633,-0.038151946,48.7,50.2,55.9,22.4,12.2,23.9,36,9/25/16,0,T2M,Archival
9/26/16,15.94167042,21.6004467,32.30415726,0.15718823,-0.081859596,48.7,50.2,55.9,22.4,12.2,23.9,36,9/26/16,1,T2M,Archival
9/27/16,15.58923626,21.49342537,32.27035904,0.164005253,-0.033335697,48.7,50.2,55.9,22.4,12.2,23.9,36,9/27/16,0,T2M,Archival
9/28/16,15.2549057,21.52032661,32.19642258,0.17403947,-0.003970424,48.7,50.2,55.9,22.4,12.2,23.9,36,9/28/16,0,T2M,Archival
9/29/16,15.47852039,22.02027702,32.33181,0.181715462,0.105067931,48.7,50.2,55.9,22.4,12.2,23.9,36,9/29/16,0,T2M,Archival
9/30/16,16.03814697,21.51684761,32.49551773,0.152186129,0.234406695,48.7,50.2,55.9,22.4,12.2,23.9,36,9/30/16,0,T2M,Archival
10/1/16,17.10307503,20.83319855,32.63188553,0.103614542,0.203220502,48.7,50.2,55.9,22.4,12.2,23.9,36,10/1/16,0,T2M,Archival
10/2/16,17.03567314,20.85195732,32.73184586,0.106007894,0.079429448,48.7,50.2,55.9,22.4,12.2,23.9,36,10/2/16,0,T2M,Archival
10/3/16,17.44985771,20.82487297,32.61240768,0.093750424,0.024044694,48.7,50.2,55.9,22.4,12.2,23.9,36,10/3/16,0,T2M,Archival
10/4/16,17.34348869,20.40055275,32.59331894,0.084918446,0.048412025,48.7,50.2,55.9,22.4,12.2,23.9,36,10/4/16,0,T2M,Archival
10/5/16,19.5906601,19.70303535,32.6897316,0.003121535,0.141206518,48.7,50.2,55.9,22.4,12.2,23.9,36,10/5/16,0,T2M,Archival
10/6/16,19.46720505,19.5428257,32.65517044,0.002100574,0.049880695,48.7,50.2,55.9,22.4,12.2,23.9,36,10/6/16,0,T2M,Archival
10/7/16,19.35425186,19.57610703,32.69175339,0.006162643,0.018591823,48.7,50.2,55.9,22.4,12.2,23.9,36,10/7/16,0,T2M,Archival
10/8/16,16.45070648,20.62662697,32.65690994,0.115997791,0.063042656,48.7,50.2,55.9,22.4,12.2,23.9,36,10/8/16,0,T2M,Archival
10/9/16,16.71920586,19.74499702,32.60606003,0.084049755,0.129946008,48.7,50.2,55.9,22.4,12.2,23.9,36,10/9/16,0,T2M,Archival
10/10/16,18.4665699,18.45176888,32.67064285,-0.00041114,0.083069414,48.7,50.2,55.9,22.4,12.2,23.9,36,10/10/16,0,T2M,Archival
10/11/16,18.61579323,18.55539131,33.04414749,-0.001677831,-0.018456018,48.7,50.2,55.9,22.4,12.2,23.9,36,10/11/16,0,T2M,Archival
10/12/16,18.54015923,18.63915062,33.07723999,0.002749761,-0.037635908,48.7,50.2,55.9,22.4,12.2,23.9,36,10/12/16,0,T2M,Archival
10/13/16,18.51638794,18.78031731,33.08906937,0.007331371,-0.022645622,48.7,50.2,55.9,22.4,12.2,23.9,36,10/13/16,0,T2M,Archival
10/14/16,18.05825996,18.73844719,33.17260361,0.01889409,-0.078663051,48.7,50.2,55.9,22.4,12.2,23.9,36,10/14/16,0,T2M,Archival
10/15/16,18.06922913,18.51396179,33.30078506,0.012353685,-0.087409265,48.7,50.2,55.9,22.4,12.2,23.9,36,10/15/16,0,T2M,Archival
10/16/16,18.09012032,18.45885277,33.34565353,0.010242568,-0.037416585,48.7,50.2,55.9,22.4,12.2,23.9,36,10/16/16,0,T2M,Archival
10/17/16,18.29208565,18.8505497,33.21208191,0.01551289,-0.032653257,48.7,50.2,55.9,22.4,12.2,23.9,36,10/17/16,0,T2M,Archival
10/18/16,18.33873749,19.06764412,33.02165985,0.020247406,0.006302241,48.7,50.2,55.9,22.4,12.2,23.9,36,10/18/16,0,T2M,Archival
10/19/16,18.30263519,19.26571274,32.74675751,0.026752154,0.040211387,48.7,50.2,55.9,22.4,12.2,23.9,36,10/19/16,0,T2M,Archival
10/20/16,18.76996994,19.46797752,32.55672073,0.0193891,0.068900049,48.7,50.2,55.9,22.4,12.2,23.9,36,10/20/16,0,T2M,Archival
10/21/16,18.76224327,19.61071396,32.49775314,0.02356863,0.186638713,48.7,50.2,55.9,22.4,12.2,23.9,36,10/21/16,0,T2M,Archival
10/22/16,18.69396019,19.26115227,32.52024078,0.015755335,0.091186672,48.7,50.2,55.9,22.4,12.2,23.9,36,10/22/16,0,T2M,Archival
10/23/16,18.5153141,18.57489967,32.9189949,0.001655155,-0.183832005,48.7,50.2,55.9,22.4,12.2,23.9,36,10/23/16,1,T2M,Archival
10/24/16,16.56711578,18.49244881,32.56038666,0.053481473,-0.223652646,48.7,50.2,55.9,22.4,12.2,23.9,36,10/24/16,0,T2M,Archival
10/25/16,15.41120815,18.26086235,32.70687485,0.079157061,-0.258321255,48.7,50.2,55.9,22.4,12.2,23.9,36,10/25/16,0,T2M,Archival
10/26/16,15.16702175,17.57325745,32.90818787,0.06683988,-0.216799513,48.7,50.2,55.9,22.4,12.2,23.9,36,10/26/16,0,T2M,Archival
10/27/16,15.49915791,17.26285744,33.0243454,0.048991654,-0.197229445,48.7,50.2,55.9,22.4,12.2,23.9,36,10/27/16,0,T2M,Archival
10/28/16,15.4956665,17.10851288,33.02233887,0.044801288,-0.161100283,48.7,50.2,55.9,22.4,12.2,23.9,36,10/28/16,0,T2M,Archival
10/29/16,16.21576691,17.6029892,33.04183578,0.038533953,-0.165339068,48.7,50.2,55.9,22.4,12.2,23.9,36,10/29/16,0,T2M,Archival
10/30/16,16.00185204,17.64855957,33.00053787,0.045741876,-0.121295363,48.7,50.2,55.9,22.4,12.2,23.9,36,10/30/16,0,T2M,Archival
10/31/16,15.88656616,17.66075325,32.98424149,0.049282975,-0.104960978,48.7,50.2,55.9,22.4,12.2,23.9,36,10/31/16,0,T2M,Archival
11/1/16,16.10161209,17.44804764,33.12365341,0.037400987,-0.116037957,48.7,50.2,55.9,22.4,12.2,23.9,36,11/1/16,0,T2M,Archival
11/2/16,16.10115623,17.41447258,33.116745,0.03648101,-0.09270338,48.7,50.2,55.9,22.4,12.2,23.9,36,11/2/16,0,T2M,Archival
11/3/16,16.01078224,17.46747017,33.07381821,0.040463554,-0.058446374,48.7,50.2,55.9,22.4,12.2,23.9,36,11/3/16,0,T2M,Archival
11/4/16,16.43073845,17.41021156,33.0410347,0.027207587,-0.050920438,48.7,50.2,55.9,22.4,12.2,23.9,36,11/4/16,0,T2M,Archival
11/5/16,16.51748466,17.15042114,33.10092163,0.017581569,-0.097438693,48.7,50.2,55.9,22.4,12.2,23.9,36,11/5/16,0,T2M,Archival
11/6/16,16.55963516,16.99567223,33.09117508,0.012112141,-0.10020297,48.7,50.2,55.9,22.4,12.2,23.9,36,11/6/16,0,T2M,Archival
11/7/16,16.41594124,16.92692947,33.17481613,0.014194118,-0.01571927,48.7,50.2,55.9,22.4,12.2,23.9,36,11/7/16,0,T2M,Archival
11/8/16,16.59645844,16.62833214,33.15247726,0.000885381,0.017000435,48.7,50.2,55.9,22.4,12.2,23.9,36,11/8/16,0,T2M,Archival
11/9/16,16.57448769,16.46462059,33.13072968,-0.003051864,0.045915823,48.7,50.2,55.9,22.4,12.2,23.9,36,11/9/16,0,T2M,Archival
11/10/16,16.81452751,16.45910645,33.03110504,-0.009872807,0.022573143,48.7,50.2,55.9,22.4,12.2,23.9,36,11/10/16,0,T2M,Archival
11/11/16,16.71446419,16.31075478,33.0719223,-0.01121415,-0.065477349,48.7,50.2,55.9,22.4,12.2,23.9,36,11/11/16,1,T2M,Archival
11/12/16,16.44783211,16.23884583,33.1590538,-0.005805175,-0.175546542,48.7,50.2,55.9,22.4,12.2,23.9,36,11/12/16,0,T2M,Archival
11/13/16,15.58012486,16.02013016,33.23811722,0.01222237,-0.186997578,48.7,50.2,55.9,22.4,12.2,23.9,36,11/13/16,0,T2M,Archival
11/14/16,15.63400745,15.89590549,33.2929039,0.007274946,-0.202394858,48.7,50.2,55.9,22.4,12.2,23.9,36,11/14/16,0,T2M,Archival
11/15/16,15.71450329,15.84688854,33.29688644,0.003677368,-0.103382818,48.7,50.2,55.9,22.4,12.2,23.9,36,11/15/16,0,T2M,Archival
11/16/16,16.09870148,15.69700336,33.21296692,-0.011158281,-0.040908393,48.7,50.2,55.9,22.4,12.2,23.9,36,11/16/16,0,T2M,Archival
11/17/16,16.00801659,15.61105251,33.17983627,-0.01102678,-0.103728659,48.7,50.2,55.9,22.4,12.2,23.9,36,11/17/16,0,T2M,Archival
11/18/16,15.77248859,15.54925251,33.21198654,-0.006201002,-0.086032152,48.7,50.2,55.9,22.4,12.2,23.9,36,11/18/16,0,T2M,Archival
11/19/16,15.46693707,15.45166397,33.14946365,-0.000424253,0.005086476,48.7,50.2,55.9,22.4,12.2,23.9,36,11/19/16,0,T2M,Archival
11/20/16,15.37988663,15.32804203,33.17557907,-0.001440128,-0.096087337,48.7,50.2,55.9,22.4,12.2,23.9,36,11/20/16,0,T2M,Archival
11/21/16,15.04479122,14.98920822,33.28274155,-0.001543972,-0.341371626,48.7,50.2,55.9,22.4,12.2,23.9,36,11/21/16,0,T2M,Archival
11/22/16,15.33495617,14.9428606,33.55338669,-0.010891543,-0.40298906,48.7,50.2,55.9,22.4,12.2,23.9,36,11/22/16,0,T2M,Archival
11/23/16,15.70388794,14.69837666,33.6234436,-0.027930869,-0.331652492,48.7,50.2,55.9,22.4,12.2,23.9,36,11/23/16,0,T2M,Archival
11/24/16,15.5219698,14.51446438,33.63386917,-0.027986262,-0.223503709,48.7,50.2,55.9,22.4,12.2,23.9,36,11/24/16,0,T2M,Archival
11/25/16,15.14600086,13.87354374,33.50955963,-0.035346031,-0.107798971,48.7,50.2,55.9,22.4,12.2,23.9,36,11/25/16,0,T2M,Archival
11/26/16,14.57732105,14.03974628,33.531147,-0.014932632,-0.049540862,48.7,50.2,55.9,22.4,12.2,23.9,36,11/26/16,0,T2M,Archival
11/27/16,14.3915863,14.06432247,33.63408279,-0.009090662,-0.097224869,48.7,50.2,55.9,22.4,12.2,23.9,36,11/27/16,0,T2M,Archival
11/28/16,13.98827457,13.71848583,33.65145493,-0.007494132,-0.153809652,48.7,50.2,55.9,22.4,12.2,23.9,36,11/28/16,0,T2M,Archival
11/29/16,13.86808395,13.74440861,33.67563248,-0.003435426,-0.098434418,48.7,50.2,55.9,22.4,12.2,23.9,36,11/29/16,0,T2M,Archival
11/30/16,14.24967575,13.73251629,33.56182861,-0.014365541,0.002790663,48.7,50.2,55.9,22.4,12.2,23.9,36,11/30/16,0,T2M,Archival
12/1/16,14.85410595,13.91883945,33.42134476,-0.025979625,0.034031961,48.7,50.2,55.9,22.4,12.2,23.9,36,12/1/16,0,T2M,Archival
12/2/16,14.81023502,13.85869694,33.47683334,-0.026431613,-0.093986966,48.7,50.2,55.9,22.4,12.2,23.9,36,12/2/16,0,T2M,Archival
12/3/16,14.76170349,13.77371216,33.55937195,-0.027444204,-0.193785086,48.7,50.2,55.9,22.4,12.2,23.9,36,12/3/16,0,T2M,Archival
12/4/16,13.68144894,13.30645275,33.52132416,-0.010416561,-0.19362551,48.7,50.2,55.9,22.4,12.2,23.9,36,12/4/16,0,T2M,Archival
12/5/16,13.30423737,13.05263805,33.42959976,-0.00698887,-0.029793672,48.7,50.2,55.9,22.4,12.2,23.9,36,12/5/16,0,T2M,Archival
12/6/16,13.23640537,13.11677265,33.54345703,-0.003323131,0.026988139,48.7,50.2,55.9,22.4,12.2,23.9,36,12/6/16,0,T2M,Archival
12/7/16,12.99334812,13.05038071,33.57962418,0.001584238,0.137881622,48.7,50.2,55.9,22.4,12.2,23.9,36,12/7/16,0,T2M,Archival
12/8/16,12.91198063,12.87047195,33.51963806,-0.001153019,0.007931304,48.7,50.2,55.9,22.4,12.2,23.9,36,12/8/16,0,T2M,Archival
12/9/16,12.69911671,12.6485405,33.52386093,-0.001404895,-0.148252085,48.7,50.2,55.9,22.4,12.2,23.9,36,12/9/16,0,T2M,Archival
12/10/16,12.44323826,12.38933277,33.49446487,-0.001497375,-0.280598789,48.7,50.2,55.9,22.4,12.2,23.9,36,12/10/16,0,T2M,Archival
12/11/16,12.27538586,12.24086475,33.52482986,-0.00095892,-0.261489421,48.7,50.2,55.9,22.4,12.2,23.9,36,12/11/16,0,T2M,Archival
12/12/16,12.32171249,12.2892828,33.57580185,-0.000900825,-0.061442215,48.7,50.2,55.9,22.4,12.2,23.9,36,12/12/16,0,T2M,Archival
12/13/16,12.62803364,12.70510387,33.61264801,0.00214084,-0.189082429,48.7,50.2,55.9,22.4,12.2,23.9,36,12/13/16,0,T2M,Archival
12/14/16,12.69108486,12.67355824,33.65936661,-0.000486851,-0.085364304,48.7,50.2,55.9,22.4,12.2,23.9,36,12/14/16,0,T2M,Archival
12/15/16,12.62773418,12.5617075,33.70239639,-0.001834075,-0.171528116,48.7,50.2,55.9,22.4,12.2,23.9,36,12/15/16,0,T2M,Archival
12/16/16,12.01470566,11.95987701,33.81106949,-0.001523018,-0.439979464,48.7,50.2,55.9,22.4,12.2,23.9,36,12/16/16,0,T2M,Archival
12/17/16,11.81062603,11.74696255,33.74831772,-0.00176843,-0.231911466,48.7,50.2,55.9,22.4,12.2,23.9,36,12/17/16,0,T2M,Archival
12/18/16,12.07554626,11.49079895,33.59096527,-0.016242981,-0.199207261,48.7,50.2,55.9,22.4,12.2,23.9,36,12/18/16,0,T2M,Archival
12/19/16,12.08981609,11.5450964,33.83379745,-0.015131103,-0.303115129,48.7,50.2,55.9,22.4,12.2,23.9,36,12/19/16,0,T2M,Archival
12/20/16,11.83097553,11.84983158,34.06360245,0.000523779,-0.187911198,48.7,50.2,55.9,22.4,12.2,23.9,36,12/20/16,0,T2M,Archival
12/21/16,11.77943897,11.73215771,34.04501724,-0.001313368,-0.141723379,48.7,50.2,55.9,22.4,12.2,23.9,36,12/21/16,0,T2M,Archival
12/22/16,11.97464371,11.88219929,34.10403061,-0.002567901,-0.160795853,48.7,50.2,55.9,22.4,12.2,23.9,36,12/22/16,0,T2M,Archival
12/23/16,11.75873661,11.62411976,34.05104446,-0.003739357,-0.310935318,48.7,50.2,55.9,22.4,12.2,23.9,36,12/23/16,0,T2M,Archival
12/24/16,11.74826336,11.57349873,34.05265808,-0.004854573,-0.2239113,48.7,50.2,55.9,22.4,12.2,23.9,36,12/24/16,0,T2M,Archival
12/25/16,11.60004807,11.17978287,34.0982666,-0.011674033,-0.362250417,48.7,50.2,55.9,22.4,12.2,23.9,36,12/25/16,0,T2M,Archival
12/26/16,11.52286148,11.31450653,34.19309998,-0.005787637,-0.256306827,48.7,50.2,55.9,22.4,12.2,23.9,36,12/26/16,0,T2M,Archival
12/27/16,11.47274303,11.28413391,34.14746094,-0.005239142,-0.170691431,48.7,50.2,55.9,22.4,12.2,23.9,36,12/27/16,0,T2M,Archival
12/28/16,11.85186863,11.16267776,34.00105667,-0.019144191,-0.281923562,48.7,50.2,55.9,22.4,12.2,23.9,36,12/28/16,0,T2M,Archival
1/8/17,9.883094788,9.82127285,33.95727921,-0.001717276,-0.29312852,48.7,50.2,55.9,22.4,12.2,23.9,36,1/8/17,0,T2M,Archival
1/9/17,9.700537682,9.653813362,34.01774216,-0.001297898,-0.417948633,48.7,50.2,55.9,22.4,12.2,23.9,36,1/9/17,0,T2M,Archival
1/10/17,9.574626923,9.557238579,34.02230835,-0.00048301,-0.382887036,48.7,50.2,55.9,22.4,12.2,23.9,36,1/10/17,0,T2M,Archival
1/11/17,9.644358635,9.556975365,34.00991821,-0.002427313,-0.327533752,48.7,50.2,55.9,22.4,12.2,23.9,36,1/11/17,1,T2M,Archival
1/12/17,9.58803463,10.73797512,33.9402504,0.031942791,-0.377093077,48.7,50.2,55.9,22.4,12.2,23.9,36,1/12/17,1,T2M,Archival
1/13/17,10.01364613,10.07065868,33.65722656,0.001583682,-0.488224864,48.7,50.2,55.9,22.4,12.2,23.9,36,1/13/17,1,T2M,Archival
1/14/17,10.07360744,9.897882462,33.65641785,-0.00488125,-0.425085038,48.7,50.2,55.9,22.4,12.2,23.9,36,1/14/17,1,T2M,Archival
1/15/17,10.10927296,9.276324272,33.7416954,-0.023137463,-0.333557218,48.7,50.2,55.9,22.4,12.2,23.9,36,1/15/17,1,T2M,Archival
1/16/17,10.16374302,9.357859612,33.82618332,-0.02238565,-0.293025345,48.7,50.2,55.9,22.4,12.2,23.9,36,1/16/17,0,T2M,Archival
1/17/17,10.16329479,9.349165916,33.81295395,-0.022614691,-0.210966095,48.7,50.2,55.9,22.4,12.2,23.9,36,1/17/17,0,T2M,Archival
1/18/17,10.14674282,9.946090698,33.74444199,-0.00557367,-0.150830775,48.7,50.2,55.9,22.4,12.2,23.9,36,1/18/17,0,T2M,Archival
1/19/17,9.929169655,9.974935532,33.71634293,0.001271274,-0.096706688,48.7,50.2,55.9,22.4,12.2,23.9,36,1/19/17,1,T2M,Archival
1/20/17,9.832520485,9.883131981,33.73327255,0.001405875,-0.109898828,48.7,50.2,55.9,22.4,12.2,23.9,36,1/20/17,1,T2M,Archival
1/21/17,9.810861588,10.25714016,33.65005112,0.012396627,-0.131827682,48.7,50.2,55.9,22.4,12.2,23.9,36,1/21/17,0,T2M,Archival
1/22/17,9.804424286,10.4129858,33.58514786,0.016904487,-0.067105733,48.7,50.2,55.9,22.4,12.2,23.9,36,1/22/17,1,T2M,Archival
1/23/17,9.665015221,10.45918179,33.76171494,0.022060182,0.205077946,48.7,50.2,55.9,22.4,12.2,23.9,36,1/23/17,0,T2M,Archival
1/24/17,8.634793282,8.619233131,33.76703262,-0.000432226,0.306038231,48.7,50.2,55.9,22.4,12.2,23.9,36,1/24/17,0,T2M,Archival
1/25/17,7.936822414,7.918182373,33.5366478,-0.000517779,-0.043060128,48.7,50.2,55.9,22.4,12.2,23.9,36,1/25/17,0,T2M,Archival
1/26/17,7.857385635,7.764746189,33.4838295,-0.002573318,-0.076518275,48.7,50.2,55.9,22.4,12.2,23.9,36,1/26/17,0,T2M,Archival
1/27/17,7.84886694,8.342284203,33.41779709,0.013706035,-0.307479709,48.7,50.2,55.9,22.4,12.2,23.9,36,1/27/17,0,T2M,Archival
1/28/17,8.49346447,8.076617241,33.25530624,-0.01157909,-0.409889847,48.7,50.2,55.9,22.4,12.2,23.9,36,1/28/17,1,T2M,Archival
1/29/17,9.28371048,7.530288219,32.92397308,-0.048706174,-0.301166892,48.7,50.2,55.9,22.4,12.2,23.9,36,1/29/17,0,T2M,Archival
1/30/17,9.197575569,8.151574135,33.07684326,-0.029055595,-0.2289211,48.7,50.2,55.9,22.4,12.2,23.9,36,1/30/17,0,T2M,Archival
1/31/17,9.309313774,7.931107044,33.13599777,-0.03828352,-0.287643194,48.7,50.2,55.9,22.4,12.2,23.9,36,1/31/17,1,T2M,Archival
2/1/17,9.444448471,7.952894688,33.21179962,-0.04143205,-0.260842115,48.7,50.2,55.9,22.4,12.2,23.9,36,2/1/17,0,T2M,Archival
2/2/17,9.68994236,8.902954102,33.10614777,-0.021860785,-0.278005391,48.7,50.2,55.9,22.4,12.2,23.9,36,2/2/17,0,T2M,Archival
2/3/17,9.754515648,8.779921532,33.13738251,-0.027072059,-0.259923071,48.7,50.2,55.9,22.4,12.2,23.9,36,2/3/17,0,T2M,Archival
2/4/17,9.715291977,8.467342377,33.23469543,-0.034665267,-0.33119899,48.7,50.2,55.9,22.4,12.2,23.9,36,2/4/17,0,T2M,Archival
2/5/17,9.391002655,8.267876625,33.4576149,-0.031197945,-0.312783808,48.7,50.2,55.9,22.4,12.2,23.9,36,2/5/17,0,T2M,Archival
2/6/17,9.584778786,8.305830956,33.47911453,-0.035526329,-0.362197548,48.7,50.2,55.9,22.4,12.2,23.9,36,2/6/17,1,T2M,Archival
2/7/17,9.613365173,8.392095566,33.49357986,-0.033924156,-0.263703287,48.7,50.2,55.9,22.4,12.2,23.9,36,2/7/17,0,T2M,Archival
2/8/17,9.550822258,7.622237682,33.5943718,-0.053571794,-0.127179503,48.7,50.2,55.9,22.4,12.2,23.9,36,2/8/17,0,T2M,Archival
2/9/17,9.462704659,7.420393467,33.47771835,-0.056730866,-0.130808845,48.7,50.2,55.9,22.4,12.2,23.9,36,2/9/17,0,T2M,Archival
2/10/17,8.743159294,7.212474346,33.42559814,-0.042519026,-0.37168774,48.7,50.2,55.9,22.4,12.2,23.9,36,2/10/17,0,T2M,Archival
2/11/17,8.537155151,7.485835552,33.32370377,-0.029203322,-0.336924821,48.7,50.2,55.9,22.4,12.2,23.9,36,2/11/17,0,T2M,Archival
2/12/17,8.830158234,7.714287281,33.41462326,-0.030996415,-0.134160399,48.7,50.2,55.9,22.4,12.2,23.9,36,2/12/17,0,T2M,Archival
2/13/17,8.967736244,7.437002659,33.34840393,-0.042520377,-0.206244573,48.7,50.2,55.9,22.4,12.2,23.9,36,2/13/17,0,T2M,Archival
2/14/17,7.48550415,6.633942127,33.6295929,-0.023654501,-0.247870922,48.7,50.2,55.9,22.4,12.2,23.9,36,2/14/17,0,T2M,Archival
2/15/17,6.784418583,6.169507504,33.41833115,-0.017080863,0.024743343,48.7,50.2,55.9,22.4,12.2,23.9,36,2/15/17,0,T2M,Archival
2/16/17,7.053403854,6.225589752,33.46923065,-0.022994836,-0.152075231,48.7,50.2,55.9,22.4,12.2,23.9,36,2/16/17,0,T2M,Archival
2/17/17,6.621871948,5.921483517,33.5106926,-0.019455234,-0.223338649,48.7,50.2,55.9,22.4,12.2,23.9,36,2/17/17,0,T2M,Archival
2/18/17,6.202305317,6.114514828,33.62746429,-0.002438625,-0.242165089,48.7,50.2,55.9,22.4,12.2,23.9,36,2/18/17,0,T2M,Archival
2/19/17,6.295654297,6.409679413,33.7085495,0.003167364,-0.222212002,48.7,50.2,55.9,22.4,12.2,23.9,36,2/19/17,0,T2M,Archival
2/20/17,6.357944489,7.463793278,33.72758484,0.030718022,-0.287472069,48.7,50.2,55.9,22.4,12.2,23.9,36,2/20/17,0,T2M,Archival
2/21/17,6.348566532,7.496639252,33.6931572,0.031890909,-0.209096447,48.7,50.2,55.9,22.4,12.2,23.9,36,2/21/17,0,T2M,Archival
2/22/17,6.438285828,7.579109669,33.59795761,0.031689551,-0.180565551,48.7,50.2,55.9,22.4,12.2,23.9,36,2/22/17,0,T2M,Archival
2/23/17,6.437881947,7.118617535,33.58351898,0.018909322,-0.184808806,48.7,50.2,55.9,22.4,12.2,23.9,36,2/23/17,0,T2M,Archival
2/24/17,6.495266438,7.290630817,33.5628624,0.022093455,-0.177842975,48.7,50.2,55.9,22.4,12.2,23.9,36,2/24/17,0,T2M,Archival
2/25/17,6.489326477,7.434270859,33.47995377,0.026248455,-0.098195903,48.7,50.2,55.9,22.4,12.2,23.9,36,2/25/17,0,T2M,Archival
2/26/17,6.832112789,7.116752625,33.45373154,0.007906662,-0.2663773,48.7,50.2,55.9,22.4,12.2,23.9,36,2/26/17,0,T2M,Archival
2/27/17,6.933242321,7.003072739,33.50753784,0.001939734,-0.371153802,48.7,50.2,55.9,22.4,12.2,23.9,36,2/27/17,0,T2M,Archival
2/28/17,7.022010326,7.29016161,33.5280571,0.007448647,-0.262721568,48.7,50.2,55.9,22.4,12.2,23.9,36,2/28/17,0,T2M,Archival
3/1/17,6.948585033,7.886867523,33.56980896,0.026063402,-0.146560192,48.7,50.2,55.9,22.4,12.2,23.9,36,3/1/17,0,T2M,Archival
3/2/17,7.510661602,7.860616207,33.4636116,0.009720961,-0.321138054,48.7,50.2,55.9,22.4,12.2,23.9,36,3/2/17,0,T2M,Archival
3/3/17,7.73378706,7.659151077,33.51240921,-0.002073222,-0.456636041,48.7,50.2,55.9,22.4,12.2,23.9,36,3/3/17,1,T2M,Archival
3/4/17,7.534727573,7.145445347,33.52441788,-0.010813395,-0.475512892,48.7,50.2,55.9,22.4,12.2,23.9,36,3/4/17,0,T2M,Archival
3/5/17,7.492039204,7.003455639,33.56609344,-0.013571766,-0.451878458,48.7,50.2,55.9,22.4,12.2,23.9,36,3/5/17,1,T2M,Archival
3/6/17,7.57881546,7.048656464,33.66781998,-0.014726639,-0.343775362,48.7,50.2,55.9,22.4,12.2,23.9,36,3/6/17,0,T2M,Archival
3/7/17,7.802726269,7.64261961,33.8549614,-0.004447407,-0.240769312,48.7,50.2,55.9,22.4,12.2,23.9,36,3/7/17,0,T2M,Archival
3/8/17,7.940993786,7.59778595,33.5700264,-0.009533551,-0.21735549,48.7,50.2,55.9,22.4,12.2,23.9,36,3/8/17,0,T2M,Archival
3/9/17,8.329260826,7.598778248,33.48498917,-0.020291183,-0.308675259,48.7,50.2,55.9,22.4,12.2,23.9,36,3/9/17,0,T2M,Archival
3/10/17,9.119965553,8.129478455,33.61635208,-0.027513531,-0.206233218,48.7,50.2,55.9,22.4,12.2,23.9,36,3/10/17,0,T2M,Archival
3/11/17,9.026111603,7.937187672,33.58240128,-0.030247887,-0.384490609,48.7,50.2,55.9,22.4,12.2,23.9,36,3/11/17,0,T2M,Archival
3/12/17,9.024729729,7.926212311,33.71920776,-0.030514373,-0.437865168,48.7,50.2,55.9,22.4,12.2,23.9,36,3/12/17,1,T2M,Archival
3/13/17,8.018876076,7.945632458,33.8945961,-0.002034545,-0.434589624,48.7,50.2,55.9,22.4,12.2,23.9,36,3/13/17,0,T2M,Archival
3/14/17,8.006220818,8.006808281,33.91104889,1.63184E-05,0.005001334,48.7,50.2,55.9,22.4,12.2,23.9,36,3/14/17,0,T2M,Archival
3/15/17,7.702989578,7.645606518,33.83790588,-0.001593974,-0.285438269,48.7,50.2,55.9,22.4,12.2,23.9,36,3/15/17,0,T2M,Archival
3/16/17,6.927396297,7.06669426,33.96205521,0.003869388,-0.504075229,48.7,50.2,55.9,22.4,12.2,23.9,36,3/16/17,0,T2M,Archival
3/17/17,6.711591244,6.708780766,33.84027481,-7.80688E-05,-0.475062281,48.7,50.2,55.9,22.4,12.2,23.9,36,3/17/17,0,T2M,Archival
3/18/17,6.900842667,6.860534668,33.85101318,-0.001119667,-0.261089295,48.7,50.2,55.9,22.4,12.2,23.9,36,3/18/17,0,T2M,Archival
3/19/17,6.757909775,6.674609661,33.93619156,-0.002313892,-0.033603366,48.7,50.2,55.9,22.4,12.2,23.9,36,3/19/17,0,T2M,Archival
3/20/17,6.677021027,6.726501465,33.9622612,0.001374457,-0.081466578,48.7,50.2,55.9,22.4,12.2,23.9,36,3/20/17,0,T2M,Archival
3/21/17,6.475857258,6.537525177,33.91558075,0.001712998,-0.10703478,48.7,50.2,55.9,22.4,12.2,23.9,36,3/21/17,1,T2M,Archival
3/22/17,5.555212498,6.38393259,33.94189072,0.023020003,-0.195429698,48.7,50.2,55.9,22.4,12.2,23.9,36,3/22/17,0,T2M,Archival
3/23/17,5.67575407,6.092678547,34.04361725,0.011581235,-0.395302922,48.7,50.2,55.9,22.4,12.2,23.9,36,3/23/17,1,T2M,Archival
3/24/17,6.002361774,6.210733414,34.06396866,0.005788101,-0.392105013,48.7,50.2,55.9,22.4,12.2,23.9,36,3/24/17,0,T2M,Archival
3/25/17,6.74485445,6.624429703,33.83564377,-0.003345132,-0.378752708,48.7,50.2,55.9,22.4,12.2,23.9,36,3/25/17,0,T2M,Archival
3/26/17,6.820197582,7.03042984,33.78476334,0.005839785,-0.318688452,48.7,50.2,55.9,22.4,12.2,23.9,36,3/26/17,0,T2M,Archival
3/27/17,6.788015842,7.249685287,33.90258789,0.012824151,-0.247781619,48.7,50.2,55.9,22.4,12.2,23.9,36,3/27/17,0,T2M,Archival
3/28/17,7.125181675,6.964849472,33.69168472,-0.004453672,-0.170565188,48.7,50.2,55.9,22.4,12.2,23.9,36,3/28/17,0,T2M,Archival
3/29/17,7.038297176,6.913305759,33.45534897,-0.003471984,-0.176820919,48.7,50.2,55.9,22.4,12.2,23.9,36,3/29/17,0,T2M,Archival
3/30/17,6.65337944,6.936778545,33.52418518,0.007872197,-0.216836512,48.7,50.2,55.9,22.4,12.2,23.9,36,3/30/17,0,T2M,Archival
3/31/17,5.998723984,6.89217329,33.61064529,0.024818036,-0.075275913,48.7,50.2,55.9,22.4,12.2,23.9,36,3/31/17,0,T2M,Archival
4/1/17,5.904173374,6.827085018,33.36497116,0.025636435,0.028250307,48.7,50.2,55.9,22.4,12.2,23.9,36,4/1/17,0,T2M,Archival
4/2/17,5.628326893,6.508620739,33.48287582,0.024452607,-0.090886422,48.7,50.2,55.9,22.4,12.2,23.9,36,4/2/17,0,T2M,Archival
4/3/17,5.425010204,6.03938055,33.47215271,0.017065843,-0.086913742,48.7,50.2,55.9,22.4,12.2,23.9,36,4/3/17,0,T2M,Archival
4/4/17,5.359196186,6.344032288,33.40016556,0.027356558,0.044310283,48.7,50.2,55.9,22.4,12.2,23.9,36,4/4/17,0,T2M,Archival
4/5/17,5.362978458,6.721466064,33.26864243,0.037735767,-0.000542175,48.7,50.2,55.9,22.4,12.2,23.9,36,4/5/17,0,T2M,Archival
4/6/17,6.560486317,6.794872761,33.2726059,0.006510735,0.125038743,48.7,50.2,55.9,22.4,12.2,23.9,36,4/6/17,0,T2M,Archival
4/7/17,6.884638309,7.147367477,33.10524368,0.007298032,0.085272931,48.7,50.2,55.9,22.4,12.2,23.9,36,4/7/17,0,T2M,Archival
4/8/17,7.201653957,7.337901592,33.1020546,0.003784657,-0.158502027,48.7,50.2,55.9,22.4,12.2,23.9,36,4/8/17,0,T2M,Archival
4/9/17,7.439421177,7.306213856,33.08027649,-0.003700203,-0.25862354,48.7,50.2,55.9,22.4,12.2,23.9,36,4/9/17,0,T2M,Archival
4/10/17,7.545750141,7.674974442,33.01741409,0.003589564,-0.278899103,48.7,50.2,55.9,22.4,12.2,23.9,36,4/10/17,0,T2M,Archival
4/11/17,7.72996664,7.951761246,32.90942001,0.006160961,-0.287218422,48.7,50.2,55.9,22.4,12.2,23.9,36,4/11/17,0,T2M,Archival
4/12/17,8.148561478,8.604748726,32.84819794,0.012671868,-0.26099667,48.7,50.2,55.9,22.4,12.2,23.9,36,4/12/17,0,T2M,Archival
4/13/17,8.243355751,9.071809769,32.84722519,0.023012612,-0.247737348,48.7,50.2,55.9,22.4,12.2,23.9,36,4/13/17,0,T2M,Archival
4/14/17,8.148423195,9.22960186,32.85767746,0.030032741,-0.231196776,48.7,50.2,55.9,22.4,12.2,23.9,36,4/14/17,0,T2M,Archival
4/15/17,8.162876129,9.669026375,32.86369705,0.041837507,-0.227409735,48.7,50.2,55.9,22.4,12.2,23.9,36,4/15/17,0,T2M,Archival
4/16/17,8.21747303,9.860604286,32.89344025,0.045642535,-0.194928169,48.7,50.2,55.9,22.4,12.2,23.9,36,4/16/17,0,T2M,Archival
4/17/17,8.564827919,10.59156513,32.93171692,0.056298256,-0.233492807,48.7,50.2,55.9,22.4,12.2,23.9,36,4/17/17,0,T2M,Archival
4/18/17,8.864689827,11.0273695,32.89955521,0.060074435,-0.203756392,48.7,50.2,55.9,22.4,12.2,23.9,36,4/18/17,0,T2M,Archival
4/19/17,8.521172523,10.94380474,32.91489792,0.067295339,-0.168237388,48.7,50.2,55.9,22.4,12.2,23.9,36,4/19/17,0,T2M,Archival
4/20/17,8.232802391,11.23013401,32.9143486,0.083259212,-0.092214234,48.7,50.2,55.9,22.4,12.2,23.9,36,4/20/17,0,T2M,Archival
4/21/17,8.229826927,11.70214367,33.01346588,0.096453243,-0.053813696,48.7,50.2,55.9,22.4,12.2,23.9,36,4/21/17,0,T2M,Archival
4/22/17,7.805781841,11.61728001,32.99139404,0.105874949,-0.036221988,48.7,50.2,55.9,22.4,12.2,23.9,36,4/22/17,0,T2M,Archival
4/23/17,7.360617161,11.46451664,32.92804337,0.113997208,-0.13894248,48.7,50.2,55.9,22.4,12.2,23.9,36,4/23/17,0,T2M,Archival
4/24/17,7.305891037,11.52835369,32.95125961,0.117290629,-0.12286862,48.7,50.2,55.9,22.4,12.2,23.9,36,4/24/17,0,T2M,Archival
4/25/17,7.127022266,11.4824152,33.04607391,0.120983137,-0.008245677,48.7,50.2,55.9,22.4,12.2,23.9,36,4/25/17,0,T2M,Archival
4/26/17,7.121213436,11.379776,33.09831619,0.118293405,0.001661313,48.7,50.2,55.9,22.4,12.2,23.9,36,4/26/17,0,T2M,Archival
4/27/17,7.206756115,12.26208115,33.11655807,0.140425695,-0.124444164,48.7,50.2,55.9,22.4,12.2,23.9,36,4/27/17,0,T2M,Archival
4/28/17,7.265796185,12.48369122,32.98675919,0.144941529,-0.207848608,48.7,50.2,55.9,22.4,12.2,23.9,36,4/28/17,0,T2M,Archival
4/29/17,7.298359394,12.77717495,32.70248795,0.152189321,-0.223910332,48.7,50.2,55.9,22.4,12.2,23.9,36,4/29/17,0,T2M,Archival
4/30/17,7.674755573,12.71843624,32.16654205,0.140102241,-0.198238552,48.7,50.2,55.9,22.4,12.2,23.9,36,4/30/17,0,T2M,Archival
5/1/17,7.575643063,12.84331799,31.84069633,0.146324303,-0.124535017,48.7,50.2,55.9,22.4,12.2,23.9,36,5/1/17,0,T2M,Archival
5/2/17,7.732737064,12.87732983,31.71011353,0.142905354,-0.114105009,48.7,50.2,55.9,22.4,12.2,23.9,36,5/2/17,0,T2M,Archival
5/3/17,8.50297451,13.194417,31.8516674,0.130317847,-0.13234359,48.7,50.2,55.9,22.4,12.2,23.9,36,5/3/17,0,T2M,Archival
5/4/17,8.543774605,13.56161499,31.88121605,0.139384455,-0.176100031,48.7,50.2,55.9,22.4,12.2,23.9,36,5/4/17,0,T2M,Archival
5/5/17,8.285676956,13.79646015,31.91176033,0.153077311,-0.017483998,48.7,50.2,55.9,22.4,12.2,23.9,36,5/5/17,0,T2M,Archival
5/6/17,8.309351921,13.06302643,32.15028763,0.132046514,0.048365802,48.7,50.2,55.9,22.4,12.2,23.9,36,5/6/17,0,T2M,Archival
5/7/17,8.202395439,13.11473751,32.27182007,0.136453946,-0.04430816,48.7,50.2,55.9,22.4,12.2,23.9,36,5/7/17,0,T2M,Archival
5/8/17,8.068171501,13.21337891,32.32370377,0.142922428,-0.129083097,48.7,50.2,55.9,22.4,12.2,23.9,36,5/8/17,0,T2M,Archival
5/9/17,7.532995224,13.65784931,32.46452713,0.170134836,-0.146304518,48.7,50.2,55.9,22.4,12.2,23.9,36,5/9/17,0,T2M,Archival
5/10/17,7.376160145,14.07220459,32.49248886,0.186001235,-0.114051163,48.7,50.2,55.9,22.4,12.2,23.9,36,5/10/17,0,T2M,Archival
5/11/17,7.22316885,14.12403393,32.55773926,0.191690697,-0.04247272,48.7,50.2,55.9,22.4,12.2,23.9,36,5/11/17,0,T2M,Archival
5/12/17,7.814754009,13.47104645,32.70891571,0.157119234,-0.005747028,48.7,50.2,55.9,22.4,12.2,23.9,36,5/12/17,0,T2M,Archival
5/13/17,7.554262638,13.264534,32.83023071,0.158618649,0.117420398,48.7,50.2,55.9,22.4,12.2,23.9,36,5/13/17,0,T2M,Archival
5/14/17,7.324923992,12.18152142,32.96345139,0.134905484,0.094591685,48.7,50.2,55.9,22.4,12.2,23.9,36,5/14/17,0,T2M,Archival
5/15/17,7.404630661,12.32655621,32.94678497,0.136720154,-0.053160757,48.7,50.2,55.9,22.4,12.2,23.9,36,5/15/17,0,T2M,Archival
5/16/17,7.501199722,12.79998779,32.93080902,0.147188558,-0.141665682,48.7,50.2,55.9,22.4,12.2,23.9,36,5/16/17,0,T2M,Archival
5/17/17,7.547623158,13.40644455,32.84379196,0.162745039,-0.140861854,48.7,50.2,55.9,22.4,12.2,23.9,36,5/17/17,0,T2M,Archival
5/18/17,8.02346611,14.30910015,32.72913742,0.174600946,-0.15825741,48.7,50.2,55.9,22.4,12.2,23.9,36,5/18/17,0,T2M,Archival
5/19/17,8.022720337,15.35426235,31.8652668,0.203653945,-0.179181412,48.7,50.2,55.9,22.4,12.2,23.9,36,5/19/17,0,T2M,Archival
5/20/17,8.079105377,15.62583542,31.79437828,0.20963139,-0.135254219,48.7,50.2,55.9,22.4,12.2,23.9,36,5/20/17,0,T2M,Archival
5/21/17,7.223544598,13.4532671,32.84454727,0.173047847,-0.174192771,48.7,50.2,55.9,22.4,12.2,23.9,36,5/21/17,0,T2M,Archival
5/22/17,7.128950119,13.37739086,32.91664886,0.173567798,-0.147348374,48.7,50.2,55.9,22.4,12.2,23.9,36,5/22/17,0,T2M,Archival
5/23/17,7.137057781,13.67560673,32.897995,0.18162636,-0.086935379,48.7,50.2,55.9,22.4,12.2,23.9,36,5/23/17,0,T2M,Archival
5/24/17,7.80432272,13.95086002,32.95883179,0.170737147,-0.005273955,48.7,50.2,55.9,22.4,12.2,23.9,36,5/24/17,0,T2M,Archival
5/25/17,7.996967793,13.88549805,32.97758102,0.163570285,0.040947117,48.7,50.2,55.9,22.4,12.2,23.9,36,5/25/17,0,T2M,Archival
5/26/17,8.160927773,14.08262634,32.79997635,0.164491627,-0.057397846,48.7,50.2,55.9,22.4,12.2,23.9,36,5/26/17,0,T2M,Archival
5/27/17,8.383224487,14.57469654,32.6846199,0.171985335,-0.102887057,48.7,50.2,55.9,22.4,12.2,23.9,36,5/27/17,0,T2M,Archival
5/28/17,8.456747055,15.0581131,32.65375137,0.183371279,-0.014054763,48.7,50.2,55.9,22.4,12.2,23.9,36,5/28/17,0,T2M,Archival
5/29/17,8.5169487,15.34741306,32.5794487,0.189735121,0.02875703,48.7,50.2,55.9,22.4,12.2,23.9,36,5/29/17,0,T2M,Archival
5/30/17,8.713700294,15.96353912,32.61941147,0.201384412,-0.033095628,48.7,50.2,55.9,22.4,12.2,23.9,36,5/30/17,0,T2M,Archival
5/31/17,8.684102058,16.03917313,32.67540359,0.20430753,-0.022144096,48.7,50.2,55.9,22.4,12.2,23.9,36,5/31/17,0,T2M,Archival
6/1/17,8.695067406,16.28889275,32.54965591,0.210939593,-0.079169698,48.7,50.2,55.9,22.4,12.2,23.9,36,6/1/17,0,T2M,Archival
6/2/17,8.332461357,16.46767235,32.38246536,0.225978083,-0.090365238,48.7,50.2,55.9,22.4,12.2,23.9,36,6/2/17,0,T2M,Archival
6/3/17,8.337296486,16.68495178,32.18528748,0.231879314,-0.107771821,48.7,50.2,55.9,22.4,12.2,23.9,36,6/3/17,0,T2M,Archival
6/4/17,8.299760818,16.85692024,32.12186432,0.237698873,-0.152842745,48.7,50.2,55.9,22.4,12.2,23.9,36,6/4/17,0,T2M,Archival
6/5/17,9.290740013,16.79900742,31.8363781,0.208562983,-0.042448863,48.7,50.2,55.9,22.4,12.2,23.9,36,6/5/17,0,T2M,Archival
6/6/17,9.312397003,16.93210793,31.60217285,0.211658637,0.020308482,48.7,50.2,55.9,22.4,12.2,23.9,36,6/6/17,0,T2M,Archival
6/7/17,9.046760559,16.86283302,31.81777954,0.217113124,0.03301898,48.7,50.2,55.9,22.4,12.2,23.9,36,6/7/17,1,T2M,Archival
6/8/17,9.610283852,15.96986294,32.29201508,0.176654975,-0.00580396,48.7,50.2,55.9,22.4,12.2,23.9,36,6/8/17,0,T2M,Archival
6/9/17,9.567048073,15.9354353,32.5381546,0.176899645,-0.008863698,48.7,50.2,55.9,22.4,12.2,23.9,36,6/9/17,0,T2M,Archival
6/10/17,9.562504768,16.59248161,32.04689407,0.195277135,-0.13750045,48.7,50.2,55.9,22.4,12.2,23.9,36,6/10/17,0,T2M,Archival
6/11/17,9.698590279,18.10329628,31.63134575,0.233464056,-0.190540895,48.7,50.2,55.9,22.4,12.2,23.9,36,6/11/17,0,T2M,Archival
6/12/17,9.696763039,18.77963829,31.26911926,0.25230209,-0.180330142,48.7,50.2,55.9,22.4,12.2,23.9,36,6/12/17,0,T2M,Archival
6/13/17,9.704525948,19.45775032,30.89895439,0.270922899,-0.13743259,48.7,50.2,55.9,22.4,12.2,23.9,36,6/13/17,0,T2M,Archival
6/14/17,10.67157269,20.50856972,30.72311211,0.273249918,-0.060186863,48.7,50.2,55.9,22.4,12.2,23.9,36,6/14/17,0,T2M,Archival
6/15/17,10.6874094,20.4448967,30.97752953,0.271041314,-0.012911013,48.7,50.2,55.9,22.4,12.2,23.9,36,6/15/17,0,T2M,Archival
6/16/17,10.43587494,20.46695518,31.22783089,0.278641118,0.054170985,48.7,50.2,55.9,22.4,12.2,23.9,36,6/16/17,0,T2M,Archival
6/17/17,10.1057024,20.69944382,31.2484436,0.294270595,0.068660855,48.7,50.2,55.9,22.4,12.2,23.9,36,6/17/17,0,T2M,Archival
6/18/17,10.01549435,20.51278687,30.94378853,0.291591459,0.043394666,48.7,50.2,55.9,22.4,12.2,23.9,36,6/18/17,0,T2M,Archival
6/19/17,10.0886755,20.31272316,30.72482872,0.284001324,-0.003281845,48.7,50.2,55.9,22.4,12.2,23.9,36,6/19/17,0,T2M,Archival
6/20/17,10.85080624,21.18438911,31.43771935,0.287043969,-0.149638683,48.7,50.2,55.9,22.4,12.2,23.9,36,6/20/17,1,T2M,Archival
6/21/17,11.01874447,21.53407097,31.53411293,0.292092403,-0.154960707,48.7,50.2,55.9,22.4,12.2,23.9,36,6/21/17,0,T2M,Archival
6/22/17,11.0485487,21.70350647,31.5607357,0.295971049,-0.14499861,48.7,50.2,55.9,22.4,12.2,23.9,36,6/22/17,0,T2M,Archival
6/23/17,11.14434719,22.22037315,31.68183708,0.307667388,-0.13707225,48.7,50.2,55.9,22.4,12.2,23.9,36,6/23/17,0,T2M,Archival
6/24/17,11.0105238,21.22760391,31.97842216,0.283807781,-0.148218796,48.7,50.2,55.9,22.4,12.2,23.9,36,6/24/17,0,T2M,Archival
6/25/17,11.16734982,21.11490822,32.10280991,0.276321067,-0.186425701,48.7,50.2,55.9,22.4,12.2,23.9,36,6/25/17,0,T2M,Archival
6/26/17,11.59891605,22.26709747,32.0696373,0.296338373,-0.156909615,48.7,50.2,55.9,22.4,12.2,23.9,36,6/26/17,0,T2M,Archival
6/27/17,11.46759033,22.6002903,32.06725693,0.309241666,-0.114477687,48.7,50.2,55.9,22.4,12.2,23.9,36,6/27/17,0,T2M,Archival
6/28/17,11.26870823,22.60407448,32.04407883,0.314871285,-0.1063013,48.7,50.2,55.9,22.4,12.2,23.9,36,6/28/17,0,T2M,Archival
6/29/17,10.53098679,22.49375725,32.12804031,0.33229918,-0.130749449,48.7,50.2,55.9,22.4,12.2,23.9,36,6/29/17,0,T2M,Archival
6/30/17,10.16908169,21.9169178,32.34147263,0.326328781,-0.144709483,48.7,50.2,55.9,22.4,12.2,23.9,36,6/30/17,0,T2M,Archival
7/1/17,9.773491859,21.59996605,32.46976089,0.328513172,-0.118850373,48.7,50.2,55.9,22.4,12.2,23.9,36,7/1/17,0,T2M,Archival
7/2/17,9.753581047,22.63090324,32.60857391,0.357703394,-0.091387756,48.7,50.2,55.9,22.4,12.2,23.9,36,7/2/17,0,T2M,Archival
7/3/17,9.895871162,23.11092377,32.61361313,0.367084795,-0.105757661,48.7,50.2,55.9,22.4,12.2,23.9,36,7/3/17,0,T2M,Archival
7/4/17,10.09661102,23.22108269,32.61850357,0.364568657,-0.094264865,48.7,50.2,55.9,22.4,12.2,23.9,36,7/4/17,0,T2M,Archival
7/5/17,9.913803101,23.94639587,32.67094803,0.389794244,-0.08594849,48.7,50.2,55.9,22.4,12.2,23.9,36,7/5/17,0,T2M,Archival
7/6/17,9.766922951,23.95922852,32.65430069,0.39423071,-0.089329816,48.7,50.2,55.9,22.4,12.2,23.9,36,7/6/17,0,T2M,Archival
7/7/17,9.542833328,24.04852104,32.66919708,0.40293577,0.017621335,48.7,50.2,55.9,22.4,12.2,23.9,36,7/7/17,0,T2M,Archival
7/8/17,9.489295006,24.48652649,32.82036972,0.416589763,-0.087290786,48.7,50.2,55.9,22.4,12.2,23.9,36,7/8/17,0,T2M,Archival
7/9/17,9.598151207,24.56098747,32.80546188,0.415634341,-0.117578484,48.7,50.2,55.9,22.4,12.2,23.9,36,7/9/17,0,T2M,Archival
7/10/17,9.666758537,24.73051643,32.7816658,0.418437719,-0.142560765,48.7,50.2,55.9,22.4,12.2,23.9,36,7/10/17,0,T2M,Archival
7/11/17,9.987103462,25.10162163,32.82923508,0.419847727,-0.136416063,48.7,50.2,55.9,22.4,12.2,23.9,36,7/11/17,0,T2M,Archival
7/12/17,9.808722496,25.21197319,32.69237137,0.427868075,-0.133368894,48.7,50.2,55.9,22.4,12.2,23.9,36,7/12/17,0,T2M,Archival
7/13/17,9.731588364,25.56526184,32.40382004,0.439824263,-0.12389908,48.7,50.2,55.9,22.4,12.2,23.9,36,7/13/17,0,T2M,Archival
7/14/17,10.8931427,25.87888145,31.85127258,0.416270521,-0.055916548,48.7,50.2,55.9,22.4,12.2,23.9,36,7/14/17,0,T2M,Archival
7/15/17,10.63506508,26.31511879,31.74123573,0.435557048,-0.045362514,48.7,50.2,55.9,22.4,12.2,23.9,36,7/15/17,0,T2M,Archival
7/16/17,10.38418102,26.51944733,31.78781891,0.448201842,-0.038880769,48.7,50.2,55.9,22.4,12.2,23.9,36,7/16/17,0,T2M,Archival
7/17/17,10.76540089,26.94436455,31.95704842,0.449415657,-0.058102306,48.7,50.2,55.9,22.4,12.2,23.9,36,7/17/17,0,T2M,Archival
7/18/17,10.69404507,26.9639492,31.93919945,0.451941782,-0.090754442,48.7,50.2,55.9,22.4,12.2,23.9,36,7/18/17,0,T2M,Archival
7/19/17,10.61961651,27.11942482,31.95516777,0.458328009,-0.120363176,48.7,50.2,55.9,22.4,12.2,23.9,36,7/19/17,0,T2M,Archival
7/20/17,9.980029106,26.69866371,32.15912247,0.464406517,-0.149901539,48.7,50.2,55.9,22.4,12.2,23.9,36,7/20/17,0,T2M,Archival
7/21/17,10.02297497,26.45868111,32.23111343,0.456547393,-0.14949508,48.7,50.2,55.9,22.4,12.2,23.9,36,7/21/17,0,T2M,Archival
7/22/17,10.02287197,26.57554626,32.1700592,0.459796508,-0.123997688,48.7,50.2,55.9,22.4,12.2,23.9,36,7/22/17,0,T2M,Archival
7/23/17,10.54691029,26.84668541,32.06791687,0.452771531,-0.078159817,48.7,50.2,55.9,22.4,12.2,23.9,36,7/23/17,0,T2M,Archival
7/24/17,10.37138557,26.41449547,31.87804413,0.445641941,-0.035761941,48.7,50.2,55.9,22.4,12.2,23.9,36,7/24/17,0,T2M,Archival
7/25/17,9.895476341,25.57769775,31.57189178,0.435617261,-0.083485372,48.7,50.2,55.9,22.4,12.2,23.9,36,7/25/17,0,T2M,Archival
7/26/17,9.919480324,25.69724274,31.59214211,0.438271178,-0.058263525,48.7,50.2,55.9,22.4,12.2,23.9,36,7/26/17,0,T2M,Archival
7/27/17,10.05624008,25.53838348,31.7679081,0.430059539,-0.040288795,48.7,50.2,55.9,22.4,12.2,23.9,36,7/27/17,0,T2M,Archival
7/28/17,9.881863594,25.22907829,31.91833496,0.426311519,-0.014866415,48.7,50.2,55.9,22.4,12.2,23.9,36,7/28/17,0,T2M,Archival
7/29/17,11.3004694,23.97664452,31.66283989,0.352115975,0.167662024,48.7,50.2,55.9,22.4,12.2,23.9,36,7/29/17,0,T2M,Archival
7/30/17,12.02383041,22.38707161,32.00818253,0.287867811,0.11273279,48.7,50.2,55.9,22.4,12.2,23.9,36,7/30/17,0,T2M,Archival
7/31/17,12.30300808,22.55202484,31.99082375,0.28469491,0.00556099,48.7,50.2,55.9,22.4,12.2,23.9,36,7/31/17,0,T2M,Archival
8/1/17,11.18420792,23.17932701,32.01177979,0.333197753,-0.033487443,48.7,50.2,55.9,22.4,12.2,23.9,36,8/1/17,0,T2M,Archival
8/2/17,10.91364956,23.71993828,32.05420303,0.355730242,-0.057778921,48.7,50.2,55.9,22.4,12.2,23.9,36,8/2/17,0,T2M,Archival
8/3/17,10.6688776,23.73690796,32.10546494,0.363000843,-0.030009488,48.7,50.2,55.9,22.4,12.2,23.9,36,8/3/17,0,T2M,Archival
8/4/17,10.94547272,23.26967049,32.15422058,0.342338827,-0.029597633,48.7,50.2,55.9,22.4,12.2,23.9,36,8/4/17,0,T2M,Archival
8/5/17,11.06778049,23.54804993,32.17387772,0.346674151,0.012351333,48.7,50.2,55.9,22.4,12.2,23.9,36,8/5/17,0,T2M,Archival
8/6/17,11.11295986,23.53537941,32.11267853,0.34506721,-0.084479004,48.7,50.2,55.9,22.4,12.2,23.9,36,8/6/17,0,T2M,Archival
8/7/17,10.98228073,23.59452248,32.0736618,0.350340048,-0.09505447,48.7,50.2,55.9,22.4,12.2,23.9,36,8/7/17,0,T2M,Archival
8/8/17,11.04827881,23.57922554,32.01725388,0.348081854,-0.026157334,48.7,50.2,55.9,22.4,12.2,23.9,36,8/8/17,0,T2M,Archival
8/9/17,11.26397419,23.81752586,31.98032379,0.348709769,-0.131189361,48.7,50.2,55.9,22.4,12.2,23.9,36,8/9/17,0,T2M,Archival
8/10/17,11.39913464,24.18710518,32.11161423,0.355221404,-0.160138026,48.7,50.2,55.9,22.4,12.2,23.9,36,8/10/17,0,T2M,Archival
8/11/17,11.48491001,24.25888824,32.14421844,0.354832729,-0.128418744,48.7,50.2,55.9,22.4,12.2,23.9,36,8/11/17,0,T2M,Archival
8/12/17,11.3654089,24.34404564,32.151474,0.360517687,-0.048310753,48.7,50.2,55.9,22.4,12.2,23.9,36,8/12/17,0,T2M,Archival
8/13/17,11.50457096,25.20256615,32.20140076,0.380499866,-0.041243736,48.7,50.2,55.9,22.4,12.2,23.9,36,8/13/17,0,T2M,Archival
8/14/17,11.55717468,25.36714935,32.1692009,0.383610408,-0.052283049,48.7,50.2,55.9,22.4,12.2,23.9,36,8/14/17,0,T2M,Archival
8/15/17,11.43791294,25.4933033,32.10265732,0.39042751,0.030479603,48.7,50.2,55.9,22.4,12.2,23.9,36,8/15/17,0,T2M,Archival
8/16/17,10.33971214,25.60750008,32.07865524,0.42410522,-0.017071649,48.7,50.2,55.9,22.4,12.2,23.9,36,8/16/17,0,T2M,Archival
8/17/17,10.23265362,25.55097961,31.96550751,0.425509055,-0.054014694,48.7,50.2,55.9,22.4,12.2,23.9,36,8/17/17,0,T2M,Archival
8/18/17,9.889531136,25.49393654,31.9498291,0.433455706,-0.006585099,48.7,50.2,55.9,22.4,12.2,23.9,36,8/18/17,0,T2M,Archival
8/19/17,11.12264919,25.24600792,31.89546394,0.39231552,-0.044113487,48.7,50.2,55.9,22.4,12.2,23.9,36,8/19/17,0,T2M,Archival
8/20/17,11.27591324,25.39611244,31.78855133,0.392227756,-0.090315126,48.7,50.2,55.9,22.4,12.2,23.9,36,8/20/17,0,T2M,Archival
8/21/17,11.46980572,25.53465271,31.77229881,0.390690194,-0.126552314,48.7,50.2,55.9,22.4,12.2,23.9,36,8/21/17,0,T2M,Archival
8/22/17,11.82553005,26.0249939,32.03927231,0.394429551,-0.10535533,48.7,50.2,55.9,22.4,12.2,23.9,36,8/22/17,0,T2M,Archival
8/23/17,11.66866207,26.17003059,32.16389465,0.402815792,-0.043037355,48.7,50.2,55.9,22.4,12.2,23.9,36,8/23/17,0,T2M,Archival
8/24/17,11.53226948,26.26659393,32.07633591,0.40928679,-0.000439405,48.7,50.2,55.9,22.4,12.2,23.9,36,8/24/17,0,T2M,Archival
8/25/17,12.63120747,25.65034294,31.99255371,0.361642652,-0.047318492,48.7,50.2,55.9,22.4,12.2,23.9,36,8/25/17,0,T2M,Archival
8/26/17,12.56459808,25.46982765,31.9098835,0.358478599,-0.077536426,48.7,50.2,55.9,22.4,12.2,23.9,36,8/26/17,0,T2M,Archival
8/27/17,12.37921238,24.94006538,31.82041168,0.348912583,-0.067013375,48.7,50.2,55.9,22.4,12.2,23.9,36,8/27/17,0,T2M,Archival
8/28/17,15.00645924,24.43848991,31.65727997,0.262000852,0.015803756,48.7,50.2,55.9,22.4,12.2,23.9,36,8/28/17,0,T2M,Archival
8/29/17,14.79947186,23.89949989,31.54690742,0.252778557,0.125086322,48.7,50.2,55.9,22.4,12.2,23.9,36,8/29/17,0,T2M,Archival
8/30/17,15.67080021,22.20549774,31.87723351,0.181519376,0.173277065,48.7,50.2,55.9,22.4,12.2,23.9,36,8/30/17,0,T2M,Archival
8/31/17,14.25919056,22.28760719,31.86727715,0.223011573,0.034816284,48.7,50.2,55.9,22.4,12.2,23.9,36,8/31/17,0,T2M,Archival
9/1/17,13.84957027,22.92726326,31.77518463,0.252158138,0.026498755,48.7,50.2,55.9,22.4,12.2,23.9,36,9/1/17,0,T2M,Archival
9/2/17,14.15746784,22.2320652,31.84561157,0.224294371,-0.031299617,48.7,50.2,55.9,22.4,12.2,23.9,36,9/2/17,0,T2M,Archival
9/3/17,12.72580242,22.01241302,31.89435005,0.257961406,0.017740108,48.7,50.2,55.9,22.4,12.2,23.9,36,9/3/17,0,T2M,Archival
9/4/17,12.3649826,22.07215691,31.77905846,0.269643731,-0.025911165,48.7,50.2,55.9,22.4,12.2,23.9,36,9/4/17,0,T2M,Archival
9/5/17,12.13719082,22.51386833,31.66935158,0.288241042,-0.051853035,48.7,50.2,55.9,22.4,12.2,23.9,36,9/5/17,0,T2M,Archival
9/6/17,13.33375072,22.63516045,31.72509766,0.258372492,-0.050328027,48.7,50.2,55.9,22.4,12.2,23.9,36,9/6/17,0,T2M,Archival
9/7/17,13.59949875,22.43634224,31.68847847,0.245467875,-0.04025152,48.7,50.2,55.9,22.4,12.2,23.9,36,9/7/17,0,T2M,Archival
9/8/17,13.82149601,22.20372581,31.694664,0.232839717,-0.173685536,48.7,50.2,55.9,22.4,12.2,23.9,36,9/8/17,0,T2M,Archival
9/9/17,13.79746628,22.11080742,31.77218819,0.230926143,-0.115951084,48.7,50.2,55.9,22.4,12.2,23.9,36,9/9/17,0,T2M,Archival
9/10/17,13.57842159,21.80854034,31.77848816,0.22861441,-0.083949782,48.7,50.2,55.9,22.4,12.2,23.9,36,9/10/17,0,T2M,Archival
9/11/17,13.16370773,21.59830284,31.80964851,0.234294309,-0.0818092,48.7,50.2,55.9,22.4,12.2,23.9,36,9/11/17,0,T2M,Archival
9/12/17,15.03299999,21.83621407,31.75821495,0.188978169,-0.034061078,48.7,50.2,55.9,22.4,12.2,23.9,36,9/12/17,0,T2M,Archival
9/13/17,14.91578579,21.9069519,31.67407227,0.194199059,0.022071397,48.7,50.2,55.9,22.4,12.2,23.9,36,9/13/17,0,T2M,Archival
9/14/17,14.56078053,21.92687416,31.57247353,0.204613712,0.006318275,48.7,50.2,55.9,22.4,12.2,23.9,36,9/14/17,0,T2M,Archival
9/15/17,14.63656235,22.23835182,31.51872253,0.211160819,0.03176935,48.7,50.2,55.9,22.4,12.2,23.9,36,9/15/17,0,T2M,Archival
9/16/17,14.69039917,22.34957886,31.48834038,0.212754991,-0.020589033,48.7,50.2,55.9,22.4,12.2,23.9,36,9/16/17,0,T2M,Archival
9/17/17,14.69678497,22.37585258,31.47626495,0.213307434,-0.022692509,48.7,50.2,55.9,22.4,12.2,23.9,36,9/17/17,0,T2M,Archival
9/18/17,15.99925518,22.55632973,31.53335381,0.18214096,0.078978613,48.7,50.2,55.9,22.4,12.2,23.9,36,9/18/17,0,T2M,Archival
9/19/17,16.2937336,22.27176094,31.36675072,0.166056315,0.253521651,48.7,50.2,55.9,22.4,12.2,23.9,36,9/19/17,0,T2M,Archival
9/20/17,16.76857567,20.82516289,31.62047386,0.112682978,0.26033321,48.7,50.2,55.9,22.4,12.2,23.9,36,9/20/17,0,T2M,Archival
9/21/17,16.48120308,20.59546852,31.57414246,0.114285151,0.123781554,48.7,50.2,55.9,22.4,12.2,23.9,36,9/21/17,0,T2M,Archival
9/22/17,16.32398415,20.81889343,31.43096161,0.124858591,0.182719365,48.7,50.2,55.9,22.4,12.2,23.9,36,9/22/17,0,T2M,Archival
9/23/17,15.43569946,20.94107437,31.2798481,0.152927081,0.138687953,48.7,50.2,55.9,22.4,12.2,23.9,36,9/23/17,0,T2M,Archival
9/24/17,15.77153683,20.75927925,31.28242493,0.138548401,0.04866429,48.7,50.2,55.9,22.4,12.2,23.9,36,9/24/17,0,T2M,Archival
9/25/17,16.00563622,20.81069374,31.28340721,0.13347382,0.053335503,48.7,50.2,55.9,22.4,12.2,23.9,36,9/25/17,0,T2M,Archival
9/26/17,16.07536507,20.75213432,31.40944099,0.129910257,0.104907416,48.7,50.2,55.9,22.4,12.2,23.9,36,9/26/17,0,T2M,Archival
9/27/17,16.88333893,21.08879852,31.64551353,0.116818322,0.195104852,48.7,50.2,55.9,22.4,12.2,23.9,36,9/27/17,0,T2M,Archival
9/28/17,17.35987282,20.81015968,31.98575783,0.095841302,0.191854477,48.7,50.2,55.9,22.4,12.2,23.9,36,9/28/17,0,T2M,Archival
9/29/17,17.49434471,20.56353951,32.23228455,0.085255411,0.06993372,48.7,50.2,55.9,22.4,12.2,23.9,36,9/29/17,0,T2M,Archival
9/30/17,17.59979057,20.38537025,32.14770126,0.077377213,0.008130755,48.7,50.2,55.9,22.4,12.2,23.9,36,9/30/17,0,T2M,Archival
10/1/17,17.82776833,19.4337616,32.34171295,0.044610924,0.009485978,48.7,50.2,55.9,22.4,12.2,23.9,36,10/1/17,0,T2M,Archival
10/2/17,17.95322609,19.58923912,32.55230331,0.045444806,-0.098890223,48.7,50.2,55.9,22.4,12.2,23.9,36,10/2/17,0,T2M,Archival
10/3/17,16.31456184,19.45480919,32.39908218,0.087229093,-0.104268275,48.7,50.2,55.9,22.4,12.2,23.9,36,10/3/17,0,T2M,Archival
10/4/17,16.62089348,19.43310165,32.41516113,0.078116894,-0.056333825,48.7,50.2,55.9,22.4,12.2,23.9,36,10/4/17,0,T2M,Archival
10/5/17,16.45738792,19.63387489,32.2941246,0.088235749,-0.125122756,48.7,50.2,55.9,22.4,12.2,23.9,36,10/5/17,0,T2M,Archival
10/6/17,16.22234535,20.76209831,31.8357296,0.126104249,-0.119639508,48.7,50.2,55.9,22.4,12.2,23.9,36,10/6/17,0,T2M,Archival
10/7/17,16.1684494,21.23068619,31.75303459,0.140617688,-0.032607857,48.7,50.2,55.9,22.4,12.2,23.9,36,10/7/17,0,T2M,Archival
10/8/17,15.91395187,21.5368576,31.71851158,0.156191826,-0.033131037,48.7,50.2,55.9,22.4,12.2,23.9,36,10/8/17,0,T2M,Archival
10/9/17,15.40928364,21.80911446,31.6753521,0.177773078,-0.018439127,48.7,50.2,55.9,22.4,12.2,23.9,36,10/9/17,0,T2M,Archival
10/10/17,15.1824255,22.11938477,31.51138878,0.192693313,-0.047051918,48.7,50.2,55.9,22.4,12.2,23.9,36,10/10/17,0,T2M,Archival
10/11/17,15.05988407,22.11860466,31.51223946,0.196075572,-0.026855648,48.7,50.2,55.9,22.4,12.2,23.9,36,10/11/17,0,T2M,Archival
10/12/17,17.66844177,20.60940742,31.52121925,0.08169349,0.186611772,48.7,50.2,55.9,22.4,12.2,23.9,36,10/12/17,0,T2M,Archival
10/13/17,18.13888741,19.57459259,31.97134209,0.0398807,0.153094307,48.7,50.2,55.9,22.4,12.2,23.9,36,10/13/17,0,T2M,Archival
10/14/17,18.30907631,19.59983063,32.04120636,0.035854287,0.058830991,48.7,50.2,55.9,22.4,12.2,23.9,36,10/14/17,0,T2M,Archival
10/15/17,18.15380096,19.79922867,31.97854042,0.045706325,0.009600569,48.7,50.2,55.9,22.4,12.2,23.9,36,10/15/17,0,T2M,Archival
10/16/17,18.05556297,19.87011147,31.83844566,0.050404125,-0.052753195,48.7,50.2,55.9,22.4,12.2,23.9,36,10/16/17,0,T2M,Archival
10/17/17,18.09461784,19.21265602,31.95803261,0.031056616,-0.133075535,48.7,50.2,55.9,22.4,12.2,23.9,36,10/17/17,0,T2M,Archival
10/18/17,18.09773445,19.42040443,32.12182236,0.036740833,-0.104695164,48.7,50.2,55.9,22.4,12.2,23.9,36,10/18/17,0,T2M,Archival
10/19/17,18.1251812,19.42042923,32.09324265,0.035979112,-0.127682909,48.7,50.2,55.9,22.4,12.2,23.9,36,10/19/17,0,T2M,Archival
10/20/17,18.18347931,19.4349823,32.05973816,0.034763972,-0.182082191,48.7,50.2,55.9,22.4,12.2,23.9,36,10/20/17,0,T2M,Archival
10/21/17,17.48677444,19.05016136,32.1466217,0.043427414,-0.169597924,48.7,50.2,55.9,22.4,12.2,23.9,36,10/21/17,0,T2M,Archival
10/22/17,17.50440788,19.00623131,32.18286514,0.041717317,-0.156306669,48.7,50.2,55.9,22.4,12.2,23.9,36,10/22/17,0,T2M,Archival
10/23/17,17.48143768,18.97313499,32.19407654,0.041436036,-0.054020066,48.7,50.2,55.9,22.4,12.2,23.9,36,10/23/17,0,T2M,Archival
10/24/17,17.18008995,19.19272041,32.27954483,0.055906402,0.116153695,48.7,50.2,55.9,22.4,12.2,23.9,36,10/24/17,0,T2M,Archival
10/25/17,16.99915123,19.25083923,32.11161423,0.062546889,0.154979795,48.7,50.2,55.9,22.4,12.2,23.9,36,10/25/17,0,T2M,Archival
10/26/17,16.98301125,18.99712372,32.14419937,0.055947569,0.114718556,48.7,50.2,55.9,22.4,12.2,23.9,36,10/26/17,0,T2M,Archival
10/27/17,17.70037842,18.90896416,32.20257568,0.033571826,-0.083770983,48.7,50.2,55.9,22.4,12.2,23.9,36,10/27/17,0,T2M,Archival
10/28/17,18.15744781,18.81804085,32.24412918,0.018349806,-0.070550658,48.7,50.2,55.9,22.4,12.2,23.9,36,10/28/17,0,T2M,Archival
10/29/17,18.21203423,18.8543663,32.10318756,0.017842558,0.125297636,48.7,50.2,55.9,22.4,12.2,23.9,36,10/29/17,0,T2M,Archival
10/30/17,17.55152321,19.04353905,31.95926476,0.041444884,0.091913633,48.7,50.2,55.9,22.4,12.2,23.9,36,10/30/17,0,T2M,Archival
10/31/17,18.49377251,18.62443352,32.22115326,0.003629473,-0.223273143,48.7,50.2,55.9,22.4,12.2,23.9,36,10/31/17,0,T2M,Archival
11/1/17,18.69831467,18.51883125,32.3384552,-0.00498565,-0.145168439,48.7,50.2,55.9,22.4,12.2,23.9,36,11/1/17,0,T2M,Archival
11/2/17,18.9026432,18.42327309,32.27240753,-0.013315837,-0.068245701,48.7,50.2,55.9,22.4,12.2,23.9,36,11/2/17,0,T2M,Archival
11/3/17,18.76247597,18.43571281,32.22299957,-0.009076754,-0.04742698,48.7,50.2,55.9,22.4,12.2,23.9,36,11/3/17,0,T2M,Archival
11/4/17,18.72018242,18.26693535,32.18514633,-0.012590196,-0.03228021,48.7,50.2,55.9,22.4,12.2,23.9,36,11/4/17,0,T2M,Archival
11/5/17,18.21304512,17.90219116,32.17338181,-0.008634832,0.062530562,48.7,50.2,55.9,22.4,12.2,23.9,36,11/5/17,0,T2M,Archival
11/6/17,17.55014801,17.7923069,32.03384399,0.006726636,0.067505844,48.7,50.2,55.9,22.4,12.2,23.9,36,11/6/17,0,T2M,Archival
11/7/17,17.66834831,17.71509743,32.01206589,0.001298587,0.078310348,48.7,50.2,55.9,22.4,12.2,23.9,36,11/7/17,0,T2M,Archival
11/8/17,18.56992149,17.71115685,31.95623589,-0.023854574,0.18997936,48.7,50.2,55.9,22.4,12.2,23.9,36,11/8/17,0,T2M,Archival
11/9/17,18.21787643,17.66251373,32.27706146,-0.015426742,0.181025818,48.7,50.2,55.9,22.4,12.2,23.9,36,11/9/17,0,T2M,Archival
11/10/17,18.10666847,17.49214935,32.37256622,-0.017069976,0.053901777,48.7,50.2,55.9,22.4,12.2,23.9,36,11/10/17,0,T2M,Archival
11/11/17,17.91832161,17.0158844,32.4563942,-0.0250677,-0.081144802,48.7,50.2,55.9,22.4,12.2,23.9,36,11/11/17,0,T2M,Archival
11/12/17,17.11796951,16.85876656,32.45840073,-0.007200082,-0.099662714,48.7,50.2,55.9,22.4,12.2,23.9,36,11/12/17,0,T2M,Archival
11/13/17,17.02392006,16.76362801,32.41906357,-0.007230335,-0.030556858,48.7,50.2,55.9,22.4,12.2,23.9,36,11/13/17,0,T2M,Archival
11/14/17,15.40904999,15.79752445,32.39207458,0.010790957,-0.00656119,48.7,50.2,55.9,22.4,12.2,23.9,36,11/14/17,0,T2M,Archival
11/15/17,15.42714024,15.40547562,32.54299545,-0.000601795,0.069991186,48.7,50.2,55.9,22.4,12.2,23.9,36,11/15/17,0,T2M,Archival
11/16/17,15.31868744,15.25380993,32.47154617,-0.001802153,0.131742701,48.7,50.2,55.9,22.4,12.2,23.9,36,11/16/17,0,T2M,Archival
11/17/17,15.69218731,15.68421936,32.47060394,-0.000221332,-0.082618333,48.7,50.2,55.9,22.4,12.2,23.9,36,11/17/17,0,T2M,Archival
11/18/17,15.73082447,15.49883556,32.47573471,-0.006444136,-0.031195052,48.7,50.2,55.9,22.4,12.2,23.9,36,11/18/17,0,T2M,Archival
11/19/17,15.62157154,15.47567368,32.49663925,-0.004052718,-0.073524922,48.7,50.2,55.9,22.4,12.2,23.9,36,11/19/17,0,T2M,Archival
11/20/17,15.5405035,15.44292736,32.64244461,-0.002710448,-0.286052912,48.7,50.2,55.9,22.4,12.2,23.9,36,11/20/17,0,T2M,Archival
11/21/17,15.33417416,15.27761364,32.75102615,-0.001571125,-0.263444781,48.7,50.2,55.9,22.4,12.2,23.9,36,11/21/17,0,T2M,Archival
11/22/17,14.53540325,15.24075317,32.76980972,0.019593053,-0.11070057,48.7,50.2,55.9,22.4,12.2,23.9,36,11/22/17,0,T2M,Archival
11/23/17,14.35983372,15.02145863,32.98746109,0.01837847,-0.119142748,48.7,50.2,55.9,22.4,12.2,23.9,36,11/23/17,0,T2M,Archival
4/20/23,9.250124931,12.44530964,31.65756416,0.088755131,-0.147451654,48.7,50.2,55.9,22.4,12.2,23.9,36,4/20/23,0,T2M,Archival
4/21/23,9.270290375,13.00626278,31.59156609,0.103777011,-0.11428801,48.7,50.2,55.9,22.4,12.2,23.9,36,4/21/23,0,T2M,Archival
4/22/23,9.18212986,13.1375351,31.47811317,0.109872368,-0.015366376,48.7,50.2,55.9,22.4,12.2,23.9,36,4/22/23,0,T2M,Archival
4/23/23,9.259507179,13.30664444,31.29147339,0.112420479,0.015142354,48.7,50.2,55.9,22.4,12.2,23.9,36,4/23/23,0,T2M,Archival
4/24/23,9.201699257,13.14703751,31.4776516,0.109592729,-0.055137541,48.7,50.2,55.9,22.4,12.2,23.9,36,4/24/23,0,T2M,Archival
4/25/23,9.220049858,12.80783463,31.81038475,0.099660688,-0.071132727,48.7,50.2,55.9,22.4,12.2,23.9,36,4/25/23,0,T2M,Archival
4/26/23,9.122105598,12.55138016,32.07773972,0.095257627,-0.05768105,48.7,50.2,55.9,22.4,12.2,23.9,36,4/26/23,0,T2M,Archival
4/27/23,9.242987633,12.74995422,32.23505783,0.097415739,-0.046440605,48.7,50.2,55.9,22.4,12.2,23.9,36,4/27/23,0,T2M,Archival
4/28/23,9.371501923,12.48446274,32.41506958,0.086471134,0.04895759,48.7,50.2,55.9,22.4,12.2,23.9,36,4/28/23,0,T2M,Archival
4/29/23,9.970269203,11.9756403,32.61670303,0.055704753,0.159256831,48.7,50.2,55.9,22.4,12.2,23.9,36,4/29/23,0,T2M,Archival
4/30/23,10.07979393,11.98248768,32.50181961,0.052852604,0.189806089,48.7,50.2,55.9,22.4,12.2,23.9,36,4/30/23,0,T2M,Archival
5/1/23,10.07971859,12.22201252,32.28278351,0.059508165,0.098491274,48.7,50.2,55.9,22.4,12.2,23.9,36,5/1/23,0,T2M,Archival
5/2/23,10.39509106,12.45514297,32.03649521,0.057223664,0.064291127,48.7,50.2,55.9,22.4,12.2,23.9,36,5/2/23,0,T2M,Archival
5/3/23,10.38852882,12.57832432,32.09323502,0.060827653,0.054278851,48.7,50.2,55.9,22.4,12.2,23.9,36,5/3/23,0,T2M,Archival
5/4/23,10.39964485,12.4483614,32.17851639,0.056908793,0.014626333,48.7,50.2,55.9,22.4,12.2,23.9,36,5/4/23,0,T2M,Archival
5/5/23,10.56106758,12.56337452,32.25717545,0.055619637,-0.050554704,48.7,50.2,55.9,22.4,12.2,23.9,36,5/5/23,0,T2M,Archival
5/6/23,10.5199337,13.00522232,32.26875687,0.069035795,-0.092814766,48.7,50.2,55.9,22.4,12.2,23.9,36,5/6/23,0,T2M,Archival
5/7/23,10.51505661,13.15556431,32.24966049,0.073347436,-0.089482807,48.7,50.2,55.9,22.4,12.2,23.9,36,5/7/23,0,T2M,Archival
5/8/23,10.34560871,14.01334,32.12421036,0.101881425,-0.022867417,48.7,50.2,55.9,22.4,12.2,23.9,36,5/8/23,0,T2M,Archival
5/9/23,10.41895866,14.25005722,32.1114006,0.106419404,-0.018898852,48.7,50.2,55.9,22.4,12.2,23.9,36,5/9/23,0,T2M,Archival
5/10/23,10.40099335,14.09982014,32.24386215,0.102745189,-0.06681063,48.7,50.2,55.9,22.4,12.2,23.9,36,5/10/23,0,T2M,Archival
5/11/23,10.03328323,14.34196186,32.22202301,0.119685517,-0.153258696,48.7,50.2,55.9,22.4,12.2,23.9,36,5/11/23,0,T2M,Archival
5/12/23,10.11013699,14.74047947,32.08254623,0.128620625,-0.129083142,48.7,50.2,55.9,22.4,12.2,23.9,36,5/12/23,0,T2M,Archival
5/13/23,10.14023495,15.15493488,31.79473305,0.13929722,-0.104978554,48.7,50.2,55.9,22.4,12.2,23.9,36,5/13/23,0,T2M,Archival
5/14/23,10.49295902,15.26935482,31.61370659,0.132677661,-0.102726698,48.7,50.2,55.9,22.4,12.2,23.9,36,5/14/23,0,T2M,Archival
5/15/23,10.33383656,15.16300201,31.83813477,0.134143485,-0.134571627,48.7,50.2,55.9,22.4,12.2,23.9,36,5/15/23,0,T2M,Archival
5/16/23,10.32740498,15.33942509,31.52377892,0.139222781,-0.144312635,48.7,50.2,55.9,22.4,12.2,23.9,36,5/16/23,0,T2M,Archival
5/17/23,11.25537777,15.16006565,31.24139214,0.108463552,-0.092243098,48.7,50.2,55.9,22.4,12.2,23.9,36,5/17/23,0,T2M,Archival
5/18/23,10.98105526,15.32304478,31.315382,0.12061082,-0.119017668,48.7,50.2,55.9,22.4,12.2,23.9,36,5/18/23,0,T2M,Archival
5/19/23,10.61617279,14.9975481,31.50343132,0.12170487,-0.159189731,48.7,50.2,55.9,22.4,12.2,23.9,36,5/19/23,0,T2M,Archival
5/20/23,10.14482689,14.95910549,31.77204895,0.133729961,-0.097407587,48.7,50.2,55.9,22.4,12.2,23.9,36,5/20/23,0,T2M,Archival
5/21/23,10.05660725,15.28511524,31.61562347,0.145236333,-0.09451326,48.7,50.2,55.9,22.4,12.2,23.9,36,5/21/23,0,T2M,Archival
5/22/23,10.12598228,15.63698292,31.65125275,0.153083351,-0.122780837,48.7,50.2,55.9,22.4,12.2,23.9,36,5/22/23,0,T2M,Archival
5/23/23,10.74284744,15.53093243,31.85311317,0.133002361,-0.054802623,48.7,50.2,55.9,22.4,12.2,23.9,36,5/23/23,0,T2M,Archival
5/24/23,10.52003765,15.36293697,32.17729568,0.134524981,0.003519089,48.7,50.2,55.9,22.4,12.2,23.9,36,5/24/23,0,T2M,Archival
5/25/23,10.45341301,15.23805618,32.30672455,0.132906755,-0.025247334,48.7,50.2,55.9,22.4,12.2,23.9,36,5/25/23,0,T2M,Archival
5/26/23,10.41991329,15.20595932,32.49717331,0.132945723,-0.098795265,48.7,50.2,55.9,22.4,12.2,23.9,36,5/26/23,0,T2M,Archival
5/27/23,10.47621632,15.18879795,32.56029892,0.130905045,-0.13224943,48.7,50.2,55.9,22.4,12.2,23.9,36,5/27/23,0,T2M,Archival
5/28/23,10.55212593,15.08484554,32.66474915,0.125908878,-0.142221585,48.7,50.2,55.9,22.4,12.2,23.9,36,5/28/23,0,T2M,Archival
5/29/23,10.79246521,15.63990879,32.68151093,0.134651211,-0.09077362,48.7,50.2,55.9,22.4,12.2,23.9,36,5/29/23,0,T2M,Archival
5/30/23,11.04054356,15.60165882,32.62771225,0.126697646,-0.044495959,48.7,50.2,55.9,22.4,12.2,23.9,36,5/30/23,0,T2M,Archival
5/31/23,10.73088169,15.45415783,32.71021271,0.131202115,-0.0932706,48.7,50.2,55.9,22.4,12.2,23.9,36,5/31/23,0,T2M,Archival
6/1/23,11.12593365,16.1156292,32.62384415,0.138602654,-0.095313586,48.7,50.2,55.9,22.4,12.2,23.9,36,6/1/23,0,T2M,Archival
6/2/23,11.20475674,16.25222206,32.54896164,0.14020737,-0.064911835,48.7,50.2,55.9,22.4,12.2,23.9,36,6/2/23,0,T2M,Archival
6/3/23,11.28374195,16.26978874,32.46244812,0.1385013,-0.016734011,48.7,50.2,55.9,22.4,12.2,23.9,36,6/3/23,0,T2M,Archival
6/4/23,11.35844517,15.26342297,32.58761978,0.108471606,0.086280465,48.7,50.2,55.9,22.4,12.2,23.9,36,6/4/23,0,T2M,Archival
6/5/23,10.81975269,15.30151272,32.57341003,0.124493334,0.041048221,48.7,50.2,55.9,22.4,12.2,23.9,36,6/5/23,0,T2M,Archival
6/6/23,10.80830383,15.73235416,32.42827225,0.136779176,0.031091956,48.7,50.2,55.9,22.4,12.2,23.9,36,6/6/23,0,T2M,Archival
6/7/23,10.77190113,15.86098957,32.41570282,0.141363568,0.038804639,48.7,50.2,55.9,22.4,12.2,23.9,36,6/7/23,0,T2M,Archival
6/8/23,10.65646839,16.24885368,32.3511467,0.155344036,0.073309995,48.7,50.2,55.9,22.4,12.2,23.9,36,6/8/23,0,T2M,Archival
6/9/23,10.68760777,16.25426292,32.21695709,0.15462931,0.083677314,48.7,50.2,55.9,22.4,12.2,23.9,36,6/9/23,0,T2M,Archival
6/10/23,11.39269352,16.26304245,32.09912491,0.13528747,0.037479598,48.7,50.2,55.9,22.4,12.2,23.9,36,6/10/23,0,T2M,Archival
6/11/23,11.20058346,17.04860878,31.84224892,0.162445148,0.005443491,48.7,50.2,55.9,22.4,12.2,23.9,36,6/11/23,0,T2M,Archival
6/12/23,10.87203503,17.50451851,31.69388771,0.184235652,0.055886086,48.7,50.2,55.9,22.4,12.2,23.9,36,6/12/23,0,T2M,Archival
6/13/23,10.84532166,17.83363724,31.58065033,0.194119877,0.027120605,48.7,50.2,55.9,22.4,12.2,23.9,36,6/13/23,0,T2M,Archival
6/14/23,10.72900009,18.16900444,31.54432869,0.206666787,0.033585835,48.7,50.2,55.9,22.4,12.2,23.9,36,6/14/23,0,T2M,Archival
6/15/23,10.60993004,18.54825401,31.43893623,0.220508999,0.045567472,48.7,50.2,55.9,22.4,12.2,23.9,36,6/15/23,0,T2M,Archival
6/16/23,10.99415874,18.87906837,31.47383881,0.219025267,0.054399207,48.7,50.2,55.9,22.4,12.2,23.9,36,6/16/23,0,T2M,Archival
6/17/23,11.07056046,19.10697746,31.42888832,0.223233806,0.081637233,48.7,50.2,55.9,22.4,12.2,23.9,36,6/17/23,0,T2M,Archival
6/18/23,11.26513195,19.55028915,31.47319031,0.230143256,0.006931959,48.7,50.2,55.9,22.4,12.2,23.9,36,6/18/23,0,T2M,Archival
6/19/23,11.95341778,19.98776436,31.54508209,0.223176294,0.01896899,48.7,50.2,55.9,22.4,12.2,23.9,36,6/19/23,0,T2M,Archival
6/20/23,12.03393078,20.25645828,31.58677864,0.228403542,0.012685128,48.7,50.2,55.9,22.4,12.2,23.9,36,6/20/23,0,T2M,Archival
6/21/23,11.99988556,19.64384842,32.0059166,0.212332302,0.04689597,48.7,50.2,55.9,22.4,12.2,23.9,36,6/21/23,0,T2M,Archival
6/22/23,12.50324917,18.6316452,32.42552948,0.170233223,0.044241045,48.7,50.2,55.9,22.4,12.2,23.9,36,6/22/23,0,T2M,Archival
6/23/23,12.86550808,18.927248,32.2987709,0.168381664,-0.027931256,48.7,50.2,55.9,22.4,12.2,23.9,36,6/23/23,0,T2M,Archival
6/24/23,12.75924206,19.33909798,32.12339401,0.182773776,-0.024264997,48.7,50.2,55.9,22.4,12.2,23.9,36,6/24/23,0,T2M,Archival
6/25/23,13.17813015,20.07611084,31.99254036,0.191610575,-0.009072951,48.7,50.2,55.9,22.4,12.2,23.9,36,6/25/23,0,T2M,Archival
6/26/23,13.11943913,20.40059853,31.85531425,0.202254428,0.035294432,48.7,50.2,55.9,22.4,12.2,23.9,36,6/26/23,0,T2M,Archival
6/27/23,12.93049717,20.69204521,31.54405403,0.215598557,0.086037479,48.7,50.2,55.9,22.4,12.2,23.9,36,6/27/23,0,T2M,Archival
6/28/23,12.60098267,20.82001114,31.36382294,0.228306346,0.010626449,48.7,50.2,55.9,22.4,12.2,23.9,36,6/28/23,0,T2M,Archival
6/29/23,12.56966114,21.38019562,31.29442406,0.244737069,-0.018951261,48.7,50.2,55.9,22.4,12.2,23.9,36,6/29/23,0,T2M,Archival
6/30/23,12.26793194,21.68408775,31.35988426,0.261559884,-0.03155737,48.7,50.2,55.9,22.4,12.2,23.9,36,6/30/23,0,T2M,Archival
7/1/23,12.87945843,22.17474174,31.47190857,0.258202314,-0.061784267,48.7,50.2,55.9,22.4,12.2,23.9,36,7/1/23,0,T2M,Archival
7/2/23,12.71865368,22.49578094,31.48081017,0.271586868,-0.013515105,48.7,50.2,55.9,22.4,12.2,23.9,36,7/2/23,0,T2M,Archival
7/3/23,12.54760647,23.00092506,31.20166969,0.290369961,-0.028048456,48.7,50.2,55.9,22.4,12.2,23.9,36,7/3/23,0,T2M,Archival
7/4/23,12.13759899,23.75396156,31.07797241,0.322676738,-0.040911216,48.7,50.2,55.9,22.4,12.2,23.9,36,7/4/23,0,T2M,Archival
7/5/23,12.1741972,24.26813698,30.99379921,0.335942772,-0.03185435,48.7,50.2,55.9,22.4,12.2,23.9,36,7/5/23,0,T2M,Archival
7/6/23,12.28634262,24.67778015,30.96085548,0.344206598,-0.042588875,48.7,50.2,55.9,22.4,12.2,23.9,36,7/6/23,0,T2M,Archival
7/7/23,12.13745022,25.48858643,31.08440399,0.370864895,0.060659099,48.7,50.2,55.9,22.4,12.2,23.9,36,7/7/23,0,T2M,Archival
7/8/23,12.27391911,25.76629829,31.08535576,0.374788311,0.086954676,48.7,50.2,55.9,22.4,12.2,23.9,36,7/8/23,0,T2M,Archival
7/9/23,12.28564072,25.80943108,31.06957245,0.375660843,0.114907958,48.7,50.2,55.9,22.4,12.2,23.9,36,7/9/23,0,T2M,Archival
7/10/23,12.17869568,25.53061676,31.04334068,0.370886697,0.094099812,48.7,50.2,55.9,22.4,12.2,23.9,36,7/10/23,0,T2M,Archival
7/11/23,12.16030407,25.7927494,31.0039978,0.378679037,0.038180366,48.7,50.2,55.9,22.4,12.2,23.9,36,7/11/23,0,T2M,Archival
7/12/23,12.07840252,26.10235596,30.97786522,0.389554262,-0.010909915,48.7,50.2,55.9,22.4,12.2,23.9,36,7/12/23,0,T2M,Archival
7/13/23,12.4446516,26.11651611,31.10290337,0.379774014,0.012223809,48.7,50.2,55.9,22.4,12.2,23.9,36,7/13/23,0,T2M,Archival
7/14/23,12.36949062,25.77156067,31.21701241,0.372279723,-0.022313138,48.7,50.2,55.9,22.4,12.2,23.9,36,7/14/23,0,T2M,Archival
7/15/23,12.22693539,25.60750771,31.15196037,0.371682564,-0.016298225,48.7,50.2,55.9,22.4,12.2,23.9,36,7/15/23,0,T2M,Archival
7/16/23,11.52959347,25.83631897,31.22401619,0.397409042,-0.006225978,48.7,50.2,55.9,22.4,12.2,23.9,36,7/16/23,0,T2M,Archival
7/17/23,11.42928314,25.73173714,31.29616737,0.397290389,-0.031765547,48.7,50.2,55.9,22.4,12.2,23.9,36,7/17/23,0,T2M,Archival
7/18/23,11.30682087,25.80053711,31.2892971,0.402603229,-0.022864157,48.7,50.2,55.9,22.4,12.2,23.9,36,7/18/23,0,T2M,Archival
7/19/23,12.68945694,26.0664959,31.31869698,0.371584415,-0.000659501,48.7,50.2,55.9,22.4,12.2,23.9,36,7/19/23,0,T2M,Archival
7/20/23,12.89800358,26.34493828,31.23841286,0.373525964,0.000106118,48.7,50.2,55.9,22.4,12.2,23.9,36,7/20/23,0,T2M,Archival
7/21/23,13.00372219,26.35912323,31.19129372,0.370983362,0.042926226,48.7,50.2,55.9,22.4,12.2,23.9,36,7/21/23,0,T2M,Archival
7/22/23,12.07034206,26.13707924,30.94096375,0.390742699,0.058561906,48.7,50.2,55.9,22.4,12.2,23.9,36,7/22/23,0,T2M,Archival
7/23/23,11.59986591,25.94604301,30.77613068,0.398504919,0.019124925,48.7,50.2,55.9,22.4,12.2,23.9,36,7/23/23,0,T2M,Archival
7/24/23,11.25113583,25.87287331,30.77385521,0.406159374,-0.005646154,48.7,50.2,55.9,22.4,12.2,23.9,36,7/24/23,0,T2M,Archival
7/25/23,9.332942963,25.92075157,30.93303871,0.460772461,-0.046431135,48.7,50.2,55.9,22.4,12.2,23.9,36,7/25/23,0,T2M,Archival
7/26/23,9.500142097,26.45683098,31.00241661,0.471019136,-0.070413083,48.7,50.2,55.9,22.4,12.2,23.9,36,7/26/23,0,T2M,Archival
7/27/23,9.707671165,26.29686165,30.96516991,0.460810847,-0.079523593,48.7,50.2,55.9,22.4,12.2,23.9,36,7/27/23,0,T2M,Archival
7/28/23,10.51672173,26.1047821,30.57333565,0.433001677,-0.136356011,48.7,50.2,55.9,22.4,12.2,23.9,36,7/28/23,0,T2M,Archival
7/29/23,10.45472622,26.22653008,30.66875458,0.438105663,-0.095534541,48.7,50.2,55.9,22.4,12.2,23.9,36,7/29/23,0,T2M,Archival
7/30/23,10.47976208,25.49606895,31.06511879,0.417119635,-0.076955102,48.7,50.2,55.9,22.4,12.2,23.9,36,7/30/23,0,T2M,Archival
7/31/23,12.03349209,24.50071907,30.90092278,0.346311861,-0.021865347,48.7,50.2,55.9,22.4,12.2,23.9,36,7/31/23,0,T2M,Archival
8/1/23,12.14800262,24.02480507,30.89853096,0.329911179,-0.044192974,48.7,50.2,55.9,22.4,12.2,23.9,36,8/1/23,0,T2M,Archival
8/2/23,12.17166233,24.19222069,30.91201591,0.333904399,-0.064250045,48.7,50.2,55.9,22.4,12.2,23.9,36,8/2/23,0,T2M,Archival
8/3/23,10.99123478,24.35497475,31.02314568,0.371214999,-0.053714305,48.7,50.2,55.9,22.4,12.2,23.9,36,8/3/23,0,T2M,Archival
8/4/23,11.03483868,24.00022316,31.0759449,0.360149569,0.011180349,48.7,50.2,55.9,22.4,12.2,23.9,36,8/4/23,0,T2M,Archival
8/5/23,11.02697754,23.69565392,31.11840248,0.351907677,0.054542258,48.7,50.2,55.9,22.4,12.2,23.9,36,8/5/23,0,T2M,Archival
8/6/23,11.85669041,24.73942757,31.23550224,0.35785381,0.05055638,48.7,50.2,55.9,22.4,12.2,23.9,36,8/6/23,0,T2M,Archival
8/7/23,12.12242889,24.84440041,31.23506355,0.353388098,0.048123416,48.7,50.2,55.9,22.4,12.2,23.9,36,8/7/23,0,T2M,Archival
8/8/23,12.11721134,24.65927887,31.25967407,0.348390765,0.080369048,48.7,50.2,55.9,22.4,12.2,23.9,36,8/8/23,0,T2M,Archival
8/9/23,13.45259476,24.44441223,31.28714752,0.305328263,0.029906811,48.7,50.2,55.9,22.4,12.2,23.9,36,8/9/23,0,T2M,Archival
8/10/23,13.46484852,24.30316925,31.30961609,0.301064465,0.019583305,48.7,50.2,55.9,22.4,12.2,23.9,36,8/10/23,0,T2M,Archival
8/11/23,13.39369583,24.00358391,31.13728142,0.294719113,0.028629914,48.7,50.2,55.9,22.4,12.2,23.9,36,8/11/23,0,T2M,Archival
8/12/23,15.21200943,24.4972744,31.11738014,0.257924027,-0.020104997,48.7,50.2,55.9,22.4,12.2,23.9,36,8/12/23,0,T2M,Archival
8/13/23,15.29671192,24.71205711,31.18588448,0.261537366,0.019511675,48.7,50.2,55.9,22.4,12.2,23.9,36,8/13/23,0,T2M,Archival
8/14/23,15.37687016,25.14472961,31.23757362,0.271329429,-0.029427327,48.7,50.2,55.9,22.4,12.2,23.9,36,8/14/23,0,T2M,Archival
8/15/23,15.63921642,26.01597023,31.59239197,0.288243161,0.019993022,48.7,50.2,55.9,22.4,12.2,23.9,36,8/15/23,0,T2M,Archival
8/16/23,15.72332287,25.89913177,31.83612061,0.282661359,0.010082684,48.7,50.2,55.9,22.4,12.2,23.9,36,8/16/23,0,T2M,Archival
8/17/23,15.6309557,26.11323357,31.76365089,0.291174385,0.025392013,48.7,50.2,55.9,22.4,12.2,23.9,36,8/17/23,0,T2M,Archival
8/18/23,16.16060638,25.66974831,31.89129829,0.264142831,0.061362576,48.7,50.2,55.9,22.4,12.2,23.9,36,8/18/23,0,T2M,Archival
8/19/23,16.33208656,25.51349449,31.84051514,0.255039109,-0.007262347,48.7,50.2,55.9,22.4,12.2,23.9,36,8/19/23,0,T2M,Archival
8/20/23,16.63934898,25.37954521,31.87572479,0.242783229,-0.04715896,48.7,50.2,55.9,22.4,12.2,23.9,36,8/20/23,0,T2M,Archival
8/21/23,16.98357582,25.48044777,31.95214844,0.236024221,-0.018386351,48.7,50.2,55.9,22.4,12.2,23.9,36,8/21/23,0,T2M,Archival
8/22/23,17.18424606,25.58514404,31.94177055,0.233358277,0.009777442,48.7,50.2,55.9,22.4,12.2,23.9,36,8/22/23,0,T2M,Archival
8/23/23,17.12017632,25.1987133,31.8257885,0.224403805,0.031608239,48.7,50.2,55.9,22.4,12.2,23.9,36,8/23/23,0,T2M,Archival
8/24/23,16.72547913,25.26800346,31.82780647,0.237292343,0.025930772,48.7,50.2,55.9,22.4,12.2,23.9,36,8/24/23,0,T2M,Archival
8/25/23,16.67379951,24.98288155,31.98729897,0.230807834,0.023561599,48.7,50.2,55.9,22.4,12.2,23.9,36,8/25/23,0,T2M,Archival
8/26/23,16.66921043,24.98123741,32.16782761,0.230889638,0.085496582,48.7,50.2,55.9,22.4,12.2,23.9,36,8/26/23,0,T2M,Archival
8/27/23,16.78524017,24.88723946,32.15010834,0.225055536,0.023074036,48.7,50.2,55.9,22.4,12.2,23.9,36,8/27/23,0,T2M,Archival
8/28/23,16.76585197,24.80927849,32.05090714,0.223428514,0.069070108,48.7,50.2,55.9,22.4,12.2,23.9,36,8/28/23,0,T2M,Archival
8/29/23,16.59510803,24.62398529,31.97444153,0.223024368,0.071783692,48.7,50.2,55.9,22.4,12.2,23.9,36,8/29/23,0,T2M,Archival
8/30/23,17.50503349,24.74423981,32.0031395,0.201089064,0.056943905,48.7,50.2,55.9,22.4,12.2,23.9,36,8/30/23,0,T2M,Archival
8/31/23,17.65119362,24.44901466,31.99085808,0.188828362,0.068855189,48.7,50.2,55.9,22.4,12.2,23.9,36,8/31/23,0,T2M,Archival
9/1/23,17.52970886,23.72062492,31.91615105,0.171969891,0.05372411,48.7,50.2,55.9,22.4,12.2,23.9,36,9/1/23,0,T2M,Archival
9/2/23,15.41500854,23.63026237,32.00714493,0.228201495,-0.009220194,48.7,50.2,55.9,22.4,12.2,23.9,36,9/2/23,0,T2M,Archival
9/3/23,14.83270931,23.63516808,31.99829674,0.244512743,-0.022222169,48.7,50.2,55.9,22.4,12.2,23.9,36,9/3/23,0,T2M,Archival
9/4/23,14.8706007,23.93974495,31.98932838,0.251920674,0.021961546,48.7,50.2,55.9,22.4,12.2,23.9,36,9/4/23,0,T2M,Archival
9/5/23,15.3817625,24.25881004,32.08230209,0.246584654,0.078802936,48.7,50.2,55.9,22.4,12.2,23.9,36,9/5/23,0,T2M,Archival
9/6/23,15.72182941,24.64997101,32.03087234,0.248003933,0.079188645,48.7,50.2,55.9,22.4,12.2,23.9,36,9/6/23,0,T2M,Archival
9/7/23,15.37955761,24.96712685,31.94515991,0.266321368,0.095234126,48.7,50.2,55.9,22.4,12.2,23.9,36,9/7/23,0,T2M,Archival
9/8/23,16.08392525,25.13133049,31.97049904,0.251316812,0.08051382,48.7,50.2,55.9,22.4,12.2,23.9,36,9/8/23,0,T2M,Archival
9/9/23,15.85331821,25.36235619,31.97923851,0.264139944,0.01994065,48.7,50.2,55.9,22.4,12.2,23.9,36,9/9/23,0,T2M,Archival
9/10/23,15.54115963,25.52028084,31.96462822,0.277197811,0.022233708,48.7,50.2,55.9,22.4,12.2,23.9,36,9/10/23,0,T2M,Archival
9/11/23,15.05285931,25.95298195,32.03769302,0.302781185,0.007294966,48.7,50.2,55.9,22.4,12.2,23.9,36,9/11/23,0,T2M,Archival
9/12/23,15.26306438,25.98322868,31.98217773,0.297782342,0.022615897,48.7,50.2,55.9,22.4,12.2,23.9,36,9/12/23,0,T2M,Archival
9/13/23,15.62764263,25.82272911,31.92106438,0.283196847,0.062988915,48.7,50.2,55.9,22.4,12.2,23.9,36,9/13/23,0,T2M,Archival
9/14/23,15.71256256,25.20552063,32.03774643,0.26369328,0.085138418,48.7,50.2,55.9,22.4,12.2,23.9,36,9/14/23,0,T2M,Archival
9/15/23,15.77509689,24.43805122,32.0189476,0.24063762,0.147684947,48.7,50.2,55.9,22.4,12.2,23.9,36,9/15/23,0,T2M,Archival
9/16/23,16.07935715,23.83959961,31.69079781,0.215562291,0.138479754,48.7,50.2,55.9,22.4,12.2,23.9,36,9/16/23,0,T2M,Archival
9/17/23,16.45099068,23.20374298,31.3842392,0.187576453,0.06396959,48.7,50.2,55.9,22.4,12.2,23.9,36,9/17/23,0,T2M,Archival
9/18/23,16.27002907,23.15836906,31.24297142,0.191342778,0.108698577,48.7,50.2,55.9,22.4,12.2,23.9,36,9/18/23,0,T2M,Archival
9/19/23,16.37130928,22.79855919,31.09079933,0.17853472,0.03908525,48.7,50.2,55.9,22.4,12.2,23.9,36,9/19/23,0,T2M,Archival
9/20/23,16.31604195,22.44791985,31.05288124,0.170329942,-0.025059864,48.7,50.2,55.9,22.4,12.2,23.9,36,9/20/23,0,T2M,Archival
9/21/23,16.27127075,22.39065361,30.97524071,0.169982857,-0.008825686,48.7,50.2,55.9,22.4,12.2,23.9,36,9/21/23,0,T2M,Archival
9/22/23,16.6540451,22.00893211,30.99623871,0.148746861,0.089002639,48.7,50.2,55.9,22.4,12.2,23.9,36,9/22/23,0,T2M,Archival
9/23/23,17.20363617,21.80881691,31.41748619,0.127921687,0.296233028,48.7,50.2,55.9,22.4,12.2,23.9,36,9/23/23,0,T2M,Archival
9/24/23,17.62576866,21.28832817,31.28621483,0.101737764,0.216100588,48.7,50.2,55.9,22.4,12.2,23.9,36,9/24/23,0,T2M,Archival
9/25/23,18.06247139,20.80591965,31.19399071,0.076206896,0.081271574,48.7,50.2,55.9,22.4,12.2,23.9,36,9/25/23,0,T2M,Archival
9/26/23,16.29437447,20.11815071,31.70285034,0.106216007,0.169652984,48.7,50.2,55.9,22.4,12.2,23.9,36,9/26/23,0,T2M,Archival
9/27/23,19.20855713,19.3251915,32.20242691,0.003239844,0.171996191,48.7,50.2,55.9,22.4,12.2,23.9,36,9/27/23,0,T2M,Archival
9/28/23,19.78973579,19.80011177,32.35996628,0.000288222,0.140893936,48.7,50.2,55.9,22.4,12.2,23.9,36,9/28/23,0,T2M,Archival
9/29/23,19.1109066,19.33397102,32.2476387,0.006196234,0.145693347,48.7,50.2,55.9,22.4,12.2,23.9,36,9/29/23,0,T2M,Archival
9/30/23,18.97686577,19.01152611,32.36581802,0.000962787,0.135520592,48.7,50.2,55.9,22.4,12.2,23.9,36,9/30/23,0,T2M,Archival
10/1/23,19.03435326,19.03104973,32.68764877,-9.17647E-05,0.158510104,48.7,50.2,55.9,22.4,12.2,23.9,36,10/1/23,0,T2M,Archival
10/2/23,19.42368126,19.43982124,32.71625519,0.000448333,0.136561319,48.7,50.2,55.9,22.4,12.2,23.9,36,10/2/23,0,T2M,Archival
10/3/23,19.4187603,19.47871208,32.69458389,0.001665327,0.108810581,48.7,50.2,55.9,22.4,12.2,23.9,36,10/3/23,0,T2M,Archival
10/4/23,19.38898277,19.54760361,32.69715881,0.004406134,0.055828944,48.7,50.2,55.9,22.4,12.2,23.9,36,10/4/23,0,T2M,Archival
10/5/23,17.49513435,20.01763535,32.555439,0.070069472,0.034085054,48.7,50.2,55.9,22.4,12.2,23.9,36,10/5/23,0,T2M,Archival
10/6/23,17.42826653,20.27697563,32.54311752,0.079130809,0.109898053,48.7,50.2,55.9,22.4,12.2,23.9,36,10/6/23,0,T2M,Archival
10/7/23,17.43868446,20.44903946,32.564991,0.083620972,0.204098955,48.7,50.2,55.9,22.4,12.2,23.9,36,10/7/23,0,T2M,Archival
10/8/23,19.32547188,20.03113365,32.36404419,0.019601716,0.164247096,48.7,50.2,55.9,22.4,12.2,23.9,36,10/8/23,0,T2M,Archival
10/9/23,19.48509216,20.09885597,32.46460724,0.017048995,0.102366529,48.7,50.2,55.9,22.4,12.2,23.9,36,10/9/23,0,T2M,Archival
10/10/23,18.90530396,20.43141556,32.64471817,0.042391989,0.128574505,48.7,50.2,55.9,22.4,12.2,23.9,36,10/10/23,0,T2M,Archival
10/11/23,17.98008537,20.5933075,32.86088943,0.072589503,0.098484814,48.7,50.2,55.9,22.4,12.2,23.9,36,10/11/23,0,T2M,Archival
10/12/23,18.02973747,20.41681671,32.83325577,0.066307757,0.121266037,48.7,50.2,55.9,22.4,12.2,23.9,36,10/12/23,0,T2M,Archival
10/13/23,18.35405731,20.08725357,32.74694061,0.048144341,0.135548532,48.7,50.2,55.9,22.4,12.2,23.9,36,10/13/23,0,T2M,Archival
10/14/23,18.75367165,19.71627808,32.90989685,0.026739068,0.204387918,48.7,50.2,55.9,22.4,12.2,23.9,36,10/14/23,0,T2M,Archival
10/15/23,18.73509407,19.23237228,32.70624924,0.013813284,0.317520618,48.7,50.2,55.9,22.4,12.2,23.9,36,10/15/23,0,T2M,Archival
10/16/23,18.81806564,18.78559303,32.55560684,-0.000902017,0.224693194,48.7,50.2,55.9,22.4,12.2,23.9,36,10/16/23,0,T2M,Archival
10/17/23,17.79192924,18.65236282,32.48785782,0.023900933,0.196019426,48.7,50.2,55.9,22.4,12.2,23.9,36,10/17/23,0,T2M,Archival
10/18/23,17.65354347,18.46615028,32.41321182,0.022572411,0.111545227,48.7,50.2,55.9,22.4,12.2,23.9,36,10/18/23,0,T2M,Archival
10/19/23,17.62099648,18.34102058,32.33419037,0.02000067,0.078379892,48.7,50.2,55.9,22.4,12.2,23.9,36,10/19/23,0,T2M,Archival
10/20/23,17.77659225,18.58181953,32.30828476,0.022367424,0.170094177,48.7,50.2,55.9,22.4,12.2,23.9,36,10/20/23,0,T2M,Archival
10/21/23,17.77142334,18.53306389,32.2795372,0.021156682,0.273621589,48.7,50.2,55.9,22.4,12.2,23.9,36,10/21/23,0,T2M,Archival
10/22/23,18.02512932,18.26942253,32.32591629,0.006785923,0.039638739,48.7,50.2,55.9,22.4,12.2,23.9,36,10/22/23,0,T2M,Archival
10/23/23,18.91234398,17.8215313,32.75180435,-0.030300352,-0.114249997,48.7,50.2,55.9,22.4,12.2,23.9,36,10/23/23,0,T2M,Archival
10/24/23,18.43249321,17.80345535,32.62490082,-0.017473274,-0.041412979,48.7,50.2,55.9,22.4,12.2,23.9,36,10/24/23,0,T2M,Archival
10/25/23,18.23760414,17.85686302,32.58424759,-0.010576142,-0.085438706,48.7,50.2,55.9,22.4,12.2,23.9,36,10/25/23,0,T2M,Archival
10/26/23,17.28416061,17.99130821,32.52299881,0.019642989,-0.147091568,48.7,50.2,55.9,22.4,12.2,23.9,36,10/26/23,0,T2M,Archival
10/27/23,17.59579849,18.16244316,32.50283813,0.01574013,-0.085656382,48.7,50.2,55.9,22.4,12.2,23.9,36,10/27/23,0,T2M,Archival
10/28/23,17.79083443,18.41142654,32.31036758,0.01723867,-0.033352416,48.7,50.2,55.9,22.4,12.2,23.9,36,10/28/23,0,T2M,Archival
10/29/23,18.62559319,18.55964851,32.1530571,-0.001831796,-0.024304731,48.7,50.2,55.9,22.4,12.2,23.9,36,10/29/23,0,T2M,Archival
10/30/23,18.45311165,18.55234528,32.05023575,0.00275649,0.095672578,48.7,50.2,55.9,22.4,12.2,23.9,36,10/30/23,0,T2M,Archival
10/31/23,18.32473755,18.26395607,32.22442245,-0.001688374,0.0279318,48.7,50.2,55.9,22.4,12.2,23.9,36,10/31/23,0,T2M,Archival
11/1/23,17.17249489,17.27450562,32.22819901,0.002833631,0.134605125,48.7,50.2,55.9,22.4,12.2,23.9,36,11/01/23,0,T2M,Archival
11/2/23,16.86389351,17.16404915,32.44034958,0.008337657,0.050785322,48.7,50.2,55.9,22.4,12.2,23.9,36,11/02/23,0,T2M,Archival
11/3/23,16.69456291,17.13774872,32.5187645,0.012310717,-0.011890233,48.7,50.2,55.9,22.4,12.2,23.9,36,11/03/23,0,T2M,Archival
11/4/23,16.41902733,16.83605385,32.48262024,0.01158407,-0.050781857,48.7,50.2,55.9,22.4,12.2,23.9,36,11/04/23,0,T2M,Archival
11/5/23,16.47686195,16.8032589,32.47426224,0.009066582,0.01480933,48.7,50.2,55.9,22.4,12.2,23.9,36,11/05/23,0,T2M,Archival
11/6/23,16.50747108,16.68773079,32.52377319,0.005007214,0.057560142,48.7,50.2,55.9,22.4,12.2,23.9,36,11/06/23,0,T2M,Archival
11/7/23,16.7371006,16.9148159,32.45972061,0.004936536,0.083694555,48.7,50.2,55.9,22.4,12.2,23.9,36,11/07/23,0,T2M,Archival
11/8/23,16.63652229,16.7637558,32.45101929,0.003534264,0.023182677,48.7,50.2,55.9,22.4,12.2,23.9,36,11/08/23,0,T2M,Archival
11/9/23,16.64992523,16.62057304,32.47291946,-0.000815339,0.045420315,48.7,50.2,55.9,22.4,12.2,23.9,36,11/09/23,0,T2M,Archival
11/10/23,15.59184933,16.96202278,32.51715851,0.038060374,0.007236319,48.7,50.2,55.9,22.4,12.2,23.9,36,11/10/23,0,T2M,Archival
11/11/23,15.71228313,16.57233238,32.56922531,0.023890257,-0.1068196,48.7,50.2,55.9,22.4,12.2,23.9,36,11/11/23,0,T2M,Archival
11/12/23,15.81893158,15.97996616,32.55524826,0.004473183,-0.108904935,48.7,50.2,55.9,22.4,12.2,23.9,36,11/12/23,0,T2M,Archival
11/13/23,15.20284367,16.16425514,32.44598389,0.026705874,0.028563237,48.7,50.2,55.9,22.4,12.2,23.9,36,11/13/23,0,T2M,Archival
11/14/23,15.23578739,15.94659424,32.38940811,0.019744635,-0.011604638,48.7,50.2,55.9,22.4,12.2,23.9,36,11/14/23,0,T2M,Archival
11/15/23,15.35591602,15.6687212,32.35212326,0.008689033,-0.033820886,48.7,50.2,55.9,22.4,12.2,23.9,36,11/15/23,0,T2M,Archival
11/16/23,14.9252243,15.7826376,32.31882095,0.023817036,-0.057272092,48.7,50.2,55.9,22.4,12.2,23.9,36,11/16/23,0,T2M,Archival
11/17/23,14.64985657,15.69975758,32.35134506,0.029163917,0.016919721,48.7,50.2,55.9,22.4,12.2,23.9,36,11/17/23,0,T2M,Archival
11/18/23,14.47983265,15.67841244,32.37201309,0.033293883,0.166223958,48.7,50.2,55.9,22.4,12.2,23.9,36,11/18/23,0,T2M,Archival
11/19/23,15.08479786,15.33813095,32.37672043,0.00703703,0.082782447,48.7,50.2,55.9,22.4,12.2,23.9,36,11/19/23,0,T2M,Archival
11/20/23,15.11830902,15.07233524,32.37162018,-0.001277049,0.007719371,48.7,50.2,55.9,22.4,12.2,23.9,36,11/20/23,1,T2M,Archival
11/21/23,14.87548542,14.84914684,32.33116913,-0.000731627,0.048456382,48.7,50.2,55.9,22.4,12.2,23.9,36,11/21/23,0,T2M,Archival
11/22/23,14.84284687,14.91029072,32.29077148,0.00187344,0.204015359,48.7,50.2,55.9,22.4,12.2,23.9,36,11/22/23,0,T2M,Archival
11/23/23,14.90491104,14.90592575,32.23093414,2.81864E-05,0.074281894,48.7,50.2,55.9,22.4,12.2,23.9,36,11/23/23,0,T2M,Archival
11/24/23,14.83790588,14.81720066,32.22005081,-0.000575145,0.009408325,48.7,50.2,55.9,22.4,12.2,23.9,36,11/24/23,0,T2M,Archival
11/25/23,14.56922054,14.55102062,32.23435974,-0.000505553,0.019192986,48.7,50.2,55.9,22.4,12.2,23.9,36,11/25/23,0,T2M,Archival
11/26/23,14.36536121,14.34501266,32.25652695,-0.000565237,0.03969495,48.7,50.2,55.9,22.4,12.2,23.9,36,11/26/23,0,T2M,Archival
11/27/23,14.28022099,14.26481342,32.26298523,-0.000427988,0.094521515,48.7,50.2,55.9,22.4,12.2,23.9,36,11/27/23,0,T2M,Archival
11/28/23,13.62023258,14.06824207,32.29336166,0.012444708,-0.032977358,48.7,50.2,55.9,22.4,12.2,23.9,36,11/28/23,0,T2M,Archival
11/29/23,13.57078171,13.60511398,32.32770157,0.000953674,-0.159466311,48.7,50.2,55.9,22.4,12.2,23.9,36,11/29/23,0,T2M,Archival
11/30/23,13.46719837,13.39544201,32.36892319,-0.001993232,-0.123700798,48.7,50.2,55.9,22.4,12.2,23.9,36,11/30/23,0,T2M,Archival
12/1/23,13.08571625,12.9816885,32.45690155,-0.00288966,-0.098061264,48.7,50.2,55.9,22.4,12.2,23.9,36,12/01/23,0,T2M,Archival
12/2/23,13.07703304,13.05009079,32.44823074,-0.000748396,-0.066703074,48.7,50.2,55.9,22.4,12.2,23.9,36,12/02/23,0,T2M,Archival
12/3/23,13.06457615,13.07888699,32.38632965,0.000397523,0.030635299,48.7,50.2,55.9,22.4,12.2,23.9,36,12/03/23,1,T2M,Archival
12/4/23,13.10948658,13.18419552,32.32011795,0.002075248,0.07021495,48.7,50.2,55.9,22.4,12.2,23.9,36,12/04/23,1,T2M,Archival
12/5/23,13.12595367,13.1108427,32.30118179,-0.000419749,-0.037257712,48.7,50.2,55.9,22.4,12.2,23.9,36,12/05/23,0,T2M,Archival
12/6/23,13.08794689,13.01124191,32.26169205,-0.002130694,0.035865046,48.7,50.2,55.9,22.4,12.2,23.9,36,12/06/23,1,T2M,Archival
12/7/23,12.91375256,12.85388565,32.29486465,-0.00166297,0.022012362,48.7,50.2,55.9,22.4,12.2,23.9,36,12/07/23,0,T2M,Archival
12/8/23,12.85552311,12.77272797,32.30826569,-0.002299865,-0.02965598,48.7,50.2,55.9,22.4,12.2,23.9,36,12/08/23,0,T2M,Archival
12/9/23,12.8304472,12.76141453,32.31355667,-0.001917574,-0.011500213,48.7,50.2,55.9,22.4,12.2,23.9,36,12/09/23,0,T2M,Archival
12/10/23,12.54602528,12.7480917,32.24595261,0.005612956,-0.020907143,48.7,50.2,55.9,22.4,12.2,23.9,36,12/10/23,0,T2M,Archival
12/11/23,12.5638113,12.68762493,32.1953125,0.003439267,0.02395069,48.7,50.2,55.9,22.4,12.2,23.9,36,12/11/23,0,T2M,Archival
12/12/23,12.53039932,12.41560459,32.22452927,-0.003188743,-0.249540612,48.7,50.2,55.9,22.4,12.2,23.9,36,12/12/23,0,T2M,Archival
12/13/23,12.51935291,12.42014408,32.31915665,-0.002755801,-0.286607593,48.7,50.2,55.9,22.4,12.2,23.9,36,12/13/23,0,T2M,Archival
12/14/23,12.38212204,12.25615215,32.36579132,-0.003499164,-0.317819774,48.7,50.2,55.9,22.4,12.2,23.9,36,12/14/23,0,T2M,Archival
12/15/23,12.21686935,12.124053,32.37036514,-0.002578232,-0.255345702,48.7,50.2,55.9,22.4,12.2,23.9,36,12/15/23,0,T2M,Archival
12/16/23,12.15135193,12.07201862,32.43239212,-0.002203703,-0.230010629,48.7,50.2,55.9,22.4,12.2,23.9,36,12/16/23,0,T2M,Archival
12/17/23,12.08881378,12.06698608,32.44092178,-0.000606325,-0.021472985,48.7,50.2,55.9,22.4,12.2,23.9,36,12/17/23,0,T2M,Archival
12/18/23,12.04134274,12.04403019,32.34424973,7.46515E-05,0.304345965,48.7,50.2,55.9,22.4,12.2,23.9,36,12/18/23,1,T2M,Archival
12/19/23,11.84514141,11.81958771,32.33142471,-0.000709825,-0.076607592,48.7,50.2,55.9,22.4,12.2,23.9,36,12/19/23,1,T2M,Archival
12/20/23,11.65562725,11.61213589,32.33931732,-0.001208093,-0.057514444,48.7,50.2,55.9,22.4,12.2,23.9,36,12/20/23,0,T2M,Archival
12/21/23,11.5086565,11.48185062,32.32314682,-0.000744608,-0.03494681,48.7,50.2,55.9,22.4,12.2,23.9,36,12/21/23,0,T2M,Archival
12/22/23,11.38245869,11.41649246,32.3693161,0.000945383,-0.003776152,48.7,50.2,55.9,22.4,12.2,23.9,36,12/22/23,0,T2M,Archival
12/23/23,11.27499294,11.25974178,32.28970718,-0.000423643,-0.009492788,48.7,50.2,55.9,22.4,12.2,23.9,36,12/23/23,0,T2M,Archival
12/24/23,11.19512939,11.21148396,32.26119995,0.000454293,-0.029598525,48.7,50.2,55.9,22.4,12.2,23.9,36,12/24/23,0,T2M,Archival
12/25/23,11.0667963,11.04128647,32.33653641,-0.000708607,-0.098043881,48.7,50.2,55.9,22.4,12.2,23.9,36,12/25/23,1,T2M,Archival
12/26/23,11.05067158,11.03963184,32.37013626,-0.000306659,-0.045788247,48.7,50.2,55.9,22.4,12.2,23.9,36,12/26/23,0,T2M,Archival
12/27/23,11.04653454,11.05196381,32.38953781,0.000150813,0.048903208,48.7,50.2,55.9,22.4,12.2,23.9,36,12/27/23,0,T2M,Archival
12/28/23,10.76768208,11.07260799,32.32426453,0.008470164,0.148176417,48.7,50.2,55.9,22.4,12.2,23.9,36,12/28/23,1,T2M,Archival
12/29/23,10.8133955,11.04243374,32.29304123,0.006362173,0.13093929,48.7,50.2,55.9,22.4,12.2,23.9,36,12/29/23,1,T2M,Archival
12/30/23,10.8760252,10.96923447,32.24819565,0.002589146,0.110679738,48.7,50.2,55.9,22.4,12.2,23.9,36,12/30/23,1,T2M,Archival
12/31/23,10.40478039,11.04258633,32.33351517,0.017716832,-0.093250237,48.7,50.2,55.9,22.4,12.2,23.9,36,12/31/23,1,T2M,Archival
1/1/24,10.4296627,10.83424854,32.348629,0.011238496,-0.06080924,48.7,50.2,55.9,22.4,12.2,23.9,36,01/01/24,1,T2M,Archival
1/2/24,10.41901875,10.61294842,32.3248558,0.005386935,0.004471263,48.7,50.2,55.9,22.4,12.2,23.9,36,01/02/24,1,T2M,Archival
1/3/24,10.37631226,10.44549561,32.08168411,0.00192176,-0.015393813,48.7,50.2,55.9,22.4,12.2,23.9,36,01/03/24,1,T2M,Archival
1/4/24,10.37939739,10.29107475,32.08819962,-0.002453407,0.017669646,48.7,50.2,55.9,22.4,12.2,23.9,36,01/04/24,0,T2M,Archival
1/5/24,10.31875324,10.1989069,32.20742416,-0.003329065,-0.10453371,48.7,50.2,55.9,22.4,12.2,23.9,36,01/05/24,1,T2M,Archival
1/6/24,10.16268444,10.11167431,32.22443008,-0.001416948,-0.069360666,48.7,50.2,55.9,22.4,12.2,23.9,36,01/06/24,1,T2M,Archival
1/7/24,10.07148838,10.03440952,32.17529678,-0.001029968,0.147095919,48.7,50.2,55.9,22.4,12.2,23.9,36,01/07/24,1,T2M,Archival
1/8/24,9.790114403,9.738295555,32.09420776,-0.001439412,-0.060463786,48.7,50.2,55.9,22.4,12.2,23.9,36,01/08/24,1,T2M,Archival
1/9/24,9.616203308,9.662323952,31.91612053,0.001281129,0.045372982,48.7,50.2,55.9,22.4,12.2,23.9,36,01/09/24,0,T2M,Archival
1/10/24,9.669247627,9.601597786,31.83384132,-0.001879162,0.168212533,48.7,50.2,55.9,22.4,12.2,23.9,36,01/10/24,1,T2M,Archival
1/11/24,9.697254181,9.49894619,31.82568932,-0.005508555,-0.047682568,48.7,50.2,55.9,22.4,12.2,23.9,36,01/11/24,1,T2M,Archival
1/12/24,9.698894501,9.659197807,31.91648293,-0.001102686,-0.07105311,48.7,50.2,55.9,22.4,12.2,23.9,36,01/12/24,1,T2M,Archival
1/13/24,9.749488831,9.733515739,31.96975708,-0.000443697,0.163391069,48.7,50.2,55.9,22.4,12.2,23.9,36,01/13/24,0,T2M,Archival
1/14/24,10.0335989,9.614430428,31.99125099,-0.011643569,-0.147767216,48.7,50.2,55.9,22.4,12.2,23.9,36,01/14/24,1,T2M,Archival
1/15/24,10.046525,9.249223709,31.7185955,-0.022147258,-0.171816513,48.7,50.2,55.9,22.4,12.2,23.9,36,01/15/24,1,T2M,Archival
1/16/24,10.05169582,9.32858181,31.87405968,-0.0200865,0.074878186,48.7,50.2,55.9,22.4,12.2,23.9,36,01/16/24,1,T2M,Archival
1/17/24,10.01748848,9.294829369,32.09334183,-0.020073864,-0.02449508,48.7,50.2,55.9,22.4,12.2,23.9,36,01/17/24,0,T2M,Archival
1/18/24,9.781654358,8.911610603,32.02708435,-0.024167882,-0.250470042,48.7,50.2,55.9,22.4,12.2,23.9,36,01/18/24,1,T2M,Archival
1/19/24,9.865663528,8.652781487,31.8781147,-0.033691168,-0.075803228,48.7,50.2,55.9,22.4,12.2,23.9,36,01/19/24,0,T2M,Archival
1/20/24,9.861502647,8.575449944,31.99211121,-0.035723686,-0.160422131,48.7,50.2,55.9,22.4,12.2,23.9,36,01/20/24,1,T2M,Archival
1/21/24,9.804571152,8.803472519,32.05331802,-0.027808295,-0.251073152,48.7,50.2,55.9,22.4,12.2,23.9,36,01/21/24,1,T2M,Archival
1/22/24,9.72108078,8.630623817,32.1332283,-0.030290471,-0.250393778,48.7,50.2,55.9,22.4,12.2,23.9,36,01/22/24,1,T2M,Archival
1/23/24,9.763566971,8.416547775,32.08755493,-0.0374172,-0.294005603,48.7,50.2,55.9,22.4,12.2,23.9,36,01/23/24,1,T2M,Archival
1/24/24,9.349391937,7.956274033,32.00525284,-0.03869772,-0.261336952,48.7,50.2,55.9,22.4,12.2,23.9,36,01/24/24,1,T2M,Archival
1/25/24,9.189704895,7.878124714,31.77139473,-0.036432783,-0.140346751,48.7,50.2,55.9,22.4,12.2,23.9,36,01/25/24,1,T2M,Archival
1/26/24,9.17373085,7.490092754,30.75337982,-0.046767725,-0.072446026,48.7,50.2,55.9,22.4,12.2,23.9,36,01/26/24,1,T2M,Archival
1/27/24,9.045895576,7.912481785,30.33846474,-0.031483716,-0.01132299,48.7,50.2,55.9,22.4,12.2,23.9,36,01/27/24,0,T2M,Archival
1/28/24,8.709605217,8.392277718,31.08829498,-0.008814653,0.160804152,48.7,50.2,55.9,22.4,12.2,23.9,36,01/28/24,0,T2M,Archival
1/29/24,8.39530468,8.322703362,31.45829964,-0.002016703,0.184905037,48.7,50.2,55.9,22.4,12.2,23.9,36,01/29/24,0,T2M,Archival
1/30/24,8.159089088,7.510435581,31.58597565,-0.018018153,0.140956655,48.7,50.2,55.9,22.4,12.2,23.9,36,01/30/24,1,T2M,Archival
1/31/24,7.976501465,7.557573795,31.74493599,-0.01163688,0.147826418,48.7,50.2,55.9,22.4,12.2,23.9,36,01/31/24,1,T2M,Archival
2/1/24,8.096664429,8.078206062,32.11418533,-0.000512732,0.10430596,48.7,50.2,55.9,22.4,12.2,23.9,36,02/01/24,1,T2M,Archival
2/2/24,8.010766983,7.777503967,31.93432045,-0.006479528,0.066532269,48.7,50.2,55.9,22.4,12.2,23.9,36,02/02/24,0,T2M,Archival
2/3/24,7.897340775,7.819358826,32.00348282,-0.002166165,0.096971683,48.7,50.2,55.9,22.4,12.2,23.9,36,02/03/24,0,T2M,Archival
2/4/24,7.89103508,7.869318008,32.09867096,-0.000603252,0.150414407,48.7,50.2,55.9,22.4,12.2,23.9,36,02/04/24,0,T2M,Archival
2/5/24,7.609253407,7.683989048,32.09499741,0.00207599,0.186237678,48.7,50.2,55.9,22.4,12.2,23.9,36,02/05/24,0,T2M,Archival
2/6/24,7.577135086,7.571473598,32.10282516,-0.000157264,0.216283858,48.7,50.2,55.9,22.4,12.2,23.9,36,02/06/24,0,T2M,Archival
2/7/24,7.651348591,7.64178896,32.12749863,-0.000265545,0.14615725,48.7,50.2,55.9,22.4,12.2,23.9,36,02/07/24,1,T2M,Archival
2/8/24,7.593677044,7.636962891,32.1333046,0.001202385,0.053628471,48.7,50.2,55.9,22.4,12.2,23.9,36,02/08/24,0,T2M,Archival
2/9/24,7.641395569,7.717355251,32.09611511,0.002109991,0.041892409,48.7,50.2,55.9,22.4,12.2,23.9,36,02/09/24,0,T2M,Archival
2/10/24,7.735809326,7.443171024,31.81415558,-0.008128842,0.090115421,48.7,50.2,55.9,22.4,12.2,23.9,36,02/10/24,0,T2M,Archival
2/11/24,7.978440762,7.260490894,31.3157177,-0.019943052,0.033722635,48.7,50.2,55.9,22.4,12.2,23.9,36,02/11/24,1,T2M,Archival
2/12/24,7.986828327,7.400234222,31.3951416,-0.016294281,0.048455119,48.7,50.2,55.9,22.4,12.2,23.9,36,02/12/24,0,T2M,Archival
2/13/24,7.942682266,7.603672028,31.81573677,-0.009416951,0.206477299,48.7,50.2,55.9,22.4,12.2,23.9,36,02/13/24,0,T2M,Archival
2/14/24,7.487688065,7.41920805,32.03364182,-0.001902223,0.029078878,48.7,50.2,55.9,22.4,12.2,23.9,36,02/14/24,1,T2M,Archival
2/15/24,7.366771221,7.329496861,32.0401535,-0.001035399,-0.065104239,48.7,50.2,55.9,22.4,12.2,23.9,36,02/15/24,1,T2M,Archival
2/16/24,7.474562168,7.315279484,32.04627991,-0.004424519,-0.027453974,48.7,50.2,55.9,22.4,12.2,23.9,36,02/16/24,1,T2M,Archival
2/17/24,7.570279598,7.286523342,32.01492691,-0.007882118,0.060857702,48.7,50.2,55.9,22.4,12.2,23.9,36,02/17/24,0,T2M,Archival
2/18/24,7.312245846,7.187575817,32.02241135,-0.003463056,-0.027509553,48.7,50.2,55.9,22.4,12.2,23.9,36,02/18/24,0,T2M,Archival
2/19/24,7.390094757,7.204383373,32.07331467,-0.00515865,-0.232820883,48.7,50.2,55.9,22.4,12.2,23.9,36,02/19/24,0,T2M,Archival
2/20/24,7.035940647,7.055482864,32.11619186,0.000542839,-0.132979885,48.7,50.2,55.9,22.4,12.2,23.9,36,02/20/24,0,T2M,Archival
2/21/24,6.998868942,7.029897213,32.19691467,0.000861896,-0.085462473,48.7,50.2,55.9,22.4,12.2,23.9,36,02/21/24,0,T2M,Archival
2/22/24,6.99301672,7.008845806,32.18139648,0.000439697,-0.030374413,48.7,50.2,55.9,22.4,12.2,23.9,36,02/22/24,0,T2M,Archival
2/23/24,6.542667389,6.929041386,32.1128006,0.010732611,0.081078842,48.7,50.2,55.9,22.4,12.2,23.9,36,02/23/24,0,T2M,Archival
2/24/24,6.598875046,6.821176052,31.91497803,0.006175028,0.073056377,48.7,50.2,55.9,22.4,12.2,23.9,36,02/24/24,0,T2M,Archival
2/25/24,6.665742874,6.694091797,32.0345459,0.00078747,-0.013013738,48.7,50.2,55.9,22.4,12.2,23.9,36,02/25/24,1,T2M,Archival
2/26/24,6.408752918,6.813447475,32.03357697,0.011241515,-0.113299251,48.7,50.2,55.9,22.4,12.2,23.9,36,02/26/24,0,T2M,Archival
2/27/24,6.412237167,6.819039822,31.77538109,0.011300074,-0.093546003,48.7,50.2,55.9,22.4,12.2,23.9,36,02/27/24,0,T2M,Archival
2/28/24,6.558761597,6.895544052,31.11677361,0.009355068,-0.018825952,48.7,50.2,55.9,22.4,12.2,23.9,36,02/28/24,0,T2M,Archival
2/29/24,6.756202221,6.727212906,31.25184059,-0.000805259,-0.293110639,48.7,50.2,55.9,22.4,12.2,23.9,36,02/29/24,0,T2M,Archival
3/1/24,6.997756958,6.704638004,31.30889702,-0.008142193,-0.383635253,48.7,50.2,55.9,22.4,12.2,23.9,36,03/01/24,0,T2M,Archival
3/2/24,7.168880939,6.918056488,31.19808006,-0.006967346,-0.223908246,48.7,50.2,55.9,22.4,12.2,23.9,36,03/02/24,0,T2M,Archival
3/3/24,7.324270248,7.537500381,31.24194527,0.005923059,-0.194665536,48.7,50.2,55.9,22.4,12.2,23.9,36,03/03/24,0,T2M,Archival
3/4/24,7.28799963,7.555906773,31.25377846,0.007441865,-0.231375396,48.7,50.2,55.9,22.4,12.2,23.9,36,03/04/24,0,T2M,Archival
3/5/24,7.06595993,7.602029324,31.47644043,0.014890816,-0.042045597,48.7,50.2,55.9,22.4,12.2,23.9,36,03/05/24,0,T2M,Archival
3/6/24,7.217304707,7.657445908,31.45807076,0.012226144,-0.04229692,48.7,50.2,55.9,22.4,12.2,23.9,36,03/06/24,0,T2M,Archival
3/7/24,7.250187397,7.713794231,31.34049797,0.012877968,-0.015659587,48.7,50.2,55.9,22.4,12.2,23.9,36,03/07/24,1,T2M,Archival
3/8/24,7.138563633,7.579606533,31.15929222,0.012251192,-0.034766339,48.7,50.2,55.9,22.4,12.2,23.9,36,03/08/24,0,T2M,Archival
3/9/24,7.270566463,7.59249258,31.49449348,0.008942392,0.053121921,48.7,50.2,55.9,22.4,12.2,23.9,36,03/09/24,1,T2M,Archival
3/10/24,7.292800426,7.721220493,31.71656227,0.011900557,0.132059649,48.7,50.2,55.9,22.4,12.2,23.9,36,03/10/24,1,T2M,Archival
3/11/24,7.423570633,7.556266785,31.60507774,0.003686004,-0.21452783,48.7,50.2,55.9,22.4,12.2,23.9,36,03/11/24,1,T2M,Archival
3/12/24,7.61995697,7.685625076,31.52626991,0.001824114,-0.247064009,48.7,50.2,55.9,22.4,12.2,23.9,36,03/12/24,1,T2M,Archival
3/13/24,7.666072369,7.956871033,31.47597504,0.008077741,-0.119832255,48.7,50.2,55.9,22.4,12.2,23.9,36,03/13/24,1,T2M,Archival
3/14/24,7.647956848,8.310442924,31.56589317,0.018402391,-0.035061594,48.7,50.2,55.9,22.4,12.2,23.9,36,03/14/24,1,T2M,Archival
3/15/24,7.713207722,8.539239883,31.52504539,0.022945338,0.01411754,48.7,50.2,55.9,22.4,12.2,23.9,36,03/15/24,1,T2M,Archival
3/16/24,7.756555557,8.718315125,31.52655983,0.026715544,0.038795765,48.7,50.2,55.9,22.4,12.2,23.9,36,03/16/24,0,T2M,Archival
3/17/24,7.777719498,8.8375597,31.50762749,0.029440006,0.103622504,48.7,50.2,55.9,22.4,12.2,23.9,36,03/17/24,0,T2M,Archival
3/18/24,8.326107025,8.652834892,31.51669312,0.009075774,0.070894949,48.7,50.2,55.9,22.4,12.2,23.9,36,03/18/24,0,T2M,Archival
3/19/24,8.383122444,8.336579323,31.79049873,-0.001292864,-0.038406391,48.7,50.2,55.9,22.4,12.2,23.9,36,03/19/24,1,T2M,Archival
3/20/24,8.536740303,8.311303139,31.72169495,-0.006262143,-0.037035834,48.7,50.2,55.9,22.4,12.2,23.9,36,03/20/24,1,T2M,Archival
3/21/24,8.543595314,8.058011055,31.58263206,-0.013488452,-0.148646712,48.7,50.2,55.9,22.4,12.2,23.9,36,03/21/24,0,T2M,Archival
3/22/24,8.651356697,8.002865791,31.61757469,-0.018013636,-0.271932751,48.7,50.2,55.9,22.4,12.2,23.9,36,03/22/24,1,T2M,Archival
3/23/24,8.745110512,8.172944069,31.41862488,-0.015893512,-0.048963115,48.7,50.2,55.9,22.4,12.2,23.9,36,03/23/24,1,T2M,Archival
3/24/24,8.981728554,8.108864784,31.64672852,-0.024246216,-0.024824521,48.7,50.2,55.9,22.4,12.2,23.9,36,03/24/24,0,T2M,Archival
3/25/24,8.17502594,8.137874603,32.04719162,-0.001031982,0.018674565,48.7,50.2,55.9,22.4,12.2,23.9,36,03/25/24,0,T2M,Archival
3/26/24,7.932824612,7.926700115,32.04418564,-0.000170125,0.210163414,48.7,50.2,55.9,22.4,12.2,23.9,36,03/26/24,1,T2M,Archival
3/27/24,7.652042389,7.707064152,31.88084221,0.001528382,0.1127747,48.7,50.2,55.9,22.4,12.2,23.9,36,03/27/24,0,T2M,Archival
3/28/24,7.650201797,7.721532345,31.83145714,0.001981404,0.050966416,48.7,50.2,55.9,22.4,12.2,23.9,36,03/28/24,0,T2M,Archival
3/29/24,7.674316883,7.722214222,31.75947571,0.001330482,0.026655912,48.7,50.2,55.9,22.4,12.2,23.9,36,03/29/24,0,T2M,Archival
3/30/24,7.660266876,7.927597046,31.71874428,0.007425838,-0.079922117,48.7,50.2,55.9,22.4,12.2,23.9,36,03/30/24,0,T2M,Archival
3/31/24,7.885372162,8.212418556,31.83912468,0.009084622,-0.100979209,48.7,50.2,55.9,22.4,12.2,23.9,36,03/31/24,0,T2M,Archival
4/1/24,7.923328876,8.306454659,31.86968422,0.010642383,-0.007511572,48.7,50.2,55.9,22.4,12.2,23.9,36,04/01/24,0,T2M,Archival
4/2/24,7.740959167,8.133498192,31.94236565,0.010903862,0.038355783,48.7,50.2,55.9,22.4,12.2,23.9,36,04/02/24,0,T2M,Archival
4/3/24,7.730485439,8.071030617,31.90169334,0.009459588,0.209859118,48.7,50.2,55.9,22.4,12.2,23.9,36,04/03/24,0,T2M,Archival
4/4/24,7.774629116,8.040444374,31.84494781,0.007383757,0.287699014,48.7,50.2,55.9,22.4,12.2,23.9,36,04/04/24,0,T2M,Archival
4/5/24,7.448284149,7.804670334,31.59617424,0.009899616,0.057610374,48.7,50.2,55.9,22.4,12.2,23.9,36,04/05/24,0,T2M,Archival
4/6/24,7.454475403,7.7366786,31.47130775,0.007838978,-0.032750696,48.7,50.2,55.9,22.4,12.2,23.9,36,04/06/24,0,T2M,Archival
4/7/24,7.462395191,7.791714191,31.4854126,0.00914775,-0.001698308,48.7,50.2,55.9,22.4,12.2,23.9,36,04/07/24,1,T2M,Archival
4/8/24,7.601481915,7.941788197,31.64315796,0.009452952,-0.031990364,48.7,50.2,55.9,22.4,12.2,23.9,36,04/08/24,0,T2M,Archival
4/9/24,7.536574841,8.220582008,31.556633,0.019000199,-0.023973951,48.7,50.2,55.9,22.4,12.2,23.9,36,04/09/24,0,T2M,Archival
4/10/24,7.536560535,8.63255024,31.51767921,0.030444158,-0.00072626,48.7,50.2,55.9,22.4,12.2,23.9,36,04/10/24,0,T2M,Archival
4/11/24,7.58322525,8.482222557,31.27672005,0.024972147,0.03187748,48.7,50.2,55.9,22.4,12.2,23.9,36,04/11/24,1,T2M,Archival
4/12/24,7.526575565,8.900575638,30.51240349,0.038166669,0.137618348,48.7,50.2,55.9,22.4,12.2,23.9,36,04/12/24,1,T2M,Archival
4/13/24,7.439809799,8.908373833,30.54519653,0.040793445,-0.020139076,48.7,50.2,55.9,22.4,12.2,23.9,36,04/13/24,0,T2M,Archival
4/14/24,7.186017513,9.311364174,30.58288765,0.059037407,-0.118691094,48.7,50.2,55.9,22.4,12.2,23.9,36,04/14/24,0,T2M,Archival
4/15/24,7.031347275,9.587101936,30.66504097,0.070993185,-0.039459191,48.7,50.2,55.9,22.4,12.2,23.9,36,04/15/24,0,T2M,Archival
4/16/24,6.978169918,10.3192091,30.58483696,0.092806644,-0.033847723,48.7,50.2,55.9,22.4,12.2,23.9,36,04/16/24,1,T2M,Archival
4/17/24,7.325877666,10.26965046,30.64639091,0.081771466,-0.074428327,48.7,50.2,55.9,22.4,12.2,23.9,36,04/17/24,1,T2M,Archival