date,daily_occurrence,site,device_type
11/3/14,0,A7M,Archival
11/3/14,0,A2M,Archival
11/3/14,0,T2M,Archival
11/4/14,0,A7M,Archival
11/4/14,0,A2M,Archival
11/4/14,0,T2M,Archival
11/5/14,0,A7M,Archival
11/5/14,0,A2M,Archival
11/5/14,0,T2M,Archival
11/6/14,0,A7M,Archival
11/6/14,0,A2M,Archival
11/6/14,0,T2M,Archival
11/7/14,0,A7M,Archival
11/7/14,0,A2M,Archival
11/7/14,0,T2M,Archival
11/8/14,0,A7M,Archival
11/8/14,0,A2M,Archival
11/8/14,0,T2M,Archival
11/9/14,0,A7M,Archival
11/9/14,0,A2M,Archival
11/9/14,0,T2M,Archival
11/10/14,0,A7M,Archival
11/10/14,0,A2M,Archival
11/10/14,0,T2M,Archival
11/11/14,0,A7M,Archival
11/11/14,0,A2M,Archival
11/11/14,0,T2M,Archival
11/12/14,0,A7M,Archival
11/12/14,0,A2M,Archival
11/12/14,0,T2M,Archival
11/13/14,0,A7M,Archival
11/13/14,0,A2M,Archival
11/13/14,0,T2M,Archival
11/14/14,0,A7M,Archival
11/14/14,0,A2M,Archival
11/14/14,0,T2M,Archival
11/15/14,0,A7M,Archival
11/15/14,0,A2M,Archival
11/15/14,0,T2M,Archival
11/16/14,0,A7M,Archival
11/16/14,1,A2M,Archival
11/16/14,0,T2M,Archival
11/17/14,0,A7M,Archival
11/17/14,0,A2M,Archival
11/17/14,0,T2M,Archival
11/18/14,0,A7M,Archival
11/18/14,0,A2M,Archival
11/18/14,0,T2M,Archival
11/19/14,0,A7M,Archival
11/19/14,0,A2M,Archival
11/19/14,0,T2M,Archival
11/20/14,0,A7M,Archival
11/20/14,0,A2M,Archival
11/20/14,0,T2M,Archival
11/21/14,0,A7M,Archival
11/21/14,1,A2M,Archival
11/21/14,0,T2M,Archival
11/22/14,0,A7M,Archival
11/22/14,0,A2M,Archival
11/22/14,0,T2M,Archival
11/23/14,1,A7M,Archival
11/23/14,0,A2M,Archival
11/23/14,0,T2M,Archival
11/24/14,1,A7M,Archival
11/24/14,0,A2M,Archival
11/24/14,1,T2M,Archival
11/25/14,1,A7M,Archival
11/25/14,1,A2M,Archival
11/25/14,0,T2M,Archival
11/26/14,1,A7M,Archival
11/26/14,1,A2M,Archival
11/26/14,1,T2M,Archival
11/27/14,1,A7M,Archival
11/27/14,0,A2M,Archival
11/27/14,1,T2M,Archival
11/28/14,0,A7M,Archival
11/28/14,0,A2M,Archival
11/28/14,0,T2M,Archival
11/29/14,0,A7M,Archival
11/29/14,0,A2M,Archival
11/29/14,0,T2M,Archival
11/30/14,0,A7M,Archival
11/30/14,0,A2M,Archival
11/30/14,0,T2M,Archival
12/1/14,0,A7M,Archival
12/1/14,1,A2M,Archival
12/1/14,0,T2M,Archival
12/2/14,0,A7M,Archival
12/2/14,0,A2M,Archival
12/2/14,0,T2M,Archival
12/3/14,0,A7M,Archival
12/3/14,1,A2M,Archival
12/3/14,0,T2M,Archival
12/4/14,0,A7M,Archival
12/4/14,1,A2M,Archival
12/4/14,0,T2M,Archival
12/5/14,0,A7M,Archival
12/5/14,0,A2M,Archival
12/5/14,0,T2M,Archival
12/6/14,1,A7M,Archival
12/6/14,0,A2M,Archival
12/6/14,1,T2M,Archival
12/7/14,1,A7M,Archival
12/7/14,1,A2M,Archival
12/7/14,0,T2M,Archival
12/8/14,1,A7M,Archival
12/8/14,1,A2M,Archival
12/8/14,0,T2M,Archival
12/9/14,1,A7M,Archival
12/9/14,0,A2M,Archival
12/9/14,0,T2M,Archival
12/10/14,1,A7M,Archival
12/10/14,0,A2M,Archival
12/10/14,0,T2M,Archival
12/11/14,0,A7M,Archival
12/11/14,0,A2M,Archival
12/11/14,0,T2M,Archival
12/12/14,1,A7M,Archival
12/12/14,1,A2M,Archival
12/12/14,0,T2M,Archival
12/13/14,1,A7M,Archival
12/13/14,1,A2M,Archival
12/13/14,1,T2M,Archival
12/14/14,1,A7M,Archival
12/14/14,1,A2M,Archival
12/14/14,1,T2M,Archival
12/15/14,1,A7M,Archival
12/15/14,0,A2M,Archival
12/15/14,1,T2M,Archival
12/16/14,0,A7M,Archival
12/16/14,0,A2M,Archival
12/16/14,0,T2M,Archival
12/17/14,0,A7M,Archival
12/17/14,0,A2M,Archival
12/17/14,0,T2M,Archival
12/18/14,0,A7M,Archival
12/18/14,0,A2M,Archival
12/18/14,0,T2M,Archival
12/19/14,0,A7M,Archival
12/19/14,0,A2M,Archival
12/19/14,0,T2M,Archival
12/20/14,0,A7M,Archival
12/20/14,0,A2M,Archival
12/20/14,1,T2M,Archival
12/21/14,0,A7M,Archival
12/21/14,0,A2M,Archival
12/21/14,0,T2M,Archival
12/22/14,1,A7M,Archival
12/22/14,0,A2M,Archival
12/22/14,0,T2M,Archival
12/23/14,1,A7M,Archival
12/23/14,1,A2M,Archival
12/23/14,1,T2M,Archival
12/24/14,1,A7M,Archival
12/24/14,1,A2M,Archival
12/24/14,0,T2M,Archival
12/25/14,1,A7M,Archival
12/25/14,1,A2M,Archival
12/25/14,1,T2M,Archival
12/26/14,1,A7M,Archival
12/26/14,1,A2M,Archival
12/26/14,1,T2M,Archival
12/27/14,1,A7M,Archival
12/27/14,1,A2M,Archival
12/27/14,1,T2M,Archival
12/28/14,0,A7M,Archival
12/28/14,0,A2M,Archival
12/28/14,0,T2M,Archival
12/29/14,1,A7M,Archival
12/29/14,1,A2M,Archival
12/29/14,0,T2M,Archival
12/30/14,1,A7M,Archival
12/30/14,1,A2M,Archival
12/30/14,0,T2M,Archival
12/31/14,0,A7M,Archival
12/31/14,0,A2M,Archival
12/31/14,0,T2M,Archival
1/1/15,0,A7M,Archival
1/1/15,0,A2M,Archival
1/1/15,0,T2M,Archival
1/2/15,0,A7M,Archival
1/2/15,0,A2M,Archival
1/2/15,0,T2M,Archival
1/3/15,0,A7M,Archival
1/3/15,0,A2M,Archival
1/3/15,0,T2M,Archival
1/4/15,0,A7M,Archival
1/4/15,0,A2M,Archival
1/4/15,0,T2M,Archival
1/5/15,1,A7M,Archival
1/5/15,0,A2M,Archival
1/5/15,0,T2M,Archival
1/6/15,0,A7M,Archival
1/6/15,0,A2M,Archival
1/6/15,0,T2M,Archival
1/7/15,0,A7M,Archival
1/7/15,0,A2M,Archival
1/7/15,0,T2M,Archival
1/8/15,1,A7M,Archival
1/8/15,0,A2M,Archival
1/8/15,1,T2M,Archival
1/9/15,1,A7M,Archival
1/9/15,0,A2M,Archival
1/9/15,1,T2M,Archival
1/10/15,0,A7M,Archival
1/10/15,0,A2M,Archival
1/10/15,1,T2M,Archival
1/11/15,1,A7M,Archival
1/11/15,0,A2M,Archival
1/11/15,0,T2M,Archival
1/12/15,1,A7M,Archival
1/12/15,0,A2M,Archival
1/12/15,1,T2M,Archival
1/13/15,0,A7M,Archival
1/13/15,0,A2M,Archival
1/13/15,0,T2M,Archival
1/14/15,1,A7M,Archival
1/14/15,0,A2M,Archival
1/14/15,1,T2M,Archival
1/15/15,1,A7M,Archival
1/15/15,1,A2M,Archival
1/15/15,1,T2M,Archival
1/16/15,1,A7M,Archival
1/16/15,0,A2M,Archival
1/16/15,1,T2M,Archival
1/17/15,1,A7M,Archival
1/17/15,1,A2M,Archival
1/17/15,1,T2M,Archival
1/18/15,1,A7M,Archival
1/18/15,1,A2M,Archival
1/18/15,1,T2M,Archival
1/19/15,1,A7M,Archival
1/19/15,0,A2M,Archival
1/19/15,1,T2M,Archival
1/20/15,1,A7M,Archival
1/20/15,1,A2M,Archival
1/20/15,1,T2M,Archival
1/21/15,1,A7M,Archival
1/21/15,1,A2M,Archival
1/21/15,1,T2M,Archival
1/22/15,1,A7M,Archival
1/22/15,1,A2M,Archival
1/22/15,1,T2M,Archival
1/23/15,1,A7M,Archival
1/23/15,1,A2M,Archival
1/23/15,1,T2M,Archival
1/24/15,1,A7M,Archival
1/24/15,1,A2M,Archival
1/24/15,1,T2M,Archival
1/25/15,1,A7M,Archival
1/25/15,0,A2M,Archival
1/25/15,0,T2M,Archival
1/26/15,1,A7M,Archival
1/26/15,1,A2M,Archival
1/26/15,1,T2M,Archival
1/27/15,0,A7M,Archival
1/27/15,0,A2M,Archival
1/27/15,0,T2M,Archival
1/28/15,0,A7M,Archival
1/28/15,0,A2M,Archival
1/28/15,0,T2M,Archival
1/29/15,1,A7M,Archival
1/29/15,1,A2M,Archival
1/29/15,1,T2M,Archival
1/30/15,0,A7M,Archival
1/30/15,0,A2M,Archival
1/30/15,0,T2M,Archival
1/31/15,0,A7M,Archival
1/31/15,0,A2M,Archival
1/31/15,1,T2M,Archival
2/1/15,0,A7M,Archival
2/1/15,0,A2M,Archival
2/1/15,1,T2M,Archival
2/2/15,1,A7M,Archival
2/2/15,1,A2M,Archival
2/2/15,1,T2M,Archival
2/3/15,1,A7M,Archival
2/3/15,0,A2M,Archival
2/3/15,0,T2M,Archival
2/4/15,0,A7M,Archival
2/4/15,0,A2M,Archival
2/4/15,0,T2M,Archival
2/5/15,0,A7M,Archival
2/5/15,1,A2M,Archival
2/5/15,0,T2M,Archival
2/6/15,1,A7M,Archival
2/6/15,1,A2M,Archival
2/6/15,1,T2M,Archival
2/7/15,0,A7M,Archival
2/7/15,1,A2M,Archival
2/7/15,0,T2M,Archival
2/8/15,1,A7M,Archival
2/8/15,1,A2M,Archival
2/8/15,0,T2M,Archival
2/9/15,1,A7M,Archival
2/9/15,0,A2M,Archival
2/9/15,1,T2M,Archival
2/10/15,0,A7M,Archival
2/10/15,0,A2M,Archival
2/10/15,0,T2M,Archival
2/11/15,0,A7M,Archival
2/11/15,0,A2M,Archival
2/11/15,0,T2M,Archival
2/12/15,0,A7M,Archival
2/12/15,0,A2M,Archival
2/12/15,0,T2M,Archival
2/13/15,0,A7M,Archival
2/13/15,0,A2M,Archival
2/13/15,0,T2M,Archival
2/14/15,1,A7M,Archival
2/14/15,0,A2M,Archival
2/14/15,0,T2M,Archival
2/15/15,1,A7M,Archival
2/15/15,0,A2M,Archival
2/15/15,0,T2M,Archival
2/16/15,0,A7M,Archival
2/16/15,1,A2M,Archival
2/16/15,0,T2M,Archival
2/17/15,1,A7M,Archival
2/17/15,1,A2M,Archival
2/17/15,1,T2M,Archival
2/18/15,1,A7M,Archival
2/18/15,1,A2M,Archival
2/18/15,1,T2M,Archival
2/19/15,1,A7M,Archival
2/19/15,0,A2M,Archival
2/19/15,1,T2M,Archival
2/20/15,0,A7M,Archival
2/20/15,0,A2M,Archival
2/20/15,1,T2M,Archival
2/21/15,1,A7M,Archival
2/21/15,0,A2M,Archival
2/21/15,1,T2M,Archival
2/22/15,0,A7M,Archival
2/22/15,1,A2M,Archival
2/22/15,0,T2M,Archival
2/23/15,0,A7M,Archival
2/23/15,0,A2M,Archival
2/23/15,0,T2M,Archival
2/24/15,0,A7M,Archival
2/24/15,1,A2M,Archival
2/24/15,0,T2M,Archival
2/25/15,1,A7M,Archival
2/25/15,0,A2M,Archival
2/25/15,1,T2M,Archival
2/26/15,1,A7M,Archival
2/26/15,0,A2M,Archival
2/26/15,1,T2M,Archival
2/27/15,0,A7M,Archival
2/27/15,0,A2M,Archival
2/27/15,0,T2M,Archival
2/28/15,0,A7M,Archival
2/28/15,0,A2M,Archival
2/28/15,0,T2M,Archival
3/1/15,0,A7M,Archival
3/1/15,0,A2M,Archival
3/1/15,0,T2M,Archival
3/2/15,0,A7M,Archival
3/2/15,0,A2M,Archival
3/2/15,0,T2M,Archival
3/3/15,0,A7M,Archival
3/3/15,0,A2M,Archival
3/3/15,0,T2M,Archival
3/4/15,1,A7M,Archival
3/4/15,1,A2M,Archival
3/4/15,1,T2M,Archival
3/5/15,1,A7M,Archival
3/5/15,1,A2M,Archival
3/5/15,1,T2M,Archival
3/6/15,1,A7M,Archival
3/6/15,1,A2M,Archival
3/6/15,1,T2M,Archival
3/7/15,1,A7M,Archival
3/7/15,1,A2M,Archival
3/7/15,0,T2M,Archival
3/8/15,0,A7M,Archival
3/8/15,0,A2M,Archival
3/8/15,0,T2M,Archival
3/9/15,0,A7M,Archival
3/9/15,0,A2M,Archival
3/9/15,0,T2M,Archival
3/10/15,0,A7M,Archival
3/10/15,1,A2M,Archival
3/10/15,1,T2M,Archival
3/11/15,0,A7M,Archival
3/11/15,0,A2M,Archival
3/11/15,0,T2M,Archival
3/12/15,0,A7M,Archival
3/12/15,1,A2M,Archival
3/12/15,0,T2M,Archival
3/13/15,1,A7M,Archival
3/13/15,1,A2M,Archival
3/13/15,1,T2M,Archival
3/14/15,1,A7M,Archival
3/14/15,1,A2M,Archival
3/14/15,1,T2M,Archival
3/15/15,0,A7M,Archival
3/15/15,0,A2M,Archival
3/15/15,0,T2M,Archival
3/16/15,1,A7M,Archival
3/16/15,0,A2M,Archival
3/16/15,1,T2M,Archival
3/17/15,0,A7M,Archival
3/17/15,0,A2M,Archival
3/17/15,0,T2M,Archival
3/18/15,0,A7M,Archival
3/18/15,0,A2M,Archival
3/18/15,0,T2M,Archival
3/19/15,1,A7M,Archival
3/19/15,0,A2M,Archival
3/19/15,1,T2M,Archival
3/20/15,1,A7M,Archival
3/20/15,1,A2M,Archival
3/20/15,1,T2M,Archival
3/21/15,1,A7M,Archival
3/21/15,0,A2M,Archival
3/21/15,1,T2M,Archival
3/22/15,0,A7M,Archival
3/22/15,0,A2M,Archival
3/22/15,1,T2M,Archival
3/23/15,0,A7M,Archival
3/23/15,0,A2M,Archival
3/23/15,1,T2M,Archival
3/24/15,0,A7M,Archival
3/24/15,0,A2M,Archival
3/24/15,0,T2M,Archival
3/25/15,0,A7M,Archival
3/25/15,0,A2M,Archival
3/25/15,0,T2M,Archival
3/26/15,0,A7M,Archival
3/26/15,0,A2M,Archival
3/26/15,0,T2M,Archival
3/27/15,0,A7M,Archival
3/27/15,0,A2M,Archival
3/27/15,0,T2M,Archival
3/28/15,0,A7M,Archival
3/28/15,0,A2M,Archival
3/28/15,0,T2M,Archival
3/29/15,0,A7M,Archival
3/29/15,1,A2M,Archival
3/29/15,0,T2M,Archival
3/30/15,0,A7M,Archival
3/30/15,0,A2M,Archival
3/30/15,0,T2M,Archival
3/31/15,0,A7M,Archival
3/31/15,0,A2M,Archival
3/31/15,0,T2M,Archival
4/1/15,0,A7M,Archival
4/1/15,0,A2M,Archival
4/1/15,0,T2M,Archival
4/2/15,0,A7M,Archival
4/2/15,0,A2M,Archival
4/2/15,0,T2M,Archival
4/3/15,0,A7M,Archival
4/3/15,0,A2M,Archival
4/3/15,0,T2M,Archival
4/4/15,0,A7M,Archival
4/4/15,0,A2M,Archival
4/4/15,0,T2M,Archival
4/5/15,0,A7M,Archival
4/5/15,0,A2M,Archival
4/5/15,0,T2M,Archival
4/6/15,0,A7M,Archival
4/6/15,0,A2M,Archival
4/6/15,0,T2M,Archival
4/7/15,0,A7M,Archival
4/7/15,0,A2M,Archival
4/7/15,0,T2M,Archival
4/8/15,0,A7M,Archival
4/8/15,0,A2M,Archival
4/8/15,0,T2M,Archival
4/9/15,0,A7M,Archival
4/9/15,0,A2M,Archival
4/9/15,0,T2M,Archival
4/10/15,0,A7M,Archival
4/10/15,0,A2M,Archival
4/10/15,0,T2M,Archival
4/11/15,0,A7M,Archival
4/11/15,0,A2M,Archival
4/11/15,0,T2M,Archival
4/12/15,0,A7M,Archival
4/12/15,0,A2M,Archival
4/12/15,0,T2M,Archival
4/13/15,0,A7M,Archival
4/13/15,0,A2M,Archival
4/13/15,0,T2M,Archival
4/14/15,0,A7M,Archival
4/14/15,0,A2M,Archival
4/14/15,0,T2M,Archival
4/15/15,0,A7M,Archival
4/15/15,0,A2M,Archival
4/15/15,0,T2M,Archival
4/16/15,0,A7M,Archival
4/16/15,0,A2M,Archival
4/16/15,0,T2M,Archival
4/17/15,0,A7M,Archival
4/17/15,0,A2M,Archival
4/17/15,0,T2M,Archival
4/18/15,0,A7M,Archival
4/18/15,0,A2M,Archival
4/18/15,0,T2M,Archival
4/19/15,0,A7M,Archival
4/19/15,0,A2M,Archival
4/19/15,0,T2M,Archival
4/20/15,0,A7M,Archival
4/20/15,0,A2M,Archival
4/20/15,0,T2M,Archival
4/21/15,0,A7M,Archival
4/21/15,0,A2M,Archival
4/21/15,0,T2M,Archival
4/22/15,0,A7M,Archival
4/22/15,0,A2M,Archival
4/22/15,0,T2M,Archival
4/23/15,0,A7M,Archival
4/23/15,0,A2M,Archival
4/23/15,0,T2M,Archival
4/24/15,0,A7M,Archival
4/24/15,0,A2M,Archival
4/24/15,0,T2M,Archival
4/25/15,0,A7M,Archival
4/25/15,0,A2M,Archival
4/25/15,0,T2M,Archival
4/26/15,0,A7M,Archival
4/26/15,0,A2M,Archival
4/26/15,0,T2M,Archival
4/27/15,0,A7M,Archival
4/27/15,0,A2M,Archival
4/27/15,0,T2M,Archival
4/28/15,0,A7M,Archival
4/28/15,0,A2M,Archival
4/28/15,1,T2M,Archival
4/29/15,1,A7M,Archival
4/29/15,0,A2M,Archival
4/29/15,1,T2M,Archival
4/30/15,0,A7M,Archival
4/30/15,0,A2M,Archival
4/30/15,1,T2M,Archival
5/1/15,0,A7M,Archival
5/1/15,0,A2M,Archival
5/1/15,0,T2M,Archival
5/2/15,0,A7M,Archival
5/2/15,0,A2M,Archival
5/2/15,0,T2M,Archival
5/3/15,0,A7M,Archival
5/3/15,0,A2M,Archival
5/3/15,0,T2M,Archival
5/4/15,0,A7M,Archival
5/4/15,0,A2M,Archival
5/4/15,0,T2M,Archival
5/5/15,0,A7M,Archival
5/5/15,0,A2M,Archival
5/5/15,0,T2M,Archival
5/6/15,0,A7M,Archival
5/6/15,0,A2M,Archival
5/6/15,0,T2M,Archival
5/7/15,0,A7M,Archival
5/7/15,0,A2M,Archival
5/7/15,0,T2M,Archival
5/8/15,0,A7M,Archival
5/8/15,0,A2M,Archival
5/8/15,0,T2M,Archival
5/9/15,0,A7M,Archival
5/9/15,0,A2M,Archival
5/9/15,0,T2M,Archival
5/10/15,0,A7M,Archival
5/10/15,0,A2M,Archival
5/10/15,0,T2M,Archival
5/11/15,0,A7M,Archival
5/11/15,0,A2M,Archival
5/11/15,0,T2M,Archival
5/12/15,0,A7M,Archival
5/12/15,0,A2M,Archival
5/12/15,0,T2M,Archival
5/13/15,0,A7M,Archival
5/13/15,0,A2M,Archival
5/13/15,0,T2M,Archival
5/14/15,0,A7M,Archival
5/14/15,0,A2M,Archival
5/14/15,0,T2M,Archival
5/15/15,0,A7M,Archival
5/15/15,0,A2M,Archival
5/15/15,0,T2M,Archival
5/16/15,0,A7M,Archival
5/16/15,0,A2M,Archival
5/16/15,0,T2M,Archival
5/17/15,0,A7M,Archival
5/17/15,0,A2M,Archival
5/17/15,0,T2M,Archival
5/18/15,0,A7M,Archival
5/18/15,0,A2M,Archival
5/18/15,0,T2M,Archival
5/19/15,0,A7M,Archival
5/19/15,0,A2M,Archival
5/19/15,0,T2M,Archival
5/20/15,0,A7M,Archival
5/20/15,0,A2M,Archival
5/20/15,0,T2M,Archival
5/21/15,0,A7M,Archival
5/21/15,0,A2M,Archival
5/21/15,0,T2M,Archival
5/22/15,0,A7M,Archival
5/22/15,0,A2M,Archival
5/22/15,0,T2M,Archival
5/23/15,0,A7M,Archival
5/23/15,0,A2M,Archival
5/23/15,0,T2M,Archival
5/24/15,1,A7M,Archival
5/24/15,0,A2M,Archival
5/24/15,1,T2M,Archival
5/25/15,0,A7M,Archival
5/25/15,0,A2M,Archival
5/25/15,0,T2M,Archival
5/26/15,0,A7M,Archival
5/26/15,0,A2M,Archival
5/26/15,0,T2M,Archival
5/27/15,0,A7M,Archival
5/27/15,0,A2M,Archival
5/27/15,0,T2M,Archival
5/28/15,0,A7M,Archival
5/28/15,0,A2M,Archival
5/28/15,0,T2M,Archival
5/29/15,0,A7M,Archival
5/29/15,0,A2M,Archival
5/29/15,0,T2M,Archival
5/30/15,0,A7M,Archival
5/30/15,0,A2M,Archival
5/30/15,0,T2M,Archival
5/31/15,0,A7M,Archival
5/31/15,0,A2M,Archival
5/31/15,0,T2M,Archival
6/1/15,0,A7M,Archival
6/1/15,0,A2M,Archival
6/1/15,0,T2M,Archival
6/2/15,0,A7M,Archival
6/2/15,0,A2M,Archival
6/2/15,0,T2M,Archival
6/3/15,0,A7M,Archival
6/3/15,0,A2M,Archival
6/3/15,0,T2M,Archival
6/4/15,0,A7M,Archival
6/4/15,0,A2M,Archival
6/4/15,0,T2M,Archival
6/5/15,0,A7M,Archival
6/5/15,0,A2M,Archival
6/5/15,0,T2M,Archival
6/6/15,0,A7M,Archival
6/6/15,0,A2M,Archival
6/6/15,0,T2M,Archival
6/7/15,0,A7M,Archival
6/7/15,0,A2M,Archival
6/7/15,0,T2M,Archival
6/8/15,0,A7M,Archival
6/8/15,0,A2M,Archival
6/8/15,0,T2M,Archival
6/9/15,0,A7M,Archival
6/9/15,0,A2M,Archival
6/9/15,0,T2M,Archival
6/10/15,0,A7M,Archival
6/10/15,0,A2M,Archival
6/10/15,0,T2M,Archival
6/11/15,0,A7M,Archival
6/11/15,0,A2M,Archival
6/11/15,0,T2M,Archival
6/12/15,0,A7M,Archival
6/12/15,0,A2M,Archival
6/12/15,0,T2M,Archival
6/13/15,0,A7M,Archival
6/13/15,0,A2M,Archival
6/13/15,0,T2M,Archival
6/14/15,0,A7M,Archival
6/14/15,0,A2M,Archival
6/14/15,0,T2M,Archival
6/15/15,0,A7M,Archival
6/15/15,0,A2M,Archival
6/15/15,0,T2M,Archival
6/16/15,0,A7M,Archival
6/16/15,0,A2M,Archival
6/16/15,0,T2M,Archival
6/17/15,0,A7M,Archival
6/17/15,0,A2M,Archival
6/17/15,0,T2M,Archival
6/18/15,0,A7M,Archival
6/18/15,0,A2M,Archival
6/18/15,0,T2M,Archival
6/19/15,0,A7M,Archival
6/19/15,0,A2M,Archival
6/19/15,0,T2M,Archival
6/20/15,0,A7M,Archival
6/20/15,0,A2M,Archival
6/20/15,0,T2M,Archival
6/21/15,0,A7M,Archival
6/21/15,0,A2M,Archival
6/21/15,0,T2M,Archival
6/22/15,0,A7M,Archival
6/22/15,0,A2M,Archival
6/22/15,0,T2M,Archival
6/23/15,1,A7M,Archival
6/23/15,1,A2M,Archival
6/23/15,1,T2M,Archival
6/24/15,1,A7M,Archival
6/24/15,1,A2M,Archival
6/24/15,1,T2M,Archival
6/25/15,0,A7M,Archival
6/25/15,0,A2M,Archival
6/25/15,0,T2M,Archival
6/26/15,0,A7M,Archival
6/26/15,0,A2M,Archival
6/26/15,0,T2M,Archival
6/27/15,0,A7M,Archival
6/27/15,0,A2M,Archival
6/27/15,0,T2M,Archival
6/28/15,0,A7M,Archival
6/28/15,0,A2M,Archival
6/28/15,0,T2M,Archival
6/29/15,0,A7M,Archival
6/29/15,0,A2M,Archival
6/29/15,0,T2M,Archival
6/30/15,0,A7M,Archival
6/30/15,0,A2M,Archival
6/30/15,0,T2M,Archival
7/1/15,0,A7M,Archival
7/1/15,0,A2M,Archival
7/1/15,0,T2M,Archival
7/2/15,0,A7M,Archival
7/2/15,0,A2M,Archival
7/2/15,0,T2M,Archival
7/3/15,0,A7M,Archival
7/3/15,0,A2M,Archival
7/3/15,0,T2M,Archival
7/4/15,0,A7M,Archival
7/4/15,0,A2M,Archival
7/4/15,0,T2M,Archival
7/5/15,0,A7M,Archival
7/5/15,0,A2M,Archival
7/5/15,0,T2M,Archival
7/6/15,0,A7M,Archival
7/6/15,0,A2M,Archival
7/6/15,0,T2M,Archival
7/7/15,0,A7M,Archival
7/7/15,0,A2M,Archival
7/7/15,0,T2M,Archival
7/8/15,0,A7M,Archival
7/8/15,0,A2M,Archival
7/8/15,0,T2M,Archival
7/9/15,0,A7M,Archival
7/9/15,0,A2M,Archival
7/9/15,0,T2M,Archival
7/10/15,0,A7M,Archival
7/10/15,0,A2M,Archival
7/10/15,0,T2M,Archival
7/11/15,0,A7M,Archival
7/11/15,0,A2M,Archival
7/11/15,0,T2M,Archival
7/12/15,0,A7M,Archival
7/12/15,0,A2M,Archival
7/12/15,0,T2M,Archival
7/13/15,0,A7M,Archival
7/13/15,0,A2M,Archival
7/13/15,0,T2M,Archival
7/14/15,0,A7M,Archival
7/14/15,0,A2M,Archival
7/14/15,0,T2M,Archival
7/15/15,0,A7M,Archival
7/15/15,0,A2M,Archival
7/15/15,0,T2M,Archival
7/16/15,0,A7M,Archival
7/16/15,0,A2M,Archival
7/16/15,0,T2M,Archival
7/17/15,0,A7M,Archival
7/17/15,0,A2M,Archival
7/17/15,0,T2M,Archival
7/18/15,0,A7M,Archival
7/18/15,0,A2M,Archival
7/18/15,0,T2M,Archival
7/19/15,0,A7M,Archival
7/19/15,0,A2M,Archival
7/19/15,0,T2M,Archival
7/20/15,0,A7M,Archival
7/20/15,0,A2M,Archival
7/20/15,0,T2M,Archival
7/21/15,0,A7M,Archival
7/21/15,0,A2M,Archival
7/21/15,0,T2M,Archival
7/22/15,0,A7M,Archival
7/22/15,0,A2M,Archival
7/22/15,0,T2M,Archival
7/23/15,0,A7M,Archival
7/23/15,0,A2M,Archival
7/23/15,0,T2M,Archival
7/24/15,1,A7M,Archival
7/24/15,0,A2M,Archival
7/24/15,1,T2M,Archival
7/25/15,0,A7M,Archival
7/25/15,0,A2M,Archival
7/25/15,0,T2M,Archival
7/26/15,0,A7M,Archival
7/26/15,0,A2M,Archival
7/26/15,0,T2M,Archival
7/27/15,0,A7M,Archival
7/27/15,0,A2M,Archival
7/27/15,0,T2M,Archival
7/28/15,0,A7M,Archival
7/28/15,0,A2M,Archival
7/28/15,0,T2M,Archival
7/29/15,0,A7M,Archival
7/29/15,0,A2M,Archival
7/29/15,0,T2M,Archival
7/30/15,0,A7M,Archival
7/30/15,0,A2M,Archival
7/30/15,0,T2M,Archival
7/31/15,0,A7M,Archival
7/31/15,1,A2M,Archival
7/31/15,0,T2M,Archival
8/1/15,0,A7M,Archival
8/1/15,0,A2M,Archival
8/1/15,0,T2M,Archival
8/2/15,0,A7M,Archival
8/2/15,0,A2M,Archival
8/2/15,0,T2M,Archival
8/3/15,0,A7M,Archival
8/3/15,0,A2M,Archival
8/3/15,0,T2M,Archival
8/4/15,0,A7M,Archival
8/4/15,0,A2M,Archival
8/4/15,0,T2M,Archival
8/5/15,0,A7M,Archival
8/5/15,0,A2M,Archival
8/5/15,0,T2M,Archival
8/6/15,0,A7M,Archival
8/6/15,0,A2M,Archival
8/6/15,0,T2M,Archival
8/7/15,0,A7M,Archival
8/7/15,0,A2M,Archival
8/7/15,0,T2M,Archival
8/8/15,0,A7M,Archival
8/8/15,0,A2M,Archival
8/8/15,0,T2M,Archival
8/9/15,0,A7M,Archival
8/9/15,0,A2M,Archival
8/9/15,0,T2M,Archival
8/10/15,0,A7M,Archival
8/10/15,0,A2M,Archival
8/10/15,0,T2M,Archival
8/11/15,0,A7M,Archival
8/11/15,0,A2M,Archival
8/11/15,0,T2M,Archival
8/12/15,0,A7M,Archival
8/12/15,0,A2M,Archival
8/12/15,0,T2M,Archival
8/13/15,0,A7M,Archival
8/13/15,0,A2M,Archival
8/13/15,0,T2M,Archival
8/14/15,0,A7M,Archival
8/14/15,0,A2M,Archival
8/14/15,0,T2M,Archival
8/15/15,0,A7M,Archival
8/15/15,0,A2M,Archival
8/15/15,0,T2M,Archival
8/16/15,0,A7M,Archival
8/16/15,0,A2M,Archival
8/16/15,0,T2M,Archival
8/17/15,0,A7M,Archival
8/17/15,0,A2M,Archival
8/17/15,0,T2M,Archival
8/18/15,0,A7M,Archival
8/18/15,0,A2M,Archival
8/18/15,0,T2M,Archival
8/19/15,0,A7M,Archival
8/19/15,0,A2M,Archival
8/19/15,0,T2M,Archival
8/20/15,0,A7M,Archival
8/20/15,0,A2M,Archival
8/20/15,0,T2M,Archival
8/21/15,0,A7M,Archival
8/21/15,0,A2M,Archival
8/21/15,0,T2M,Archival
8/22/15,0,A7M,Archival
8/22/15,0,A2M,Archival
8/22/15,0,T2M,Archival
8/23/15,0,A7M,Archival
8/23/15,0,A2M,Archival
8/23/15,0,T2M,Archival
8/24/15,0,A7M,Archival
8/24/15,0,T2M,Archival
8/25/15,0,A7M,Archival
8/25/15,0,T2M,Archival
8/26/15,0,A7M,Archival
8/26/15,0,T2M,Archival
8/27/15,0,A7M,Archival
8/27/15,0,T2M,Archival
8/28/15,0,A7M,Archival
8/28/15,0,T2M,Archival
8/29/15,0,A7M,Archival
8/29/15,1,T2M,Archival
8/30/15,0,A7M,Archival
8/30/15,0,T2M,Archival
8/31/15,0,A7M,Archival
8/31/15,0,T2M,Archival
9/1/15,0,A7M,Archival
9/1/15,0,T2M,Archival
9/2/15,0,A7M,Archival
9/2/15,0,T2M,Archival
9/3/15,0,A7M,Archival
9/3/15,0,T2M,Archival
9/4/15,0,A7M,Archival
9/4/15,0,T2M,Archival
9/5/15,0,A7M,Archival
9/5/15,0,T2M,Archival
9/6/15,0,A7M,Archival
9/6/15,0,T2M,Archival
9/7/15,0,A7M,Archival
9/7/15,0,T2M,Archival
9/8/15,0,A7M,Archival
9/8/15,0,T2M,Archival
9/9/15,0,A7M,Archival
9/9/15,0,T2M,Archival
9/10/15,0,A7M,Archival
9/10/15,0,T2M,Archival
9/11/15,0,A7M,Archival
9/11/15,0,T2M,Archival
9/12/15,0,A7M,Archival
9/12/15,0,T2M,Archival
9/13/15,0,A7M,Archival
9/13/15,0,T2M,Archival
9/14/15,0,A7M,Archival
9/14/15,0,T2M,Archival
9/15/15,0,A7M,Archival
9/15/15,0,T2M,Archival
9/16/15,0,A7M,Archival
9/16/15,0,T2M,Archival
9/17/15,0,A7M,Archival
9/17/15,0,T2M,Archival
9/18/15,0,A7M,Archival
9/18/15,0,T2M,Archival
9/19/15,0,A7M,Archival
9/19/15,0,A2M,Archival
9/19/15,0,T2M,Archival
9/20/15,0,A7M,Archival
9/20/15,0,A2M,Archival
9/20/15,0,T2M,Archival
9/21/15,0,A7M,Archival
9/21/15,0,A2M,Archival
9/21/15,0,T2M,Archival
9/22/15,0,A7M,Archival
9/22/15,0,A2M,Archival
9/22/15,0,T2M,Archival
9/23/15,0,A7M,Archival
9/23/15,0,A2M,Archival
9/23/15,0,T2M,Archival
9/24/15,0,A7M,Archival
9/24/15,0,A2M,Archival
9/24/15,0,T2M,Archival
9/25/15,0,A7M,Archival
9/25/15,0,A2M,Archival
9/25/15,0,T2M,Archival
9/26/15,0,A7M,Archival
9/26/15,0,A2M,Archival
9/26/15,0,T2M,Archival
9/27/15,0,A7M,Archival
9/27/15,0,A2M,Archival
9/27/15,0,T2M,Archival
9/28/15,0,A7M,Archival
9/28/15,0,A2M,Archival
9/28/15,0,T2M,Archival
9/29/15,0,A7M,Archival
9/29/15,0,A2M,Archival
9/29/15,0,T2M,Archival
9/30/15,0,A7M,Archival
9/30/15,0,A2M,Archival
9/30/15,0,T2M,Archival
10/1/15,0,A7M,Archival
10/1/15,0,A2M,Archival
10/1/15,0,T2M,Archival
10/2/15,0,A7M,Archival
10/2/15,0,A2M,Archival
10/2/15,0,T2M,Archival
10/3/15,0,A7M,Archival
10/3/15,0,A2M,Archival
10/3/15,0,T2M,Archival
10/4/15,0,A7M,Archival
10/4/15,0,A2M,Archival
10/4/15,0,T2M,Archival
10/5/15,0,A7M,Archival
10/5/15,0,A2M,Archival
10/5/15,0,T2M,Archival
10/6/15,0,A7M,Archival
10/6/15,0,A2M,Archival
10/6/15,0,T2M,Archival
10/7/15,0,A7M,Archival
10/7/15,0,A2M,Archival
10/7/15,0,T2M,Archival
10/8/15,0,A7M,Archival
10/8/15,0,A2M,Archival
10/8/15,0,T2M,Archival
10/9/15,0,A7M,Archival
10/9/15,0,A2M,Archival
10/9/15,0,T2M,Archival
10/10/15,0,A7M,Archival
10/10/15,0,A2M,Archival
10/10/15,0,T2M,Archival
10/11/15,0,A7M,Archival
10/11/15,0,A2M,Archival
10/11/15,0,T2M,Archival
10/12/15,0,A7M,Archival
10/12/15,0,A2M,Archival
10/12/15,0,T2M,Archival
10/13/15,0,A7M,Archival
10/13/15,0,A2M,Archival
10/13/15,0,T2M,Archival
10/14/15,0,A7M,Archival
10/14/15,0,A2M,Archival
10/14/15,0,T2M,Archival
10/15/15,0,A7M,Archival
10/15/15,0,A2M,Archival
10/15/15,0,T2M,Archival
10/16/15,0,A7M,Archival
10/16/15,0,A2M,Archival
10/16/15,0,T2M,Archival
10/17/15,0,A7M,Archival
10/17/15,0,A2M,Archival
10/17/15,0,T2M,Archival
10/18/15,0,A7M,Archival
10/18/15,0,A2M,Archival
10/18/15,0,T2M,Archival
10/19/15,0,A7M,Archival
10/19/15,0,A2M,Archival
10/19/15,0,T2M,Archival
10/20/15,0,A7M,Archival
10/20/15,0,A2M,Archival
10/20/15,0,T2M,Archival
10/21/15,0,A7M,Archival
10/21/15,0,A2M,Archival
10/21/15,0,T2M,Archival
10/22/15,0,A7M,Archival
10/22/15,0,A2M,Archival
10/22/15,0,T2M,Archival
10/23/15,0,A7M,Archival
10/23/15,0,A2M,Archival
10/23/15,0,T2M,Archival
10/24/15,0,A7M,Archival
10/24/15,0,A2M,Archival
10/24/15,0,T2M,Archival
10/25/15,0,A7M,Archival
10/25/15,0,A2M,Archival
10/25/15,0,T2M,Archival
10/26/15,0,A7M,Archival
10/26/15,0,A2M,Archival
10/26/15,0,T2M,Archival
10/27/15,0,A7M,Archival
10/27/15,0,A2M,Archival
10/27/15,0,T2M,Archival
10/28/15,0,A7M,Archival
10/28/15,0,A2M,Archival
10/28/15,0,T2M,Archival
10/29/15,0,A7M,Archival
10/29/15,0,A2M,Archival
10/29/15,0,T2M,Archival
10/30/15,0,A7M,Archival
10/30/15,0,A2M,Archival
10/30/15,0,T2M,Archival
10/31/15,0,A7M,Archival
10/31/15,1,A2M,Archival
10/31/15,0,T2M,Archival
11/1/15,0,A7M,Archival
11/1/15,0,A2M,Archival
11/1/15,0,T2M,Archival
11/2/15,0,A7M,Archival
11/2/15,0,A2M,Archival
11/2/15,0,T2M,Archival
11/3/15,0,A7M,Archival
11/3/15,0,A2M,Archival
11/3/15,0,T2M,Archival
11/4/15,0,A7M,Archival
11/4/15,0,A2M,Archival
11/4/15,0,T2M,Archival
11/5/15,0,A7M,Archival
11/5/15,0,A2M,Archival
11/5/15,0,T2M,Archival
11/6/15,0,A7M,Archival
11/6/15,0,A2M,Archival
11/6/15,0,T2M,Archival
11/7/15,0,A7M,Archival
11/7/15,0,A2M,Archival
11/7/15,0,T2M,Archival
11/8/15,0,A7M,Archival
11/8/15,0,A2M,Archival
11/8/15,0,T2M,Archival
11/9/15,0,A7M,Archival
11/9/15,0,A2M,Archival
11/9/15,0,T2M,Archival
11/10/15,0,A7M,Archival
11/10/15,0,A2M,Archival
11/10/15,0,T2M,Archival
11/11/15,1,A7M,Archival
11/11/15,0,A2M,Archival
11/11/15,0,T2M,Archival
11/12/15,0,A7M,Archival
11/12/15,0,A2M,Archival
11/12/15,0,T2M,Archival
11/13/15,1,A7M,Archival
11/13/15,0,A2M,Archival
11/13/15,0,T2M,Archival
11/14/15,0,A7M,Archival
11/14/15,0,A2M,Archival
11/14/15,0,T2M,Archival
11/15/15,0,A7M,Archival
11/15/15,0,A2M,Archival
11/15/15,0,T2M,Archival
11/16/15,0,A7M,Archival
11/16/15,0,A2M,Archival
11/16/15,0,T2M,Archival
11/17/15,0,A7M,Archival
11/17/15,0,A2M,Archival
11/17/15,0,T2M,Archival
11/18/15,0,A7M,Archival
11/18/15,0,A2M,Archival
11/18/15,0,T2M,Archival
11/19/15,0,A7M,Archival
11/19/15,0,A2M,Archival
11/19/15,0,T2M,Archival
11/20/15,0,A7M,Archival
11/20/15,0,A2M,Archival
11/20/15,0,T2M,Archival
11/21/15,0,A7M,Archival
11/21/15,0,A2M,Archival
11/21/15,0,T2M,Archival
11/22/15,0,A7M,Archival
11/22/15,0,A2M,Archival
11/22/15,0,T2M,Archival
11/23/15,0,A7M,Archival
11/23/15,0,A2M,Archival
11/23/15,0,T2M,Archival
11/24/15,0,A7M,Archival
11/24/15,0,A2M,Archival
11/24/15,0,T2M,Archival
11/25/15,0,A7M,Archival
11/25/15,1,A2M,Archival
11/25/15,0,T2M,Archival
11/26/15,1,A7M,Archival
11/26/15,1,A2M,Archival
11/26/15,0,T2M,Archival
11/27/15,0,A7M,Archival
11/27/15,1,A2M,Archival
11/27/15,0,T2M,Archival
11/28/15,1,A7M,Archival
11/28/15,1,A2M,Archival
11/28/15,1,T2M,Archival
11/29/15,1,A7M,Archival
11/29/15,1,A2M,Archival
11/29/15,0,T2M,Archival
11/30/15,1,A7M,Archival
11/30/15,1,A2M,Archival
11/30/15,1,T2M,Archival
12/1/15,0,A7M,Archival
12/1/15,1,A2M,Archival
12/1/15,0,T2M,Archival
12/2/15,1,A7M,Archival
12/2/15,0,A2M,Archival
12/2/15,0,T2M,Archival
12/3/15,0,A7M,Archival
12/3/15,1,A2M,Archival
12/3/15,1,T2M,Archival
12/4/15,0,A7M,Archival
12/4/15,0,A2M,Archival
12/4/15,0,T2M,Archival
12/5/15,0,A7M,Archival
12/5/15,1,A2M,Archival
12/5/15,0,T2M,Archival
12/6/15,1,A7M,Archival
12/6/15,1,A2M,Archival
12/6/15,0,T2M,Archival
12/7/15,1,A7M,Archival
12/7/15,1,A2M,Archival
12/7/15,0,T2M,Archival
12/8/15,1,A7M,Archival
12/8/15,1,A2M,Archival
12/8/15,1,T2M,Archival
12/9/15,1,A7M,Archival
12/9/15,1,A2M,Archival
12/9/15,1,T2M,Archival
12/10/15,1,A7M,Archival
12/10/15,1,A2M,Archival
12/10/15,1,T2M,Archival
12/11/15,0,A7M,Archival
12/11/15,1,A2M,Archival
12/11/15,0,T2M,Archival
12/12/15,1,A7M,Archival
12/12/15,1,A2M,Archival
12/12/15,1,T2M,Archival
12/13/15,0,A7M,Archival
12/13/15,0,A2M,Archival
12/13/15,0,T2M,Archival
12/14/15,0,A7M,Archival
12/14/15,0,A2M,Archival
12/14/15,0,T2M,Archival
12/15/15,0,A7M,Archival
12/15/15,0,A2M,Archival
12/15/15,0,T2M,Archival
12/16/15,0,A7M,Archival
12/16/15,1,A2M,Archival
12/16/15,0,T2M,Archival
12/17/15,0,A7M,Archival
12/17/15,0,A2M,Archival
12/17/15,0,T2M,Archival
12/18/15,0,A7M,Archival
12/18/15,0,A2M,Archival
12/18/15,0,T2M,Archival
12/19/15,0,A7M,Archival
12/19/15,0,A2M,Archival
12/19/15,0,T2M,Archival
12/20/15,0,A7M,Archival
12/20/15,0,A2M,Archival
12/20/15,0,T2M,Archival
12/21/15,0,A7M,Archival
12/21/15,0,A2M,Archival
12/21/15,0,T2M,Archival
12/22/15,0,A7M,Archival
12/22/15,0,A2M,Archival
12/22/15,0,T2M,Archival
12/23/15,0,A7M,Archival
12/23/15,0,A2M,Archival
12/23/15,0,T2M,Archival
12/24/15,0,A7M,Archival
12/24/15,0,A2M,Archival
12/24/15,0,T2M,Archival
12/25/15,0,A7M,Archival
12/25/15,0,A2M,Archival
12/25/15,0,T2M,Archival
12/26/15,0,A7M,Archival
12/26/15,0,A2M,Archival
12/26/15,0,T2M,Archival
12/27/15,0,A7M,Archival
12/27/15,0,A2M,Archival
12/27/15,0,T2M,Archival
12/28/15,0,A7M,Archival
12/28/15,1,A2M,Archival
12/28/15,0,T2M,Archival
12/29/15,0,A7M,Archival
12/29/15,1,A2M,Archival
12/29/15,0,T2M,Archival
12/30/15,1,A7M,Archival
12/30/15,1,A2M,Archival
12/30/15,1,T2M,Archival
12/31/15,1,A7M,Archival
12/31/15,1,A2M,Archival
12/31/15,1,T2M,Archival
1/1/16,1,A7M,Archival
1/1/16,1,A2M,Archival
1/1/16,1,T2M,Archival
1/2/16,0,A7M,Archival
1/2/16,1,A2M,Archival
1/2/16,0,T2M,Archival
1/3/16,1,A7M,Archival
1/3/16,1,A2M,Archival
1/3/16,1,T2M,Archival
1/4/16,0,A7M,Archival
1/4/16,0,A2M,Archival
1/4/16,0,T2M,Archival
1/5/16,1,A7M,Archival
1/5/16,0,A2M,Archival
1/5/16,0,T2M,Archival
1/6/16,1,A7M,Archival
1/6/16,1,A2M,Archival
1/6/16,0,T2M,Archival
1/7/16,1,A7M,Archival
1/7/16,0,A2M,Archival
1/7/16,1,T2M,Archival
1/8/16,0,A7M,Archival
1/8/16,0,A2M,Archival
1/8/16,0,T2M,Archival
1/9/16,0,A7M,Archival
1/9/16,0,A2M,Archival
1/9/16,0,T2M,Archival
1/10/16,0,A7M,Archival
1/10/16,0,A2M,Archival
1/10/16,0,T2M,Archival
1/11/16,1,A7M,Archival
1/11/16,1,A2M,Archival
1/11/16,1,T2M,Archival
1/12/16,1,A7M,Archival
1/12/16,0,A2M,Archival
1/12/16,1,T2M,Archival
1/13/16,0,A7M,Archival
1/13/16,0,A2M,Archival
1/13/16,0,T2M,Archival
1/14/16,0,A7M,Archival
1/14/16,0,A2M,Archival
1/14/16,0,T2M,Archival
1/15/16,0,A7M,Archival
1/15/16,1,A2M,Archival
1/15/16,0,T2M,Archival
1/16/16,1,A7M,Archival
1/16/16,1,A2M,Archival
1/16/16,1,T2M,Archival
1/17/16,1,A7M,Archival
1/17/16,1,A2M,Archival
1/17/16,1,T2M,Archival
1/18/16,0,A7M,Archival
1/18/16,1,A2M,Archival
1/18/16,0,T2M,Archival
1/19/16,0,A7M,Archival
1/19/16,0,A2M,Archival
1/19/16,1,T2M,Archival
1/20/16,0,A7M,Archival
1/20/16,0,A2M,Archival
1/20/16,0,T2M,Archival
1/21/16,0,A7M,Archival
1/21/16,0,A2M,Archival
1/21/16,0,T2M,Archival
1/22/16,0,A7M,Archival
1/22/16,0,A2M,Archival
1/22/16,0,T2M,Archival
1/23/16,0,A7M,Archival
1/23/16,0,A2M,Archival
1/23/16,0,T2M,Archival
1/24/16,1,A7M,Archival
1/24/16,0,A2M,Archival
1/24/16,1,T2M,Archival
1/25/16,1,A7M,Archival
1/25/16,1,A2M,Archival
1/25/16,1,T2M,Archival
1/26/16,1,A7M,Archival
1/26/16,1,A2M,Archival
1/26/16,1,T2M,Archival
1/27/16,1,A7M,Archival
1/27/16,1,A2M,Archival
1/27/16,1,T2M,Archival
1/28/16,1,A7M,Archival
1/28/16,1,A2M,Archival
1/28/16,1,T2M,Archival
1/29/16,1,A7M,Archival
1/29/16,1,A2M,Archival
1/29/16,1,T2M,Archival
1/30/16,1,A7M,Archival
1/30/16,1,A2M,Archival
1/30/16,1,T2M,Archival
1/31/16,1,A7M,Archival
1/31/16,1,A2M,Archival
1/31/16,1,T2M,Archival
2/1/16,1,A7M,Archival
2/1/16,1,A2M,Archival
2/1/16,1,T2M,Archival
2/2/16,1,A7M,Archival
2/2/16,1,A2M,Archival
2/2/16,1,T2M,Archival
2/3/16,1,A7M,Archival
2/3/16,1,A2M,Archival
2/3/16,1,T2M,Archival
2/4/16,1,A7M,Archival
2/4/16,1,A2M,Archival
2/4/16,1,T2M,Archival
2/5/16,1,A7M,Archival
2/5/16,1,A2M,Archival
2/5/16,1,T2M,Archival
2/6/16,1,A7M,Archival
2/6/16,1,A2M,Archival
2/6/16,1,T2M,Archival
2/7/16,1,A7M,Archival
2/7/16,1,A2M,Archival
2/7/16,1,T2M,Archival
2/8/16,1,A7M,Archival
2/8/16,1,A2M,Archival
2/8/16,1,T2M,Archival
2/9/16,1,A7M,Archival
2/9/16,1,A2M,Archival
2/9/16,1,T2M,Archival
2/10/16,1,A7M,Archival
2/10/16,0,A2M,Archival
2/10/16,1,T2M,Archival
2/11/16,1,A7M,Archival
2/11/16,0,A2M,Archival
2/11/16,1,T2M,Archival
2/12/16,1,A7M,Archival
2/12/16,1,A2M,Archival
2/12/16,1,T2M,Archival
2/13/16,0,A7M,Archival
2/13/16,0,A2M,Archival
2/13/16,0,T2M,Archival
2/14/16,0,A7M,Archival
2/14/16,0,A2M,Archival
2/14/16,0,T2M,Archival
2/15/16,1,A7M,Archival
2/15/16,1,A2M,Archival
2/15/16,1,T2M,Archival
2/16/16,0,A7M,Archival
2/16/16,1,A2M,Archival
2/16/16,0,T2M,Archival
2/17/16,0,A7M,Archival
2/17/16,0,A2M,Archival
2/17/16,0,T2M,Archival
2/18/16,1,A7M,Archival
2/18/16,1,A2M,Archival
2/18/16,0,T2M,Archival
2/19/16,0,A7M,Archival
2/19/16,0,A2M,Archival
2/19/16,0,T2M,Archival
2/20/16,0,A7M,Archival
2/20/16,0,A2M,Archival
2/20/16,0,T2M,Archival
2/21/16,0,A7M,Archival
2/21/16,1,A2M,Archival
2/21/16,0,T2M,Archival
2/22/16,0,A7M,Archival
2/22/16,0,A2M,Archival
2/22/16,0,T2M,Archival
2/23/16,1,A7M,Archival
2/23/16,0,A2M,Archival
2/23/16,0,T2M,Archival
2/24/16,1,A7M,Archival
2/24/16,0,A2M,Archival
2/24/16,0,T2M,Archival
2/25/16,1,A7M,Archival
2/25/16,1,A2M,Archival
2/25/16,1,T2M,Archival
2/26/16,0,A7M,Archival
2/26/16,0,A2M,Archival
2/26/16,0,T2M,Archival
2/27/16,0,A7M,Archival
2/27/16,1,A2M,Archival
2/27/16,0,T2M,Archival
2/28/16,1,A7M,Archival
2/28/16,1,A2M,Archival
2/28/16,0,T2M,Archival
3/1/16,0,A7M,Archival
3/1/16,0,A2M,Archival
3/1/16,0,T2M,Archival
3/2/16,0,A7M,Archival
3/2/16,1,A2M,Archival
3/2/16,1,T2M,Archival
3/3/16,1,A7M,Archival
3/3/16,1,A2M,Archival
3/3/16,0,T2M,Archival
3/4/16,1,A7M,Archival
3/4/16,1,A2M,Archival
3/4/16,1,T2M,Archival
3/5/16,1,A7M,Archival
3/5/16,1,A2M,Archival
3/5/16,1,T2M,Archival
3/6/16,1,A7M,Archival
3/6/16,0,A2M,Archival
3/6/16,1,T2M,Archival
3/7/16,1,A7M,Archival
3/7/16,1,A2M,Archival
3/7/16,1,T2M,Archival
3/8/16,1,A7M,Archival
3/8/16,1,A2M,Archival
3/8/16,1,T2M,Archival
3/9/16,1,A7M,Archival
3/9/16,1,A2M,Archival
3/9/16,1,T2M,Archival
3/10/16,0,A7M,Archival
3/10/16,0,A2M,Archival
3/10/16,1,T2M,Archival
3/11/16,1,A7M,Archival
3/11/16,1,A2M,Archival
3/11/16,1,T2M,Archival
3/12/16,1,A7M,Archival
3/12/16,1,A2M,Archival
3/12/16,1,T2M,Archival
3/13/16,0,A7M,Archival
3/13/16,0,A2M,Archival
3/13/16,0,T2M,Archival
3/14/16,1,A7M,Archival
3/14/16,1,A2M,Archival
3/14/16,1,T2M,Archival
3/15/16,1,A7M,Archival
3/15/16,1,A2M,Archival
3/15/16,1,T2M,Archival
3/16/16,1,A7M,Archival
3/16/16,1,A2M,Archival
3/16/16,1,T2M,Archival
3/17/16,1,A7M,Archival
3/17/16,1,A2M,Archival
3/17/16,1,T2M,Archival
3/18/16,1,A7M,Archival
3/18/16,1,A2M,Archival
3/18/16,1,T2M,Archival
3/19/16,1,A7M,Archival
3/19/16,1,A2M,Archival
3/19/16,1,T2M,Archival
3/20/16,0,A7M,Archival
3/20/16,0,A2M,Archival
3/20/16,0,T2M,Archival
3/21/16,1,A7M,Archival
3/21/16,1,A2M,Archival
3/21/16,1,T2M,Archival
3/22/16,1,A7M,Archival
3/22/16,1,A2M,Archival
3/22/16,0,T2M,Archival
3/23/16,1,A7M,Archival
3/23/16,1,A2M,Archival
3/23/16,1,T2M,Archival
3/24/16,1,A7M,Archival
3/24/16,0,A2M,Archival
3/24/16,1,T2M,Archival
3/25/16,1,A7M,Archival
3/25/16,0,A2M,Archival
3/25/16,1,T2M,Archival
3/26/16,1,A7M,Archival
3/26/16,1,A2M,Archival
3/26/16,1,T2M,Archival
3/27/16,1,A7M,Archival
3/27/16,1,A2M,Archival
3/27/16,1,T2M,Archival
3/28/16,0,A7M,Archival
3/28/16,0,A2M,Archival
3/28/16,1,T2M,Archival
3/29/16,1,A7M,Archival
3/29/16,0,A2M,Archival
3/29/16,1,T2M,Archival
3/30/16,1,A7M,Archival
3/30/16,0,A2M,Archival
3/30/16,0,T2M,Archival
3/31/16,0,A7M,Archival
3/31/16,0,A2M,Archival
3/31/16,0,T2M,Archival
4/1/16,0,A7M,Archival
4/1/16,0,A2M,Archival
4/1/16,0,T2M,Archival
4/2/16,0,A7M,Archival
4/2/16,0,A2M,Archival
4/2/16,0,T2M,Archival
4/3/16,0,A7M,Archival
4/3/16,1,A2M,Archival
4/3/16,1,T2M,Archival
4/4/16,0,A7M,Archival
4/4/16,0,A2M,Archival
4/4/16,0,T2M,Archival
4/5/16,0,A7M,Archival
4/5/16,0,A2M,Archival
4/5/16,0,T2M,Archival
4/6/16,1,A7M,Archival
4/6/16,0,A2M,Archival
4/6/16,0,T2M,Archival
4/7/16,0,A7M,Archival
4/7/16,0,A2M,Archival
4/7/16,0,T2M,Archival
4/8/16,0,A7M,Archival
4/8/16,0,A2M,Archival
4/8/16,0,T2M,Archival
4/9/16,0,A7M,Archival
4/9/16,0,A2M,Archival
4/9/16,0,T2M,Archival
4/10/16,0,A7M,Archival
4/10/16,0,A2M,Archival
4/10/16,1,T2M,Archival
4/11/16,0,A7M,Archival
4/11/16,0,A2M,Archival
4/11/16,0,T2M,Archival
4/12/16,0,A7M,Archival
4/12/16,0,A2M,Archival
4/12/16,1,T2M,Archival
4/13/16,0,A7M,Archival
4/13/16,0,A2M,Archival
4/13/16,0,T2M,Archival
4/14/16,0,A7M,Archival
4/14/16,0,A2M,Archival
4/14/16,0,T2M,Archival
4/15/16,0,A7M,Archival
4/15/16,0,A2M,Archival
4/15/16,0,T2M,Archival
4/16/16,0,A7M,Archival
4/16/16,0,A2M,Archival
4/16/16,0,T2M,Archival
4/17/16,0,A7M,Archival
4/17/16,0,A2M,Archival
4/17/16,0,T2M,Archival
4/18/16,0,A7M,Archival
4/18/16,0,A2M,Archival
4/18/16,0,T2M,Archival
4/19/16,0,A7M,Archival
4/19/16,0,A2M,Archival
4/19/16,0,T2M,Archival
4/20/16,0,A7M,Archival
4/20/16,0,A2M,Archival
4/20/16,0,T2M,Archival
4/21/16,0,A7M,Archival
4/21/16,0,A2M,Archival
4/21/16,0,T2M,Archival
4/22/16,0,A7M,Archival
4/22/16,0,A2M,Archival
4/22/16,0,T2M,Archival
4/23/16,0,A7M,Archival
4/23/16,0,A2M,Archival
4/23/16,0,T2M,Archival
4/24/16,0,A7M,Archival
4/24/16,0,A2M,Archival
4/24/16,0,T2M,Archival
4/25/16,0,A7M,Archival
4/25/16,0,A2M,Archival
4/25/16,0,T2M,Archival
4/26/16,0,A7M,Archival
4/26/16,0,A2M,Archival
4/26/16,0,T2M,Archival
4/27/16,0,A7M,Archival
4/27/16,0,A2M,Archival
4/27/16,0,T2M,Archival
4/28/16,0,A7M,Archival
4/28/16,0,A2M,Archival
4/28/16,0,T2M,Archival
4/29/16,0,A7M,Archival
4/29/16,0,A2M,Archival
4/29/16,0,T2M,Archival
4/30/16,0,A7M,Archival
4/30/16,0,A2M,Archival
4/30/16,0,T2M,Archival
5/1/16,0,A7M,Archival
5/1/16,0,A2M,Archival
5/1/16,0,T2M,Archival
5/2/16,0,A7M,Archival
5/2/16,0,A2M,Archival
5/2/16,0,T2M,Archival
5/3/16,0,A7M,Archival
5/3/16,0,A2M,Archival
5/3/16,0,T2M,Archival
5/4/16,0,A7M,Archival
5/4/16,0,A2M,Archival
5/4/16,0,T2M,Archival
5/5/16,0,A7M,Archival
5/5/16,0,A2M,Archival
5/5/16,0,T2M,Archival
5/6/16,0,A7M,Archival
5/6/16,0,A2M,Archival
5/6/16,0,T2M,Archival
5/7/16,0,A7M,Archival
5/7/16,0,A2M,Archival
5/7/16,0,T2M,Archival
5/8/16,0,A7M,Archival
5/8/16,0,A2M,Archival
5/8/16,0,T2M,Archival
5/9/16,0,A7M,Archival
5/9/16,0,A2M,Archival
5/9/16,0,T2M,Archival
5/10/16,0,A7M,Archival
5/10/16,0,A2M,Archival
5/10/16,0,T2M,Archival
5/11/16,0,A7M,Archival
5/11/16,0,A2M,Archival
5/11/16,0,T2M,Archival
5/12/16,0,A7M,Archival
5/12/16,0,A2M,Archival
5/12/16,0,T2M,Archival
5/13/16,0,A7M,Archival
5/13/16,0,A2M,Archival
5/13/16,0,T2M,Archival
5/14/16,0,A7M,Archival
5/14/16,0,A2M,Archival
5/14/16,0,T2M,Archival
5/15/16,0,A7M,Archival
5/15/16,0,A2M,Archival
5/15/16,0,T2M,Archival
5/16/16,0,A7M,Archival
5/16/16,0,A2M,Archival
5/16/16,0,T2M,Archival
5/17/16,0,A7M,Archival
5/17/16,0,A2M,Archival
5/17/16,0,T2M,Archival
5/18/16,0,A7M,Archival
5/18/16,0,A2M,Archival
5/18/16,0,T2M,Archival
5/19/16,0,A7M,Archival
5/19/16,0,A2M,Archival
5/19/16,0,T2M,Archival
5/20/16,0,A7M,Archival
5/20/16,0,A2M,Archival
5/20/16,0,T2M,Archival
5/21/16,0,A7M,Archival
5/21/16,0,A2M,Archival
5/21/16,0,T2M,Archival
5/22/16,0,A7M,Archival
5/22/16,0,A2M,Archival
5/22/16,0,T2M,Archival
5/23/16,0,A7M,Archival
5/23/16,0,A2M,Archival
5/23/16,0,T2M,Archival
5/24/16,0,A7M,Archival
5/24/16,0,A2M,Archival
5/24/16,0,T2M,Archival
5/25/16,0,A7M,Archival
5/25/16,0,A2M,Archival
5/25/16,0,T2M,Archival
5/26/16,0,A7M,Archival
5/26/16,0,A2M,Archival
5/26/16,0,T2M,Archival
5/27/16,0,A7M,Archival
5/27/16,0,A2M,Archival
5/27/16,0,T2M,Archival
5/28/16,0,A7M,Archival
5/28/16,0,A2M,Archival
5/28/16,0,T2M,Archival
5/29/16,0,A7M,Archival
5/29/16,0,A2M,Archival
5/29/16,0,T2M,Archival
5/30/16,0,A7M,Archival
5/30/16,0,A2M,Archival
5/30/16,0,T2M,Archival
5/31/16,0,A7M,Archival
5/31/16,0,A2M,Archival
5/31/16,0,T2M,Archival
6/1/16,0,A7M,Archival
6/1/16,0,A2M,Archival
6/1/16,0,T2M,Archival
6/2/16,0,A7M,Archival
6/2/16,0,A2M,Archival
6/2/16,0,T2M,Archival
6/3/16,0,A7M,Archival
6/3/16,0,A2M,Archival
6/3/16,0,T2M,Archival
6/4/16,0,A7M,Archival
6/4/16,0,A2M,Archival
6/4/16,0,T2M,Archival
6/5/16,0,A7M,Archival
6/5/16,0,A2M,Archival
6/5/16,0,T2M,Archival
6/6/16,0,A7M,Archival
6/6/16,0,A2M,Archival
6/6/16,0,T2M,Archival
6/7/16,0,A7M,Archival
6/7/16,0,A2M,Archival
6/7/16,0,T2M,Archival
6/8/16,0,A7M,Archival
6/8/16,0,A2M,Archival
6/8/16,0,T2M,Archival
6/9/16,0,A7M,Archival
6/9/16,0,A2M,Archival
6/9/16,0,T2M,Archival
6/10/16,0,A7M,Archival
6/10/16,0,A2M,Archival
6/10/16,0,T2M,Archival
6/11/16,0,A7M,Archival
6/11/16,0,A2M,Archival
6/11/16,0,T2M,Archival
6/12/16,0,A7M,Archival
6/12/16,0,A2M,Archival
6/12/16,0,T2M,Archival
6/13/16,0,A7M,Archival
6/13/16,0,A2M,Archival
6/13/16,0,T2M,Archival
6/14/16,0,A7M,Archival
6/14/16,0,A2M,Archival
6/14/16,0,T2M,Archival
6/15/16,0,A7M,Archival
6/15/16,0,A2M,Archival
6/15/16,0,T2M,Archival
6/16/16,0,A7M,Archival
6/16/16,0,A2M,Archival
6/16/16,0,T2M,Archival
6/17/16,0,A7M,Archival
6/17/16,0,A2M,Archival
6/17/16,0,T2M,Archival
6/18/16,0,A7M,Archival
6/18/16,0,A2M,Archival
6/18/16,0,T2M,Archival
6/19/16,0,A7M,Archival
6/19/16,0,A2M,Archival
6/19/16,0,T2M,Archival
6/20/16,0,A7M,Archival
6/20/16,0,A2M,Archival
6/20/16,0,T2M,Archival
6/21/16,0,A7M,Archival
6/21/16,0,A2M,Archival
6/21/16,0,T2M,Archival
6/22/16,0,A7M,Archival
6/22/16,0,A2M,Archival
6/22/16,0,T2M,Archival
6/23/16,0,A7M,Archival
6/23/16,0,A2M,Archival
6/23/16,0,T2M,Archival
6/24/16,0,A7M,Archival
6/24/16,0,A2M,Archival
6/24/16,0,T2M,Archival
6/25/16,0,A7M,Archival
6/25/16,0,A2M,Archival
6/25/16,0,T2M,Archival
6/26/16,0,A7M,Archival
6/26/16,0,A2M,Archival
6/26/16,0,T2M,Archival
6/27/16,0,A7M,Archival
6/27/16,0,A2M,Archival
6/27/16,0,T2M,Archival
6/28/16,0,A7M,Archival
6/28/16,0,A2M,Archival
6/28/16,0,T2M,Archival
6/29/16,0,A7M,Archival
6/29/16,0,A2M,Archival
6/29/16,0,T2M,Archival
6/30/16,0,A7M,Archival
6/30/16,0,A2M,Archival
6/30/16,0,T2M,Archival
7/1/16,0,A7M,Archival
7/1/16,0,A2M,Archival
7/1/16,0,T2M,Archival
7/2/16,0,A7M,Archival
7/2/16,0,A2M,Archival
7/2/16,0,T2M,Archival
7/3/16,0,A7M,Archival
7/3/16,0,A2M,Archival
7/3/16,0,T2M,Archival
7/4/16,0,A7M,Archival
7/4/16,0,A2M,Archival
7/4/16,0,T2M,Archival
7/5/16,0,A7M,Archival
7/5/16,0,A2M,Archival
7/5/16,0,T2M,Archival
7/6/16,0,A7M,Archival
7/6/16,0,A2M,Archival
7/6/16,0,T2M,Archival
7/7/16,0,A7M,Archival
7/7/16,0,A2M,Archival
7/7/16,0,T2M,Archival
7/8/16,0,A7M,Archival
7/8/16,0,A2M,Archival
7/8/16,0,T2M,Archival
7/9/16,0,A7M,Archival
7/9/16,0,A2M,Archival
7/9/16,0,T2M,Archival
7/10/16,0,A7M,Archival
7/10/16,0,A2M,Archival
7/10/16,0,T2M,Archival
7/11/16,0,A7M,Archival
7/11/16,0,A2M,Archival
7/11/16,0,T2M,Archival
7/12/16,0,A7M,Archival
7/12/16,0,A2M,Archival
7/12/16,0,T2M,Archival
7/13/16,0,A7M,Archival
7/13/16,0,A2M,Archival
7/13/16,0,T2M,Archival
7/14/16,0,A7M,Archival
7/14/16,0,A2M,Archival
7/14/16,0,T2M,Archival
7/15/16,0,A7M,Archival
7/15/16,0,A2M,Archival
7/15/16,0,T2M,Archival
7/16/16,0,A7M,Archival
7/16/16,0,A2M,Archival
7/16/16,0,T2M,Archival
7/17/16,0,A7M,Archival
7/17/16,0,A2M,Archival
7/17/16,0,T2M,Archival
7/25/16,0,A7M,Archival
7/25/16,0,A2M,Archival
7/25/16,0,T2M,Archival
7/26/16,0,A7M,Archival
7/26/16,0,A2M,Archival
7/26/16,0,T2M,Archival
7/27/16,0,A7M,Archival
7/27/16,0,A2M,Archival
7/27/16,0,T2M,Archival
7/28/16,0,A7M,Archival
7/28/16,0,A2M,Archival
7/28/16,0,T2M,Archival
7/29/16,0,A7M,Archival
7/29/16,0,A2M,Archival
7/29/16,0,T2M,Archival
7/30/16,0,A7M,Archival
7/30/16,0,A2M,Archival
7/30/16,0,T2M,Archival
7/31/16,0,A7M,Archival
7/31/16,0,A2M,Archival
7/31/16,0,T2M,Archival
8/1/16,0,A7M,Archival
8/1/16,0,A2M,Archival
8/1/16,0,T2M,Archival
8/2/16,0,A7M,Archival
8/2/16,0,A2M,Archival
8/2/16,0,T2M,Archival
8/3/16,0,A7M,Archival
8/3/16,0,A2M,Archival
8/3/16,0,T2M,Archival
8/4/16,0,A7M,Archival
8/4/16,0,A2M,Archival
8/4/16,0,T2M,Archival
8/5/16,0,A7M,Archival
8/5/16,0,A2M,Archival
8/5/16,0,T2M,Archival
8/6/16,0,A7M,Archival
8/6/16,0,A2M,Archival
8/6/16,0,T2M,Archival
8/7/16,0,A7M,Archival
8/7/16,0,A2M,Archival
8/7/16,0,T2M,Archival
8/8/16,0,A7M,Archival
8/8/16,0,A2M,Archival
8/8/16,0,T2M,Archival
8/9/16,0,A7M,Archival
8/9/16,0,A2M,Archival
8/9/16,0,T2M,Archival
8/10/16,0,A7M,Archival
8/10/16,0,A2M,Archival
8/10/16,0,T2M,Archival
8/11/16,0,A7M,Archival
8/11/16,0,A2M,Archival
8/11/16,0,T2M,Archival
8/12/16,0,A7M,Archival
8/12/16,0,A2M,Archival
8/12/16,0,T2M,Archival
8/13/16,0,A7M,Archival
8/13/16,0,A2M,Archival
8/13/16,0,T2M,Archival
8/14/16,0,A7M,Archival
8/14/16,0,A2M,Archival
8/14/16,0,T2M,Archival
8/15/16,0,A7M,Archival
8/15/16,0,A2M,Archival
8/15/16,0,T2M,Archival
8/16/16,0,A7M,Archival
8/16/16,0,A2M,Archival
8/16/16,0,T2M,Archival
8/17/16,0,A7M,Archival
8/17/16,0,A2M,Archival
8/17/16,0,T2M,Archival
8/18/16,0,A7M,Archival
8/18/16,0,A2M,Archival
8/18/16,0,T2M,Archival
8/19/16,0,A7M,Archival
8/19/16,0,A2M,Archival
8/19/16,0,T2M,Archival
8/20/16,0,A7M,Archival
8/20/16,0,A2M,Archival
8/20/16,0,T2M,Archival
8/21/16,0,A7M,Archival
8/21/16,0,A2M,Archival
8/21/16,0,T2M,Archival
8/22/16,0,A7M,Archival
8/22/16,0,A2M,Archival
8/22/16,0,T2M,Archival
8/23/16,0,A7M,Archival
8/23/16,0,A2M,Archival
8/23/16,0,T2M,Archival
8/24/16,0,A7M,Archival
8/24/16,0,A2M,Archival
8/24/16,0,T2M,Archival
8/25/16,0,A7M,Archival
8/25/16,0,A2M,Archival
8/25/16,0,T2M,Archival
8/26/16,0,A7M,Archival
8/26/16,0,A2M,Archival
8/26/16,0,T2M,Archival
8/27/16,0,A7M,Archival
8/27/16,0,A2M,Archival
8/27/16,0,T2M,Archival
8/28/16,0,A7M,Archival
8/28/16,0,A2M,Archival
8/28/16,0,T2M,Archival
8/29/16,0,A7M,Archival
8/29/16,0,A2M,Archival
8/29/16,0,T2M,Archival
8/30/16,0,A7M,Archival
8/30/16,0,A2M,Archival
8/30/16,0,T2M,Archival
8/31/16,0,A7M,Archival
8/31/16,0,A2M,Archival
8/31/16,0,T2M,Archival
9/1/16,0,A7M,Archival
9/1/16,0,A2M,Archival
9/1/16,0,T2M,Archival
9/2/16,0,A7M,Archival
9/2/16,0,A2M,Archival
9/2/16,0,T2M,Archival
9/3/16,0,A7M,Archival
9/3/16,0,A2M,Archival
9/3/16,0,T2M,Archival
9/4/16,0,A7M,Archival
9/4/16,0,A2M,Archival
9/4/16,0,T2M,Archival
9/5/16,0,A7M,Archival
9/5/16,0,A2M,Archival
9/5/16,0,T2M,Archival
9/6/16,0,A7M,Archival
9/6/16,0,A2M,Archival
9/6/16,0,T2M,Archival
9/7/16,0,A7M,Archival
9/7/16,0,A2M,Archival
9/7/16,0,T2M,Archival
9/8/16,0,A7M,Archival
9/8/16,0,A2M,Archival
9/8/16,0,T2M,Archival
9/9/16,0,A7M,Archival
9/9/16,0,A2M,Archival
9/9/16,0,T2M,Archival
9/10/16,0,A7M,Archival
9/10/16,0,A2M,Archival
9/10/16,0,T2M,Archival
9/11/16,0,A7M,Archival
9/11/16,0,A2M,Archival
9/11/16,0,T2M,Archival
9/12/16,0,A7M,Archival
9/12/16,0,A2M,Archival
9/12/16,0,T2M,Archival
9/13/16,0,A7M,Archival
9/13/16,0,A2M,Archival
9/13/16,0,T2M,Archival
9/14/16,0,A7M,Archival
9/14/16,0,A2M,Archival
9/14/16,0,T2M,Archival
9/15/16,0,A7M,Archival
9/15/16,0,A2M,Archival
9/15/16,0,T2M,Archival
9/16/16,0,A7M,Archival
9/16/16,0,A2M,Archival
9/16/16,0,T2M,Archival
9/17/16,0,A7M,Archival
9/17/16,0,A2M,Archival
9/17/16,0,T2M,Archival
9/18/16,0,A7M,Archival
9/18/16,0,A2M,Archival
9/18/16,0,T2M,Archival
9/19/16,0,A7M,Archival
9/19/16,0,A2M,Archival
9/19/16,0,T2M,Archival
9/20/16,0,A7M,Archival
9/20/16,0,A2M,Archival
9/20/16,0,T2M,Archival
9/21/16,0,A7M,Archival
9/21/16,0,A2M,Archival
9/21/16,0,T2M,Archival
9/22/16,0,A7M,Archival
9/22/16,0,A2M,Archival
9/22/16,0,T2M,Archival
9/23/16,0,A7M,Archival
9/23/16,0,A2M,Archival
9/23/16,0,T2M,Archival
9/24/16,0,A7M,Archival
9/24/16,0,A2M,Archival
9/24/16,0,T2M,Archival
9/25/16,0,A7M,Archival
9/25/16,0,A2M,Archival
9/25/16,0,T2M,Archival
9/26/16,0,A7M,Archival
9/26/16,0,A2M,Archival
9/26/16,1,T2M,Archival
9/27/16,0,A7M,Archival
9/27/16,0,A2M,Archival
9/27/16,0,T2M,Archival
9/28/16,0,A7M,Archival
9/28/16,0,A2M,Archival
9/28/16,0,T2M,Archival
9/29/16,0,A7M,Archival
9/29/16,0,A2M,Archival
9/29/16,0,T2M,Archival
9/30/16,0,A7M,Archival
9/30/16,0,A2M,Archival
9/30/16,0,T2M,Archival
10/1/16,0,A7M,Archival
10/1/16,0,A2M,Archival
10/1/16,0,T2M,Archival
10/2/16,0,A7M,Archival
10/2/16,0,A2M,Archival
10/2/16,0,T2M,Archival
10/3/16,0,A7M,Archival
10/3/16,0,A2M,Archival
10/3/16,0,T2M,Archival
10/4/16,0,A7M,Archival
10/4/16,0,A2M,Archival
10/4/16,0,T2M,Archival
10/5/16,0,A7M,Archival
10/5/16,0,A2M,Archival
10/5/16,0,T2M,Archival
10/6/16,0,A7M,Archival
10/6/16,0,A2M,Archival
10/6/16,0,T2M,Archival
10/7/16,0,A7M,Archival
10/7/16,0,A2M,Archival
10/7/16,0,T2M,Archival
10/8/16,0,A7M,Archival
10/8/16,0,A2M,Archival
10/8/16,0,T2M,Archival
10/9/16,0,A7M,Archival
10/9/16,0,A2M,Archival
10/9/16,0,T2M,Archival
10/10/16,0,A7M,Archival
10/10/16,0,A2M,Archival
10/10/16,0,T2M,Archival
10/11/16,0,A7M,Archival
10/11/16,0,A2M,Archival
10/11/16,0,T2M,Archival
10/12/16,0,A7M,Archival
10/12/16,0,A2M,Archival
10/12/16,0,T2M,Archival
10/13/16,0,A7M,Archival
10/13/16,0,A2M,Archival
10/13/16,0,T2M,Archival
10/14/16,0,A7M,Archival
10/14/16,0,A2M,Archival
10/14/16,0,T2M,Archival
10/15/16,0,A7M,Archival
10/15/16,0,A2M,Archival
10/15/16,0,T2M,Archival
10/16/16,0,A7M,Archival
10/16/16,0,A2M,Archival
10/16/16,0,T2M,Archival
10/17/16,0,A7M,Archival
10/17/16,0,A2M,Archival
10/17/16,0,T2M,Archival
10/18/16,0,A7M,Archival
10/18/16,0,A2M,Archival
10/18/16,0,T2M,Archival
10/19/16,0,A7M,Archival
10/19/16,0,A2M,Archival
10/19/16,0,T2M,Archival
10/20/16,0,A7M,Archival
10/20/16,0,A2M,Archival
10/20/16,0,T2M,Archival
10/21/16,0,A7M,Archival
10/21/16,0,A2M,Archival
10/21/16,0,T2M,Archival
10/22/16,0,A7M,Archival
10/22/16,0,A2M,Archival
10/22/16,0,T2M,Archival
10/23/16,1,A7M,Archival
10/23/16,0,A2M,Archival
10/23/16,1,T2M,Archival
10/24/16,0,A7M,Archival
10/24/16,0,A2M,Archival
10/24/16,0,T2M,Archival
10/25/16,0,A7M,Archival
10/25/16,0,A2M,Archival
10/25/16,0,T2M,Archival
10/26/16,0,A7M,Archival
10/26/16,0,A2M,Archival
10/26/16,0,T2M,Archival
10/27/16,0,A7M,Archival
10/27/16,0,A2M,Archival
10/27/16,0,T2M,Archival
10/28/16,0,A7M,Archival
10/28/16,0,A2M,Archival
10/28/16,0,T2M,Archival
10/29/16,0,A7M,Archival
10/29/16,0,A2M,Archival
10/29/16,0,T2M,Archival
10/30/16,0,A7M,Archival
10/30/16,0,A2M,Archival
10/30/16,0,T2M,Archival
10/31/16,0,A7M,Archival
10/31/16,0,A2M,Archival
10/31/16,0,T2M,Archival
11/1/16,0,A7M,Archival
11/1/16,0,A2M,Archival
11/1/16,0,T2M,Archival
11/2/16,0,A7M,Archival
11/2/16,0,A2M,Archival
11/2/16,0,T2M,Archival
11/3/16,0,A7M,Archival
11/3/16,0,A2M,Archival
11/3/16,0,T2M,Archival
11/4/16,0,A7M,Archival
11/4/16,0,A2M,Archival
11/4/16,0,T2M,Archival
11/5/16,0,A7M,Archival
11/5/16,0,A2M,Archival
11/5/16,0,T2M,Archival
11/6/16,0,A7M,Archival
11/6/16,0,A2M,Archival
11/6/16,0,T2M,Archival
11/7/16,0,A7M,Archival
11/7/16,0,A2M,Archival
11/7/16,0,T2M,Archival
11/8/16,0,A7M,Archival
11/8/16,0,A2M,Archival
11/8/16,0,T2M,Archival
11/9/16,0,A7M,Archival
11/9/16,0,A2M,Archival
11/9/16,0,T2M,Archival
11/10/16,0,A7M,Archival
11/10/16,0,A2M,Archival
11/10/16,0,T2M,Archival
11/11/16,1,A7M,Archival
11/11/16,0,A2M,Archival
11/11/16,1,T2M,Archival
11/12/16,0,A7M,Archival
11/12/16,0,A2M,Archival
11/12/16,0,T2M,Archival
11/13/16,0,A7M,Archival
11/13/16,0,A2M,Archival
11/13/16,0,T2M,Archival
11/14/16,0,A7M,Archival
11/14/16,0,A2M,Archival
11/14/16,0,T2M,Archival
11/15/16,0,A7M,Archival
11/15/16,0,A2M,Archival
11/15/16,0,T2M,Archival
11/16/16,0,A7M,Archival
11/16/16,0,A2M,Archival
11/16/16,0,T2M,Archival
11/17/16,0,A7M,Archival
11/17/16,0,A2M,Archival
11/17/16,0,T2M,Archival
11/18/16,0,A7M,Archival
11/18/16,0,A2M,Archival
11/18/16,0,T2M,Archival
11/19/16,0,A7M,Archival
11/19/16,0,A2M,Archival
11/19/16,0,T2M,Archival
11/20/16,0,A7M,Archival
11/20/16,1,A2M,Archival
11/20/16,0,T2M,Archival
11/21/16,0,A7M,Archival
11/21/16,1,A2M,Archival
11/21/16,0,T2M,Archival
11/22/16,1,A7M,Archival
11/22/16,0,A2M,Archival
11/22/16,0,T2M,Archival
11/23/16,0,A7M,Archival
11/23/16,0,A2M,Archival
11/23/16,0,T2M,Archival
11/24/16,0,A7M,Archival
11/24/16,0,A2M,Archival
11/24/16,0,T2M,Archival
11/25/16,0,A7M,Archival
11/25/16,0,A2M,Archival
11/25/16,0,T2M,Archival
11/26/16,0,A7M,Archival
11/26/16,0,A2M,Archival
11/26/16,0,T2M,Archival
11/27/16,0,A7M,Archival
11/27/16,0,A2M,Archival
11/27/16,0,T2M,Archival
11/28/16,0,A7M,Archival
11/28/16,1,A2M,Archival
11/28/16,0,T2M,Archival
11/29/16,0,A7M,Archival
11/29/16,0,A2M,Archival
11/29/16,0,T2M,Archival
11/30/16,1,A7M,Archival
11/30/16,0,A2M,Archival
11/30/16,0,T2M,Archival
12/1/16,0,A7M,Archival
12/1/16,0,A2M,Archival
12/1/16,0,T2M,Archival
12/2/16,0,A7M,Archival
12/2/16,1,A2M,Archival
12/2/16,0,T2M,Archival
12/3/16,0,A7M,Archival
12/3/16,1,A2M,Archival
12/3/16,0,T2M,Archival
12/4/16,0,A7M,Archival
12/4/16,0,A2M,Archival
12/4/16,0,T2M,Archival
12/5/16,0,A7M,Archival
12/5/16,1,A2M,Archival
12/5/16,0,T2M,Archival
12/6/16,0,A7M,Archival
12/6/16,0,A2M,Archival
12/6/16,0,T2M,Archival
12/7/16,0,A7M,Archival
12/7/16,0,A2M,Archival
12/7/16,0,T2M,Archival
12/8/16,0,A7M,Archival
12/8/16,0,A2M,Archival
12/8/16,0,T2M,Archival
12/9/16,0,A7M,Archival
12/9/16,0,A2M,Archival
12/9/16,0,T2M,Archival
12/10/16,0,A7M,Archival
12/10/16,0,A2M,Archival
12/10/16,0,T2M,Archival
12/11/16,0,A7M,Archival
12/11/16,0,A2M,Archival
12/11/16,0,T2M,Archival
12/12/16,0,A7M,Archival
12/12/16,0,A2M,Archival
12/12/16,0,T2M,Archival
12/13/16,0,A7M,Archival
12/13/16,0,A2M,Archival
12/13/16,0,T2M,Archival
12/14/16,1,A7M,Archival
12/14/16,1,A2M,Archival
12/14/16,0,T2M,Archival
12/15/16,1,A7M,Archival
12/15/16,1,A2M,Archival
12/15/16,0,T2M,Archival
12/16/16,0,A7M,Archival
12/16/16,0,A2M,Archival
12/16/16,0,T2M,Archival
12/17/16,0,A7M,Archival
12/17/16,0,A2M,Archival
12/17/16,0,T2M,Archival
12/18/16,0,A7M,Archival
12/18/16,0,A2M,Archival
12/18/16,0,T2M,Archival
12/19/16,0,A7M,Archival
12/19/16,0,A2M,Archival
12/19/16,0,T2M,Archival
12/20/16,0,A7M,Archival
12/20/16,1,A2M,Archival
12/20/16,0,T2M,Archival
12/21/16,0,A7M,Archival
12/21/16,0,A2M,Archival
12/21/16,0,T2M,Archival
12/22/16,0,A7M,Archival
12/22/16,0,A2M,Archival
12/22/16,0,T2M,Archival
12/23/16,0,A7M,Archival
12/23/16,0,A2M,Archival
12/23/16,0,T2M,Archival
12/24/16,1,A7M,Archival
12/24/16,1,A2M,Archival
12/24/16,0,T2M,Archival
12/25/16,1,A7M,Archival
12/25/16,1,A2M,Archival
12/25/16,0,T2M,Archival
12/26/16,1,A7M,Archival
12/26/16,0,A2M,Archival
12/26/16,0,T2M,Archival
12/27/16,0,A7M,Archival
12/27/16,0,A2M,Archival
12/27/16,0,T2M,Archival
12/28/16,1,A7M,Archival
12/28/16,1,A2M,Archival
12/28/16,0,T2M,Archival
12/29/16,1,A7M,Archival
12/29/16,1,A2M,Archival
12/30/16,1,A7M,Archival
12/30/16,0,A2M,Archival
12/31/16,1,A7M,Archival
12/31/16,0,A2M,Archival
1/1/17,1,A7M,Archival
1/1/17,1,A2M,Archival
1/2/17,1,A7M,Archival
1/2/17,1,A2M,Archival
1/3/17,1,A7M,Archival
1/3/17,1,A2M,Archival
1/4/17,1,A7M,Archival
1/4/17,1,A2M,Archival
1/5/17,1,A7M,Archival
1/5/17,1,A2M,Archival
1/6/17,1,A7M,Archival
1/6/17,1,A2M,Archival
1/7/17,0,A7M,Archival
1/7/17,0,A2M,Archival
1/8/17,0,A7M,Archival
1/8/17,1,A2M,Archival
1/8/17,0,T2M,Archival
1/9/17,0,A7M,Archival
1/9/17,0,A2M,Archival
1/9/17,0,T2M,Archival
1/10/17,0,A7M,Archival
1/10/17,0,A2M,Archival
1/10/17,0,T2M,Archival
1/11/17,0,A7M,Archival
1/11/17,0,A2M,Archival
1/11/17,1,T2M,Archival
1/12/17,1,A7M,Archival
1/12/17,0,A2M,Archival
1/12/17,1,T2M,Archival
1/13/17,1,A7M,Archival
1/13/17,0,A2M,Archival
1/13/17,1,T2M,Archival
1/14/17,1,A7M,Archival
1/14/17,1,A2M,Archival
1/14/17,1,T2M,Archival
1/15/17,0,A7M,Archival
1/15/17,1,A2M,Archival
1/15/17,1,T2M,Archival
1/16/17,1,A7M,Archival
1/16/17,1,A2M,Archival
1/16/17,0,T2M,Archival
1/17/17,0,A7M,Archival
1/17/17,1,A2M,Archival
1/17/17,0,T2M,Archival
1/18/17,0,A7M,Archival
1/18/17,0,A2M,Archival
1/18/17,0,T2M,Archival
1/19/17,0,A7M,Archival
1/19/17,0,A2M,Archival
1/19/17,1,T2M,Archival
1/20/17,0,A7M,Archival
1/20/17,0,A2M,Archival
1/20/17,1,T2M,Archival
1/21/17,0,A7M,Archival
1/21/17,0,A2M,Archival
1/21/17,0,T2M,Archival
1/22/17,0,A7M,Archival
1/22/17,0,A2M,Archival
1/22/17,1,T2M,Archival
1/23/17,0,A7M,Archival
1/23/17,0,A2M,Archival
1/23/17,0,T2M,Archival
1/24/17,0,A7M,Archival
1/24/17,0,A2M,Archival
1/24/17,0,T2M,Archival
1/25/17,0,A7M,Archival
1/25/17,0,A2M,Archival
1/25/17,0,T2M,Archival
1/26/17,0,A7M,Archival
1/26/17,0,A2M,Archival
1/26/17,0,T2M,Archival
1/27/17,1,A7M,Archival
1/27/17,0,A2M,Archival
1/27/17,0,T2M,Archival
1/28/17,1,A7M,Archival
1/28/17,0,A2M,Archival
1/28/17,1,T2M,Archival
1/29/17,0,A7M,Archival
1/29/17,1,A2M,Archival
1/29/17,0,T2M,Archival
1/30/17,0,A7M,Archival
1/30/17,0,A2M,Archival
1/30/17,0,T2M,Archival
1/31/17,1,A7M,Archival
1/31/17,0,A2M,Archival
1/31/17,1,T2M,Archival
2/1/17,0,A7M,Archival
2/1/17,0,A2M,Archival
2/1/17,0,T2M,Archival
2/2/17,0,A7M,Archival
2/2/17,0,A2M,Archival
2/2/17,0,T2M,Archival
2/3/17,0,A7M,Archival
2/3/17,0,A2M,Archival
2/3/17,0,T2M,Archival
2/4/17,0,A7M,Archival
2/4/17,0,A2M,Archival
2/4/17,0,T2M,Archival
2/5/17,0,A7M,Archival
2/5/17,0,A2M,Archival
2/5/17,0,T2M,Archival
2/6/17,0,A7M,Archival
2/6/17,0,A2M,Archival
2/6/17,1,T2M,Archival
2/7/17,0,A7M,Archival
2/7/17,0,A2M,Archival
2/7/17,0,T2M,Archival
2/8/17,0,A7M,Archival
2/8/17,0,A2M,Archival
2/8/17,0,T2M,Archival
2/9/17,0,A7M,Archival
2/9/17,0,A2M,Archival
2/9/17,0,T2M,Archival
2/10/17,0,A7M,Archival
2/10/17,0,A2M,Archival
2/10/17,0,T2M,Archival
2/11/17,0,A7M,Archival
2/11/17,0,A2M,Archival
2/11/17,0,T2M,Archival
2/12/17,0,A7M,Archival
2/12/17,0,A2M,Archival
2/12/17,0,T2M,Archival
2/13/17,0,A7M,Archival
2/13/17,0,A2M,Archival
2/13/17,0,T2M,Archival
2/14/17,0,A7M,Archival
2/14/17,0,A2M,Archival
2/14/17,0,T2M,Archival
2/15/17,0,A7M,Archival
2/15/17,0,A2M,Archival
2/15/17,0,T2M,Archival
2/16/17,0,A7M,Archival
2/16/17,0,A2M,Archival
2/16/17,0,T2M,Archival
2/17/17,0,A7M,Archival
2/17/17,0,A2M,Archival
2/17/17,0,T2M,Archival
2/18/17,0,A7M,Archival
2/18/17,0,A2M,Archival
2/18/17,0,T2M,Archival
2/19/17,0,A7M,Archival
2/19/17,0,A2M,Archival
2/19/17,0,T2M,Archival
2/20/17,0,A7M,Archival
2/20/17,0,A2M,Archival
2/20/17,0,T2M,Archival
2/21/17,0,A7M,Archival
2/21/17,0,A2M,Archival
2/21/17,0,T2M,Archival
2/22/17,0,A7M,Archival
2/22/17,0,A2M,Archival
2/22/17,0,T2M,Archival
2/23/17,0,A7M,Archival
2/23/17,0,A2M,Archival
2/23/17,0,T2M,Archival
2/24/17,0,A7M,Archival
2/24/17,0,A2M,Archival
2/24/17,0,T2M,Archival
2/25/17,0,A7M,Archival
2/25/17,0,A2M,Archival
2/25/17,0,T2M,Archival
2/26/17,0,A7M,Archival
2/26/17,0,A2M,Archival
2/26/17,0,T2M,Archival
2/27/17,0,A7M,Archival
2/27/17,0,A2M,Archival
2/27/17,0,T2M,Archival
2/28/17,0,A7M,Archival
2/28/17,0,A2M,Archival
2/28/17,0,T2M,Archival
3/1/17,0,A7M,Archival
3/1/17,0,A2M,Archival
3/1/17,0,T2M,Archival
3/2/17,0,A7M,Archival
3/2/17,0,A2M,Archival
3/2/17,0,T2M,Archival
3/3/17,1,A7M,Archival
3/3/17,0,A2M,Archival
3/3/17,1,T2M,Archival
3/4/17,0,A7M,Archival
3/4/17,0,A2M,Archival
3/4/17,0,T2M,Archival
3/5/17,0,A7M,Archival
3/5/17,0,A2M,Archival
3/5/17,1,T2M,Archival
3/6/17,0,A7M,Archival
3/6/17,0,A2M,Archival
3/6/17,0,T2M,Archival
3/7/17,0,A7M,Archival
3/7/17,1,A2M,Archival
3/7/17,0,T2M,Archival
3/8/17,0,A7M,Archival
3/8/17,0,A2M,Archival
3/8/17,0,T2M,Archival
3/9/17,0,A7M,Archival
3/9/17,0,A2M,Archival
3/9/17,0,T2M,Archival
3/10/17,0,A7M,Archival
3/10/17,0,A2M,Archival
3/10/17,0,T2M,Archival
3/11/17,0,A7M,Archival
3/11/17,0,A2M,Archival
3/11/17,0,T2M,Archival
3/12/17,1,A7M,Archival
3/12/17,0,A2M,Archival
3/12/17,1,T2M,Archival
3/13/17,1,A7M,Archival
3/13/17,1,A2M,Archival
3/13/17,0,T2M,Archival
3/14/17,0,A7M,Archival
3/14/17,0,A2M,Archival
3/14/17,0,T2M,Archival
3/15/17,0,A7M,Archival
3/15/17,0,A2M,Archival
3/15/17,0,T2M,Archival
3/16/17,0,A7M,Archival
3/16/17,0,A2M,Archival
3/16/17,0,T2M,Archival
3/17/17,0,A7M,Archival
3/17/17,0,A2M,Archival
3/17/17,0,T2M,Archival
3/18/17,0,A7M,Archival
3/18/17,0,A2M,Archival
3/18/17,0,T2M,Archival
3/19/17,0,A7M,Archival
3/19/17,0,A2M,Archival
3/19/17,0,T2M,Archival
3/20/17,1,A7M,Archival
3/20/17,0,A2M,Archival
3/20/17,0,T2M,Archival
3/21/17,1,A7M,Archival
3/21/17,0,A2M,Archival
3/21/17,1,T2M,Archival
3/22/17,0,A7M,Archival
3/22/17,1,A2M,Archival
3/22/17,0,T2M,Archival
3/23/17,1,A7M,Archival
3/23/17,0,A2M,Archival
3/23/17,1,T2M,Archival
3/24/17,0,A7M,Archival
3/24/17,0,A2M,Archival
3/24/17,0,T2M,Archival
3/25/17,0,A7M,Archival
3/25/17,0,A2M,Archival
3/25/17,0,T2M,Archival
3/26/17,0,A7M,Archival
3/26/17,0,A2M,Archival
3/26/17,0,T2M,Archival
3/27/17,0,A7M,Archival
3/27/17,0,A2M,Archival
3/27/17,0,T2M,Archival
3/28/17,0,A7M,Archival
3/28/17,0,A2M,Archival
3/28/17,0,T2M,Archival
3/29/17,0,A7M,Archival
3/29/17,0,A2M,Archival
3/29/17,0,T2M,Archival
3/30/17,0,A7M,Archival
3/30/17,1,A2M,Archival
3/30/17,0,T2M,Archival
3/31/17,0,A7M,Archival
3/31/17,0,A2M,Archival
3/31/17,0,T2M,Archival
4/1/17,0,A7M,Archival
4/1/17,0,A2M,Archival
4/1/17,0,T2M,Archival
4/2/17,0,A7M,Archival
4/2/17,0,A2M,Archival
4/2/17,0,T2M,Archival
4/3/17,0,A7M,Archival
4/3/17,0,A2M,Archival
4/3/17,0,T2M,Archival
4/4/17,0,A7M,Archival
4/4/17,0,A2M,Archival
4/4/17,0,T2M,Archival
4/5/17,0,A7M,Archival
4/5/17,0,A2M,Archival
4/5/17,0,T2M,Archival
4/6/17,1,A7M,Archival
4/6/17,0,A2M,Archival
4/6/17,0,T2M,Archival
4/7/17,0,A7M,Archival
4/7/17,0,A2M,Archival
4/7/17,0,T2M,Archival
4/8/17,0,A7M,Archival
4/8/17,0,A2M,Archival
4/8/17,0,T2M,Archival
4/9/17,0,A7M,Archival
4/9/17,0,A2M,Archival
4/9/17,0,T2M,Archival
4/10/17,0,A7M,Archival
4/10/17,0,A2M,Archival
4/10/17,0,T2M,Archival
4/11/17,0,A7M,Archival
4/11/17,0,A2M,Archival
4/11/17,0,T2M,Archival
4/12/17,0,A7M,Archival
4/12/17,0,A2M,Archival
4/12/17,0,T2M,Archival
4/13/17,0,A7M,Archival
4/13/17,0,A2M,Archival
4/13/17,0,T2M,Archival
4/14/17,0,A7M,Archival
4/14/17,0,A2M,Archival
4/14/17,0,T2M,Archival
4/15/17,0,A7M,Archival
4/15/17,0,A2M,Archival
4/15/17,0,T2M,Archival
4/16/17,0,A7M,Archival
4/16/17,0,A2M,Archival
4/16/17,0,T2M,Archival
4/17/17,0,A7M,Archival
4/17/17,0,A2M,Archival
4/17/17,0,T2M,Archival
4/18/17,0,A7M,Archival
4/18/17,0,A2M,Archival
4/18/17,0,T2M,Archival
4/19/17,0,A7M,Archival
4/19/17,0,A2M,Archival
4/19/17,0,T2M,Archival
4/20/17,0,A7M,Archival
4/20/17,0,A2M,Archival
4/20/17,0,T2M,Archival
4/21/17,0,A7M,Archival
4/21/17,0,A2M,Archival
4/21/17,0,T2M,Archival
4/22/17,0,A7M,Archival
4/22/17,0,A2M,Archival
4/22/17,0,T2M,Archival
4/23/17,0,A7M,Archival
4/23/17,0,A2M,Archival
4/23/17,0,T2M,Archival
4/24/17,0,A7M,Archival
4/24/17,0,A2M,Archival
4/24/17,0,T2M,Archival
4/25/17,0,A7M,Archival
4/25/17,0,A2M,Archival
4/25/17,0,T2M,Archival
4/26/17,0,A7M,Archival
4/26/17,0,A2M,Archival
4/26/17,0,T2M,Archival
4/27/17,0,A7M,Archival
4/27/17,0,A2M,Archival
4/27/17,0,T2M,Archival
4/28/17,0,A7M,Archival
4/28/17,0,A2M,Archival
4/28/17,0,T2M,Archival
4/29/17,0,A7M,Archival
4/29/17,0,A2M,Archival
4/29/17,0,T2M,Archival
4/30/17,0,A7M,Archival
4/30/17,0,A2M,Archival
4/30/17,0,T2M,Archival
5/1/17,0,A7M,Archival
5/1/17,0,A2M,Archival
5/1/17,0,T2M,Archival
5/2/17,0,A7M,Archival
5/2/17,0,A2M,Archival
5/2/17,0,T2M,Archival
5/3/17,0,A7M,Archival
5/3/17,0,A2M,Archival
5/3/17,0,T2M,Archival
5/4/17,0,A7M,Archival
5/4/17,0,A2M,Archival
5/4/17,0,T2M,Archival
5/5/17,0,A7M,Archival
5/5/17,0,A2M,Archival
5/5/17,0,T2M,Archival
5/6/17,0,A7M,Archival
5/6/17,0,A2M,Archival
5/6/17,0,T2M,Archival
5/7/17,0,A7M,Archival
5/7/17,0,A2M,Archival
5/7/17,0,T2M,Archival
5/8/17,0,A7M,Archival
5/8/17,0,A2M,Archival
5/8/17,0,T2M,Archival
5/9/17,0,A7M,Archival
5/9/17,0,A2M,Archival
5/9/17,0,T2M,Archival
5/10/17,0,A7M,Archival
5/10/17,0,A2M,Archival
5/10/17,0,T2M,Archival
5/11/17,0,A7M,Archival
5/11/17,0,A2M,Archival
5/11/17,0,T2M,Archival
5/12/17,0,A7M,Archival
5/12/17,0,A2M,Archival
5/12/17,0,T2M,Archival
5/13/17,0,A7M,Archival
5/13/17,0,A2M,Archival
5/13/17,0,T2M,Archival
5/14/17,0,A7M,Archival
5/14/17,0,A2M,Archival
5/14/17,0,T2M,Archival
5/15/17,0,A7M,Archival
5/15/17,0,A2M,Archival
5/15/17,0,T2M,Archival
5/16/17,0,A7M,Archival
5/16/17,0,A2M,Archival
5/16/17,0,T2M,Archival
5/17/17,0,A7M,Archival
5/17/17,0,A2M,Archival
5/17/17,0,T2M,Archival
5/18/17,0,A7M,Archival
5/18/17,0,A2M,Archival
5/18/17,0,T2M,Archival
5/19/17,0,A7M,Archival
5/19/17,0,A2M,Archival
5/19/17,0,T2M,Archival
5/20/17,0,A7M,Archival
5/20/17,0,A2M,Archival
5/20/17,0,T2M,Archival
5/21/17,0,A7M,Archival
5/21/17,0,A2M,Archival
5/21/17,0,T2M,Archival
5/22/17,0,A7M,Archival
5/22/17,0,A2M,Archival
5/22/17,0,T2M,Archival
5/23/17,0,A7M,Archival
5/23/17,0,A2M,Archival
5/23/17,0,T2M,Archival
5/24/17,0,A7M,Archival
5/24/17,0,A2M,Archival
5/24/17,0,T2M,Archival
5/25/17,0,A7M,Archival
5/25/17,0,A2M,Archival
5/25/17,0,T2M,Archival
5/26/17,0,A7M,Archival
5/26/17,0,A2M,Archival
5/26/17,0,T2M,Archival
5/27/17,0,A7M,Archival
5/27/17,0,A2M,Archival
5/27/17,0,T2M,Archival
5/28/17,0,A7M,Archival
5/28/17,0,A2M,Archival
5/28/17,0,T2M,Archival
5/29/17,0,A7M,Archival
5/29/17,0,A2M,Archival
5/29/17,0,T2M,Archival
5/30/17,0,A7M,Archival
5/30/17,0,A2M,Archival
5/30/17,0,T2M,Archival
5/31/17,0,A7M,Archival
5/31/17,0,A2M,Archival
5/31/17,0,T2M,Archival
6/1/17,0,A7M,Archival
6/1/17,0,A2M,Archival
6/1/17,0,T2M,Archival
6/2/17,0,A7M,Archival
6/2/17,0,A2M,Archival
6/2/17,0,T2M,Archival
6/3/17,0,A7M,Archival
6/3/17,0,A2M,Archival
6/3/17,0,T2M,Archival
6/4/17,0,A7M,Archival
6/4/17,0,A2M,Archival
6/4/17,0,T2M,Archival
6/5/17,0,A7M,Archival
6/5/17,0,A2M,Archival
6/5/17,0,T2M,Archival
6/6/17,0,A7M,Archival
6/6/17,0,A2M,Archival
6/6/17,0,T2M,Archival
6/7/17,1,A7M,Archival
6/7/17,0,A2M,Archival
6/7/17,1,T2M,Archival
6/8/17,0,A7M,Archival
6/8/17,0,A2M,Archival
6/8/17,0,T2M,Archival
6/9/17,0,A7M,Archival
6/9/17,0,A2M,Archival
6/9/17,0,T2M,Archival
6/10/17,0,A7M,Archival
6/10/17,0,A2M,Archival
6/10/17,0,T2M,Archival
6/11/17,0,A7M,Archival
6/11/17,0,A2M,Archival
6/11/17,0,T2M,Archival
6/12/17,0,A7M,Archival
6/12/17,0,A2M,Archival
6/12/17,0,T2M,Archival
6/13/17,0,A7M,Archival
6/13/17,0,A2M,Archival
6/13/17,0,T2M,Archival
6/13/17,0,A7M,Archival
6/13/17,0,A2M,Archival
6/13/17,0,T2M,Archival
6/14/17,0,A7M,Archival
6/14/17,0,A2M,Archival
6/14/17,0,T2M,Archival
6/14/17,0,A7M,Archival
6/14/17,0,A2M,Archival
6/14/17,0,T2M,Archival
6/15/17,0,A7M,Archival
6/15/17,0,A2M,Archival
6/15/17,0,A7M,Archival
6/15/17,0,A2M,Archival
6/15/17,0,T2M,Archival
6/16/17,1,A7M,Archival
6/16/17,1,A2M,Archival
6/16/17,0,T2M,Archival
6/17/17,0,A7M,Archival
6/17/17,0,A2M,Archival
6/17/17,0,T2M,Archival
6/18/17,0,A7M,Archival
6/18/17,0,A2M,Archival
6/18/17,0,T2M,Archival
6/19/17,0,A7M,Archival
6/19/17,0,A2M,Archival
6/19/17,0,T2M,Archival
6/20/17,1,A7M,Archival
6/20/17,0,A2M,Archival
6/20/17,1,T2M,Archival
6/21/17,0,A7M,Archival
6/21/17,0,A2M,Archival
6/21/17,0,T2M,Archival
6/22/17,0,A7M,Archival
6/22/17,0,A2M,Archival
6/22/17,0,T2M,Archival
6/23/17,0,A7M,Archival
6/23/17,0,A2M,Archival
6/23/17,0,T2M,Archival
6/24/17,0,A7M,Archival
6/24/17,0,A2M,Archival
6/24/17,0,T2M,Archival
6/25/17,0,A7M,Archival
6/25/17,0,A2M,Archival
6/25/17,0,T2M,Archival
6/26/17,0,A7M,Archival
6/26/17,0,A2M,Archival
6/26/17,0,T2M,Archival
6/27/17,0,A7M,Archival
6/27/17,0,A2M,Archival
6/27/17,0,T2M,Archival
6/28/17,0,A7M,Archival
6/28/17,0,A2M,Archival
6/28/17,0,T2M,Archival
6/29/17,0,A7M,Archival
6/29/17,0,A2M,Archival
6/29/17,0,T2M,Archival
6/30/17,0,A7M,Archival
6/30/17,0,A2M,Archival
6/30/17,0,T2M,Archival
7/1/17,0,A7M,Archival
7/1/17,0,A2M,Archival
7/1/17,0,T2M,Archival
7/2/17,0,A7M,Archival
7/2/17,0,A2M,Archival
7/2/17,0,T2M,Archival
7/3/17,0,A7M,Archival
7/3/17,0,A2M,Archival
7/3/17,0,T2M,Archival
7/4/17,0,A7M,Archival
7/4/17,0,A2M,Archival
7/4/17,0,T2M,Archival
7/5/17,0,A7M,Archival
7/5/17,0,A2M,Archival
7/5/17,0,T2M,Archival
7/6/17,0,A7M,Archival
7/6/17,0,A2M,Archival
7/6/17,0,T2M,Archival
7/7/17,0,A7M,Archival
7/7/17,0,A2M,Archival
7/7/17,0,T2M,Archival
7/8/17,0,A7M,Archival
7/8/17,0,A2M,Archival
7/8/17,0,T2M,Archival
7/9/17,0,A7M,Archival
7/9/17,0,A2M,Archival
7/9/17,0,T2M,Archival
7/10/17,0,A7M,Archival
7/10/17,0,A2M,Archival
7/10/17,0,T2M,Archival
7/11/17,0,A7M,Archival
7/11/17,0,A2M,Archival
7/11/17,0,T2M,Archival
7/12/17,0,A7M,Archival
7/12/17,0,A2M,Archival
7/12/17,0,T2M,Archival
7/13/17,0,A7M,Archival
7/13/17,0,A2M,Archival
7/13/17,0,T2M,Archival
7/14/17,0,A7M,Archival
7/14/17,0,A2M,Archival
7/14/17,0,T2M,Archival
7/15/17,0,A7M,Archival
7/15/17,0,A2M,Archival
7/15/17,0,T2M,Archival
7/16/17,0,A7M,Archival
7/16/17,0,A2M,Archival
7/16/17,0,T2M,Archival
7/17/17,0,A7M,Archival
7/17/17,0,A2M,Archival
7/17/17,0,T2M,Archival
7/18/17,0,A7M,Archival
7/18/17,0,A2M,Archival
7/18/17,0,T2M,Archival
7/19/17,0,A7M,Archival
7/19/17,0,A2M,Archival
7/19/17,0,T2M,Archival
7/20/17,0,A7M,Archival
7/20/17,0,A2M,Archival
7/20/17,0,T2M,Archival
7/21/17,0,A7M,Archival
7/21/17,0,A2M,Archival
7/21/17,0,T2M,Archival
7/22/17,0,A7M,Archival
7/22/17,0,A2M,Archival
7/22/17,0,T2M,Archival
7/23/17,0,A7M,Archival
7/23/17,0,A2M,Archival
7/23/17,0,T2M,Archival
7/24/17,0,A7M,Archival
7/24/17,0,A2M,Archival
7/24/17,0,T2M,Archival
7/25/17,0,A7M,Archival
7/25/17,0,A2M,Archival
7/25/17,0,T2M,Archival
7/26/17,0,A7M,Archival
7/26/17,0,A2M,Archival
7/26/17,0,T2M,Archival
7/27/17,0,A7M,Archival
7/27/17,0,A2M,Archival
7/27/17,0,T2M,Archival
7/28/17,0,A7M,Archival
7/28/17,0,A2M,Archival
7/28/17,0,T2M,Archival
7/29/17,0,A7M,Archival
7/29/17,0,A2M,Archival
7/29/17,0,T2M,Archival
7/30/17,0,A7M,Archival
7/30/17,0,A2M,Archival
7/30/17,0,T2M,Archival
7/31/17,0,A7M,Archival
7/31/17,0,A2M,Archival
7/31/17,0,T2M,Archival
8/1/17,0,A7M,Archival
8/1/17,0,A2M,Archival
8/1/17,0,T2M,Archival
8/2/17,0,A7M,Archival
8/2/17,0,A2M,Archival
8/2/17,0,T2M,Archival
8/3/17,0,A7M,Archival
8/3/17,0,A2M,Archival
8/3/17,0,T2M,Archival
8/4/17,0,A7M,Archival
8/4/17,0,A2M,Archival
8/4/17,0,T2M,Archival
8/5/17,0,A7M,Archival
8/5/17,0,A2M,Archival
8/5/17,0,T2M,Archival
8/6/17,0,A7M,Archival
8/6/17,0,A2M,Archival
8/6/17,0,T2M,Archival
8/7/17,0,A7M,Archival
8/7/17,0,A2M,Archival
8/7/17,0,T2M,Archival
8/8/17,0,A7M,Archival
8/8/17,0,A2M,Archival
8/8/17,0,T2M,Archival
8/9/17,0,A7M,Archival
8/9/17,0,A2M,Archival
8/9/17,0,T2M,Archival
8/10/17,0,A7M,Archival
8/10/17,0,A2M,Archival
8/10/17,0,T2M,Archival
8/11/17,0,A7M,Archival
8/11/17,0,A2M,Archival
8/11/17,0,T2M,Archival
8/12/17,0,A7M,Archival
8/12/17,0,A2M,Archival
8/12/17,0,T2M,Archival
8/13/17,0,A7M,Archival
8/13/17,0,A2M,Archival
8/13/17,0,T2M,Archival
8/14/17,0,A7M,Archival
8/14/17,0,A2M,Archival
8/14/17,0,T2M,Archival
8/15/17,0,A7M,Archival
8/15/17,0,A2M,Archival
8/15/17,0,T2M,Archival
8/16/17,0,A7M,Archival
8/16/17,0,A2M,Archival
8/16/17,0,T2M,Archival
8/17/17,0,A7M,Archival
8/17/17,0,A2M,Archival
8/17/17,0,T2M,Archival
8/18/17,0,A7M,Archival
8/18/17,0,A2M,Archival
8/18/17,0,T2M,Archival
8/19/17,0,A7M,Archival
8/19/17,0,A2M,Archival
8/19/17,0,T2M,Archival
8/20/17,0,A7M,Archival
8/20/17,0,A2M,Archival
8/20/17,0,T2M,Archival
8/21/17,0,A7M,Archival
8/21/17,0,A2M,Archival
8/21/17,0,T2M,Archival
8/22/17,0,A7M,Archival
8/22/17,0,A2M,Archival
8/22/17,0,T2M,Archival
8/23/17,0,A7M,Archival
8/23/17,0,A2M,Archival
8/23/17,0,T2M,Archival
8/24/17,0,A7M,Archival
8/24/17,0,A2M,Archival
8/24/17,0,T2M,Archival
8/25/17,0,A7M,Archival
8/25/17,0,A2M,Archival
8/25/17,0,T2M,Archival
8/26/17,0,A7M,Archival
8/26/17,0,A2M,Archival
8/26/17,0,T2M,Archival
8/27/17,0,A7M,Archival
8/27/17,0,A2M,Archival
8/27/17,0,T2M,Archival
8/28/17,0,A7M,Archival
8/28/17,0,A2M,Archival
8/28/17,0,T2M,Archival
8/29/17,0,A7M,Archival
8/29/17,0,A2M,Archival
8/29/17,0,T2M,Archival
8/30/17,0,A7M,Archival
8/30/17,0,A2M,Archival
8/30/17,0,T2M,Archival
8/31/17,0,A7M,Archival
8/31/17,0,A2M,Archival
8/31/17,0,T2M,Archival
9/1/17,0,A7M,Archival
9/1/17,0,A2M,Archival
9/1/17,0,T2M,Archival
9/2/17,0,A7M,Archival
9/2/17,0,A2M,Archival
9/2/17,0,T2M,Archival
9/3/17,0,A7M,Archival
9/3/17,0,A2M,Archival
9/3/17,0,T2M,Archival
9/4/17,0,A7M,Archival
9/4/17,0,A2M,Archival
9/4/17,0,T2M,Archival
9/5/17,0,A7M,Archival
9/5/17,0,A2M,Archival
9/5/17,0,T2M,Archival
9/6/17,0,A7M,Archival
9/6/17,0,A2M,Archival
9/6/17,0,T2M,Archival
9/7/17,0,A7M,Archival
9/7/17,0,A2M,Archival
9/7/17,0,T2M,Archival
9/8/17,0,A7M,Archival
9/8/17,0,A2M,Archival
9/8/17,0,T2M,Archival
9/9/17,0,A7M,Archival
9/9/17,0,A2M,Archival
9/9/17,0,T2M,Archival
9/10/17,0,A7M,Archival
9/10/17,0,A2M,Archival
9/10/17,0,T2M,Archival
9/11/17,0,A7M,Archival
9/11/17,0,A2M,Archival
9/11/17,0,T2M,Archival
9/12/17,0,A7M,Archival
9/12/17,0,A2M,Archival
9/12/17,0,T2M,Archival
9/13/17,0,A7M,Archival
9/13/17,0,A2M,Archival
9/13/17,0,T2M,Archival
9/14/17,0,A7M,Archival
9/14/17,0,A2M,Archival
9/14/17,0,T2M,Archival
9/15/17,0,A7M,Archival
9/15/17,0,A2M,Archival
9/15/17,0,T2M,Archival
9/16/17,0,A7M,Archival
9/16/17,0,A2M,Archival
9/16/17,0,T2M,Archival
9/17/17,0,A7M,Archival
9/17/17,0,A2M,Archival
9/17/17,0,T2M,Archival
9/18/17,0,A7M,Archival
9/18/17,0,A2M,Archival
9/18/17,0,T2M,Archival
9/19/17,0,A7M,Archival
9/19/17,0,A2M,Archival
9/19/17,0,T2M,Archival
9/20/17,0,A7M,Archival
9/20/17,0,A2M,Archival
9/20/17,0,T2M,Archival
9/21/17,0,A7M,Archival
9/21/17,0,A2M,Archival
9/21/17,0,T2M,Archival
9/22/17,0,A7M,Archival
9/22/17,0,A2M,Archival
9/22/17,0,T2M,Archival
9/23/17,0,A7M,Archival
9/23/17,0,A2M,Archival
9/23/17,0,T2M,Archival
9/24/17,0,A7M,Archival
9/24/17,0,A2M,Archival
9/24/17,0,T2M,Archival
9/25/17,0,A7M,Archival
9/25/17,0,A2M,Archival
9/25/17,0,T2M,Archival
9/26/17,0,A7M,Archival
9/26/17,0,A2M,Archival
9/26/17,0,T2M,Archival
9/27/17,0,A7M,Archival
9/27/17,0,A2M,Archival
9/27/17,0,T2M,Archival
9/28/17,0,A7M,Archival
9/28/17,0,A2M,Archival
9/28/17,0,T2M,Archival
9/29/17,0,A7M,Archival
9/29/17,0,A2M,Archival
9/29/17,0,T2M,Archival
9/30/17,0,A7M,Archival
9/30/17,0,A2M,Archival
9/30/17,0,T2M,Archival
10/1/17,0,A7M,Archival
10/1/17,0,A2M,Archival
10/1/17,0,T2M,Archival
10/2/17,0,A7M,Archival
10/2/17,0,A2M,Archival
10/2/17,0,T2M,Archival
10/3/17,0,A7M,Archival
10/3/17,0,A2M,Archival
10/3/17,0,T2M,Archival
10/4/17,0,A7M,Archival
10/4/17,0,A2M,Archival
10/4/17,0,T2M,Archival
10/5/17,0,A7M,Archival
10/5/17,0,A2M,Archival
10/5/17,0,T2M,Archival
10/6/17,0,A7M,Archival
10/6/17,0,A2M,Archival
10/6/17,0,T2M,Archival
10/7/17,0,A7M,Archival
10/7/17,0,A2M,Archival
10/7/17,0,T2M,Archival
10/8/17,0,A7M,Archival
10/8/17,0,A2M,Archival
10/8/17,0,T2M,Archival
10/9/17,0,A7M,Archival
10/9/17,0,A2M,Archival
10/9/17,0,T2M,Archival
10/10/17,0,A7M,Archival
10/10/17,0,A2M,Archival
10/10/17,0,T2M,Archival
10/11/17,0,A7M,Archival
10/11/17,0,A2M,Archival
10/11/17,0,T2M,Archival
10/12/17,0,A7M,Archival
10/12/17,0,A2M,Archival
10/12/17,0,T2M,Archival
10/13/17,0,A7M,Archival
10/13/17,0,A2M,Archival
10/13/17,0,T2M,Archival
10/14/17,0,A7M,Archival
10/14/17,0,A2M,Archival
10/14/17,0,T2M,Archival
10/15/17,0,A7M,Archival
10/15/17,0,A2M,Archival
10/15/17,0,T2M,Archival
10/16/17,0,A7M,Archival
10/16/17,0,A2M,Archival
10/16/17,0,T2M,Archival
10/17/17,0,A7M,Archival
10/17/17,0,A2M,Archival
10/17/17,0,T2M,Archival
10/18/17,0,A7M,Archival
10/18/17,0,A2M,Archival
10/18/17,0,T2M,Archival
10/19/17,0,A7M,Archival
10/19/17,0,A2M,Archival
10/19/17,0,T2M,Archival
10/20/17,0,A7M,Archival
10/20/17,0,A2M,Archival
10/20/17,0,T2M,Archival
10/21/17,0,A7M,Archival
10/21/17,0,A2M,Archival
10/21/17,0,T2M,Archival
10/22/17,0,A7M,Archival
10/22/17,0,A2M,Archival
10/22/17,0,T2M,Archival
10/23/17,0,A7M,Archival
10/23/17,0,A2M,Archival
10/23/17,0,T2M,Archival
10/24/17,0,A7M,Archival
10/24/17,0,A2M,Archival
10/24/17,0,T2M,Archival
10/25/17,0,A7M,Archival
10/25/17,0,A2M,Archival
10/25/17,0,T2M,Archival
10/26/17,0,A7M,Archival
10/26/17,0,A2M,Archival
10/26/17,0,T2M,Archival
10/27/17,0,A7M,Archival
10/27/17,0,A2M,Archival
10/27/17,0,T2M,Archival
10/28/17,0,A7M,Archival
10/28/17,0,A2M,Archival
10/28/17,0,T2M,Archival
10/29/17,0,A7M,Archival
10/29/17,0,A2M,Archival
10/29/17,0,T2M,Archival
10/30/17,0,A7M,Archival
10/30/17,0,A2M,Archival
10/30/17,0,T2M,Archival
10/31/17,0,A7M,Archival
10/31/17,0,A2M,Archival
10/31/17,0,T2M,Archival
11/1/17,0,A7M,Archival
11/1/17,0,A2M,Archival
11/1/17,0,T2M,Archival
11/2/17,0,A7M,Archival
11/2/17,0,A2M,Archival
11/2/17,0,T2M,Archival
11/3/17,0,A7M,Archival
11/3/17,0,A2M,Archival
11/3/17,0,T2M,Archival
11/4/17,0,A7M,Archival
11/4/17,0,A2M,Archival
11/4/17,0,T2M,Archival
11/5/17,0,A7M,Archival
11/5/17,0,A2M,Archival
11/5/17,0,T2M,Archival
11/6/17,0,A7M,Archival
11/6/17,0,A2M,Archival
11/6/17,0,T2M,Archival
11/7/17,0,A7M,Archival
11/7/17,0,A2M,Archival
11/7/17,0,T2M,Archival
11/8/17,0,A7M,Archival
11/8/17,0,A2M,Archival
11/8/17,0,T2M,Archival
11/9/17,0,A7M,Archival
11/9/17,0,A2M,Archival
11/9/17,0,T2M,Archival
11/10/17,0,A7M,Archival
11/10/17,0,A2M,Archival
11/10/17,0,T2M,Archival
11/11/17,0,A7M,Archival
11/11/17,0,A2M,Archival
11/11/17,0,T2M,Archival
11/12/17,0,A7M,Archival
11/12/17,0,A2M,Archival
11/12/17,0,T2M,Archival
11/13/17,0,A7M,Archival
11/13/17,0,A2M,Archival
11/13/17,0,T2M,Archival
11/14/17,0,A7M,Archival
11/14/17,0,A2M,Archival
11/14/17,0,T2M,Archival
11/15/17,0,A7M,Archival
11/15/17,0,A2M,Archival
11/15/17,0,T2M,Archival
11/16/17,0,A7M,Archival
11/16/17,0,A2M,Archival
11/16/17,0,T2M,Archival
11/17/17,0,A7M,Archival
11/17/17,0,A2M,Archival
11/17/17,0,T2M,Archival
11/18/17,0,A7M,Archival
11/18/17,0,A2M,Archival
11/18/17,0,T2M,Archival
11/19/17,0,A7M,Archival
11/19/17,0,A2M,Archival
11/19/17,0,T2M,Archival
11/20/17,0,A7M,Archival
11/20/17,0,A2M,Archival
11/20/17,0,T2M,Archival
11/21/17,0,A7M,Archival
11/21/17,0,A2M,Archival
11/21/17,0,T2M,Archival
11/22/17,0,A7M,Archival
11/22/17,0,A2M,Archival
11/22/17,0,T2M,Archival
11/23/17,0,A7M,Archival
11/23/17,0,A2M,Archival
11/23/17,0,T2M,Archival
11/24/17,1,A7M,Archival
6/1/21,0,RTWB,RealTime
6/2/21,0,RTWB,RealTime
6/3/21,0,RTWB,RealTime
6/4/21,0,RTWB,RealTime
6/5/21,0,RTWB,RealTime
6/6/21,0,RTWB,RealTime
6/7/21,0,RTWB,RealTime
6/8/21,0,RTWB,RealTime
6/9/21,0,RTWB,RealTime
6/10/21,0,RTWB,RealTime
6/11/21,0,RTWB,RealTime
6/12/21,0,RTWB,RealTime
6/13/21,0,RTWB,RealTime
6/14/21,0,RTWB,RealTime
6/15/21,0,RTWB,RealTime
6/16/21,0,RTWB,RealTime
6/17/21,0,RTWB,RealTime
6/18/21,1,RTWB,RealTime
6/19/21,0,RTWB,RealTime
6/20/21,0,RTWB,RealTime
6/21/21,0,RTWB,RealTime
6/22/21,0,RTWB,RealTime
6/23/21,0,RTWB,RealTime
6/24/21,0,RTWB,RealTime
6/25/21,0,RTWB,RealTime
6/26/21,0,RTWB,RealTime
6/27/21,0,RTWB,RealTime
6/28/21,0,RTWB,RealTime
6/29/21,0,RTWB,RealTime
7/1/21,0,RTWB,RealTime
7/2/21,0,RTWB,RealTime
7/3/21,0,RTWB,RealTime
7/4/21,0,RTWB,RealTime
7/5/21,0,RTWB,RealTime
7/6/21,0,RTWB,RealTime
7/7/21,0,RTWB,RealTime
7/8/21,0,RTWB,RealTime
7/9/21,0,RTWB,RealTime
7/10/21,0,RTWB,RealTime
7/11/21,0,RTWB,RealTime
7/12/21,0,RTWB,RealTime
7/13/21,0,RTWB,RealTime
7/14/21,0,RTWB,RealTime
7/15/21,0,RTWB,RealTime
7/16/21,0,RTWB,RealTime
7/17/21,0,RTWB,RealTime
7/18/21,0,RTWB,RealTime
7/19/21,0,RTWB,RealTime
7/20/21,0,RTWB,RealTime
7/21/21,0,RTWB,RealTime
7/22/21,0,RTWB,RealTime
7/23/21,0,RTWB,RealTime
7/24/21,0,RTWB,RealTime
7/25/21,0,RTWB,RealTime
7/26/21,0,RTWB,RealTime
7/27/21,0,RTWB,RealTime
7/28/21,0,RTWB,RealTime
7/29/21,0,RTWB,RealTime
7/30/21,0,RTWB,RealTime
7/31/21,0,RTWB,RealTime
10/1/21,0,RTWB,RealTime
10/2/21,0,RTWB,RealTime
10/3/21,0,RTWB,RealTime
10/4/21,0,RTWB,RealTime
10/5/21,0,RTWB,RealTime
10/6/21,0,RTWB,RealTime
10/7/21,0,RTWB,RealTime
10/8/21,0,RTWB,RealTime
10/9/21,0,RTWB,RealTime
10/10/21,0,RTWB,RealTime
10/11/21,0,RTWB,RealTime
10/12/21,0,RTWB,RealTime
10/13/21,0,RTWB,RealTime
10/14/21,0,RTWB,RealTime
10/15/21,0,RTWB,RealTime
10/16/21,0,RTWB,RealTime
10/17/21,0,RTWB,RealTime
10/18/21,0,RTWB,RealTime
10/19/21,0,RTWB,RealTime
10/20/21,0,RTWB,RealTime
10/21/21,0,RTWB,RealTime
10/22/21,0,RTWB,RealTime
10/23/21,0,RTWB,RealTime
10/24/21,0,RTWB,RealTime
10/25/21,0,RTWB,RealTime
10/26/21,0,RTWB,RealTime
10/27/21,0,RTWB,RealTime
10/28/21,0,RTWB,RealTime
10/29/21,0,RTWB,RealTime
10/30/21,0,RTWB,RealTime
10/31/21,0,RTWB,RealTime
11/1/21,0,RTWB,RealTime
11/2/21,0,RTWB,RealTime
11/3/21,0,RTWB,RealTime
11/4/21,0,RTWB,RealTime
11/5/21,0,RTWB,RealTime
11/6/21,0,RTWB,RealTime
11/7/21,0,RTWB,RealTime
11/8/21,0,RTWB,RealTime
11/9/21,0,RTWB,RealTime
11/10/21,0,RTWB,RealTime
11/11/21,1,RTWB,RealTime
11/12/21,0,RTWB,RealTime
11/13/21,0,RTWB,RealTime
11/14/21,0,RTWB,RealTime
11/15/21,0,RTWB,RealTime
11/16/21,0,RTWB,RealTime
11/17/21,0,RTWB,RealTime
11/18/21,0,RTWB,RealTime
11/19/21,0,RTWB,RealTime
11/20/21,0,RTWB,RealTime
11/21/21,0,RTWB,RealTime
11/22/21,0,RTWB,RealTime
11/23/21,0,RTWB,RealTime
11/24/21,0,RTWB,RealTime
11/25/21,0,RTWB,RealTime
11/26/21,0,RTWB,RealTime
11/27/21,0,RTWB,RealTime
11/28/21,0,RTWB,RealTime
11/29/21,0,RTWB,RealTime
11/30/21,0,RTWB,RealTime
12/1/21,0,RTWB,RealTime
12/2/21,0,RTWB,RealTime
12/3/21,0,RTWB,RealTime
12/4/21,0,RTWB,RealTime
12/5/21,1,RTWB,RealTime
12/6/21,1,RTWB,RealTime
12/7/21,0,RTWB,RealTime
12/8/21,0,RTWB,RealTime
12/9/21,1,RTWB,RealTime
12/10/21,0,RTWB,RealTime
12/11/21,1,RTWB,RealTime
12/12/21,0,RTWB,RealTime
12/13/21,0,RTWB,RealTime
12/14/21,0,RTWB,RealTime
12/15/21,0,RTWB,RealTime
12/16/21,0,RTWB,RealTime
12/17/21,0,RTWB,RealTime
12/18/21,1,RTWB,RealTime
12/19/21,0,RTWB,RealTime
12/20/21,1,RTWB,RealTime
12/21/21,1,RTWB,RealTime
12/22/21,1,RTWB,RealTime
12/23/21,1,RTWB,RealTime
12/24/21,1,RTWB,RealTime
12/25/21,1,RTWB,RealTime
12/26/21,1,RTWB,RealTime
12/27/21,0,RTWB,RealTime
12/28/21,0,RTWB,RealTime
12/29/21,0,RTWB,RealTime
12/30/21,0,RTWB,RealTime
12/31/21,1,RTWB,RealTime
1/1/22,1,RTWB,RealTime
1/2/22,1,RTWB,RealTime
1/3/22,1,RTWB,RealTime
1/4/22,1,RTWB,RealTime
1/5/22,1,RTWB,RealTime
1/6/22,1,RTWB,RealTime
1/7/22,0,RTWB,RealTime
1/8/22,1,RTWB,RealTime
1/9/22,1,RTWB,RealTime
1/10/22,0,RTWB,RealTime
1/11/22,1,RTWB,RealTime
1/12/22,1,RTWB,RealTime
1/13/22,0,RTWB,RealTime
1/14/22,0,RTWB,RealTime
1/15/22,0,RTWB,RealTime
1/16/22,0,RTWB,RealTime
1/17/22,0,RTWB,RealTime
1/18/22,0,RTWB,RealTime
1/19/22,0,RTWB,RealTime
1/20/22,0,RTWB,RealTime
1/21/22,0,RTWB,RealTime
1/22/22,0,RTWB,RealTime
1/23/22,0,RTWB,RealTime
1/24/22,0,RTWB,RealTime
1/25/22,0,RTWB,RealTime
1/26/22,0,RTWB,RealTime
1/27/22,0,RTWB,RealTime
1/28/22,0,RTWB,RealTime
1/29/22,0,RTWB,RealTime
1/30/22,0,RTWB,RealTime
2/1/22,0,RTWB,RealTime
2/2/22,0,RTWB,RealTime
2/3/22,0,RTWB,RealTime
2/4/22,0,RTWB,RealTime
2/5/22,0,RTWB,RealTime
2/6/22,0,RTWB,RealTime
2/7/22,0,RTWB,RealTime
2/8/22,0,RTWB,RealTime
2/9/22,1,RTWB,RealTime
2/10/22,0,RTWB,RealTime
2/11/22,0,RTWB,RealTime
2/12/22,0,RTWB,RealTime
2/13/22,0,RTWB,RealTime
2/14/22,1,RTWB,RealTime
2/15/22,0,RTWB,RealTime
2/16/22,0,RTWB,RealTime
2/17/22,0,RTWB,RealTime
2/18/22,0,RTWB,RealTime
2/19/22,0,RTWB,RealTime
2/20/22,0,RTWB,RealTime
2/21/22,0,RTWB,RealTime
2/22/22,0,RTWB,RealTime
2/23/22,0,RTWB,RealTime
2/24/22,1,RTWB,RealTime
2/25/22,0,RTWB,RealTime
2/26/22,0,RTWB,RealTime
2/27/22,0,RTWB,RealTime
2/28/22,0,RTWB,RealTime
3/1/22,0,RTWB,RealTime
3/2/22,0,RTWB,RealTime
3/3/22,0,RTWB,RealTime
3/4/22,0,RTWB,RealTime
3/5/22,1,RTWB,RealTime
3/6/22,0,RTWB,RealTime
3/7/22,0,RTWB,RealTime
3/8/22,0,RTWB,RealTime
3/9/22,0,RTWB,RealTime
3/10/22,0,RTWB,RealTime
3/11/22,0,RTWB,RealTime
3/12/22,0,RTWB,RealTime
3/13/22,0,RTWB,RealTime
3/14/22,1,RTWB,RealTime
3/15/22,0,RTWB,RealTime
3/16/22,1,RTWB,RealTime
3/17/22,0,RTWB,RealTime
3/18/22,1,RTWB,RealTime
3/19/22,0,RTWB,RealTime
3/20/22,0,RTWB,RealTime
3/21/22,0,RTWB,RealTime
3/22/22,0,RTWB,RealTime
3/24/22,0,RTWB,RealTime
3/25/22,0,RTWB,RealTime
3/26/22,1,RTWB,RealTime
3/27/22,0,RTWB,RealTime
3/28/22,0,RTWB,RealTime
3/29/22,0,RTWB,RealTime
3/30/22,0,RTWB,RealTime
3/31/22,0,RTWB,RealTime
4/1/22,0,RTWB,RealTime
4/2/22,0,RTWB,RealTime
4/3/22,0,RTWB,RealTime
4/4/22,0,RTWB,RealTime
4/5/22,0,RTWB,RealTime
4/6/22,0,RTWB,RealTime
4/7/22,0,RTWB,RealTime
4/8/22,0,RTWB,RealTime
4/9/22,0,RTWB,RealTime
4/10/22,0,RTWB,RealTime
4/11/22,0,RTWB,RealTime
4/12/22,0,RTWB,RealTime
4/13/22,0,RTWB,RealTime
4/14/22,0,RTWB,RealTime
4/15/22,0,RTWB,RealTime
4/16/22,0,RTWB,RealTime
4/17/22,0,RTWB,RealTime
4/18/22,0,RTWB,RealTime
4/19/22,0,RTWB,RealTime
4/20/22,0,RTWB,RealTime
4/21/22,0,RTWB,RealTime
4/22/22,0,RTWB,RealTime
4/23/22,0,RTWB,RealTime
4/24/22,0,RTWB,RealTime
4/25/22,0,RTWB,RealTime
4/26/22,0,RTWB,RealTime
4/27/22,0,RTWB,RealTime
4/28/22,0,RTWB,RealTime
4/29/22,0,RTWB,RealTime
4/30/22,0,RTWB,RealTime
5/1/22,0,RTWB,RealTime
5/2/22,0,RTWB,RealTime
5/3/22,0,RTWB,RealTime
5/4/22,0,RTWB,RealTime
5/5/22,0,RTWB,RealTime
5/6/22,0,RTWB,RealTime
5/7/22,0,RTWB,RealTime
5/8/22,0,RTWB,RealTime
5/9/22,0,RTWB,RealTime
5/10/22,0,RTWB,RealTime
5/11/22,0,RTWB,RealTime
5/12/22,0,RTWB,RealTime
5/13/22,0,RTWB,RealTime
5/14/22,0,RTWB,RealTime
5/15/22,0,RTWB,RealTime
5/16/22,0,RTWB,RealTime
5/17/22,0,RTWB,RealTime
5/18/22,0,RTWB,RealTime
5/19/22,0,RTWB,RealTime
5/20/22,0,RTWB,RealTime
5/21/22,0,RTWB,RealTime
5/22/22,0,RTWB,RealTime
5/23/22,0,RTWB,RealTime
5/24/22,0,RTWB,RealTime
5/25/22,0,RTWB,RealTime
5/26/22,0,RTWB,RealTime
5/27/22,0,RTWB,RealTime
5/28/22,0,RTWB,RealTime
5/29/22,0,RTWB,RealTime
5/30/22,0,RTWB,RealTime
5/31/22,0,RTWB,RealTime
6/1/22,0,RTWB,RealTime
6/2/22,0,RTWB,RealTime
6/3/22,0,RTWB,RealTime
6/4/22,0,RTWB,RealTime
6/5/22,0,RTWB,RealTime
6/6/22,0,RTWB,RealTime
6/7/22,0,RTWB,RealTime
6/8/22,0,RTWB,RealTime
6/9/22,0,RTWB,RealTime
6/10/22,0,RTWB,RealTime
6/11/22,0,RTWB,RealTime
6/12/22,0,RTWB,RealTime
6/13/22,0,RTWB,RealTime
6/14/22,0,RTWB,RealTime
6/15/22,0,RTWB,RealTime
6/16/22,0,RTWB,RealTime
6/17/22,0,RTWB,RealTime
6/18/22,0,RTWB,RealTime
6/19/22,0,RTWB,RealTime
6/20/22,0,RTWB,RealTime
6/21/22,0,RTWB,RealTime
6/22/22,0,RTWB,RealTime
6/23/22,0,RTWB,RealTime
6/24/22,0,RTWB,RealTime
6/25/22,0,RTWB,RealTime
6/26/22,0,RTWB,RealTime
6/27/22,0,RTWB,RealTime
6/28/22,0,RTWB,RealTime
6/29/22,0,RTWB,RealTime
6/30/2022,0,RTWB,RealTime
7/1/22,0,RTWB,RealTime
7/2/22,0,RTWB,RealTime
7/3/22,0,RTWB,RealTime
7/4/22,0,RTWB,RealTime
7/5/22,0,RTWB,RealTime
7/6/22,0,RTWB,RealTime
7/7/22,0,RTWB,RealTime
7/8/22,0,RTWB,RealTime
7/9/22,0,RTWB,RealTime
7/10/22,0,RTWB,RealTime
7/11/22,0,RTWB,RealTime
7/12/22,0,RTWB,RealTime
7/13/22,0,RTWB,RealTime
7/14/22,0,RTWB,RealTime
7/15/22,0,RTWB,RealTime
7/16/22,0,RTWB,RealTime
7/17/22,0,RTWB,RealTime
7/18/22,0,RTWB,RealTime
7/19/22,0,RTWB,RealTime
7/19/22,0,RTWB,RealTime
7/20/22,0,RTWB,RealTime
7/20/22,0,RTWB,RealTime
7/21/22,0,RTWB,RealTime
7/21/22,0,RTWB,RealTime
7/22/22,0,RTWB,RealTime
7/22/22,0,RTWB,RealTime
7/23/22,0,RTWB,RealTime
7/24/22,0,RTWB,RealTime
7/25/22,0,RTWB,RealTime
7/26/22,0,RTWB,RealTime
7/27/22,0,RTWB,RealTime
7/28/22,0,RTWB,RealTime
7/29/22,0,RTWB,RealTime
7/30/22,0,RTWB,RealTime
7/31/22,0,RTWB,RealTime
8/1/22,0,RTWB,RealTime
8/2/22,0,RTWB,RealTime
8/3/22,0,RTWB,RealTime
8/4/22,0,RTWB,RealTime
8/5/22,1,RTWB,RealTime
8/6/22,1,RTWB,RealTime
8/7/22,0,RTWB,RealTime
8/8/22,0,RTWB,RealTime
8/9/22,0,RTWB,RealTime
8/10/22,0,RTWB,RealTime
8/11/22,0,RTWB,RealTime
8/12/22,0,RTWB,RealTime
8/13/22,0,RTWB,RealTime
8/14/22,0,RTWB,RealTime
8/15/22,0,RTWB,RealTime
8/16/22,0,RTWB,RealTime
8/17/22,0,RTWB,RealTime
8/18/22,0,RTWB,RealTime
8/19/22,0,RTWB,RealTime
8/20/22,0,RTWB,RealTime
8/21/22,0,RTWB,RealTime
8/22/22,0,RTWB,RealTime
8/23/22,0,RTWB,RealTime
8/24/22,0,RTWB,RealTime
8/25/22,0,RTWB,RealTime
8/26/22,0,RTWB,RealTime
8/27/22,0,RTWB,RealTime
8/28/22,0,RTWB,RealTime
8/29/22,0,RTWB,RealTime
8/30/22,0,RTWB,RealTime
8/31/22,0,RTWB,RealTime
9/1/22,0,RTWB,RealTime
9/2/22,0,RTWB,RealTime
9/3/22,0,RTWB,RealTime
9/4/22,0,RTWB,RealTime
9/5/22,0,RTWB,RealTime
9/6/22,0,RTWB,RealTime
9/7/22,0,RTWB,RealTime
9/8/22,0,RTWB,RealTime
9/9/22,0,RTWB,RealTime
9/10/22,0,RTWB,RealTime
9/11/22,0,RTWB,RealTime
9/12/22,0,RTWB,RealTime
9/13/22,0,RTWB,RealTime
9/14/22,0,RTWB,RealTime
9/15/22,0,RTWB,RealTime
9/16/22,0,RTWB,RealTime
9/17/22,0,RTWB,RealTime
9/18/22,0,RTWB,RealTime
9/19/22,0,RTWB,RealTime
9/20/22,0,RTWB,RealTime
9/21/22,0,RTWB,RealTime
9/22/22,0,RTWB,RealTime
9/23/22,0,RTWB,RealTime
9/24/22,0,RTWB,RealTime
9/25/22,0,RTWB,RealTime
9/26/22,0,RTWB,RealTime
9/27/22,0,RTWB,RealTime
9/28/22,0,RTWB,RealTime
9/29/22,0,RTWB,RealTime
9/30/22,0,RTWB,RealTime
10/1/22,0,RTWB,RealTime
10/2/22,0,RTWB,RealTime
10/3/22,0,RTWB,RealTime
10/4/22,0,RTWB,RealTime
10/5/22,0,RTWB,RealTime
10/6/22,0,RTWB,RealTime
10/7/22,0,RTWB,RealTime
10/8/22,0,RTWB,RealTime
10/9/22,0,RTWB,RealTime
10/10/22,0,RTWB,RealTime
10/11/22,0,RTWB,RealTime
10/12/22,0,RTWB,RealTime
10/13/22,0,RTWB,RealTime
10/14/22,0,RTWB,RealTime
10/15/22,0,RTWB,RealTime
10/16/22,0,RTWB,RealTime
10/17/22,0,RTWB,RealTime
10/18/22,0,RTWB,RealTime
10/19/22,0,RTWB,RealTime
10/20/22,0,RTWB,RealTime
10/21/22,0,RTWB,RealTime
10/22/22,0,RTWB,RealTime
10/23/22,0,RTWB,RealTime
10/24/22,0,RTWB,RealTime
10/25/22,0,RTWB,RealTime
10/26/22,0,RTWB,RealTime
10/27/22,0,RTWB,RealTime
10/28/22,0,RTWB,RealTime
10/29/22,0,RTWB,RealTime
10/30/22,0,RTWB,RealTime
10/31/22,0,RTWB,RealTime
11/1/22,0,RTWB,RealTime
11/2/22,0,RTWB,RealTime
11/3/22,0,RTWB,RealTime
11/4/22,0,RTWB,RealTime
11/5/22,0,RTWB,RealTime
11/6/22,0,RTWB,RealTime
11/7/22,0,RTWB,RealTime
11/8/22,0,RTWB,RealTime
11/9/22,0,RTWB,RealTime
11/10/22,0,RTWB,RealTime
11/11/22,0,RTWB,RealTime
11/12/22,0,RTWB,RealTime
11/13/22,0,RTWB,RealTime
11/14/22,0,RTWB,RealTime
11/15/22,0,RTWB,RealTime
11/16/22,1,RTWB,RealTime
11/17/22,0,RTWB,RealTime
11/18/22,0,RTWB,RealTime
11/19/22,0,RTWB,RealTime
11/20/22,0,RTWB,RealTime
11/21/22,0,RTWB,RealTime
11/22/22,0,RTWB,RealTime
11/23/22,0,RTWB,RealTime
11/24/22,0,RTWB,RealTime
11/25/22,0,RTWB,RealTime
11/26/22,0,RTWB,RealTime
11/27/22,0,RTWB,RealTime
11/28/22,1,RTWB,RealTime
11/29/22,0,RTWB,RealTime
11/30/22,0,RTWB,RealTime
12/1/22,0,RTWB,RealTime
12/2/22,0,RTWB,RealTime
12/3/22,0,RTWB,RealTime
12/4/22,0,RTWB,RealTime
12/5/22,0,RTWB,RealTime
12/6/22,0,RTWB,RealTime
12/7/22,0,RTWB,RealTime
12/8/22,0,RTWB,RealTime
12/9/22,0,RTWB,RealTime
12/10/22,1,RTWB,RealTime
12/11/22,1,RTWB,RealTime
12/12/22,0,RTWB,RealTime
12/13/22,1,RTWB,RealTime
12/14/22,0,RTWB,RealTime
12/15/22,0,RTWB,RealTime
12/16/22,0,RTWB,RealTime
12/17/22,0,RTWB,RealTime
12/18/22,0,RTWB,RealTime
12/19/22,0,RTWB,RealTime
12/20/22,1,RTWB,RealTime
12/21/22,0,RTWB,RealTime
12/22/22,0,RTWB,RealTime
12/23/22,0,RTWB,RealTime
12/24/22,0,RTWB,RealTime
12/25/22,0,RTWB,RealTime
12/26/22,0,RTWB,RealTime
12/27/22,0,RTWB,RealTime
12/28/22,1,RTWB,RealTime
12/29/22,1,RTWB,RealTime
12/30/22,1,RTWB,RealTime
12/31/22,1,RTWB,RealTime
1/1/23,1,RTWB,RealTime
1/2/23,0,RTWB,RealTime
1/3/23,0,RTWB,RealTime
1/4/23,0,RTWB,RealTime
1/5/23,0,RTWB,RealTime
1/6/23,0,RTWB,RealTime
1/7/23,0,RTWB,RealTime
1/8/23,0,RTWB,RealTime
1/9/23,0,RTWB,RealTime
1/10/23,0,RTWB,RealTime
1/11/23,0,RTWB,RealTime
1/12/23,1,RTWB,RealTime
1/13/23,1,RTWB,RealTime
1/14/23,0,RTWB,RealTime
1/15/23,1,RTWB,RealTime
1/16/23,1,RTWB,RealTime
1/17/23,1,RTWB,RealTime
1/18/23,1,RTWB,RealTime
1/19/23,1,RTWB,RealTime
1/20/23,0,RTWB,RealTime
1/21/23,1,RTWB,RealTime
1/22/23,1,RTWB,RealTime
1/23/23,0,RTWB,RealTime
1/24/23,0,RTWB,RealTime
1/25/23,0,RTWB,RealTime
1/26/23,1,RTWB,RealTime
1/27/23,1,RTWB,RealTime
1/28/23,1,RTWB,RealTime
1/29/23,1,RTWB,RealTime
1/30/23,0,RTWB,RealTime
1/31/23,1,RTWB,RealTime
2/1/23,0,RTWB,RealTime
2/2/23,1,RTWB,RealTime
2/3/23,0,RTWB,RealTime
2/4/23,1,RTWB,RealTime
2/5/23,1,RTWB,RealTime
2/6/23,1,RTWB,RealTime
2/7/23,1,RTWB,RealTime
2/8/23,1,RTWB,RealTime
2/9/23,1,RTWB,RealTime
2/10/23,0,RTWB,RealTime
2/11/23,0,RTWB,RealTime
2/12/23,0,RTWB,RealTime
2/13/23,1,RTWB,RealTime
2/14/23,1,RTWB,RealTime
2/15/23,1,RTWB,RealTime
2/16/23,1,RTWB,RealTime
2/17/23,1,RTWB,RealTime
2/18/23,1,RTWB,RealTime
2/19/23,1,RTWB,RealTime
2/20/23,0,RTWB,RealTime
2/21/23,1,RTWB,RealTime
2/22/23,0,RTWB,RealTime
2/23/23,1,RTWB,RealTime
2/24/23,1,RTWB,RealTime
2/25/23,0,RTWB,RealTime
2/26/23,0,RTWB,RealTime
2/27/23,1,RTWB,RealTime
2/28/23,1,RTWB,RealTime
3/1/23,1,RTWB,RealTime
3/2/23,1,RTWB,RealTime
3/3/23,1,RTWB,RealTime
3/4/23,1,RTWB,RealTime
3/5/23,1,RTWB,RealTime
3/6/23,1,RTWB,RealTime
3/7/23,1,RTWB,RealTime
3/8/23,0,RTWB,RealTime
3/9/23,1,RTWB,RealTime
3/10/23,1,RTWB,RealTime
3/11/23,1,RTWB,RealTime
3/12/23,1,RTWB,RealTime
3/13/23,1,RTWB,RealTime
3/14/23,0,RTWB,RealTime
3/15/23,0,RTWB,RealTime
3/16/23,0,RTWB,RealTime
3/17/23,0,RTWB,RealTime
3/18/23,0,RTWB,RealTime
3/19/23,0,RTWB,RealTime
3/20/23,0,RTWB,RealTime
3/21/23,0,RTWB,RealTime
3/22/23,0,RTWB,RealTime
3/23/23,0,RTWB,RealTime
3/24/23,0,RTWB,RealTime
3/25/23,0,RTWB,RealTime
3/26/23,0,RTWB,RealTime
3/27/23,0,RTWB,RealTime
3/28/23,0,RTWB,RealTime
3/29/23,0,RTWB,RealTime
3/30/23,0,RTWB,RealTime
3/31/23,0,RTWB,RealTime
4/1/23,0,RTWB,RealTime
4/2/23,0,RTWB,RealTime
4/3/23,0,RTWB,RealTime
4/4/23,0,RTWB,RealTime
4/5/23,0,RTWB,RealTime
4/6/23,0,RTWB,RealTime
4/7/23,1,RTWB,RealTime
4/8/23,0,RTWB,RealTime
4/9/23,0,RTWB,RealTime
4/10/23,0,RTWB,RealTime
4/11/23,0,RTWB,RealTime
4/12/23,0,RTWB,RealTime
4/13/23,0,RTWB,RealTime
4/14/23,0,RTWB,RealTime
4/15/23,0,RTWB,RealTime
4/16/23,0,RTWB,RealTime
4/17/23,0,RTWB,RealTime
4/18/23,0,RTWB,RealTime
4/19/23,0,RTWB,RealTime
4/20/23,0,RTWB,RealTime
4/20/23,0,A7M,Archival
4/20/23,0,A2M,Archival
4/20/23,0,T2M,Archival
4/21/23,0,RTWB,RealTime
4/21/23,0,A7M,Archival
4/21/23,0,A2M,Archival
4/21/23,0,T2M,Archival
4/22/23,0,RTWB,RealTime
4/22/23,0,A7M,Archival
4/22/23,0,A2M,Archival
4/22/23,0,T2M,Archival
4/23/23,0,RTWB,RealTime
4/23/23,0,A7M,Archival
4/23/23,0,A2M,Archival
4/23/23,0,T2M,Archival
4/24/23,0,RTWB,RealTime
4/24/23,0,A7M,Archival
4/24/23,0,A2M,Archival
4/24/23,0,T2M,Archival
4/25/23,0,RTWB,RealTime
4/25/23,0,A7M,Archival
4/25/23,0,A2M,Archival
4/25/23,0,T2M,Archival
4/26/23,0,RTWB,RealTime
4/26/23,0,A7M,Archival
4/26/23,0,A2M,Archival
4/26/23,0,T2M,Archival
4/27/23,0,RTWB,RealTime
4/27/23,0,A7M,Archival
4/27/23,0,A2M,Archival
4/27/23,0,T2M,Archival
4/28/23,0,RTWB,RealTime
4/28/23,0,A7M,Archival
4/28/23,0,A2M,Archival
4/28/23,0,T2M,Archival
4/29/23,0,RTWB,RealTime
4/29/23,0,A7M,Archival
4/29/23,0,A2M,Archival
4/29/23,0,T2M,Archival
4/30/23,0,RTWB,RealTime
4/30/23,0,A7M,Archival
4/30/23,0,A2M,Archival
4/30/23,0,T2M,Archival
5/1/23,0,RTWB,RealTime
5/1/23,0,A7M,Archival
5/1/23,0,A2M,Archival
5/1/23,0,T2M,Archival
5/2/23,0,RTWB,RealTime
5/2/23,0,A7M,Archival
5/2/23,0,A2M,Archival
5/2/23,0,T2M,Archival
5/3/23,0,RTWB,RealTime
5/3/23,0,A7M,Archival
5/3/23,0,A2M,Archival
5/3/23,0,T2M,Archival
5/4/23,0,RTWB,RealTime
5/4/23,0,A7M,Archival
5/4/23,0,A2M,Archival
5/4/23,0,T2M,Archival
5/5/23,0,RTWB,RealTime
5/5/23,0,A7M,Archival
5/5/23,0,A2M,Archival
5/5/23,0,T2M,Archival
5/6/23,0,RTWB,RealTime
5/6/23,0,A7M,Archival
5/6/23,0,A2M,Archival
5/6/23,0,T2M,Archival
5/7/23,0,RTWB,RealTime
5/7/23,0,A7M,Archival
5/7/23,0,A2M,Archival
5/7/23,0,T2M,Archival
5/8/23,0,RTWB,RealTime
5/8/23,0,A7M,Archival
5/8/23,0,A2M,Archival
5/8/23,0,T2M,Archival
5/9/23,0,RTWB,RealTime
5/9/23,0,A7M,Archival
5/9/23,0,A2M,Archival
5/9/23,0,T2M,Archival
5/10/23,0,RTWB,RealTime
5/10/23,0,A7M,Archival
5/10/23,0,A2M,Archival
5/10/23,0,T2M,Archival
5/11/23,0,RTWB,RealTime
5/11/23,0,A7M,Archival
5/11/23,0,A2M,Archival
5/11/23,0,T2M,Archival
5/12/23,0,RTWB,RealTime
5/12/23,0,A7M,Archival
5/12/23,0,A2M,Archival
5/12/23,0,T2M,Archival
5/13/23,0,RTWB,RealTime
5/13/23,0,A7M,Archival
5/13/23,0,A2M,Archival
5/13/23,0,T2M,Archival
5/14/23,0,RTWB,RealTime
5/14/23,0,A7M,Archival
5/14/23,0,A2M,Archival
5/14/23,0,T2M,Archival
5/15/23,0,RTWB,RealTime
5/15/23,0,A7M,Archival
5/15/23,0,A2M,Archival
5/15/23,0,T2M,Archival
5/16/23,0,RTWB,RealTime
5/16/23,0,A7M,Archival
5/16/23,0,A2M,Archival
5/16/23,0,T2M,Archival
5/17/23,0,RTWB,RealTime
5/17/23,0,A7M,Archival
5/17/23,0,A2M,Archival
5/17/23,0,T2M,Archival
5/18/23,0,RTWB,RealTime
5/18/23,0,A7M,Archival
5/18/23,0,A2M,Archival
5/18/23,0,T2M,Archival
5/19/23,0,RTWB,RealTime
5/19/23,0,A7M,Archival
5/19/23,0,A2M,Archival
5/19/23,0,T2M,Archival
5/20/23,0,RTWB,RealTime
5/20/23,0,A7M,Archival
5/20/23,0,A2M,Archival
5/20/23,0,T2M,Archival
5/21/23,0,RTWB,RealTime
5/21/23,0,A7M,Archival
5/21/23,0,A2M,Archival
5/21/23,0,T2M,Archival
5/22/23,0,RTWB,RealTime
5/22/23,0,A7M,Archival
5/22/23,0,A2M,Archival
5/22/23,0,T2M,Archival
5/23/23,0,RTWB,RealTime
5/23/23,0,A7M,Archival
5/23/23,0,A2M,Archival
5/23/23,0,T2M,Archival
5/24/23,0,RTWB,RealTime
5/24/23,0,A7M,Archival
5/24/23,0,A2M,Archival
5/24/23,0,T2M,Archival
5/25/23,0,RTWB,RealTime
5/25/23,0,A7M,Archival
5/25/23,0,A2M,Archival
5/25/23,0,T2M,Archival
5/26/23,0,RTWB,RealTime
5/26/23,0,A7M,Archival
5/26/23,0,A2M,Archival
5/26/23,0,T2M,Archival
5/27/23,0,RTWB,RealTime
5/27/23,0,A7M,Archival
5/27/23,0,A2M,Archival
5/27/23,0,T2M,Archival
5/28/23,0,RTWB,RealTime
5/28/23,0,A7M,Archival
5/28/23,0,A2M,Archival
5/28/23,0,T2M,Archival
5/29/23,0,RTWB,RealTime
5/29/23,0,A7M,Archival
5/29/23,0,A2M,Archival
5/29/23,0,T2M,Archival
5/30/23,0,RTWB,RealTime
5/30/23,0,A7M,Archival
5/30/23,0,A2M,Archival
5/30/23,0,T2M,Archival
5/31/23,0,RTWB,RealTime
5/31/23,0,A7M,Archival
5/31/23,0,A2M,Archival
5/31/23,0,T2M,Archival
6/1/23,0,RTWB,RealTime
6/1/23,0,A7M,Archival
6/1/23,0,A2M,Archival
6/1/23,0,T2M,Archival
6/2/23,0,RTWB,RealTime
6/2/23,0,A7M,Archival
6/2/23,0,A2M,Archival
6/2/23,0,T2M,Archival
6/3/23,0,RTWB,RealTime
6/3/23,0,A7M,Archival
6/3/23,0,A2M,Archival
6/3/23,0,T2M,Archival
6/4/23,0,RTWB,RealTime
6/4/23,0,A7M,Archival
6/4/23,0,A2M,Archival
6/4/23,0,T2M,Archival
6/5/23,0,RTWB,RealTime
6/5/23,0,A7M,Archival
6/5/23,0,A2M,Archival
6/5/23,0,T2M,Archival
6/6/23,0,RTWB,RealTime
6/6/23,0,A7M,Archival
6/6/23,0,A2M,Archival
6/6/23,0,T2M,Archival
6/7/23,0,RTWB,RealTime
6/7/23,0,A7M,Archival
6/7/23,0,A2M,Archival
6/7/23,0,T2M,Archival
6/8/23,0,RTWB,RealTime
6/8/23,0,A7M,Archival
6/8/23,0,A2M,Archival
6/8/23,0,T2M,Archival
6/9/23,0,RTWB,RealTime
6/9/23,0,A7M,Archival
6/9/23,0,A2M,Archival
6/9/23,0,T2M,Archival
6/10/23,0,RTWB,RealTime
6/10/23,0,A7M,Archival
6/10/23,0,A2M,Archival
6/10/23,0,T2M,Archival
6/11/23,0,RTWB,RealTime
6/11/23,0,A7M,Archival
6/11/23,0,A2M,Archival
6/11/23,0,T2M,Archival
6/12/23,0,RTWB,RealTime
6/12/23,0,A7M,Archival
6/12/23,0,A2M,Archival
6/12/23,0,T2M,Archival
6/13/23,0,RTWB,RealTime
6/13/23,0,A7M,Archival
6/13/23,0,A2M,Archival
6/13/23,0,T2M,Archival
6/14/23,0,RTWB,RealTime
6/14/23,0,A7M,Archival
6/14/23,0,A2M,Archival
6/14/23,0,T2M,Archival
6/15/23,0,RTWB,RealTime
6/15/23,0,A7M,Archival
6/15/23,0,A2M,Archival
6/15/23,0,T2M,Archival
6/16/23,0,RTWB,RealTime
6/16/23,0,A7M,Archival
6/16/23,0,A2M,Archival
6/16/23,0,T2M,Archival
6/17/23,0,RTWB,RealTime
6/17/23,0,A7M,Archival
6/17/23,0,A2M,Archival
6/17/23,0,T2M,Archival
6/18/23,0,RTWB,RealTime
6/18/23,0,A7M,Archival
6/18/23,0,A2M,Archival
6/18/23,0,T2M,Archival
6/19/23,0,RTWB,RealTime
6/19/23,0,A7M,Archival
6/19/23,0,A2M,Archival
6/19/23,0,T2M,Archival
6/20/23,0,RTWB,RealTime
6/20/23,0,A7M,Archival
6/20/23,0,A2M,Archival
6/20/23,0,T2M,Archival
6/21/23,0,RTWB,RealTime
6/21/23,0,A7M,Archival
6/21/23,0,A2M,Archival
6/21/23,0,T2M,Archival
6/22/23,0,RTWB,RealTime
6/22/23,0,A7M,Archival
6/22/23,0,A2M,Archival
6/22/23,0,T2M,Archival
6/23/23,0,RTWB,RealTime
6/23/23,0,A7M,Archival
6/23/23,0,A2M,Archival
6/23/23,0,T2M,Archival
6/24/23,0,RTWB,RealTime
6/24/23,0,A7M,Archival
6/24/23,0,A2M,Archival
6/24/23,0,T2M,Archival
6/25/23,0,RTWB,RealTime
6/25/23,0,A7M,Archival
6/25/23,0,A2M,Archival
6/25/23,0,T2M,Archival
6/26/23,0,RTWB,RealTime
6/26/23,0,A7M,Archival
6/26/23,0,A2M,Archival
6/26/23,0,T2M,Archival
6/27/23,0,RTWB,RealTime
6/27/23,0,A7M,Archival
6/27/23,0,A2M,Archival
6/27/23,0,T2M,Archival
6/28/23,0,RTWB,RealTime
6/28/23,0,A7M,Archival
6/28/23,0,A2M,Archival
6/28/23,0,T2M,Archival
6/29/23,0,RTWB,RealTime
6/29/23,0,A7M,Archival
6/29/23,0,A2M,Archival
6/29/23,0,T2M,Archival
6/30/23,0,RTWB,RealTime
6/30/23,0,A7M,Archival
6/30/23,0,A2M,Archival
6/30/23,0,T2M,Archival
7/1/23,0,RTWB,RealTime
7/1/23,0,A7M,Archival
7/1/23,0,A2M,Archival
7/1/23,0,T2M,Archival
7/2/23,0,RTWB,RealTime
7/2/23,0,A7M,Archival
7/2/23,0,A2M,Archival
7/2/23,0,T2M,Archival
7/3/23,0,RTWB,RealTime
7/3/23,0,A7M,Archival
7/3/23,0,A2M,Archival
7/3/23,0,T2M,Archival
7/4/23,0,RTWB,RealTime
7/4/23,0,A7M,Archival
7/4/23,0,A2M,Archival
7/4/23,0,T2M,Archival
7/5/23,0,RTWB,RealTime
7/5/23,0,A7M,Archival
7/5/23,0,A2M,Archival
7/5/23,0,T2M,Archival
7/6/23,0,RTWB,RealTime
7/6/23,0,A7M,Archival
7/6/23,0,A2M,Archival
7/6/23,0,T2M,Archival
7/7/23,0,RTWB,RealTime
7/7/23,0,A7M,Archival
7/7/23,0,A2M,Archival
7/7/23,0,T2M,Archival
7/8/23,0,RTWB,RealTime
7/8/23,0,A7M,Archival
7/8/23,0,A2M,Archival
7/8/23,0,T2M,Archival
7/9/23,0,RTWB,RealTime
7/9/23,0,A7M,Archival
7/9/23,0,A2M,Archival
7/9/23,0,T2M,Archival
7/10/23,0,RTWB,RealTime
7/10/23,0,A7M,Archival
7/10/23,0,A2M,Archival
7/10/23,0,T2M,Archival
7/11/23,0,RTWB,RealTime
7/11/23,0,A7M,Archival
7/11/23,0,A2M,Archival
7/11/23,0,T2M,Archival
7/12/23,0,RTWB,RealTime
7/12/23,0,A7M,Archival
7/12/23,0,A2M,Archival
7/12/23,0,T2M,Archival
7/13/23,0,RTWB,RealTime
7/13/23,0,A7M,Archival
7/13/23,0,A2M,Archival
7/13/23,0,T2M,Archival
7/14/23,0,RTWB,RealTime
7/14/23,0,A7M,Archival
7/14/23,0,A2M,Archival
7/14/23,0,T2M,Archival
7/15/23,0,RTWB,RealTime
7/15/23,0,A7M,Archival
7/15/23,0,A2M,Archival
7/15/23,0,T2M,Archival
7/16/23,0,RTWB,RealTime
7/16/23,0,A7M,Archival
7/16/23,0,A2M,Archival
7/16/23,0,T2M,Archival
7/17/23,0,RTWB,RealTime
7/17/23,0,A7M,Archival
7/17/23,0,A2M,Archival
7/17/23,0,T2M,Archival
7/18/23,0,RTWB,RealTime
7/18/23,0,A7M,Archival
7/18/23,0,A2M,Archival
7/18/23,0,T2M,Archival
7/19/23,0,RTWB,RealTime
7/19/23,0,A7M,Archival
7/19/23,0,A2M,Archival
7/19/23,0,T2M,Archival
7/20/23,0,RTWB,RealTime
7/20/23,0,A7M,Archival
7/20/23,0,A2M,Archival
7/20/23,0,T2M,Archival
7/21/23,0,RTWB,RealTime
7/21/23,0,A7M,Archival
7/21/23,0,A2M,Archival
7/21/23,0,T2M,Archival
7/22/23,0,RTWB,RealTime
7/22/23,0,A7M,Archival
7/22/23,0,A2M,Archival
7/22/23,0,T2M,Archival
7/23/23,0,RTWB,RealTime
7/23/23,0,A7M,Archival
7/23/23,0,A2M,Archival
7/23/23,0,T2M,Archival
7/24/23,0,RTWB,RealTime
7/24/23,0,A7M,Archival
7/24/23,0,A2M,Archival
7/24/23,0,T2M,Archival
7/25/23,0,RTWB,RealTime
7/25/23,0,A7M,Archival
7/25/23,0,A2M,Archival
7/25/23,0,T2M,Archival
7/26/23,0,RTWB,RealTime
7/26/23,0,A7M,Archival
7/26/23,0,A2M,Archival
7/26/23,0,T2M,Archival
7/27/23,0,RTWB,RealTime
7/27/23,0,A7M,Archival
7/27/23,0,A2M,Archival
7/27/23,0,T2M,Archival
7/28/23,0,RTWB,RealTime
7/28/23,0,A7M,Archival
7/28/23,0,A2M,Archival
7/28/23,0,T2M,Archival
7/29/23,0,RTWB,RealTime
7/29/23,0,A7M,Archival
7/29/23,0,A2M,Archival
7/29/23,0,T2M,Archival
7/30/23,0,RTWB,RealTime
7/30/23,0,A7M,Archival
7/30/23,0,A2M,Archival
7/30/23,0,T2M,Archival
7/31/23,0,RTWB,RealTime
7/31/23,0,A7M,Archival
7/31/23,0,A2M,Archival
7/31/23,0,T2M,Archival
8/1/23,0,RTWB,RealTime
8/1/23,0,A7M,Archival
8/1/23,0,A2M,Archival
8/1/23,0,T2M,Archival
8/2/23,0,RTWB,RealTime
8/2/23,0,A7M,Archival
8/2/23,0,A2M,Archival
8/2/23,0,T2M,Archival
8/3/23,0,RTWB,RealTime
8/3/23,0,A7M,Archival
8/3/23,0,A2M,Archival
8/3/23,0,T2M,Archival
8/4/23,0,RTWB,RealTime
8/4/23,0,A7M,Archival
8/4/23,0,A2M,Archival
8/4/23,0,T2M,Archival
8/5/23,0,RTWB,RealTime
8/5/23,0,A7M,Archival
8/5/23,0,A2M,Archival
8/5/23,0,T2M,Archival
8/6/23,0,RTWB,RealTime
8/6/23,0,A7M,Archival
8/6/23,0,A2M,Archival
8/6/23,0,T2M,Archival
8/7/23,0,RTWB,RealTime
8/7/23,0,A7M,Archival
8/7/23,0,A2M,Archival
8/7/23,0,T2M,Archival
8/8/23,0,RTWB,RealTime
8/8/23,0,A7M,Archival
8/8/23,0,A2M,Archival
8/8/23,0,T2M,Archival
8/9/23,0,RTWB,RealTime
8/9/23,0,A7M,Archival
8/9/23,0,A2M,Archival
8/9/23,0,T2M,Archival
8/10/23,0,RTWB,RealTime
8/10/23,0,A7M,Archival
8/10/23,0,A2M,Archival
8/10/23,0,T2M,Archival
8/11/23,0,RTWB,RealTime
8/11/23,0,A7M,Archival
8/11/23,0,A2M,Archival
8/11/23,0,T2M,Archival
8/12/23,0,RTWB,RealTime
8/12/23,0,A7M,Archival
8/12/23,0,A2M,Archival
8/12/23,0,T2M,Archival
8/13/23,0,RTWB,RealTime
8/13/23,0,A7M,Archival
8/13/23,0,A2M,Archival
8/13/23,0,T2M,Archival
8/14/23,0,RTWB,RealTime
8/14/23,0,A7M,Archival
8/14/23,0,A2M,Archival
8/14/23,0,T2M,Archival
8/15/23,0,RTWB,RealTime
8/15/23,0,A7M,Archival
8/15/23,0,A2M,Archival
8/15/23,0,T2M,Archival
8/16/23,0,RTWB,RealTime
8/16/23,0,A7M,Archival
8/16/23,0,A2M,Archival
8/16/23,0,T2M,Archival
8/17/23,0,RTWB,RealTime
8/17/23,0,A7M,Archival
8/17/23,0,A2M,Archival
8/17/23,0,T2M,Archival
8/18/23,0,RTWB,RealTime
8/18/23,0,A7M,Archival
8/18/23,0,A2M,Archival
8/18/23,0,T2M,Archival
8/19/23,0,RTWB,RealTime
8/19/23,0,A7M,Archival
8/19/23,0,A2M,Archival
8/19/23,0,T2M,Archival
8/20/23,0,RTWB,RealTime
8/20/23,0,A7M,Archival
8/20/23,0,A2M,Archival
8/20/23,0,T2M,Archival
8/21/23,0,RTWB,RealTime
8/21/23,0,A7M,Archival
8/21/23,0,A2M,Archival
8/21/23,0,T2M,Archival
8/22/23,0,RTWB,RealTime
8/22/23,0,A7M,Archival
8/22/23,0,A2M,Archival
8/22/23,0,T2M,Archival
8/23/23,0,RTWB,RealTime
8/23/23,0,A7M,Archival
8/23/23,0,A2M,Archival
8/23/23,0,T2M,Archival
8/24/23,0,RTWB,RealTime
8/24/23,0,A7M,Archival
8/24/23,0,A2M,Archival
8/24/23,0,T2M,Archival
8/25/23,0,RTWB,RealTime
8/25/23,0,A7M,Archival
8/25/23,0,A2M,Archival
8/25/23,0,T2M,Archival
8/26/23,0,RTWB,RealTime
8/26/23,0,A7M,Archival
8/26/23,0,A2M,Archival
8/26/23,0,T2M,Archival
8/27/23,0,RTWB,RealTime
8/27/23,0,A7M,Archival
8/27/23,0,A2M,Archival
8/27/23,0,T2M,Archival
8/28/23,0,RTWB,RealTime
8/28/23,0,A7M,Archival
8/28/23,0,A2M,Archival
8/28/23,0,T2M,Archival
8/29/23,0,RTWB,RealTime
8/29/23,0,A7M,Archival
8/29/23,0,A2M,Archival
8/29/23,0,T2M,Archival
8/30/23,0,RTWB,RealTime
8/30/23,0,A7M,Archival
8/30/23,0,A2M,Archival
8/30/23,0,T2M,Archival
8/31/23,0,RTWB,RealTime
8/31/23,0,A7M,Archival
8/31/23,0,A2M,Archival
8/31/23,0,T2M,Archival
9/1/23,0,RTWB,RealTime
9/1/23,0,A7M,Archival
9/1/23,0,A2M,Archival
9/1/23,0,T2M,Archival
9/2/23,0,RTWB,RealTime
9/2/23,0,A7M,Archival
9/2/23,0,A2M,Archival
9/2/23,0,T2M,Archival
9/3/23,0,RTWB,RealTime
9/3/23,0,A7M,Archival
9/3/23,0,A2M,Archival
9/3/23,0,T2M,Archival
9/4/23,0,RTWB,RealTime
9/4/23,0,A7M,Archival
9/4/23,0,A2M,Archival
9/4/23,0,T2M,Archival
9/5/23,0,RTWB,RealTime
9/5/23,0,A7M,Archival
9/5/23,0,A2M,Archival
9/5/23,0,T2M,Archival
9/6/23,0,RTWB,RealTime
9/6/23,0,A7M,Archival
9/6/23,0,A2M,Archival
9/6/23,0,T2M,Archival
9/7/23,0,RTWB,RealTime
9/7/23,0,A7M,Archival
9/7/23,0,A2M,Archival
9/7/23,0,T2M,Archival
9/8/23,0,RTWB,RealTime
9/8/23,0,A7M,Archival
9/8/23,0,A2M,Archival
9/8/23,0,T2M,Archival
9/9/23,0,RTWB,RealTime
9/9/23,0,A7M,Archival
9/9/23,0,A2M,Archival
9/9/23,0,T2M,Archival
9/10/23,0,RTWB,RealTime
9/10/23,0,A7M,Archival
9/10/23,0,A2M,Archival
9/10/23,0,T2M,Archival
9/11/23,0,RTWB,RealTime
9/11/23,0,A7M,Archival
9/11/23,0,A2M,Archival
9/11/23,0,T2M,Archival
9/12/23,0,RTWB,RealTime
9/12/23,0,A7M,Archival
9/12/23,0,A2M,Archival
9/12/23,0,T2M,Archival
9/13/23,0,RTWB,RealTime
9/13/23,0,A7M,Archival
9/13/23,0,A2M,Archival
9/13/23,0,T2M,Archival
9/14/23,0,RTWB,RealTime
9/14/23,0,A7M,Archival
9/14/23,0,A2M,Archival
9/14/23,0,T2M,Archival
9/15/23,0,RTWB,RealTime
9/15/23,0,A7M,Archival
9/15/23,0,A2M,Archival
9/15/23,0,T2M,Archival
9/16/23,0,RTWB,RealTime
9/16/23,0,A7M,Archival
9/16/23,0,A2M,Archival
9/16/23,0,T2M,Archival
9/17/23,0,RTWB,RealTime
9/17/23,0,A7M,Archival
9/17/23,0,A2M,Archival
9/17/23,0,T2M,Archival
9/18/23,0,RTWB,RealTime
9/18/23,0,A7M,Archival
9/18/23,0,A2M,Archival
9/18/23,0,T2M,Archival
9/19/23,0,RTWB,RealTime
9/19/23,0,A7M,Archival
9/19/23,0,A2M,Archival
9/19/23,0,T2M,Archival
9/20/23,0,RTWB,RealTime
9/20/23,0,A7M,Archival
9/20/23,0,A2M,Archival
9/20/23,0,T2M,Archival
9/21/23,0,RTWB,RealTime
9/21/23,0,A7M,Archival
9/21/23,0,A2M,Archival
9/21/23,0,T2M,Archival
9/22/23,0,RTWB,RealTime
9/22/23,0,A7M,Archival
9/22/23,0,A2M,Archival
9/22/23,0,T2M,Archival
9/23/23,0,RTWB,RealTime
9/23/23,0,A7M,Archival
9/23/23,0,A2M,Archival
9/23/23,0,T2M,Archival
9/24/23,0,RTWB,RealTime
9/24/23,0,A7M,Archival
9/24/23,0,A2M,Archival
9/24/23,0,T2M,Archival
9/25/23,0,RTWB,RealTime
9/25/23,0,A7M,Archival
9/25/23,0,A2M,Archival
9/25/23,0,T2M,Archival
9/26/23,0,RTWB,RealTime
9/26/23,0,A7M,Archival
9/26/23,0,A2M,Archival
9/26/23,0,T2M,Archival
9/27/23,0,RTWB,RealTime
9/27/23,0,A7M,Archival
9/27/23,0,A2M,Archival
9/27/23,0,T2M,Archival
9/28/23,0,RTWB,RealTime
9/28/23,0,A7M,Archival
9/28/23,0,A2M,Archival
9/28/23,0,T2M,Archival
9/29/23,0,RTWB,RealTime
9/29/23,0,A7M,Archival
9/29/23,0,A2M,Archival
9/29/23,0,T2M,Archival
9/30/23,0,RTWB,RealTime
9/30/23,0,A7M,Archival
9/30/23,0,A2M,Archival
9/30/23,0,T2M,Archival
10/1/23,0,RTWB,RealTime
10/1/23,0,A7M,Archival
10/1/23,0,A2M,Archival
10/1/23,0,T2M,Archival
10/2/23,0,RTWB,RealTime
10/2/23,0,A7M,Archival
10/2/23,0,A2M,Archival
10/2/23,0,T2M,Archival
10/3/23,0,RTWB,RealTime
10/3/23,0,A7M,Archival
10/3/23,0,A2M,Archival
10/3/23,0,T2M,Archival
10/4/23,0,RTWB,RealTime
10/4/23,0,A7M,Archival
10/4/23,0,A2M,Archival
10/4/23,0,T2M,Archival
10/5/23,0,RTWB,RealTime
10/5/23,0,A7M,Archival
10/5/23,0,A2M,Archival
10/5/23,0,T2M,Archival
10/6/23,0,RTWB,RealTime
10/6/23,0,A7M,Archival
10/6/23,0,A2M,Archival
10/6/23,0,T2M,Archival
10/7/23,0,RTWB,RealTime
10/7/23,0,A7M,Archival
10/7/23,0,A2M,Archival
10/7/23,0,T2M,Archival
10/8/23,0,RTWB,RealTime
10/8/23,0,A7M,Archival
10/8/23,0,A2M,Archival
10/8/23,0,T2M,Archival
10/9/23,0,RTWB,RealTime
10/9/23,0,A7M,Archival
10/9/23,0,A2M,Archival
10/9/23,0,T2M,Archival
10/10/23,0,RTWB,RealTime
10/10/23,0,A7M,Archival
10/10/23,0,A2M,Archival
10/10/23,0,T2M,Archival
10/11/23,0,RTWB,RealTime
10/11/23,0,A7M,Archival
10/11/23,0,A2M,Archival
10/11/23,0,T2M,Archival
10/12/23,0,RTWB,RealTime
10/12/23,0,A7M,Archival
10/12/23,0,A2M,Archival
10/12/23,0,T2M,Archival
10/13/23,0,RTWB,RealTime
10/13/23,0,A7M,Archival
10/13/23,0,A2M,Archival
10/13/23,0,T2M,Archival
10/14/23,0,RTWB,RealTime
10/14/23,0,A7M,Archival
10/14/23,0,A2M,Archival
10/14/23,0,T2M,Archival
10/15/23,0,RTWB,RealTime
10/15/23,0,A7M,Archival
10/15/23,0,A2M,Archival
10/15/23,0,T2M,Archival
10/16/23,0,RTWB,RealTime
10/16/23,0,A7M,Archival
10/16/23,0,A2M,Archival
10/16/23,0,T2M,Archival
10/17/23,0,RTWB,RealTime
10/17/23,0,A7M,Archival
10/17/23,0,A2M,Archival
10/17/23,0,T2M,Archival
10/18/23,0,RTWB,RealTime
10/18/23,0,A7M,Archival
10/18/23,0,A2M,Archival
10/18/23,0,T2M,Archival
10/19/23,0,RTWB,RealTime
10/19/23,0,A7M,Archival
10/19/23,0,A2M,Archival
10/19/23,0,T2M,Archival
10/20/23,0,RTWB,RealTime
10/20/23,0,A7M,Archival
10/20/23,0,A2M,Archival
10/20/23,0,T2M,Archival
10/21/23,0,RTWB,RealTime
10/21/23,0,A7M,Archival
10/21/23,0,A2M,Archival
10/21/23,0,T2M,Archival
10/22/23,0,RTWB,RealTime
10/22/23,0,A7M,Archival
10/22/23,0,A2M,Archival
10/22/23,0,T2M,Archival
10/23/23,0,RTWB,RealTime
10/23/23,0,A7M,Archival
10/23/23,0,A2M,Archival
10/23/23,0,T2M,Archival
10/24/23,0,RTWB,RealTime
10/24/23,0,A7M,Archival
10/24/23,0,A2M,Archival
10/24/23,0,T2M,Archival
10/25/23,0,RTWB,RealTime
10/25/23,0,A7M,Archival
10/25/23,0,A2M,Archival
10/25/23,0,T2M,Archival
10/26/23,0,RTWB,RealTime
10/26/23,0,A7M,Archival
10/26/23,0,A2M,Archival
10/26/23,0,T2M,Archival
10/27/23,0,RTWB,RealTime
10/27/23,0,A7M,Archival
10/27/23,0,A2M,Archival
10/27/23,0,T2M,Archival
10/28/23,0,RTWB,RealTime
10/28/23,0,A7M,Archival
10/28/23,0,A2M,Archival
10/28/23,0,T2M,Archival
10/29/23,0,RTWB,RealTime
10/29/23,0,A7M,Archival
10/29/23,0,A2M,Archival
10/29/23,0,T2M,Archival
10/30/23,0,RTWB,RealTime
10/30/23,0,A7M,Archival
10/30/23,0,A2M,Archival
10/30/23,0,T2M,Archival
10/31/23,0,RTWB,RealTime
10/31/23,0,A7M,Archival
10/31/23,0,A2M,Archival
10/31/23,0,T2M,Archival
11/1/23,0,RTWB,RealTime
11/1/23,0,A7M,Archival
11/1/23,0,A2M,Archival
11/01/23,0,T2M,Archival
11/2/23,0,RTWB,RealTime
11/2/23,0,A7M,Archival
11/2/23,0,A2M,Archival
11/02/23,0,T2M,Archival
11/3/23,0,RTWB,RealTime
11/3/23,0,A7M,Archival
11/3/23,0,A2M,Archival
11/03/23,0,T2M,Archival
11/4/23,0,RTWB,RealTime
11/4/23,0,A7M,Archival
11/4/23,0,A2M,Archival
11/04/23,0,T2M,Archival
11/5/23,0,RTWB,RealTime
11/5/23,0,A7M,Archival
11/5/23,0,A2M,Archival
11/05/23,0,T2M,Archival
11/6/23,0,RTWB,RealTime
11/6/23,0,A7M,Archival
11/6/23,0,A2M,Archival
11/06/23,0,T2M,Archival
11/7/23,0,RTWB,RealTime
11/7/23,0,A7M,Archival
11/7/23,0,A2M,Archival
11/07/23,0,T2M,Archival
11/8/23,0,RTWB,RealTime
11/8/23,0,A7M,Archival
11/8/23,0,A2M,Archival
11/08/23,0,T2M,Archival
11/9/23,0,RTWB,RealTime
11/9/23,0,A7M,Archival
11/9/23,0,A2M,Archival
11/09/23,0,T2M,Archival
11/10/23,0,RTWB,RealTime
11/10/23,0,A7M,Archival
11/10/23,0,A2M,Archival
11/10/23,0,T2M,Archival
11/11/23,0,RTWB,RealTime
11/11/23,0,A7M,Archival
11/11/23,0,A2M,Archival
11/11/23,0,T2M,Archival
11/12/23,0,RTWB,RealTime
11/12/23,0,A7M,Archival
11/12/23,0,A2M,Archival
11/12/23,0,T2M,Archival
11/13/23,0,RTWB,RealTime
11/13/23,0,A7M,Archival
11/13/23,0,A2M,Archival
11/13/23,0,T2M,Archival
11/14/23,0,RTWB,RealTime
11/14/23,0,A7M,Archival
11/14/23,0,A2M,Archival
11/14/23,0,T2M,Archival
11/15/23,0,RTWB,RealTime
11/15/23,0,A7M,Archival
11/15/23,0,A2M,Archival
11/15/23,0,T2M,Archival
11/16/23,0,RTWB,RealTime
11/16/23,0,A7M,Archival
11/16/23,0,A2M,Archival
11/16/23,0,T2M,Archival
11/17/23,0,RTWB,RealTime
11/17/23,0,A7M,Archival
11/17/23,0,A2M,Archival
11/17/23,0,T2M,Archival
11/18/23,0,RTWB,RealTime
11/18/23,0,A7M,Archival
11/18/23,1,A2M,Archival
11/18/23,0,T2M,Archival
11/19/23,0,RTWB,RealTime
11/19/23,1,A7M,Archival
11/19/23,1,A2M,Archival
11/19/23,0,T2M,Archival
11/20/23,1,RTWB,RealTime
11/20/23,1,A7M,Archival
11/20/23,1,A2M,Archival
11/20/23,1,T2M,Archival
11/21/23,0,RTWB,RealTime
11/21/23,0,A7M,Archival
11/21/23,0,A2M,Archival
11/21/23,0,T2M,Archival
11/22/23,0,RTWB,RealTime
11/22/23,0,A7M,Archival
11/22/23,0,A2M,Archival
11/22/23,0,T2M,Archival
11/23/23,0,RTWB,RealTime
11/23/23,0,A7M,Archival
11/23/23,0,A2M,Archival
11/23/23,0,T2M,Archival
11/24/23,0,RTWB,RealTime
11/24/23,0,A7M,Archival
11/24/23,0,A2M,Archival
11/24/23,0,T2M,Archival
11/25/23,0,RTWB,RealTime
11/25/23,0,A7M,Archival
11/25/23,0,A2M,Archival
11/25/23,0,T2M,Archival
11/26/23,0,RTWB,RealTime
11/26/23,0,A7M,Archival
11/26/23,0,A2M,Archival
11/26/23,0,T2M,Archival
11/27/23,0,RTWB,RealTime
11/27/23,0,A7M,Archival
11/27/23,0,A2M,Archival
11/27/23,0,T2M,Archival
11/28/23,0,RTWB,RealTime
11/28/23,0,A7M,Archival
11/28/23,0,A2M,Archival
11/28/23,0,T2M,Archival
11/29/23,0,RTWB,RealTime
11/29/23,0,A7M,Archival
11/29/23,0,A2M,Archival
11/29/23,0,T2M,Archival
11/30/23,0,RTWB,RealTime
11/30/23,0,A7M,Archival
11/30/23,0,A2M,Archival
11/30/23,0,T2M,Archival
12/1/23,0,RTWB,RealTime
12/1/23,1,A7M,Archival
12/1/23,1,A2M,Archival
12/01/23,0,T2M,Archival
12/2/23,0,RTWB,RealTime
12/2/23,0,A7M,Archival
12/2/23,1,A2M,Archival
12/02/23,0,T2M,Archival
12/3/23,1,RTWB,RealTime
12/3/23,1,A7M,Archival
12/3/23,1,A2M,Archival
12/03/23,1,T2M,Archival
12/4/23,1,RTWB,RealTime
12/4/23,1,A7M,Archival
12/4/23,0,A2M,Archival
12/04/23,1,T2M,Archival
12/5/23,0,RTWB,RealTime
12/5/23,0,A7M,Archival
12/5/23,0,A2M,Archival
12/05/23,0,T2M,Archival
12/6/23,1,RTWB,RealTime
12/6/23,1,A7M,Archival
12/6/23,1,A2M,Archival
12/06/23,1,T2M,Archival
12/7/23,0,RTWB,RealTime
12/7/23,0,A7M,Archival
12/7/23,0,A2M,Archival
12/07/23,0,T2M,Archival
12/8/23,0,RTWB,RealTime
12/8/23,0,A7M,Archival
12/8/23,1,A2M,Archival
12/08/23,0,T2M,Archival
12/9/23,0,RTWB,RealTime
12/9/23,0,A7M,Archival
12/9/23,0,A2M,Archival
12/09/23,0,T2M,Archival
12/10/23,0,RTWB,RealTime
12/10/23,0,A7M,Archival
12/10/23,0,A2M,Archival
12/10/23,0,T2M,Archival
12/11/23,0,RTWB,RealTime
12/11/23,0,A7M,Archival
12/11/23,0,A2M,Archival
12/11/23,0,T2M,Archival
12/12/23,0,RTWB,RealTime
12/12/23,0,A7M,Archival
12/12/23,1,A2M,Archival
12/12/23,0,T2M,Archival
12/13/23,0,RTWB,RealTime
12/13/23,1,A7M,Archival
12/13/23,1,A2M,Archival
12/13/23,0,T2M,Archival
12/14/23,0,RTWB,RealTime
12/14/23,1,A7M,Archival
12/14/23,0,A2M,Archival
12/14/23,0,T2M,Archival
12/15/23,0,RTWB,RealTime
12/15/23,0,A7M,Archival
12/15/23,0,A2M,Archival
12/15/23,0,T2M,Archival
12/16/23,0,RTWB,RealTime
12/16/23,0,A7M,Archival
12/16/23,0,A2M,Archival
12/16/23,0,T2M,Archival
12/17/23,0,RTWB,RealTime
12/17/23,0,A7M,Archival
12/17/23,0,A2M,Archival
12/17/23,0,T2M,Archival
12/18/23,0,RTWB,RealTime
12/18/23,0,A7M,Archival
12/18/23,0,A2M,Archival
12/18/23,1,T2M,Archival
12/19/23,0,RTWB,RealTime
12/19/23,0,A7M,Archival
12/19/23,0,A2M,Archival
12/19/23,1,T2M,Archival
12/20/23,0,RTWB,RealTime
12/20/23,0,A7M,Archival
12/20/23,0,A2M,Archival
12/20/23,0,T2M,Archival
12/21/23,0,RTWB,RealTime
12/21/23,0,A7M,Archival
12/21/23,0,A2M,Archival
12/21/23,0,T2M,Archival
12/22/23,1,RTWB,RealTime
12/22/23,1,A7M,Archival
12/22/23,0,A2M,Archival
12/22/23,0,T2M,Archival
12/23/23,0,RTWB,RealTime
12/23/23,0,A7M,Archival
12/23/23,0,A2M,Archival
12/23/23,0,T2M,Archival
12/24/23,1,RTWB,RealTime
12/24/23,1,A7M,Archival
12/24/23,1,A2M,Archival
12/24/23,0,T2M,Archival
12/25/23,1,RTWB,RealTime
12/25/23,1,A7M,Archival
12/25/23,1,A2M,Archival
12/25/23,1,T2M,Archival
12/26/23,1,RTWB,RealTime
12/26/23,0,A7M,Archival
12/26/23,1,A2M,Archival
12/26/23,0,T2M,Archival
12/27/23,0,RTWB,RealTime
12/27/23,1,A7M,Archival
12/27/23,1,A2M,Archival
12/27/23,0,T2M,Archival
12/28/23,1,RTWB,RealTime
12/28/23,1,A7M,Archival
12/28/23,1,A2M,Archival
12/28/23,1,T2M,Archival
12/29/23,1,RTWB,RealTime
12/29/23,1,A7M,Archival
12/29/23,1,A2M,Archival
12/29/23,1,T2M,Archival
12/30/23,1,RTWB,RealTime
12/30/23,1,A7M,Archival
12/30/23,1,A2M,Archival
12/30/23,1,T2M,Archival
12/31/23,1,RTWB,RealTime
12/31/23,1,A7M,Archival
12/31/23,1,A2M,Archival
12/31/23,1,T2M,Archival
1/1/24,1,RTWB,RealTime
1/1/24,1,A7M,Archival
1/1/24,1,A2M,Archival
01/01/24,1,T2M,Archival
1/2/24,1,RTWB,RealTime
1/2/24,1,A7M,Archival
1/2/24,1,A2M,Archival
01/02/24,1,T2M,Archival
1/3/24,0,RTWB,RealTime
1/3/24,1,A7M,Archival
1/3/24,1,A2M,Archival
01/03/24,1,T2M,Archival
1/4/24,1,RTWB,RealTime
1/4/24,1,A7M,Archival
1/4/24,1,A2M,Archival
01/04/24,0,T2M,Archival
1/5/24,1,RTWB,RealTime
1/5/24,1,A7M,Archival
1/5/24,1,A2M,Archival
01/05/24,1,T2M,Archival
1/6/24,0,RTWB,RealTime
1/6/24,1,A7M,Archival
1/6/24,1,A2M,Archival
01/06/24,1,T2M,Archival
1/7/24,0,RTWB,RealTime
1/7/24,1,A7M,Archival
1/7/24,0,A2M,Archival
01/07/24,1,T2M,Archival
1/8/24,1,RTWB,RealTime
1/8/24,1,A7M,Archival
1/8/24,0,A2M,Archival
01/08/24,1,T2M,Archival
1/9/24,0,RTWB,RealTime
1/9/24,1,A7M,Archival
1/9/24,0,A2M,Archival
01/09/24,0,T2M,Archival
1/10/24,0,RTWB,RealTime
1/10/24,1,A7M,Archival
1/10/24,0,A2M,Archival
01/10/24,1,T2M,Archival
1/11/24,1,RTWB,RealTime
1/11/24,1,A7M,Archival
1/11/24,1,A2M,Archival
01/11/24,1,T2M,Archival
1/12/24,1,RTWB,RealTime
1/12/24,1,A7M,Archival
1/12/24,0,A2M,Archival
01/12/24,1,T2M,Archival
1/13/24,1,RTWB,RealTime
1/13/24,1,A7M,Archival
1/13/24,0,A2M,Archival
01/13/24,0,T2M,Archival
1/14/24,1,RTWB,RealTime
1/14/24,1,A7M,Archival
1/14/24,0,A2M,Archival
01/14/24,1,T2M,Archival
1/15/24,1,RTWB,RealTime
1/15/24,1,A7M,Archival
1/15/24,1,A2M,Archival
01/15/24,1,T2M,Archival
1/16/24,0,RTWB,RealTime
1/16/24,1,A7M,Archival
1/16/24,0,A2M,Archival
01/16/24,1,T2M,Archival
1/17/24,0,RTWB,RealTime
1/17/24,1,A7M,Archival
1/17/24,0,A2M,Archival
01/17/24,0,T2M,Archival
1/18/24,1,RTWB,RealTime
1/18/24,1,A7M,Archival
1/18/24,0,A2M,Archival
01/18/24,1,T2M,Archival
1/19/24,0,RTWB,RealTime
1/19/24,0,A7M,Archival
1/19/24,0,A2M,Archival
01/19/24,0,T2M,Archival
1/20/24,0,RTWB,RealTime
1/20/24,0,A7M,Archival
1/20/24,0,A2M,Archival
01/20/24,1,T2M,Archival
1/21/24,1,RTWB,RealTime
1/21/24,1,A7M,Archival
1/21/24,1,A2M,Archival
01/21/24,1,T2M,Archival
1/22/24,1,RTWB,RealTime
1/22/24,1,A7M,Archival
1/22/24,0,A2M,Archival
01/22/24,1,T2M,Archival
1/23/24,1,RTWB,RealTime
1/23/24,1,A7M,Archival
1/23/24,0,A2M,Archival
01/23/24,1,T2M,Archival
1/24/24,1,RTWB,RealTime
1/24/24,1,A7M,Archival
1/24/24,1,A2M,Archival
01/24/24,1,T2M,Archival
1/25/24,1,RTWB,RealTime
1/25/24,1,A7M,Archival
1/25/24,1,A2M,Archival
01/25/24,1,T2M,Archival
1/26/24,1,RTWB,RealTime
1/26/24,1,A7M,Archival
1/26/24,1,A2M,Archival
01/26/24,1,T2M,Archival
1/27/24,1,RTWB,RealTime
1/27/24,1,A7M,Archival
1/27/24,1,A2M,Archival
01/27/24,0,T2M,Archival
1/28/24,1,RTWB,RealTime
1/28/24,1,A7M,Archival
1/28/24,1,A2M,Archival
01/28/24,0,T2M,Archival
1/29/24,1,RTWB,RealTime
1/29/24,1,A7M,Archival
1/29/24,1,A2M,Archival
01/29/24,0,T2M,Archival
1/30/24,1,RTWB,RealTime
1/30/24,1,A7M,Archival
1/30/24,1,A2M,Archival
01/30/24,1,T2M,Archival
1/31/24,0,RTWB,RealTime
1/31/24,1,A7M,Archival
1/31/24,1,A2M,Archival
01/31/24,1,T2M,Archival
2/1/24,0,RTWB,RealTime
2/1/24,1,A7M,Archival
2/1/24,1,A2M,Archival
02/01/24,1,T2M,Archival
2/2/24,0,RTWB,RealTime
2/2/24,0,A7M,Archival
2/2/24,0,A2M,Archival
02/02/24,0,T2M,Archival
2/3/24,0,RTWB,RealTime
2/3/24,0,A7M,Archival
2/3/24,1,A2M,Archival
02/03/24,0,T2M,Archival
2/4/24,0,RTWB,RealTime
2/4/24,0,A7M,Archival
2/4/24,0,A2M,Archival
02/04/24,0,T2M,Archival
2/5/24,0,RTWB,RealTime
2/5/24,0,A7M,Archival
2/5/24,0,A2M,Archival
02/05/24,0,T2M,Archival
2/6/24,1,RTWB,RealTime
2/6/24,0,A7M,Archival
2/6/24,0,A2M,Archival
02/06/24,0,T2M,Archival
2/7/24,1,RTWB,RealTime
2/7/24,1,A7M,Archival
2/7/24,1,A2M,Archival
02/07/24,1,T2M,Archival
2/8/24,0,RTWB,RealTime
2/8/24,0,A7M,Archival
2/8/24,0,A2M,Archival
02/08/24,0,T2M,Archival
2/9/24,1,RTWB,RealTime
2/9/24,1,A7M,Archival
2/9/24,0,A2M,Archival
02/09/24,0,T2M,Archival
2/10/24,0,RTWB,RealTime
2/10/24,0,A7M,Archival
2/10/24,1,A2M,Archival
02/10/24,0,T2M,Archival
2/11/24,0,RTWB,RealTime
2/11/24,0,A7M,Archival
2/11/24,0,A2M,Archival
02/11/24,1,T2M,Archival
2/12/24,0,RTWB,RealTime
2/12/24,0,A7M,Archival
2/12/24,1,A2M,Archival
02/12/24,0,T2M,Archival
2/13/24,1,RTWB,RealTime
2/13/24,0,A7M,Archival
2/13/24,1,A2M,Archival
02/13/24,0,T2M,Archival
2/14/24,1,RTWB,RealTime
2/14/24,1,A7M,Archival
2/14/24,1,A2M,Archival
02/14/24,1,T2M,Archival
2/15/24,1,RTWB,RealTime
2/15/24,1,A7M,Archival
2/15/24,1,A2M,Archival
02/15/24,1,T2M,Archival
2/16/24,0,RTWB,RealTime
2/16/24,0,A7M,Archival
2/16/24,1,A2M,Archival
02/16/24,1,T2M,Archival
2/17/24,0,RTWB,RealTime
2/17/24,0,A7M,Archival
2/17/24,1,A2M,Archival
02/17/24,0,T2M,Archival
2/18/24,0,RTWB,RealTime
2/18/24,0,A7M,Archival
2/18/24,0,A2M,Archival
02/18/24,0,T2M,Archival
2/19/24,0,RTWB,RealTime
2/19/24,0,A7M,Archival
2/19/24,0,A2M,Archival
02/19/24,0,T2M,Archival
2/20/24,0,RTWB,RealTime
2/20/24,0,A7M,Archival
2/20/24,0,A2M,Archival
02/20/24,0,T2M,Archival
2/21/24,1,RTWB,RealTime
2/21/24,1,A7M,Archival
2/21/24,1,A2M,Archival
02/21/24,0,T2M,Archival
2/22/24,0,RTWB,RealTime
2/22/24,0,A7M,Archival
2/22/24,0,A2M,Archival
02/22/24,0,T2M,Archival
2/23/24,0,RTWB,RealTime
2/23/24,0,A7M,Archival
2/23/24,0,A2M,Archival
02/23/24,0,T2M,Archival
2/24/24,0,RTWB,RealTime
2/24/24,0,A7M,Archival
2/24/24,0,A2M,Archival
02/24/24,0,T2M,Archival
2/25/24,0,RTWB,RealTime
2/25/24,1,A7M,Archival
2/25/24,0,A2M,Archival
02/25/24,1,T2M,Archival
2/26/24,0,RTWB,RealTime
2/26/24,0,A7M,Archival
2/26/24,0,A2M,Archival
02/26/24,0,T2M,Archival
2/27/24,0,RTWB,RealTime
2/27/24,0,A7M,Archival
2/27/24,0,A2M,Archival
02/27/24,0,T2M,Archival
2/28/24,0,RTWB,RealTime
2/28/24,0,A7M,Archival
2/28/24,0,A2M,Archival
02/28/24,0,T2M,Archival
2/29/24,1,RTWB,RealTime
2/29/24,1,A7M,Archival
2/29/24,0,A2M,Archival
02/29/24,0,T2M,Archival
3/1/24,0,RTWB,RealTime
3/1/24,0,A7M,Archival
3/1/24,0,A2M,Archival
03/01/24,0,T2M,Archival
3/2/24,0,RTWB,RealTime
3/2/24,0,A7M,Archival
3/2/24,0,A2M,Archival
03/02/24,0,T2M,Archival
3/3/24,0,RTWB,RealTime
3/3/24,0,A7M,Archival
3/3/24,0,A2M,Archival
03/03/24,0,T2M,Archival
3/4/24,0,RTWB,RealTime
3/4/24,0,A7M,Archival
3/4/24,0,A2M,Archival
03/04/24,0,T2M,Archival
3/5/24,0,RTWB,RealTime
3/5/24,0,A7M,Archival
3/5/24,0,A2M,Archival
03/05/24,0,T2M,Archival
3/6/24,0,RTWB,RealTime
3/6/24,0,A7M,Archival
3/6/24,0,A2M,Archival
03/06/24,0,T2M,Archival
3/7/24,0,RTWB,RealTime
3/7/24,1,A7M,Archival
3/7/24,0,A2M,Archival
03/07/24,1,T2M,Archival
3/8/24,1,RTWB,RealTime
3/8/24,1,A7M,Archival
3/8/24,0,A2M,Archival
03/08/24,0,T2M,Archival
3/9/24,1,RTWB,RealTime
3/9/24,1,A7M,Archival
3/9/24,0,A2M,Archival
03/09/24,1,T2M,Archival
3/10/24,1,RTWB,RealTime
3/10/24,1,A7M,Archival
3/10/24,0,A2M,Archival
03/10/24,1,T2M,Archival
3/11/24,1,RTWB,RealTime
3/11/24,1,A7M,Archival
3/11/24,0,A2M,Archival
03/11/24,1,T2M,Archival
3/12/24,0,RTWB,RealTime
3/12/24,1,A7M,Archival
3/12/24,0,A2M,Archival
03/12/24,1,T2M,Archival
3/13/24,0,RTWB,RealTime
3/13/24,0,A7M,Archival
3/13/24,0,A2M,Archival
03/13/24,1,T2M,Archival
3/14/24,1,RTWB,RealTime
3/14/24,1,A7M,Archival
3/14/24,1,A2M,Archival
03/14/24,1,T2M,Archival
3/15/24,0,RTWB,RealTime
3/15/24,1,A7M,Archival
3/15/24,1,A2M,Archival
03/15/24,1,T2M,Archival
3/16/24,0,RTWB,RealTime
3/16/24,0,A7M,Archival
3/16/24,0,A2M,Archival
03/16/24,0,T2M,Archival
3/17/24,1,RTWB,RealTime
3/17/24,1,A7M,Archival
3/17/24,0,A2M,Archival
03/17/24,0,T2M,Archival
3/18/24,0,RTWB,RealTime
3/18/24,0,A7M,Archival
3/18/24,0,A2M,Archival
03/18/24,0,T2M,Archival
3/19/24,1,RTWB,RealTime
3/19/24,0,A7M,Archival
3/19/24,0,A2M,Archival
03/19/24,1,T2M,Archival
3/20/24,1,RTWB,RealTime
3/20/24,1,A7M,Archival
3/20/24,1,A2M,Archival
03/20/24,1,T2M,Archival
3/21/24,1,RTWB,RealTime
3/21/24,1,A7M,Archival
3/21/24,0,A2M,Archival
03/21/24,0,T2M,Archival
3/22/24,1,RTWB,RealTime
3/22/24,1,A7M,Archival
3/22/24,0,A2M,Archival
03/22/24,1,T2M,Archival
3/23/24,0,RTWB,RealTime
3/23/24,1,A7M,Archival
3/23/24,1,A2M,Archival
03/23/24,1,T2M,Archival
3/24/24,0,RTWB,RealTime
3/24/24,0,A7M,Archival
3/24/24,0,A2M,Archival
03/24/24,0,T2M,Archival
3/25/24,1,RTWB,RealTime
3/25/24,0,A7M,Archival
3/25/24,0,A2M,Archival
03/25/24,0,T2M,Archival
3/26/24,1,RTWB,RealTime
3/26/24,1,A7M,Archival
3/26/24,0,A2M,Archival
03/26/24,1,T2M,Archival
3/27/24,0,RTWB,RealTime
3/27/24,0,A7M,Archival
3/27/24,0,A2M,Archival
03/27/24,0,T2M,Archival
3/28/24,0,RTWB,RealTime
3/28/24,0,A7M,Archival
3/28/24,0,A2M,Archival
03/28/24,0,T2M,Archival
3/29/24,0,RTWB,RealTime
3/29/24,0,A7M,Archival
3/29/24,0,A2M,Archival
03/29/24,0,T2M,Archival
3/30/24,0,RTWB,RealTime
3/30/24,0,A7M,Archival
3/30/24,0,A2M,Archival
03/30/24,0,T2M,Archival
3/31/24,0,RTWB,RealTime
3/31/24,0,A7M,Archival
3/31/24,0,A2M,Archival
03/31/24,0,T2M,Archival
4/1/24,0,RTWB,RealTime
4/1/24,0,A7M,Archival
4/1/24,0,A2M,Archival
04/01/24,0,T2M,Archival
4/2/24,0,RTWB,RealTime
4/2/24,0,A7M,Archival
4/2/24,0,A2M,Archival
04/02/24,0,T2M,Archival
4/3/24,0,RTWB,RealTime
4/3/24,0,A7M,Archival
4/3/24,0,A2M,Archival
04/03/24,0,T2M,Archival
4/4/24,0,RTWB,RealTime
4/4/24,0,A7M,Archival
4/4/24,0,A2M,Archival
04/04/24,0,T2M,Archival
4/5/24,0,RTWB,RealTime
4/5/24,0,A7M,Archival
4/5/24,0,A2M,Archival
04/05/24,0,T2M,Archival
4/6/24,0,RTWB,RealTime
4/6/24,0,A7M,Archival
4/6/24,0,A2M,Archival
04/06/24,0,T2M,Archival
4/7/24,0,RTWB,RealTime
4/7/24,0,A7M,Archival
4/7/24,0,A2M,Archival
04/07/24,1,T2M,Archival
4/8/24,0,RTWB,RealTime
4/8/24,0,A7M,Archival
4/8/24,0,A2M,Archival
04/08/24,0,T2M,Archival
4/9/24,0,RTWB,RealTime
4/9/24,0,A7M,Archival
4/9/24,0,A2M,Archival
04/09/24,0,T2M,Archival
4/10/24,0,RTWB,RealTime
4/10/24,0,A7M,Archival
4/10/24,0,A2M,Archival
04/10/24,0,T2M,Archival
4/11/24,0,RTWB,RealTime
4/11/24,0,A7M,Archival
4/11/24,0,A2M,Archival
04/11/24,1,T2M,Archival
4/12/24,1,RTWB,RealTime
4/12/24,1,A7M,Archival
4/12/24,0,A2M,Archival
04/12/24,1,T2M,Archival
4/13/24,0,RTWB,RealTime
4/13/24,0,A7M,Archival
4/13/24,0,A2M,Archival
04/13/24,0,T2M,Archival
4/14/24,0,RTWB,RealTime
4/14/24,0,A7M,Archival
4/14/24,0,A2M,Archival
04/14/24,0,T2M,Archival
4/15/24,1,RTWB,RealTime
4/15/24,0,A7M,Archival
4/15/24,0,A2M,Archival
04/15/24,0,T2M,Archival
4/16/24,0,RTWB,RealTime
4/16/24,1,A7M,Archival
4/16/24,0,A2M,Archival
04/16/24,1,T2M,Archival
4/17/24,0,RTWB,RealTime
4/17/24,0,A7M,Archival
4/17/24,0,A2M,Archival
04/17/24,1,T2M,Archival
4/18/24,0,RTWB,RealTime
4/19/24,0,RTWB,RealTime
4/20/24,0,RTWB,RealTime
4/21/24,0,RTWB,RealTime
4/22/24,0,RTWB,RealTime
4/23/24,0,RTWB,RealTime
4/24/24,0,RTWB,RealTime
4/25/24,0,RTWB,RealTime
4/26/24,1,RTWB,RealTime
4/27/24,0,RTWB,RealTime
4/28/24,1,RTWB,RealTime
4/29/24,1,RTWB,RealTime
4/30/24,1,RTWB,RealTime
5/1/24,1,RTWB,RealTime
5/2/24,0,RTWB,RealTime
5/3/24,0,RTWB,RealTime
5/4/24,0,RTWB,RealTime
5/5/24,0,RTWB,RealTime
5/6/24,0,RTWB,RealTime
5/7/24,1,RTWB,RealTime
5/8/24,0,RTWB,RealTime
5/9/24,0,RTWB,RealTime
5/10/24,0,RTWB,RealTime
5/11/24,0,RTWB,RealTime
5/12/24,1,RTWB,RealTime
5/13/24,0,RTWB,RealTime
5/14/24,0,RTWB,RealTime
5/15/24,1,RTWB,RealTime
5/16/24,0,RTWB,RealTime
5/17/24,0,RTWB,RealTime
5/18/24,0,RTWB,RealTime
5/19/24,0,RTWB,RealTime
5/20/24,0,RTWB,RealTime
5/21/24,0,RTWB,RealTime
5/22/24,0,RTWB,RealTime
5/23/24,0,RTWB,RealTime
5/24/24,0,RTWB,RealTime
5/25/24,0,RTWB,RealTime
5/26/24,0,RTWB,RealTime
5/27/24,0,RTWB,RealTime
5/28/24,0,RTWB,RealTime
5/29/24,0,RTWB,RealTime
5/30/24,0,RTWB,RealTime
5/31/24,0,RTWB,RealTime
6/1/24,1,RTWB,RealTime
6/2/24,0,RTWB,RealTime
6/3/24,0,RTWB,RealTime
6/4/24,0,RTWB,RealTime
6/5/24,0,RTWB,RealTime
6/6/24,0,RTWB,RealTime
6/7/24,0,RTWB,RealTime
6/8/24,0,RTWB,RealTime
6/9/24,0,RTWB,RealTime
6/10/24,0,RTWB,RealTime
6/11/24,0,RTWB,RealTime
6/12/24,0,RTWB,RealTime
6/13/24,0,RTWB,RealTime
6/14/24,0,RTWB,RealTime
6/15/24,0,RTWB,RealTime
6/16/24,0,RTWB,RealTime
6/17/24,0,RTWB,RealTime
6/18/24,0,RTWB,RealTime
6/19/24,0,RTWB,RealTime
6/20/24,0,RTWB,RealTime
6/21/24,0,RTWB,RealTime
6/22/24,0,RTWB,RealTime
6/23/24,0,RTWB,RealTime
6/24/24,0,RTWB,RealTime
6/25/24,0,RTWB,RealTime
6/26/24,0,RTWB,RealTime
6/27/24,0,RTWB,RealTime
6/28/24,0,RTWB,RealTime
6/29/24,0,RTWB,RealTime
6/30/24,0,RTWB,RealTime
7/1/24,0,RTWB,RealTime
7/2/24,0,RTWB,RealTime
7/3/24,0,RTWB,RealTime
7/4/24,0,RTWB,RealTime
7/5/24,0,RTWB,RealTime
7/6/24,0,RTWB,RealTime
7/7/24,0,RTWB,RealTime
7/8/24,0,RTWB,RealTime
7/9/24,0,RTWB,RealTime
7/10/24,0,RTWB,RealTime
7/11/24,0,RTWB,RealTime
7/12/24,0,RTWB,RealTime
7/13/24,0,RTWB,RealTime
7/14/24,0,RTWB,RealTime
7/15/24,0,RTWB,RealTime
10/27/24,0,RTWB,RealTime
10/28/24,0,RTWB,RealTime
10/29/24,0,RTWB,RealTime
10/30/24,0,RTWB,RealTime
10/31/24,0,RTWB,RealTime
11/1/24,0,RTWB,RealTime
11/2/24,0,RTWB,RealTime
11/3/24,0,RTWB,RealTime
11/4/24,0,RTWB,RealTime
11/5/24,0,RTWB,RealTime
11/6/24,0,RTWB,RealTime
11/7/24,0,RTWB,RealTime
11/8/24,0,RTWB,RealTime
11/9/24,0,RTWB,RealTime
11/10/24,0,RTWB,RealTime
11/11/24,0,RTWB,RealTime
11/12/24,0,RTWB,RealTime
11/13/24,0,RTWB,RealTime
11/14/24,0,RTWB,RealTime
11/15/24,0,RTWB,RealTime
11/16/24,0,RTWB,RealTime
11/17/24,0,RTWB,RealTime
11/18/24,0,RTWB,RealTime
11/19/24,0,RTWB,RealTime
11/20/24,0,RTWB,RealTime
11/21/24,0,RTWB,RealTime
11/22/24,1,RTWB,RealTime
11/23/24,0,RTWB,RealTime
11/24/24,0,RTWB,RealTime
11/25/24,0,RTWB,RealTime
11/26/24,0,RTWB,RealTime
11/27/24,1,RTWB,RealTime
11/28/24,0,RTWB,RealTime
11/29/24,0,RTWB,RealTime
11/30/24,0,RTWB,RealTime
12/1/24,0,RTWB,RealTime
12/2/24,0,RTWB,RealTime
12/3/24,1,RTWB,RealTime
12/4/24,1,RTWB,RealTime
12/5/24,0,RTWB,RealTime
12/6/24,0,RTWB,RealTime
12/7/24,0,RTWB,RealTime
12/8/24,1,RTWB,RealTime
12/9/24,1,RTWB,RealTime
12/10/24,0,RTWB,RealTime
12/11/24,0,RTWB,RealTime
12/12/24,1,RTWB,RealTime
12/13/24,1,RTWB,RealTime
12/14/24,0,RTWB,RealTime
12/15/24,0,RTWB,RealTime
12/16/24,0,RTWB,RealTime
12/17/24,1,RTWB,RealTime
12/18/24,1,RTWB,RealTime
12/19/24,1,RTWB,RealTime
12/20/24,0,RTWB,RealTime
12/21/24,1,RTWB,RealTime
12/22/24,0,RTWB,RealTime
12/23/24,1,RTWB,RealTime
12/24/24,1,RTWB,RealTime
12/25/24,0,RTWB,RealTime
12/26/24,0,RTWB,RealTime
12/27/24,0,RTWB,RealTime
12/28/24,0,RTWB,RealTime
12/29/24,0,RTWB,RealTime
12/30/24,0,RTWB,RealTime
12/31/24,0,RTWB,RealTime