period_start,device_type,site,days_monitored,days_present,percent_occurrence,mean_chla
11/5/14,Archival,A2M,8,0,0,2.470059955
11/5/14,Archival,A7M,8,0,0,1.633411998
11/5/14,Archival,T2M,8,0,0,1.836012065
11/13/14,Archival,A2M,8,1,12.5,1.952855998
11/13/14,Archival,A7M,8,0,0,1.247422278
11/13/14,Archival,T2M,8,0,0,0.978516656
11/21/14,Archival,A2M,8,3,37.5,3.714647233
11/21/14,Archival,A7M,8,5,62.5,2.864080983
11/21/14,Archival,T2M,8,3,37.5,2.161379588
11/29/14,Archival,A2M,8,3,37.5,2.462706196
11/29/14,Archival,A7M,8,1,12.5,1.851084256
11/29/14,Archival,T2M,8,1,12.5,1.425712162
12/7/14,Archival,A2M,8,5,62.5,NA
12/7/14,Archival,A7M,8,7,87.5,NA
12/7/14,Archival,T2M,8,2,25,NA
12/15/14,Archival,A2M,8,0,0,2.496237874
12/15/14,Archival,A7M,8,2,25,1.529280716
12/15/14,Archival,T2M,8,2,25,1.29322691
12/23/14,Archival,A2M,8,7,87.5,2.248710364
12/23/14,Archival,A7M,8,7,87.5,1.895364362
12/23/14,Archival,T2M,8,4,50,1.302766648
12/31/14,Archival,A2M,8,0,0,NA
12/31/14,Archival,A7M,8,1,12.5,3.539185286
12/31/14,Archival,T2M,8,0,0,2.878042912
1/5/15,Archival,A2M,8,0,0,2.913380361
1/5/15,Archival,A7M,8,5,62.5,2.011083114
1/5/15,Archival,T2M,8,4,50,1.73719005
1/13/15,Archival,A2M,8,4,50,2.494426632
1/13/15,Archival,A7M,8,7,87.5,1.538048249
1/13/15,Archival,T2M,8,7,87.5,1.168786976
1/21/15,Archival,A2M,8,5,62.5,1.665291342
1/21/15,Archival,A7M,8,6,75,0.651059496
1/21/15,Archival,T2M,8,5,62.5,0.533568719
1/29/15,Archival,A2M,8,3,37.5,5.151384187
1/29/15,Archival,A7M,8,3,37.5,3.594344556
1/29/15,Archival,T2M,8,4,50,2.606901777
2/6/15,Archival,A2M,8,3,37.5,5.281160533
2/6/15,Archival,A7M,8,3,37.5,5.25132339
2/6/15,Archival,T2M,8,2,25,4.720648086
2/14/15,Archival,A2M,8,3,37.5,4.993756247
2/14/15,Archival,A7M,8,6,75,3.395716608
2/14/15,Archival,T2M,8,5,62.5,2.567089802
2/22/15,Archival,A2M,8,2,25,2.896997857
2/22/15,Archival,A7M,8,2,25,2.176550013
2/22/15,Archival,T2M,8,2,25,1.654281753
3/2/15,Archival,A2M,8,4,50,NA
3/2/15,Archival,A7M,8,4,50,NA
3/2/15,Archival,T2M,8,3,37.5,NA
3/10/15,Archival,A2M,8,4,50,3.073046291
3/10/15,Archival,A7M,8,3,37.5,3.671378255
3/10/15,Archival,T2M,8,4,50,5.223754478
3/18/15,Archival,A2M,8,1,12.5,2.648019505
3/18/15,Archival,A7M,8,3,37.5,8.836072445
3/18/15,Archival,T2M,8,5,62.5,9.158496584
3/26/15,Archival,A2M,8,1,12.5,5.102125525
3/26/15,Archival,A7M,8,0,0,17.03671343
3/26/15,Archival,T2M,8,0,0,17.37302475
4/3/15,Archival,A2M,8,0,0,12.03049936
4/3/15,Archival,A7M,8,0,0,6.344321799
4/3/15,Archival,T2M,8,0,0,9.261087632
4/11/15,Archival,A2M,8,0,0,4.138188505
4/11/15,Archival,A7M,8,0,0,4.020244789
4/11/15,Archival,T2M,8,0,0,5.406941962
4/19/15,Archival,A2M,8,0,0,8.837542415
4/19/15,Archival,A7M,8,0,0,2.657239783
4/19/15,Archival,T2M,8,0,0,3.091363114
4/27/15,Archival,A2M,8,0,0,9.803477705
4/27/15,Archival,A7M,8,1,12.5,3.225383222
4/27/15,Archival,T2M,8,3,37.5,1.149248007
5/5/15,Archival,A2M,8,0,0,7.833707047
5/5/15,Archival,A7M,8,0,0,3.825453389
5/5/15,Archival,T2M,8,0,0,1.920281267
5/13/15,Archival,A2M,8,0,0,5.326023161
5/13/15,Archival,A7M,8,0,0,2.518293959
5/13/15,Archival,T2M,8,0,0,1.697129089
5/21/15,Archival,A2M,8,0,0,2.572332728
5/21/15,Archival,A7M,8,1,12.5,1.080549964
5/21/15,Archival,T2M,8,1,12.5,0.763656613
5/29/15,Archival,A2M,8,0,0,2.696171248
5/29/15,Archival,A7M,8,0,0,1.556064469
5/29/15,Archival,T2M,8,0,0,1.200329587
6/6/15,Archival,A2M,8,0,0,1.786062495
6/6/15,Archival,A7M,8,0,0,1.352045581
6/6/15,Archival,T2M,8,0,0,0.77588581
6/14/15,Archival,A2M,8,0,0,1.421212161
6/14/15,Archival,A7M,8,0,0,0.946870106
6/14/15,Archival,T2M,8,0,0,0.824789238
6/22/15,Archival,A2M,8,2,25,1.162140101
6/22/15,Archival,A7M,8,2,25,0.8169853
6/22/15,Archival,T2M,8,2,25,0.664665571
6/30/15,Archival,A2M,8,0,0,1.973734859
6/30/15,Archival,A7M,8,0,0,0.59572923
6/30/15,Archival,T2M,8,0,0,0.487473716
7/8/15,Archival,A2M,8,0,0,1.580709988
7/8/15,Archival,A7M,8,0,0,0.617792788
7/8/15,Archival,T2M,8,0,0,0.584446937
7/16/15,Archival,A2M,8,0,0,1.000651779
7/16/15,Archival,A7M,8,0,0,0.427981578
7/16/15,Archival,T2M,8,0,0,0.41629371
7/24/15,Archival,A2M,8,1,12.5,0.707634342
7/24/15,Archival,A7M,8,1,12.5,0.563893345
7/24/15,Archival,T2M,8,1,12.5,0.518858218
8/1/15,Archival,A2M,8,0,0,0.864047918
8/1/15,Archival,A7M,8,0,0,0.513303474
8/1/15,Archival,T2M,8,0,0,0.705086672
8/9/15,Archival,A2M,8,0,0,2.274654198
8/9/15,Archival,A7M,8,0,0,2.021380603
8/9/15,Archival,T2M,8,0,0,2.023326744
8/17/15,Archival,A2M,7,0,0,4.372729707
8/17/15,Archival,A7M,8,0,0,3.000336206
8/17/15,Archival,T2M,8,0,0,4.638449478
8/25/15,Archival,A7M,8,0,0,5.844214296
8/25/15,Archival,T2M,8,1,12.5,5.723596096
9/2/15,Archival,A7M,8,0,0,2.922796813
9/2/15,Archival,T2M,8,0,0,3.268079519
9/10/15,Archival,A2M,8,0,0,9.08079958
9/10/15,Archival,A7M,8,0,0,6.232270551
9/10/15,Achival,T2M,8,0,0,7.570483279
9/18/15,Archival,A2M,7,0,0,7.995956457
9/18/15,Archival,A7M,8,0,0,2.805997944
9/18/15,Archival,T2M,8,0,0,2.064385861
9/26/15,Archival,A2M,8,0,0,3.665774028
9/26/15,Archival,A7M,8,0,0,2.338153911
9/26/15,Archival,T2M,8,0,0,2.2775021
10/4/15,Archival,A2M,8,0,0,2.46033603
10/4/15,Archival,A7M,8,0,0,1.161043695
10/4/15,Archival,T2M,8,0,0,0.90724647
10/12/15,Archival,A2M,8,0,0,3.348332727
10/12/15,Archival,A7M,8,0,0,1.834719217
10/12/15,Archival,T2M,8,0,0,1.510816956
10/20/15,Archival,A2M,8,0,0,3.940939897
10/20/15,Archival,A7M,8,0,0,2.563360184
10/20/15,Archival,T2M,8,0,0,1.536305842
10/28/15,Archival,A2M,8,1,12.5,2.088899034
10/28/15,Archival,A7M,8,0,0,1.487038079
10/28/15,Archival,T2M,8,0,0,1.195322117
11/5/15,Archival,A2M,8,0,0,2.180057931
11/5/15,Archival,A7M,8,1,12.5,1.066976815
11/5/15,Archival,T2M,8,0,0,1.04207103
11/13/15,Archival,A2M,8,0,0,2.317981052
11/13/15,Archival,A7M,8,1,12.5,1.519776857
11/13/15,Archival,T2M,8,0,0,1.171743768
11/21/15,Archival,A2M,8,4,50,3.071940857
11/21/15,Archival,A7M,8,2,25,1.636125284
11/21/15,Archival,T2M,8,1,12.5,1.042619425
11/29/15,Archival,A2M,8,6,75,1.957173717
11/29/15,Archival,A7M,8,4,50,0.996111465
11/29/15,Archival,T2M,8,2,25,0.718657354
12/7/15,Archival,A2M,8,6,75,1.587339514
12/7/15,Archival,A7M,8,5,62.5,0.944882014
12/7/15,Archival,T2M,8,4,50,0.828212905
12/15/15,Archival,A2M,8,1,12.5,1.908376288
12/15/15,Archival,A7M,8,0,0,0.930395025
12/15/15,Archival,T2M,8,0,0,0.72207295
12/23/15,Archival,A2M,8,3,37.5,1.52042537
12/23/15,Archival,A7M,8,1,12.5,0.710500872
12/23/15,Archival,T2M,8,1,12.5,0.589956439
12/31/15,Archival,A2M,8,5,62.5,NA
12/31/15,Archival,A7M,8,6,75,NA
12/31/15,Archival,T2M,8,4,50,NA
1/5/16,Archival,A2M,8,2,25,3.358412683
1/5/16,Archival,A7M,8,5,62.5,1.741340947
1/5/16,Archival,T2M,8,3,37.5,1.116515788
1/13/16,Archival,A2M,8,4,50,3.580181468
1/13/16,Archival,A7M,8,2,25,2.275800633
1/13/16,Archival,T2M,8,3,37.5,1.810438603
1/21/16,Archival,A2M,8,4,50,3.24021509
1/21/16,Archival,A7M,8,5,62.5,3.387828863
1/21/16,Archival,T2M,8,5,62.5,3.317207289
1/29/16,Archival,A2M,8,8,100,4.64441117
1/29/16,Archival,A7M,8,8,100,4.071671188
1/29/16,Archival,T2M,8,8,100,3.573939621
2/6/16,Archival,A2M,8,5,62.5,3.71856792
2/6/16,Archival,A7M,8,7,87.5,2.997808695
2/6/16,Archival,T2M,8,7,87.5,2.608586717
2/14/16,Archival,A2M,8,4,50,3.458559275
2/14/16,Archival,A7M,8,2,25,1.515333652
2/14/16,Archival,T2M,8,1,12.5,1.402512453
2/22/16,Archival,A2M,7,3,42.85714286,2.511831349
2/22/16,Archival,A7M,7,4,57.14285714,1.837235578
2/22/16,Archival,T2M,7,1,14.28571429,1.772978485
3/1/16,Archival,A2M,8,6,75,2.591217351
3/1/16,Archival,A7M,8,6,75,1.98062641
3/1/16,Archival,T2M,8,6,75,1.69505018
3/9/16,Archival,A2M,8,6,75,2.61668849
3/9/16,Archival,A7M,8,6,75,1.733882105
3/9/16,Archival,T2M,8,7,87.5,1.480438179
3/17/16,Archival,A2M,8,6,75,2.306084394
3/17/16,Archival,A7M,8,7,87.5,1.308501738
3/17/16,Archival,T2M,8,6,75,1.069284102
3/25/16,Archival,A2M,8,2,25,3.293960035
3/25/16,Archival,A7M,8,5,62.5,2.261889452
3/25/16,Archival,T2M,8,5,62.5,1.504951614
4/2/16,Archival,A2M,8,1,12.5,3.057765472
4/2/16,Archival,A7M,8,1,12.5,1.51731686
4/2/16,Archival,T2M,8,1,12.5,1.18143605
4/10/16,Archival,A2M,8,0,0,3.985095048
4/10/16,Archival,A7M,8,0,0,2.368607169
4/10/16,Archival,T2M,8,2,25,2.350888103
4/18/16,Archival,A2M,8,0,0,2.842867839
4/18/16,Archival,A7M,8,0,0,1.671903753
4/18/16,Archival,T2M,8,0,0,1.552390373
4/26/16,Archival,A2M,8,0,0,1.860519636
4/26/16,Archival,A7M,8,0,0,0.932359719
4/26/16,Archival,T2M,8,0,0,0.981264505
5/4/16,Archival,A2M,8,0,0,1.133358905
5/4/16,Archival,A7M,8,0,0,1.002619448
5/4/16,Archival,T2M,8,0,0,1.038685441
5/12/16,Archival,A2M,8,0,0,4.387327719
5/12/16,Archival,A7M,8,0,0,2.360563413
5/12/16,Archival,T2M,8,0,0,2.163018563
5/20/16,Archival,A2M,8,0,0,7.777685738
5/20/16,Archival,A7M,8,0,0,3.567863476
5/20/16,Archival,T2M,8,0,0,2.117359507
5/28/16,Archival,A2M,8,0,0,2.329769051
5/28/16,Archival,A7M,8,0,0,1.439651555
5/28/16,Archival,T2M,8,0,0,1.438977814
6/5/16,Archival,A2M,8,0,0,2.104555312
6/5/16,Archival,A7M,8,0,0,1.963652573
6/5/16,Archival,T2M,8,0,0,1.619618058
6/13/16,Archival,A2M,8,0,0,2.232034993
6/13/16,Archival,A7M,8,0,0,1.109421104
6/13/16,Archival,T2M,8,0,0,0.770051739
6/21/16,Archival,A2M,8,0,0,1.378438234
6/21/16,Archival,A7M,8,0,0,0.488447121
6/21/16,Archival,T2M,8,0,0,0.424833107
6/29/16,Archival,A2M,8,0,0,2.024252355
6/29/16,Archival,A7M,8,0,0,0.747628334
6/29/16,Archival,T2M,8,0,0,0.478381179
7/7/16,Archival,A2M,8,0,0,1.913369656
7/7/16,Archival,A7M,8,0,0,1.042765754
7/7/16,Archival,T2M,8,0,0,0.495534834
7/15/16,Archival,A2M,3,0,0,2.548748404
7/15/16,Archival,A7M,3,0,0,1.079492462
7/15/16,Archival,T2M,3,0,0,0.644912273
7/23/16,Archival,A2M,6,0,0,1.299323341
7/23/16,Archival,A7M,6,0,0,0.613491985
7/23/16,Archival,T2M,6,0,0,0.570298779
7/31/16,Archival,A2M,8,0,0,2.13091631
7/31/16,Archival,A7M,8,0,0,0.663840926
7/31/16,Archival,T2M,8,0,0,0.465268721
8/8/16,Archival,A2M,8,0,0,0.849181569
8/8/16,Archival,A7M,8,0,0,0.796970075
8/8/16,Archival,T2M,8,0,0,0.766756481
8/16/16,Archival,A2M,8,0,0,1.047739205
8/16/16,Archival,A7M,8,0,0,0.601870684
8/16/16,Archival,T2M,8,0,0,0.514934886
8/24/16,Archival,A2M,8,0,0,2.772762498
8/24/16,Archival,A7M,8,0,0,0.511365353
8/24/16,Archival,T2M,8,0,0,0.473120815
9/1/16,Archival,A2M,8,0,0,1.431615567
9/1/16,Archival,A7M,8,0,0,0.472886278
9/1/16,Archival,T2M,8,0,0,0.427514833
9/9/16,Archival,A2M,8,0,0,1.380910933
9/9/16,Archival,A7M,8,0,0,0.739820892
9/9/16,Archival,T2M,8,0,0,0.338711011
9/17/16,Archival,A2M,8,0,0,2.212486905
9/17/16,Archival,A7M,8,0,0,1.089594281
9/17/16,Archival,T2M,8,0,0,0.790830836
9/25/16,Archival,A2M,8,0,0,3.010787666
9/25/16,Archival,A7M,8,0,0,1.985129088
9/25/16,Archival,T2M,8,1,12.5,1.666010463
10/3/16,Archival,A2M,8,0,0,2.443360257
10/3/16,Archival,A7M,8,0,0,1.726121181
10/3/16,Archival,T2M,8,0,0,1.360554683
10/11/16,Archival,A2M,8,0,0,2.988388836
10/11/16,Archival,A7M,8,0,0,1.685435784
10/11/16,Archival,T2M,8,0,0,1.265655899
10/19/16,Archival,A2M,8,0,0,1.547242421
10/19/16,Archival,A7M,8,1,12.5,1.10228675
10/19/16,Archival,T2M,8,1,12.5,0.883551908
10/27/16,Archival,A2M,8,0,0,5.817771649
10/27/16,Archival,A7M,8,0,0,2.770752507
10/27/16,Archival,T2M,8,0,0,2.081170523
11/4/16,Archival,A2M,8,0,0,2.318090701
11/4/16,Archival,A7M,8,1,12.5,1.282574689
11/4/16,Archival,T2M,8,1,12.5,1.350075006
11/12/16,Archival,A2M,8,0,0,2.94841916
11/12/16,Archival,A7M,8,0,0,1.517781711
11/12/16,Archival,T2M,8,0,0,1.218800813
11/20/16,Archival,A2M,8,2,25,2.632334507
11/20/16,Archival,A7M,8,1,12.5,1.292674348
11/20/16,Archival,T2M,8,0,0,0.836870673
11/28/16,Archival,A2M,7,4,57.14285714,1.876120907
11/28/16,Archival,A7M,8,1,12.5,1.01488685
11/28/16,Archival,T2M,8,0,0,0.870637816
12/6/16,Archival,A2M,8,0,0,2.722088081
12/6/16,Archival,A7M,8,0,0,1.004527589
12/6/16,Archival,T2M,8,0,0,0.71861046
12/14/16,Archival,A2M,8,3,37.5,2.041709191
12/14/16,Archival,A7M,8,2,25,3.76405033
12/14/16,Archival,T2M,8,0,0,5.87618022
12/22/16,Archival,A2M,8,4,50,3.002710915
12/22/16,Archival,A7M,8,5,62.5,1.785265577
12/22/16,Archival,T2M,7,0,0,1.224731117
12/30/16,Archival,A2M,8,6,75,7.723474302
12/30/16,Archival,A7M,8,8,100,4.795183347
12/30/16,Archival,T2M,8,NA,NA,2.527331394
1/5/17,Archival,A2M,8,3,37.5,6.438332939
1/5/17,Archival,A7M,8,3,37.5,11.19006795
1/5/17,Archival,T2M,5,NA,NA,9.23520788
1/13/17,Archival,A2M,8,4,50,19.09227848
1/13/17,Archival,A7M,8,3,37.5,NA
1/13/17,Archival,T2M,8,5,62.5,NA
1/21/17,Archival,A2M,8,0,0,NA
1/21/17,Archival,A7M,8,2,25,NA
1/21/17,Archival,T2M,8,2,25,NA
1/29/17,Archival,A2M,8,1,12.5,2.588129783
1/29/17,Archival,A7M,8,1,12.5,1.980174905
1/29/17,Archival,T2M,8,1,12.5,2.031014562
2/6/17,Archival,A2M,8,0,0,2.84956875
2/6/17,Archival,A7M,8,0,0,1.98192892
2/6/17,Archival,T2M,8,1,12.5,1.71705
2/14/17,Archival,A2M,8,0,0,2.56030744
2/14/17,Archival,A7M,8,0,0,2.09801067
2/14/17,Archival,T2M,8,0,0,2.06284673
2/22/17,Archival,A2M,8,0,0,1.86382849
2/22/17,Archival,A7M,8,0,0,1.43252037
2/22/17,Archival,T2M,8,0,0,1.48917498
3/2/17,Archival,A2M,8,1,12.5,3.334072506
3/2/17,Archival,A7M,8,1,12.5,2.969955683
3/2/17,Archival,T2M,8,2,25,3.314708292
3/10/17,Archival,A2M,8,1,12.5,2.884938157
3/10/17,Archival,A7M,8,2,25,2.118467188
3/10/17,Archival,T2M,8,1,12.5,1.945780587
3/18/17,Archival,A2M,8,1,12.5,2.937875342
3/18/17,Archival,A7M,8,3,37.5,2.270856547
3/18/17,Archival,T2M,8,2,25,2.197913814
3/26/17,Archival,A2M,8,1,12.5,4.137258863
3/26/17,Archival,A7M,8,0,0,2.70841924
3/26/17,Archival,T2M,8,0,0,2.450564086
4/3/17,Archival,A2M,8,0,0,2.705469662
4/3/17,Archival,A7M,8,1,12.5,1.779526114
4/3/17,Archival,T2M,8,0,0,1.540792519
4/11/17,Archival,A2M,8,0,0,3.72495302
4/11/17,Archival,A7M,8,0,0,2.09706021
4/11/17,Archival,T2M,8,0,0,1.791111583
4/19/17,Archival,A2M,8,0,0,2.98843872
4/19/17,Archival,A7M,8,0,0,1.882509351
4/19/17,Archival,T2M,8,0,0,1.797171474
4/27/17,Archival,A2M,8,0,0,4.32013162
4/27/17,Archival,A7M,8,0,0,3.161488777
4/27/17,Archival,T2M,8,0,0,1.355753642
5/5/17,Archival,A2M,8,0,0,6.94718616
5/5/17,Archival,A7M,8,0,0,4.304434633
5/5/17,Archival,T2M,8,0,0,4.027149189
5/13/17,Archival,A2M,8,0,0,3.149935436
5/13/17,Archival,A7M,8,0,0,2.103441519
5/13/17,Archival,T2M,8,0,0,1.797625697
5/21/17,Archival,A2M,8,0,0,2.484381366
5/21/17,Archival,A7M,8,0,0,1.6926615
5/21/17,Archival,T2M,8,0,0,1.230265382
5/29/17,Archival,A2M,8,0,0,2.490162581
5/29/17,Archival,A7M,8,0,0,1.910234332
5/29/17,Archival,T2M,8,0,0,1.358142936
6/6/17,Archival,A2M,9,0,0,NA
6/6/17,Archival,A7M,9,1,11.11111111,1.036481142
6/6/17,Archival,T2M,9,1,11.11111111,0.772763997
6/14/17,Archival,A2M,10,1,10,2.862305731
6/14/17,Archival,A7M,10,2,20,1.609135312
6/14/17,Archival,T2M,9,1,11.11111111,1.063554597
6/22/17,Archival,A2M,8,0,0,3.751857376
6/22/17,Archival,A7M,8,0,0,2.691336739
6/22/17,Archival,T2M,8,0,0,2.254404891
6/30/17,Archival,A2M,8,0,0,3.070621216
6/30/17,Archival,A7M,8,0,0,2.424332654
6/30/17,Archival,T2M,8,0,0,2.393456733
7/8/17,Archival,A2M,8,0,0,1.384715322
7/8/17,Archival,A7M,8,0,0,1.01614072
7/8/17,Archival,T2M,8,0,0,0.921044323
7/16/17,Archival,A2M,8,0,0,1.319657439
7/16/17,Archival,A7M,8,0,0,0.841682607
7/16/17,Archival,T2M,8,0,0,0.769982129
7/24/17,Archival,A2M,8,0,0,2.629031658
7/24/17,Archival,A7M,8,0,0,NA
7/24/17,Archival,T2M,8,0,0,NA
8/1/17,Archival,A2M,8,0,0,3.926079154
8/1/17,Archival,A7M,8,0,0,1.249941093
8/1/17,Archival,T2M,8,0,0,1.195243841
8/9/17,Archival,A2M,8,0,0,6.817792702
8/9/17,Archival,A7M,8,0,0,5.786253345
8/9/17,Archival,T2M,8,0,0,4.031558949
8/17/17,Archival,A2M,8,0,0,7.72817204
8/17/17,Archival,A7M,8,0,0,4.104432333
8/17/17,Archival,T2M,8,0,0,3.950848925
8/25/17,Archival,A2M,8,0,0,10.87113245
8/25/17,Archival,A7M,8,0,0,5.686023164
8/25/17,Archival,T2M,8,0,0,5.444994247
9/2/17,Archival,A2M,8,0,0,6.882648993
9/2/17,Archival,A7M,8,0,0,4.186458486
9/2/17,Archival,T2M,8,0,0,2.036390543
9/10/17,Archival,A2M,8,0,0,3.737964809
9/10/17,Archival,A7M,8,0,0,2.465839499
9/10/17,Archival,T2M,8,0,0,1.391719368
9/18/17,Archival,A2M,8,0,0,2.843911928
9/18/17,Archival,A7M,8,0,0,1.288570905
9/18/17,Archival,T2M,8,0,0,1.120988539
9/26/17,Archival,A2M,8,0,0,2.546207941
9/26/17,Archival,A7M,8,0,0,1.444703257
9/26/17,Archival,T2M,8,0,0,1.149545497
10/4/17,Archival,A2M,8,0,0,3.185597241
10/4/17,Archival,A7M,8,0,0,1.502335292
10/4/17,Archival,T2M,8,0,0,1.19486475
10/12/17,Archival,A2M,8,0,0,1.057220459
10/12/17,Archival,A7M,8,0,0,0.77362942
10/12/17,Archival,T2M,8,0,0,0.74743083
10/20/17,Archival,A2M,8,0,0,2.77855956
10/20/17,Archival,A7M,8,0,0,1.507204741
10/20/17,Archival,T2M,8,0,0,1.315798604
10/28/17,Archival,A2M,8,0,0,2.398171002
10/28/17,Archival,A7M,8,0,0,1.428249913
10/28/17,Archival,T2M,8,0,0,1.216242176
11/5/17,Archival,A2M,8,0,0,3.234055245
11/5/17,Archival,A7M,8,0,0,2.149984848
11/5/17,Archival,T2M,8,0,0,1.524464214
11/13/17,Archival,A2M,8,0,0,6.65582943
11/13/17,Archival,A7M,8,0,0,NA
11/13/17,Archival,T2M,8,0,0,NA
11/21/17,Archival,A2M,3,0,0,3.514850557
11/21/17,Archival,A7M,4,1,25,2.245658076
11/21/17,Archival,T2M,3,0,0,1.581117183
5/27/21,Archival,A7M,,,,0.733831963
5/27/21,Archival,T2M,,,,0.549810801
5/27/21,Archival,A2M,,,,1.289963314
5/28/21,Archival,A7M,,,,0.673597836
5/28/21,Archival,T2M,,,,0.493278356
5/28/21,Archival,A2M,,,,1.21187689
5/29/21,Archival,A7M,,,,NA
5/29/21,Archival,T2M,,,,NA
5/29/21,Archival,A2M,,,,NA
5/30/21,Archival,A7M,,,,NA
5/30/21,Archival,T2M,,,,NA
5/30/21,Archival,A2M,,,,NA
5/31/21,Archival,A7M,,,,0.89116513
5/31/21,Archival,T2M,,,,0.762440816
5/31/21,Archival,A2M,,,,NA
6/1/21,Archival,A7M,,,,1.038758904
6/1/21,Archival,T2M,,,,0.698038379
6/1/21,Archival,A2M,,,,1.66174713
6/2/21,Archival,A7M,,,,NA
6/2/21,Archival,T2M,,,,NA
6/2/21,Archival,A2M,,,,NA
6/3/21,Archival,A7M,,,,NA
6/3/21,Archival,T2M,,,,NA
6/3/21,Archival,A2M,,,,NA
6/4/21,Archival,A7M,,,,NA
6/4/21,Archival,T2M,,,,NA
6/4/21,Archival,A2M,,,,NA
6/5/21,Archival,A7M,,,,1.309235552
6/5/21,Archival,T2M,,,,0.946846673
6/5/21,Archival,A2M,,,,2.12835502
6/6/21,Archival,A7M,,,,0.909097028
6/6/21,Archival,T2M,,,,0.901208317
6/6/21,Archival,A2M,,,,NA
6/7/21,Archival,A7M,,,,1.02245723
6/7/21,Archival,T2M,,,,0.835925367
6/7/21,Archival,A2M,,,,1.557855952
6/8/21,Archival,A7M,,,,0.900943935
6/8/21,Archival,T2M,,,,0.828817281
6/8/21,Archival,A2M,,,,NA
6/9/21,Archival,A7M,,,,NA
6/9/21,Archival,T2M,,,,NA
6/9/21,Archival,A2M,,,,NA
6/10/21,Archival,A7M,,,,NA
6/10/21,Archival,T2M,,,,NA
6/10/21,Archival,A2M,,,,NA
6/11/21,Archival,A7M,,,,NA
6/11/21,Archival,T2M,,,,NA
6/11/21,Archival,A2M,,,,NA
6/12/21,Archival,A7M,,,,NA
6/12/21,Archival,T2M,,,,NA
6/12/21,Archival,A2M,,,,NA
6/13/21,Archival,A7M,,,,0.875908285
6/13/21,Archival,T2M,,,,0.828765783
6/13/21,Archival,A2M,,,,1.446560049
6/14/21,Archival,A7M,,,,NA
6/14/21,Archival,T2M,,,,NA
6/14/21,Archival,A2M,,,,NA
6/15/21,Archival,A7M,,,,0.747181284
6/15/21,Archival,T2M,,,,0.694888803
6/15/21,Archival,A2M,,,,0.931913589
6/16/21,Archival,A7M,,,,0.691722409
6/16/21,Archival,T2M,,,,0.690130961
6/16/21,Archival,A2M,,,,1.341157991
6/17/21,Archival,A7M,,,,0.794337004
6/17/21,Archival,T2M,,,,0.770780909
6/17/21,Archival,A2M,,,,1.525033468
6/18/21,Archival,A7M,,,,NA
6/18/21,Archival,T2M,,,,NA
6/18/21,Archival,A2M,,,,NA
6/19/21,Archival,A7M,,,,0.866915132
6/19/21,Archival,T2M,,,,0.723251528
6/19/21,Archival,A2M,,,,1.264833331
6/20/21,Archival,A7M,,,,NA
6/20/21,Archival,T2M,,,,NA
6/20/21,Archival,A2M,,,,NA
6/21/21,Archival,A7M,,,,NA
6/21/21,Archival,T2M,,,,NA
6/21/21,Archival,A2M,,,,NA
6/22/21,Archival,A7M,,,,0.946072161
6/22/21,Archival,T2M,,,,0.945794964
6/22/21,Archival,A2M,,,,1.35755933
6/23/21,Archival,A7M,,,,1.099363711
6/23/21,Archival,T2M,,,,1.172012508
6/23/21,Archival,A2M,,,,1.441093093
6/24/21,Archival,A7M,,,,0.991905349
6/24/21,Archival,T2M,,,,0.873901978
6/24/21,Archival,A2M,,,,1.30074593
6/25/21,Archival,A7M,,,,NA
6/25/21,Archival,T2M,,,,NA
6/25/21,Archival,A2M,,,,NA
6/26/21,Archival,A7M,,,,NA
6/26/21,Archival,T2M,,,,0.421565145
6/26/21,Archival,A2M,,,,2.263388872
6/27/21,Archival,A7M,,,,0.77232797
6/27/21,Archival,T2M,,,,0.483098063
6/27/21,Archival,A2M,,,,1.491423094
6/28/21,Archival,A7M,,,,0.779507229
6/28/21,Archival,T2M,,,,0.491299768
6/28/21,Archival,A2M,,,,1.42950716
6/29/21,Archival,A7M,,,,0.948306152
6/29/21,Archival,T2M,,,,0.645379637
6/29/21,Archival,A2M,,,,1.538073671
6/30/21,Archival,A7M,,,,1.094132516
6/30/21,Archival,T2M,,,,0.777085492
6/30/21,Archival,A2M,,,,1.640123826
7/1/21,Archival,A7M,,,,1.358953696
7/1/21,Archival,T2M,,,,1.076213324
7/1/21,Archival,A2M,,,,1.799522161
7/2/21,Archival,A7M,,,,NA
7/2/21,Archival,T2M,,,,NA
7/2/21,Archival,A2M,,,,NA
7/3/21,Archival,A7M,,,,1.371953934
7/3/21,Archival,T2M,,,,1.371953934
7/3/21,Archival,A2M,,,,NA
7/4/21,Archival,A7M,,,,1.605648768
7/4/21,Archival,T2M,,,,1.009860533
7/4/21,Archival,A2M,,,,1.826405901
7/5/21,Archival,A7M,,,,1.306159994
7/5/21,Archival,T2M,,,,0.877326304
7/5/21,Archival,A2M,,,,1.652612096
7/6/21,Archival,A7M,,,,1.223384064
7/6/21,Archival,T2M,,,,1.012165627
7/6/21,Archival,A2M,,,,1.709390473
7/7/21,Archival,A7M,,,,NA
7/7/21,Archival,T2M,,,,NA
7/7/21,Archival,A2M,,,,NA
7/8/21,Archival,A7M,,,,NA
7/8/21,Archival,T2M,,,,NA
7/8/21,Archival,A2M,,,,NA
7/9/21,Archival,A7M,,,,1.246465892
7/9/21,Archival,T2M,,,,1.08539592
7/9/21,Archival,A2M,,,,1.717173839
7/10/21,Archival,A7M,,,,NA
7/10/21,Archival,T2M,,,,0.888298333
7/10/21,Archival,A2M,,,,1.525972915
7/11/21,Archival,A7M,,,,NA
7/11/21,Archival,T2M,,,,NA
7/11/21,Archival,A2M,,,,NA
7/12/21,Archival,A7M,,,,0.743917999
7/12/21,Archival,T2M,,,,0.707738414
7/12/21,Archival,A2M,,,,1.148883832
7/13/21,Archival,A7M,,,,0.657051241
7/13/21,Archival,T2M,,,,0.625723973
7/13/21,Archival,A2M,,,,1.130190578
7/14/21,Archival,A7M,,,,0.732843989
7/14/21,Archival,T2M,,,,0.699997607
7/14/21,Archival,A2M,,,,1.293417332
7/15/21,Archival,A7M,,,,0.666465364
7/15/21,Archival,T2M,,,,NA
7/15/21,Archival,A2M,,,,1.009684239
7/16/21,Archival,A7M,,,,0.631604147
7/16/21,Archival,T2M,,,,0.63586238
7/16/21,Archival,A2M,,,,0.950847179
7/17/21,Archival,A7M,,,,0.593667135
7/17/21,Archival,T2M,,,,0.63693901
7/17/21,Archival,A2M,,,,1.028105822
7/18/21,Archival,A7M,,,,0.669094652
7/18/21,Archival,T2M,,,,0.686285069
7/18/21,Archival,A2M,,,,1.126054657
7/19/21,Archival,A7M,,,,NA
7/19/21,Archival,T2M,,,,NA
7/19/21,Archival,A2M,,,,NA
7/20/21,Archival,A7M,,,,0.50087157
7/20/21,Archival,T2M,,,,0.497146803
7/20/21,Archival,A2M,,,,0.67227737
7/21/21,Archival,A7M,,,,0.517878623
7/21/21,Archival,T2M,,,,0.540349574
7/21/21,Archival,A2M,,,,0.682968676
7/22/21,Archival,A7M,,,,0.526074159
7/22/21,Archival,T2M,,,,0.517109877
7/22/21,Archival,A2M,,,,0.654727767
7/23/21,Archival,A7M,,,,0.550056374
7/23/21,Archival,T2M,,,,0.533417076
7/23/21,Archival,A2M,,,,0.949797189
7/24/21,Archival,A7M,,,,0.520991442
7/24/21,Archival,T2M,,,,0.529092816
7/24/21,Archival,A2M,,,,0.870286471
7/25/21,Archival,A7M,,,,NA
7/25/21,Archival,T2M,,,,NA
7/25/21,Archival,A2M,,,,NA
7/26/21,Archival,A7M,,,,NA
7/26/21,Archival,T2M,,,,NA
7/26/21,Archival,A2M,,,,NA
7/27/21,Archival,A7M,,,,0.667734972
7/27/21,Archival,T2M,,,,0.505244472
7/27/21,Archival,A2M,,,,1.143634173
7/28/21,Archival,A7M,,,,NA
7/28/21,Archival,T2M,,,,0.470873783
7/28/21,Archival,A2M,,,,0.930128098
7/29/21,Archival,A7M,,,,NA
7/29/21,Archival,T2M,,,,NA
7/29/21,Archival,A2M,,,,NA
7/30/21,Archival,A7M,,,,0.541178286
7/30/21,Archival,T2M,,,,0.512572125
7/30/21,Archival,A2M,,,,NA
7/31/21,Archival,A7M,,,,NA
7/31/21,Archival,T2M,,,,NA
7/31/21,Archival,A2M,,,,NA
8/1/21,Archival,A7M,,,,NA
8/1/21,Archival,T2M,,,,NA
8/1/21,Archival,A2M,,,,NA
8/2/21,Archival,A7M,,,,0.583098269
8/2/21,Archival,T2M,,,,0.477294689
8/2/21,Archival,A2M,,,,1.02617577
8/3/21,Archival,A7M,,,,NA
8/3/21,Archival,T2M,,,,NA
8/3/21,Archival,A2M,,,,NA
8/4/21,Archival,A7M,,,,NA
8/4/21,Archival,T2M,,,,NA
8/4/21,Archival,A2M,,,,NA
8/5/21,Archival,A7M,,,,0.480192342
8/5/21,Archival,T2M,,,,0.437039487
8/5/21,Archival,A2M,,,,0.634235346
8/6/21,Archival,A7M,,,,0.459419021
8/6/21,Archival,T2M,,,,0.429269312
8/6/21,Archival,A2M,,,,0.758518094
8/7/21,Archival,A7M,,,,NA
8/7/21,Archival,T2M,,,,NA
8/7/21,Archival,A2M,,,,NA
8/8/21,Archival,A7M,,,,NA
8/8/21,Archival,T2M,,,,NA
8/8/21,Archival,A2M,,,,NA
8/9/21,Archival,A7M,,,,0.408088022
8/9/21,Archival,T2M,,,,0.398165509
8/9/21,Archival,A2M,,,,0.731513689
8/10/21,Archival,A7M,,,,0.523690671
8/10/21,Archival,T2M,,,,0.499591604
8/10/21,Archival,A2M,,,,1.012790534
8/11/21,Archival,A7M,,,,0.527410486
8/11/21,Archival,T2M,,,,0.50028733
8/11/21,Archival,A2M,,,,1.317876136
8/12/21,Archival,A7M,,,,0.590894515
8/12/21,Archival,T2M,,,,0.552485994
8/12/21,Archival,A2M,,,,NA
8/13/21,Archival,A7M,,,,0.594352858
8/13/21,Archival,T2M,,,,0.531137009
8/13/21,Archival,A2M,,,,0.995820937
8/14/21,Archival,A7M,,,,0.609978278
8/14/21,Archival,T2M,,,,0.555099843
8/14/21,Archival,A2M,,,,1.13529768
8/15/21,Archival,A7M,,,,NA
8/15/21,Archival,T2M,,,,NA
8/15/21,Archival,A2M,,,,0.91001606
8/16/21,Archival,A7M,,,,NA
8/16/21,Archival,T2M,,,,NA
8/16/21,Archival,A2M,,,,0.793569908
8/17/21,Archival,A7M,,,,0.473667571
8/17/21,Archival,T2M,,,,0.409494041
8/17/21,Archival,A2M,,,,0.698943098
8/18/21,Archival,A7M,,,,0.577685933
8/18/21,Archival,T2M,,,,0.468798238
8/18/21,Archival,A2M,,,,1.488668581
8/19/21,Archival,A7M,,,,0.820747771
8/19/21,Archival,T2M,,,,0.450808827
8/19/21,Archival,A2M,,,,1.185096043
8/20/21,Archival,A7M,,,,NA
8/20/21,Archival,T2M,,,,NA
8/20/21,Archival,A2M,,,,NA
8/21/21,Archival,A7M,,,,NA
8/21/21,Archival,T2M,,,,NA
8/21/21,Archival,A2M,,,,NA
8/22/21,Archival,A7M,,,,0.734477127
8/22/21,Archival,T2M,,,,0.571508735
8/22/21,Archival,A2M,,,,1.063737577
8/23/21,Archival,A7M,,,,NA
8/23/21,Archival,T2M,,,,NA
8/23/21,Archival,A2M,,,,NA
8/24/21,Archival,A7M,,,,0.672686531
8/24/21,Archival,T2M,,,,0.490691203
8/24/21,Archival,A2M,,,,1.339611182
8/25/21,Archival,A7M,,,,0.606993403
8/25/21,Archival,T2M,,,,0.469032104
8/25/21,Archival,A2M,,,,1.137786549
8/26/21,Archival,A7M,,,,0.495929635
8/26/21,Archival,T2M,,,,0.50401435
8/26/21,Archival,A2M,,,,NA
8/27/21,Archival,A7M,,,,0.652759379
8/27/21,Archival,T2M,,,,0.572178295
8/27/21,Archival,A2M,,,,1.07842654
8/28/21,Archival,A7M,,,,0.612132624
8/28/21,Archival,T2M,,,,0.491504507
8/28/21,Archival,A2M,,,,0.857151616
8/29/21,Archival,A7M,,,,0.517197728
8/29/21,Archival,T2M,,,,0.479073577
8/29/21,Archival,A2M,,,,NA
8/30/21,Archival,A7M,,,,0.572768682
8/30/21,Archival,T2M,,,,0.511677007
8/30/21,Archival,A2M,,,,0.839861023
8/31/21,Archival,A7M,,,,0.653493484
8/31/21,Archival,T2M,,,,0.591549084
8/31/21,Archival,A2M,,,,NA
9/1/21,Archival,A7M,,,,0.542285082
9/1/21,Archival,T2M,,,,0.497107294
9/1/21,Archival,A2M,,,,0.687438716
9/2/21,Archival,A7M,,,,0.81255804
9/2/21,Archival,T2M,,,,NA
9/2/21,Archival,A2M,,,,1.372612619
9/3/21,Archival,A7M,,,,0.590034352
9/3/21,Archival,T2M,,,,0.530178034
9/3/21,Archival,A2M,,,,1.028404744
9/4/21,Archival,A7M,,,,NA
9/4/21,Archival,T2M,,,,NA
9/4/21,Archival,A2M,,,,NA
9/5/21,Archival,A7M,,,,0.493542403
9/5/21,Archival,T2M,,,,0.504090426
9/5/21,Archival,A2M,,,,4.43088994
9/6/21,Archival,A7M,,,,NA
9/6/21,Archival,T2M,,,,NA
9/6/21,Archival,A2M,,,,NA
9/7/21,Archival,A7M,,,,1.358284688
9/7/21,Archival,T2M,,,,0.622916558
9/7/21,Archival,A2M,,,,2.182774317
9/8/21,Archival,A7M,,,,1.438545796
9/8/21,Archival,T2M,,,,0.674333596
9/8/21,Archival,A2M,,,,2.061267751
9/9/21,Archival,A7M,,,,NA
9/9/21,Archival,T2M,,,,NA
9/9/21,Archival,A2M,,,,NA
9/10/21,Archival,A7M,,,,1.18543507
9/10/21,Archival,T2M,,,,0.794387274
9/10/21,Archival,A2M,,,,2.090293014
9/11/21,Archival,A7M,,,,1.017804044
9/11/21,Archival,T2M,,,,0.674141949
9/11/21,Archival,A2M,,,,1.814209592
9/12/21,Archival,A7M,,,,0.859562755
9/12/21,Archival,T2M,,,,0.619224353
9/12/21,Archival,A2M,,,,1.626690274
9/13/21,Archival,A7M,,,,0.7572907
9/13/21,Archival,T2M,,,,0.671591163
9/13/21,Archival,A2M,,,,2.123265949
9/14/21,Archival,A7M,,,,0.770718679
9/14/21,Archival,T2M,,,,0.682091549
9/14/21,Archival,A2M,,,,1.013551253
9/15/21,Archival,A7M,,,,0.718692741
9/15/21,Archival,T2M,,,,0.684801573
9/15/21,Archival,A2M,,,,1.945750755
9/16/21,Archival,A7M,,,,NA
9/16/21,Archival,T2M,,,,NA
9/16/21,Archival,A2M,,,,NA
9/17/21,Archival,A7M,,,,0.781294187
9/17/21,Archival,T2M,,,,NA
9/17/21,Archival,A2M,,,,NA
9/18/21,Archival,A7M,,,,0.86402297
9/18/21,Archival,T2M,,,,0.98834455
9/18/21,Archival,A2M,,,,2.051761579
9/19/21,Archival,A7M,,,,0.992883179
9/19/21,Archival,T2M,,,,0.867971206
9/19/21,Archival,A2M,,,,1.905738178
9/20/21,Archival,A7M,,,,0.89226093
9/20/21,Archival,T2M,,,,0.685668564
9/20/21,Archival,A2M,,,,1.460202619
9/21/21,Archival,A7M,,,,0.818192697
9/21/21,Archival,T2M,,,,0.661797129
9/21/21,Archival,A2M,,,,1.389738721
9/22/21,Archival,A7M,,,,NA
9/22/21,Archival,T2M,,,,NA
9/22/21,Archival,A2M,,,,NA
9/23/21,Archival,A7M,,,,NA
9/23/21,Archival,T2M,,,,NA
9/23/21,Archival,A2M,,,,NA
9/24/21,Archival,A7M,,,,NA
9/24/21,Archival,T2M,,,,NA
9/24/21,Archival,A2M,,,,2.876514196
9/25/21,Archival,A7M,,,,1.074313561
9/25/21,Archival,T2M,,,,NA
9/25/21,Archival,A2M,,,,1.598294901
9/26/21,Archival,A7M,,,,0.908080912
9/26/21,Archival,T2M,,,,0.817010027
9/26/21,Archival,A2M,,,,1.689130315
9/27/21,Archival,A7M,,,,1.081548104
9/27/21,Archival,T2M,,,,0.876771358
9/27/21,Archival,A2M,,,,1.989007103
9/28/21,Archival,A7M,,,,1.045676652
9/28/21,Archival,T2M,,,,0.869856471
9/28/21,Archival,A2M,,,,2.117043728
9/29/21,Archival,A7M,,,,1.038349265
9/29/21,Archival,T2M,,,,0.865353234
9/29/21,Archival,A2M,,,,1.927124047
9/30/21,Archival,A7M,,,,1.013100207
9/30/21,Archival,T2M,,,,0.825408778
9/30/21,Archival,A2M,,,,1.924589127
10/1/21,Archival,A7M,,,,1.104561162
10/1/21,Archival,T2M,,,,0.87766557
10/1/21,Archival,A2M,,,,1.854827094
10/2/21,Archival,A7M,,,,1.053991845
10/2/21,Archival,T2M,,,,0.881180066
10/2/21,Archival,A2M,,,,2.37055974
10/3/21,Archival,A7M,,,,1.456580275
10/3/21,Archival,T2M,,,,1.083663607
10/3/21,Archival,A2M,,,,4.2065552
10/4/21,Archival,A7M,,,,1.344306192
10/4/21,Archival,T2M,,,,0.948980117
10/4/21,Archival,A2M,,,,3.346258693
10/5/21,Archival,A7M,,,,NA
10/5/21,Archival,T2M,,,,NA
10/5/21,Archival,A2M,,,,NA
10/6/21,Archival,A7M,,,,0.970904517
10/6/21,Archival,T2M,,,,NA
10/6/21,Archival,A2M,,,,0.959502041
10/7/21,Archival,A7M,,,,1.143703574
10/7/21,Archival,T2M,,,,0.880606675
10/7/21,Archival,A2M,,,,1.590495573
10/8/21,Archival,A7M,,,,0.946225831
10/8/21,Archival,T2M,,,,0.722864327
10/8/21,Archival,A2M,,,,1.755898696
10/9/21,Archival,A7M,,,,NA
10/9/21,Archival,T2M,,,,NA
10/9/21,Archival,A2M,,,,NA
10/10/21,Archival,A7M,,,,NA
10/10/21,Archival,T2M,,,,NA
10/10/21,Archival,A2M,,,,NA
10/11/21,Archival,A7M,,,,NA
10/11/21,Archival,T2M,,,,NA
10/11/21,Archival,A2M,,,,NA
10/12/21,Archival,A7M,,,,1.135130107
10/12/21,Archival,T2M,,,,1.065378626
10/12/21,Archival,A2M,,,,NA
10/13/21,Archival,A7M,,,,1.235528776
10/13/21,Archival,T2M,,,,0.847143608
10/13/21,Archival,A2M,,,,2.055840552
10/14/21,Archival,A7M,,,,NA
10/14/21,Archival,T2M,,,,NA
10/14/21,Archival,A2M,,,,NA
10/15/21,Archival,A7M,,,,1.744847596
10/15/21,Archival,T2M,,,,1.194126758
10/15/21,Archival,A2M,,,,2.22165493
10/16/21,Archival,A7M,,,,1.644764921
10/16/21,Archival,T2M,,,,1.062803566
10/16/21,Archival,A2M,,,,2.270805329
10/17/21,Archival,A7M,,,,1.321173137
10/17/21,Archival,T2M,,,,0.98289144
10/17/21,Archival,A2M,,,,2.120914567
10/18/21,Archival,A7M,,,,1.358586293
10/18/21,Archival,T2M,,,,1.02570565
10/18/21,Archival,A2M,,,,2.277434474
10/19/21,Archival,A7M,,,,1.317646122
10/19/21,Archival,T2M,,,,1.118873915
10/19/21,Archival,A2M,,,,NA
10/20/21,Archival,A7M,,,,1.25019955
10/20/21,Archival,T2M,,,,1.004955599
10/20/21,Archival,A2M,,,,2.159265035
10/21/21,Archival,A7M,,,,0.992360449
10/21/21,Archival,T2M,,,,0.853080645
10/21/21,Archival,A2M,,,,1.533143598
10/22/21,Archival,A7M,,,,NA
10/22/21,Archival,T2M,,,,NA
10/22/21,Archival,A2M,,,,NA
10/23/21,Archival,A7M,,,,0.918734372
10/23/21,Archival,T2M,,,,NA
10/23/21,Archival,A2M,,,,1.005235438
10/24/21,Archival,A7M,,,,NA
10/24/21,Archival,T2M,,,,NA
10/24/21,Archival,A2M,,,,NA
10/25/21,Archival,A7M,,,,NA
10/25/21,Archival,T2M,,,,NA
10/25/21,Archival,A2M,,,,NA
10/26/21,Archival,A7M,,,,NA
10/26/21,Archival,T2M,,,,NA
10/26/21,Archival,A2M,,,,NA
10/27/21,Archival,A7M,,,,NA
10/27/21,Archival,T2M,,,,NA
10/27/21,Archival,A2M,,,,NA
10/28/21,Archival,A7M,,,,NA
10/28/21,Archival,T2M,,,,NA
10/28/21,Archival,A2M,,,,2.301220482
10/29/21,Archival,A7M,,,,NA
10/29/21,Archival,T2M,,,,NA
10/29/21,Archival,A2M,,,,NA
10/30/21,Archival,A7M,,,,1.661417139
10/30/21,Archival,T2M,,,,1.782404733
10/30/21,Archival,A2M,,,,2.290496252
10/31/21,Archival,A7M,,,,1.187980267
10/31/21,Archival,T2M,,,,1.109417909
10/31/21,Archival,A2M,,,,2.127506763
11/1/21,Archival,A7M,,,,1.208196008
11/1/21,Archival,T2M,,,,1.473879707
11/1/21,Archival,A2M,,,,1.954835629
11/2/21,Archival,A7M,,,,NA
11/2/21,Archival,T2M,,,,NA
11/2/21,Archival,A2M,,,,NA
11/3/21,Archival,A7M,,,,1.78642722
11/3/21,Archival,T2M,,,,2.293138186
11/3/21,Archival,A2M,,,,2.092191068
11/4/21,Archival,A7M,,,,NA
11/4/21,Archival,T2M,,,,NA
11/4/21,Archival,A2M,,,,NA
11/5/21,Archival,A7M,,,,NA
11/5/21,Archival,T2M,,,,NA
11/5/21,Archival,A2M,,,,1.766488883
11/6/21,Archival,A7M,,,,NA
11/6/21,Archival,T2M,,,,NA
11/6/21,Archival,A2M,,,,NA
11/7/21,Archival,A7M,,,,NA
11/7/21,Archival,T2M,,,,NA
11/7/21,Archival,A2M,,,,NA
11/8/21,Archival,A7M,,,,2.10276792
11/8/21,Archival,T2M,,,,1.533985996
11/8/21,Archival,A2M,,,,2.483023989
11/9/21,Archival,A7M,,,,1.412809861
11/9/21,Archival,T2M,,,,1.204957342
11/9/21,Archival,A2M,,,,2.179895651
11/10/21,Archival,A7M,,,,1.584418499
11/10/21,Archival,T2M,,,,1.208482319
11/10/21,Archival,A2M,,,,2.44874137
11/11/21,Archival,A7M,,,,1.769616073
11/11/21,Archival,T2M,,,,1.615263039
11/11/21,Archival,A2M,,,,2.388620657
11/12/21,Archival,A7M,,,,NA
11/12/21,Archival,T2M,,,,NA
11/12/21,Archival,A2M,,,,NA
11/13/21,Archival,A7M,,,,1.522603536
11/13/21,Archival,T2M,,,,1.476093316
11/13/21,Archival,A2M,,,,2.230428028
11/14/21,Archival,A7M,,,,NA
11/14/21,Archival,T2M,,,,NA
11/14/21,Archival,A2M,,,,NA
11/15/21,Archival,A7M,,,,NA
11/15/21,Archival,T2M,,,,NA
11/15/21,Archival,A2M,,,,NA
11/16/21,Archival,A7M,,,,1.487735456
11/16/21,Archival,T2M,,,,1.237659168
11/16/21,Archival,A2M,,,,2.186552924
11/17/21,Archival,A7M,,,,1.44059298
11/17/21,Archival,T2M,,,,1.214576179
11/17/21,Archival,A2M,,,,1.723333016
11/18/21,Archival,A7M,,,,1.66599704
11/18/21,Archival,T2M,,,,1.410263687
11/18/21,Archival,A2M,,,,2.151416457
11/19/21,Archival,A7M,,,,NA
11/19/21,Archival,T2M,,,,NA
11/19/21,Archival,A2M,,,,2.506844759
11/20/21,Archival,A7M,,,,NA
11/20/21,Archival,T2M,,,,1.135401994
11/20/21,Archival,A2M,,,,NA
11/21/21,Archival,A7M,,,,1.303954473
11/21/21,Archival,T2M,,,,1.233712387
11/21/21,Archival,A2M,,,,1.286145528
11/22/21,Archival,A7M,,,,NA
11/22/21,Archival,T2M,,,,NA
11/22/21,Archival,A2M,,,,NA
11/23/21,Archival,A7M,,,,NA
11/23/21,Archival,T2M,,,,NA
11/23/21,Archival,A2M,,,,NA
11/24/21,Archival,A7M,,,,1.353159636
11/24/21,Archival,T2M,,,,1.052672848
11/24/21,Archival,A2M,,,,2.000467491
11/25/21,Archival,A7M,,,,1.642528695
11/25/21,Archival,T2M,,,,1.228233421
11/25/21,Archival,A2M,,,,1.911633988
11/26/21,Archival,A7M,,,,NA
11/26/21,Archival,T2M,,,,NA
11/26/21,Archival,A2M,,,,NA
11/27/21,Archival,A7M,,,,NA
11/27/21,Archival,T2M,,,,NA
11/27/21,Archival,A2M,,,,2.85681751
11/28/21,Archival,A7M,,,,1.913864386
11/28/21,Archival,T2M,,,,1.591916066
11/28/21,Archival,A2M,,,,2.694390845
11/29/21,Archival,A7M,,,,NA
11/29/21,Archival,T2M,,,,NA
11/29/21,Archival,A2M,,,,3.5124354
11/30/21,Archival,A7M,,,,NA
11/30/21,Archival,T2M,,,,NA
11/30/21,Archival,A2M,,,,NA
12/1/21,Archival,A7M,,,,2.402875626
12/1/21,Archival,T2M,,,,1.890582687
12/1/21,Archival,A2M,,,,3.502330172
12/2/21,Archival,A7M,,,,2.759363532
12/2/21,Archival,T2M,,,,2.389980006
12/2/21,Archival,A2M,,,,3.881116426
12/3/21,Archival,A7M,,,,2.718810272
12/3/21,Archival,T2M,,,,2.377889174
12/3/21,Archival,A2M,,,,4.102763605
12/4/21,Archival,A7M,,,,NA
12/4/21,Archival,T2M,,,,NA
12/4/21,Archival,A2M,,,,4.99475193
12/5/21,Archival,A7M,,,,NA
12/5/21,Archival,T2M,,,,NA
12/5/21,Archival,A2M,,,,NA
12/6/21,Archival,A7M,,,,NA
12/6/21,Archival,T2M,,,,NA
12/6/21,Archival,A2M,,,,NA
12/7/21,Archival,A7M,,,,2.112628895
12/7/21,Archival,T2M,,,,1.794134361
12/7/21,Archival,A2M,,,,4.019502997
12/8/21,Archival,A7M,,,,NA
12/8/21,Archival,T2M,,,,NA
12/8/21,Archival,A2M,,,,NA
12/9/21,Archival,A7M,,,,2.115293754
12/9/21,Archival,T2M,,,,2.027386571
12/9/21,Archival,A2M,,,,3.315431881
12/10/21,Archival,A7M,,,,NA
12/10/21,Archival,T2M,,,,NA
12/10/21,Archival,A2M,,,,NA
12/11/21,Archival,A7M,,,,NA
12/11/21,Archival,T2M,,,,NA
12/11/21,Archival,A2M,,,,NA
12/12/21,Archival,A7M,,,,1.898132205
12/12/21,Archival,T2M,,,,1.977525841
12/12/21,Archival,A2M,,,,NA
12/13/21,Archival,A7M,,,,1.617674875
12/13/21,Archival,T2M,,,,1.402842087
12/13/21,Archival,A2M,,,,2.438959259
12/14/21,Archival,A7M,,,,1.550285566
12/14/21,Archival,T2M,,,,1.41196475
12/14/21,Archival,A2M,,,,2.198713285
12/15/21,Archival,A7M,,,,1.496915823
12/15/21,Archival,T2M,,,,1.346579874
12/15/21,Archival,A2M,,,,1.745166153
12/16/21,Archival,A7M,,,,1.233319485
12/16/21,Archival,T2M,,,,1.122370464
12/16/21,Archival,A2M,,,,1.946464819
12/17/21,Archival,A7M,,,,NA
12/17/21,Archival,T2M,,,,1.866672873
12/17/21,Archival,A2M,,,,NA
12/18/21,Archival,A7M,,,,NA
12/18/21,Archival,T2M,,,,NA
12/18/21,Archival,A2M,,,,NA
12/19/21,Archival,A7M,,,,NA
12/19/21,Archival,T2M,,,,NA
12/19/21,Archival,A2M,,,,NA
12/20/21,Archival,A7M,,,,NA
12/20/21,Archival,T2M,,,,NA
12/20/21,Archival,A2M,,,,2.657987674
12/21/21,Archival,A7M,,,,NA
12/21/21,Archival,T2M,,,,NA
12/21/21,Archival,A2M,,,,NA
12/22/21,Archival,A7M,,,,NA
12/22/21,Archival,T2M,,,,NA
12/22/21,Archival,A2M,,,,NA
12/23/21,Archival,A7M,,,,1.681456417
12/23/21,Archival,T2M,,,,NA
12/23/21,Archival,A2M,,,,2.158047028
12/24/21,Archival,A7M,,,,1.107287183
12/24/21,Archival,T2M,,,,1.006206733
12/24/21,Archival,A2M,,,,1.800065988
12/25/21,Archival,A7M,,,,NA
12/25/21,Archival,T2M,,,,NA
12/25/21,Archival,A2M,,,,NA
12/26/21,Archival,A7M,,,,1.376781297
12/26/21,Archival,T2M,,,,1.141102421
12/26/21,Archival,A2M,,,,2.144439018
12/27/21,Archival,A7M,,,,NA
12/27/21,Archival,T2M,,,,NA
12/27/21,Archival,A2M,,,,NA
12/28/21,Archival,A7M,,,,1.325224561
12/28/21,Archival,T2M,,,,1.217791685
12/28/21,Archival,A2M,,,,2.16386698
12/29/21,Archival,A7M,,,,NA
12/29/21,Archival,T2M,,,,NA
12/29/21,Archival,A2M,,,,NA
12/30/21,Archival,A7M,,,,NA
12/30/21,Archival,T2M,,,,NA
12/30/21,Archival,A2M,,,,NA
12/31/21,Archival,A7M,,,,NA
12/31/21,Archival,T2M,,,,NA
12/31/21,Archival,A2M,,,,NA
1/1/22,Archival,A7M,,,,NA
1/1/22,Archival,T2M,,,,NA
1/1/22,Archival,A2M,,,,NA
1/2/22,Archival,A7M,,,,NA
1/2/22,Archival,T2M,,,,NA
1/2/22,Archival,A2M,,,,NA
1/3/22,Archival,A7M,,,,NA
1/3/22,Archival,T2M,,,,NA
1/3/22,Archival,A2M,,,,NA
1/4/22,Archival,A7M,,,,2.13558951
1/4/22,Archival,T2M,,,,1.890865759
1/4/22,Archival,A2M,,,,3.012320769
1/5/22,Archival,A7M,,,,NA
1/5/22,Archival,T2M,,,,NA
1/5/22,Archival,A2M,,,,NA
1/6/22,Archival,A7M,,,,NA
1/6/22,Archival,T2M,,,,NA
1/6/22,Archival,A2M,,,,3.378127575
1/7/22,Archival,A7M,,,,NA
1/7/22,Archival,T2M,,,,NA
1/7/22,Archival,A2M,,,,4.15575695
1/8/22,Archival,A7M,,,,1.360521913
1/8/22,Archival,T2M,,,,1.392917254
1/8/22,Archival,A2M,,,,NA
1/9/22,Archival,A7M,,,,NA
1/9/22,Archival,T2M,,,,NA
1/9/22,Archival,A2M,,,,NA
1/10/22,Archival,A7M,,,,1.720512558
1/10/22,Archival,T2M,,,,1.337416396
1/10/22,Archival,A2M,,,,2.862109601
1/11/22,Archival,A7M,,,,NA
1/11/22,Archival,T2M,,,,NA
1/11/22,Archival,A2M,,,,3.35537227
1/12/22,Archival,A7M,,,,1.488973272
1/12/22,Archival,T2M,,,,1.211039177
1/12/22,Archival,A2M,,,,2.747438115
1/13/22,Archival,A7M,,,,2.471604759
1/13/22,Archival,T2M,,,,1.853652358
1/13/22,Archival,A2M,,,,2.94128864
1/14/22,Archival,A7M,,,,1.541644454
1/14/22,Archival,T2M,,,,NA
1/14/22,Archival,A2M,,,,3.149068236
1/15/22,Archival,A7M,,,,NA
1/15/22,Archival,T2M,,,,NA
1/15/22,Archival,A2M,,,,NA
1/16/22,Archival,A7M,,,,NA
1/16/22,Archival,T2M,,,,NA
1/16/22,Archival,A2M,,,,NA
1/17/22,Archival,A7M,,,,NA
1/17/22,Archival,T2M,,,,NA
1/17/22,Archival,A2M,,,,3.965577781
1/18/22,Archival,A7M,,,,2.676023829
1/18/22,Archival,T2M,,,,2.240684921
1/18/22,Archival,A2M,,,,3.936292851
1/19/22,Archival,A7M,,,,NA
1/19/22,Archival,T2M,,,,NA
1/19/22,Archival,A2M,,,,4.808086872
1/20/22,Archival,A7M,,,,NA
1/20/22,Archival,T2M,,,,NA
1/20/22,Archival,A2M,,,,NA
1/21/22,Archival,A7M,,,,NA
1/21/22,Archival,T2M,,,,NA
1/21/22,Archival,A2M,,,,NA
1/22/22,Archival,A7M,,,,NA
1/22/22,Archival,T2M,,,,NA
1/22/22,Archival,A2M,,,,NA
1/23/22,Archival,A7M,,,,2.044474381
1/23/22,Archival,T2M,,,,1.581262475
1/23/22,Archival,A2M,,,,2.871247208
1/24/22,Archival,A7M,,,,1.757542533
1/24/22,Archival,T2M,,,,1.241795939
1/24/22,Archival,A2M,,,,2.606813967
1/25/22,Archival,A7M,,,,NA
1/25/22,Archival,T2M,,,,NA
1/25/22,Archival,A2M,,,,NA
1/26/22,Archival,A7M,,,,1.779966593
1/26/22,Archival,T2M,,,,1.360364914
1/26/22,Archival,A2M,,,,2.788027823
1/27/22,Archival,A7M,,,,1.604679835
1/27/22,Archival,T2M,,,,1.204838884
1/27/22,Archival,A2M,,,,2.511057842
1/28/22,Archival,A7M,,,,NA
1/28/22,Archival,T2M,,,,NA
1/28/22,Archival,A2M,,,,NA
1/29/22,Archival,A7M,,,,NA
1/29/22,Archival,T2M,,,,NA
1/29/22,Archival,A2M,,,,NA
1/30/22,Archival,A7M,,,,2.253693712
1/30/22,Archival,T2M,,,,1.855951607
1/30/22,Archival,A2M,,,,3.191054237
1/31/22,Archival,A7M,,,,NA
1/31/22,Archival,T2M,,,,NA
1/31/22,Archival,A2M,,,,NA
2/1/22,Archival,A7M,,,,1.553499655
2/1/22,Archival,T2M,,,,1.208990216
2/1/22,Archival,A2M,,,,2.645189103
2/2/22,Archival,A7M,,,,NA
2/2/22,Archival,T2M,,,,1.272997022
2/2/22,Archival,A2M,,,,NA
2/3/22,Archival,A7M,,,,NA
2/3/22,Archival,T2M,,,,NA
2/3/22,Archival,A2M,,,,NA
2/4/22,Archival,A7M,,,,NA
2/4/22,Archival,T2M,,,,NA
2/4/22,Archival,A2M,,,,NA
2/5/22,Archival,A7M,,,,NA
2/5/22,Archival,T2M,,,,NA
2/5/22,Archival,A2M,,,,NA
2/6/22,Archival,A7M,,,,1.946252495
2/6/22,Archival,T2M,,,,2.016604352
2/6/22,Archival,A2M,,,,2.488659203
2/7/22,Archival,A7M,,,,NA
2/7/22,Archival,T2M,,,,NA
2/7/22,Archival,A2M,,,,NA
2/8/22,Archival,A7M,,,,2.261594415
2/8/22,Archival,T2M,,,,NA
2/8/22,Archival,A2M,,,,2.64791841
2/9/22,Archival,A7M,,,,2.296963155
2/9/22,Archival,T2M,,,,2.561289096
2/9/22,Archival,A2M,,,,2.084438854
2/10/22,Archival,A7M,,,,1.957652754
2/10/22,Archival,T2M,,,,2.560985434
2/10/22,Archival,A2M,,,,1.839896888
2/11/22,Archival,A7M,,,,1.956220114
2/11/22,Archival,T2M,,,,2.558309567
2/11/22,Archival,A2M,,,,1.961594832
2/12/22,Archival,A7M,,,,1.838344413
2/12/22,Archival,T2M,,,,2.432730341
2/12/22,Archival,A2M,,,,1.724536079
2/13/22,Archival,A7M,,,,NA
2/13/22,Archival,T2M,,,,NA
2/13/22,Archival,A2M,,,,NA
2/14/22,Archival,A7M,,,,NA
2/14/22,Archival,T2M,,,,NA
2/14/22,Archival,A2M,,,,2.133280039
2/15/22,Archival,A7M,,,,2.354803514
2/15/22,Archival,T2M,,,,3.140665813
2/15/22,Archival,A2M,,,,2.348423998
2/16/22,Archival,A7M,,,,2.511468607
2/16/22,Archival,T2M,,,,2.869181406
2/16/22,Archival,A2M,,,,2.184176636
2/17/22,Archival,A7M,,,,NA
2/17/22,Archival,T2M,,,,NA
2/17/22,Archival,A2M,,,,NA
2/18/22,Archival,A7M,,,,NA
2/18/22,Archival,T2M,,,,NA
2/18/22,Archival,A2M,,,,NA
2/19/22,Archival,A7M,,,,1.652104723
2/19/22,Archival,T2M,,,,2.283908963
2/19/22,Archival,A2M,,,,1.887208396
2/20/22,Archival,A7M,,,,1.763326162
2/20/22,Archival,T2M,,,,2.227821481
2/20/22,Archival,A2M,,,,1.912561816
2/21/22,Archival,A7M,,,,1.51886493
2/21/22,Archival,T2M,,,,2.141313851
2/21/22,Archival,A2M,,,,1.628982103
2/22/22,Archival,A7M,,,,NA
2/22/22,Archival,T2M,,,,2.215235567
2/22/22,Archival,A2M,,,,NA
2/23/22,Archival,A7M,,,,NA
2/23/22,Archival,T2M,,,,NA
2/23/22,Archival,A2M,,,,NA
2/24/22,Archival,A7M,,,,NA
2/24/22,Archival,T2M,,,,NA
2/24/22,Archival,A2M,,,,NA
2/25/22,Archival,A7M,,,,NA
2/25/22,Archival,T2M,,,,NA
2/25/22,Archival,A2M,,,,NA
2/26/22,Archival,A7M,,,,NA
2/26/22,Archival,T2M,,,,NA
2/26/22,Archival,A2M,,,,NA
2/27/22,Archival,A7M,,,,NA
2/27/22,Archival,T2M,,,,NA
2/27/22,Archival,A2M,,,,NA
2/28/22,Archival,A7M,,,,1.852041966
2/28/22,Archival,T2M,,,,2.530145723
2/28/22,Archival,A2M,,,,1.848797965
3/1/22,Archival,A7M,,,,1.925042266
3/1/22,Archival,T2M,,,,2.441252065
3/1/22,Archival,A2M,,,,1.71160931
3/2/22,Archival,A7M,,,,1.68875012
3/2/22,Archival,T2M,,,,1.985699503
3/2/22,Archival,A2M,,,,NA
3/3/22,Archival,A7M,,,,NA
3/3/22,Archival,T2M,,,,NA
3/3/22,Archival,A2M,,,,NA
3/4/22,Archival,A7M,,,,2.257556301
3/4/22,Archival,T2M,,,,2.50691545
3/4/22,Archival,A2M,,,,2.003088647
3/5/22,Archival,A7M,,,,2.073346496
3/5/22,Archival,T2M,,,,2.052306715
3/5/22,Archival,A2M,,,,1.817927754
3/6/22,Archival,A7M,,,,NA
3/6/22,Archival,T2M,,,,NA
3/6/22,Archival,A2M,,,,NA
3/7/22,Archival,A7M,,,,NA
3/7/22,Archival,T2M,,,,NA
3/7/22,Archival,A2M,,,,1.701324264
3/8/22,Archival,A7M,,,,1.489573622
3/8/22,Archival,T2M,,,,1.60007503
3/8/22,Archival,A2M,,,,1.935918838
3/9/22,Archival,A7M,,,,NA
3/9/22,Archival,T2M,,,,NA
3/9/22,Archival,A2M,,,,NA
3/10/22,Archival,A7M,,,,NA
3/10/22,Archival,T2M,,,,NA
3/10/22,Archival,A2M,,,,NA
3/11/22,Archival,A7M,,,,1.441690713
3/11/22,Archival,T2M,,,,1.383759797
3/11/22,Archival,A2M,,,,1.688409978
3/12/22,Archival,A7M,,,,NA
3/12/22,Archival,T2M,,,,NA
3/12/22,Archival,A2M,,,,NA
3/13/22,Archival,A7M,,,,1.584294176
3/13/22,Archival,T2M,,,,1.481372541
3/13/22,Archival,A2M,,,,1.998796129
3/14/22,Archival,A7M,,,,1.438682026
3/14/22,Archival,T2M,,,,1.495875192
3/14/22,Archival,A2M,,,,1.902900994
3/15/22,Archival,A7M,,,,0.911000341
3/15/22,Archival,T2M,,,,0.765706515
3/15/22,Archival,A2M,,,,1.519382751
3/16/22,Archival,A7M,,,,NA
3/16/22,Archival,T2M,,,,NA
3/16/22,Archival,A2M,,,,NA
3/17/22,Archival,A7M,,,,NA
3/17/22,Archival,T2M,,,,NA
3/17/22,Archival,A2M,,,,NA
3/18/22,Archival,A7M,,,,NA
3/18/22,Archival,T2M,,,,NA
3/18/22,Archival,A2M,,,,NA
3/19/22,Archival,A7M,,,,0.950939253
3/19/22,Archival,T2M,,,,0.925365647
3/19/22,Archival,A2M,,,,1.64865222
3/20/22,Archival,A7M,,,,NA
3/20/22,Archival,T2M,,,,NA
3/20/22,Archival,A2M,,,,NA
3/21/22,Archival,A7M,,,,0.91485084
3/21/22,Archival,T2M,,,,1.015127727
3/21/22,Archival,A2M,,,,1.52138831
3/22/22,Archival,A7M,,,,1.063136362
3/22/22,Archival,T2M,,,,1.100485827
3/22/22,Archival,A2M,,,,1.643202238
3/23/22,Archival,A7M,,,,NA
3/23/22,Archival,T2M,,,,NA
3/23/22,Archival,A2M,,,,NA
3/24/22,Archival,A7M,,,,NA
3/24/22,Archival,T2M,,,,NA
3/24/22,Archival,A2M,,,,NA
3/25/22,Archival,A7M,,,,NA
3/25/22,Archival,T2M,,,,NA
3/25/22,Archival,A2M,,,,NA
3/26/22,Archival,A7M,,,,NA
3/26/22,Archival,T2M,,,,NA
3/26/22,Archival,A2M,,,,NA
3/27/22,Archival,A7M,,,,NA
3/27/22,Archival,T2M,,,,NA
3/27/22,Archival,A2M,,,,2.046340326
3/28/22,Archival,A7M,,,,1.09619056
3/28/22,Archival,T2M,,,,1.000970036
3/28/22,Archival,A2M,,,,1.537845445
3/29/22,Archival,A7M,,,,1.220139153
3/29/22,Archival,T2M,,,,1.255759865
3/29/22,Archival,A2M,,,,1.729458803
3/30/22,Archival,A7M,,,,NA
3/30/22,Archival,T2M,,,,NA
3/30/22,Archival,A2M,,,,NA
3/31/22,Archival,A7M,,,,NA
3/31/22,Archival,T2M,,,,NA
3/31/22,Archival,A2M,,,,NA
4/1/22,Archival,A7M,,,,1.199493591
4/1/22,Archival,T2M,,,,0.967340459
4/1/22,Archival,A2M,,,,1.82902333
4/2/22,Archival,A7M,,,,1.208530772
4/2/22,Archival,T2M,,,,1.139152765
4/2/22,Archival,A2M,,,,1.725873023
4/3/22,Archival,A7M,,,,1.107159893
4/3/22,Archival,T2M,,,,NA
4/3/22,Archival,A2M,,,,1.687005169
4/4/22,Archival,A7M,,,,1.182104301
4/4/22,Archival,T2M,,,,1.185576534
4/4/22,Archival,A2M,,,,1.654746258
4/5/22,Archival,A7M,,,,NA
4/5/22,Archival,T2M,,,,NA
4/5/22,Archival,A2M,,,,NA
4/6/22,Archival,A7M,,,,1.04645431
4/6/22,Archival,T2M,,,,1.04645431
4/6/22,Archival,A2M,,,,NA
4/7/22,Archival,A7M,,,,NA
4/7/22,Archival,T2M,,,,NA
4/7/22,Archival,A2M,,,,NA
4/8/22,Archival,A7M,,,,1.30660916
4/8/22,Archival,T2M,,,,1.160252738
4/8/22,Archival,A2M,,,,1.823015928
4/9/22,Archival,A7M,,,,1.217620462
4/9/22,Archival,T2M,,,,NA
4/9/22,Archival,A2M,,,,2.083036591
4/10/22,Archival,A7M,,,,1.264679927
4/10/22,Archival,T2M,,,,1.180144668
4/10/22,Archival,A2M,,,,1.629104853
4/11/22,Archival,A7M,,,,1.088052779
4/11/22,Archival,T2M,,,,0.991101691
4/11/22,Archival,A2M,,,,1.799789107
4/12/22,Archival,A7M,,,,NA
4/12/22,Archival,T2M,,,,NA
4/12/22,Archival,A2M,,,,NA
4/13/22,Archival,A7M,,,,NA
4/13/22,Archival,T2M,,,,NA
4/13/22,Archival,A2M,,,,NA
4/14/22,Archival,A7M,,,,NA
4/14/22,Archival,T2M,,,,0.840745449
4/14/22,Archival,A2M,,,,NA
4/15/22,Archival,A7M,,,,1.353881878
4/15/22,Archival,T2M,,,,1.180595547
4/15/22,Archival,A2M,,,,2.105641603
4/16/22,Archival,A7M,,,,NA
4/16/22,Archival,T2M,,,,NA
4/16/22,Archival,A2M,,,,NA
4/17/22,Archival,A7M,,,,1.087322044
4/17/22,Archival,T2M,,,,0.942819108
4/17/22,Archival,A2M,,,,1.386626381
4/18/22,Archival,A7M,,,,NA
4/18/22,Archival,T2M,,,,NA
4/18/22,Archival,A2M,,,,NA
4/19/22,Archival,A7M,,,,1.237483561
4/19/22,Archival,T2M,,,,1.080341855
4/19/22,Archival,A2M,,,,1.984164974
4/20/22,Archival,A7M,,,,1.315343702
4/20/22,Archival,T2M,,,,1.12881161
4/20/22,Archival,A2M,,,,1.958670717
4/21/22,Archival,A7M,,,,NA
4/21/22,Archival,T2M,,,,NA
4/21/22,Archival,A2M,,,,2.028720784
4/22/22,Archival,A7M,,,,1.436365938
4/22/22,Archival,T2M,,,,1.142288828
4/22/22,Archival,A2M,,,,1.884382725
4/23/22,Archival,A7M,,,,NA
4/23/22,Archival,T2M,,,,NA
4/23/22,Archival,A2M,,,,NA
4/24/22,Archival,A7M,,,,1.375173634
4/24/22,Archival,T2M,,,,0.981545076
4/24/22,Archival,A2M,,,,1.830896568
4/25/22,Archival,A7M,,,,NA
4/25/22,Archival,T2M,,,,NA
4/25/22,Archival,A2M,,,,NA
4/26/22,Archival,A7M,,,,1.08944242
4/26/22,Archival,T2M,,,,0.987140179
4/26/22,Archival,A2M,,,,NA
4/27/22,Archival,A7M,,,,1.227300477
4/27/22,Archival,T2M,,,,1.118659037
4/27/22,Archival,A2M,,,,2.573884559
4/28/22,Archival,A7M,,,,NA
4/28/22,Archival,T2M,,,,NA
4/28/22,Archival,A2M,,,,2.444082098
4/29/22,Archival,A7M,,,,1.549052739
4/29/22,Archival,T2M,,,,1.350131762
4/29/22,Archival,A2M,,,,2.142813021
4/30/22,Archival,A7M,,,,NA
4/30/22,Archival,T2M,,,,NA
4/30/22,Archival,A2M,,,,1.793886036
5/1/22,Archival,A7M,,,,1.488264918
5/1/22,Archival,T2M,,,,1.410895552
5/1/22,Archival,A2M,,,,NA
5/2/22,Archival,A7M,,,,NA
5/2/22,Archival,T2M,,,,NA
5/2/22,Archival,A2M,,,,4.252885818
5/3/22,Archival,A7M,,,,NA
5/3/22,Archival,T2M,,,,NA
5/3/22,Archival,A2M,,,,NA
5/4/22,Archival,A7M,,,,NA
5/4/22,Archival,T2M,,,,NA
5/4/22,Archival,A2M,,,,NA
5/5/22,Archival,A7M,,,,1.301922274
5/5/22,Archival,T2M,,,,1.159248087
5/5/22,Archival,A2M,,,,1.400761843
5/6/22,Archival,A7M,,,,NA
5/6/22,Archival,T2M,,,,NA
5/6/22,Archival,A2M,,,,NA
5/7/22,Archival,A7M,,,,NA
5/7/22,Archival,T2M,,,,NA
5/7/22,Archival,A2M,,,,NA
5/8/22,Archival,A7M,,,,NA
5/8/22,Archival,T2M,,,,NA
5/8/22,Archival,A2M,,,,NA
5/9/22,Archival,A7M,,,,NA
5/9/22,Archival,T2M,,,,NA
5/9/22,Archival,A2M,,,,3.767346978
5/10/22,Archival,A7M,,,,NA
5/10/22,Archival,T2M,,,,NA
5/10/22,Archival,A2M,,,,4.041045427
5/11/22,Archival,A7M,,,,NA
5/11/22,Archival,T2M,,,,NA
5/11/22,Archival,A2M,,,,NA
5/12/22,Archival,A7M,,,,NA
5/12/22,Archival,T2M,,,,NA
5/12/22,Archival,A2M,,,,NA
5/13/22,Archival,A7M,,,,NA
5/13/22,Archival,T2M,,,,0.69142509
5/13/22,Archival,A2M,,,,NA
5/14/22,Archival,A7M,,,,NA
5/14/22,Archival,T2M,,,,NA
5/14/22,Archival,A2M,,,,NA
5/15/22,Archival,A7M,,,,2.536487579
5/15/22,Archival,T2M,,,,NA
5/15/22,Archival,A2M,,,,2.822907495
5/16/22,Archival,A7M,,,,NA
5/16/22,Archival,T2M,,,,NA
5/16/22,Archival,A2M,,,,NA
5/17/22,Archival,A7M,,,,2.017588848
5/17/22,Archival,T2M,,,,1.20984638
5/17/22,Archival,A2M,,,,2.846857005
5/18/22,Archival,A7M,,,,1.918199921
5/18/22,Archival,T2M,,,,1.145174882
5/18/22,Archival,A2M,,,,2.942835498
5/19/22,Archival,A7M,,,,2.704933167
5/19/22,Archival,T2M,,,,1.168124914
5/19/22,Archival,A2M,,,,2.718597716
5/20/22,Archival,A7M,,,,1.777178198
5/20/22,Archival,T2M,,,,1.446700382
5/20/22,Archival,A2M,,,,2.35795176
5/21/22,Archival,A7M,,,,1.625987893
5/21/22,Archival,T2M,,,,1.353521997
5/21/22,Archival,A2M,,,,2.12666167
5/22/22,Archival,A7M,,,,1.695491892
5/22/22,Archival,T2M,,,,1.404509431
5/22/22,Archival,A2M,,,,2.329699081
5/23/22,Archival,A7M,,,,NA
5/23/22,Archival,T2M,,,,NA
5/23/22,Archival,A2M,,,,NA
5/24/22,Archival,A7M,,,,NA
5/24/22,Archival,T2M,,,,NA
5/24/22,Archival,A2M,,,,NA
5/25/22,Archival,A7M,,,,NA
5/25/22,Archival,T2M,,,,NA
5/25/22,Archival,A2M,,,,NA
5/26/22,Archival,A7M,,,,NA
5/26/22,Archival,T2M,,,,NA
5/26/22,Archival,A2M,,,,NA
5/27/22,Archival,A7M,,,,NA
5/27/22,Archival,T2M,,,,NA
5/27/22,Archival,A2M,,,,NA
5/28/22,Archival,A7M,,,,0.952425282
5/28/22,Archival,T2M,,,,0.843349177
5/28/22,Archival,A2M,,,,1.752215642
5/29/22,Archival,A7M,,,,0.873934945
5/29/22,Archival,T2M,,,,0.807833722
5/29/22,Archival,A2M,,,,1.606082582
5/30/22,Archival,A7M,,,,0.874841708
5/30/22,Archival,T2M,,,,0.797508323
5/30/22,Archival,A2M,,,,1.698836797
5/31/22,Archival,A7M,,,,NA
5/31/22,Archival,T2M,,,,NA
5/31/22,Archival,A2M,,,,NA
6/1/22,Archival,A7M,,,,NA
6/1/22,Archival,T2M,,,,NA
6/1/22,Archival,A2M,,,,NA
6/2/22,Archival,A7M,,,,0.910324964
6/2/22,Archival,T2M,,,,0.825723544
6/2/22,Archival,A2M,,,,1.486910838
6/3/22,Archival,A7M,,,,NA
6/3/22,Archival,T2M,,,,NA
6/3/22,Archival,A2M,,,,NA
6/4/22,Archival,A7M,,,,NA
6/4/22,Archival,T2M,,,,NA
6/4/22,Archival,A2M,,,,1.961807251
6/5/22,Archival,A7M,,,,0.824261913
6/5/22,Archival,T2M,,,,0.817643654
6/5/22,Archival,A2M,,,,1.044284433
6/6/22,Archival,A7M,,,,0.777277601
6/6/22,Archival,T2M,,,,0.84835543
6/6/22,Archival,A2M,,,,1.055382907
6/7/22,Archival,A7M,,,,NA
6/7/22,Archival,T2M,,,,NA
6/7/22,Archival,A2M,,,,NA
6/8/22,Archival,A7M,,,,0.751569134
6/8/22,Archival,T2M,,,,0.72426863
6/8/22,Archival,A2M,,,,1.724166429
6/9/22,Archival,A7M,,,,NA
6/9/22,Archival,T2M,,,,NA
6/9/22,Archival,A2M,,,,2.148439954
6/10/22,Archival,A7M,,,,0.964420706
6/10/22,Archival,T2M,,,,0.79287937
6/10/22,Archival,A2M,,,,1.862713253
6/11/22,Archival,A7M,,,,1.032493207
6/11/22,Archival,T2M,,,,0.845559773
6/11/22,Archival,A2M,,,,2.186218186
6/12/22,Archival,A7M,,,,NA
6/12/22,Archival,T2M,,,,NA
6/12/22,Archival,A2M,,,,NA
6/13/22,Archival,A7M,,,,NA
6/13/22,Archival,T2M,,,,0.900930159
6/13/22,Archival,A2M,,,,NA
6/14/22,Archival,A7M,,,,NA
6/14/22,Archival,T2M,,,,NA
6/14/22,Archival,A2M,,,,NA
6/15/22,Archival,A7M,,,,1.404233032
6/15/22,Archival,T2M,,,,1.141578215
6/15/22,Archival,A2M,,,,2.089221853
6/16/22,Archival,A7M,,,,NA
6/16/22,Archival,T2M,,,,NA
6/16/22,Archival,A2M,,,,NA
6/17/22,Archival,A7M,,,,1.711192507
6/17/22,Archival,T2M,,,,1.359087282
6/17/22,Archival,A2M,,,,2.19165141
6/18/22,Archival,A7M,,,,1.806041609
6/18/22,Archival,T2M,,,,1.591531287
6/18/22,Archival,A2M,,,,2.324234088
6/19/22,Archival,A7M,,,,1.531793046
6/19/22,Archival,T2M,,,,1.572892526
6/19/22,Archival,A2M,,,,NA
6/20/22,Archival,A7M,,,,1.451099157
6/20/22,Archival,T2M,,,,NA
6/20/22,Archival,A2M,,,,1.837779099
6/21/22,Archival,A7M,,,,1.1734635
6/21/22,Archival,T2M,,,,1.11113486
6/21/22,Archival,A2M,,,,1.64909106
6/22/22,Archival,A7M,,,,NA
6/22/22,Archival,T2M,,,,NA
6/22/22,Archival,A2M,,,,NA
6/23/22,Archival,A7M,,,,NA
6/23/22,Archival,T2M,,,,NA
6/23/22,Archival,A2M,,,,NA
6/24/22,Archival,A7M,,,,1.422109259
6/24/22,Archival,T2M,,,,1.028897891
6/24/22,Archival,A2M,,,,2.128140789
6/25/22,Archival,A7M,,,,1.440641451
6/25/22,Archival,T2M,,,,1.043233851
6/25/22,Archival,A2M,,,,1.970865339
6/26/22,Archival,A7M,,,,1.56739949
6/26/22,Archival,T2M,,,,1.144472381
6/26/22,Archival,A2M,,,,2.077192497
6/27/22,Archival,A7M,,,,NA
6/27/22,Archival,T2M,,,,NA
6/27/22,Archival,A2M,,,,NA
6/28/22,Archival,A7M,,,,1.234730804
6/28/22,Archival,T2M,,,,1.208147037
6/28/22,Archival,A2M,,,,1.765313768
6/29/22,Archival,A7M,,,,1.195191836
6/29/22,Archival,T2M,,,,1.084360939
6/29/22,Archival,A2M,,,,1.717991835
6/30/22,Archival,A7M,,,,1.409384996
6/30/22,Archival,T2M,,,,1.171580836
6/30/22,Archival,A2M,,,,2.003679585
7/1/22,Archival,A7M,,,,NA
7/1/22,Archival,T2M,,,,NA
7/1/22,Archival,A2M,,,,2.130065203
7/2/22,Archival,A7M,,,,0.89888921
7/2/22,Archival,T2M,,,,0.787184961
7/2/22,Archival,A2M,,,,NA
7/3/22,Archival,A7M,,,,NA
7/3/22,Archival,T2M,,,,NA
7/3/22,Archival,A2M,,,,NA
7/4/22,Archival,A7M,,,,0.858448198
7/4/22,Archival,T2M,,,,0.989553049
7/4/22,Archival,A2M,,,,1.699601468
7/5/22,Archival,A7M,,,,0.686458933
7/5/22,Archival,T2M,,,,0.683504363
7/5/22,Archival,A2M,,,,1.322570447
7/6/22,Archival,A7M,,,,NA
7/6/22,Archival,T2M,,,,0.684658825
7/6/22,Archival,A2M,,,,1.523833728
7/7/22,Archival,A7M,,,,NA
7/7/22,Archival,T2M,,,,NA
7/7/22,Archival,A2M,,,,NA
7/8/22,Archival,A7M,,,,NA
7/8/22,Archival,T2M,,,,NA
7/8/22,Archival,A2M,,,,0.616894305
7/9/22,Archival,A7M,,,,NA
7/9/22,Archival,T2M,,,,NA
7/9/22,Archival,A2M,,,,NA
7/10/22,Archival,A7M,,,,NA
7/10/22,Archival,T2M,,,,NA
7/10/22,Archival,A2M,,,,NA
7/11/22,Archival,A7M,,,,0.487600746
7/11/22,Archival,T2M,,,,0.622876622
7/11/22,Archival,A2M,,,,0.760813612
7/12/22,Archival,A7M,,,,0.420776209
7/12/22,Archival,T2M,,,,0.536292209
7/12/22,Archival,A2M,,,,0.72479306
7/13/22,Archival,A7M,,,,0.473397507
7/13/22,Archival,T2M,,,,0.45061763
7/13/22,Archival,A2M,,,,0.75334029
7/14/22,Archival,A7M,,,,NA
7/14/22,Archival,T2M,,,,NA
7/14/22,Archival,A2M,,,,NA
7/15/22,Archival,A7M,,,,NA
7/15/22,Archival,T2M,,,,NA
7/15/22,Archival,A2M,,,,NA
7/16/22,Archival,A7M,,,,0.470089465
7/16/22,Archival,T2M,,,,0.47768839
7/16/22,Archival,A2M,,,,NA
7/17/22,Archival,A7M,,,,0.516589003
7/17/22,Archival,T2M,,,,0.478641127
7/17/22,Archival,A2M,,,,0.737412905
7/18/22,Archival,A7M,,,,0.497829759
7/18/22,Archival,T2M,,,,0.465472451
7/18/22,Archival,A2M,,,,0.65987239
7/19/22,Archival,A7M,,,,0.493066585
7/19/22,Archival,T2M,,,,0.483574833
7/19/22,Archival,A2M,,,,0.871156916
7/20/22,Archival,A7M,,,,NA
7/20/22,Archival,T2M,,,,NA
7/20/22,Archival,A2M,,,,NA
7/21/22,Archival,A7M,,,,0.545949425
7/21/22,Archival,T2M,,,,0.518794805
7/21/22,Archival,A2M,,,,NA
7/22/22,Archival,A7M,,,,0.507137519
7/22/22,Archival,T2M,,,,0.481508523
7/22/22,Archival,A2M,,,,0.785959971
7/23/22,Archival,A7M,,,,0.514837019
7/23/22,Archival,T2M,,,,0.500888642
7/23/22,Archival,A2M,,,,0.728763816
7/24/22,Archival,A7M,,,,NA
7/24/22,Archival,T2M,,,,NA
7/24/22,Archival,A2M,,,,NA
7/25/22,Archival,A7M,,,,NA
7/25/22,Archival,T2M,,,,0.48547788
7/25/22,Archival,A2M,,,,0.702331523
7/26/22,Archival,A7M,,,,NA
7/26/22,Archival,T2M,,,,NA
7/26/22,Archival,A2M,,,,NA
7/27/22,Archival,A7M,,,,0.659169316
7/27/22,Archival,T2M,,,,0.682161798
7/27/22,Archival,A2M,,,,0.787234078
7/28/22,Archival,A7M,,,,0.573685987
7/28/22,Archival,T2M,,,,0.527178407
7/28/22,Archival,A2M,,,,0.673642308
7/29/22,Archival,A7M,,,,0.594999983
7/29/22,Archival,T2M,,,,0.54786556
7/29/22,Archival,A2M,,,,0.772086454
7/30/22,Archival,A7M,,,,0.529178184
7/30/22,Archival,T2M,,,,0.518131755
7/30/22,Archival,A2M,,,,0.732947463
7/31/22,Archival,A7M,,,,0.544853291
7/31/22,Archival,T2M,,,,0.516648984
7/31/22,Archival,A2M,,,,0.622082899
8/1/22,Archival,A7M,,,,0.54584488
8/1/22,Archival,T2M,,,,0.456564007
8/1/22,Archival,A2M,,,,0.665727841
8/2/22,Archival,A7M,,,,0.50297983
8/2/22,Archival,T2M,,,,0.460155371
8/2/22,Archival,A2M,,,,0.629933231
8/3/22,Archival,A7M,,,,0.461087479
8/3/22,Archival,T2M,,,,0.438669834
8/3/22,Archival,A2M,,,,0.719675395
8/4/22,Archival,A7M,,,,0.495493843
8/4/22,Archival,T2M,,,,0.480220902
8/4/22,Archival,A2M,,,,0.641942476
8/5/22,Archival,A7M,,,,0.510968208
8/5/22,Archival,T2M,,,,NA
8/5/22,Archival,A2M,,,,NA
8/6/22,Archival,A7M,,,,0.602680895
8/6/22,Archival,T2M,,,,0.448218841
8/6/22,Archival,A2M,,,,0.882870758
8/7/22,Archival,A7M,,,,0.529973246
8/7/22,Archival,T2M,,,,0.467265643
8/7/22,Archival,A2M,,,,1.014628253
8/8/22,Archival,A7M,,,,0.630913517
8/8/22,Archival,T2M,,,,0.490290104
8/8/22,Archival,A2M,,,,1.367296594
8/9/22,Archival,A7M,,,,0.863268784
8/9/22,Archival,T2M,,,,0.658779722
8/9/22,Archival,A2M,,,,1.475968003
8/10/22,Archival,A7M,,,,0.79956767
8/10/22,Archival,T2M,,,,0.624438514
8/10/22,Archival,A2M,,,,1.382705468
8/11/22,Archival,A7M,,,,NA
8/11/22,Archival,T2M,,,,NA
8/11/22,Archival,A2M,,,,NA
8/12/22,Archival,A7M,,,,NA
8/12/22,Archival,T2M,,,,NA
8/12/22,Archival,A2M,,,,NA
8/13/22,Archival,A7M,,,,0.604049866
8/13/22,Archival,T2M,,,,0.491493028
8/13/22,Archival,A2M,,,,0.74986676
8/14/22,Archival,A7M,,,,0.443209678
8/14/22,Archival,T2M,,,,0.415141088
8/14/22,Archival,A2M,,,,NA
8/15/22,Archival,A7M,,,,0.456105028
8/15/22,Archival,T2M,,,,NA
8/15/22,Archival,A2M,,,,0.621850243
8/16/22,Archival,A7M,,,,0.390740258
8/16/22,Archival,T2M,,,,0.338318044
8/16/22,Archival,A2M,,,,0.538193588
8/17/22,Archival,A7M,,,,0.435146567
8/17/22,Archival,T2M,,,,0.424670572
8/17/22,Archival,A2M,,,,1.148823028
8/18/22,Archival,A7M,,,,0.439956485
8/18/22,Archival,T2M,,,,0.396025395
8/18/22,Archival,A2M,,,,0.762508008
8/19/22,Archival,A7M,,,,0.592763868
8/19/22,Archival,T2M,,,,0.427968213
8/19/22,Archival,A2M,,,,0.892747489
8/20/22,Archival,A7M,,,,NA
8/20/22,Archival,T2M,,,,NA
8/20/22,Archival,A2M,,,,NA
8/21/22,Archival,A7M,,,,0.494470823
8/21/22,Archival,T2M,,,,0.464176204
8/21/22,Archival,A2M,,,,0.739265266
8/22/22,Archival,A7M,,,,NA
8/22/22,Archival,T2M,,,,NA
8/22/22,Archival,A2M,,,,NA
8/23/22,Archival,A7M,,,,0.519154888
8/23/22,Archival,T2M,,,,0.509259154
8/23/22,Archival,A2M,,,,0.734214921
8/24/22,Archival,A7M,,,,0.460215388
8/24/22,Archival,T2M,,,,0.415387594
8/24/22,Archival,A2M,,,,0.574167212
8/25/22,Archival,A7M,,,,0.476302078
8/25/22,Archival,T2M,,,,0.442233497
8/25/22,Archival,A2M,,,,0.643168519
8/26/22,Archival,A7M,,,,0.430200815
8/26/22,Archival,T2M,,,,0.427916823
8/26/22,Archival,A2M,,,,0.685214879
8/27/22,Archival,A7M,,,,0.513995701
8/27/22,Archival,T2M,,,,0.481966563
8/27/22,Archival,A2M,,,,0.728823826
8/28/22,Archival,A7M,,,,0.503690524
8/28/22,Archival,T2M,,,,0.466744396
8/28/22,Archival,A2M,,,,0.757144558
8/29/22,Archival,A7M,,,,0.557996559
8/29/22,Archival,T2M,,,,0.458679537
8/29/22,Archival,A2M,,,,0.922987768
8/30/22,Archival,A7M,,,,0.601078534
8/30/22,Archival,T2M,,,,0.476114679
8/30/22,Archival,A2M,,,,0.831099465
8/31/22,Archival,A7M,,,,0.77883454
8/31/22,Archival,T2M,,,,0.607055917
8/31/22,Archival,A2M,,,,1.064766148
9/1/22,Archival,A7M,,,,0.79889088
9/1/22,Archival,T2M,,,,0.528645197
9/1/22,Archival,A2M,,,,1.009754953
9/2/22,Archival,A7M,,,,0.808030392
9/2/22,Archival,T2M,,,,0.530884504
9/2/22,Archival,A2M,,,,1.023255619
9/3/22,Archival,A7M,,,,0.874944168
9/3/22,Archival,T2M,,,,0.338506207
9/3/22,Archival,A2M,,,,1.057304824
9/4/22,Archival,A7M,,,,0.559330589
9/4/22,Archival,T2M,,,,0.387542553
9/4/22,Archival,A2M,,,,0.932861904
9/5/22,Archival,A7M,,,,NA
9/5/22,Archival,T2M,,,,NA
9/5/22,Archival,A2M,,,,NA
9/6/22,Archival,A7M,,,,NA
9/6/22,Archival,T2M,,,,NA
9/6/22,Archival,A2M,,,,NA
9/7/22,Archival,A7M,,,,NA
9/7/22,Archival,T2M,,,,NA
9/7/22,Archival,A2M,,,,NA
9/8/22,Archival,A7M,,,,NA
9/8/22,Archival,T2M,,,,NA
9/8/22,Archival,A2M,,,,NA
9/9/22,Archival,A7M,,,,0.568437296
9/9/22,Archival,T2M,,,,0.453520492
9/9/22,Archival,A2M,,,,1.528180563
9/10/22,Archival,A7M,,,,0.678414032
9/10/22,Archival,T2M,,,,0.600239534
9/10/22,Archival,A2M,,,,1.815920962
9/11/22,Archival,A7M,,,,NA
9/11/22,Archival,T2M,,,,NA
9/11/22,Archival,A2M,,,,NA
9/12/22,Archival,A7M,,,,NA
9/12/22,Archival,T2M,,,,NA
9/12/22,Archival,A2M,,,,NA
9/13/22,Archival,A7M,,,,0.598714031
9/13/22,Archival,T2M,,,,0.392755309
9/13/22,Archival,A2M,,,,1.740891536
9/14/22,Archival,A7M,,,,0.47104764
9/14/22,Archival,T2M,,,,0.379011379
9/14/22,Archival,A2M,,,,0.867554069
9/15/22,Archival,A7M,,,,0.551107018
9/15/22,Archival,T2M,,,,0.445635127
9/15/22,Archival,A2M,,,,1.376349667
9/16/22,Archival,A7M,,,,0.559144279
9/16/22,Archival,T2M,,,,0.486692367
9/16/22,Archival,A2M,,,,1.049756584
9/17/22,Archival,A7M,,,,0.568178757
9/17/22,Archival,T2M,,,,0.439678864
9/17/22,Archival,A2M,,,,1.023464334
9/18/22,Archival,A7M,,,,0.491372664
9/18/22,Archival,T2M,,,,0.368025623
9/18/22,Archival,A2M,,,,0.957493937
9/19/22,Archival,A7M,,,,0.726900436
9/19/22,Archival,T2M,,,,0.49633992
9/19/22,Archival,A2M,,,,1.873837027
9/20/22,Archival,A7M,,,,0.679712573
9/20/22,Archival,T2M,,,,0.488285968
9/20/22,Archival,A2M,,,,1.735892737
9/21/22,Archival,A7M,,,,0.588651243
9/21/22,Archival,T2M,,,,0.492683433
9/21/22,Archival,A2M,,,,1.317679617
9/22/22,Archival,A7M,,,,0.588145682
9/22/22,Archival,T2M,,,,0.458083621
9/22/22,Archival,A2M,,,,2.065046751
9/23/22,Archival,A7M,,,,NA
9/23/22,Archival,T2M,,,,NA
9/23/22,Archival,A2M,,,,NA
9/24/22,Archival,A7M,,,,0.904350504
9/24/22,Archival,T2M,,,,NA
9/24/22,Archival,A2M,,,,3.001900348
9/25/22,Archival,A7M,,,,0.94252983
9/25/22,Archival,T2M,,,,0.570032479
9/25/22,Archival,A2M,,,,2.534825826
9/26/22,Archival,A7M,,,,0.949187404
9/26/22,Archival,T2M,,,,0.608716744
9/26/22,Archival,A2M,,,,2.0368765
9/27/22,Archival,A7M,,,,0.92756018
9/27/22,Archival,T2M,,,,0.631230271
9/27/22,Archival,A2M,,,,1.99714331
9/28/22,Archival,A7M,,,,0.684079936
9/28/22,Archival,T2M,,,,0.533812483
9/28/22,Archival,A2M,,,,1.707903206
9/29/22,Archival,A7M,,,,NA
9/29/22,Archival,T2M,,,,NA
9/29/22,Archival,A2M,,,,NA
9/30/22,Archival,A7M,,,,NA
9/30/22,Archival,T2M,,,,NA
9/30/22,Archival,A2M,,,,NA
10/1/22,Archival,A7M,,,,NA
10/1/22,Archival,T2M,,,,NA
10/1/22,Archival,A2M,,,,NA
10/2/22,Archival,A7M,,,,1.118176669
10/2/22,Archival,T2M,,,,0.606390674
10/2/22,Archival,A2M,,,,3.27677989
10/3/22,Archival,A7M,,,,NA
10/3/22,Archival,T2M,,,,NA
10/3/22,Archival,A2M,,,,NA
10/4/22,Archival,A7M,,,,NA
10/4/22,Archival,T2M,,,,NA
10/4/22,Archival,A2M,,,,NA
10/5/22,Archival,A7M,,,,NA
10/5/22,Archival,T2M,,,,NA
10/5/22,Archival,A2M,,,,NA
10/6/22,Archival,A7M,,,,0.940069005
10/6/22,Archival,T2M,,,,0.938133853
10/6/22,Archival,A2M,,,,1.253670275
10/7/22,Archival,A7M,,,,0.937553832
10/7/22,Archival,T2M,,,,0.988978386
10/7/22,Archival,A2M,,,,1.27588788
10/8/22,Archival,A7M,,,,NA
10/8/22,Archival,T2M,,,,NA
10/8/22,Archival,A2M,,,,2.394288301
10/9/22,Archival,A7M,,,,1.034268221
10/9/22,Archival,T2M,,,,1.12379604
10/9/22,Archival,A2M,,,,1.506186306
10/10/22,Archival,A7M,,,,1.003779387
10/10/22,Archival,T2M,,,,1.101678813
10/10/22,Archival,A2M,,,,1.844731551
10/11/22,Archival,A7M,,,,0.876073727
10/11/22,Archival,T2M,,,,1.046190289
10/11/22,Archival,A2M,,,,1.693215001
10/12/22,Archival,A7M,,,,0.763252985
10/12/22,Archival,T2M,,,,0.775132558
10/12/22,Archival,A2M,,,,1.670844623
10/13/22,Archival,A7M,,,,NA
10/13/22,Archival,T2M,,,,NA
10/13/22,Archival,A2M,,,,NA
10/14/22,Archival,A7M,,,,0.791495416
10/14/22,Archival,T2M,,,,0.822969833
10/14/22,Archival,A2M,,,,1.52146709
10/15/22,Archival,A7M,,,,0.763847682
10/15/22,Archival,T2M,,,,0.658230576
10/15/22,Archival,A2M,,,,1.764676636
10/16/22,Archival,A7M,,,,NA
10/16/22,Archival,T2M,,,,NA
10/16/22,Archival,A2M,,,,NA
10/17/22,Archival,A7M,,,,NA
10/17/22,Archival,T2M,,,,NA
10/17/22,Archival,A2M,,,,NA
10/18/22,Archival,A7M,,,,NA
10/18/22,Archival,T2M,,,,0.701032495
10/18/22,Archival,A2M,,,,1.737668228
10/19/22,Archival,A7M,,,,1.050332642
10/19/22,Archival,T2M,,,,0.920506775
10/19/22,Archival,A2M,,,,2.311239141
10/20/22,Archival,A7M,,,,1.281920922
10/20/22,Archival,T2M,,,,1.109131619
10/20/22,Archival,A2M,,,,2.636697322
10/21/22,Archival,A7M,,,,1.116105118
10/21/22,Archival,T2M,,,,0.925377619
10/21/22,Archival,A2M,,,,2.22274788
10/22/22,Archival,A7M,,,,0.99834778
10/22/22,Archival,T2M,,,,0.805862144
10/22/22,Archival,A2M,,,,1.986761677
10/23/22,Archival,A7M,,,,NA
10/23/22,Archival,T2M,,,,NA
10/23/22,Archival,A2M,,,,NA
10/24/22,Archival,A7M,,,,NA
10/24/22,Archival,T2M,,,,NA
10/24/22,Archival,A2M,,,,NA
10/25/22,Archival,A7M,,,,NA
10/25/22,Archival,T2M,,,,NA
10/25/22,Archival,A2M,,,,NA
10/26/22,Archival,A7M,,,,0.845977569
10/26/22,Archival,T2M,,,,0.714659888
10/26/22,Archival,A2M,,,,NA
10/27/22,Archival,A7M,,,,1.122125378
10/27/22,Archival,T2M,,,,0.97325528
10/27/22,Archival,A2M,,,,2.457015389
10/28/22,Archival,A7M,,,,1.883004224
10/28/22,Archival,T2M,,,,1.627355814
10/28/22,Archival,A2M,,,,2.056414161
10/29/22,Archival,A7M,,,,1.815112254
10/29/22,Archival,T2M,,,,1.52961086
10/29/22,Archival,A2M,,,,1.938436429
10/30/22,Archival,A7M,,,,1.371870565
10/30/22,Archival,T2M,,,,1.144569165
10/30/22,Archival,A2M,,,,NA
10/31/22,Archival,A7M,,,,1.182070228
10/31/22,Archival,T2M,,,,0.887421277
10/31/22,Archival,A2M,,,,1.817716718
11/1/22,Archival,A7M,,,,NA
11/1/22,Archival,T2M,,,,NA
11/1/22,Archival,A2M,,,,NA
11/2/22,Archival,A7M,,,,0.957237098
11/2/22,Archival,T2M,,,,0.78706308
11/2/22,Archival,A2M,,,,1.625032955
11/3/22,Archival,A7M,,,,1.141565582
11/3/22,Archival,T2M,,,,0.876654926
11/3/22,Archival,A2M,,,,1.937606466
11/4/22,Archival,A7M,,,,1.001665547
11/4/22,Archival,T2M,,,,0.806977418
11/4/22,Archival,A2M,,,,1.684921807
11/5/22,Archival,A7M,,,,0.771482733
11/5/22,Archival,T2M,,,,0.695991245
11/5/22,Archival,A2M,,,,1.577182221
11/6/22,Archival,A7M,,,,0.769002871
11/6/22,Archival,T2M,,,,0.649633983
11/6/22,Archival,A2M,,,,1.077774321
11/7/22,Archival,A7M,,,,0.67314063
11/7/22,Archival,T2M,,,,0.556596939
11/7/22,Archival,A2M,,,,1.503845057
11/8/22,Archival,A7M,,,,1.008655538
11/8/22,Archival,T2M,,,,0.824408561
11/8/22,Archival,A2M,,,,1.990994233
11/9/22,Archival,A7M,,,,NA
11/9/22,Archival,T2M,,,,NA
11/9/22,Archival,A2M,,,,NA
11/10/22,Archival,A7M,,,,1.221944785
11/10/22,Archival,T2M,,,,0.96721617
11/10/22,Archival,A2M,,,,1.632293022
11/11/22,Archival,A7M,,,,NA
11/11/22,Archival,T2M,,,,NA
11/11/22,Archival,A2M,,,,NA
11/12/22,Archival,A7M,,,,1.519601908
11/12/22,Archival,T2M,,,,1.205101329
11/12/22,Archival,A2M,,,,2.372039215
11/13/22,Archival,A7M,,,,1.359913501
11/13/22,Archival,T2M,,,,1.17630738
11/13/22,Archival,A2M,,,,2.066139736
11/14/22,Archival,A7M,,,,NA
11/14/22,Archival,T2M,,,,NA
11/14/22,Archival,A2M,,,,NA
11/15/22,Archival,A7M,,,,NA
11/15/22,Archival,T2M,,,,NA
11/15/22,Archival,A2M,,,,NA
11/16/22,Archival,A7M,,,,NA
11/16/22,Archival,T2M,,,,NA
11/16/22,Archival,A2M,,,,NA
11/17/22,Archival,A7M,,,,1.119441366
11/17/22,Archival,T2M,,,,0.827044037
11/17/22,Archival,A2M,,,,1.966394621
11/18/22,Archival,A7M,,,,1.102128018
11/18/22,Archival,T2M,,,,0.811333746
11/18/22,Archival,A2M,,,,2.144850391
11/19/22,Archival,A7M,,,,0.960971026
11/19/22,Archival,T2M,,,,0.789341357
11/19/22,Archival,A2M,,,,1.054945707
11/20/22,Archival,A7M,,,,1.166649878
11/20/22,Archival,T2M,,,,0.941502246
11/20/22,Archival,A2M,,,,1.967490464
11/21/22,Archival,A7M,,,,0.937832052
11/21/22,Archival,T2M,,,,0.6919126
11/21/22,Archival,A2M,,,,1.692974102
11/22/22,Archival,A7M,,,,1.224353692
11/22/22,Archival,T2M,,,,0.983637354
11/22/22,Archival,A2M,,,,1.850617737
11/23/22,Archival,A7M,,,,1.098279399
11/23/22,Archival,T2M,,,,0.795048097
11/23/22,Archival,A2M,,,,1.646576941
11/24/22,Archival,A7M,,,,0.963723052
11/24/22,Archival,T2M,,,,0.956965814
11/24/22,Archival,A2M,,,,2.804383993
11/25/22,Archival,A7M,,,,NA
11/25/22,Archival,T2M,,,,NA
11/25/22,Archival,A2M,,,,NA
11/26/22,Archival,A7M,,,,0.874873948
11/26/22,Archival,T2M,,,,0.778603846
11/26/22,Archival,A2M,,,,1.330465165
11/27/22,Archival,A7M,,,,NA
11/27/22,Archival,T2M,,,,NA
11/27/22,Archival,A2M,,,,NA
11/28/22,Archival,A7M,,,,NA
11/28/22,Archival,T2M,,,,NA
11/28/22,Archival,A2M,,,,NA
11/29/22,Archival,A7M,,,,0.951719234
11/29/22,Archival,T2M,,,,NA
11/29/22,Archival,A2M,,,,1.444265985
11/30/22,Archival,A7M,,,,NA
11/30/22,Archival,T2M,,,,NA
11/30/22,Archival,A2M,,,,NA
12/1/22,Archival,A7M,,,,1.275877792
12/1/22,Archival,T2M,,,,1.587072313
12/1/22,Archival,A2M,,,,1.760000119
12/2/22,Archival,A7M,,,,1.015946317
12/2/22,Archival,T2M,,,,1.646122926
12/2/22,Archival,A2M,,,,1.581514469
12/3/22,Archival,A7M,,,,NA
12/3/22,Archival,T2M,,,,NA
12/3/22,Archival,A2M,,,,NA
12/4/22,Archival,A7M,,,,1.062213948
12/4/22,Archival,T2M,,,,1.126473138
12/4/22,Archival,A2M,,,,1.770233876
12/5/22,Archival,A7M,,,,1.053426048
12/5/22,Archival,T2M,,,,1.203540879
12/5/22,Archival,A2M,,,,1.792633653
12/6/22,Archival,A7M,,,,NA
12/6/22,Archival,T2M,,,,NA
12/6/22,Archival,A2M,,,,NA
12/7/22,Archival,A7M,,,,NA
12/7/22,Archival,T2M,,,,NA
12/7/22,Archival,A2M,,,,NA
12/8/22,Archival,A7M,,,,1.07640948
12/8/22,Archival,T2M,,,,1.687503895
12/8/22,Archival,A2M,,,,1.952176991
12/9/22,Archival,A7M,,,,NA
12/9/22,Archival,T2M,,,,NA
12/9/22,Archival,A2M,,,,NA
12/10/22,Archival,A7M,,,,NA
12/10/22,Archival,T2M,,,,NA
12/10/22,Archival,A2M,,,,3.616197824
12/11/22,Archival,A7M,,,,NA
12/11/22,Archival,T2M,,,,NA
12/11/22,Archival,A2M,,,,NA
12/12/22,Archival,A7M,,,,NA
12/12/22,Archival,T2M,,,,NA
12/12/22,Archival,A2M,,,,NA
12/13/22,Archival,A7M,,,,2.131581426
12/13/22,Archival,T2M,,,,2.038696845
12/13/22,Archival,A2M,,,,2.375374118
12/14/22,Archival,A7M,,,,NA
12/14/22,Archival,T2M,,,,NA
12/14/22,Archival,A2M,,,,NA
12/15/22,Archival,A7M,,,,NA
12/15/22,Archival,T2M,,,,NA
12/15/22,Archival,A2M,,,,NA
12/16/22,Archival,A7M,,,,NA
12/16/22,Archival,T2M,,,,NA
12/16/22,Archival,A2M,,,,NA
12/17/22,Archival,A7M,,,,2.094028318
12/17/22,Archival,T2M,,,,1.995103872
12/17/22,Archival,A2M,,,,2.786696208
12/18/22,Archival,A7M,,,,NA
12/18/22,Archival,T2M,,,,NA
12/18/22,Archival,A2M,,,,NA
12/19/22,Archival,A7M,,,,1.595169944
12/19/22,Archival,T2M,,,,1.529511136
12/19/22,Archival,A2M,,,,2.388715518
12/20/22,Archival,A7M,,,,1.481496632
12/20/22,Archival,T2M,,,,NA
12/20/22,Archival,A2M,,,,3.323545639
12/21/22,Archival,A7M,,,,1.570753098
12/21/22,Archival,T2M,,,,1.589836997
12/21/22,Archival,A2M,,,,2.573466051
12/22/22,Archival,A7M,,,,NA
12/22/22,Archival,T2M,,,,NA
12/22/22,Archival,A2M,,,,NA
12/23/22,Archival,A7M,,,,NA
12/23/22,Archival,T2M,,,,NA
12/23/22,Archival,A2M,,,,3.365839601
12/24/22,Archival,A7M,,,,NA
12/24/22,Archival,T2M,,,,NA
12/24/22,Archival,A2M,,,,NA
12/25/22,Archival,A7M,,,,NA
12/25/22,Archival,T2M,,,,NA
12/25/22,Archival,A2M,,,,NA
12/26/22,Archival,A7M,,,,1.610644192
12/26/22,Archival,T2M,,,,1.161954826
12/26/22,Archival,A2M,,,,3.292843294
12/27/22,Archival,A7M,,,,NA
12/27/22,Archival,T2M,,,,NA
12/27/22,Archival,A2M,,,,3.402174816
12/28/22,Archival,A7M,,,,1.301427212
12/28/22,Archival,T2M,,,,0.997085375
12/28/22,Archival,A2M,,,,3.036685957
12/29/22,Archival,A7M,,,,1.217530763
12/29/22,Archival,T2M,,,,0.862301424
12/29/22,Archival,A2M,,,,2.88503952
12/30/22,Archival,A7M,,,,1.680323052
12/30/22,Archival,T2M,,,,1.150390291
12/30/22,Archival,A2M,,,,3.064834857
12/31/22,Archival,A7M,,,,NA
12/31/22,Archival,T2M,,,,NA
12/31/22,Archival,A2M,,,,NA
1/1/23,Archival,A7M,,,,2.089034575
1/1/23,Archival,T2M,,,,1.622139186
1/1/23,Archival,A2M,,,,3.197541225
1/2/23,Archival,A7M,,,,1.807087916
1/2/23,Archival,T2M,,,,1.439283451
1/2/23,Archival,A2M,,,,2.844233143
1/3/23,Archival,A7M,,,,2.648346853
1/3/23,Archival,T2M,,,,1.971391773
1/3/23,Archival,A2M,,,,3.631957981
1/4/23,Archival,A7M,,,,NA
1/4/23,Archival,T2M,,,,NA
1/4/23,Archival,A2M,,,,NA
1/5/23,Archival,A7M,,,,NA
1/5/23,Archival,T2M,,,,NA
1/5/23,Archival,A2M,,,,NA
1/6/23,Archival,A7M,,,,1.459647566
1/6/23,Archival,T2M,,,,1.297037631
1/6/23,Archival,A2M,,,,1.7215262
1/7/23,Archival,A7M,,,,1.273616779
1/7/23,Archival,T2M,,,,1.233411497
1/7/23,Archival,A2M,,,,2.209203959
1/8/23,Archival,A7M,,,,NA
1/8/23,Archival,T2M,,,,NA
1/8/23,Archival,A2M,,,,NA
1/9/23,Archival,A7M,,,,NA
1/9/23,Archival,T2M,,,,NA
1/9/23,Archival,A2M,,,,NA
1/10/23,Archival,A7M,,,,NA
1/10/23,Archival,T2M,,,,0.944646525
1/10/23,Archival,A2M,,,,NA
1/11/23,Archival,A7M,,,,1.044757353
1/11/23,Archival,T2M,,,,0.926910162
1/11/23,Archival,A2M,,,,1.3054154
1/12/23,Archival,A7M,,,,NA
1/12/23,Archival,T2M,,,,NA
1/12/23,Archival,A2M,,,,NA
1/13/23,Archival,A7M,,,,NA
1/13/23,Archival,T2M,,,,NA
1/13/23,Archival,A2M,,,,NA
1/14/23,Archival,A7M,,,,NA
1/14/23,Archival,T2M,,,,NA
1/14/23,Archival,A2M,,,,NA
1/15/23,Archival,A7M,,,,NA
1/15/23,Archival,T2M,,,,NA
1/15/23,Archival,A2M,,,,5.371825695
1/16/23,Archival,A7M,,,,1.916877311
1/16/23,Archival,T2M,,,,1.654656464
1/16/23,Archival,A2M,,,,3.023212457
1/17/23,Archival,A7M,,,,NA
1/17/23,Archival,T2M,,,,NA
1/17/23,Archival,A2M,,,,NA
1/18/23,Archival,A7M,,,,1.326356328
1/18/23,Archival,T2M,,,,0.962633559
1/18/23,Archival,A2M,,,,2.585518843
1/19/23,Archival,A7M,,,,NA
1/19/23,Archival,T2M,,,,NA
1/19/23,Archival,A2M,,,,NA
1/20/23,Archival,A7M,,,,1.240316308
1/20/23,Archival,T2M,,,,0.998873994
1/20/23,Archival,A2M,,,,2.128056884
1/21/23,Archival,A7M,,,,1.299353898
1/21/23,Archival,T2M,,,,1.31187536
1/21/23,Archival,A2M,,,,NA
1/22/23,Archival,A7M,,,,NA
1/22/23,Archival,T2M,,,,NA
1/22/23,Archival,A2M,,,,NA
1/23/23,Archival,A7M,,,,NA
1/23/23,Archival,T2M,,,,NA
1/23/23,Archival,A2M,,,,NA
1/24/23,Archival,A7M,,,,1.453724188
1/24/23,Archival,T2M,,,,1.377028811
1/24/23,Archival,A2M,,,,2.22856788
1/25/23,Archival,A7M,,,,NA
1/25/23,Archival,T2M,,,,NA
1/25/23,Archival,A2M,,,,NA
1/26/23,Archival,A7M,,,,NA
1/26/23,Archival,T2M,,,,NA
1/26/23,Archival,A2M,,,,3.572002292
1/27/23,Archival,A7M,,,,NA
1/27/23,Archival,T2M,,,,NA
1/27/23,Archival,A2M,,,,NA
1/28/23,Archival,A7M,,,,1.754263961
1/28/23,Archival,T2M,,,,1.182427555
1/28/23,Archival,A2M,,,,3.072392952
1/29/23,Archival,A7M,,,,1.42270174
1/29/23,Archival,T2M,,,,0.988800767
1/29/23,Archival,A2M,,,,2.566717909
1/30/23,Archival,A7M,,,,NA
1/30/23,Archival,T2M,,,,NA
1/30/23,Archival,A2M,,,,NA
1/31/23,Archival,A7M,,,,NA
1/31/23,Archival,T2M,,,,NA
1/31/23,Archival,A2M,,,,NA
2/1/23,Archival,A7M,,,,NA
2/1/23,Archival,T2M,,,,NA
2/1/23,Archival,A2M,,,,NA
2/2/23,Archival,A7M,,,,NA
2/2/23,Archival,T2M,,,,NA
2/2/23,Archival,A2M,,,,NA
2/3/23,Archival,A7M,,,,NA
2/3/23,Archival,T2M,,,,NA
2/3/23,Archival,A2M,,,,NA
2/4/23,Archival,A7M,,,,NA
2/4/23,Archival,T2M,,,,1.045902908
2/4/23,Archival,A2M,,,,2.964880283
2/5/23,Archival,A7M,,,,NA
2/5/23,Archival,T2M,,,,NA
2/5/23,Archival,A2M,,,,NA
2/6/23,Archival,A7M,,,,2.869259095
2/6/23,Archival,T2M,,,,2.295199853
2/6/23,Archival,A2M,,,,3.714771557
2/7/23,Archival,A7M,,,,1.366072112
2/7/23,Archival,T2M,,,,1.118681404
2/7/23,Archival,A2M,,,,2.150520474
2/8/23,Archival,A7M,,,,NA
2/8/23,Archival,T2M,,,,NA
2/8/23,Archival,A2M,,,,2.2133648
2/9/23,Archival,A7M,,,,1.174042291
2/9/23,Archival,T2M,,,,1.26235954
2/9/23,Archival,A2M,,,,NA
2/10/23,Archival,A7M,,,,1.25757213
2/10/23,Archival,T2M,,,,1.07326559
2/10/23,Archival,A2M,,,,2.504709742
2/11/23,Archival,A7M,,,,NA
2/11/23,Archival,T2M,,,,NA
2/11/23,Archival,A2M,,,,NA
2/12/23,Archival,A7M,,,,NA
2/12/23,Archival,T2M,,,,NA
2/12/23,Archival,A2M,,,,NA
2/13/23,Archival,A7M,,,,1.557769984
2/13/23,Archival,T2M,,,,1.558440685
2/13/23,Archival,A2M,,,,NA
2/14/23,Archival,A7M,,,,1.023445478
2/14/23,Archival,T2M,,,,1.067896506
2/14/23,Archival,A2M,,,,1.674991661
2/15/23,Archival,A7M,,,,NA
2/15/23,Archival,T2M,,,,NA
2/15/23,Archival,A2M,,,,NA
2/16/23,Archival,A7M,,,,NA
2/16/23,Archival,T2M,,,,NA
2/16/23,Archival,A2M,,,,NA
2/17/23,Archival,A7M,,,,NA
2/17/23,Archival,T2M,,,,NA
2/17/23,Archival,A2M,,,,NA
2/18/23,Archival,A7M,,,,1.521681171
2/18/23,Archival,T2M,,,,1.367863417
2/18/23,Archival,A2M,,,,1.924515212
2/19/23,Archival,A7M,,,,1.434463024
2/19/23,Archival,T2M,,,,1.374047518
2/19/23,Archival,A2M,,,,NA
2/20/23,Archival,A7M,,,,NA
2/20/23,Archival,T2M,,,,NA
2/20/23,Archival,A2M,,,,NA
2/21/23,Archival,A7M,,,,1.233029419
2/21/23,Archival,T2M,,,,1.101790518
2/21/23,Archival,A2M,,,,1.823438356
2/22/23,Archival,A7M,,,,NA
2/22/23,Archival,T2M,,,,NA
2/22/23,Archival,A2M,,,,NA
2/23/23,Archival,A7M,,,,NA
2/23/23,Archival,T2M,,,,NA
2/23/23,Archival,A2M,,,,NA
2/24/23,Archival,A7M,,,,1.063239744
2/24/23,Archival,T2M,,,,0.949024823
2/24/23,Archival,A2M,,,,1.641091907
2/25/23,Archival,A7M,,,,NA
2/25/23,Archival,T2M,,,,NA
2/25/23,Archival,A2M,,,,NA
2/26/23,Archival,A7M,,,,1.074346628
2/26/23,Archival,T2M,,,,1.010946712
2/26/23,Archival,A2M,,,,1.472610402
2/27/23,Archival,A7M,,,,1.050333482
2/27/23,Archival,T2M,,,,0.930424684
2/27/23,Archival,A2M,,,,1.709913325
2/28/23,Archival,A7M,,,,NA
2/28/23,Archival,T2M,,,,NA
2/28/23,Archival,A2M,,,,NA
3/1/23,Archival,A7M,,,,NA
3/1/23,Archival,T2M,,,,NA
3/1/23,Archival,A2M,,,,NA
3/2/23,Archival,A7M,,,,NA
3/2/23,Archival,T2M,,,,NA
3/2/23,Archival,A2M,,,,NA
3/3/23,Archival,A7M,,,,NA
3/3/23,Archival,T2M,,,,NA
3/3/23,Archival,A2M,,,,NA
3/4/23,Archival,A7M,,,,1.252190948
3/4/23,Archival,T2M,,,,1.101230615
3/4/23,Archival,A2M,,,,2.041454154
3/5/23,Archival,A7M,,,,1.019402087
3/5/23,Archival,T2M,,,,0.943925336
3/5/23,Archival,A2M,,,,1.759346789
3/6/23,Archival,A7M,,,,1.042251043
3/6/23,Archival,T2M,,,,0.912570164
3/6/23,Archival,A2M,,,,1.694685641
3/7/23,Archival,A7M,,,,NA
3/7/23,Archival,T2M,,,,NA
3/7/23,Archival,A2M,,,,NA
3/8/23,Archival,A7M,,,,1.166327059
3/8/23,Archival,T2M,,,,1.076138467
3/8/23,Archival,A2M,,,,1.780543411
3/9/23,Archival,A7M,,,,0.975452688
3/9/23,Archival,T2M,,,,0.847862944
3/9/23,Archival,A2M,,,,1.624925166
3/10/23,Archival,A7M,,,,NA
3/10/23,Archival,T2M,,,,NA
3/10/23,Archival,A2M,,,,NA
3/11/23,Archival,A7M,,,,NA
3/11/23,Archival,T2M,,,,NA
3/11/23,Archival,A2M,,,,NA
3/12/23,Archival,A7M,,,,NA
3/12/23,Archival,T2M,,,,NA
3/12/23,Archival,A2M,,,,NA
3/13/23,Archival,A7M,,,,NA
3/13/23,Archival,T2M,,,,NA
3/13/23,Archival,A2M,,,,NA
3/14/23,Archival,A7M,,,,1.187562233
3/14/23,Archival,T2M,,,,1.031244141
3/14/23,Archival,A2M,,,,2.14495182
3/15/23,Archival,A7M,,,,1.102009517
3/15/23,Archival,T2M,,,,0.859467265
3/15/23,Archival,A2M,,,,2.189292288
3/16/23,Archival,A7M,,,,0.822269082
3/16/23,Archival,T2M,,,,0.831756388
3/16/23,Archival,A2M,,,,NA
3/17/23,Archival,A7M,,,,NA
3/17/23,Archival,T2M,,,,NA
3/17/23,Archival,A2M,,,,NA
3/18/23,Archival,A7M,,,,NA
3/18/23,Archival,T2M,,,,NA
3/18/23,Archival,A2M,,,,NA
3/19/23,Archival,A7M,,,,0.981189945
3/19/23,Archival,T2M,,,,0.766987741
3/19/23,Archival,A2M,,,,1.885055387
3/20/23,Archival,A7M,,,,0.929769063
3/20/23,Archival,T2M,,,,0.716685715
3/20/23,Archival,A2M,,,,1.942745382
3/21/23,Archival,A7M,,,,0.951832789
3/21/23,Archival,T2M,,,,0.747611511
3/21/23,Archival,A2M,,,,1.746347904
3/22/23,Archival,A7M,,,,NA
3/22/23,Archival,T2M,,,,NA
3/22/23,Archival,A2M,,,,NA
3/23/23,Archival,A7M,,,,NA
3/23/23,Archival,T2M,,,,NA
3/23/23,Archival,A2M,,,,NA
3/24/23,Archival,A7M,,,,NA
3/24/23,Archival,T2M,,,,NA
3/24/23,Archival,A2M,,,,NA
3/25/23,Archival,A7M,,,,NA
3/25/23,Archival,T2M,,,,NA
3/25/23,Archival,A2M,,,,NA
3/26/23,Archival,A7M,,,,0.939540115
3/26/23,Archival,T2M,,,,0.832443923
3/26/23,Archival,A2M,,,,1.626730424
3/27/23,Archival,A7M,,,,NA
3/27/23,Archival,T2M,,,,0.696126962
3/27/23,Archival,A2M,,,,2.273616612
3/28/23,Archival,A7M,,,,NA
3/28/23,Archival,T2M,,,,NA
3/28/23,Archival,A2M,,,,NA
3/29/23,Archival,A7M,,,,0.640634096
3/29/23,Archival,T2M,,,,0.515800768
3/29/23,Archival,A2M,,,,1.325941709
3/30/23,Archival,A7M,,,,0.648952222
3/30/23,Archival,T2M,,,,0.487032545
3/30/23,Archival,A2M,,,,1.399987641
3/31/23,Archival,A7M,,,,0.67651643
3/31/23,Archival,T2M,,,,0.551777738
3/31/23,Archival,A2M,,,,1.105294671
4/1/23,Archival,A7M,,,,NA
4/1/23,Archival,T2M,,,,NA
4/1/23,Archival,A2M,,,,NA
4/2/23,Archival,A7M,,,,1.200438643
4/2/23,Archival,T2M,,,,1.077236003
4/2/23,Archival,A2M,,,,1.779980004
4/3/23,Archival,A7M,,,,1.105977255
4/3/23,Archival,T2M,,,,0.931936166
4/3/23,Archival,A2M,,,,1.47214191
4/4/23,Archival,A7M,,,,1.255602241
4/4/23,Archival,T2M,,,,0.981565329
4/4/23,Archival,A2M,,,,1.682709396
4/5/23,Archival,A7M,,,,1.079413116
4/5/23,Archival,T2M,,,,0.875119332
4/5/23,Archival,A2M,,,,1.31577417
4/6/23,Archival,A7M,,,,NA
4/6/23,Archival,T2M,,,,NA
4/6/23,Archival,A2M,,,,1.494565934
4/7/23,Archival,A7M,,,,NA
4/7/23,Archival,T2M,,,,NA
4/7/23,Archival,A2M,,,,NA
4/8/23,Archival,A7M,,,,NA
4/8/23,Archival,T2M,,,,NA
4/8/23,Archival,A2M,,,,NA
4/9/23,Archival,A7M,,,,0.917716211
4/9/23,Archival,T2M,,,,0.679795948
4/9/23,Archival,A2M,,,,1.559977567
4/10/23,Archival,A7M,,,,0.892699051
4/10/23,Archival,T2M,,,,0.616123286
4/10/23,Archival,A2M,,,,1.664515424
4/11/23,Archival,A7M,,,,1.026958019
4/11/23,Archival,T2M,,,,0.678684992
4/11/23,Archival,A2M,,,,1.853861052
4/12/23,Archival,A7M,,,,NA
4/12/23,Archival,T2M,,,,NA
4/12/23,Archival,A2M,,,,NA
4/13/23,Archival,A7M,,,,1.530834264
4/13/23,Archival,T2M,,,,1.058733568
4/13/23,Archival,A2M,,,,1.886249441
4/14/23,Archival,A7M,,,,1.398046398
4/14/23,Archival,T2M,,,,1.042038855
4/14/23,Archival,A2M,,,,1.662408569
4/15/23,Archival,A7M,,,,1.574354039
4/15/23,Archival,T2M,,,,1.374390233
4/15/23,Archival,A2M,,,,1.833783547
4/16/23,Archival,A7M,,,,1.485474157
4/16/23,Archival,T2M,,,,1.193739992
4/16/23,Archival,A2M,,,,1.79702308
4/17/23,Archival,A7M,,,,1.608479857
4/17/23,Archival,T2M,,,,NA
4/17/23,Archival,A2M,,,,1.769918132
4/18/23,Archival,A7M,,,,1.313045949
4/18/23,Archival,T2M,,,,1.094016033
4/18/23,Archival,A2M,,,,1.766052604
4/19/23,Archival,A7M,,,,1.064948326
4/19/23,Archival,T2M,,,,0.881875253
4/19/23,Archival,A2M,,,,1.60985083
4/20/23,Archival,A7M,,,,1.173892113
4/20/23,Archival,T2M,,,,0.978356283
4/20/23,Archival,A2M,,,,1.792707225
4/21/23,Archival,A7M,,,,1.059783942
4/21/23,Archival,T2M,,,,0.876247954
4/21/23,Archival,A2M,,,,1.553139681
4/22/23,Archival,A7M,,,,NA
4/22/23,Archival,T2M,,,,NA
4/22/23,Archival,A2M,,,,1.676512758
4/23/23,Archival,A7M,,,,1.268782881
4/23/23,Archival,T2M,,,,1.158323038
4/23/23,Archival,A2M,,,,1.901194555
4/24/23,Archival,A7M,,,,NA
4/24/23,Archival,T2M,,,,NA
4/24/23,Archival,A2M,,,,NA
4/25/23,Archival,A7M,,,,1.060694286
4/25/23,Archival,T2M,,,,1.001037267
4/25/23,Archival,A2M,,,,1.505004847
4/26/23,Archival,A7M,,,,0.988085151
4/26/23,Archival,T2M,,,,1.070205095
4/26/23,Archival,A2M,,,,1.457551023
4/27/23,Archival,A7M,,,,1.039717704
4/27/23,Archival,T2M,,,,1.180448753
4/27/23,Archival,A2M,,,,1.506380281
4/28/23,Archival,A7M,,,,NA
4/28/23,Archival,T2M,,,,NA
4/28/23,Archival,A2M,,,,NA
4/29/23,Archival,A7M,,,,NA
4/29/23,Archival,T2M,,,,NA
4/29/23,Archival,A2M,,,,NA
4/30/23,Archival,A7M,,,,NA
4/30/23,Archival,T2M,,,,NA
4/30/23,Archival,A2M,,,,NA
5/1/23,Archival,A7M,,,,1.567648733
5/1/23,Archival,T2M,,,,1.394698018
5/1/23,Archival,A2M,,,,1.994768945
5/2/23,Archival,A7M,,,,NA
5/2/23,Archival,T2M,,,,1.221868515
5/2/23,Archival,A2M,,,,NA
5/3/23,Archival,A7M,,,,1.256759008
5/3/23,Archival,T2M,,,,NA
5/3/23,Archival,A2M,,,,1.252321362
5/4/23,Archival,A7M,,,,1.273929834
5/4/23,Archival,T2M,,,,1.275169747
5/4/23,Archival,A2M,,,,1.478207317
5/5/23,Archival,A7M,,,,1.1933806
5/5/23,Archival,T2M,,,,1.077448672
5/5/23,Archival,A2M,,,,1.366191876
5/6/23,Archival,A7M,,,,1.019214568
5/6/23,Archival,T2M,,,,0.875842267
5/6/23,Archival,A2M,,,,1.17689127
5/7/23,Archival,A7M,,,,0.977767894
5/7/23,Archival,T2M,,,,0.899231183
5/7/23,Archival,A2M,,,,1.228493388
5/8/23,Archival,A7M,,,,0.986384781
5/8/23,Archival,T2M,,,,0.962272838
5/8/23,Archival,A2M,,,,0.971097291
5/9/23,Archival,A7M,,,,1.047695875
5/9/23,Archival,T2M,,,,0.955776888
5/9/23,Archival,A2M,,,,NA
5/10/23,Archival,A7M,,,,1.013140738
5/10/23,Archival,T2M,,,,0.901956585
5/10/23,Archival,A2M,,,,1.229766697
5/11/23,Archival,A7M,,,,0.943277964
5/11/23,Archival,T2M,,,,0.843373176
5/11/23,Archival,A2M,,,,1.228904995
5/12/23,Archival,A7M,,,,0.914240433
5/12/23,Archival,T2M,,,,0.977962881
5/12/23,Archival,A2M,,,,1.26917973
5/13/23,Archival,A7M,,,,NA
5/13/23,Archival,T2M,,,,NA
5/13/23,Archival,A2M,,,,NA
5/14/23,Archival,A7M,,,,1.127857431
5/14/23,Archival,T2M,,,,1.047137028
5/14/23,Archival,A2M,,,,1.430213761
5/15/23,Archival,A7M,,,,1.017755276
5/15/23,Archival,T2M,,,,0.829774359
5/15/23,Archival,A2M,,,,1.406525654
5/16/23,Archival,A7M,,,,NA
5/16/23,Archival,T2M,,,,NA
5/16/23,Archival,A2M,,,,2.187456846
5/17/23,Archival,A7M,,,,NA
5/17/23,Archival,T2M,,,,NA
5/17/23,Archival,A2M,,,,NA
5/18/23,Archival,A7M,,,,0.913651749
5/18/23,Archival,T2M,,,,0.785676226
5/18/23,Archival,A2M,,,,1.454171324
5/19/23,Archival,A7M,,,,NA
5/19/23,Archival,T2M,,,,NA
5/19/23,Archival,A2M,,,,NA
5/20/23,Archival,A7M,,,,NA
5/20/23,Archival,T2M,,,,NA
5/20/23,Archival,A2M,,,,NA
5/21/23,Archival,A7M,,,,NA
5/21/23,Archival,T2M,,,,NA
5/21/23,Archival,A2M,,,,1.548395641
5/22/23,Archival,A7M,,,,0.961523876
5/22/23,Archival,T2M,,,,0.898544919
5/22/23,Archival,A2M,,,,1.35982486
5/23/23,Archival,A7M,,,,NA
5/23/23,Archival,T2M,,,,0.715846727
5/23/23,Archival,A2M,,,,NA
5/24/23,Archival,A7M,,,,NA
5/24/23,Archival,T2M,,,,NA
5/24/23,Archival,A2M,,,,NA
5/25/23,Archival,A7M,,,,0.829560978
5/25/23,Archival,T2M,,,,0.862037063
5/25/23,Archival,A2M,,,,1.566240877
5/26/23,Archival,A7M,,,,0.857949585
5/26/23,Archival,T2M,,,,0.898610777
5/26/23,Archival,A2M,,,,NA
5/27/23,Archival,A7M,,,,1.05280329
5/27/23,Archival,T2M,,,,1.064528149
5/27/23,Archival,A2M,,,,1.61138621
5/28/23,Archival,A7M,,,,NA
5/28/23,Archival,T2M,,,,NA
5/28/23,Archival,A2M,,,,NA
5/29/23,Archival,A7M,,,,NA
5/29/23,Archival,T2M,,,,NA
5/29/23,Archival,A2M,,,,NA
5/30/23,Archival,A7M,,,,1.733867168
5/30/23,Archival,T2M,,,,1.370390415
5/30/23,Archival,A2M,,,,1.979566005
5/31/23,Archival,A7M,,,,1.22298241
5/31/23,Archival,T2M,,,,0.643145904
5/31/23,Archival,A2M,,,,1.935070157
6/1/23,Archival,A7M,,,,NA
6/1/23,Archival,T2M,,,,NA
6/1/23,Archival,A2M,,,,NA
6/2/23,Archival,A7M,,,,1.079859096
6/2/23,Archival,T2M,,,,0.693211441
6/2/23,Archival,A2M,,,,1.713249916
6/3/23,Archival,A7M,,,,NA
6/3/23,Archival,T2M,,,,NA
6/3/23,Archival,A2M,,,,NA
6/4/23,Archival,A7M,,,,1.400573796
6/4/23,Archival,T2M,,,,0.963344631
6/4/23,Archival,A2M,,,,2.011733663
6/5/23,Archival,A7M,,,,1.133607507
6/5/23,Archival,T2M,,,,1.040091697
6/5/23,Archival,A2M,,,,NA
6/6/23,Archival,A7M,,,,1.208028634
6/6/23,Archival,T2M,,,,1.211657047
6/6/23,Archival,A2M,,,,NA
6/7/23,Archival,A7M,,,,NA
6/7/23,Archival,T2M,,,,NA
6/7/23,Archival,A2M,,,,NA
6/8/23,Archival,A7M,,,,NA
6/8/23,Archival,T2M,,,,NA
6/8/23,Archival,A2M,,,,NA
6/9/23,Archival,A7M,,,,NA
6/9/23,Archival,T2M,,,,NA
6/9/23,Archival,A2M,,,,NA
6/10/23,Archival,A7M,,,,0.76502769
6/10/23,Archival,T2M,,,,0.602288027
6/10/23,Archival,A2M,,,,1.582929024
6/11/23,Archival,A7M,,,,0.823284182
6/11/23,Archival,T2M,,,,0.588065254
6/11/23,Archival,A2M,,,,1.356978893
6/12/23,Archival,A7M,,,,NA
6/12/23,Archival,T2M,,,,NA
6/12/23,Archival,A2M,,,,NA
6/13/23,Archival,A7M,,,,NA
6/13/23,Archival,T2M,,,,NA
6/13/23,Archival,A2M,,,,NA
6/14/23,Archival,A7M,,,,1.108233371
6/14/23,Archival,T2M,,,,0.755291945
6/14/23,Archival,A2M,,,,1.369118325
6/15/23,Archival,A7M,,,,0.919796473
6/15/23,Archival,T2M,,,,0.688734034
6/15/23,Archival,A2M,,,,1.281240296
6/16/23,Archival,A7M,,,,1.038135052
6/16/23,Archival,T2M,,,,0.846685296
6/16/23,Archival,A2M,,,,NA
6/17/23,Archival,A7M,,,,0.826855421
6/17/23,Archival,T2M,,,,NA
6/17/23,Archival,A2M,,,,0.926686108
6/18/23,Archival,A7M,,,,0.880148032
6/18/23,Archival,T2M,,,,0.664951183
6/18/23,Archival,A2M,,,,1.112049589
6/19/23,Archival,A7M,,,,0.879092664
6/19/23,Archival,T2M,,,,0.630720824
6/19/23,Archival,A2M,,,,1.135862076
6/20/23,Archival,A7M,,,,NA
6/20/23,Archival,T2M,,,,NA
6/20/23,Archival,A2M,,,,NA
6/21/23,Archival,A7M,,,,NA
6/21/23,Archival,T2M,,,,NA
6/21/23,Archival,A2M,,,,NA
6/22/23,Archival,A7M,,,,NA
6/22/23,Archival,T2M,,,,NA
6/22/23,Archival,A2M,,,,NA
6/23/23,Archival,A7M,,,,0.957686165
6/23/23,Archival,T2M,,,,0.774318206
6/23/23,Archival,A2M,,,,1.801551419
6/24/23,Archival,A7M,,,,NA
6/24/23,Archival,T2M,,,,NA
6/24/23,Archival,A2M,,,,NA
6/25/23,Archival,A7M,,,,1.006270881
6/25/23,Archival,T2M,,,,0.856376767
6/25/23,Archival,A2M,,,,1.643842703
6/26/23,Archival,A7M,,,,NA
6/26/23,Archival,T2M,,,,NA
6/26/23,Archival,A2M,,,,NA
6/27/23,Archival,A7M,,,,NA
6/27/23,Archival,T2M,,,,NA
6/27/23,Archival,A2M,,,,NA
6/28/23,Archival,A7M,,,,1.270550117
6/28/23,Archival,T2M,,,,0.749362239
6/28/23,Archival,A2M,,,,2.053154451
6/29/23,Archival,A7M,,,,1.053936571
6/29/23,Archival,T2M,,,,0.741274318
6/29/23,Archival,A2M,,,,1.771471524
6/30/23,Archival,A7M,,,,0.954234576
6/30/23,Archival,T2M,,,,0.77981118
6/30/23,Archival,A2M,,,,1.501337928
7/1/23,Archival,A7M,,,,NA
7/1/23,Archival,T2M,,,,NA
7/1/23,Archival,A2M,,,,NA
7/2/23,Archival,A7M,,,,1.165116501
7/2/23,Archival,T2M,,,,1.136632673
7/2/23,Archival,A2M,,,,NA
7/3/23,Archival,A7M,,,,NA
7/3/23,Archival,T2M,,,,1.290042877
7/3/23,Archival,A2M,,,,NA
7/4/23,Archival,A7M,,,,1.483585459
7/4/23,Archival,T2M,,,,1.326238871
7/4/23,Archival,A2M,,,,1.606408322
7/5/23,Archival,A7M,,,,NA
7/5/23,Archival,T2M,,,,NA
7/5/23,Archival,A2M,,,,2.053494215
7/6/23,Archival,A7M,,,,NA
7/6/23,Archival,T2M,,,,NA
7/6/23,Archival,A2M,,,,NA
7/7/23,Archival,A7M,,,,1.809073555
7/7/23,Archival,T2M,,,,1.313929844
7/7/23,Archival,A2M,,,,1.793588465
7/8/23,Archival,A7M,,,,1.174089506
7/8/23,Archival,T2M,,,,0.927387583
7/8/23,Archival,A2M,,,,1.451837462
7/9/23,Archival,A7M,,,,NA
7/9/23,Archival,T2M,,,,NA
7/9/23,Archival,A2M,,,,NA
7/10/23,Archival,A7M,,,,NA
7/10/23,Archival,T2M,,,,NA
7/10/23,Archival,A2M,,,,NA
7/11/23,Archival,A7M,,,,1.330124515
7/11/23,Archival,T2M,,,,1.168012702
7/11/23,Archival,A2M,,,,1.729365307
7/12/23,Archival,A7M,,,,1.297811788
7/12/23,Archival,T2M,,,,1.157437748
7/12/23,Archival,A2M,,,,1.56064167
7/13/23,Archival,A7M,,,,1.465510857
7/13/23,Archival,T2M,,,,1.315703726
7/13/23,Archival,A2M,,,,1.859366447
7/14/23,Archival,A7M,,,,NA
7/14/23,Archival,T2M,,,,NA
7/14/23,Archival,A2M,,,,NA
7/15/23,Archival,A7M,,,,2.100938185
7/15/23,Archival,T2M,,,,1.582214338
7/15/23,Archival,A2M,,,,2.334568942
7/16/23,Archival,A7M,,,,NA
7/16/23,Archival,T2M,,,,NA
7/16/23,Archival,A2M,,,,NA
7/17/23,Archival,A7M,,,,1.666307181
7/17/23,Archival,T2M,,,,1.537686437
7/17/23,Archival,A2M,,,,1.664132762
7/18/23,Archival,A7M,,,,1.681297192
7/18/23,Archival,T2M,,,,1.44887507
7/18/23,Archival,A2M,,,,1.894522947
7/19/23,Archival,A7M,,,,NA
7/19/23,Archival,T2M,,,,NA
7/19/23,Archival,A2M,,,,NA
7/20/23,Archival,A7M,,,,2.018677241
7/20/23,Archival,T2M,,,,1.936197778
7/20/23,Archival,A2M,,,,2.147484693
7/21/23,Archival,A7M,,,,2.527300085
7/21/23,Archival,T2M,,,,2.073541641
7/21/23,Archival,A2M,,,,2.394149399
7/22/23,Archival,A7M,,,,1.93004635
7/22/23,Archival,T2M,,,,NA
7/22/23,Archival,A2M,,,,1.997820228
7/23/23,Archival,A7M,,,,1.732305944
7/23/23,Archival,T2M,,,,1.526699102
7/23/23,Archival,A2M,,,,2.118733513
7/24/23,Archival,A7M,,,,NA
7/24/23,Archival,T2M,,,,NA
7/24/23,Archival,A2M,,,,NA
7/25/23,Archival,A7M,,,,1.952987647
7/25/23,Archival,T2M,,,,1.842283469
7/25/23,Archival,A2M,,,,2.194671836
7/26/23,Archival,A7M,,,,1.888954216
7/26/23,Archival,T2M,,,,1.464246899
7/26/23,Archival,A2M,,,,2.287006205
7/27/23,Archival,A7M,,,,1.818043488
7/27/23,Archival,T2M,,,,1.348716524
7/27/23,Archival,A2M,,,,2.242095488
7/28/23,Archival,A7M,,,,2.61130751
7/28/23,Archival,T2M,,,,2.598515855
7/28/23,Archival,A2M,,,,2.60971632
7/29/23,Archival,A7M,,,,2.783186579
7/29/23,Archival,T2M,,,,2.793940488
7/29/23,Archival,A2M,,,,NA
7/30/23,Archival,A7M,,,,2.192041206
7/30/23,Archival,T2M,,,,1.96494419
7/30/23,Archival,A2M,,,,2.458524406
7/31/23,Archival,A7M,,,,NA
7/31/23,Archival,T2M,,,,NA
7/31/23,Archival,A2M,,,,NA
8/1/23,Archival,A7M,,,,1.702064474
8/1/23,Archival,T2M,,,,1.203926819
8/1/23,Archival,A2M,,,,2.00556782
8/2/23,Archival,A7M,,,,NA
8/2/23,Archival,T2M,,,,NA
8/2/23,Archival,A2M,,,,NA
8/3/23,Archival,A7M,,,,NA
8/3/23,Archival,T2M,,,,NA
8/3/23,Archival,A2M,,,,NA
8/4/23,Archival,A7M,,,,NA
8/4/23,Archival,T2M,,,,NA
8/4/23,Archival,A2M,,,,NA
8/5/23,Archival,A7M,,,,NA
8/5/23,Archival,T2M,,,,0.761089623
8/5/23,Archival,A2M,,,,NA
8/6/23,Archival,A7M,,,,2.356464982
8/6/23,Archival,T2M,,,,NA
8/6/23,Archival,A2M,,,,2.488637472
8/7/23,Archival,A7M,,,,1.92251991
8/7/23,Archival,T2M,,,,1.098520201
8/7/23,Archival,A2M,,,,2.780518723
8/8/23,Archival,A7M,,,,2.366530037
8/8/23,Archival,T2M,,,,1.26972551
8/8/23,Archival,A2M,,,,3.049754155
8/9/23,Archival,A7M,,,,2.2993339
8/9/23,Archival,T2M,,,,1.362078673
8/9/23,Archival,A2M,,,,2.569655478
8/10/23,Archival,A7M,,,,NA
8/10/23,Archival,T2M,,,,NA
8/10/23,Archival,A2M,,,,NA
8/11/23,Archival,A7M,,,,3.16802901
8/11/23,Archival,T2M,,,,2.079081744
8/11/23,Archival,A2M,,,,2.78681612
8/12/23,Archival,A7M,,,,3.194470716
8/12/23,Archival,T2M,,,,1.801543778
8/12/23,Archival,A2M,,,,2.753544176
8/13/23,Archival,A7M,,,,4.453009927
8/13/23,Archival,T2M,,,,3.122936577
8/13/23,Archival,A2M,,,,3.439615452
8/14/23,Archival,A7M,,,,3.377268536
8/14/23,Archival,T2M,,,,2.001336716
8/14/23,Archival,A2M,,,,2.894120795
8/15/23,Archival,A7M,,,,3.827568438
8/15/23,Archival,T2M,,,,1.857485003
8/15/23,Archival,A2M,,,,3.367294059
8/16/23,Archival,A7M,,,,NA
8/16/23,Archival,T2M,,,,NA
8/16/23,Archival,A2M,,,,2.386901697
8/17/23,Archival,A7M,,,,NA
8/17/23,Archival,T2M,,,,NA
8/17/23,Archival,A2M,,,,NA
8/18/23,Archival,A7M,,,,2.37005794
8/18/23,Archival,T2M,,,,1.846215582
8/18/23,Archival,A2M,,,,2.186252624
8/19/23,Archival,A7M,,,,1.868270636
8/19/23,Archival,T2M,,,,1.221907097
8/19/23,Archival,A2M,,,,1.857294631
8/20/23,Archival,A7M,,,,1.645661223
8/20/23,Archival,T2M,,,,1.019076005
8/20/23,Archival,A2M,,,,1.915336227
8/21/23,Archival,A7M,,,,NA
8/21/23,Archival,T2M,,,,NA
8/21/23,Archival,A2M,,,,NA
8/22/23,Archival,A7M,,,,NA
8/22/23,Archival,T2M,,,,NA
8/22/23,Archival,A2M,,,,NA
8/23/23,Archival,A7M,,,,0.777834666
8/23/23,Archival,T2M,,,,0.580992654
8/23/23,Archival,A2M,,,,1.454069585
8/24/23,Archival,A7M,,,,NA
8/24/23,Archival,T2M,,,,NA
8/24/23,Archival,A2M,,,,NA
8/25/23,Archival,A7M,,,,NA
8/25/23,Archival,T2M,,,,NA
8/25/23,Archival,A2M,,,,NA
8/26/23,Archival,A7M,,,,NA
8/26/23,Archival,T2M,,,,NA
8/26/23,Archival,A2M,,,,NA
8/27/23,Archival,A7M,,,,0.686234593
8/27/23,Archival,T2M,,,,NA
8/27/23,Archival,A2M,,,,1.494860077
8/28/23,Archival,A7M,,,,NA
8/28/23,Archival,T2M,,,,NA
8/28/23,Archival,A2M,,,,NA
8/29/23,Archival,A7M,,,,NA
8/29/23,Archival,T2M,,,,0.495143135
8/29/23,Archival,A2M,,,,NA
8/30/23,Archival,A7M,,,,0.868603876
8/30/23,Archival,T2M,,,,0.590821849
8/30/23,Archival,A2M,,,,1.773144685
8/31/23,Archival,A7M,,,,NA
8/31/23,Archival,T2M,,,,NA
8/31/23,Archival,A2M,,,,NA
9/1/23,Archival,A7M,,,,0.704763055
9/1/23,Archival,T2M,,,,0.585956335
9/1/23,Archival,A2M,,,,1.891741196
9/2/23,Archival,A7M,,,,0.671585816
9/2/23,Archival,T2M,,,,0.610297337
9/2/23,Archival,A2M,,,,1.423358166
9/3/23,Archival,A7M,,,,0.712398431
9/3/23,Archival,T2M,,,,0.601105949
9/3/23,Archival,A2M,,,,1.952675238
9/4/23,Archival,A7M,,,,NA
9/4/23,Archival,T2M,,,,0.511011009
9/4/23,Archival,A2M,,,,NA
9/5/23,Archival,A7M,,,,NA
9/5/23,Archival,T2M,,,,NA
9/5/23,Archival,A2M,,,,NA
9/6/23,Archival,A7M,,,,0.614098522
9/6/23,Archival,T2M,,,,0.534130149
9/6/23,Archival,A2M,,,,1.419530529
9/7/23,Archival,A7M,,,,0.601923287
9/7/23,Archival,T2M,,,,0.521053037
9/7/23,Archival,A2M,,,,1.4151088
9/8/23,Archival,A7M,,,,0.674149497
9/8/23,Archival,T2M,,,,0.49225845
9/8/23,Archival,A2M,,,,1.76998944
9/9/23,Archival,A7M,,,,1.418710709
9/9/23,Archival,T2M,,,,NA
9/9/23,Archival,A2M,,,,1.898808704
9/10/23,Archival,A7M,,,,1.175986528
9/10/23,Archival,T2M,,,,0.494001359
9/10/23,Archival,A2M,,,,1.367210627
9/11/23,Archival,A7M,,,,0.733694042
9/11/23,Archival,T2M,,,,0.57944435
9/11/23,Archival,A2M,,,,1.430337265
9/12/23,Archival,A7M,,,,0.657213685
9/12/23,Archival,T2M,,,,0.568962783
9/12/23,Archival,A2M,,,,1.296033254
9/13/23,Archival,A7M,,,,NA
9/13/23,Archival,T2M,,,,NA
9/13/23,Archival,A2M,,,,1.994043231
9/14/23,Archival,A7M,,,,0.716273224
9/14/23,Archival,T2M,,,,0.673730278
9/14/23,Archival,A2M,,,,1.582067952
9/15/23,Archival,A7M,,,,NA
9/15/23,Archival,T2M,,,,NA
9/15/23,Archival,A2M,,,,2.026051131
9/16/23,Archival,A7M,,,,0.809976947
9/16/23,Archival,T2M,,,,0.592540187
9/16/23,Archival,A2M,,,,1.685379761
9/17/23,Archival,A7M,,,,0.923682687
9/17/23,Archival,T2M,,,,0.668512917
9/17/23,Archival,A2M,,,,1.623325062
9/18/23,Archival,A7M,,,,NA
9/18/23,Archival,T2M,,,,NA
9/18/23,Archival,A2M,,,,NA
9/19/23,Archival,A7M,,,,0.808680892
9/19/23,Archival,T2M,,,,0.641295747
9/19/23,Archival,A2M,,,,2.334912887
9/20/23,Archival,A7M,,,,0.754443443
9/20/23,Archival,T2M,,,,0.637592715
9/20/23,Archival,A2M,,,,2.277956441
9/21/23,Archival,A7M,,,,NA
9/21/23,Archival,T2M,,,,NA
9/21/23,Archival,A2M,,,,NA
9/22/23,Archival,A7M,,,,NA
9/22/23,Archival,T2M,,,,NA
9/22/23,Archival,A2M,,,,NA
9/23/23,Archival,A7M,,,,0.667200148
9/23/23,Archival,T2M,,,,0.677385326
9/23/23,Archival,A2M,,,,4.225422025
9/24/23,Archival,A7M,,,,1.652409148
9/24/23,Archival,T2M,,,,1.297007272
9/24/23,Archival,A2M,,,,NA
9/25/23,Archival,A7M,,,,2.215445113
9/25/23,Archival,T2M,,,,1.463878369
9/25/23,Archival,A2M,,,,3.244526744
9/26/23,Archival,A7M,,,,NA
9/26/23,Archival,T2M,,,,NA
9/26/23,Archival,A2M,,,,NA
9/27/23,Archival,A7M,,,,1.723930703
9/27/23,Archival,T2M,,,,0.953111185
9/27/23,Archival,A2M,,,,2.672319293
9/28/23,Archival,A7M,,,,NA
9/28/23,Archival,T2M,,,,NA
9/28/23,Archival,A2M,,,,NA
9/29/23,Archival,A7M,,,,2.366016918
9/29/23,Archival,T2M,,,,NA
9/29/23,Archival,A2M,,,,2.515422019
9/30/23,Archival,A7M,,,,NA
9/30/23,Archival,T2M,,,,NA
9/30/23,Archival,A2M,,,,NA
10/1/23,Archival,A7M,,,,2.547033612
10/1/23,Archival,T2M,,,,1.334477108
10/1/23,Archival,A2M,,,,2.374082997
10/2/23,Archival,A7M,,,,2.121238083
10/2/23,Archival,T2M,,,,1.186401075
10/2/23,Archival,A2M,,,,2.318212688
10/3/23,Archival,A7M,,,,1.60117799
10/3/23,Archival,T2M,,,,0.94487673
10/3/23,Archival,A2M,,,,2.079007244
10/4/23,Archival,A7M,,,,1.235722691
10/4/23,Archival,T2M,,,,0.969089335
10/4/23,Archival,A2M,,,,2.190225101
10/5/23,Archival,A7M,,,,0.889619604
10/5/23,Archival,T2M,,,,0.791902998
10/5/23,Archival,A2M,,,,2.429041487
10/6/23,Archival,A7M,,,,0.951275855
10/6/23,Archival,T2M,,,,0.960078845
10/6/23,Archival,A2M,,,,2.526325691
10/7/23,Archival,A7M,,,,0.762087017
10/7/23,Archival,T2M,,,,0.630827779
10/7/23,Archival,A2M,,,,3.019628723
10/8/23,Archival,A7M,,,,1.520497537
10/8/23,Archival,T2M,,,,1.107731305
10/8/23,Archival,A2M,,,,2.461585152
10/9/23,Archival,A7M,,,,1.811256653
10/9/23,Archival,T2M,,,,1.058233839
10/9/23,Archival,A2M,,,,2.843114066
10/10/23,Archival,A7M,,,,1.931345582
10/10/23,Archival,T2M,,,,NA
10/10/23,Archival,A2M,,,,2.627287647
10/11/23,Archival,A7M,,,,1.228071419
10/11/23,Archival,T2M,,,,0.819187542
10/11/23,Archival,A2M,,,,2.263742598
10/12/23,Archival,A7M,,,,0.751234081
10/12/23,Archival,T2M,,,,0.629568461
10/12/23,Archival,A2M,,,,2.216888106
10/13/23,Archival,A7M,,,,0.703793621
10/13/23,Archival,T2M,,,,0.570912087
10/13/23,Archival,A2M,,,,2.562698367
10/14/23,Archival,A7M,,,,NA
10/14/23,Archival,T2M,,,,NA
10/14/23,Archival,A2M,,,,NA
10/15/23,Archival,A7M,,,,1.165641448
10/15/23,Archival,T2M,,,,0.767392814
10/15/23,Archival,A2M,,,,2.163365058
10/16/23,Archival,A7M,,,,1.534562552
10/16/23,Archival,T2M,,,,1.250090626
10/16/23,Archival,A2M,,,,1.927843219
10/17/23,Archival,A7M,,,,1.625562888
10/17/23,Archival,T2M,,,,1.056769794
10/17/23,Archival,A2M,,,,2.092732364
10/18/23,Archival,A7M,,,,1.038003349
10/18/23,Archival,T2M,,,,1.102057857
10/18/23,Archival,A2M,,,,NA
10/19/23,Archival,A7M,,,,1.167946914
10/19/23,Archival,T2M,,,,0.917951638
10/19/23,Archival,A2M,,,,1.672197229
10/20/23,Archival,A7M,,,,1.262507319
10/20/23,Archival,T2M,,,,1.058237493
10/20/23,Archival,A2M,,,,2.342150124
10/21/23,Archival,A7M,,,,NA
10/21/23,Archival,T2M,,,,NA
10/21/23,Archival,A2M,,,,NA
10/22/23,Archival,A7M,,,,1.221162364
10/22/23,Archival,T2M,,,,1.1056903
10/22/23,Archival,A2M,,,,2.2007047
10/23/23,Archival,A7M,,,,1.13123552
10/23/23,Archival,T2M,,,,1.331644142
10/23/23,Archival,A2M,,,,2.161891729
10/24/23,Archival,A7M,,,,1.368786711
10/24/23,Archival,T2M,,,,1.571729589
10/24/23,Archival,A2M,,,,1.950976259
10/25/23,Archival,A7M,,,,1.472509062
10/25/23,Archival,T2M,,,,1.622047549
10/25/23,Archival,A2M,,,,2.37405147
10/26/23,Archival,A7M,,,,1.107761863
10/26/23,Archival,T2M,,,,1.055132639
10/26/23,Archival,A2M,,,,2.27687521
10/27/23,Archival,A7M,,,,1.115963051
10/27/23,Archival,T2M,,,,1.071092406
10/27/23,Archival,A2M,,,,2.186463482
10/28/23,Archival,A7M,,,,0.975865027
10/28/23,Archival,T2M,,,,0.922603843
10/28/23,Archival,A2M,,,,2.10785203
10/29/23,Archival,A7M,,,,NA
10/29/23,Archival,T2M,,,,NA
10/29/23,Archival,A2M,,,,3.560156107
10/30/23,Archival,A7M,,,,0.806052533
10/30/23,Archival,T2M,,,,0.750810835
10/30/23,Archival,A2M,,,,1.824258849
10/31/23,Archival,A7M,,,,NA
10/31/23,Archival,T2M,,,,NA
10/31/23,Archival,A2M,,,,NA
11/1/23,Archival,A7M,,,,NA
11/1/23,Archival,T2M,,,,NA
11/1/23,Archival,A2M,,,,2.504580021
11/2/23,Archival,A7M,,,,2.087437272
11/2/23,Archival,T2M,,,,1.985001326
11/2/23,Archival,A2M,,,,2.374284172
11/3/23,Archival,A7M,,,,1.472805977
11/3/23,Archival,T2M,,,,1.434223092
11/3/23,Archival,A2M,,,,1.802255869
11/4/23,Archival,A7M,,,,1.385453665
11/4/23,Archival,T2M,,,,1.436257833
11/4/23,Archival,A2M,,,,1.762501848
11/5/23,Archival,A7M,,,,NA
11/5/23,Archival,T2M,,,,NA
11/5/23,Archival,A2M,,,,NA
11/6/23,Archival,A7M,,,,1.210279846
11/6/23,Archival,T2M,,,,1.256949198
11/6/23,Archival,A2M,,,,1.659801173
11/7/23,Archival,A7M,,,,NA
11/7/23,Archival,T2M,,,,1.009116975
11/7/23,Archival,A2M,,,,NA
11/8/23,Archival,A7M,,,,0.867650667
11/8/23,Archival,T2M,,,,0.888072959
11/8/23,Archival,A2M,,,,1.674450019
11/9/23,Archival,A7M,,,,NA
11/9/23,Archival,T2M,,,,NA
11/9/23,Archival,A2M,,,,NA
11/10/23,Archival,A7M,,,,NA
11/10/23,Archival,T2M,,,,NA
11/10/23,Archival,A2M,,,,NA
11/11/23,Archival,A7M,,,,NA
11/11/23,Archival,T2M,,,,NA
11/11/23,Archival,A2M,,,,NA
11/12/23,Archival,A7M,,,,NA
11/12/23,Archival,T2M,,,,NA
11/12/23,Archival,A2M,,,,NA
11/13/23,Archival,A7M,,,,1.13269712
11/13/23,Archival,T2M,,,,0.970791602
11/13/23,Archival,A2M,,,,1.807999176
11/14/23,Archival,A7M,,,,1.34288106
11/14/23,Archival,T2M,,,,1.311421752
11/14/23,Archival,A2M,,,,NA
11/15/23,Archival,A7M,,,,NA
11/15/23,Archival,T2M,,,,NA
11/15/23,Archival,A2M,,,,NA
11/16/23,Archival,A7M,,,,1.179165334
11/16/23,Archival,T2M,,,,1.007465833
11/16/23,Archival,A2M,,,,1.601289952
11/17/23,Archival,A7M,,,,1.197093463
11/17/23,Archival,T2M,,,,1.190305528
11/17/23,Archival,A2M,,,,2.19157397
11/18/23,Archival,A7M,,,,NA
11/18/23,Archival,T2M,,,,NA
11/18/23,Archival,A2M,,,,NA
11/19/23,Archival,A7M,,,,1.530817592
11/19/23,Archival,T2M,,,,1.347488141
11/19/23,Archival,A2M,,,,2.402582216
11/20/23,Archival,A7M,,,,1.609415543
11/20/23,Archival,T2M,,,,1.411473113
11/20/23,Archival,A2M,,,,2.595853245
11/21/23,Archival,A7M,,,,NA
11/21/23,Archival,T2M,,,,NA
11/21/23,Archival,A2M,,,,NA
11/22/23,Archival,A7M,,,,NA
11/22/23,Archival,T2M,,,,NA
11/22/23,Archival,A2M,,,,NA
11/23/23,Archival,A7M,,,,1.905669937
11/23/23,Archival,T2M,,,,1.480500817
11/23/23,Archival,A2M,,,,2.415474075
11/24/23,Archival,A7M,,,,1.975653648
11/24/23,Archival,T2M,,,,NA
11/24/23,Archival,A2M,,,,NA
11/25/23,Archival,A7M,,,,NA
11/25/23,Archival,T2M,,,,NA
11/25/23,Archival,A2M,,,,NA
11/26/23,Archival,A7M,,,,NA
11/26/23,Archival,T2M,,,,NA
11/26/23,Archival,A2M,,,,NA
11/27/23,Archival,A7M,,,,NA
11/27/23,Archival,T2M,,,,NA
11/27/23,Archival,A2M,,,,NA
11/28/23,Archival,A7M,,,,NA
11/28/23,Archival,T2M,,,,NA
11/28/23,Archival,A2M,,,,NA
11/29/23,Archival,A7M,,,,1.556775426
11/29/23,Archival,T2M,,,,1.531539662
11/29/23,Archival,A2M,,,,2.446765828
11/30/23,Archival,A7M,,,,1.067021289
11/30/23,Archival,T2M,,,,1.044765279
11/30/23,Archival,A2M,,,,2.045446283
12/1/23,Archival,A7M,,,,1.179388336
12/1/23,Archival,T2M,,,,1.053660353
12/1/23,Archival,A2M,,,,1.970904058
12/2/23,Archival,A7M,,,,NA
12/2/23,Archival,T2M,,,,NA
12/2/23,Archival,A2M,,,,NA
12/3/23,Archival,A7M,,,,NA
12/3/23,Archival,T2M,,,,NA
12/3/23,Archival,A2M,,,,NA
12/4/23,Archival,A7M,,,,0.911466965
12/4/23,Archival,T2M,,,,0.928028917
12/4/23,Archival,A2M,,,,1.562479073
12/5/23,Archival,A7M,,,,1.08294687
12/5/23,Archival,T2M,,,,0.950441927
12/5/23,Archival,A2M,,,,1.813332886
12/6/23,Archival,A7M,,,,1.178346574
12/6/23,Archival,T2M,,,,NA
12/6/23,Archival,A2M,,,,2.195817937
12/7/23,Archival,A7M,,,,NA
12/7/23,Archival,T2M,,,,NA
12/7/23,Archival,A2M,,,,NA
12/8/23,Archival,A7M,,,,NA
12/8/23,Archival,T2M,,,,NA
12/8/23,Archival,A2M,,,,NA
12/9/23,Archival,A7M,,,,0.91524449
12/9/23,Archival,T2M,,,,1.156413645
12/9/23,Archival,A2M,,,,2.522527307
12/10/23,Archival,A7M,,,,NA
12/10/23,Archival,T2M,,,,NA
12/10/23,Archival,A2M,,,,NA
12/11/23,Archival,A7M,,,,NA
12/11/23,Archival,T2M,,,,NA
12/11/23,Archival,A2M,,,,NA
12/12/23,Archival,A7M,,,,1.251544869
12/12/23,Archival,T2M,,,,1.483313245
12/12/23,Archival,A2M,,,,2.374013466
12/13/23,Archival,A7M,,,,1.588457789
12/13/23,Archival,T2M,,,,1.984740681
12/13/23,Archival,A2M,,,,2.365378474
12/14/23,Archival,A7M,,,,1.359230876
12/14/23,Archival,T2M,,,,1.901023005
12/14/23,Archival,A2M,,,,2.696636107
12/15/23,Archival,A7M,,,,1.039766905
12/15/23,Archival,T2M,,,,1.663600466
12/15/23,Archival,A2M,,,,2.096982786
12/16/23,Archival,A7M,,,,1.170059943
12/16/23,Archival,T2M,,,,1.762867355
12/16/23,Archival,A2M,,,,1.989200419
12/17/23,Archival,A7M,,,,NA
12/17/23,Archival,T2M,,,,NA
12/17/23,Archival,A2M,,,,NA
12/18/23,Archival,A7M,,,,NA
12/18/23,Archival,T2M,,,,NA
12/18/23,Archival,A2M,,,,NA
12/19/23,Archival,A7M,,,,2.562185375
12/19/23,Archival,T2M,,,,2.669631302
12/19/23,Archival,A2M,,,,3.231091225
12/20/23,Archival,A7M,,,,2.708407688
12/20/23,Archival,T2M,,,,2.683845305
12/20/23,Archival,A2M,,,,3.74244715
12/21/23,Archival,A7M,,,,NA
12/21/23,Archival,T2M,,,,NA
12/21/23,Archival,A2M,,,,4.160505732
12/22/23,Archival,A7M,,,,NA
12/22/23,Archival,T2M,,,,NA
12/22/23,Archival,A2M,,,,NA
12/23/23,Archival,A7M,,,,NA
12/23/23,Archival,T2M,,,,NA
12/23/23,Archival,A2M,,,,NA
12/24/23,Archival,A7M,,,,NA
12/24/23,Archival,T2M,,,,1.928176536
12/24/23,Archival,A2M,,,,2.862300976
12/25/23,Archival,A7M,,,,NA
12/25/23,Archival,T2M,,,,NA
12/25/23,Archival,A2M,,,,NA
12/26/23,Archival,A7M,,,,NA
12/26/23,Archival,T2M,,,,NA
12/26/23,Archival,A2M,,,,NA
12/27/23,Archival,A7M,,,,NA
12/27/23,Archival,T2M,,,,NA
12/27/23,Archival,A2M,,,,NA
12/28/23,Archival,A7M,,,,NA
12/28/23,Archival,T2M,,,,NA
12/28/23,Archival,A2M,,,,NA
12/29/23,Archival,A7M,,,,1.781988835
12/29/23,Archival,T2M,,,,1.919301271
12/29/23,Archival,A2M,,,,2.744703829
12/30/23,Archival,A7M,,,,2.070695031
12/30/23,Archival,T2M,,,,2.12559818
12/30/23,Archival,A2M,,,,3.0413697
12/31/23,Archival,A7M,,,,1.809314585
12/31/23,Archival,T2M,,,,1.852569026
12/31/23,Archival,A2M,,,,3.353583372
1/1/24,Archival,A7M,,,,NA
1/1/24,Archival,T2M,,,,NA
1/1/24,Archival,A2M,,,,NA
1/2/24,Archival,A7M,,,,NA
1/2/24,Archival,T2M,,,,NA
1/2/24,Archival,A2M,,,,NA
1/3/24,Archival,A7M,,,,1.815053356
1/3/24,Archival,T2M,,,,1.966978484
1/3/24,Archival,A2M,,,,2.892715389
1/4/24,Archival,A7M,,,,NA
1/4/24,Archival,T2M,,,,NA
1/4/24,Archival,A2M,,,,NA
1/5/24,Archival,A7M,,,,1.403867533
1/5/24,Archival,T2M,,,,1.503303081
1/5/24,Archival,A2M,,,,2.161898375
1/6/24,Archival,A7M,,,,NA
1/6/24,Archival,T2M,,,,NA
1/6/24,Archival,A2M,,,,NA
1/7/24,Archival,A7M,,,,1.849702279
1/7/24,Archival,T2M,,,,2.198228634
1/7/24,Archival,A2M,,,,NA
1/8/24,Archival,A7M,,,,1.833047365
1/8/24,Archival,T2M,,,,1.739981659
1/8/24,Archival,A2M,,,,2.684741437
1/9/24,Archival,A7M,,,,NA
1/9/24,Archival,T2M,,,,NA
1/9/24,Archival,A2M,,,,NA
1/10/24,Archival,A7M,,,,2.781847644
1/10/24,Archival,T2M,,,,2.550972545
1/10/24,Archival,A2M,,,,3.562185502
1/11/24,Archival,A7M,,,,2.115893906
1/11/24,Archival,T2M,,,,1.919561011
1/11/24,Archival,A2M,,,,3.468965769
1/12/24,Archival,A7M,,,,1.87794084
1/12/24,Archival,T2M,,,,1.861776465
1/12/24,Archival,A2M,,,,3.202728748
1/13/24,Archival,A7M,,,,2.447125411
1/13/24,Archival,T2M,,,,2.275850844
1/13/24,Archival,A2M,,,,3.487329757
1/14/24,Archival,A7M,,,,2.437720716
1/14/24,Archival,T2M,,,,2.348503792
1/14/24,Archival,A2M,,,,3.592260301
1/15/24,Archival,A7M,,,,NA
1/15/24,Archival,T2M,,,,NA
1/15/24,Archival,A2M,,,,NA
1/16/24,Archival,A7M,,,,NA
1/16/24,Archival,T2M,,,,NA
1/16/24,Archival,A2M,,,,NA
1/17/24,Archival,A7M,,,,2.015111828
1/17/24,Archival,T2M,,,,1.791059011
1/17/24,Archival,A2M,,,,3.009224719
1/18/24,Archival,A7M,,,,NA
1/18/24,Archival,T2M,,,,1.757212758
1/18/24,Archival,A2M,,,,NA
1/19/24,Archival,A7M,,,,NA
1/19/24,Archival,T2M,,,,NA
1/19/24,Archival,A2M,,,,NA
1/20/24,Archival,A7M,,,,NA
1/20/24,Archival,T2M,,,,NA
1/20/24,Archival,A2M,,,,NA
1/21/24,Archival,A7M,,,,2.607456048
1/21/24,Archival,T2M,,,,NA
1/21/24,Archival,A2M,,,,2.921684139
1/22/24,Archival,A7M,,,,1.86433208
1/22/24,Archival,T2M,,,,1.560555905
1/22/24,Archival,A2M,,,,2.413813049
1/23/24,Archival,A7M,,,,NA
1/23/24,Archival,T2M,,,,NA
1/23/24,Archival,A2M,,,,NA
1/24/24,Archival,A7M,,,,2.40892458
1/24/24,Archival,T2M,,,,1.792575955
1/24/24,Archival,A2M,,,,2.974839166
1/25/24,Archival,A7M,,,,NA
1/25/24,Archival,T2M,,,,NA
1/25/24,Archival,A2M,,,,NA
1/26/24,Archival,A7M,,,,NA
1/26/24,Archival,T2M,,,,NA
1/26/24,Archival,A2M,,,,NA
1/27/24,Archival,A7M,,,,1.90103347
1/27/24,Archival,T2M,,,,0.993136009
1/27/24,Archival,A2M,,,,2.739507344
1/28/24,Archival,A7M,,,,1.108312607
1/28/24,Archival,T2M,,,,NA
1/28/24,Archival,A2M,,,,1.108312607
1/29/24,Archival,A7M,,,,NA
1/29/24,Archival,T2M,,,,NA
1/29/24,Archival,A2M,,,,NA
1/30/24,Archival,A7M,,,,NA
1/30/24,Archival,T2M,,,,NA
1/30/24,Archival,A2M,,,,NA
1/31/24,Archival,A7M,,,,NA
1/31/24,Archival,T2M,,,,NA
1/31/24,Archival,A2M,,,,NA
2/1/24,Archival,A7M,,,,1.118946156
2/1/24,Archival,T2M,,,,0.935411397
2/1/24,Archival,A2M,,,,1.767484796
2/2/24,Archival,A7M,,,,NA
2/2/24,Archival,T2M,,,,NA
2/2/24,Archival,A2M,,,,NA
2/3/24,Archival,A7M,,,,NA
2/3/24,Archival,T2M,,,,NA
2/3/24,Archival,A2M,,,,NA
2/4/24,Archival,A7M,,,,1.245323551
2/4/24,Archival,T2M,,,,0.938097504
2/4/24,Archival,A2M,,,,1.989536375
2/5/24,Archival,A7M,,,,1.360166842
2/5/24,Archival,T2M,,,,1.006229204
2/5/24,Archival,A2M,,,,2.118143666
2/6/24,Archival,A7M,,,,NA
2/6/24,Archival,T2M,,,,NA
2/6/24,Archival,A2M,,,,2.799978711
2/7/24,Archival,A7M,,,,NA
2/7/24,Archival,T2M,,,,0.839164734
2/7/24,Archival,A2M,,,,NA
2/8/24,Archival,A7M,,,,1.414741349
2/8/24,Archival,T2M,,,,0.916429657
2/8/24,Archival,A2M,,,,2.387999511
2/9/24,Archival,A7M,,,,NA
2/9/24,Archival,T2M,,,,NA
2/9/24,Archival,A2M,,,,NA
2/10/24,Archival,A7M,,,,1.360160875
2/10/24,Archival,T2M,,,,0.885243791
2/10/24,Archival,A2M,,,,2.747168863
2/11/24,Archival,A7M,,,,NA
2/11/24,Archival,T2M,,,,NA
2/11/24,Archival,A2M,,,,NA
2/12/24,Archival,A7M,,,,NA
2/12/24,Archival,T2M,,,,NA
2/12/24,Archival,A2M,,,,NA
2/13/24,Archival,A7M,,,,NA
2/13/24,Archival,T2M,,,,NA
2/13/24,Archival,A2M,,,,NA
2/14/24,Archival,A7M,,,,1.333325341
2/14/24,Archival,T2M,,,,1.338474433
2/14/24,Archival,A2M,,,,3.000166518
2/15/24,Archival,A7M,,,,1.078024334
2/15/24,Archival,T2M,,,,0.961342335
2/15/24,Archival,A2M,,,,1.832342344
2/16/24,Archival,A7M,,,,NA
2/16/24,Archival,T2M,,,,NA
2/16/24,Archival,A2M,,,,NA
2/17/24,Archival,A7M,,,,NA
2/17/24,Archival,T2M,,,,NA
2/17/24,Archival,A2M,,,,NA
2/18/24,Archival,A7M,,,,NA
2/18/24,Archival,T2M,,,,NA
2/18/24,Archival,A2M,,,,NA
2/19/24,Archival,A7M,,,,1.605518067
2/19/24,Archival,T2M,,,,1.278025025
2/19/24,Archival,A2M,,,,2.148410279
2/20/24,Archival,A7M,,,,1.278340518
2/20/24,Archival,T2M,,,,1.126621497
2/20/24,Archival,A2M,,,,1.948922455
2/21/24,Archival,A7M,,,,NA
2/21/24,Archival,T2M,,,,NA
2/21/24,Archival,A2M,,,,NA
2/22/24,Archival,A7M,,,,1.596963845
2/22/24,Archival,T2M,,,,1.304708695
2/22/24,Archival,A2M,,,,2.180229863
2/23/24,Archival,A7M,,,,NA
2/23/24,Archival,T2M,,,,NA
2/23/24,Archival,A2M,,,,NA
2/24/24,Archival,A7M,,,,NA
2/24/24,Archival,T2M,,,,NA
2/24/24,Archival,A2M,,,,NA
2/25/24,Archival,A7M,,,,1.148078042
2/25/24,Archival,T2M,,,,0.972308412
2/25/24,Archival,A2M,,,,2.316740698
2/26/24,Archival,A7M,,,,NA
2/26/24,Archival,T2M,,,,NA
2/26/24,Archival,A2M,,,,3.16148297
2/27/24,Archival,A7M,,,,2.437748784
2/27/24,Archival,T2M,,,,1.565372211
2/27/24,Archival,A2M,,,,3.16776042
2/28/24,Archival,A7M,,,,NA
2/28/24,Archival,T2M,,,,NA
2/28/24,Archival,A2M,,,,NA
2/29/24,Archival,A7M,,,,1.616373366
2/29/24,Archival,T2M,,,,1.469519985
2/29/24,Archival,A2M,,,,3.086333227
3/1/24,Archival,A7M,,,,1.458289957
3/1/24,Archival,T2M,,,,1.47786125
3/1/24,Archival,A2M,,,,NA
3/2/24,Archival,A7M,,,,NA
3/2/24,Archival,T2M,,,,NA
3/2/24,Archival,A2M,,,,NA
3/3/24,Archival,A7M,,,,1.277729779
3/3/24,Archival,T2M,,,,1.221630019
3/3/24,Archival,A2M,,,,2.552919531
3/4/24,Archival,A7M,,,,1.176781774
3/4/24,Archival,T2M,,,,1.125641561
3/4/24,Archival,A2M,,,,1.687758803
3/5/24,Archival,A7M,,,,NA
3/5/24,Archival,T2M,,,,NA
3/5/24,Archival,A2M,,,,NA
3/6/24,Archival,A7M,,,,NA
3/6/24,Archival,T2M,,,,NA
3/6/24,Archival,A2M,,,,NA
3/7/24,Archival,A7M,,,,NA
3/7/24,Archival,T2M,,,,NA
3/7/24,Archival,A2M,,,,NA
3/8/24,Archival,A7M,,,,1.103443384
3/8/24,Archival,T2M,,,,1.099074721
3/8/24,Archival,A2M,,,,2.47402221
3/9/24,Archival,A7M,,,,NA
3/9/24,Archival,T2M,,,,NA
3/9/24,Archival,A2M,,,,NA
3/10/24,Archival,A7M,,,,NA
3/10/24,Archival,T2M,,,,NA
3/10/24,Archival,A2M,,,,2.216719818
3/11/24,Archival,A7M,,,,1.322252429
3/11/24,Archival,T2M,,,,1.24005248
3/11/24,Archival,A2M,,,,2.063405204
3/12/24,Archival,A7M,,,,1.314510572
3/12/24,Archival,T2M,,,,1.30467661
3/12/24,Archival,A2M,,,,2.195816445
3/13/24,Archival,A7M,,,,0.987085745
3/13/24,Archival,T2M,,,,1.003225225
3/13/24,Archival,A2M,,,,1.655266306
3/14/24,Archival,A7M,,,,0.869996881
3/14/24,Archival,T2M,,,,1.023788419
3/14/24,Archival,A2M,,,,1.520899755
3/15/24,Archival,A7M,,,,0.852691293
3/15/24,Archival,T2M,,,,0.889836609
3/15/24,Archival,A2M,,,,NA
3/16/24,Archival,A7M,,,,1.064251032
3/16/24,Archival,T2M,,,,1.049840913
3/16/24,Archival,A2M,,,,1.817086452
3/17/24,Archival,A7M,,,,NA
3/17/24,Archival,T2M,,,,NA
3/17/24,Archival,A2M,,,,NA
3/18/24,Archival,A7M,,,,1.164735383
3/18/24,Archival,T2M,,,,1.1192808
3/18/24,Archival,A2M,,,,1.595802665
3/19/24,Archival,A7M,,,,NA
3/19/24,Archival,T2M,,,,NA
3/19/24,Archival,A2M,,,,NA
3/20/24,Archival,A7M,,,,1.474838519
3/20/24,Archival,T2M,,,,1.26761294
3/20/24,Archival,A2M,,,,1.90043183
3/21/24,Archival,A7M,,,,1.17711792
3/21/24,Archival,T2M,,,,1.16230002
3/21/24,Archival,A2M,,,,1.632652789
3/22/24,Archival,A7M,,,,NA
3/22/24,Archival,T2M,,,,NA
3/22/24,Archival,A2M,,,,NA
3/23/24,Archival,A7M,,,,NA
3/23/24,Archival,T2M,,,,NA
3/23/24,Archival,A2M,,,,NA
3/24/24,Archival,A7M,,,,1.75982632
3/24/24,Archival,T2M,,,,1.669810434
3/24/24,Archival,A2M,,,,2.454756373
3/25/24,Archival,A7M,,,,2.085938734
3/25/24,Archival,T2M,,,,1.787123674
3/25/24,Archival,A2M,,,,2.394317794
3/26/24,Archival,A7M,,,,NA
3/26/24,Archival,T2M,,,,NA
3/26/24,Archival,A2M,,,,NA
3/27/24,Archival,A7M,,,,NA
3/27/24,Archival,T2M,,,,NA
3/27/24,Archival,A2M,,,,NA
3/28/24,Archival,A7M,,,,NA
3/28/24,Archival,T2M,,,,NA
3/28/24,Archival,A2M,,,,NA
3/29/24,Archival,A7M,,,,1.249319166
3/29/24,Archival,T2M,,,,1.156319356
3/29/24,Archival,A2M,,,,1.95224458
3/30/24,Archival,A7M,,,,1.135253268
3/30/24,Archival,T2M,,,,1.038774896
3/30/24,Archival,A2M,,,,1.656357688
3/31/24,Archival,A7M,,,,NA
3/31/24,Archival,T2M,,,,NA
3/31/24,Archival,A2M,,,,NA
4/1/24,Archival,A7M,,,,NA
4/1/24,Archival,T2M,,,,NA
4/1/24,Archival,A2M,,,,NA
4/2/24,Archival,A7M,,,,NA
4/2/24,Archival,T2M,,,,NA
4/2/24,Archival,A2M,,,,NA
4/3/24,Archival,A7M,,,,NA
4/3/24,Archival,T2M,,,,NA
4/3/24,Archival,A2M,,,,NA
4/4/24,Archival,A7M,,,,1.189702314
4/4/24,Archival,T2M,,,,0.984438848
4/4/24,Archival,A2M,,,,1.637630529
4/5/24,Archival,A7M,,,,1.047646004
4/5/24,Archival,T2M,,,,0.904425749
4/5/24,Archival,A2M,,,,1.497110121
4/6/24,Archival,A7M,,,,1.031931618
4/6/24,Archival,T2M,,,,0.899453285
4/6/24,Archival,A2M,,,,1.612199152
4/7/24,Archival,A7M,,,,0.923929495
4/7/24,Archival,T2M,,,,0.878345144
4/7/24,Archival,A2M,,,,1.438827628
4/8/24,Archival,A7M,,,,0.96903809
4/8/24,Archival,T2M,,,,0.891189644
4/8/24,Archival,A2M,,,,1.266353989
4/9/24,Archival,A7M,,,,0.881552013
4/9/24,Archival,T2M,,,,0.829425437
4/9/24,Archival,A2M,,,,1.28108089
4/10/24,Archival,A7M,,,,0.963442773
4/10/24,Archival,T2M,,,,0.903985119
4/10/24,Archival,A2M,,,,1.758149187
4/11/24,Archival,A7M,,,,NA
4/11/24,Archival,T2M,,,,NA
4/11/24,Archival,A2M,,,,NA
4/12/24,Archival,A7M,,,,NA
4/12/24,Archival,T2M,,,,NA
4/12/24,Archival,A2M,,,,NA
4/13/24,Archival,A7M,,,,NA
4/13/24,Archival,T2M,,,,NA
4/13/24,Archival,A2M,,,,NA
4/14/24,Archival,A7M,,,,1.236506444
4/14/24,Archival,T2M,,,,1.083510131
4/14/24,Archival,A2M,,,,1.890608943
4/15/24,Archival,A7M,,,,1.311755228
4/15/24,Archival,T2M,,,,1.050974709
4/15/24,Archival,A2M,,,,1.940266245
4/16/24,Archival,A7M,,,,1.125173807
4/16/24,Archival,T2M,,,,1.02859056
4/16/24,Archival,A2M,,,,1.570799297
4/17/24,Archival,A7M,,,,NA
4/17/24,Archival,T2M,,,,NA
4/17/24,Archival,A2M,,,,NA
4/18/24,Archival,A7M,,,,NA
4/18/24,Archival,T2M,,,,NA
4/18/24,Archival,A2M,,,,NA
4/19/24,Archival,A7M,,,,NA
4/19/24,Archival,T2M,,,,NA
4/19/24,Archival,A2M,,,,NA
4/20/24,Archival,A7M,,,,NA
4/20/24,Archival,T2M,,,,NA
4/20/24,Archival,A2M,,,,NA
4/21/24,Archival,A7M,,,,NA
4/21/24,Archival,T2M,,,,NA
4/21/24,Archival,A2M,,,,NA
4/22/24,Archival,A7M,,,,0.899459416
4/22/24,Archival,T2M,,,,0.888326392
4/22/24,Archival,A2M,,,,1.428034848
4/23/24,Archival,A7M,,,,0.843729299
4/23/24,Archival,T2M,,,,0.878468752
4/23/24,Archival,A2M,,,,1.223194042
4/24/24,Archival,A7M,,,,NA
4/24/24,Archival,T2M,,,,NA
4/24/24,Archival,A2M,,,,NA
4/25/24,Archival,A7M,,,,NA
4/25/24,Archival,T2M,,,,NA
4/25/24,Archival,A2M,,,,NA
4/26/24,Archival,A7M,,,,1.017228365
4/26/24,Archival,T2M,,,,0.977054456
4/26/24,Archival,A2M,,,,1.412200469
4/27/24,Archival,A7M,,,,NA
4/27/24,Archival,T2M,,,,NA
4/27/24,Archival,A2M,,,,NA
4/28/24,Archival,A7M,,,,0.827887574
4/28/24,Archival,T2M,,,,0.798023796
4/28/24,Archival,A2M,,,,1.591552693
4/29/24,Archival,A7M,,,,0.824378213
4/29/24,Archival,T2M,,,,0.77111907
4/29/24,Archival,A2M,,,,1.589427459
4/30/24,Archival,A7M,,,,0.853301121
4/30/24,Archival,T2M,,,,0.739857861
4/30/24,Archival,A2M,,,,1.133447051
5/1/24,Archival,A7M,,,,0.898195252
5/1/24,Archival,T2M,,,,0.782363279
5/1/24,Archival,A2M,,,,2.054284851
5/2/24,Archival,A7M,,,,0.911598563
5/2/24,Archival,T2M,,,,NA
5/2/24,Archival,A2M,,,,1.405855601
5/3/24,Archival,A7M,,,,NA
5/3/24,Archival,T2M,,,,NA
5/3/24,Archival,A2M,,,,NA
5/4/24,Archival,A7M,,,,NA
5/4/24,Archival,T2M,,,,NA
5/4/24,Archival,A2M,,,,NA
5/5/24,Archival,A7M,,,,NA
5/5/24,Archival,T2M,,,,NA
5/5/24,Archival,A2M,,,,2.231979728
5/6/24,Archival,A7M,,,,NA
5/6/24,Archival,T2M,,,,NA
5/6/24,Archival,A2M,,,,NA
5/7/24,Archival,A7M,,,,NA
5/7/24,Archival,T2M,,,,NA
5/7/24,Archival,A2M,,,,NA
5/8/24,Archival,A7M,,,,0.839495254
5/8/24,Archival,T2M,,,,0.663209021
5/8/24,Archival,A2M,,,,2.062114283
5/9/24,Archival,A7M,,,,NA
5/9/24,Archival,T2M,,,,NA
5/9/24,Archival,A2M,,,,NA
5/10/24,Archival,A7M,,,,NA
5/10/24,Archival,T2M,,,,NA
5/10/24,Archival,A2M,,,,NA
5/11/24,Archival,A7M,,,,0.745154041
5/11/24,Archival,T2M,,,,0.637999896
5/11/24,Archival,A2M,,,,1.498457405
5/12/24,Archival,A7M,,,,NA
5/12/24,Archival,T2M,,,,NA
5/12/24,Archival,A2M,,,,NA
5/13/24,Archival,A7M,,,,0.856869906
5/13/24,Archival,T2M,,,,0.7501865
5/13/24,Archival,A2M,,,,2.01206153
5/14/24,Archival,A7M,,,,NA
5/14/24,Archival,T2M,,,,NA
5/14/24,Archival,A2M,,,,NA
5/15/24,Archival,A7M,,,,NA
5/15/24,Archival,T2M,,,,NA
5/15/24,Archival,A2M,,,,NA
5/16/24,Archival,A7M,,,,NA
5/16/24,Archival,T2M,,,,NA
5/16/24,Archival,A2M,,,,NA
5/17/24,Archival,A7M,,,,NA
5/17/24,Archival,T2M,,,,NA
5/17/24,Archival,A2M,,,,NA
5/18/24,Archival,A7M,,,,NA
5/18/24,Archival,T2M,,,,NA
5/18/24,Archival,A2M,,,,NA
5/19/24,Archival,A7M,,,,NA
5/19/24,Archival,T2M,,,,0.719626343
5/19/24,Archival,A2M,,,,NA
5/20/24,Archival,A7M,,,,NA
5/20/24,Archival,T2M,,,,NA
5/20/24,Archival,A2M,,,,NA
5/21/24,Archival,A7M,,,,0.832212269
5/21/24,Archival,T2M,,,,0.833321071
5/21/24,Archival,A2M,,,,NA
5/22/24,Archival,A7M,,,,0.736639977
5/22/24,Archival,T2M,,,,0.69669784
5/22/24,Archival,A2M,,,,1.784792089
5/23/24,Archival,A7M,,,,0.754499435
5/23/24,Archival,T2M,,,,0.551474035
5/23/24,Archival,A2M,,,,NA
5/24/24,Archival,A7M,,,,NA
5/24/24,Archival,T2M,,,,NA
5/24/24,Archival,A2M,,,,NA
5/25/24,Archival,A7M,,,,NA
5/25/24,Archival,T2M,,,,NA
5/25/24,Archival,A2M,,,,NA
5/26/24,Archival,A7M,,,,0.960979167
5/26/24,Archival,T2M,,,,0.728474328
5/26/24,Archival,A2M,,,,1.36739745
5/27/24,Archival,A7M,,,,NA
5/27/24,Archival,T2M,,,,NA
5/27/24,Archival,A2M,,,,NA
5/28/24,Archival,A7M,,,,1.204898888
5/28/24,Archival,T2M,,,,1.003553683
5/28/24,Archival,A2M,,,,1.680176634
5/29/24,Archival,A7M,,,,NA
5/29/24,Archival,T2M,,,,NA
5/29/24,Archival,A2M,,,,NA
5/30/24,Archival,A7M,,,,0.946610343
5/30/24,Archival,T2M,,,,0.767423746
5/30/24,Archival,A2M,,,,1.459594816
5/31/24,Archival,A7M,,,,0.771075556
5/31/24,Archival,T2M,,,,0.7484503
5/31/24,Archival,A2M,,,,1.197789085
6/1/24,Archival,A7M,,,,0.770912242
6/1/24,Archival,T2M,,,,0.749268344
6/1/24,Archival,A2M,,,,1.475343752
6/2/24,Archival,A7M,,,,NA
6/2/24,Archival,T2M,,,,NA
6/2/24,Archival,A2M,,,,2.35917455
6/3/24,Archival,A7M,,,,0.87695595
6/3/24,Archival,T2M,,,,0.684310916
6/3/24,Archival,A2M,,,,1.618660646
6/4/24,Archival,A7M,,,,0.833669281
6/4/24,Archival,T2M,,,,0.692724022
6/4/24,Archival,A2M,,,,1.736396188
6/5/24,Archival,A7M,,,,NA
6/5/24,Archival,T2M,,,,NA
6/5/24,Archival,A2M,,,,NA
6/6/24,Archival,A7M,,,,NA
6/6/24,Archival,T2M,,,,NA
6/6/24,Archival,A2M,,,,NA
6/7/24,Archival,A7M,,,,1.012646644
6/7/24,Archival,T2M,,,,0.968517756
6/7/24,Archival,A2M,,,,1.534310484
6/8/24,Archival,A7M,,,,0.993788096
6/8/24,Archival,T2M,,,,0.921786335
6/8/24,Archival,A2M,,,,1.493087745
6/9/24,Archival,A7M,,,,0.949172974
6/9/24,Archival,T2M,,,,NA
6/9/24,Archival,A2M,,,,1.749033809
6/10/24,Archival,A7M,,,,0.948465234
6/10/24,Archival,T2M,,,,0.890334153
6/10/24,Archival,A2M,,,,1.316585485
6/11/24,Archival,A7M,,,,0.96415998
6/11/24,Archival,T2M,,,,0.831598362
6/11/24,Archival,A2M,,,,1.628342175
6/12/24,Archival,A7M,,,,1.006277308
6/12/24,Archival,T2M,,,,0.767328863
6/12/24,Archival,A2M,,,,1.789335603
6/13/24,Archival,A7M,,,,1.102164686
6/13/24,Archival,T2M,,,,0.825880396
6/13/24,Archival,A2M,,,,1.774264077
6/14/24,Archival,A7M,,,,1.032469755
6/14/24,Archival,T2M,,,,0.857850683
6/14/24,Archival,A2M,,,,1.755892205
6/15/24,Archival,A7M,,,,1.051091605
6/15/24,Archival,T2M,,,,0.919570127
6/15/24,Archival,A2M,,,,1.574432373
6/16/24,Archival,A7M,,,,1.162474519
6/16/24,Archival,T2M,,,,0.950146669
6/16/24,Archival,A2M,,,,1.595014679
6/17/24,Archival,A7M,,,,1.014807367
6/17/24,Archival,T2M,,,,0.939725112
6/17/24,Archival,A2M,,,,NA
6/18/24,Archival,A7M,,,,0.89915528
6/18/24,Archival,T2M,,,,0.993357271
6/18/24,Archival,A2M,,,,1.325539556
6/19/24,Archival,A7M,,,,0.743998003
6/19/24,Archival,T2M,,,,0.814185533
6/19/24,Archival,A2M,,,,1.152405986
6/20/24,Archival,A7M,,,,0.804873088
6/20/24,Archival,T2M,,,,0.846874556
6/20/24,Archival,A2M,,,,1.109386048
6/21/24,Archival,A7M,,,,NA
6/21/24,Archival,T2M,,,,NA
6/21/24,Archival,A2M,,,,NA
6/22/24,Archival,A7M,,,,0.942284483
6/22/24,Archival,T2M,,,,0.875018567
6/22/24,Archival,A2M,,,,1.312632811
6/23/24,Archival,A7M,,,,1.018458804
6/23/24,Archival,T2M,,,,0.984598884
6/23/24,Archival,A2M,,,,1.507124728
6/24/24,Archival,A7M,,,,NA
6/24/24,Archival,T2M,,,,NA
6/24/24,Archival,A2M,,,,NA
6/25/24,Archival,A7M,,,,NA
6/25/24,Archival,T2M,,,,NA
6/25/24,Archival,A2M,,,,NA
6/26/24,Archival,A7M,,,,1.01894124
6/26/24,Archival,T2M,,,,0.93158763
6/26/24,Archival,A2M,,,,NA
6/27/24,Archival,A7M,,,,NA
6/27/24,Archival,T2M,,,,0.873107225
6/27/24,Archival,A2M,,,,NA
6/28/24,Archival,A7M,,,,1.029989731
6/28/24,Archival,T2M,,,,0.911681169
6/28/24,Archival,A2M,,,,1.543585241
6/29/24,Archival,A7M,,,,0.907343705
6/29/24,Archival,T2M,,,,NA
6/29/24,Archival,A2M,,,,1.169331207
6/30/24,Archival,A7M,,,,0.797660768
6/30/24,Archival,T2M,,,,0.724240516
6/30/24,Archival,A2M,,,,1.087340325
7/1/24,Archival,A7M,,,,0.746483976
7/1/24,Archival,T2M,,,,0.671112007
7/1/24,Archival,A2M,,,,1.365306687
7/2/24,Archival,A7M,,,,0.72837075
7/2/24,Archival,T2M,,,,0.663609236
7/2/24,Archival,A2M,,,,1.23522062
7/3/24,Archival,A7M,,,,0.617110106
7/3/24,Archival,T2M,,,,0.555588052
7/3/24,Archival,A2M,,,,1.162279832
7/4/24,Archival,A7M,,,,0.604276347
7/4/24,Archival,T2M,,,,0.576761684
7/4/24,Archival,A2M,,,,1.105529213
7/5/24,Archival,A7M,,,,0.577996528
7/5/24,Archival,T2M,,,,0.563809812
7/5/24,Archival,A2M,,,,1.245651427
7/6/24,Archival,A7M,,,,NA
7/6/24,Archival,T2M,,,,0.584944963
7/6/24,Archival,A2M,,,,NA
7/7/24,Archival,A7M,,,,NA
7/7/24,Archival,T2M,,,,NA
7/7/24,Archival,A2M,,,,1.950751901
7/8/24,Archival,A7M,,,,0.542000542
7/8/24,Archival,T2M,,,,NA
7/8/24,Archival,A2M,,,,0.850730398
7/9/24,Archival,A7M,,,,0.627255574
7/9/24,Archival,T2M,,,,0.558711985
7/9/24,Archival,A2M,,,,0.948238915
7/10/24,Archival,A7M,,,,NA
7/10/24,Archival,T2M,,,,NA
7/10/24,Archival,A2M,,,,NA
7/11/24,Archival,A7M,,,,NA
7/11/24,Archival,T2M,,,,NA
7/11/24,Archival,A2M,,,,1.126582909
7/12/24,Archival,A7M,,,,0.631639608
7/12/24,Archival,T2M,,,,0.617123922
7/12/24,Archival,A2M,,,,0.66178754
7/13/24,Archival,A7M,,,,NA
7/13/24,Archival,T2M,,,,NA
7/13/24,Archival,A2M,,,,NA
7/14/24,Archival,A7M,,,,0.634982169
7/14/24,Archival,T2M,,,,0.649549887
7/14/24,Archival,A2M,,,,NA
7/15/24,Archival,A7M,,,,0.649457705
7/15/24,Archival,T2M,,,,0.601263714
7/15/24,Archival,A2M,,,,0.888699594
7/16/24,Archival,A7M,,,,0.610779294
7/16/24,Archival,T2M,,,,0.528386591
7/16/24,Archival,A2M,,,,0.847879905
7/17/24,Archival,A7M,,,,0.629710025
7/17/24,Archival,T2M,,,,0.614651683
7/17/24,Archival,A2M,,,,0.965848613
7/18/24,Archival,A7M,,,,NA
7/18/24,Archival,T2M,,,,NA
7/18/24,Archival,A2M,,,,NA
7/19/24,Archival,A7M,,,,0.765301466
7/19/24,Archival,T2M,,,,0.598673403
7/19/24,Archival,A2M,,,,0.90242333
7/20/24,Archival,A7M,,,,NA
7/20/24,Archival,T2M,,,,NA
7/20/24,Archival,A2M,,,,NA
7/21/24,Archival,A7M,,,,0.629138857
7/21/24,Archival,T2M,,,,0.591681619
7/21/24,Archival,A2M,,,,0.74804666
7/22/24,Archival,A7M,,,,NA
7/22/24,Archival,T2M,,,,NA
7/22/24,Archival,A2M,,,,NA
7/23/24,Archival,A7M,,,,0.614627993
7/23/24,Archival,T2M,,,,0.568451485
7/23/24,Archival,A2M,,,,0.857838863
7/24/24,Archival,A7M,,,,NA
7/24/24,Archival,T2M,,,,NA
7/24/24,Archival,A2M,,,,NA
7/25/24,Archival,A7M,,,,NA
7/25/24,Archival,T2M,,,,NA
7/25/24,Archival,A2M,,,,NA
7/26/24,Archival,A7M,,,,0.608417988
7/26/24,Archival,T2M,,,,0.421018281
7/26/24,Archival,A2M,,,,0.699509207
7/27/24,Archival,A7M,,,,0.510685541
7/27/24,Archival,T2M,,,,0.456206393
7/27/24,Archival,A2M,,,,0.685851344
7/28/24,Archival,A7M,,,,0.444400923
7/28/24,Archival,T2M,,,,0.427950138
7/28/24,Archival,A2M,,,,0.605353874
7/29/24,Archival,A7M,,,,NA
7/29/24,Archival,T2M,,,,NA
7/29/24,Archival,A2M,,,,NA
7/30/24,Archival,A7M,,,,NA
7/30/24,Archival,T2M,,,,NA
7/30/24,Archival,A2M,,,,NA
7/31/24,Archival,A7M,,,,NA
7/31/24,Archival,T2M,,,,0.412143479
7/31/24,Archival,A2M,,,,NA
8/1/24,Archival,A7M,,,,0.572944616
8/1/24,Archival,T2M,,,,0.478433862
8/1/24,Archival,A2M,,,,0.745566085
8/2/24,Archival,A7M,,,,0.49423252
8/2/24,Archival,T2M,,,,0.484208539
8/2/24,Archival,A2M,,,,0.838576674
8/3/24,Archival,A7M,,,,0.715758494
8/3/24,Archival,T2M,,,,0.546979779
8/3/24,Archival,A2M,,,,1.150602943
8/4/24,Archival,A7M,,,,NA
8/4/24,Archival,T2M,,,,NA
8/4/24,Archival,A2M,,,,NA
8/5/24,Archival,A7M,,,,0.6653721
8/5/24,Archival,T2M,,,,0.537951673
8/5/24,Archival,A2M,,,,0.864477059
8/6/24,Archival,A7M,,,,0.698374677
8/6/24,Archival,T2M,,,,NA
8/6/24,Archival,A2M,,,,0.837351665
8/7/24,Archival,A7M,,,,NA
8/7/24,Archival,T2M,,,,NA
8/7/24,Archival,A2M,,,,NA
8/8/24,Archival,A7M,,,,NA
8/8/24,Archival,T2M,,,,NA
8/8/24,Archival,A2M,,,,NA
8/9/24,Archival,A7M,,,,0.616022944
8/9/24,Archival,T2M,,,,0.546485691
8/9/24,Archival,A2M,,,,NA
8/10/24,Archival,A7M,,,,0.632479751
8/10/24,Archival,T2M,,,,0.610917972
8/10/24,Archival,A2M,,,,NA
8/11/24,Archival,A7M,,,,0.64020595
8/11/24,Archival,T2M,,,,0.57975677
8/11/24,Archival,A2M,,,,0.915563482
8/12/24,Archival,A7M,,,,0.570756155
8/12/24,Archival,T2M,,,,0.506626941
8/12/24,Archival,A2M,,,,0.679399259
8/13/24,Archival,A7M,,,,NA
8/13/24,Archival,T2M,,,,NA
8/13/24,Archival,A2M,,,,NA
8/14/24,Archival,A7M,,,,0.479926117
8/14/24,Archival,T2M,,,,0.466298707
8/14/24,Archival,A2M,,,,0.867332397
8/15/24,Archival,A7M,,,,0.61263929
8/15/24,Archival,T2M,,,,0.551749316
8/15/24,Archival,A2M,,,,1.245161411
8/16/24,Archival,A7M,,,,0.55395444
8/16/24,Archival,T2M,,,,0.519516739
8/16/24,Archival,A2M,,,,0.933490372
8/17/24,Archival,A7M,,,,NA
8/17/24,Archival,T2M,,,,0.544938518
8/17/24,Archival,A2M,,,,NA
8/18/24,Archival,A7M,,,,0.577584255
8/18/24,Archival,T2M,,,,0.495026216
8/18/24,Archival,A2M,,,,1.499184453
8/19/24,Archival,A7M,,,,0.783345473
8/19/24,Archival,T2M,,,,0.662812374
8/19/24,Archival,A2M,,,,1.403979886
8/20/24,Archival,A7M,,,,0.739678016
8/20/24,Archival,T2M,,,,0.712070638
8/20/24,Archival,A2M,,,,0.953640783
8/21/24,Archival,A7M,,,,0.749412462
8/21/24,Archival,T2M,,,,0.694212735
8/21/24,Archival,A2M,,,,0.986394066
8/22/24,Archival,A7M,,,,0.688015756
8/22/24,Archival,T2M,,,,0.572852275
8/22/24,Archival,A2M,,,,0.989491978
8/23/24,Archival,A7M,,,,0.604762426
8/23/24,Archival,T2M,,,,0.523467302
8/23/24,Archival,A2M,,,,0.957425013
8/24/24,Archival,A7M,,,,0.634398937
8/24/24,Archival,T2M,,,,0.535269027
8/24/24,Archival,A2M,,,,NA
8/25/24,Archival,A7M,,,,0.582590209
8/25/24,Archival,T2M,,,,0.515726818
8/25/24,Archival,A2M,,,,0.821922925
8/26/24,Archival,A7M,,,,0.616745704
8/26/24,Archival,T2M,,,,0.486236364
8/26/24,Archival,A2M,,,,0.975724588
8/27/24,Archival,A7M,,,,NA
8/27/24,Archival,T2M,,,,0.384885371
8/27/24,Archival,A2M,,,,NA
8/28/24,Archival,A7M,,,,0.53082972
8/28/24,Archival,T2M,,,,0.488488292
8/28/24,Archival,A2M,,,,0.778586993
8/29/24,Archival,A7M,,,,0.566466011
8/29/24,Archival,T2M,,,,0.501977304
8/29/24,Archival,A2M,,,,0.736818353
8/30/24,Archival,A7M,,,,NA
8/30/24,Archival,T2M,,,,NA
8/30/24,Archival,A2M,,,,NA
8/31/24,Archival,A7M,,,,0.610589194
8/31/24,Archival,T2M,,,,0.493766355
8/31/24,Archival,A2M,,,,0.781166071
9/1/24,Archival,A7M,,,,0.495743801
9/1/24,Archival,T2M,,,,0.436276383
9/1/24,Archival,A2M,,,,NA
9/2/24,Archival,A7M,,,,NA
9/2/24,Archival,T2M,,,,NA
9/2/24,Archival,A2M,,,,NA
9/3/24,Archival,A7M,,,,0.884591198
9/3/24,Archival,T2M,,,,NA
9/3/24,Archival,A2M,,,,1.315215867
9/4/24,Archival,A7M,,,,NA
9/4/24,Archival,T2M,,,,NA
9/4/24,Archival,A2M,,,,NA
9/5/24,Archival,A7M,,,,0.57931453
9/5/24,Archival,T2M,,,,0.516394994
9/5/24,Archival,A2M,,,,1.335308337
9/6/24,Archival,A7M,,,,NA
9/6/24,Archival,T2M,,,,NA
9/6/24,Archival,A2M,,,,NA
9/7/24,Archival,A7M,,,,NA
9/7/24,Archival,T2M,,,,NA
9/7/24,Archival,A2M,,,,NA
9/8/24,Archival,A7M,,,,0.681998131
9/8/24,Archival,T2M,,,,0.556683096
9/8/24,Archival,A2M,,,,2.194697505
9/9/24,Archival,A7M,,,,0.668452385
9/9/24,Archival,T2M,,,,0.602797386
9/9/24,Archival,A2M,,,,1.816931933
9/10/24,Archival,A7M,,,,0.643328118
9/10/24,Archival,T2M,,,,0.533488728
9/10/24,Archival,A2M,,,,1.691629195
9/11/24,Archival,A7M,,,,0.632399315
9/11/24,Archival,T2M,,,,0.59643921
9/11/24,Archival,A2M,,,,1.352202415
9/12/24,Archival,A7M,,,,0.575965315
9/12/24,Archival,T2M,,,,0.563559861
9/12/24,Archival,A2M,,,,1.002033222
9/13/24,Archival,A7M,,,,NA
9/13/24,Archival,T2M,,,,NA
9/13/24,Archival,A2M,,,,NA
9/14/24,Archival,A7M,,,,0.58441084
9/14/24,Archival,T2M,,,,0.549644303
9/14/24,Archival,A2M,,,,1.149681288
9/15/24,Archival,A7M,,,,0.640954626
9/15/24,Archival,T2M,,,,0.572316363
9/15/24,Archival,A2M,,,,0.685817262
9/16/24,Archival,A7M,,,,0.693491697
9/16/24,Archival,T2M,,,,0.641259074
9/16/24,Archival,A2M,,,,NA
9/17/24,Archival,A7M,,,,0.674509764
9/17/24,Archival,T2M,,,,0.668521196
9/17/24,Archival,A2M,,,,NA
9/18/24,Archival,A7M,,,,0.871048554
9/18/24,Archival,T2M,,,,0.560123944
9/18/24,Archival,A2M,,,,1.793291533
9/19/24,Archival,A7M,,,,NA
9/19/24,Archival,T2M,,,,NA
9/19/24,Archival,A2M,,,,NA
9/20/24,Archival,A7M,,,,0.70495443
9/20/24,Archival,T2M,,,,0.479498349
9/20/24,Archival,A2M,,,,0.91101371
9/21/24,Archival,A7M,,,,1.05499502
9/21/24,Archival,T2M,,,,0.469658246
9/21/24,Archival,A2M,,,,1.93082024
9/22/24,Archival,A7M,,,,1.887997031
9/22/24,Archival,T2M,,,,NA
9/22/24,Archival,A2M,,,,NA
9/23/24,Archival,A7M,,,,NA
9/23/24,Archival,T2M,,,,NA
9/23/24,Archival,A2M,,,,2.059898218
9/24/24,Archival,A7M,,,,0.298319131
9/24/24,Archival,T2M,,,,0.291909724
9/24/24,Archival,A2M,,,,NA
9/25/24,Archival,A7M,,,,NA
9/25/24,Archival,T2M,,,,NA
9/25/24,Archival,A2M,,,,NA
9/26/24,Archival,A7M,,,,NA
9/26/24,Archival,T2M,,,,NA
9/26/24,Archival,A2M,,,,NA
9/27/24,Archival,A7M,,,,NA
9/27/24,Archival,T2M,,,,NA
9/27/24,Archival,A2M,,,,NA
9/28/24,Archival,A7M,,,,0.92045342
9/28/24,Archival,T2M,,,,0.582485329
9/28/24,Archival,A2M,,,,1.253285706
9/29/24,Archival,A7M,,,,NA
9/29/24,Archival,T2M,,,,NA
9/29/24,Archival,A2M,,,,1.283636136
9/30/24,Archival,A7M,,,,NA
9/30/24,Archival,T2M,,,,NA
9/30/24,Archival,A2M,,,,NA
10/1/24,Archival,A7M,,,,NA
10/1/24,Archival,T2M,,,,NA
10/1/24,Archival,A2M,,,,NA
10/2/24,Archival,A7M,,,,1.20195118
10/2/24,Archival,T2M,,,,0.82434082
10/2/24,Archival,A2M,,,,1.06193006
10/3/24,Archival,A7M,,,,0.887603498
10/3/24,Archival,T2M,,,,0.660457427
10/3/24,Archival,A2M,,,,NA
10/4/24,Archival,A7M,,,,0.695827931
10/4/24,Archival,T2M,,,,0.564168851
10/4/24,Archival,A2M,,,,1.091614112
10/5/24,Archival,A7M,,,,0.579706367
10/5/24,Archival,T2M,,,,0.526063596
10/5/24,Archival,A2M,,,,1.100510496
10/6/24,Archival,A7M,,,,0.77688404
10/6/24,Archival,T2M,,,,0.737616256
10/6/24,Archival,A2M,,,,1.229986221
10/7/24,Archival,A7M,,,,NA
10/7/24,Archival,T2M,,,,NA
10/7/24,Archival,A2M,,,,1.848958198
10/8/24,Archival,A7M,,,,0.691542539
10/8/24,Archival,T2M,,,,0.571033903
10/8/24,Archival,A2M,,,,1.187913835
10/9/24,Archival,A7M,,,,0.720323944
10/9/24,Archival,T2M,,,,0.579496859
10/9/24,Archival,A2M,,,,1.278123817
10/10/24,Archival,A7M,,,,NA
10/10/24,Archival,T2M,,,,NA
10/10/24,Archival,A2M,,,,NA
10/11/24,Archival,A7M,,,,1.007823578
10/11/24,Archival,T2M,,,,0.660690376
10/11/24,Archival,A2M,,,,1.80912782
10/12/24,Archival,A7M,,,,0.995156565
10/12/24,Archival,T2M,,,,0.716160637
10/12/24,Archival,A2M,,,,1.608380598
10/13/24,Archival,A7M,,,,0.819990167
10/13/24,Archival,T2M,,,,0.782353485
10/13/24,Archival,A2M,,,,1.535802117
10/14/24,Archival,A7M,,,,0.908833129
10/14/24,Archival,T2M,,,,0.916737631
10/14/24,Archival,A2M,,,,NA
10/15/24,Archival,A7M,,,,NA
10/15/24,Archival,T2M,,,,NA
10/15/24,Archival,A2M,,,,NA
10/16/24,Archival,A7M,,,,0.964404118
10/16/24,Archival,T2M,,,,NA
10/16/24,Archival,A2M,,,,2.411529234
10/17/24,Archival,A7M,,,,NA
10/17/24,Archival,T2M,,,,NA
10/17/24,Archival,A2M,,,,NA
10/18/24,Archival,A7M,,,,2.038968986
10/18/24,Archival,T2M,,,,1.410975361
10/18/24,Archival,A2M,,,,2.759773993
10/19/24,Archival,A7M,,,,1.428515083
10/19/24,Archival,T2M,,,,1.06755479
10/19/24,Archival,A2M,,,,1.949215078
10/20/24,Archival,A7M,,,,1.056337917
10/20/24,Archival,T2M,,,,0.972985667
10/20/24,Archival,A2M,,,,1.616255122
10/21/24,Archival,A7M,,,,0.879807666
10/21/24,Archival,T2M,,,,0.859237793
10/21/24,Archival,A2M,,,,1.391434282
10/22/24,Archival,A7M,,,,0.858768627
10/22/24,Archival,T2M,,,,0.849809739
10/22/24,Archival,A2M,,,,1.305942512
10/23/24,Archival,A7M,,,,0.671572027
10/23/24,Archival,T2M,,,,0.675322124
10/23/24,Archival,A2M,,,,1.152557003
10/24/24,Archival,A7M,,,,0.754841016
10/24/24,Archival,T2M,,,,0.778116633
10/24/24,Archival,A2M,,,,1.172292817
10/25/24,Archival,A7M,,,,0.839597812
10/25/24,Archival,T2M,,,,0.929777756
10/25/24,Archival,A2M,,,,1.532739514
10/26/24,Archival,A7M,,,,0.966201246
10/26/24,Archival,T2M,,,,NA
10/26/24,Archival,A2M,,,,2.724531412
10/27/24,Archival,A7M,,,,NA
10/27/24,Archival,T2M,,,,1.124985069
10/27/24,Archival,A2M,,,,NA
10/28/24,Archival,A7M,,,,0.996137983
10/28/24,Archival,T2M,,,,1.195249024
10/28/24,Archival,A2M,,,,1.630292079
10/29/24,Archival,A7M,,,,NA
10/29/24,Archival,T2M,,,,NA
10/29/24,Archival,A2M,,,,NA
10/30/24,Archival,A7M,,,,1.041207314
10/30/24,Archival,T2M,,,,1.037846281
10/30/24,Archival,A2M,,,,NA
10/31/24,Archival,A7M,,,,1.022609088
10/31/24,Archival,T2M,,,,0.800089961
10/31/24,Archival,A2M,,,,2.348013622
11/1/24,Archival,A7M,,,,0.919748425
11/1/24,Archival,T2M,,,,NA
11/1/24,Archival,A2M,,,,0.919748425
11/2/24,Archival,A7M,,,,NA
11/2/24,Archival,T2M,,,,NA
11/2/24,Archival,A2M,,,,NA
11/3/24,Archival,A7M,,,,0.905181825
11/3/24,Archival,T2M,,,,0.653464611
11/3/24,Archival,A2M,,,,1.915653002
11/4/24,Archival,A7M,,,,1.058385755
11/4/24,Archival,T2M,,,,0.832044207
11/4/24,Archival,A2M,,,,1.604215741
11/5/24,Archival,A7M,,,,0.948547253
11/5/24,Archival,T2M,,,,0.787599394
11/5/24,Archival,A2M,,,,1.820983046
11/6/24,Archival,A7M,,,,1.034998575
11/6/24,Archival,T2M,,,,0.842802069
11/6/24,Archival,A2M,,,,2.30231365
11/7/24,Archival,A7M,,,,NA
11/7/24,Archival,T2M,,,,NA
11/7/24,Archival,A2M,,,,NA
11/8/24,Archival,A7M,,,,1.115138868
11/8/24,Archival,T2M,,,,NA
11/8/24,Archival,A2M,,,,1.465787387
11/9/24,Archival,A7M,,,,0.894169116
11/9/24,Archival,T2M,,,,0.844177884
11/9/24,Archival,A2M,,,,1.549237981
11/10/24,Archival,A7M,,,,NA
11/10/24,Archival,T2M,,,,NA
11/10/24,Archival,A2M,,,,NA
11/11/24,Archival,A7M,,,,NA
11/11/24,Archival,T2M,,,,NA
11/11/24,Archival,A2M,,,,NA
11/12/24,Archival,A7M,,,,1.031232312
11/12/24,Archival,T2M,,,,1.051163039
11/12/24,Archival,A2M,,,,1.890164733
11/13/24,Archival,A7M,,,,NA
11/13/24,Archival,T2M,,,,NA
11/13/24,Archival,A2M,,,,NA
11/14/24,Archival,A7M,,,,NA
11/14/24,Archival,T2M,,,,NA
11/14/24,Archival,A2M,,,,NA
11/15/24,Archival,A7M,,,,NA
11/15/24,Archival,T2M,,,,NA
11/15/24,Archival,A2M,,,,0.99894011
11/16/24,Archival,A7M,,,,1.040870647
11/16/24,Archival,T2M,,,,1.000351965
11/16/24,Archival,A2M,,,,1.842490119
11/17/24,Archival,A7M,,,,1.019151983
11/17/24,Archival,T2M,,,,0.909071389
11/17/24,Archival,A2M,,,,1.667761534
11/18/24,Archival,A7M,,,,1.287893808
11/18/24,Archival,T2M,,,,1.006205365
11/18/24,Archival,A2M,,,,1.962427646
11/19/24,Archival,A7M,,,,1.033330441
11/19/24,Archival,T2M,,,,0.692835705
11/19/24,Archival,A2M,,,,2.026713173
11/20/24,Archival,A7M,,,,NA
11/20/24,Archival,T2M,,,,NA
11/20/24,Archival,A2M,,,,NA
11/21/24,Archival,A7M,,,,NA
11/21/24,Archival,T2M,,,,NA
11/21/24,Archival,A2M,,,,NA
11/22/24,Archival,A7M,,,,1.182227594
11/22/24,Archival,T2M,,,,1.018628704
11/22/24,Archival,A2M,,,,1.906529057
11/23/24,Archival,A7M,,,,1.120803416
11/23/24,Archival,T2M,,,,0.894508207
11/23/24,Archival,A2M,,,,2.052710587
11/24/24,Archival,A7M,,,,0.955577294
11/24/24,Archival,T2M,,,,0.928184955
11/24/24,Archival,A2M,,,,2.485712794
11/25/24,Archival,A7M,,,,1.538820666
11/25/24,Archival,T2M,,,,1.221793568
11/25/24,Archival,A2M,,,,2.122349018
11/26/24,Archival,A7M,,,,NA
11/26/24,Archival,T2M,,,,NA
11/26/24,Archival,A2M,,,,NA
11/27/24,Archival,A7M,,,,NA
11/27/24,Archival,T2M,,,,NA
11/27/24,Archival,A2M,,,,0.908948123
11/28/24,Archival,A7M,,,,NA
11/28/24,Archival,T2M,,,,NA
11/28/24,Archival,A2M,,,,NA
11/29/24,Archival,A7M,,,,1.092288694
11/29/24,Archival,T2M,,,,0.925182161
11/29/24,Archival,A2M,,,,1.73098965
11/30/24,Archival,A7M,,,,0.892275791
11/30/24,Archival,T2M,,,,0.696240442
11/30/24,Archival,A2M,,,,1.511042348
12/1/24,Archival,A7M,,,,NA
12/1/24,Archival,T2M,,,,NA
12/1/24,Archival,A2M,,,,NA
12/2/24,Archival,A7M,,,,1.150028378
12/2/24,Archival,T2M,,,,NA
12/2/24,Archival,A2M,,,,1.859741555
12/3/24,Archival,A7M,,,,1.236260931
12/3/24,Archival,T2M,,,,NA
12/3/24,Archival,A2M,,,,1.668599775
12/4/24,Archival,A7M,,,,0.659367055
12/4/24,Archival,T2M,,,,0.68160671
12/4/24,Archival,A2M,,,,1.063723317
12/5/24,Archival,A7M,,,,NA
12/5/24,Archival,T2M,,,,NA
12/5/24,Archival,A2M,,,,NA
12/6/24,Archival,A7M,,,,NA
12/6/24,Archival,T2M,,,,NA
12/6/24,Archival,A2M,,,,2.914608426
12/7/24,Archival,A7M,,,,1.586895937
12/7/24,Archival,T2M,,,,1.333823359
12/7/24,Archival,A2M,,,,2.601401812
12/8/24,Archival,A7M,,,,1.378192527
12/8/24,Archival,T2M,,,,1.006746519
12/8/24,Archival,A2M,,,,NA
12/9/24,Archival,A7M,,,,NA
12/9/24,Archival,T2M,,,,NA
12/9/24,Archival,A2M,,,,NA
12/10/24,Archival,A7M,,,,1.569652763
12/10/24,Archival,T2M,,,,1.232109048
12/10/24,Archival,A2M,,,,2.736226699
12/11/24,Archival,A7M,,,,NA
12/11/24,Archival,T2M,,,,NA
12/11/24,Archival,A2M,,,,NA
12/12/24,Archival,A7M,,,,1.665172136
12/12/24,Archival,T2M,,,,1.293096933
12/12/24,Archival,A2M,,,,2.960628039
12/13/24,Archival,A7M,,,,1.751565456
12/13/24,Archival,T2M,,,,1.368362623
12/13/24,Archival,A2M,,,,2.739108205
12/14/24,Archival,A7M,,,,NA
12/14/24,Archival,T2M,,,,NA
12/14/24,Archival,A2M,,,,NA
12/15/24,Archival,A7M,,,,NA
12/15/24,Archival,T2M,,,,NA
12/15/24,Archival,A2M,,,,NA
12/16/24,Archival,A7M,,,,NA
12/16/24,Archival,T2M,,,,NA
12/16/24,Archival,A2M,,,,NA
12/17/24,Archival,A7M,,,,NA
12/17/24,Archival,T2M,,,,NA
12/17/24,Archival,A2M,,,,NA
12/18/24,Archival,A7M,,,,NA
12/18/24,Archival,T2M,,,,NA
12/18/24,Archival,A2M,,,,NA
12/19/24,Archival,A7M,,,,NA
12/19/24,Archival,T2M,,,,NA
12/19/24,Archival,A2M,,,,NA
12/20/24,Archival,A7M,,,,NA
12/20/24,Archival,T2M,,,,NA
12/20/24,Archival,A2M,,,,NA
12/21/24,Archival,A7M,,,,2.120882273
12/21/24,Archival,T2M,,,,NA
12/21/24,Archival,A2M,,,,3.834165248
12/22/24,Archival,A7M,,,,NA
12/22/24,Archival,T2M,,,,NA
12/22/24,Archival,A2M,,,,NA
12/23/24,Archival,A7M,,,,NA
12/23/24,Archival,T2M,,,,NA
12/23/24,Archival,A2M,,,,NA
12/24/24,Archival,A7M,,,,2.254816318
12/24/24,Archival,T2M,,,,1.981541038
12/24/24,Archival,A2M,,,,3.250718072
12/25/24,Archival,A7M,,,,1.735986009
12/25/24,Archival,T2M,,,,1.552875131
12/25/24,Archival,A2M,,,,2.520071101
12/26/24,Archival,A7M,,,,NA
12/26/24,Archival,T2M,,,,NA
12/26/24,Archival,A2M,,,,NA
12/27/24,Archival,A7M,,,,NA
12/27/24,Archival,T2M,,,,NA
12/27/24,Archival,A2M,,,,NA
12/28/24,Archival,A7M,,,,NA
12/28/24,Archival,T2M,,,,NA
12/28/24,Archival,A2M,,,,NA
12/29/24,Archival,A7M,,,,2.182709402
12/29/24,Archival,T2M,,,,2.280931038
12/29/24,Archival,A2M,,,,2.393575263
12/30/24,Archival,A7M,,,,2.044243336
12/30/24,Archival,T2M,,,,2.235964477
12/30/24,Archival,A2M,,,,2.614006686
12/31/24,Archival,A7M,,,,1.245601323
12/31/24,Archival,T2M,,,,1.183765075
12/31/24,Archival,A2M,,,,1.664086664
5/27/21,Real-time,MDOC,,,,1.44031621
6/4/21,Real-time,MDOC,,,,NA
6/12/21,Real-time,MDOC,,,,NA
6/20/21,Real-time,MDOC,,,,1.821262201
6/28/21,Real-time,MDOC,,,,1.5393734
7/6/21,Real-time,MDOC,,,,NA
7/14/21,Real-time,MDOC,,,,1.16592742
7/22/21,Real-time,MDOC,,,,NA
7/30/21,Real-time,MDOC,,,,0.596563246
8/7/21,Real-time,MDOC,,,,NA
8/15/21,Real-time,MDOC,,,,0.34674634
8/23/21,Real-time,MDOC,,,,1.788156512
8/31/21,Real-time,MDOC,,,,NA
9/8/21,Real-time,MDOC,,,,NA
9/16/21,Real-time,MDOC,,,,NA
9/24/21,Real-time,MDOC,,,,0.923265615
10/2/21,Real-time,MDOC,,,,0.957390308
10/10/21,Real-time,MDOC,,,,NA
10/18/21,Real-time,MDOC,,,,0.45532614
10/26/21,Real-time,MDOC,,,,0.281695447
11/3/21,Real-time,MDOC,,,,0.856056727
11/11/21,Real-time,MDOC,,,,NA
11/19/21,Real-time,MDOC,,,,0.64260751
11/27/21,Real-time,MDOC,,,,0.674395725
12/5/21,Real-time,MDOC,,,,0.942195231
12/13/21,Real-time,MDOC,,,,1.486633816
12/21/21,Real-time,MDOC,,,,NA
12/29/21,Real-time,MDOC,,,,NA
1/6/22,Real-time,MDOC,,,,1.962097716
1/14/22,Real-time,MDOC,,,,1.932070014
1/22/22,Real-time,MDOC,,,,NA
1/30/22,Real-time,MDOC,,,,2.022260615
2/7/22,Real-time,MDOC,,,,NA
2/15/22,Real-time,MDOC,,,,1.527584033
2/23/22,Real-time,MDOC,,,,NA
3/3/22,Real-time,MDOC,,,,0.93672885
3/11/22,Real-time,MDOC,,,,0.68604264
3/19/22,Real-time,MDOC,,,,2.23780422
3/27/22,Real-time,MDOC,,,,NA
4/4/22,Real-time,MDOC,,,,NA
4/12/22,Real-time,MDOC,,,,0.439585596
4/20/22,Real-time,MDOC,,,,2.934477053
4/28/22,Real-time,MDOC,,,,2.672123561
5/6/22,Real-time,MDOC,,,,NA
5/14/22,Real-time,MDOC,,,,NA
5/22/22,Real-time,MDOC,,,,2.980344515
5/30/22,Real-time,MDOC,,,,1.769749136
6/7/22,Real-time,MDOC,,,,NA
6/15/22,Real-time,MDOC,,,,1.897109204
7/16/22,Real-time,MDOC,,,,0.390336205
7/24/22,Real-time,MDOC,,,,NA
8/1/22,Real-time,MDOC,,,,0.54584488
8/9/22,Real-time,MDOC,,,,0.863268784
8/17/22,Real-time,MDOC,,,,0.435146567
8/25/22,Real-time,MDOC,,,,0.476302078
9/2/22,Real-time,MDOC,,,,0.808030392
9/10/22,Real-time,MDOC,,,,0.678414032
9/18/22,Real-time,MDOC,,,,0.491372664
9/26/22,Real-time,MDOC,,,,0.949187404
10/4/22,Real-time,MDOC,,,,NA
10/12/22,Real-time,MDOC,,,,0.763252985
10/20/22,Real-time,MDOC,,,,1.281920922
10/28/22,Real-time,MDOC,,,,1.883004224
11/5/22,Real-time,MDOC,,,,0.771482733
11/13/22,Real-time,MDOC,,,,1.359913501
11/21/22,Real-time,MDOC,,,,0.937832052
11/29/22,Real-time,MDOC,,,,0.951719234
12/7/22,Real-time,MDOC,,,,NA
12/15/22,Real-time,MDOC,,,,NA
12/23/22,Real-time,MDOC,,,,NA
12/31/22,Real-time,MDOC,,,,NA
1/8/23,Real-time,MDOC,,,,NA
1/16/23,Real-time,MDOC,,,,1.916877311
1/24/23,Real-time,MDOC,,,,1.453724188
2/1/23,Real-time,MDOC,,,,NA
2/9/23,Real-time,MDOC,,,,1.174042291
2/15/23,Real-time,MDOC,,,,NA
2/23/23,Real-time,MDOC,,,,NA
3/3/23,Real-time,MDOC,,,,NA
3/11/23,Real-time,MDOC,,,,NA
3/19/23,Real-time,MDOC,,,,0.981189945
3/27/23,Real-time,MDOC,,,,NA
4/4/23,Real-time,MDOC,,,,1.255602241
4/12/23,Real-time,MDOC,,,,NA
4/20/23,Real-time,MDOC,,,,1.173892113
4/28/23,Real-time,MDOC,,,,NA
5/6/23,Real-time,MDOC,,,,1.019214568
5/14/23,Real-time,MDOC,,,,1.127857431
5/22/23,Real-time,MDOC,,,,0.961523876
5/30/23,Real-time,MDOC,,,,1.733867168
6/7/23,Real-time,MDOC,,,,NA
6/15/23,Real-time,MDOC,,,,0.919796473
6/23/23,Real-time,MDOC,,,,0.957686165
7/1/23,Real-time,MDOC,,,,NA
7/9/23,Real-time,MDOC,,,,NA
7/17/23,Real-time,MDOC,,,,1.666307181
7/25/23,Real-time,MDOC,,,,1.952987647
8/2/23,Real-time,MDOC,,,,NA
8/10/23,Real-time,MDOC,,,,NA
8/18/23,Real-time,MDOC,,,,2.37005794
8/26/23,Real-time,MDOC,,,,NA
9/3/23,Real-time,MDOC,,,,0.712398431
9/11/23,Real-time,MDOC,,,,0.733694042
9/19/23,Real-time,MDOC,,,,0.808680892
9/26/23,Real-time,MDOC,,,,NA
10/4/23,Real-time,MDOC,,,,1.235722691
10/12/23,Real-time,MDOC,,,,0.751234081
10/20/23,Real-time,MDOC,,,,1.262507319
10/27/23,Real-time,MDOC,,,,1.728859772
11/4/23,Real-time,MDOC,,,,0.842003837
11/12/23,Real-time,MDOC,,,,NA
11/20/23,Real-time,MDOC,,,,1.80129266
11/28/23,Real-time,MDOC,,,,0.542308589
12/6/23,Real-time,MDOC,,,,0.064464279
12/14/23,Real-time,MDOC,,,,1.291418113
12/22/23,Real-time,MDOC,,,,2.196520081
12/30/23,Real-time,MDOC,,,,1.915358696
1/7/24,Real-time,MDOC,,,,1.152630296
1/15/24,Real-time,MDOC,,,,NA
1/23/24,Real-time,MDOC,,,,NA
1/31/24,Real-time,MDOC,,,,1.377723619
2/8/24,Real-time,MDOC,,,,2.59638289
2/16/24,Real-time,MDOC,,,,NA
2/24/24,Real-time,MDOC,,,,NA
3/3/24,Real-time,MDOC,,,,1.661477633
3/11/24,Real-time,MDOC,,,,3.822566566
3/21/24,Real-time,MDOC,,,,1.792034764
3/29/24,Real-time,MDOC,,,,1.952704388
4/6/24,Real-time,MDOC,,,,NA
4/14/24,Real-time,MDOC,,,,2.532577801
4/22/24,Real-time,MDOC,,,,1.365274191
4/30/24,Real-time,MDOC,,,,1.80738079
5/8/24,Real-time,MDOC,,,,2.699533542
5/16/24,Real-time,MDOC,,,,NA
5/24/24,Real-time,MDOC,,,,NA
6/1/24,Real-time,MDOC,,,,1.711220944
6/9/24,Real-time,MDOC,,,,NA
6/17/24,Real-time,MDOC,,,,1.635310507
6/26/24,Real-time,MDOC,,,,1.625964403
7/5/24,Real-time,MDOC,,,,NA
7/19/24,Real-time,MDOC,,,,0.935090911
7/27/24,Real-time,MDOC,,,,0.492457999
8/4/24,Real-time,MDOC,,,,NA
8/12/24,Real-time,MDOC,,,,NA
8/21/24,Real-time,MDOC,,,,1.013983265
8/29/24,Real-time,MDOC,,,,NA
9/6/24,Real-time,MDOC,,,,NA
9/14/24,Real-time,MDOC,,,,1.078028867
9/22/24,Real-time,MDOC,,,,NA
9/30/24,Real-time,MDOC,,,,NA
10/8/24,Real-time,MDOC,,,,1.064501834
10/16/24,Real-time,MDOC,,,,2.166863065
10/24/24,Real-time,MDOC,,,,1.114021404
11/3/24,Real-time,MDOC,,,,2.517302687
11/11/24,Real-time,MDOC,,,,NA
11/19/24,Real-time,MDOC,,,,NA
11/27/24,Real-time,MDOC,,,,NA
12/5/24,Real-time,MDOC,,,,2.953674841
12/13/24,Real-time,MDOC,,,,NA
12/25/24,Real-time,MDOC,,,,NA